<?xml version="1.0" encoding="UTF-8"?>
<gpx version="1.1" creator="Trace de Trail" schemaLocation="http://www.topografix.com/GPX/1/1 http://www.topografix.com/GPX/1/1/gpx.xsd" xmlns="http://www.topografix.com/GPX/1/1" xmlns:xsi="http://www.w3.org/2001/XMLSchema-instance" xsi:schemaLocation="http://www.topografix.com/GPX/1/1 http://www.topografix.com/GPX/1/1/gpx.xsd http://www.garmin.com/xmlschemas/GpxExtensions/v3 http://www.garmin.com/xmlschemas/GpxExtensionsv3.xsd http://www.garmin.com/xmlschemas/TrackPointExtension/v1 http://www.garmin.com/xmlschemas/TrackPointExtensionv1.xsd http://www.garmin.com/xmlschemas/PowerExtension/v1 http://www.garmin.com/xmlschemas/PowerExtensionv1.xsd http://www.topografix.com/GPX/gpx_style/0/2 http://www.topografix.com/GPX/gpx_style/0/2/gpx_style.xsd" xmlns:gpxtpx="http://www.garmin.com/xmlschemas/TrackPointExtension/v1" xmlns:gpxx="http://www.garmin.com/xmlschemas/GpxExtensions/v3" xmlns:gpxpx="http://www.garmin.com/xmlschemas/PowerExtension/v1" xmlns:gpx_style="http://www.topografix.com/GPX/gpx_style/0/2">
  <metadata>
    <name>2025 UTNP 2PEAKS</name>
    <desc>Parcours créé sur Trace de Trail</desc>
    <author>
      <name>gpx.studio</name>
      <link href="https://gpx.studio"/>
    </author>
    <link href="https://tracedetrail.fr/en/trace/285606">
      <text>Cartographie du parcours</text>
    </link>
    <time>2025-10-10T05:17:25.000Z</time>
  </metadata>
  <wpt lat="35.55647" lon="129.06735">
    <ele>229</ele>
    <type>depart</type>
  </wpt>
  <wpt lat="35.52152" lon="129.01733">
    <ele>316</ele>
    <name>T1</name>
    <type>controle</type>
  </wpt>
  <wpt lat="35.55647" lon="129.06735">
    <ele>229</ele>
    <type>arrivee</type>
  </wpt>
  <trk>
    <name>2025 UTNP 2PEAKS</name>
    <src>Trace de Trail</src>
    <trkseg>
      <trkpt lat="35.55647" lon="129.06735">
        <ele>229</ele>
        <time>2025-10-10T05:17:25.000Z</time>
      </trkpt>
      <trkpt lat="35.55652" lon="129.06724">
        <ele>229</ele>
        <time>2025-10-10T05:17:28.000Z</time>
      </trkpt>
      <trkpt lat="35.55664" lon="129.06679">
        <ele>227</ele>
        <time>2025-10-10T05:17:31.000Z</time>
      </trkpt>
      <trkpt lat="35.55665" lon="129.06655">
        <ele>226</ele>
        <time>2025-10-10T05:17:34.000Z</time>
      </trkpt>
      <trkpt lat="35.55661" lon="129.06654">
        <ele>229</ele>
        <time>2025-10-10T05:17:37.000Z</time>
      </trkpt>
      <trkpt lat="35.55658" lon="129.06639">
        <ele>229</ele>
        <time>2025-10-10T05:17:40.000Z</time>
      </trkpt>
      <trkpt lat="35.55654" lon="129.06628">
        <ele>232</ele>
        <time>2025-10-10T05:17:43.000Z</time>
      </trkpt>
      <trkpt lat="35.55654" lon="129.06625">
        <ele>232</ele>
        <time>2025-10-10T05:17:46.000Z</time>
      </trkpt>
      <trkpt lat="35.55654" lon="129.06628">
        <ele>232</ele>
        <time>2025-10-10T05:17:49.000Z</time>
      </trkpt>
      <trkpt lat="35.55643" lon="129.0661">
        <ele>232</ele>
        <time>2025-10-10T05:17:52.000Z</time>
      </trkpt>
      <trkpt lat="35.55629" lon="129.06592">
        <ele>238</ele>
        <time>2025-10-10T05:17:55.000Z</time>
      </trkpt>
      <trkpt lat="35.55627" lon="129.06586">
        <ele>238</ele>
        <time>2025-10-10T05:17:58.000Z</time>
      </trkpt>
      <trkpt lat="35.55619" lon="129.06572">
        <ele>238</ele>
        <time>2025-10-10T05:18:01.000Z</time>
      </trkpt>
      <trkpt lat="35.55613" lon="129.06565">
        <ele>238</ele>
        <time>2025-10-10T05:18:04.000Z</time>
      </trkpt>
      <trkpt lat="35.55612" lon="129.06563">
        <ele>241</ele>
        <time>2025-10-10T05:18:07.000Z</time>
      </trkpt>
      <trkpt lat="35.55606" lon="129.06566">
        <ele>241</ele>
        <time>2025-10-10T05:18:10.000Z</time>
      </trkpt>
      <trkpt lat="35.55591" lon="129.0656">
        <ele>238</ele>
        <time>2025-10-10T05:18:13.000Z</time>
      </trkpt>
      <trkpt lat="35.55582" lon="129.06551">
        <ele>238</ele>
        <time>2025-10-10T05:18:16.000Z</time>
      </trkpt>
      <trkpt lat="35.55578" lon="129.06549">
        <ele>241</ele>
        <time>2025-10-10T05:18:19.000Z</time>
      </trkpt>
      <trkpt lat="35.55571" lon="129.06539">
        <ele>241</ele>
        <time>2025-10-10T05:18:22.000Z</time>
      </trkpt>
      <trkpt lat="35.55553" lon="129.06526">
        <ele>250</ele>
        <time>2025-10-10T05:18:25.000Z</time>
      </trkpt>
      <trkpt lat="35.55547" lon="129.06524">
        <ele>259</ele>
        <time>2025-10-10T05:18:28.000Z</time>
      </trkpt>
      <trkpt lat="35.55534" lon="129.06514">
        <ele>263</ele>
        <time>2025-10-10T05:18:31.000Z</time>
      </trkpt>
      <trkpt lat="35.55529" lon="129.0651">
        <ele>263</ele>
        <time>2025-10-10T05:18:34.000Z</time>
      </trkpt>
      <trkpt lat="35.55523" lon="129.06503">
        <ele>263</ele>
        <time>2025-10-10T05:18:37.000Z</time>
      </trkpt>
      <trkpt lat="35.55511" lon="129.06491">
        <ele>266</ele>
        <time>2025-10-10T05:18:40.000Z</time>
      </trkpt>
      <trkpt lat="35.55507" lon="129.06486">
        <ele>269</ele>
        <time>2025-10-10T05:18:43.000Z</time>
      </trkpt>
      <trkpt lat="35.55505" lon="129.06481">
        <ele>269</ele>
        <time>2025-10-10T05:18:46.000Z</time>
      </trkpt>
      <trkpt lat="35.55502" lon="129.06466">
        <ele>269</ele>
        <time>2025-10-10T05:18:49.000Z</time>
      </trkpt>
      <trkpt lat="35.55503" lon="129.06462">
        <ele>269</ele>
        <time>2025-10-10T05:18:52.000Z</time>
      </trkpt>
      <trkpt lat="35.55502" lon="129.06456">
        <ele>270</ele>
        <time>2025-10-10T05:18:55.000Z</time>
      </trkpt>
      <trkpt lat="35.555" lon="129.0645">
        <ele>270</ele>
        <time>2025-10-10T05:18:58.000Z</time>
      </trkpt>
      <trkpt lat="35.555" lon="129.06446">
        <ele>270</ele>
        <time>2025-10-10T05:19:01.000Z</time>
      </trkpt>
      <trkpt lat="35.55497" lon="129.06439">
        <ele>272</ele>
        <time>2025-10-10T05:19:04.000Z</time>
      </trkpt>
      <trkpt lat="35.55496" lon="129.06433">
        <ele>272</ele>
        <time>2025-10-10T05:19:07.000Z</time>
      </trkpt>
      <trkpt lat="35.55493" lon="129.0643">
        <ele>272</ele>
        <time>2025-10-10T05:19:10.000Z</time>
      </trkpt>
      <trkpt lat="35.55485" lon="129.06425">
        <ele>272</ele>
        <time>2025-10-10T05:19:13.000Z</time>
      </trkpt>
      <trkpt lat="35.55483" lon="129.06422">
        <ele>278</ele>
        <time>2025-10-10T05:19:16.000Z</time>
      </trkpt>
      <trkpt lat="35.55479" lon="129.06421">
        <ele>278</ele>
        <time>2025-10-10T05:19:19.000Z</time>
      </trkpt>
      <trkpt lat="35.55476" lon="129.06417">
        <ele>278</ele>
        <time>2025-10-10T05:19:22.000Z</time>
      </trkpt>
      <trkpt lat="35.55472" lon="129.06415">
        <ele>278</ele>
        <time>2025-10-10T05:19:25.000Z</time>
      </trkpt>
      <trkpt lat="35.55466" lon="129.06409">
        <ele>274</ele>
        <time>2025-10-10T05:19:28.000Z</time>
      </trkpt>
      <trkpt lat="35.55453" lon="129.06402">
        <ele>287</ele>
        <time>2025-10-10T05:19:31.000Z</time>
      </trkpt>
      <trkpt lat="35.5545" lon="129.06397">
        <ele>287</ele>
        <time>2025-10-10T05:19:34.000Z</time>
      </trkpt>
      <trkpt lat="35.55437" lon="129.06385">
        <ele>301</ele>
        <time>2025-10-10T05:19:37.000Z</time>
      </trkpt>
      <trkpt lat="35.55428" lon="129.06381">
        <ele>301</ele>
        <time>2025-10-10T05:19:40.000Z</time>
      </trkpt>
      <trkpt lat="35.5542" lon="129.06375">
        <ele>303</ele>
        <time>2025-10-10T05:19:43.000Z</time>
      </trkpt>
      <trkpt lat="35.55406" lon="129.06373">
        <ele>313</ele>
        <time>2025-10-10T05:19:46.000Z</time>
      </trkpt>
      <trkpt lat="35.554" lon="129.06369">
        <ele>313</ele>
        <time>2025-10-10T05:19:49.000Z</time>
      </trkpt>
      <trkpt lat="35.55395" lon="129.0636">
        <ele>313</ele>
        <time>2025-10-10T05:19:52.000Z</time>
      </trkpt>
      <trkpt lat="35.55405" lon="129.06342">
        <ele>313</ele>
        <time>2025-10-10T05:19:55.000Z</time>
      </trkpt>
      <trkpt lat="35.55403" lon="129.06337">
        <ele>313</ele>
        <time>2025-10-10T05:19:58.000Z</time>
      </trkpt>
      <trkpt lat="35.55403" lon="129.0633">
        <ele>313</ele>
        <time>2025-10-10T05:20:01.000Z</time>
      </trkpt>
      <trkpt lat="35.55398" lon="129.06321">
        <ele>313</ele>
        <time>2025-10-10T05:20:04.000Z</time>
      </trkpt>
      <trkpt lat="35.55397" lon="129.06317">
        <ele>308</ele>
        <time>2025-10-10T05:20:07.000Z</time>
      </trkpt>
      <trkpt lat="35.55387" lon="129.06296">
        <ele>303</ele>
        <time>2025-10-10T05:20:10.000Z</time>
      </trkpt>
      <trkpt lat="35.55382" lon="129.06289">
        <ele>312</ele>
        <time>2025-10-10T05:20:13.000Z</time>
      </trkpt>
      <trkpt lat="35.55369" lon="129.06284">
        <ele>317</ele>
        <time>2025-10-10T05:20:16.000Z</time>
      </trkpt>
      <trkpt lat="35.55358" lon="129.06277">
        <ele>317</ele>
        <time>2025-10-10T05:20:19.000Z</time>
      </trkpt>
      <trkpt lat="35.55341" lon="129.06264">
        <ele>324</ele>
        <time>2025-10-10T05:20:22.000Z</time>
      </trkpt>
      <trkpt lat="35.55337" lon="129.06249">
        <ele>324</ele>
        <time>2025-10-10T05:20:25.000Z</time>
      </trkpt>
      <trkpt lat="35.55326" lon="129.06227">
        <ele>324</ele>
        <time>2025-10-10T05:20:28.000Z</time>
      </trkpt>
      <trkpt lat="35.55324" lon="129.06224">
        <ele>324</ele>
        <time>2025-10-10T05:20:31.000Z</time>
      </trkpt>
      <trkpt lat="35.55319" lon="129.0622">
        <ele>332</ele>
        <time>2025-10-10T05:20:34.000Z</time>
      </trkpt>
      <trkpt lat="35.55316" lon="129.06208">
        <ele>333</ele>
        <time>2025-10-10T05:20:37.000Z</time>
      </trkpt>
      <trkpt lat="35.55317" lon="129.06199">
        <ele>333</ele>
        <time>2025-10-10T05:20:40.000Z</time>
      </trkpt>
      <trkpt lat="35.5532" lon="129.06192">
        <ele>331</ele>
        <time>2025-10-10T05:20:43.000Z</time>
      </trkpt>
      <trkpt lat="35.55327" lon="129.06183">
        <ele>335</ele>
        <time>2025-10-10T05:20:46.000Z</time>
      </trkpt>
      <trkpt lat="35.5533" lon="129.06181">
        <ele>335</ele>
        <time>2025-10-10T05:20:49.000Z</time>
      </trkpt>
      <trkpt lat="35.55333" lon="129.06172">
        <ele>332</ele>
        <time>2025-10-10T05:20:52.000Z</time>
      </trkpt>
      <trkpt lat="35.55337" lon="129.0617">
        <ele>335</ele>
        <time>2025-10-10T05:20:55.000Z</time>
      </trkpt>
      <trkpt lat="35.55342" lon="129.06163">
        <ele>335</ele>
        <time>2025-10-10T05:20:58.000Z</time>
      </trkpt>
      <trkpt lat="35.55345" lon="129.06153">
        <ele>332</ele>
        <time>2025-10-10T05:21:01.000Z</time>
      </trkpt>
      <trkpt lat="35.55343" lon="129.06142">
        <ele>332</ele>
        <time>2025-10-10T05:21:04.000Z</time>
      </trkpt>
      <trkpt lat="35.55338" lon="129.06139">
        <ele>332</ele>
        <time>2025-10-10T05:21:07.000Z</time>
      </trkpt>
      <trkpt lat="35.55332" lon="129.06129">
        <ele>338</ele>
        <time>2025-10-10T05:21:10.000Z</time>
      </trkpt>
      <trkpt lat="35.5533" lon="129.06122">
        <ele>338</ele>
        <time>2025-10-10T05:21:13.000Z</time>
      </trkpt>
      <trkpt lat="35.55326" lon="129.06112">
        <ele>338</ele>
        <time>2025-10-10T05:21:16.000Z</time>
      </trkpt>
      <trkpt lat="35.55326" lon="129.06106">
        <ele>338</ele>
        <time>2025-10-10T05:21:19.000Z</time>
      </trkpt>
      <trkpt lat="35.55318" lon="129.06096">
        <ele>346</ele>
        <time>2025-10-10T05:21:22.000Z</time>
      </trkpt>
      <trkpt lat="35.55315" lon="129.06089">
        <ele>346</ele>
        <time>2025-10-10T05:21:25.000Z</time>
      </trkpt>
      <trkpt lat="35.55314" lon="129.06084">
        <ele>346</ele>
        <time>2025-10-10T05:21:28.000Z</time>
      </trkpt>
      <trkpt lat="35.5531" lon="129.06081">
        <ele>346</ele>
        <time>2025-10-10T05:21:31.000Z</time>
      </trkpt>
      <trkpt lat="35.55307" lon="129.0607">
        <ele>346</ele>
        <time>2025-10-10T05:21:34.000Z</time>
      </trkpt>
      <trkpt lat="35.55303" lon="129.06068">
        <ele>347</ele>
        <time>2025-10-10T05:21:37.000Z</time>
      </trkpt>
      <trkpt lat="35.55302" lon="129.06063">
        <ele>347</ele>
        <time>2025-10-10T05:21:40.000Z</time>
      </trkpt>
      <trkpt lat="35.55295" lon="129.06049">
        <ele>353</ele>
        <time>2025-10-10T05:21:43.000Z</time>
      </trkpt>
      <trkpt lat="35.55289" lon="129.06043">
        <ele>353</ele>
        <time>2025-10-10T05:21:46.000Z</time>
      </trkpt>
      <trkpt lat="35.55289" lon="129.06036">
        <ele>353</ele>
        <time>2025-10-10T05:21:49.000Z</time>
      </trkpt>
      <trkpt lat="35.55283" lon="129.06027">
        <ele>353</ele>
        <time>2025-10-10T05:21:52.000Z</time>
      </trkpt>
      <trkpt lat="35.55281" lon="129.06019">
        <ele>356</ele>
        <time>2025-10-10T05:21:55.000Z</time>
      </trkpt>
      <trkpt lat="35.55281" lon="129.0601">
        <ele>356</ele>
        <time>2025-10-10T05:21:58.000Z</time>
      </trkpt>
      <trkpt lat="35.55277" lon="129.06">
        <ele>356</ele>
        <time>2025-10-10T05:22:01.000Z</time>
      </trkpt>
      <trkpt lat="35.55275" lon="129.05991">
        <ele>356</ele>
        <time>2025-10-10T05:22:04.000Z</time>
      </trkpt>
      <trkpt lat="35.55276" lon="129.05987">
        <ele>363</ele>
        <time>2025-10-10T05:22:07.000Z</time>
      </trkpt>
      <trkpt lat="35.55275" lon="129.0598">
        <ele>363</ele>
        <time>2025-10-10T05:22:10.000Z</time>
      </trkpt>
      <trkpt lat="35.55276" lon="129.05973">
        <ele>363</ele>
        <time>2025-10-10T05:22:13.000Z</time>
      </trkpt>
      <trkpt lat="35.55272" lon="129.05966">
        <ele>363</ele>
        <time>2025-10-10T05:22:16.000Z</time>
      </trkpt>
      <trkpt lat="35.55276" lon="129.05954">
        <ele>367</ele>
        <time>2025-10-10T05:22:19.000Z</time>
      </trkpt>
      <trkpt lat="35.55277" lon="129.05945">
        <ele>367</ele>
        <time>2025-10-10T05:22:22.000Z</time>
      </trkpt>
      <trkpt lat="35.55276" lon="129.0594">
        <ele>367</ele>
        <time>2025-10-10T05:22:25.000Z</time>
      </trkpt>
      <trkpt lat="35.55277" lon="129.05936">
        <ele>371</ele>
        <time>2025-10-10T05:22:28.000Z</time>
      </trkpt>
      <trkpt lat="35.55276" lon="129.0593">
        <ele>371</ele>
        <time>2025-10-10T05:22:31.000Z</time>
      </trkpt>
      <trkpt lat="35.55274" lon="129.05924">
        <ele>371</ele>
        <time>2025-10-10T05:22:34.000Z</time>
      </trkpt>
      <trkpt lat="35.55271" lon="129.05908">
        <ele>388</ele>
        <time>2025-10-10T05:22:37.000Z</time>
      </trkpt>
      <trkpt lat="35.55266" lon="129.05903">
        <ele>386</ele>
        <time>2025-10-10T05:22:40.000Z</time>
      </trkpt>
      <trkpt lat="35.55271" lon="129.05897">
        <ele>388</ele>
        <time>2025-10-10T05:22:43.000Z</time>
      </trkpt>
      <trkpt lat="35.55279" lon="129.05897">
        <ele>388</ele>
        <time>2025-10-10T05:22:46.000Z</time>
      </trkpt>
      <trkpt lat="35.55283" lon="129.05891">
        <ele>388</ele>
        <time>2025-10-10T05:22:49.000Z</time>
      </trkpt>
      <trkpt lat="35.55284" lon="129.05886">
        <ele>388</ele>
        <time>2025-10-10T05:22:52.000Z</time>
      </trkpt>
      <trkpt lat="35.55282" lon="129.05882">
        <ele>388</ele>
        <time>2025-10-10T05:22:55.000Z</time>
      </trkpt>
      <trkpt lat="35.55282" lon="129.05878">
        <ele>393</ele>
        <time>2025-10-10T05:22:58.000Z</time>
      </trkpt>
      <trkpt lat="35.55276" lon="129.05872">
        <ele>393</ele>
        <time>2025-10-10T05:23:01.000Z</time>
      </trkpt>
      <trkpt lat="35.55272" lon="129.05865">
        <ele>393</ele>
        <time>2025-10-10T05:23:04.000Z</time>
      </trkpt>
      <trkpt lat="35.55272" lon="129.05861">
        <ele>393</ele>
        <time>2025-10-10T05:23:07.000Z</time>
      </trkpt>
      <trkpt lat="35.55283" lon="129.05856">
        <ele>393</ele>
        <time>2025-10-10T05:23:10.000Z</time>
      </trkpt>
      <trkpt lat="35.55285" lon="129.05861">
        <ele>393</ele>
        <time>2025-10-10T05:23:13.000Z</time>
      </trkpt>
      <trkpt lat="35.55292" lon="129.05863">
        <ele>393</ele>
        <time>2025-10-10T05:23:16.000Z</time>
      </trkpt>
      <trkpt lat="35.55292" lon="129.05862">
        <ele>393</ele>
        <time>2025-10-10T05:23:19.000Z</time>
      </trkpt>
      <trkpt lat="35.5529" lon="129.05861">
        <ele>393</ele>
        <time>2025-10-10T05:23:22.000Z</time>
      </trkpt>
      <trkpt lat="35.5529" lon="129.0586">
        <ele>393</ele>
        <time>2025-10-10T05:23:25.000Z</time>
      </trkpt>
      <trkpt lat="35.55298" lon="129.05848">
        <ele>404</ele>
        <time>2025-10-10T05:23:28.000Z</time>
      </trkpt>
      <trkpt lat="35.55301" lon="129.05851">
        <ele>403</ele>
        <time>2025-10-10T05:23:31.000Z</time>
      </trkpt>
      <trkpt lat="35.55309" lon="129.05854">
        <ele>403</ele>
        <time>2025-10-10T05:23:34.000Z</time>
      </trkpt>
      <trkpt lat="35.55313" lon="129.05853">
        <ele>403</ele>
        <time>2025-10-10T05:23:37.000Z</time>
      </trkpt>
      <trkpt lat="35.55314" lon="129.05857">
        <ele>403</ele>
        <time>2025-10-10T05:23:40.000Z</time>
      </trkpt>
      <trkpt lat="35.55317" lon="129.05862">
        <ele>403</ele>
        <time>2025-10-10T05:23:43.000Z</time>
      </trkpt>
      <trkpt lat="35.55323" lon="129.0587">
        <ele>414</ele>
        <time>2025-10-10T05:23:46.000Z</time>
      </trkpt>
      <trkpt lat="35.55327" lon="129.05873">
        <ele>414</ele>
        <time>2025-10-10T05:23:49.000Z</time>
      </trkpt>
      <trkpt lat="35.55331" lon="129.05873">
        <ele>414</ele>
        <time>2025-10-10T05:23:52.000Z</time>
      </trkpt>
      <trkpt lat="35.55333" lon="129.05871">
        <ele>414</ele>
        <time>2025-10-10T05:23:55.000Z</time>
      </trkpt>
      <trkpt lat="35.55333" lon="129.05868">
        <ele>414</ele>
        <time>2025-10-10T05:23:58.000Z</time>
      </trkpt>
      <trkpt lat="35.55335" lon="129.05865">
        <ele>414</ele>
        <time>2025-10-10T05:24:01.000Z</time>
      </trkpt>
      <trkpt lat="35.55331" lon="129.05856">
        <ele>414</ele>
        <time>2025-10-10T05:24:04.000Z</time>
      </trkpt>
      <trkpt lat="35.55331" lon="129.05849">
        <ele>431</ele>
        <time>2025-10-10T05:24:07.000Z</time>
      </trkpt>
      <trkpt lat="35.5533" lon="129.05843">
        <ele>431</ele>
        <time>2025-10-10T05:24:10.000Z</time>
      </trkpt>
      <trkpt lat="35.55327" lon="129.05838">
        <ele>431</ele>
        <time>2025-10-10T05:24:13.000Z</time>
      </trkpt>
      <trkpt lat="35.55326" lon="129.05835">
        <ele>431</ele>
        <time>2025-10-10T05:24:16.000Z</time>
      </trkpt>
      <trkpt lat="35.55325" lon="129.05825">
        <ele>431</ele>
        <time>2025-10-10T05:24:19.000Z</time>
      </trkpt>
      <trkpt lat="35.55323" lon="129.05817">
        <ele>439</ele>
        <time>2025-10-10T05:24:22.000Z</time>
      </trkpt>
      <trkpt lat="35.55322" lon="129.05803">
        <ele>439</ele>
        <time>2025-10-10T05:24:25.000Z</time>
      </trkpt>
      <trkpt lat="35.55324" lon="129.05792">
        <ele>444</ele>
        <time>2025-10-10T05:24:28.000Z</time>
      </trkpt>
      <trkpt lat="35.55322" lon="129.05786">
        <ele>444</ele>
        <time>2025-10-10T05:24:31.000Z</time>
      </trkpt>
      <trkpt lat="35.55323" lon="129.05781">
        <ele>444</ele>
        <time>2025-10-10T05:24:34.000Z</time>
      </trkpt>
      <trkpt lat="35.55327" lon="129.05777">
        <ele>444</ele>
        <time>2025-10-10T05:24:37.000Z</time>
      </trkpt>
      <trkpt lat="35.55329" lon="129.05772">
        <ele>444</ele>
        <time>2025-10-10T05:24:40.000Z</time>
      </trkpt>
      <trkpt lat="35.55338" lon="129.05758">
        <ele>450</ele>
        <time>2025-10-10T05:24:43.000Z</time>
      </trkpt>
      <trkpt lat="35.55342" lon="129.05754">
        <ele>450</ele>
        <time>2025-10-10T05:24:46.000Z</time>
      </trkpt>
      <trkpt lat="35.55342" lon="129.05765">
        <ele>450</ele>
        <time>2025-10-10T05:24:49.000Z</time>
      </trkpt>
      <trkpt lat="35.55343" lon="129.05768">
        <ele>450</ele>
        <time>2025-10-10T05:24:52.000Z</time>
      </trkpt>
      <trkpt lat="35.55346" lon="129.05766">
        <ele>450</ele>
        <time>2025-10-10T05:24:55.000Z</time>
      </trkpt>
      <trkpt lat="35.5535" lon="129.05757">
        <ele>460</ele>
        <time>2025-10-10T05:24:58.000Z</time>
      </trkpt>
      <trkpt lat="35.55352" lon="129.05754">
        <ele>460</ele>
        <time>2025-10-10T05:25:01.000Z</time>
      </trkpt>
      <trkpt lat="35.55351" lon="129.05751">
        <ele>460</ele>
        <time>2025-10-10T05:25:04.000Z</time>
      </trkpt>
      <trkpt lat="35.55352" lon="129.05746">
        <ele>460</ele>
        <time>2025-10-10T05:25:07.000Z</time>
      </trkpt>
      <trkpt lat="35.55355" lon="129.05739">
        <ele>467</ele>
        <time>2025-10-10T05:25:10.000Z</time>
      </trkpt>
      <trkpt lat="35.55367" lon="129.05728">
        <ele>467</ele>
        <time>2025-10-10T05:25:13.000Z</time>
      </trkpt>
      <trkpt lat="35.5537" lon="129.05723">
        <ele>467</ele>
        <time>2025-10-10T05:25:16.000Z</time>
      </trkpt>
      <trkpt lat="35.55371" lon="129.05719">
        <ele>467</ele>
        <time>2025-10-10T05:25:19.000Z</time>
      </trkpt>
      <trkpt lat="35.55369" lon="129.0571">
        <ele>467</ele>
        <time>2025-10-10T05:25:22.000Z</time>
      </trkpt>
      <trkpt lat="35.55369" lon="129.05703">
        <ele>470</ele>
        <time>2025-10-10T05:25:25.000Z</time>
      </trkpt>
      <trkpt lat="35.55367" lon="129.05702">
        <ele>470</ele>
        <time>2025-10-10T05:25:28.000Z</time>
      </trkpt>
      <trkpt lat="35.5536" lon="129.05696">
        <ele>470</ele>
        <time>2025-10-10T05:25:31.000Z</time>
      </trkpt>
      <trkpt lat="35.55356" lon="129.05695">
        <ele>470</ele>
        <time>2025-10-10T05:25:34.000Z</time>
      </trkpt>
      <trkpt lat="35.55353" lon="129.05691">
        <ele>470</ele>
        <time>2025-10-10T05:25:37.000Z</time>
      </trkpt>
      <trkpt lat="35.55352" lon="129.05681">
        <ele>473</ele>
        <time>2025-10-10T05:25:40.000Z</time>
      </trkpt>
      <trkpt lat="35.55356" lon="129.05666">
        <ele>473</ele>
        <time>2025-10-10T05:25:43.000Z</time>
      </trkpt>
      <trkpt lat="35.55357" lon="129.05654">
        <ele>479</ele>
        <time>2025-10-10T05:25:46.000Z</time>
      </trkpt>
      <trkpt lat="35.5536" lon="129.05646">
        <ele>479</ele>
        <time>2025-10-10T05:25:49.000Z</time>
      </trkpt>
      <trkpt lat="35.55361" lon="129.0564">
        <ele>479</ele>
        <time>2025-10-10T05:25:52.000Z</time>
      </trkpt>
      <trkpt lat="35.5536" lon="129.0564">
        <ele>479</ele>
        <time>2025-10-10T05:25:55.000Z</time>
      </trkpt>
      <trkpt lat="35.55358" lon="129.05637">
        <ele>479</ele>
        <time>2025-10-10T05:25:58.000Z</time>
      </trkpt>
      <trkpt lat="35.55353" lon="129.05634">
        <ele>479</ele>
        <time>2025-10-10T05:26:01.000Z</time>
      </trkpt>
      <trkpt lat="35.55352" lon="129.05628">
        <ele>483</ele>
        <time>2025-10-10T05:26:04.000Z</time>
      </trkpt>
      <trkpt lat="35.55349" lon="129.05625">
        <ele>487</ele>
        <time>2025-10-10T05:26:07.000Z</time>
      </trkpt>
      <trkpt lat="35.55347" lon="129.05624">
        <ele>487</ele>
        <time>2025-10-10T05:26:10.000Z</time>
      </trkpt>
      <trkpt lat="35.55345" lon="129.05619">
        <ele>487</ele>
        <time>2025-10-10T05:26:13.000Z</time>
      </trkpt>
      <trkpt lat="35.55341" lon="129.056">
        <ele>487</ele>
        <time>2025-10-10T05:26:16.000Z</time>
      </trkpt>
      <trkpt lat="35.55336" lon="129.05594">
        <ele>501</ele>
        <time>2025-10-10T05:26:19.000Z</time>
      </trkpt>
      <trkpt lat="35.55333" lon="129.05588">
        <ele>501</ele>
        <time>2025-10-10T05:26:22.000Z</time>
      </trkpt>
      <trkpt lat="35.55334" lon="129.0558">
        <ele>501</ele>
        <time>2025-10-10T05:26:25.000Z</time>
      </trkpt>
      <trkpt lat="35.55333" lon="129.05576">
        <ele>501</ele>
        <time>2025-10-10T05:26:28.000Z</time>
      </trkpt>
      <trkpt lat="35.55328" lon="129.0557">
        <ele>501</ele>
        <time>2025-10-10T05:26:31.000Z</time>
      </trkpt>
      <trkpt lat="35.55327" lon="129.05565">
        <ele>513</ele>
        <time>2025-10-10T05:26:34.000Z</time>
      </trkpt>
      <trkpt lat="35.55323" lon="129.05559">
        <ele>513</ele>
        <time>2025-10-10T05:26:37.000Z</time>
      </trkpt>
      <trkpt lat="35.55322" lon="129.05554">
        <ele>513</ele>
        <time>2025-10-10T05:26:40.000Z</time>
      </trkpt>
      <trkpt lat="35.55319" lon="129.05547">
        <ele>521</ele>
        <time>2025-10-10T05:26:43.000Z</time>
      </trkpt>
      <trkpt lat="35.55318" lon="129.05541">
        <ele>521</ele>
        <time>2025-10-10T05:26:46.000Z</time>
      </trkpt>
      <trkpt lat="35.55316" lon="129.05538">
        <ele>521</ele>
        <time>2025-10-10T05:26:49.000Z</time>
      </trkpt>
      <trkpt lat="35.55315" lon="129.05535">
        <ele>521</ele>
        <time>2025-10-10T05:26:52.000Z</time>
      </trkpt>
      <trkpt lat="35.55312" lon="129.05534">
        <ele>521</ele>
        <time>2025-10-10T05:26:55.000Z</time>
      </trkpt>
      <trkpt lat="35.5531" lon="129.05529">
        <ele>521</ele>
        <time>2025-10-10T05:26:58.000Z</time>
      </trkpt>
      <trkpt lat="35.55307" lon="129.05524">
        <ele>521</ele>
        <time>2025-10-10T05:27:01.000Z</time>
      </trkpt>
      <trkpt lat="35.55305" lon="129.05515">
        <ele>527</ele>
        <time>2025-10-10T05:27:04.000Z</time>
      </trkpt>
      <trkpt lat="35.55296" lon="129.05511">
        <ele>520</ele>
        <time>2025-10-10T05:27:07.000Z</time>
      </trkpt>
      <trkpt lat="35.55292" lon="129.05507">
        <ele>525</ele>
        <time>2025-10-10T05:27:10.000Z</time>
      </trkpt>
      <trkpt lat="35.5529" lon="129.05502">
        <ele>520</ele>
        <time>2025-10-10T05:27:13.000Z</time>
      </trkpt>
      <trkpt lat="35.55283" lon="129.05495">
        <ele>520</ele>
        <time>2025-10-10T05:27:16.000Z</time>
      </trkpt>
      <trkpt lat="35.55274" lon="129.0548">
        <ele>526</ele>
        <time>2025-10-10T05:27:19.000Z</time>
      </trkpt>
      <trkpt lat="35.55272" lon="129.05475">
        <ele>529</ele>
        <time>2025-10-10T05:27:22.000Z</time>
      </trkpt>
      <trkpt lat="35.55268" lon="129.05474">
        <ele>527</ele>
        <time>2025-10-10T05:27:25.000Z</time>
      </trkpt>
      <trkpt lat="35.5526" lon="129.05466">
        <ele>527</ele>
        <time>2025-10-10T05:27:28.000Z</time>
      </trkpt>
      <trkpt lat="35.55257" lon="129.0546">
        <ele>527</ele>
        <time>2025-10-10T05:27:31.000Z</time>
      </trkpt>
      <trkpt lat="35.55254" lon="129.05456">
        <ele>538</ele>
        <time>2025-10-10T05:27:34.000Z</time>
      </trkpt>
      <trkpt lat="35.55252" lon="129.05451">
        <ele>538</ele>
        <time>2025-10-10T05:27:37.000Z</time>
      </trkpt>
      <trkpt lat="35.55247" lon="129.05448">
        <ele>538</ele>
        <time>2025-10-10T05:27:40.000Z</time>
      </trkpt>
      <trkpt lat="35.55243" lon="129.05443">
        <ele>538</ele>
        <time>2025-10-10T05:27:43.000Z</time>
      </trkpt>
      <trkpt lat="35.55241" lon="129.05439">
        <ele>538</ele>
        <time>2025-10-10T05:27:46.000Z</time>
      </trkpt>
      <trkpt lat="35.55239" lon="129.05431">
        <ele>549</ele>
        <time>2025-10-10T05:27:49.000Z</time>
      </trkpt>
      <trkpt lat="35.55234" lon="129.05423">
        <ele>549</ele>
        <time>2025-10-10T05:27:52.000Z</time>
      </trkpt>
      <trkpt lat="35.55228" lon="129.05419">
        <ele>549</ele>
        <time>2025-10-10T05:27:55.000Z</time>
      </trkpt>
      <trkpt lat="35.55218" lon="129.05415">
        <ele>549</ele>
        <time>2025-10-10T05:27:58.000Z</time>
      </trkpt>
      <trkpt lat="35.55215" lon="129.05412">
        <ele>549</ele>
        <time>2025-10-10T05:28:01.000Z</time>
      </trkpt>
      <trkpt lat="35.55213" lon="129.05405">
        <ele>566</ele>
        <time>2025-10-10T05:28:04.000Z</time>
      </trkpt>
      <trkpt lat="35.5521" lon="129.05399">
        <ele>555</ele>
        <time>2025-10-10T05:28:07.000Z</time>
      </trkpt>
      <trkpt lat="35.55205" lon="129.05395">
        <ele>555</ele>
        <time>2025-10-10T05:28:10.000Z</time>
      </trkpt>
      <trkpt lat="35.55203" lon="129.05388">
        <ele>548</ele>
        <time>2025-10-10T05:28:13.000Z</time>
      </trkpt>
      <trkpt lat="35.552" lon="129.05388">
        <ele>555</ele>
        <time>2025-10-10T05:28:16.000Z</time>
      </trkpt>
      <trkpt lat="35.55197" lon="129.05385">
        <ele>555</ele>
        <time>2025-10-10T05:28:19.000Z</time>
      </trkpt>
      <trkpt lat="35.55184" lon="129.05356">
        <ele>548</ele>
        <time>2025-10-10T05:28:22.000Z</time>
      </trkpt>
      <trkpt lat="35.55179" lon="129.05348">
        <ele>561</ele>
        <time>2025-10-10T05:28:25.000Z</time>
      </trkpt>
      <trkpt lat="35.55174" lon="129.05343">
        <ele>561</ele>
        <time>2025-10-10T05:28:28.000Z</time>
      </trkpt>
      <trkpt lat="35.55174" lon="129.05338">
        <ele>561</ele>
        <time>2025-10-10T05:28:31.000Z</time>
      </trkpt>
      <trkpt lat="35.55162" lon="129.05318">
        <ele>560</ele>
        <time>2025-10-10T05:28:34.000Z</time>
      </trkpt>
      <trkpt lat="35.55158" lon="129.05308">
        <ele>563</ele>
        <time>2025-10-10T05:28:37.000Z</time>
      </trkpt>
      <trkpt lat="35.55152" lon="129.05299">
        <ele>573</ele>
        <time>2025-10-10T05:28:40.000Z</time>
      </trkpt>
      <trkpt lat="35.55148" lon="129.05295">
        <ele>573</ele>
        <time>2025-10-10T05:28:43.000Z</time>
      </trkpt>
      <trkpt lat="35.55137" lon="129.05275">
        <ele>573</ele>
        <time>2025-10-10T05:28:46.000Z</time>
      </trkpt>
      <trkpt lat="35.55136" lon="129.0527">
        <ele>573</ele>
        <time>2025-10-10T05:28:49.000Z</time>
      </trkpt>
      <trkpt lat="35.55133" lon="129.05266">
        <ele>590</ele>
        <time>2025-10-10T05:28:52.000Z</time>
      </trkpt>
      <trkpt lat="35.55126" lon="129.0526">
        <ele>574</ele>
        <time>2025-10-10T05:28:55.000Z</time>
      </trkpt>
      <trkpt lat="35.55122" lon="129.05252">
        <ele>574</ele>
        <time>2025-10-10T05:28:58.000Z</time>
      </trkpt>
      <trkpt lat="35.55117" lon="129.05245">
        <ele>574</ele>
        <time>2025-10-10T05:29:01.000Z</time>
      </trkpt>
      <trkpt lat="35.55112" lon="129.05241">
        <ele>574</ele>
        <time>2025-10-10T05:29:04.000Z</time>
      </trkpt>
      <trkpt lat="35.55109" lon="129.05226">
        <ele>591</ele>
        <time>2025-10-10T05:29:07.000Z</time>
      </trkpt>
      <trkpt lat="35.55107" lon="129.05222">
        <ele>580</ele>
        <time>2025-10-10T05:29:10.000Z</time>
      </trkpt>
      <trkpt lat="35.55106" lon="129.05216">
        <ele>591</ele>
        <time>2025-10-10T05:29:13.000Z</time>
      </trkpt>
      <trkpt lat="35.55104" lon="129.05215">
        <ele>591</ele>
        <time>2025-10-10T05:29:16.000Z</time>
      </trkpt>
      <trkpt lat="35.55102" lon="129.05216">
        <ele>591</ele>
        <time>2025-10-10T05:29:19.000Z</time>
      </trkpt>
      <trkpt lat="35.55094" lon="129.05202">
        <ele>587</ele>
        <time>2025-10-10T05:29:22.000Z</time>
      </trkpt>
      <trkpt lat="35.5509" lon="129.05199">
        <ele>587</ele>
        <time>2025-10-10T05:29:25.000Z</time>
      </trkpt>
      <trkpt lat="35.55086" lon="129.05193">
        <ele>587</ele>
        <time>2025-10-10T05:29:28.000Z</time>
      </trkpt>
      <trkpt lat="35.55084" lon="129.05188">
        <ele>599</ele>
        <time>2025-10-10T05:29:31.000Z</time>
      </trkpt>
      <trkpt lat="35.55081" lon="129.05186">
        <ele>599</ele>
        <time>2025-10-10T05:29:34.000Z</time>
      </trkpt>
      <trkpt lat="35.55077" lon="129.05181">
        <ele>599</ele>
        <time>2025-10-10T05:29:37.000Z</time>
      </trkpt>
      <trkpt lat="35.55077" lon="129.05179">
        <ele>599</ele>
        <time>2025-10-10T05:29:40.000Z</time>
      </trkpt>
      <trkpt lat="35.55073" lon="129.05173">
        <ele>599</ele>
        <time>2025-10-10T05:29:43.000Z</time>
      </trkpt>
      <trkpt lat="35.5507" lon="129.05162">
        <ele>599</ele>
        <time>2025-10-10T05:29:46.000Z</time>
      </trkpt>
      <trkpt lat="35.55067" lon="129.05156">
        <ele>609</ele>
        <time>2025-10-10T05:29:49.000Z</time>
      </trkpt>
      <trkpt lat="35.55067" lon="129.05152">
        <ele>609</ele>
        <time>2025-10-10T05:29:52.000Z</time>
      </trkpt>
      <trkpt lat="35.55053" lon="129.05126">
        <ele>618</ele>
        <time>2025-10-10T05:29:55.000Z</time>
      </trkpt>
      <trkpt lat="35.55046" lon="129.05106">
        <ele>615</ele>
        <time>2025-10-10T05:29:58.000Z</time>
      </trkpt>
      <trkpt lat="35.55039" lon="129.05098">
        <ele>623</ele>
        <time>2025-10-10T05:30:01.000Z</time>
      </trkpt>
      <trkpt lat="35.55032" lon="129.05082">
        <ele>623</ele>
        <time>2025-10-10T05:30:04.000Z</time>
      </trkpt>
      <trkpt lat="35.55033" lon="129.05078">
        <ele>623</ele>
        <time>2025-10-10T05:30:07.000Z</time>
      </trkpt>
      <trkpt lat="35.55029" lon="129.05078">
        <ele>623</ele>
        <time>2025-10-10T05:30:10.000Z</time>
      </trkpt>
      <trkpt lat="35.55016" lon="129.05084">
        <ele>625</ele>
        <time>2025-10-10T05:30:13.000Z</time>
      </trkpt>
      <trkpt lat="35.55009" lon="129.0509">
        <ele>625</ele>
        <time>2025-10-10T05:30:16.000Z</time>
      </trkpt>
      <trkpt lat="35.55006" lon="129.05099">
        <ele>625</ele>
        <time>2025-10-10T05:30:19.000Z</time>
      </trkpt>
      <trkpt lat="35.54985" lon="129.0513">
        <ele>646</ele>
        <time>2025-10-10T05:30:22.000Z</time>
      </trkpt>
      <trkpt lat="35.54984" lon="129.05138">
        <ele>646</ele>
        <time>2025-10-10T05:30:25.000Z</time>
      </trkpt>
      <trkpt lat="35.54982" lon="129.05144">
        <ele>646</ele>
        <time>2025-10-10T05:30:28.000Z</time>
      </trkpt>
      <trkpt lat="35.54983" lon="129.05151">
        <ele>646</ele>
        <time>2025-10-10T05:30:31.000Z</time>
      </trkpt>
      <trkpt lat="35.54983" lon="129.05158">
        <ele>646</ele>
        <time>2025-10-10T05:30:34.000Z</time>
      </trkpt>
      <trkpt lat="35.54971" lon="129.05179">
        <ele>636</ele>
        <time>2025-10-10T05:30:37.000Z</time>
      </trkpt>
      <trkpt lat="35.54964" lon="129.05189">
        <ele>643</ele>
        <time>2025-10-10T05:30:40.000Z</time>
      </trkpt>
      <trkpt lat="35.5496" lon="129.05199">
        <ele>653</ele>
        <time>2025-10-10T05:30:43.000Z</time>
      </trkpt>
      <trkpt lat="35.54962" lon="129.05203">
        <ele>639</ele>
        <time>2025-10-10T05:30:46.000Z</time>
      </trkpt>
      <trkpt lat="35.5496" lon="129.05215">
        <ele>641</ele>
        <time>2025-10-10T05:30:49.000Z</time>
      </trkpt>
      <trkpt lat="35.54956" lon="129.05228">
        <ele>641</ele>
        <time>2025-10-10T05:30:52.000Z</time>
      </trkpt>
      <trkpt lat="35.54951" lon="129.05241">
        <ele>641</ele>
        <time>2025-10-10T05:30:55.000Z</time>
      </trkpt>
      <trkpt lat="35.54946" lon="129.05249">
        <ele>618</ele>
        <time>2025-10-10T05:30:58.000Z</time>
      </trkpt>
      <trkpt lat="35.54943" lon="129.0525">
        <ele>618</ele>
        <time>2025-10-10T05:31:01.000Z</time>
      </trkpt>
      <trkpt lat="35.54943" lon="129.05215">
        <ele>641</ele>
        <time>2025-10-10T05:31:04.000Z</time>
      </trkpt>
      <trkpt lat="35.54942" lon="129.05198">
        <ele>653</ele>
        <time>2025-10-10T05:31:07.000Z</time>
      </trkpt>
      <trkpt lat="35.54944" lon="129.05194">
        <ele>653</ele>
        <time>2025-10-10T05:31:10.000Z</time>
      </trkpt>
      <trkpt lat="35.54944" lon="129.05188">
        <ele>657</ele>
        <time>2025-10-10T05:31:13.000Z</time>
      </trkpt>
      <trkpt lat="35.54947" lon="129.05184">
        <ele>657</ele>
        <time>2025-10-10T05:31:16.000Z</time>
      </trkpt>
      <trkpt lat="35.54948" lon="129.05175">
        <ele>657</ele>
        <time>2025-10-10T05:31:19.000Z</time>
      </trkpt>
      <trkpt lat="35.54946" lon="129.05148">
        <ele>682</ele>
        <time>2025-10-10T05:31:22.000Z</time>
      </trkpt>
      <trkpt lat="35.54946" lon="129.05139">
        <ele>682</ele>
        <time>2025-10-10T05:31:25.000Z</time>
      </trkpt>
      <trkpt lat="35.54947" lon="129.05131">
        <ele>682</ele>
        <time>2025-10-10T05:31:28.000Z</time>
      </trkpt>
      <trkpt lat="35.5495" lon="129.05126">
        <ele>694</ele>
        <time>2025-10-10T05:31:31.000Z</time>
      </trkpt>
      <trkpt lat="35.54952" lon="129.05121">
        <ele>694</ele>
        <time>2025-10-10T05:31:34.000Z</time>
      </trkpt>
      <trkpt lat="35.54951" lon="129.05103">
        <ele>694</ele>
        <time>2025-10-10T05:31:37.000Z</time>
      </trkpt>
      <trkpt lat="35.54951" lon="129.05077">
        <ele>700</ele>
        <time>2025-10-10T05:31:40.000Z</time>
      </trkpt>
      <trkpt lat="35.54955" lon="129.05056">
        <ele>701</ele>
        <time>2025-10-10T05:31:43.000Z</time>
      </trkpt>
      <trkpt lat="35.54956" lon="129.0504">
        <ele>700</ele>
        <time>2025-10-10T05:31:46.000Z</time>
      </trkpt>
      <trkpt lat="35.54958" lon="129.05027">
        <ele>700</ele>
        <time>2025-10-10T05:31:49.000Z</time>
      </trkpt>
      <trkpt lat="35.54959" lon="129.05013">
        <ele>693</ele>
        <time>2025-10-10T05:31:52.000Z</time>
      </trkpt>
      <trkpt lat="35.54961" lon="129.05006">
        <ele>676</ele>
        <time>2025-10-10T05:31:55.000Z</time>
      </trkpt>
      <trkpt lat="35.54966" lon="129.04995">
        <ele>676</ele>
        <time>2025-10-10T05:31:58.000Z</time>
      </trkpt>
      <trkpt lat="35.54968" lon="129.04989">
        <ele>684</ele>
        <time>2025-10-10T05:32:01.000Z</time>
      </trkpt>
      <trkpt lat="35.54969" lon="129.04983">
        <ele>691</ele>
        <time>2025-10-10T05:32:04.000Z</time>
      </trkpt>
      <trkpt lat="35.54975" lon="129.04965">
        <ele>684</ele>
        <time>2025-10-10T05:32:07.000Z</time>
      </trkpt>
      <trkpt lat="35.5498" lon="129.04953">
        <ele>690</ele>
        <time>2025-10-10T05:32:10.000Z</time>
      </trkpt>
      <trkpt lat="35.54986" lon="129.04944">
        <ele>689</ele>
        <time>2025-10-10T05:32:13.000Z</time>
      </trkpt>
      <trkpt lat="35.54992" lon="129.04939">
        <ele>690</ele>
        <time>2025-10-10T05:32:16.000Z</time>
      </trkpt>
      <trkpt lat="35.54999" lon="129.04936">
        <ele>690</ele>
        <time>2025-10-10T05:32:19.000Z</time>
      </trkpt>
      <trkpt lat="35.55005" lon="129.04936">
        <ele>690</ele>
        <time>2025-10-10T05:32:22.000Z</time>
      </trkpt>
      <trkpt lat="35.55009" lon="129.0494">
        <ele>691</ele>
        <time>2025-10-10T05:32:25.000Z</time>
      </trkpt>
      <trkpt lat="35.55013" lon="129.04941">
        <ele>691</ele>
        <time>2025-10-10T05:32:28.000Z</time>
      </trkpt>
      <trkpt lat="35.55023" lon="129.04952">
        <ele>694</ele>
        <time>2025-10-10T05:32:31.000Z</time>
      </trkpt>
      <trkpt lat="35.55051" lon="129.04954">
        <ele>698</ele>
        <time>2025-10-10T05:32:34.000Z</time>
      </trkpt>
      <trkpt lat="35.55058" lon="129.04962">
        <ele>687</ele>
        <time>2025-10-10T05:32:37.000Z</time>
      </trkpt>
      <trkpt lat="35.55063" lon="129.04964">
        <ele>687</ele>
        <time>2025-10-10T05:32:40.000Z</time>
      </trkpt>
      <trkpt lat="35.55064" lon="129.04966">
        <ele>687</ele>
        <time>2025-10-10T05:32:43.000Z</time>
      </trkpt>
      <trkpt lat="35.5507" lon="129.04969">
        <ele>701</ele>
        <time>2025-10-10T05:32:46.000Z</time>
      </trkpt>
      <trkpt lat="35.55074" lon="129.04974">
        <ele>701</ele>
        <time>2025-10-10T05:32:49.000Z</time>
      </trkpt>
      <trkpt lat="35.55079" lon="129.04977">
        <ele>701</ele>
        <time>2025-10-10T05:32:52.000Z</time>
      </trkpt>
      <trkpt lat="35.55083" lon="129.04979">
        <ele>701</ele>
        <time>2025-10-10T05:32:55.000Z</time>
      </trkpt>
      <trkpt lat="35.55087" lon="129.04977">
        <ele>701</ele>
        <time>2025-10-10T05:32:58.000Z</time>
      </trkpt>
      <trkpt lat="35.55088" lon="129.04975">
        <ele>701</ele>
        <time>2025-10-10T05:33:01.000Z</time>
      </trkpt>
      <trkpt lat="35.55086" lon="129.04974">
        <ele>701</ele>
        <time>2025-10-10T05:33:04.000Z</time>
      </trkpt>
      <trkpt lat="35.55082" lon="129.04976">
        <ele>701</ele>
        <time>2025-10-10T05:33:07.000Z</time>
      </trkpt>
      <trkpt lat="35.5508" lon="129.04976">
        <ele>701</ele>
        <time>2025-10-10T05:33:10.000Z</time>
      </trkpt>
      <trkpt lat="35.55062" lon="129.04949">
        <ele>698</ele>
        <time>2025-10-10T05:33:13.000Z</time>
      </trkpt>
      <trkpt lat="35.55045" lon="129.04946">
        <ele>687</ele>
        <time>2025-10-10T05:33:16.000Z</time>
      </trkpt>
      <trkpt lat="35.55035" lon="129.04942">
        <ele>694</ele>
        <time>2025-10-10T05:33:19.000Z</time>
      </trkpt>
      <trkpt lat="35.55023" lon="129.04922">
        <ele>696</ele>
        <time>2025-10-10T05:33:22.000Z</time>
      </trkpt>
      <trkpt lat="35.55019" lon="129.0491">
        <ele>702</ele>
        <time>2025-10-10T05:33:25.000Z</time>
      </trkpt>
      <trkpt lat="35.55012" lon="129.04906">
        <ele>708</ele>
        <time>2025-10-10T05:33:28.000Z</time>
      </trkpt>
      <trkpt lat="35.54985" lon="129.04881">
        <ele>711</ele>
        <time>2025-10-10T05:33:31.000Z</time>
      </trkpt>
      <trkpt lat="35.54968" lon="129.04882">
        <ele>711</ele>
        <time>2025-10-10T05:33:34.000Z</time>
      </trkpt>
      <trkpt lat="35.54957" lon="129.04875">
        <ele>725</ele>
        <time>2025-10-10T05:33:37.000Z</time>
      </trkpt>
      <trkpt lat="35.54954" lon="129.04869">
        <ele>725</ele>
        <time>2025-10-10T05:33:40.000Z</time>
      </trkpt>
      <trkpt lat="35.54947" lon="129.04868">
        <ele>725</ele>
        <time>2025-10-10T05:33:43.000Z</time>
      </trkpt>
      <trkpt lat="35.54946" lon="129.04865">
        <ele>725</ele>
        <time>2025-10-10T05:33:46.000Z</time>
      </trkpt>
      <trkpt lat="35.54941" lon="129.04865">
        <ele>725</ele>
        <time>2025-10-10T05:33:49.000Z</time>
      </trkpt>
      <trkpt lat="35.54922" lon="129.04885">
        <ele>724</ele>
        <time>2025-10-10T05:33:52.000Z</time>
      </trkpt>
      <trkpt lat="35.54911" lon="129.04903">
        <ele>728</ele>
        <time>2025-10-10T05:33:55.000Z</time>
      </trkpt>
      <trkpt lat="35.54905" lon="129.04916">
        <ele>724</ele>
        <time>2025-10-10T05:33:58.000Z</time>
      </trkpt>
      <trkpt lat="35.54896" lon="129.04939">
        <ele>724</ele>
        <time>2025-10-10T05:34:01.000Z</time>
      </trkpt>
      <trkpt lat="35.54891" lon="129.04943">
        <ele>725</ele>
        <time>2025-10-10T05:34:04.000Z</time>
      </trkpt>
      <trkpt lat="35.5489" lon="129.04943">
        <ele>725</ele>
        <time>2025-10-10T05:34:07.000Z</time>
      </trkpt>
      <trkpt lat="35.54889" lon="129.0494">
        <ele>725</ele>
        <time>2025-10-10T05:34:10.000Z</time>
      </trkpt>
      <trkpt lat="35.54889" lon="129.04937">
        <ele>724</ele>
        <time>2025-10-10T05:34:13.000Z</time>
      </trkpt>
      <trkpt lat="35.54887" lon="129.04937">
        <ele>724</ele>
        <time>2025-10-10T05:34:16.000Z</time>
      </trkpt>
      <trkpt lat="35.54887" lon="129.04929">
        <ele>724</ele>
        <time>2025-10-10T05:34:19.000Z</time>
      </trkpt>
      <trkpt lat="35.54891" lon="129.04903">
        <ele>733</ele>
        <time>2025-10-10T05:34:22.000Z</time>
      </trkpt>
      <trkpt lat="35.54896" lon="129.04887">
        <ele>733</ele>
        <time>2025-10-10T05:34:25.000Z</time>
      </trkpt>
      <trkpt lat="35.54903" lon="129.04872">
        <ele>732</ele>
        <time>2025-10-10T05:34:28.000Z</time>
      </trkpt>
      <trkpt lat="35.54909" lon="129.04865">
        <ele>735</ele>
        <time>2025-10-10T05:34:31.000Z</time>
      </trkpt>
      <trkpt lat="35.54921" lon="129.04841">
        <ele>732</ele>
        <time>2025-10-10T05:34:34.000Z</time>
      </trkpt>
      <trkpt lat="35.54925" lon="129.04831">
        <ele>732</ele>
        <time>2025-10-10T05:34:37.000Z</time>
      </trkpt>
      <trkpt lat="35.54928" lon="129.04828">
        <ele>732</ele>
        <time>2025-10-10T05:34:40.000Z</time>
      </trkpt>
      <trkpt lat="35.54935" lon="129.04826">
        <ele>732</ele>
        <time>2025-10-10T05:34:43.000Z</time>
      </trkpt>
      <trkpt lat="35.54943" lon="129.04825">
        <ele>739</ele>
        <time>2025-10-10T05:34:46.000Z</time>
      </trkpt>
      <trkpt lat="35.54952" lon="129.04826">
        <ele>739</ele>
        <time>2025-10-10T05:34:49.000Z</time>
      </trkpt>
      <trkpt lat="35.54956" lon="129.04822">
        <ele>739</ele>
        <time>2025-10-10T05:34:52.000Z</time>
      </trkpt>
      <trkpt lat="35.54955" lon="129.04815">
        <ele>761</ele>
        <time>2025-10-10T05:34:55.000Z</time>
      </trkpt>
      <trkpt lat="35.54948" lon="129.04807">
        <ele>748</ele>
        <time>2025-10-10T05:34:58.000Z</time>
      </trkpt>
      <trkpt lat="35.54945" lon="129.04808">
        <ele>761</ele>
        <time>2025-10-10T05:35:01.000Z</time>
      </trkpt>
      <trkpt lat="35.54942" lon="129.04807">
        <ele>761</ele>
        <time>2025-10-10T05:35:04.000Z</time>
      </trkpt>
      <trkpt lat="35.5494" lon="129.04805">
        <ele>761</ele>
        <time>2025-10-10T05:35:07.000Z</time>
      </trkpt>
      <trkpt lat="35.54933" lon="129.04802">
        <ele>757</ele>
        <time>2025-10-10T05:35:10.000Z</time>
      </trkpt>
      <trkpt lat="35.54921" lon="129.04806">
        <ele>749</ele>
        <time>2025-10-10T05:35:13.000Z</time>
      </trkpt>
      <trkpt lat="35.54917" lon="129.04804">
        <ele>757</ele>
        <time>2025-10-10T05:35:16.000Z</time>
      </trkpt>
      <trkpt lat="35.54918" lon="129.04803">
        <ele>757</ele>
        <time>2025-10-10T05:35:19.000Z</time>
      </trkpt>
      <trkpt lat="35.54899" lon="129.04823">
        <ele>750</ele>
        <time>2025-10-10T05:35:22.000Z</time>
      </trkpt>
      <trkpt lat="35.54875" lon="129.0484">
        <ele>755</ele>
        <time>2025-10-10T05:35:25.000Z</time>
      </trkpt>
      <trkpt lat="35.54869" lon="129.04845">
        <ele>755</ele>
        <time>2025-10-10T05:35:28.000Z</time>
      </trkpt>
      <trkpt lat="35.54864" lon="129.04851">
        <ele>761</ele>
        <time>2025-10-10T05:35:31.000Z</time>
      </trkpt>
      <trkpt lat="35.54857" lon="129.04856">
        <ele>755</ele>
        <time>2025-10-10T05:35:34.000Z</time>
      </trkpt>
      <trkpt lat="35.54856" lon="129.04856">
        <ele>761</ele>
        <time>2025-10-10T05:35:37.000Z</time>
      </trkpt>
      <trkpt lat="35.54855" lon="129.04855">
        <ele>761</ele>
        <time>2025-10-10T05:35:40.000Z</time>
      </trkpt>
      <trkpt lat="35.54854" lon="129.04851">
        <ele>761</ele>
        <time>2025-10-10T05:35:43.000Z</time>
      </trkpt>
      <trkpt lat="35.54857" lon="129.04845">
        <ele>755</ele>
        <time>2025-10-10T05:35:46.000Z</time>
      </trkpt>
      <trkpt lat="35.54861" lon="129.04828">
        <ele>755</ele>
        <time>2025-10-10T05:35:49.000Z</time>
      </trkpt>
      <trkpt lat="35.54863" lon="129.04828">
        <ele>755</ele>
        <time>2025-10-10T05:35:52.000Z</time>
      </trkpt>
      <trkpt lat="35.54865" lon="129.04824">
        <ele>755</ele>
        <time>2025-10-10T05:35:55.000Z</time>
      </trkpt>
      <trkpt lat="35.5487" lon="129.04822">
        <ele>755</ele>
        <time>2025-10-10T05:35:58.000Z</time>
      </trkpt>
      <trkpt lat="35.54876" lon="129.04812">
        <ele>761</ele>
        <time>2025-10-10T05:36:01.000Z</time>
      </trkpt>
      <trkpt lat="35.54885" lon="129.04799">
        <ele>762</ele>
        <time>2025-10-10T05:36:04.000Z</time>
      </trkpt>
      <trkpt lat="35.54896" lon="129.04786">
        <ele>762</ele>
        <time>2025-10-10T05:36:07.000Z</time>
      </trkpt>
      <trkpt lat="35.54906" lon="129.04778">
        <ele>762</ele>
        <time>2025-10-10T05:36:10.000Z</time>
      </trkpt>
      <trkpt lat="35.54917" lon="129.04776">
        <ele>760</ele>
        <time>2025-10-10T05:36:13.000Z</time>
      </trkpt>
      <trkpt lat="35.54924" lon="129.04778">
        <ele>760</ele>
        <time>2025-10-10T05:36:16.000Z</time>
      </trkpt>
      <trkpt lat="35.54937" lon="129.04776">
        <ele>770</ele>
        <time>2025-10-10T05:36:19.000Z</time>
      </trkpt>
      <trkpt lat="35.54954" lon="129.04769">
        <ele>779</ele>
        <time>2025-10-10T05:36:22.000Z</time>
      </trkpt>
      <trkpt lat="35.54957" lon="129.04765">
        <ele>779</ele>
        <time>2025-10-10T05:36:25.000Z</time>
      </trkpt>
      <trkpt lat="35.54955" lon="129.04761">
        <ele>779</ele>
        <time>2025-10-10T05:36:28.000Z</time>
      </trkpt>
      <trkpt lat="35.5495" lon="129.0476">
        <ele>779</ele>
        <time>2025-10-10T05:36:31.000Z</time>
      </trkpt>
      <trkpt lat="35.54945" lon="129.04761">
        <ele>779</ele>
        <time>2025-10-10T05:36:34.000Z</time>
      </trkpt>
      <trkpt lat="35.54932" lon="129.04768">
        <ele>777</ele>
        <time>2025-10-10T05:36:37.000Z</time>
      </trkpt>
      <trkpt lat="35.54909" lon="129.04766">
        <ele>776</ele>
        <time>2025-10-10T05:36:40.000Z</time>
      </trkpt>
      <trkpt lat="35.54902" lon="129.04757">
        <ele>776</ele>
        <time>2025-10-10T05:36:43.000Z</time>
      </trkpt>
      <trkpt lat="35.54891" lon="129.0475">
        <ele>776</ele>
        <time>2025-10-10T05:36:46.000Z</time>
      </trkpt>
      <trkpt lat="35.54885" lon="129.04748">
        <ele>776</ele>
        <time>2025-10-10T05:36:49.000Z</time>
      </trkpt>
      <trkpt lat="35.54879" lon="129.04742">
        <ele>770</ele>
        <time>2025-10-10T05:36:52.000Z</time>
      </trkpt>
      <trkpt lat="35.54872" lon="129.04744">
        <ele>770</ele>
        <time>2025-10-10T05:36:55.000Z</time>
      </trkpt>
      <trkpt lat="35.54871" lon="129.04743">
        <ele>774</ele>
        <time>2025-10-10T05:36:58.000Z</time>
      </trkpt>
      <trkpt lat="35.54858" lon="129.0475">
        <ele>770</ele>
        <time>2025-10-10T05:37:01.000Z</time>
      </trkpt>
      <trkpt lat="35.54832" lon="129.04778">
        <ele>778</ele>
        <time>2025-10-10T05:37:04.000Z</time>
      </trkpt>
      <trkpt lat="35.54823" lon="129.04789">
        <ele>772</ele>
        <time>2025-10-10T05:37:07.000Z</time>
      </trkpt>
      <trkpt lat="35.54816" lon="129.04807">
        <ele>782</ele>
        <time>2025-10-10T05:37:10.000Z</time>
      </trkpt>
      <trkpt lat="35.5481" lon="129.0482">
        <ele>779</ele>
        <time>2025-10-10T05:37:13.000Z</time>
      </trkpt>
      <trkpt lat="35.54805" lon="129.04824">
        <ele>779</ele>
        <time>2025-10-10T05:37:16.000Z</time>
      </trkpt>
      <trkpt lat="35.54804" lon="129.04824">
        <ele>779</ele>
        <time>2025-10-10T05:37:19.000Z</time>
      </trkpt>
      <trkpt lat="35.54799" lon="129.04812">
        <ele>783</ele>
        <time>2025-10-10T05:37:22.000Z</time>
      </trkpt>
      <trkpt lat="35.54799" lon="129.04803">
        <ele>812</ele>
        <time>2025-10-10T05:37:25.000Z</time>
      </trkpt>
      <trkpt lat="35.54801" lon="129.04793">
        <ele>785</ele>
        <time>2025-10-10T05:37:28.000Z</time>
      </trkpt>
      <trkpt lat="35.54801" lon="129.04783">
        <ele>785</ele>
        <time>2025-10-10T05:37:31.000Z</time>
      </trkpt>
      <trkpt lat="35.54805" lon="129.04774">
        <ele>785</ele>
        <time>2025-10-10T05:37:34.000Z</time>
      </trkpt>
      <trkpt lat="35.54808" lon="129.0477">
        <ele>785</ele>
        <time>2025-10-10T05:37:37.000Z</time>
      </trkpt>
      <trkpt lat="35.54814" lon="129.04757">
        <ele>797</ele>
        <time>2025-10-10T05:37:40.000Z</time>
      </trkpt>
      <trkpt lat="35.54826" lon="129.04737">
        <ele>798</ele>
        <time>2025-10-10T05:37:43.000Z</time>
      </trkpt>
      <trkpt lat="35.54836" lon="129.04723">
        <ele>798</ele>
        <time>2025-10-10T05:37:46.000Z</time>
      </trkpt>
      <trkpt lat="35.54838" lon="129.04715">
        <ele>798</ele>
        <time>2025-10-10T05:37:49.000Z</time>
      </trkpt>
      <trkpt lat="35.54837" lon="129.04712">
        <ele>798</ele>
        <time>2025-10-10T05:37:52.000Z</time>
      </trkpt>
      <trkpt lat="35.54838" lon="129.0471">
        <ele>798</ele>
        <time>2025-10-10T05:37:55.000Z</time>
      </trkpt>
      <trkpt lat="35.54835" lon="129.04708">
        <ele>806</ele>
        <time>2025-10-10T05:37:58.000Z</time>
      </trkpt>
      <trkpt lat="35.54833" lon="129.04709">
        <ele>806</ele>
        <time>2025-10-10T05:38:01.000Z</time>
      </trkpt>
      <trkpt lat="35.54821" lon="129.04721">
        <ele>798</ele>
        <time>2025-10-10T05:38:04.000Z</time>
      </trkpt>
      <trkpt lat="35.5481" lon="129.04728">
        <ele>805</ele>
        <time>2025-10-10T05:38:07.000Z</time>
      </trkpt>
      <trkpt lat="35.54791" lon="129.04738">
        <ele>802</ele>
        <time>2025-10-10T05:38:10.000Z</time>
      </trkpt>
      <trkpt lat="35.54785" lon="129.04743">
        <ele>806</ele>
        <time>2025-10-10T05:38:13.000Z</time>
      </trkpt>
      <trkpt lat="35.54777" lon="129.04753">
        <ele>806</ele>
        <time>2025-10-10T05:38:16.000Z</time>
      </trkpt>
      <trkpt lat="35.54771" lon="129.04756">
        <ele>806</ele>
        <time>2025-10-10T05:38:19.000Z</time>
      </trkpt>
      <trkpt lat="35.54767" lon="129.04756">
        <ele>828</ele>
        <time>2025-10-10T05:38:22.000Z</time>
      </trkpt>
      <trkpt lat="35.54764" lon="129.04758">
        <ele>828</ele>
        <time>2025-10-10T05:38:25.000Z</time>
      </trkpt>
      <trkpt lat="35.54763" lon="129.04756">
        <ele>828</ele>
        <time>2025-10-10T05:38:28.000Z</time>
      </trkpt>
      <trkpt lat="35.54764" lon="129.04753">
        <ele>828</ele>
        <time>2025-10-10T05:38:31.000Z</time>
      </trkpt>
      <trkpt lat="35.54764" lon="129.04745">
        <ele>828</ele>
        <time>2025-10-10T05:38:34.000Z</time>
      </trkpt>
      <trkpt lat="35.54767" lon="129.04738">
        <ele>835</ele>
        <time>2025-10-10T05:38:37.000Z</time>
      </trkpt>
      <trkpt lat="35.54778" lon="129.04724">
        <ele>821</ele>
        <time>2025-10-10T05:38:40.000Z</time>
      </trkpt>
      <trkpt lat="35.54793" lon="129.04697">
        <ele>835</ele>
        <time>2025-10-10T05:38:43.000Z</time>
      </trkpt>
      <trkpt lat="35.54793" lon="129.04693">
        <ele>835</ele>
        <time>2025-10-10T05:38:46.000Z</time>
      </trkpt>
      <trkpt lat="35.54791" lon="129.04689">
        <ele>851</ele>
        <time>2025-10-10T05:38:49.000Z</time>
      </trkpt>
      <trkpt lat="35.54786" lon="129.04685">
        <ele>851</ele>
        <time>2025-10-10T05:38:52.000Z</time>
      </trkpt>
      <trkpt lat="35.54787" lon="129.04682">
        <ele>851</ele>
        <time>2025-10-10T05:38:55.000Z</time>
      </trkpt>
      <trkpt lat="35.54784" lon="129.0468">
        <ele>851</ele>
        <time>2025-10-10T05:38:58.000Z</time>
      </trkpt>
      <trkpt lat="35.54777" lon="129.04683">
        <ele>840</ele>
        <time>2025-10-10T05:39:01.000Z</time>
      </trkpt>
      <trkpt lat="35.54767" lon="129.04684">
        <ele>852</ele>
        <time>2025-10-10T05:39:04.000Z</time>
      </trkpt>
      <trkpt lat="35.54761" lon="129.04688">
        <ele>852</ele>
        <time>2025-10-10T05:39:07.000Z</time>
      </trkpt>
      <trkpt lat="35.54756" lon="129.04689">
        <ele>852</ele>
        <time>2025-10-10T05:39:10.000Z</time>
      </trkpt>
      <trkpt lat="35.54744" lon="129.047">
        <ele>846</ele>
        <time>2025-10-10T05:39:13.000Z</time>
      </trkpt>
      <trkpt lat="35.54726" lon="129.0471">
        <ele>849</ele>
        <time>2025-10-10T05:39:16.000Z</time>
      </trkpt>
      <trkpt lat="35.54723" lon="129.04713">
        <ele>845</ele>
        <time>2025-10-10T05:39:19.000Z</time>
      </trkpt>
      <trkpt lat="35.54719" lon="129.04721">
        <ele>849</ele>
        <time>2025-10-10T05:39:22.000Z</time>
      </trkpt>
      <trkpt lat="35.54721" lon="129.04727">
        <ele>849</ele>
        <time>2025-10-10T05:39:25.000Z</time>
      </trkpt>
      <trkpt lat="35.54718" lon="129.04743">
        <ele>845</ele>
        <time>2025-10-10T05:39:28.000Z</time>
      </trkpt>
      <trkpt lat="35.54708" lon="129.04762">
        <ele>856</ele>
        <time>2025-10-10T05:39:31.000Z</time>
      </trkpt>
      <trkpt lat="35.54707" lon="129.04767">
        <ele>856</ele>
        <time>2025-10-10T05:39:34.000Z</time>
      </trkpt>
      <trkpt lat="35.54709" lon="129.04785">
        <ele>860</ele>
        <time>2025-10-10T05:39:37.000Z</time>
      </trkpt>
      <trkpt lat="35.54714" lon="129.04815">
        <ele>856</ele>
        <time>2025-10-10T05:39:40.000Z</time>
      </trkpt>
      <trkpt lat="35.54714" lon="129.0483">
        <ele>865</ele>
        <time>2025-10-10T05:39:43.000Z</time>
      </trkpt>
      <trkpt lat="35.54711" lon="129.0483">
        <ele>865</ele>
        <time>2025-10-10T05:39:46.000Z</time>
      </trkpt>
      <trkpt lat="35.5471" lon="129.04828">
        <ele>881</ele>
        <time>2025-10-10T05:39:49.000Z</time>
      </trkpt>
      <trkpt lat="35.5471" lon="129.04824">
        <ele>881</ele>
        <time>2025-10-10T05:39:52.000Z</time>
      </trkpt>
      <trkpt lat="35.54706" lon="129.04815">
        <ele>858</ele>
        <time>2025-10-10T05:39:55.000Z</time>
      </trkpt>
      <trkpt lat="35.547" lon="129.04807">
        <ele>870</ele>
        <time>2025-10-10T05:39:58.000Z</time>
      </trkpt>
      <trkpt lat="35.54699" lon="129.04794">
        <ele>860</ele>
        <time>2025-10-10T05:40:01.000Z</time>
      </trkpt>
      <trkpt lat="35.547" lon="129.0479">
        <ele>860</ele>
        <time>2025-10-10T05:40:04.000Z</time>
      </trkpt>
      <trkpt lat="35.54699" lon="129.04787">
        <ele>860</ele>
        <time>2025-10-10T05:40:07.000Z</time>
      </trkpt>
      <trkpt lat="35.54699" lon="129.04785">
        <ele>860</ele>
        <time>2025-10-10T05:40:10.000Z</time>
      </trkpt>
      <trkpt lat="35.54691" lon="129.04772">
        <ele>860</ele>
        <time>2025-10-10T05:40:13.000Z</time>
      </trkpt>
      <trkpt lat="35.5469" lon="129.04768">
        <ele>867</ele>
        <time>2025-10-10T05:40:16.000Z</time>
      </trkpt>
      <trkpt lat="35.5469" lon="129.04762">
        <ele>867</ele>
        <time>2025-10-10T05:40:19.000Z</time>
      </trkpt>
      <trkpt lat="35.54686" lon="129.04731">
        <ele>867</ele>
        <time>2025-10-10T05:40:22.000Z</time>
      </trkpt>
      <trkpt lat="35.54684" lon="129.04722">
        <ele>867</ele>
        <time>2025-10-10T05:40:25.000Z</time>
      </trkpt>
      <trkpt lat="35.54681" lon="129.04713">
        <ele>867</ele>
        <time>2025-10-10T05:40:28.000Z</time>
      </trkpt>
      <trkpt lat="35.54683" lon="129.04699">
        <ele>872</ele>
        <time>2025-10-10T05:40:31.000Z</time>
      </trkpt>
      <trkpt lat="35.54692" lon="129.04682">
        <ele>874</ele>
        <time>2025-10-10T05:40:34.000Z</time>
      </trkpt>
      <trkpt lat="35.54696" lon="129.04671">
        <ele>874</ele>
        <time>2025-10-10T05:40:37.000Z</time>
      </trkpt>
      <trkpt lat="35.54707" lon="129.04625">
        <ele>882</ele>
        <time>2025-10-10T05:40:40.000Z</time>
      </trkpt>
      <trkpt lat="35.54715" lon="129.04612">
        <ele>882</ele>
        <time>2025-10-10T05:40:43.000Z</time>
      </trkpt>
      <trkpt lat="35.54721" lon="129.04605">
        <ele>882</ele>
        <time>2025-10-10T05:40:46.000Z</time>
      </trkpt>
      <trkpt lat="35.54729" lon="129.04599">
        <ele>878</ele>
        <time>2025-10-10T05:40:49.000Z</time>
      </trkpt>
      <trkpt lat="35.54737" lon="129.04595">
        <ele>884</ele>
        <time>2025-10-10T05:40:52.000Z</time>
      </trkpt>
      <trkpt lat="35.54753" lon="129.04591">
        <ele>875</ele>
        <time>2025-10-10T05:40:55.000Z</time>
      </trkpt>
      <trkpt lat="35.54767" lon="129.0459">
        <ele>875</ele>
        <time>2025-10-10T05:40:58.000Z</time>
      </trkpt>
      <trkpt lat="35.54782" lon="129.04582">
        <ele>881</ele>
        <time>2025-10-10T05:41:01.000Z</time>
      </trkpt>
      <trkpt lat="35.54785" lon="129.04577">
        <ele>869</ele>
        <time>2025-10-10T05:41:04.000Z</time>
      </trkpt>
      <trkpt lat="35.54788" lon="129.04561">
        <ele>880</ele>
        <time>2025-10-10T05:41:07.000Z</time>
      </trkpt>
      <trkpt lat="35.54792" lon="129.04548">
        <ele>887</ele>
        <time>2025-10-10T05:41:10.000Z</time>
      </trkpt>
      <trkpt lat="35.54795" lon="129.04526">
        <ele>887</ele>
        <time>2025-10-10T05:41:13.000Z</time>
      </trkpt>
      <trkpt lat="35.54795" lon="129.04518">
        <ele>894</ele>
        <time>2025-10-10T05:41:16.000Z</time>
      </trkpt>
      <trkpt lat="35.54793" lon="129.04511">
        <ele>894</ele>
        <time>2025-10-10T05:41:19.000Z</time>
      </trkpt>
      <trkpt lat="35.54789" lon="129.04504">
        <ele>894</ele>
        <time>2025-10-10T05:41:22.000Z</time>
      </trkpt>
      <trkpt lat="35.5479" lon="129.04474">
        <ele>893</ele>
        <time>2025-10-10T05:41:25.000Z</time>
      </trkpt>
      <trkpt lat="35.54792" lon="129.04436">
        <ele>892</ele>
        <time>2025-10-10T05:41:28.000Z</time>
      </trkpt>
      <trkpt lat="35.54791" lon="129.04438">
        <ele>892</ele>
        <time>2025-10-10T05:41:31.000Z</time>
      </trkpt>
      <trkpt lat="35.54778" lon="129.0444">
        <ele>895</ele>
        <time>2025-10-10T05:41:34.000Z</time>
      </trkpt>
      <trkpt lat="35.54769" lon="129.04444">
        <ele>889</ele>
        <time>2025-10-10T05:41:37.000Z</time>
      </trkpt>
      <trkpt lat="35.54731" lon="129.04443">
        <ele>877</ele>
        <time>2025-10-10T05:41:40.000Z</time>
      </trkpt>
      <trkpt lat="35.5472" lon="129.04441">
        <ele>877</ele>
        <time>2025-10-10T05:41:43.000Z</time>
      </trkpt>
      <trkpt lat="35.5471" lon="129.04435">
        <ele>876</ele>
        <time>2025-10-10T05:41:46.000Z</time>
      </trkpt>
      <trkpt lat="35.54691" lon="129.04429">
        <ele>875</ele>
        <time>2025-10-10T05:41:49.000Z</time>
      </trkpt>
      <trkpt lat="35.54686" lon="129.04429">
        <ele>876</ele>
        <time>2025-10-10T05:41:52.000Z</time>
      </trkpt>
      <trkpt lat="35.54681" lon="129.04427">
        <ele>876</ele>
        <time>2025-10-10T05:41:55.000Z</time>
      </trkpt>
      <trkpt lat="35.54653" lon="129.04407">
        <ele>876</ele>
        <time>2025-10-10T05:41:58.000Z</time>
      </trkpt>
      <trkpt lat="35.54645" lon="129.04403">
        <ele>876</ele>
        <time>2025-10-10T05:42:01.000Z</time>
      </trkpt>
      <trkpt lat="35.54631" lon="129.0439">
        <ele>876</ele>
        <time>2025-10-10T05:42:04.000Z</time>
      </trkpt>
      <trkpt lat="35.54625" lon="129.04386">
        <ele>879</ele>
        <time>2025-10-10T05:42:07.000Z</time>
      </trkpt>
      <trkpt lat="35.54614" lon="129.04379">
        <ele>874</ele>
        <time>2025-10-10T05:42:10.000Z</time>
      </trkpt>
      <trkpt lat="35.54602" lon="129.04374">
        <ele>874</ele>
        <time>2025-10-10T05:42:13.000Z</time>
      </trkpt>
      <trkpt lat="35.54584" lon="129.04364">
        <ele>872</ele>
        <time>2025-10-10T05:42:16.000Z</time>
      </trkpt>
      <trkpt lat="35.54584" lon="129.04363">
        <ele>872</ele>
        <time>2025-10-10T05:42:19.000Z</time>
      </trkpt>
      <trkpt lat="35.5458" lon="129.04363">
        <ele>872</ele>
        <time>2025-10-10T05:42:22.000Z</time>
      </trkpt>
      <trkpt lat="35.54547" lon="129.04351">
        <ele>872</ele>
        <time>2025-10-10T05:42:25.000Z</time>
      </trkpt>
      <trkpt lat="35.5452" lon="129.04346">
        <ele>873</ele>
        <time>2025-10-10T05:42:28.000Z</time>
      </trkpt>
      <trkpt lat="35.5451" lon="129.04345">
        <ele>873</ele>
        <time>2025-10-10T05:42:31.000Z</time>
      </trkpt>
      <trkpt lat="35.54501" lon="129.0434">
        <ele>873</ele>
        <time>2025-10-10T05:42:34.000Z</time>
      </trkpt>
      <trkpt lat="35.54493" lon="129.04331">
        <ele>873</ele>
        <time>2025-10-10T05:42:37.000Z</time>
      </trkpt>
      <trkpt lat="35.54487" lon="129.04321">
        <ele>877</ele>
        <time>2025-10-10T05:42:40.000Z</time>
      </trkpt>
      <trkpt lat="35.54479" lon="129.04313">
        <ele>877</ele>
        <time>2025-10-10T05:42:43.000Z</time>
      </trkpt>
      <trkpt lat="35.54456" lon="129.04301">
        <ele>877</ele>
        <time>2025-10-10T05:42:46.000Z</time>
      </trkpt>
      <trkpt lat="35.54445" lon="129.04279">
        <ele>882</ele>
        <time>2025-10-10T05:42:49.000Z</time>
      </trkpt>
      <trkpt lat="35.54443" lon="129.0427">
        <ele>876</ele>
        <time>2025-10-10T05:42:52.000Z</time>
      </trkpt>
      <trkpt lat="35.54443" lon="129.0426">
        <ele>876</ele>
        <time>2025-10-10T05:42:55.000Z</time>
      </trkpt>
      <trkpt lat="35.5444" lon="129.04248">
        <ele>880</ele>
        <time>2025-10-10T05:42:58.000Z</time>
      </trkpt>
      <trkpt lat="35.5444" lon="129.04236">
        <ele>876</ele>
        <time>2025-10-10T05:43:01.000Z</time>
      </trkpt>
      <trkpt lat="35.54443" lon="129.04225">
        <ele>871</ele>
        <time>2025-10-10T05:43:04.000Z</time>
      </trkpt>
      <trkpt lat="35.54445" lon="129.0422">
        <ele>871</ele>
        <time>2025-10-10T05:43:07.000Z</time>
      </trkpt>
      <trkpt lat="35.54444" lon="129.04212">
        <ele>871</ele>
        <time>2025-10-10T05:43:10.000Z</time>
      </trkpt>
      <trkpt lat="35.54448" lon="129.04204">
        <ele>873</ele>
        <time>2025-10-10T05:43:13.000Z</time>
      </trkpt>
      <trkpt lat="35.5445" lon="129.04196">
        <ele>869</ele>
        <time>2025-10-10T05:43:16.000Z</time>
      </trkpt>
      <trkpt lat="35.54456" lon="129.04186">
        <ele>870</ele>
        <time>2025-10-10T05:43:19.000Z</time>
      </trkpt>
      <trkpt lat="35.54459" lon="129.04177">
        <ele>870</ele>
        <time>2025-10-10T05:43:22.000Z</time>
      </trkpt>
      <trkpt lat="35.54465" lon="129.04163">
        <ele>857</ele>
        <time>2025-10-10T05:43:25.000Z</time>
      </trkpt>
      <trkpt lat="35.54468" lon="129.04151">
        <ele>868</ele>
        <time>2025-10-10T05:43:28.000Z</time>
      </trkpt>
      <trkpt lat="35.54468" lon="129.04137">
        <ele>865</ele>
        <time>2025-10-10T05:43:31.000Z</time>
      </trkpt>
      <trkpt lat="35.54466" lon="129.04126">
        <ele>867</ele>
        <time>2025-10-10T05:43:34.000Z</time>
      </trkpt>
      <trkpt lat="35.54462" lon="129.04116">
        <ele>867</ele>
        <time>2025-10-10T05:43:37.000Z</time>
      </trkpt>
      <trkpt lat="35.54451" lon="129.04099">
        <ele>864</ele>
        <time>2025-10-10T05:43:40.000Z</time>
      </trkpt>
      <trkpt lat="35.54444" lon="129.04093">
        <ele>864</ele>
        <time>2025-10-10T05:43:43.000Z</time>
      </trkpt>
      <trkpt lat="35.54437" lon="129.04095">
        <ele>862</ele>
        <time>2025-10-10T05:43:46.000Z</time>
      </trkpt>
      <trkpt lat="35.54427" lon="129.04094">
        <ele>862</ele>
        <time>2025-10-10T05:43:49.000Z</time>
      </trkpt>
      <trkpt lat="35.54392" lon="129.04083">
        <ele>865</ele>
        <time>2025-10-10T05:43:52.000Z</time>
      </trkpt>
      <trkpt lat="35.54391" lon="129.04085">
        <ele>859</ele>
        <time>2025-10-10T05:43:55.000Z</time>
      </trkpt>
      <trkpt lat="35.54386" lon="129.04084">
        <ele>859</ele>
        <time>2025-10-10T05:43:58.000Z</time>
      </trkpt>
      <trkpt lat="35.54365" lon="129.04076">
        <ele>867</ele>
        <time>2025-10-10T05:44:01.000Z</time>
      </trkpt>
      <trkpt lat="35.54359" lon="129.04073">
        <ele>867</ele>
        <time>2025-10-10T05:44:04.000Z</time>
      </trkpt>
      <trkpt lat="35.54353" lon="129.04073">
        <ele>867</ele>
        <time>2025-10-10T05:44:07.000Z</time>
      </trkpt>
      <trkpt lat="35.54349" lon="129.04069">
        <ele>867</ele>
        <time>2025-10-10T05:44:10.000Z</time>
      </trkpt>
      <trkpt lat="35.54348" lon="129.04067">
        <ele>867</ele>
        <time>2025-10-10T05:44:13.000Z</time>
      </trkpt>
      <trkpt lat="35.54344" lon="129.04053">
        <ele>867</ele>
        <time>2025-10-10T05:44:16.000Z</time>
      </trkpt>
      <trkpt lat="35.54341" lon="129.04048">
        <ele>861</ele>
        <time>2025-10-10T05:44:19.000Z</time>
      </trkpt>
      <trkpt lat="35.5434" lon="129.04038">
        <ele>861</ele>
        <time>2025-10-10T05:44:22.000Z</time>
      </trkpt>
      <trkpt lat="35.54343" lon="129.04021">
        <ele>861</ele>
        <time>2025-10-10T05:44:25.000Z</time>
      </trkpt>
      <trkpt lat="35.54351" lon="129.04011">
        <ele>850</ele>
        <time>2025-10-10T05:44:28.000Z</time>
      </trkpt>
      <trkpt lat="35.54356" lon="129.04007">
        <ele>850</ele>
        <time>2025-10-10T05:44:31.000Z</time>
      </trkpt>
      <trkpt lat="35.54361" lon="129.04001">
        <ele>850</ele>
        <time>2025-10-10T05:44:34.000Z</time>
      </trkpt>
      <trkpt lat="35.5437" lon="129.03996">
        <ele>850</ele>
        <time>2025-10-10T05:44:37.000Z</time>
      </trkpt>
      <trkpt lat="35.54376" lon="129.03994">
        <ele>850</ele>
        <time>2025-10-10T05:44:40.000Z</time>
      </trkpt>
      <trkpt lat="35.54396" lon="129.03984">
        <ele>839</ele>
        <time>2025-10-10T05:44:43.000Z</time>
      </trkpt>
      <trkpt lat="35.54417" lon="129.03975">
        <ele>835</ele>
        <time>2025-10-10T05:44:46.000Z</time>
      </trkpt>
      <trkpt lat="35.54427" lon="129.03969">
        <ele>835</ele>
        <time>2025-10-10T05:44:49.000Z</time>
      </trkpt>
      <trkpt lat="35.5444" lon="129.03963">
        <ele>835</ele>
        <time>2025-10-10T05:44:52.000Z</time>
      </trkpt>
      <trkpt lat="35.54443" lon="129.0396">
        <ele>830</ele>
        <time>2025-10-10T05:44:55.000Z</time>
      </trkpt>
      <trkpt lat="35.54458" lon="129.0395">
        <ele>830</ele>
        <time>2025-10-10T05:44:58.000Z</time>
      </trkpt>
      <trkpt lat="35.54459" lon="129.03947">
        <ele>830</ele>
        <time>2025-10-10T05:45:01.000Z</time>
      </trkpt>
      <trkpt lat="35.54464" lon="129.03947">
        <ele>822</ele>
        <time>2025-10-10T05:45:04.000Z</time>
      </trkpt>
      <trkpt lat="35.54477" lon="129.03941">
        <ele>822</ele>
        <time>2025-10-10T05:45:07.000Z</time>
      </trkpt>
      <trkpt lat="35.54487" lon="129.03927">
        <ele>823</ele>
        <time>2025-10-10T05:45:10.000Z</time>
      </trkpt>
      <trkpt lat="35.54497" lon="129.03917">
        <ele>816</ele>
        <time>2025-10-10T05:45:13.000Z</time>
      </trkpt>
      <trkpt lat="35.54504" lon="129.03907">
        <ele>822</ele>
        <time>2025-10-10T05:45:16.000Z</time>
      </trkpt>
      <trkpt lat="35.54506" lon="129.03901">
        <ele>820</ele>
        <time>2025-10-10T05:45:19.000Z</time>
      </trkpt>
      <trkpt lat="35.54506" lon="129.03891">
        <ele>820</ele>
        <time>2025-10-10T05:45:22.000Z</time>
      </trkpt>
      <trkpt lat="35.54502" lon="129.03874">
        <ele>822</ele>
        <time>2025-10-10T05:45:25.000Z</time>
      </trkpt>
      <trkpt lat="35.54506" lon="129.03865">
        <ele>822</ele>
        <time>2025-10-10T05:45:28.000Z</time>
      </trkpt>
      <trkpt lat="35.54505" lon="129.03859">
        <ele>822</ele>
        <time>2025-10-10T05:45:31.000Z</time>
      </trkpt>
      <trkpt lat="35.54509" lon="129.03853">
        <ele>822</ele>
        <time>2025-10-10T05:45:34.000Z</time>
      </trkpt>
      <trkpt lat="35.54509" lon="129.03842">
        <ele>819</ele>
        <time>2025-10-10T05:45:37.000Z</time>
      </trkpt>
      <trkpt lat="35.5451" lon="129.0384">
        <ele>819</ele>
        <time>2025-10-10T05:45:40.000Z</time>
      </trkpt>
      <trkpt lat="35.54503" lon="129.03817">
        <ele>815</ele>
        <time>2025-10-10T05:45:43.000Z</time>
      </trkpt>
      <trkpt lat="35.54504" lon="129.03815">
        <ele>815</ele>
        <time>2025-10-10T05:45:46.000Z</time>
      </trkpt>
      <trkpt lat="35.54498" lon="129.03802">
        <ele>815</ele>
        <time>2025-10-10T05:45:49.000Z</time>
      </trkpt>
      <trkpt lat="35.54495" lon="129.03797">
        <ele>810</ele>
        <time>2025-10-10T05:45:52.000Z</time>
      </trkpt>
      <trkpt lat="35.54493" lon="129.03788">
        <ele>810</ele>
        <time>2025-10-10T05:45:55.000Z</time>
      </trkpt>
      <trkpt lat="35.54492" lon="129.03767">
        <ele>805</ele>
        <time>2025-10-10T05:45:58.000Z</time>
      </trkpt>
      <trkpt lat="35.5449" lon="129.03752">
        <ele>808</ele>
        <time>2025-10-10T05:46:01.000Z</time>
      </trkpt>
      <trkpt lat="35.54487" lon="129.03744">
        <ele>812</ele>
        <time>2025-10-10T05:46:04.000Z</time>
      </trkpt>
      <trkpt lat="35.54484" lon="129.03732">
        <ele>806</ele>
        <time>2025-10-10T05:46:07.000Z</time>
      </trkpt>
      <trkpt lat="35.54482" lon="129.0372">
        <ele>806</ele>
        <time>2025-10-10T05:46:10.000Z</time>
      </trkpt>
      <trkpt lat="35.54488" lon="129.03709">
        <ele>804</ele>
        <time>2025-10-10T05:46:13.000Z</time>
      </trkpt>
      <trkpt lat="35.54489" lon="129.03702">
        <ele>804</ele>
        <time>2025-10-10T05:46:16.000Z</time>
      </trkpt>
      <trkpt lat="35.54489" lon="129.03697">
        <ele>804</ele>
        <time>2025-10-10T05:46:19.000Z</time>
      </trkpt>
      <trkpt lat="35.54491" lon="129.03688">
        <ele>795</ele>
        <time>2025-10-10T05:46:22.000Z</time>
      </trkpt>
      <trkpt lat="35.54494" lon="129.0368">
        <ele>795</ele>
        <time>2025-10-10T05:46:25.000Z</time>
      </trkpt>
      <trkpt lat="35.54493" lon="129.03671">
        <ele>795</ele>
        <time>2025-10-10T05:46:28.000Z</time>
      </trkpt>
      <trkpt lat="35.54496" lon="129.03663">
        <ele>795</ele>
        <time>2025-10-10T05:46:31.000Z</time>
      </trkpt>
      <trkpt lat="35.54502" lon="129.03651">
        <ele>789</ele>
        <time>2025-10-10T05:46:34.000Z</time>
      </trkpt>
      <trkpt lat="35.54505" lon="129.03637">
        <ele>789</ele>
        <time>2025-10-10T05:46:37.000Z</time>
      </trkpt>
      <trkpt lat="35.54503" lon="129.0362">
        <ele>787</ele>
        <time>2025-10-10T05:46:40.000Z</time>
      </trkpt>
      <trkpt lat="35.54507" lon="129.03591">
        <ele>784</ele>
        <time>2025-10-10T05:46:43.000Z</time>
      </trkpt>
      <trkpt lat="35.54505" lon="129.03578">
        <ele>784</ele>
        <time>2025-10-10T05:46:46.000Z</time>
      </trkpt>
      <trkpt lat="35.54504" lon="129.03575">
        <ele>784</ele>
        <time>2025-10-10T05:46:49.000Z</time>
      </trkpt>
      <trkpt lat="35.54506" lon="129.0357">
        <ele>784</ele>
        <time>2025-10-10T05:46:52.000Z</time>
      </trkpt>
      <trkpt lat="35.54505" lon="129.03568">
        <ele>781</ele>
        <time>2025-10-10T05:46:55.000Z</time>
      </trkpt>
      <trkpt lat="35.54502" lon="129.03565">
        <ele>781</ele>
        <time>2025-10-10T05:46:58.000Z</time>
      </trkpt>
      <trkpt lat="35.545" lon="129.03561">
        <ele>781</ele>
        <time>2025-10-10T05:47:01.000Z</time>
      </trkpt>
      <trkpt lat="35.54499" lon="129.0355">
        <ele>781</ele>
        <time>2025-10-10T05:47:04.000Z</time>
      </trkpt>
      <trkpt lat="35.54502" lon="129.03543">
        <ele>774</ele>
        <time>2025-10-10T05:47:07.000Z</time>
      </trkpt>
      <trkpt lat="35.54506" lon="129.03522">
        <ele>774</ele>
        <time>2025-10-10T05:47:10.000Z</time>
      </trkpt>
      <trkpt lat="35.54512" lon="129.03517">
        <ele>768</ele>
        <time>2025-10-10T05:47:13.000Z</time>
      </trkpt>
      <trkpt lat="35.54513" lon="129.03515">
        <ele>768</ele>
        <time>2025-10-10T05:47:16.000Z</time>
      </trkpt>
      <trkpt lat="35.54513" lon="129.03507">
        <ele>768</ele>
        <time>2025-10-10T05:47:19.000Z</time>
      </trkpt>
      <trkpt lat="35.54514" lon="129.03503">
        <ele>768</ele>
        <time>2025-10-10T05:47:22.000Z</time>
      </trkpt>
      <trkpt lat="35.54517" lon="129.03502">
        <ele>768</ele>
        <time>2025-10-10T05:47:25.000Z</time>
      </trkpt>
      <trkpt lat="35.54517" lon="129.03498">
        <ele>768</ele>
        <time>2025-10-10T05:47:28.000Z</time>
      </trkpt>
      <trkpt lat="35.54516" lon="129.03496">
        <ele>768</ele>
        <time>2025-10-10T05:47:31.000Z</time>
      </trkpt>
      <trkpt lat="35.54516" lon="129.03493">
        <ele>768</ele>
        <time>2025-10-10T05:47:34.000Z</time>
      </trkpt>
      <trkpt lat="35.54512" lon="129.0348">
        <ele>761</ele>
        <time>2025-10-10T05:47:37.000Z</time>
      </trkpt>
      <trkpt lat="35.54509" lon="129.03477">
        <ele>761</ele>
        <time>2025-10-10T05:47:40.000Z</time>
      </trkpt>
      <trkpt lat="35.54507" lon="129.03472">
        <ele>761</ele>
        <time>2025-10-10T05:47:43.000Z</time>
      </trkpt>
      <trkpt lat="35.54499" lon="129.03466">
        <ele>761</ele>
        <time>2025-10-10T05:47:46.000Z</time>
      </trkpt>
      <trkpt lat="35.54485" lon="129.03457">
        <ele>760</ele>
        <time>2025-10-10T05:47:49.000Z</time>
      </trkpt>
      <trkpt lat="35.54483" lon="129.03456">
        <ele>760</ele>
        <time>2025-10-10T05:47:52.000Z</time>
      </trkpt>
      <trkpt lat="35.54482" lon="129.03457">
        <ele>760</ele>
        <time>2025-10-10T05:47:55.000Z</time>
      </trkpt>
      <trkpt lat="35.54462" lon="129.03447">
        <ele>760</ele>
        <time>2025-10-10T05:47:58.000Z</time>
      </trkpt>
      <trkpt lat="35.54458" lon="129.03444">
        <ele>763</ele>
        <time>2025-10-10T05:48:01.000Z</time>
      </trkpt>
      <trkpt lat="35.54456" lon="129.03444">
        <ele>763</ele>
        <time>2025-10-10T05:48:04.000Z</time>
      </trkpt>
      <trkpt lat="35.54454" lon="129.0344">
        <ele>763</ele>
        <time>2025-10-10T05:48:07.000Z</time>
      </trkpt>
      <trkpt lat="35.54447" lon="129.03433">
        <ele>758</ele>
        <time>2025-10-10T05:48:10.000Z</time>
      </trkpt>
      <trkpt lat="35.54444" lon="129.03425">
        <ele>758</ele>
        <time>2025-10-10T05:48:13.000Z</time>
      </trkpt>
      <trkpt lat="35.54448" lon="129.03412">
        <ele>758</ele>
        <time>2025-10-10T05:48:16.000Z</time>
      </trkpt>
      <trkpt lat="35.54462" lon="129.03397">
        <ele>744</ele>
        <time>2025-10-10T05:48:19.000Z</time>
      </trkpt>
      <trkpt lat="35.54465" lon="129.03393">
        <ele>744</ele>
        <time>2025-10-10T05:48:22.000Z</time>
      </trkpt>
      <trkpt lat="35.54468" lon="129.03387">
        <ele>744</ele>
        <time>2025-10-10T05:48:25.000Z</time>
      </trkpt>
      <trkpt lat="35.54469" lon="129.0337">
        <ele>739</ele>
        <time>2025-10-10T05:48:28.000Z</time>
      </trkpt>
      <trkpt lat="35.54464" lon="129.0335">
        <ele>734</ele>
        <time>2025-10-10T05:48:31.000Z</time>
      </trkpt>
      <trkpt lat="35.54462" lon="129.03345">
        <ele>726</ele>
        <time>2025-10-10T05:48:34.000Z</time>
      </trkpt>
      <trkpt lat="35.54453" lon="129.03334">
        <ele>735</ele>
        <time>2025-10-10T05:48:37.000Z</time>
      </trkpt>
      <trkpt lat="35.54448" lon="129.03325">
        <ele>735</ele>
        <time>2025-10-10T05:48:40.000Z</time>
      </trkpt>
      <trkpt lat="35.54445" lon="129.03317">
        <ele>732</ele>
        <time>2025-10-10T05:48:43.000Z</time>
      </trkpt>
      <trkpt lat="35.54445" lon="129.03307">
        <ele>735</ele>
        <time>2025-10-10T05:48:46.000Z</time>
      </trkpt>
      <trkpt lat="35.54444" lon="129.03302">
        <ele>732</ele>
        <time>2025-10-10T05:48:49.000Z</time>
      </trkpt>
      <trkpt lat="35.54448" lon="129.03292">
        <ele>736</ele>
        <time>2025-10-10T05:48:52.000Z</time>
      </trkpt>
      <trkpt lat="35.5445" lon="129.03284">
        <ele>736</ele>
        <time>2025-10-10T05:48:55.000Z</time>
      </trkpt>
      <trkpt lat="35.54451" lon="129.03284">
        <ele>736</ele>
        <time>2025-10-10T05:48:58.000Z</time>
      </trkpt>
      <trkpt lat="35.54456" lon="129.03275">
        <ele>736</ele>
        <time>2025-10-10T05:49:01.000Z</time>
      </trkpt>
      <trkpt lat="35.54445" lon="129.03258">
        <ele>737</ele>
        <time>2025-10-10T05:49:04.000Z</time>
      </trkpt>
      <trkpt lat="35.54422" lon="129.03247">
        <ele>736</ele>
        <time>2025-10-10T05:49:07.000Z</time>
      </trkpt>
      <trkpt lat="35.54416" lon="129.03242">
        <ele>742</ele>
        <time>2025-10-10T05:49:10.000Z</time>
      </trkpt>
      <trkpt lat="35.5441" lon="129.0323">
        <ele>738</ele>
        <time>2025-10-10T05:49:13.000Z</time>
      </trkpt>
      <trkpt lat="35.54408" lon="129.03223">
        <ele>735</ele>
        <time>2025-10-10T05:49:16.000Z</time>
      </trkpt>
      <trkpt lat="35.54405" lon="129.03216">
        <ele>737</ele>
        <time>2025-10-10T05:49:19.000Z</time>
      </trkpt>
      <trkpt lat="35.54403" lon="129.03208">
        <ele>735</ele>
        <time>2025-10-10T05:49:22.000Z</time>
      </trkpt>
      <trkpt lat="35.54403" lon="129.03204">
        <ele>735</ele>
        <time>2025-10-10T05:49:25.000Z</time>
      </trkpt>
      <trkpt lat="35.54405" lon="129.03197">
        <ele>735</ele>
        <time>2025-10-10T05:49:28.000Z</time>
      </trkpt>
      <trkpt lat="35.5441" lon="129.03187">
        <ele>731</ele>
        <time>2025-10-10T05:49:31.000Z</time>
      </trkpt>
      <trkpt lat="35.5441" lon="129.03176">
        <ele>731</ele>
        <time>2025-10-10T05:49:34.000Z</time>
      </trkpt>
      <trkpt lat="35.54408" lon="129.03172">
        <ele>736</ele>
        <time>2025-10-10T05:49:37.000Z</time>
      </trkpt>
      <trkpt lat="35.544" lon="129.03164">
        <ele>742</ele>
        <time>2025-10-10T05:49:40.000Z</time>
      </trkpt>
      <trkpt lat="35.54392" lon="129.03154">
        <ele>738</ele>
        <time>2025-10-10T05:49:43.000Z</time>
      </trkpt>
      <trkpt lat="35.54391" lon="129.03143">
        <ele>738</ele>
        <time>2025-10-10T05:49:46.000Z</time>
      </trkpt>
      <trkpt lat="35.54386" lon="129.03132">
        <ele>738</ele>
        <time>2025-10-10T05:49:49.000Z</time>
      </trkpt>
      <trkpt lat="35.54383" lon="129.03122">
        <ele>739</ele>
        <time>2025-10-10T05:49:52.000Z</time>
      </trkpt>
      <trkpt lat="35.54383" lon="129.03118">
        <ele>739</ele>
        <time>2025-10-10T05:49:55.000Z</time>
      </trkpt>
      <trkpt lat="35.54379" lon="129.03111">
        <ele>741</ele>
        <time>2025-10-10T05:49:58.000Z</time>
      </trkpt>
      <trkpt lat="35.54377" lon="129.03103">
        <ele>741</ele>
        <time>2025-10-10T05:50:01.000Z</time>
      </trkpt>
      <trkpt lat="35.54381" lon="129.03091">
        <ele>739</ele>
        <time>2025-10-10T05:50:04.000Z</time>
      </trkpt>
      <trkpt lat="35.54392" lon="129.03076">
        <ele>741</ele>
        <time>2025-10-10T05:50:07.000Z</time>
      </trkpt>
      <trkpt lat="35.54395" lon="129.03064">
        <ele>732</ele>
        <time>2025-10-10T05:50:10.000Z</time>
      </trkpt>
      <trkpt lat="35.544" lon="129.03059">
        <ele>740</ele>
        <time>2025-10-10T05:50:13.000Z</time>
      </trkpt>
      <trkpt lat="35.54406" lon="129.03043">
        <ele>740</ele>
        <time>2025-10-10T05:50:16.000Z</time>
      </trkpt>
      <trkpt lat="35.54412" lon="129.03032">
        <ele>730</ele>
        <time>2025-10-10T05:50:19.000Z</time>
      </trkpt>
      <trkpt lat="35.54414" lon="129.03026">
        <ele>725</ele>
        <time>2025-10-10T05:50:22.000Z</time>
      </trkpt>
      <trkpt lat="35.54418" lon="129.03018">
        <ele>728</ele>
        <time>2025-10-10T05:50:25.000Z</time>
      </trkpt>
      <trkpt lat="35.54418" lon="129.03009">
        <ele>728</ele>
        <time>2025-10-10T05:50:28.000Z</time>
      </trkpt>
      <trkpt lat="35.54416" lon="129.02993">
        <ele>730</ele>
        <time>2025-10-10T05:50:31.000Z</time>
      </trkpt>
      <trkpt lat="35.54417" lon="129.02983">
        <ele>731</ele>
        <time>2025-10-10T05:50:34.000Z</time>
      </trkpt>
      <trkpt lat="35.54419" lon="129.02977">
        <ele>731</ele>
        <time>2025-10-10T05:50:37.000Z</time>
      </trkpt>
      <trkpt lat="35.54422" lon="129.02974">
        <ele>731</ele>
        <time>2025-10-10T05:50:40.000Z</time>
      </trkpt>
      <trkpt lat="35.54423" lon="129.02965">
        <ele>731</ele>
        <time>2025-10-10T05:50:43.000Z</time>
      </trkpt>
      <trkpt lat="35.54425" lon="129.02962">
        <ele>731</ele>
        <time>2025-10-10T05:50:46.000Z</time>
      </trkpt>
      <trkpt lat="35.54416" lon="129.02951">
        <ele>731</ele>
        <time>2025-10-10T05:50:49.000Z</time>
      </trkpt>
      <trkpt lat="35.54406" lon="129.02923">
        <ele>732</ele>
        <time>2025-10-10T05:50:52.000Z</time>
      </trkpt>
      <trkpt lat="35.54404" lon="129.02911">
        <ele>735</ele>
        <time>2025-10-10T05:50:55.000Z</time>
      </trkpt>
      <trkpt lat="35.54405" lon="129.02908">
        <ele>733</ele>
        <time>2025-10-10T05:50:58.000Z</time>
      </trkpt>
      <trkpt lat="35.54404" lon="129.02907">
        <ele>733</ele>
        <time>2025-10-10T05:51:01.000Z</time>
      </trkpt>
      <trkpt lat="35.54406" lon="129.02904">
        <ele>733</ele>
        <time>2025-10-10T05:51:04.000Z</time>
      </trkpt>
      <trkpt lat="35.54403" lon="129.02895">
        <ele>722</ele>
        <time>2025-10-10T05:51:07.000Z</time>
      </trkpt>
      <trkpt lat="35.54404" lon="129.02888">
        <ele>733</ele>
        <time>2025-10-10T05:51:10.000Z</time>
      </trkpt>
      <trkpt lat="35.54403" lon="129.02886">
        <ele>733</ele>
        <time>2025-10-10T05:51:13.000Z</time>
      </trkpt>
      <trkpt lat="35.54405" lon="129.0288">
        <ele>733</ele>
        <time>2025-10-10T05:51:16.000Z</time>
      </trkpt>
      <trkpt lat="35.5441" lon="129.0287">
        <ele>722</ele>
        <time>2025-10-10T05:51:19.000Z</time>
      </trkpt>
      <trkpt lat="35.54409" lon="129.02864">
        <ele>726</ele>
        <time>2025-10-10T05:51:22.000Z</time>
      </trkpt>
      <trkpt lat="35.54403" lon="129.02858">
        <ele>726</ele>
        <time>2025-10-10T05:51:25.000Z</time>
      </trkpt>
      <trkpt lat="35.54405" lon="129.02852">
        <ele>726</ele>
        <time>2025-10-10T05:51:28.000Z</time>
      </trkpt>
      <trkpt lat="35.54408" lon="129.02848">
        <ele>723</ele>
        <time>2025-10-10T05:51:31.000Z</time>
      </trkpt>
      <trkpt lat="35.54413" lon="129.02835">
        <ele>704</ele>
        <time>2025-10-10T05:51:34.000Z</time>
      </trkpt>
      <trkpt lat="35.54412" lon="129.02827">
        <ele>704</ele>
        <time>2025-10-10T05:51:37.000Z</time>
      </trkpt>
      <trkpt lat="35.54409" lon="129.02823">
        <ele>723</ele>
        <time>2025-10-10T05:51:40.000Z</time>
      </trkpt>
      <trkpt lat="35.54403" lon="129.02818">
        <ele>710</ele>
        <time>2025-10-10T05:51:43.000Z</time>
      </trkpt>
      <trkpt lat="35.54395" lon="129.02814">
        <ele>710</ele>
        <time>2025-10-10T05:51:46.000Z</time>
      </trkpt>
      <trkpt lat="35.54392" lon="129.0281">
        <ele>710</ele>
        <time>2025-10-10T05:51:49.000Z</time>
      </trkpt>
      <trkpt lat="35.5439" lon="129.02806">
        <ele>710</ele>
        <time>2025-10-10T05:51:52.000Z</time>
      </trkpt>
      <trkpt lat="35.54389" lon="129.02799">
        <ele>700</ele>
        <time>2025-10-10T05:51:55.000Z</time>
      </trkpt>
      <trkpt lat="35.54386" lon="129.02792">
        <ele>700</ele>
        <time>2025-10-10T05:51:58.000Z</time>
      </trkpt>
      <trkpt lat="35.54386" lon="129.0278">
        <ele>700</ele>
        <time>2025-10-10T05:52:01.000Z</time>
      </trkpt>
      <trkpt lat="35.54385" lon="129.02779">
        <ele>700</ele>
        <time>2025-10-10T05:52:04.000Z</time>
      </trkpt>
      <trkpt lat="35.54387" lon="129.02774">
        <ele>700</ele>
        <time>2025-10-10T05:52:07.000Z</time>
      </trkpt>
      <trkpt lat="35.54393" lon="129.02764">
        <ele>694</ele>
        <time>2025-10-10T05:52:10.000Z</time>
      </trkpt>
      <trkpt lat="35.544" lon="129.02759">
        <ele>694</ele>
        <time>2025-10-10T05:52:13.000Z</time>
      </trkpt>
      <trkpt lat="35.54406" lon="129.02749">
        <ele>694</ele>
        <time>2025-10-10T05:52:16.000Z</time>
      </trkpt>
      <trkpt lat="35.5441" lon="129.02737">
        <ele>684</ele>
        <time>2025-10-10T05:52:19.000Z</time>
      </trkpt>
      <trkpt lat="35.54412" lon="129.02724">
        <ele>684</ele>
        <time>2025-10-10T05:52:22.000Z</time>
      </trkpt>
      <trkpt lat="35.5441" lon="129.02707">
        <ele>687</ele>
        <time>2025-10-10T05:52:25.000Z</time>
      </trkpt>
      <trkpt lat="35.54409" lon="129.02703">
        <ele>689</ele>
        <time>2025-10-10T05:52:28.000Z</time>
      </trkpt>
      <trkpt lat="35.5441" lon="129.02685">
        <ele>685</ele>
        <time>2025-10-10T05:52:31.000Z</time>
      </trkpt>
      <trkpt lat="35.54407" lon="129.02683">
        <ele>690</ele>
        <time>2025-10-10T05:52:34.000Z</time>
      </trkpt>
      <trkpt lat="35.54406" lon="129.0268">
        <ele>690</ele>
        <time>2025-10-10T05:52:37.000Z</time>
      </trkpt>
      <trkpt lat="35.54381" lon="129.02655">
        <ele>686</ele>
        <time>2025-10-10T05:52:40.000Z</time>
      </trkpt>
      <trkpt lat="35.54378" lon="129.02649">
        <ele>700</ele>
        <time>2025-10-10T05:52:43.000Z</time>
      </trkpt>
      <trkpt lat="35.54376" lon="129.02641">
        <ele>700</ele>
        <time>2025-10-10T05:52:46.000Z</time>
      </trkpt>
      <trkpt lat="35.54373" lon="129.02638">
        <ele>700</ele>
        <time>2025-10-10T05:52:49.000Z</time>
      </trkpt>
      <trkpt lat="35.54372" lon="129.02629">
        <ele>685</ele>
        <time>2025-10-10T05:52:52.000Z</time>
      </trkpt>
      <trkpt lat="35.54372" lon="129.02617">
        <ele>694</ele>
        <time>2025-10-10T05:52:55.000Z</time>
      </trkpt>
      <trkpt lat="35.54373" lon="129.0261">
        <ele>694</ele>
        <time>2025-10-10T05:52:58.000Z</time>
      </trkpt>
      <trkpt lat="35.54373" lon="129.0258">
        <ele>685</ele>
        <time>2025-10-10T05:53:01.000Z</time>
      </trkpt>
      <trkpt lat="35.54376" lon="129.0256">
        <ele>682</ele>
        <time>2025-10-10T05:53:04.000Z</time>
      </trkpt>
      <trkpt lat="35.54374" lon="129.02548">
        <ele>679</ele>
        <time>2025-10-10T05:53:07.000Z</time>
      </trkpt>
      <trkpt lat="35.54371" lon="129.02537">
        <ele>672</ele>
        <time>2025-10-10T05:53:10.000Z</time>
      </trkpt>
      <trkpt lat="35.54365" lon="129.0253">
        <ele>672</ele>
        <time>2025-10-10T05:53:13.000Z</time>
      </trkpt>
      <trkpt lat="35.54342" lon="129.02517">
        <ele>680</ele>
        <time>2025-10-10T05:53:16.000Z</time>
      </trkpt>
      <trkpt lat="35.54338" lon="129.02517">
        <ele>673</ele>
        <time>2025-10-10T05:53:19.000Z</time>
      </trkpt>
      <trkpt lat="35.54333" lon="129.02519">
        <ele>673</ele>
        <time>2025-10-10T05:53:22.000Z</time>
      </trkpt>
      <trkpt lat="35.54331" lon="129.02523">
        <ele>684</ele>
        <time>2025-10-10T05:53:25.000Z</time>
      </trkpt>
      <trkpt lat="35.54328" lon="129.02521">
        <ele>684</ele>
        <time>2025-10-10T05:53:28.000Z</time>
      </trkpt>
      <trkpt lat="35.54326" lon="129.02522">
        <ele>684</ele>
        <time>2025-10-10T05:53:31.000Z</time>
      </trkpt>
      <trkpt lat="35.54314" lon="129.02518">
        <ele>682</ele>
        <time>2025-10-10T05:53:34.000Z</time>
      </trkpt>
      <trkpt lat="35.54311" lon="129.02518">
        <ele>682</ele>
        <time>2025-10-10T05:53:37.000Z</time>
      </trkpt>
      <trkpt lat="35.54301" lon="129.02512">
        <ele>682</ele>
        <time>2025-10-10T05:53:40.000Z</time>
      </trkpt>
      <trkpt lat="35.54294" lon="129.02503">
        <ele>678</ele>
        <time>2025-10-10T05:53:43.000Z</time>
      </trkpt>
      <trkpt lat="35.54281" lon="129.02489">
        <ele>675</ele>
        <time>2025-10-10T05:53:46.000Z</time>
      </trkpt>
      <trkpt lat="35.5428" lon="129.02489">
        <ele>675</ele>
        <time>2025-10-10T05:53:49.000Z</time>
      </trkpt>
      <trkpt lat="35.54276" lon="129.02484">
        <ele>675</ele>
        <time>2025-10-10T05:53:52.000Z</time>
      </trkpt>
      <trkpt lat="35.54276" lon="129.02482">
        <ele>675</ele>
        <time>2025-10-10T05:53:55.000Z</time>
      </trkpt>
      <trkpt lat="35.54268" lon="129.02469">
        <ele>679</ele>
        <time>2025-10-10T05:53:58.000Z</time>
      </trkpt>
      <trkpt lat="35.54263" lon="129.02454">
        <ele>666</ele>
        <time>2025-10-10T05:54:01.000Z</time>
      </trkpt>
      <trkpt lat="35.54258" lon="129.02447">
        <ele>666</ele>
        <time>2025-10-10T05:54:04.000Z</time>
      </trkpt>
      <trkpt lat="35.5425" lon="129.02442">
        <ele>666</ele>
        <time>2025-10-10T05:54:07.000Z</time>
      </trkpt>
      <trkpt lat="35.54239" lon="129.02438">
        <ele>671</ele>
        <time>2025-10-10T05:54:10.000Z</time>
      </trkpt>
      <trkpt lat="35.54232" lon="129.02441">
        <ele>665</ele>
        <time>2025-10-10T05:54:13.000Z</time>
      </trkpt>
      <trkpt lat="35.54226" lon="129.0245">
        <ele>665</ele>
        <time>2025-10-10T05:54:16.000Z</time>
      </trkpt>
      <trkpt lat="35.54216" lon="129.0246">
        <ele>669</ele>
        <time>2025-10-10T05:54:19.000Z</time>
      </trkpt>
      <trkpt lat="35.5421" lon="129.02463">
        <ele>677</ele>
        <time>2025-10-10T05:54:22.000Z</time>
      </trkpt>
      <trkpt lat="35.54198" lon="129.02463">
        <ele>667</ele>
        <time>2025-10-10T05:54:25.000Z</time>
      </trkpt>
      <trkpt lat="35.54193" lon="129.02467">
        <ele>667</ele>
        <time>2025-10-10T05:54:28.000Z</time>
      </trkpt>
      <trkpt lat="35.54187" lon="129.02467">
        <ele>655</ele>
        <time>2025-10-10T05:54:31.000Z</time>
      </trkpt>
      <trkpt lat="35.54177" lon="129.02473">
        <ele>655</ele>
        <time>2025-10-10T05:54:34.000Z</time>
      </trkpt>
      <trkpt lat="35.54176" lon="129.02476">
        <ele>655</ele>
        <time>2025-10-10T05:54:37.000Z</time>
      </trkpt>
      <trkpt lat="35.54173" lon="129.02472">
        <ele>662</ele>
        <time>2025-10-10T05:54:40.000Z</time>
      </trkpt>
      <trkpt lat="35.54168" lon="129.02467">
        <ele>655</ele>
        <time>2025-10-10T05:54:43.000Z</time>
      </trkpt>
      <trkpt lat="35.54161" lon="129.02477">
        <ele>655</ele>
        <time>2025-10-10T05:54:46.000Z</time>
      </trkpt>
      <trkpt lat="35.54158" lon="129.02488">
        <ele>667</ele>
        <time>2025-10-10T05:54:49.000Z</time>
      </trkpt>
      <trkpt lat="35.54152" lon="129.02499">
        <ele>672</ele>
        <time>2025-10-10T05:54:52.000Z</time>
      </trkpt>
      <trkpt lat="35.54145" lon="129.02505">
        <ele>672</ele>
        <time>2025-10-10T05:54:55.000Z</time>
      </trkpt>
      <trkpt lat="35.54137" lon="129.02505">
        <ele>672</ele>
        <time>2025-10-10T05:54:58.000Z</time>
      </trkpt>
      <trkpt lat="35.54133" lon="129.02506">
        <ele>672</ele>
        <time>2025-10-10T05:55:01.000Z</time>
      </trkpt>
      <trkpt lat="35.54131" lon="129.02508">
        <ele>672</ele>
        <time>2025-10-10T05:55:04.000Z</time>
      </trkpt>
      <trkpt lat="35.54122" lon="129.02499">
        <ele>674</ele>
        <time>2025-10-10T05:55:07.000Z</time>
      </trkpt>
      <trkpt lat="35.54116" lon="129.02492">
        <ele>659</ele>
        <time>2025-10-10T05:55:10.000Z</time>
      </trkpt>
      <trkpt lat="35.54104" lon="129.02471">
        <ele>660</ele>
        <time>2025-10-10T05:55:13.000Z</time>
      </trkpt>
      <trkpt lat="35.54088" lon="129.02459">
        <ele>664</ele>
        <time>2025-10-10T05:55:16.000Z</time>
      </trkpt>
      <trkpt lat="35.54086" lon="129.02459">
        <ele>647</ele>
        <time>2025-10-10T05:55:19.000Z</time>
      </trkpt>
      <trkpt lat="35.54079" lon="129.02468">
        <ele>663</ele>
        <time>2025-10-10T05:55:22.000Z</time>
      </trkpt>
      <trkpt lat="35.54071" lon="129.02472">
        <ele>663</ele>
        <time>2025-10-10T05:55:25.000Z</time>
      </trkpt>
      <trkpt lat="35.54066" lon="129.02478">
        <ele>670</ele>
        <time>2025-10-10T05:55:28.000Z</time>
      </trkpt>
      <trkpt lat="35.5406" lon="129.02477">
        <ele>670</ele>
        <time>2025-10-10T05:55:31.000Z</time>
      </trkpt>
      <trkpt lat="35.54046" lon="129.02468">
        <ele>672</ele>
        <time>2025-10-10T05:55:34.000Z</time>
      </trkpt>
      <trkpt lat="35.54043" lon="129.02468">
        <ele>672</ele>
        <time>2025-10-10T05:55:37.000Z</time>
      </trkpt>
      <trkpt lat="35.54036" lon="129.02465">
        <ele>672</ele>
        <time>2025-10-10T05:55:40.000Z</time>
      </trkpt>
      <trkpt lat="35.54024" lon="129.02466">
        <ele>672</ele>
        <time>2025-10-10T05:55:43.000Z</time>
      </trkpt>
      <trkpt lat="35.54006" lon="129.02462">
        <ele>663</ele>
        <time>2025-10-10T05:55:46.000Z</time>
      </trkpt>
      <trkpt lat="35.53987" lon="129.02457">
        <ele>666</ele>
        <time>2025-10-10T05:55:49.000Z</time>
      </trkpt>
      <trkpt lat="35.5398" lon="129.02464">
        <ele>669</ele>
        <time>2025-10-10T05:55:52.000Z</time>
      </trkpt>
      <trkpt lat="35.53977" lon="129.02471">
        <ele>669</ele>
        <time>2025-10-10T05:55:55.000Z</time>
      </trkpt>
      <trkpt lat="35.53969" lon="129.02475">
        <ele>661</ele>
        <time>2025-10-10T05:55:58.000Z</time>
      </trkpt>
      <trkpt lat="35.53965" lon="129.02476">
        <ele>669</ele>
        <time>2025-10-10T05:56:01.000Z</time>
      </trkpt>
      <trkpt lat="35.53953" lon="129.02478">
        <ele>664</ele>
        <time>2025-10-10T05:56:04.000Z</time>
      </trkpt>
      <trkpt lat="35.53938" lon="129.02474">
        <ele>656</ele>
        <time>2025-10-10T05:56:07.000Z</time>
      </trkpt>
      <trkpt lat="35.53918" lon="129.02471">
        <ele>656</ele>
        <time>2025-10-10T05:56:10.000Z</time>
      </trkpt>
      <trkpt lat="35.53905" lon="129.02476">
        <ele>651</ele>
        <time>2025-10-10T05:56:13.000Z</time>
      </trkpt>
      <trkpt lat="35.53904" lon="129.02477">
        <ele>651</ele>
        <time>2025-10-10T05:56:16.000Z</time>
      </trkpt>
      <trkpt lat="35.53888" lon="129.02481">
        <ele>651</ele>
        <time>2025-10-10T05:56:19.000Z</time>
      </trkpt>
      <trkpt lat="35.53878" lon="129.02488">
        <ele>646</ele>
        <time>2025-10-10T05:56:22.000Z</time>
      </trkpt>
      <trkpt lat="35.53864" lon="129.02488">
        <ele>646</ele>
        <time>2025-10-10T05:56:25.000Z</time>
      </trkpt>
      <trkpt lat="35.53845" lon="129.02484">
        <ele>640</ele>
        <time>2025-10-10T05:56:28.000Z</time>
      </trkpt>
      <trkpt lat="35.53837" lon="129.02485">
        <ele>640</ele>
        <time>2025-10-10T05:56:31.000Z</time>
      </trkpt>
      <trkpt lat="35.53832" lon="129.02488">
        <ele>640</ele>
        <time>2025-10-10T05:56:34.000Z</time>
      </trkpt>
      <trkpt lat="35.53817" lon="129.02508">
        <ele>640</ele>
        <time>2025-10-10T05:56:37.000Z</time>
      </trkpt>
      <trkpt lat="35.53816" lon="129.02492">
        <ele>638</ele>
        <time>2025-10-10T05:56:40.000Z</time>
      </trkpt>
      <trkpt lat="35.53818" lon="129.02483">
        <ele>629</ele>
        <time>2025-10-10T05:56:43.000Z</time>
      </trkpt>
      <trkpt lat="35.53821" lon="129.02477">
        <ele>640</ele>
        <time>2025-10-10T05:56:46.000Z</time>
      </trkpt>
      <trkpt lat="35.53827" lon="129.02471">
        <ele>640</ele>
        <time>2025-10-10T05:56:49.000Z</time>
      </trkpt>
      <trkpt lat="35.53832" lon="129.02462">
        <ele>640</ele>
        <time>2025-10-10T05:56:52.000Z</time>
      </trkpt>
      <trkpt lat="35.5384" lon="129.02459">
        <ele>637</ele>
        <time>2025-10-10T05:56:55.000Z</time>
      </trkpt>
      <trkpt lat="35.53848" lon="129.02457">
        <ele>630</ele>
        <time>2025-10-10T05:56:58.000Z</time>
      </trkpt>
      <trkpt lat="35.53851" lon="129.02454">
        <ele>635</ele>
        <time>2025-10-10T05:57:01.000Z</time>
      </trkpt>
      <trkpt lat="35.53855" lon="129.02452">
        <ele>635</ele>
        <time>2025-10-10T05:57:04.000Z</time>
      </trkpt>
      <trkpt lat="35.53862" lon="129.0245">
        <ele>636</ele>
        <time>2025-10-10T05:57:07.000Z</time>
      </trkpt>
      <trkpt lat="35.53864" lon="129.0245">
        <ele>635</ele>
        <time>2025-10-10T05:57:10.000Z</time>
      </trkpt>
      <trkpt lat="35.53866" lon="129.02453">
        <ele>635</ele>
        <time>2025-10-10T05:57:13.000Z</time>
      </trkpt>
      <trkpt lat="35.53869" lon="129.02453">
        <ele>635</ele>
        <time>2025-10-10T05:57:16.000Z</time>
      </trkpt>
      <trkpt lat="35.53871" lon="129.02452">
        <ele>635</ele>
        <time>2025-10-10T05:57:19.000Z</time>
      </trkpt>
      <trkpt lat="35.53874" lon="129.02448">
        <ele>635</ele>
        <time>2025-10-10T05:57:22.000Z</time>
      </trkpt>
      <trkpt lat="35.53877" lon="129.02442">
        <ele>635</ele>
        <time>2025-10-10T05:57:25.000Z</time>
      </trkpt>
      <trkpt lat="35.5388" lon="129.0244">
        <ele>636</ele>
        <time>2025-10-10T05:57:28.000Z</time>
      </trkpt>
      <trkpt lat="35.53885" lon="129.02432">
        <ele>628</ele>
        <time>2025-10-10T05:57:31.000Z</time>
      </trkpt>
      <trkpt lat="35.53896" lon="129.02424">
        <ele>628</ele>
        <time>2025-10-10T05:57:34.000Z</time>
      </trkpt>
      <trkpt lat="35.539" lon="129.02418">
        <ele>628</ele>
        <time>2025-10-10T05:57:37.000Z</time>
      </trkpt>
      <trkpt lat="35.53913" lon="129.02409">
        <ele>620</ele>
        <time>2025-10-10T05:57:40.000Z</time>
      </trkpt>
      <trkpt lat="35.53919" lon="129.02408">
        <ele>620</ele>
        <time>2025-10-10T05:57:43.000Z</time>
      </trkpt>
      <trkpt lat="35.53923" lon="129.02409">
        <ele>625</ele>
        <time>2025-10-10T05:57:46.000Z</time>
      </trkpt>
      <trkpt lat="35.53935" lon="129.02406">
        <ele>620</ele>
        <time>2025-10-10T05:57:49.000Z</time>
      </trkpt>
      <trkpt lat="35.53942" lon="129.02407">
        <ele>622</ele>
        <time>2025-10-10T05:57:52.000Z</time>
      </trkpt>
      <trkpt lat="35.53943" lon="129.02408">
        <ele>622</ele>
        <time>2025-10-10T05:57:55.000Z</time>
      </trkpt>
      <trkpt lat="35.53945" lon="129.02407">
        <ele>626</ele>
        <time>2025-10-10T05:57:58.000Z</time>
      </trkpt>
      <trkpt lat="35.53955" lon="129.02399">
        <ele>622</ele>
        <time>2025-10-10T05:58:01.000Z</time>
      </trkpt>
      <trkpt lat="35.5396" lon="129.02394">
        <ele>627</ele>
        <time>2025-10-10T05:58:04.000Z</time>
      </trkpt>
      <trkpt lat="35.53961" lon="129.02388">
        <ele>623</ele>
        <time>2025-10-10T05:58:07.000Z</time>
      </trkpt>
      <trkpt lat="35.53965" lon="129.02381">
        <ele>627</ele>
        <time>2025-10-10T05:58:10.000Z</time>
      </trkpt>
      <trkpt lat="35.53966" lon="129.02375">
        <ele>621</ele>
        <time>2025-10-10T05:58:13.000Z</time>
      </trkpt>
      <trkpt lat="35.5397" lon="129.02367">
        <ele>621</ele>
        <time>2025-10-10T05:58:16.000Z</time>
      </trkpt>
      <trkpt lat="35.53982" lon="129.02361">
        <ele>621</ele>
        <time>2025-10-10T05:58:19.000Z</time>
      </trkpt>
      <trkpt lat="35.53991" lon="129.0236">
        <ele>621</ele>
        <time>2025-10-10T05:58:22.000Z</time>
      </trkpt>
      <trkpt lat="35.54002" lon="129.02364">
        <ele>621</ele>
        <time>2025-10-10T05:58:25.000Z</time>
      </trkpt>
      <trkpt lat="35.54006" lon="129.02364">
        <ele>621</ele>
        <time>2025-10-10T05:58:28.000Z</time>
      </trkpt>
      <trkpt lat="35.54009" lon="129.02365">
        <ele>621</ele>
        <time>2025-10-10T05:58:31.000Z</time>
      </trkpt>
      <trkpt lat="35.54016" lon="129.02362">
        <ele>621</ele>
        <time>2025-10-10T05:58:34.000Z</time>
      </trkpt>
      <trkpt lat="35.54023" lon="129.02364">
        <ele>625</ele>
        <time>2025-10-10T05:58:37.000Z</time>
      </trkpt>
      <trkpt lat="35.54029" lon="129.02363">
        <ele>614</ele>
        <time>2025-10-10T05:58:40.000Z</time>
      </trkpt>
      <trkpt lat="35.54034" lon="129.0236">
        <ele>625</ele>
        <time>2025-10-10T05:58:43.000Z</time>
      </trkpt>
      <trkpt lat="35.54044" lon="129.02349">
        <ele>607</ele>
        <time>2025-10-10T05:58:46.000Z</time>
      </trkpt>
      <trkpt lat="35.54047" lon="129.02344">
        <ele>612</ele>
        <time>2025-10-10T05:58:49.000Z</time>
      </trkpt>
      <trkpt lat="35.54053" lon="129.02339">
        <ele>611</ele>
        <time>2025-10-10T05:58:52.000Z</time>
      </trkpt>
      <trkpt lat="35.54056" lon="129.02331">
        <ele>611</ele>
        <time>2025-10-10T05:58:55.000Z</time>
      </trkpt>
      <trkpt lat="35.5406" lon="129.02327">
        <ele>611</ele>
        <time>2025-10-10T05:58:58.000Z</time>
      </trkpt>
      <trkpt lat="35.54063" lon="129.02326">
        <ele>611</ele>
        <time>2025-10-10T05:59:01.000Z</time>
      </trkpt>
      <trkpt lat="35.54077" lon="129.02312">
        <ele>598</ele>
        <time>2025-10-10T05:59:04.000Z</time>
      </trkpt>
      <trkpt lat="35.54081" lon="129.02306">
        <ele>598</ele>
        <time>2025-10-10T05:59:07.000Z</time>
      </trkpt>
      <trkpt lat="35.54084" lon="129.02296">
        <ele>580</ele>
        <time>2025-10-10T05:59:10.000Z</time>
      </trkpt>
      <trkpt lat="35.54088" lon="129.02292">
        <ele>580</ele>
        <time>2025-10-10T05:59:13.000Z</time>
      </trkpt>
      <trkpt lat="35.5409" lon="129.02291">
        <ele>580</ele>
        <time>2025-10-10T05:59:16.000Z</time>
      </trkpt>
      <trkpt lat="35.54094" lon="129.02291">
        <ele>580</ele>
        <time>2025-10-10T05:59:19.000Z</time>
      </trkpt>
      <trkpt lat="35.54099" lon="129.02289">
        <ele>580</ele>
        <time>2025-10-10T05:59:22.000Z</time>
      </trkpt>
      <trkpt lat="35.54104" lon="129.02289">
        <ele>575</ele>
        <time>2025-10-10T05:59:25.000Z</time>
      </trkpt>
      <trkpt lat="35.5412" lon="129.02285">
        <ele>575</ele>
        <time>2025-10-10T05:59:28.000Z</time>
      </trkpt>
      <trkpt lat="35.54126" lon="129.0228">
        <ele>579</ele>
        <time>2025-10-10T05:59:31.000Z</time>
      </trkpt>
      <trkpt lat="35.54133" lon="129.0228">
        <ele>579</ele>
        <time>2025-10-10T05:59:34.000Z</time>
      </trkpt>
      <trkpt lat="35.54139" lon="129.02277">
        <ele>579</ele>
        <time>2025-10-10T05:59:37.000Z</time>
      </trkpt>
      <trkpt lat="35.54148" lon="129.02271">
        <ele>579</ele>
        <time>2025-10-10T05:59:40.000Z</time>
      </trkpt>
      <trkpt lat="35.54149" lon="129.02271">
        <ele>579</ele>
        <time>2025-10-10T05:59:43.000Z</time>
      </trkpt>
      <trkpt lat="35.54152" lon="129.02273">
        <ele>579</ele>
        <time>2025-10-10T05:59:46.000Z</time>
      </trkpt>
      <trkpt lat="35.54156" lon="129.02272">
        <ele>579</ele>
        <time>2025-10-10T05:59:49.000Z</time>
      </trkpt>
      <trkpt lat="35.54161" lon="129.02268">
        <ele>579</ele>
        <time>2025-10-10T05:59:52.000Z</time>
      </trkpt>
      <trkpt lat="35.54167" lon="129.02266">
        <ele>579</ele>
        <time>2025-10-10T05:59:55.000Z</time>
      </trkpt>
      <trkpt lat="35.54172" lon="129.02263">
        <ele>579</ele>
        <time>2025-10-10T05:59:58.000Z</time>
      </trkpt>
      <trkpt lat="35.54177" lon="129.02263">
        <ele>579</ele>
        <time>2025-10-10T06:00:01.000Z</time>
      </trkpt>
      <trkpt lat="35.54184" lon="129.02258">
        <ele>579</ele>
        <time>2025-10-10T06:00:04.000Z</time>
      </trkpt>
      <trkpt lat="35.54191" lon="129.02262">
        <ele>582</ele>
        <time>2025-10-10T06:00:07.000Z</time>
      </trkpt>
      <trkpt lat="35.54214" lon="129.02261">
        <ele>577</ele>
        <time>2025-10-10T06:00:10.000Z</time>
      </trkpt>
      <trkpt lat="35.54215" lon="129.02264">
        <ele>577</ele>
        <time>2025-10-10T06:00:13.000Z</time>
      </trkpt>
      <trkpt lat="35.54223" lon="129.02265">
        <ele>577</ele>
        <time>2025-10-10T06:00:16.000Z</time>
      </trkpt>
      <trkpt lat="35.54231" lon="129.02264">
        <ele>577</ele>
        <time>2025-10-10T06:00:19.000Z</time>
      </trkpt>
      <trkpt lat="35.54234" lon="129.02263">
        <ele>577</ele>
        <time>2025-10-10T06:00:22.000Z</time>
      </trkpt>
      <trkpt lat="35.54244" lon="129.02265">
        <ele>569</ele>
        <time>2025-10-10T06:00:25.000Z</time>
      </trkpt>
      <trkpt lat="35.5425" lon="129.02268">
        <ele>569</ele>
        <time>2025-10-10T06:00:28.000Z</time>
      </trkpt>
      <trkpt lat="35.54254" lon="129.02269">
        <ele>569</ele>
        <time>2025-10-10T06:00:31.000Z</time>
      </trkpt>
      <trkpt lat="35.54269" lon="129.02266">
        <ele>569</ele>
        <time>2025-10-10T06:00:34.000Z</time>
      </trkpt>
      <trkpt lat="35.54283" lon="129.02262">
        <ele>573</ele>
        <time>2025-10-10T06:00:37.000Z</time>
      </trkpt>
      <trkpt lat="35.54287" lon="129.0226">
        <ele>573</ele>
        <time>2025-10-10T06:00:40.000Z</time>
      </trkpt>
      <trkpt lat="35.54288" lon="129.02254">
        <ele>573</ele>
        <time>2025-10-10T06:00:43.000Z</time>
      </trkpt>
      <trkpt lat="35.54285" lon="129.02254">
        <ele>573</ele>
        <time>2025-10-10T06:00:46.000Z</time>
      </trkpt>
      <trkpt lat="35.54281" lon="129.02256">
        <ele>573</ele>
        <time>2025-10-10T06:00:49.000Z</time>
      </trkpt>
      <trkpt lat="35.54279" lon="129.02256">
        <ele>573</ele>
        <time>2025-10-10T06:00:52.000Z</time>
      </trkpt>
      <trkpt lat="35.54279" lon="129.02255">
        <ele>573</ele>
        <time>2025-10-10T06:00:55.000Z</time>
      </trkpt>
      <trkpt lat="35.54282" lon="129.02253">
        <ele>573</ele>
        <time>2025-10-10T06:00:58.000Z</time>
      </trkpt>
      <trkpt lat="35.54285" lon="129.02253">
        <ele>573</ele>
        <time>2025-10-10T06:01:01.000Z</time>
      </trkpt>
      <trkpt lat="35.54273" lon="129.02256">
        <ele>573</ele>
        <time>2025-10-10T06:01:04.000Z</time>
      </trkpt>
      <trkpt lat="35.54275" lon="129.02255">
        <ele>573</ele>
        <time>2025-10-10T06:01:07.000Z</time>
      </trkpt>
      <trkpt lat="35.54276" lon="129.02256">
        <ele>573</ele>
        <time>2025-10-10T06:01:10.000Z</time>
      </trkpt>
      <trkpt lat="35.54278" lon="129.02256">
        <ele>573</ele>
        <time>2025-10-10T06:01:13.000Z</time>
      </trkpt>
      <trkpt lat="35.54274" lon="129.02245">
        <ele>573</ele>
        <time>2025-10-10T06:01:16.000Z</time>
      </trkpt>
      <trkpt lat="35.54262" lon="129.02238">
        <ele>563</ele>
        <time>2025-10-10T06:01:19.000Z</time>
      </trkpt>
      <trkpt lat="35.5424" lon="129.02216">
        <ele>563</ele>
        <time>2025-10-10T06:01:22.000Z</time>
      </trkpt>
      <trkpt lat="35.54218" lon="129.02193">
        <ele>555</ele>
        <time>2025-10-10T06:01:25.000Z</time>
      </trkpt>
      <trkpt lat="35.54196" lon="129.02187">
        <ele>554</ele>
        <time>2025-10-10T06:01:28.000Z</time>
      </trkpt>
      <trkpt lat="35.54185" lon="129.02182">
        <ele>554</ele>
        <time>2025-10-10T06:01:31.000Z</time>
      </trkpt>
      <trkpt lat="35.54154" lon="129.02184">
        <ele>549</ele>
        <time>2025-10-10T06:01:34.000Z</time>
      </trkpt>
      <trkpt lat="35.54145" lon="129.02186">
        <ele>549</ele>
        <time>2025-10-10T06:01:37.000Z</time>
      </trkpt>
      <trkpt lat="35.54136" lon="129.02184">
        <ele>549</ele>
        <time>2025-10-10T06:01:40.000Z</time>
      </trkpt>
      <trkpt lat="35.54128" lon="129.02185">
        <ele>545</ele>
        <time>2025-10-10T06:01:43.000Z</time>
      </trkpt>
      <trkpt lat="35.54124" lon="129.02187">
        <ele>545</ele>
        <time>2025-10-10T06:01:46.000Z</time>
      </trkpt>
      <trkpt lat="35.54115" lon="129.02184">
        <ele>545</ele>
        <time>2025-10-10T06:01:49.000Z</time>
      </trkpt>
      <trkpt lat="35.54106" lon="129.02184">
        <ele>545</ele>
        <time>2025-10-10T06:01:52.000Z</time>
      </trkpt>
      <trkpt lat="35.54099" lon="129.02182">
        <ele>548</ele>
        <time>2025-10-10T06:01:55.000Z</time>
      </trkpt>
      <trkpt lat="35.54082" lon="129.02186">
        <ele>548</ele>
        <time>2025-10-10T06:01:58.000Z</time>
      </trkpt>
      <trkpt lat="35.54067" lon="129.02194">
        <ele>556</ele>
        <time>2025-10-10T06:02:01.000Z</time>
      </trkpt>
      <trkpt lat="35.54047" lon="129.02192">
        <ele>550</ele>
        <time>2025-10-10T06:02:04.000Z</time>
      </trkpt>
      <trkpt lat="35.5404" lon="129.02193">
        <ele>554</ele>
        <time>2025-10-10T06:02:07.000Z</time>
      </trkpt>
      <trkpt lat="35.54024" lon="129.0219">
        <ele>549</ele>
        <time>2025-10-10T06:02:10.000Z</time>
      </trkpt>
      <trkpt lat="35.54017" lon="129.02187">
        <ele>549</ele>
        <time>2025-10-10T06:02:13.000Z</time>
      </trkpt>
      <trkpt lat="35.54011" lon="129.02186">
        <ele>549</ele>
        <time>2025-10-10T06:02:16.000Z</time>
      </trkpt>
      <trkpt lat="35.54007" lon="129.02187">
        <ele>549</ele>
        <time>2025-10-10T06:02:19.000Z</time>
      </trkpt>
      <trkpt lat="35.5399" lon="129.02183">
        <ele>549</ele>
        <time>2025-10-10T06:02:22.000Z</time>
      </trkpt>
      <trkpt lat="35.53979" lon="129.02182">
        <ele>542</ele>
        <time>2025-10-10T06:02:25.000Z</time>
      </trkpt>
      <trkpt lat="35.53967" lon="129.0219">
        <ele>542</ele>
        <time>2025-10-10T06:02:28.000Z</time>
      </trkpt>
      <trkpt lat="35.53958" lon="129.02199">
        <ele>538</ele>
        <time>2025-10-10T06:02:31.000Z</time>
      </trkpt>
      <trkpt lat="35.53948" lon="129.02206">
        <ele>545</ele>
        <time>2025-10-10T06:02:34.000Z</time>
      </trkpt>
      <trkpt lat="35.53933" lon="129.02219">
        <ele>549</ele>
        <time>2025-10-10T06:02:37.000Z</time>
      </trkpt>
      <trkpt lat="35.53931" lon="129.02223">
        <ele>549</ele>
        <time>2025-10-10T06:02:40.000Z</time>
      </trkpt>
      <trkpt lat="35.53932" lon="129.02223">
        <ele>549</ele>
        <time>2025-10-10T06:02:43.000Z</time>
      </trkpt>
      <trkpt lat="35.53932" lon="129.02225">
        <ele>549</ele>
        <time>2025-10-10T06:02:46.000Z</time>
      </trkpt>
      <trkpt lat="35.53931" lon="129.02228">
        <ele>549</ele>
        <time>2025-10-10T06:02:49.000Z</time>
      </trkpt>
      <trkpt lat="35.5393" lon="129.02228">
        <ele>549</ele>
        <time>2025-10-10T06:02:52.000Z</time>
      </trkpt>
      <trkpt lat="35.5393" lon="129.02231">
        <ele>549</ele>
        <time>2025-10-10T06:02:55.000Z</time>
      </trkpt>
      <trkpt lat="35.53927" lon="129.02246">
        <ele>557</ele>
        <time>2025-10-10T06:02:58.000Z</time>
      </trkpt>
      <trkpt lat="35.53926" lon="129.02246">
        <ele>557</ele>
        <time>2025-10-10T06:03:01.000Z</time>
      </trkpt>
      <trkpt lat="35.53921" lon="129.0225">
        <ele>557</ele>
        <time>2025-10-10T06:03:04.000Z</time>
      </trkpt>
      <trkpt lat="35.53914" lon="129.02253">
        <ele>557</ele>
        <time>2025-10-10T06:03:07.000Z</time>
      </trkpt>
      <trkpt lat="35.53906" lon="129.02262">
        <ele>559</ele>
        <time>2025-10-10T06:03:10.000Z</time>
      </trkpt>
      <trkpt lat="35.539" lon="129.02267">
        <ele>559</ele>
        <time>2025-10-10T06:03:13.000Z</time>
      </trkpt>
      <trkpt lat="35.53894" lon="129.02274">
        <ele>576</ele>
        <time>2025-10-10T06:03:16.000Z</time>
      </trkpt>
      <trkpt lat="35.5388" lon="129.02274">
        <ele>564</ele>
        <time>2025-10-10T06:03:19.000Z</time>
      </trkpt>
      <trkpt lat="35.53872" lon="129.02277">
        <ele>569</ele>
        <time>2025-10-10T06:03:22.000Z</time>
      </trkpt>
      <trkpt lat="35.53869" lon="129.02276">
        <ele>569</ele>
        <time>2025-10-10T06:03:25.000Z</time>
      </trkpt>
      <trkpt lat="35.53863" lon="129.02279">
        <ele>569</ele>
        <time>2025-10-10T06:03:28.000Z</time>
      </trkpt>
      <trkpt lat="35.53859" lon="129.0228">
        <ele>563</ele>
        <time>2025-10-10T06:03:31.000Z</time>
      </trkpt>
      <trkpt lat="35.53856" lon="129.02283">
        <ele>569</ele>
        <time>2025-10-10T06:03:34.000Z</time>
      </trkpt>
      <trkpt lat="35.53837" lon="129.02286">
        <ele>563</ele>
        <time>2025-10-10T06:03:37.000Z</time>
      </trkpt>
      <trkpt lat="35.53834" lon="129.02288">
        <ele>563</ele>
        <time>2025-10-10T06:03:40.000Z</time>
      </trkpt>
      <trkpt lat="35.53826" lon="129.02291">
        <ele>563</ele>
        <time>2025-10-10T06:03:43.000Z</time>
      </trkpt>
      <trkpt lat="35.53823" lon="129.02295">
        <ele>563</ele>
        <time>2025-10-10T06:03:46.000Z</time>
      </trkpt>
      <trkpt lat="35.53817" lon="129.023">
        <ele>570</ele>
        <time>2025-10-10T06:03:49.000Z</time>
      </trkpt>
      <trkpt lat="35.53817" lon="129.02302">
        <ele>570</ele>
        <time>2025-10-10T06:03:52.000Z</time>
      </trkpt>
      <trkpt lat="35.53816" lon="129.02301">
        <ele>570</ele>
        <time>2025-10-10T06:03:55.000Z</time>
      </trkpt>
      <trkpt lat="35.53813" lon="129.02311">
        <ele>570</ele>
        <time>2025-10-10T06:03:58.000Z</time>
      </trkpt>
      <trkpt lat="35.53813" lon="129.02313">
        <ele>570</ele>
        <time>2025-10-10T06:04:01.000Z</time>
      </trkpt>
      <trkpt lat="35.53807" lon="129.02313">
        <ele>570</ele>
        <time>2025-10-10T06:04:04.000Z</time>
      </trkpt>
      <trkpt lat="35.53803" lon="129.02312">
        <ele>570</ele>
        <time>2025-10-10T06:04:07.000Z</time>
      </trkpt>
      <trkpt lat="35.53788" lon="129.02315">
        <ele>550</ele>
        <time>2025-10-10T06:04:10.000Z</time>
      </trkpt>
      <trkpt lat="35.53773" lon="129.02312">
        <ele>550</ele>
        <time>2025-10-10T06:04:13.000Z</time>
      </trkpt>
      <trkpt lat="35.5376" lon="129.02316">
        <ele>532</ele>
        <time>2025-10-10T06:04:16.000Z</time>
      </trkpt>
      <trkpt lat="35.53751" lon="129.02325">
        <ele>548</ele>
        <time>2025-10-10T06:04:19.000Z</time>
      </trkpt>
      <trkpt lat="35.53749" lon="129.02325">
        <ele>548</ele>
        <time>2025-10-10T06:04:22.000Z</time>
      </trkpt>
      <trkpt lat="35.53744" lon="129.02329">
        <ele>548</ele>
        <time>2025-10-10T06:04:25.000Z</time>
      </trkpt>
      <trkpt lat="35.53743" lon="129.02331">
        <ele>548</ele>
        <time>2025-10-10T06:04:28.000Z</time>
      </trkpt>
      <trkpt lat="35.53743" lon="129.02333">
        <ele>548</ele>
        <time>2025-10-10T06:04:31.000Z</time>
      </trkpt>
      <trkpt lat="35.5374" lon="129.02335">
        <ele>535</ele>
        <time>2025-10-10T06:04:34.000Z</time>
      </trkpt>
      <trkpt lat="35.53735" lon="129.02335">
        <ele>535</ele>
        <time>2025-10-10T06:04:37.000Z</time>
      </trkpt>
      <trkpt lat="35.53734" lon="129.02333">
        <ele>535</ele>
        <time>2025-10-10T06:04:40.000Z</time>
      </trkpt>
      <trkpt lat="35.53731" lon="129.02333">
        <ele>544</ele>
        <time>2025-10-10T06:04:43.000Z</time>
      </trkpt>
      <trkpt lat="35.5373" lon="129.02334">
        <ele>535</ele>
        <time>2025-10-10T06:04:46.000Z</time>
      </trkpt>
      <trkpt lat="35.53727" lon="129.02335">
        <ele>535</ele>
        <time>2025-10-10T06:04:49.000Z</time>
      </trkpt>
      <trkpt lat="35.53723" lon="129.02341">
        <ele>535</ele>
        <time>2025-10-10T06:04:52.000Z</time>
      </trkpt>
      <trkpt lat="35.53722" lon="129.02346">
        <ele>535</ele>
        <time>2025-10-10T06:04:55.000Z</time>
      </trkpt>
      <trkpt lat="35.53717" lon="129.02353">
        <ele>541</ele>
        <time>2025-10-10T06:04:58.000Z</time>
      </trkpt>
      <trkpt lat="35.53713" lon="129.02357">
        <ele>541</ele>
        <time>2025-10-10T06:05:01.000Z</time>
      </trkpt>
      <trkpt lat="35.53712" lon="129.02363">
        <ele>541</ele>
        <time>2025-10-10T06:05:04.000Z</time>
      </trkpt>
      <trkpt lat="35.53708" lon="129.0237">
        <ele>534</ele>
        <time>2025-10-10T06:05:07.000Z</time>
      </trkpt>
      <trkpt lat="35.53705" lon="129.02377">
        <ele>540</ele>
        <time>2025-10-10T06:05:10.000Z</time>
      </trkpt>
      <trkpt lat="35.53701" lon="129.02381">
        <ele>545</ele>
        <time>2025-10-10T06:05:13.000Z</time>
      </trkpt>
      <trkpt lat="35.53697" lon="129.02383">
        <ele>545</ele>
        <time>2025-10-10T06:05:16.000Z</time>
      </trkpt>
      <trkpt lat="35.53687" lon="129.02385">
        <ele>539</ele>
        <time>2025-10-10T06:05:19.000Z</time>
      </trkpt>
      <trkpt lat="35.53678" lon="129.02388">
        <ele>539</ele>
        <time>2025-10-10T06:05:22.000Z</time>
      </trkpt>
      <trkpt lat="35.53674" lon="129.02391">
        <ele>539</ele>
        <time>2025-10-10T06:05:25.000Z</time>
      </trkpt>
      <trkpt lat="35.5367" lon="129.02398">
        <ele>539</ele>
        <time>2025-10-10T06:05:28.000Z</time>
      </trkpt>
      <trkpt lat="35.53658" lon="129.02402">
        <ele>526</ele>
        <time>2025-10-10T06:05:31.000Z</time>
      </trkpt>
      <trkpt lat="35.53643" lon="129.02405">
        <ele>526</ele>
        <time>2025-10-10T06:05:34.000Z</time>
      </trkpt>
      <trkpt lat="35.53625" lon="129.02404">
        <ele>512</ele>
        <time>2025-10-10T06:05:37.000Z</time>
      </trkpt>
      <trkpt lat="35.53617" lon="129.02406">
        <ele>512</ele>
        <time>2025-10-10T06:05:40.000Z</time>
      </trkpt>
      <trkpt lat="35.53611" lon="129.02409">
        <ele>512</ele>
        <time>2025-10-10T06:05:43.000Z</time>
      </trkpt>
      <trkpt lat="35.53607" lon="129.02409">
        <ele>512</ele>
        <time>2025-10-10T06:05:46.000Z</time>
      </trkpt>
      <trkpt lat="35.53604" lon="129.02408">
        <ele>512</ele>
        <time>2025-10-10T06:05:49.000Z</time>
      </trkpt>
      <trkpt lat="35.536" lon="129.02409">
        <ele>512</ele>
        <time>2025-10-10T06:05:52.000Z</time>
      </trkpt>
      <trkpt lat="35.53598" lon="129.02418">
        <ele>518</ele>
        <time>2025-10-10T06:05:55.000Z</time>
      </trkpt>
      <trkpt lat="35.53595" lon="129.02421">
        <ele>518</ele>
        <time>2025-10-10T06:05:58.000Z</time>
      </trkpt>
      <trkpt lat="35.53591" lon="129.02422">
        <ele>518</ele>
        <time>2025-10-10T06:06:01.000Z</time>
      </trkpt>
      <trkpt lat="35.53585" lon="129.0242">
        <ele>518</ele>
        <time>2025-10-10T06:06:04.000Z</time>
      </trkpt>
      <trkpt lat="35.53577" lon="129.0242">
        <ele>508</ele>
        <time>2025-10-10T06:06:07.000Z</time>
      </trkpt>
      <trkpt lat="35.53566" lon="129.02425">
        <ele>505</ele>
        <time>2025-10-10T06:06:10.000Z</time>
      </trkpt>
      <trkpt lat="35.53561" lon="129.02431">
        <ele>505</ele>
        <time>2025-10-10T06:06:13.000Z</time>
      </trkpt>
      <trkpt lat="35.53559" lon="129.02431">
        <ele>505</ele>
        <time>2025-10-10T06:06:16.000Z</time>
      </trkpt>
      <trkpt lat="35.53553" lon="129.02438">
        <ele>510</ele>
        <time>2025-10-10T06:06:19.000Z</time>
      </trkpt>
      <trkpt lat="35.53545" lon="129.02445">
        <ele>513</ele>
        <time>2025-10-10T06:06:22.000Z</time>
      </trkpt>
      <trkpt lat="35.53539" lon="129.02448">
        <ele>513</ele>
        <time>2025-10-10T06:06:25.000Z</time>
      </trkpt>
      <trkpt lat="35.53534" lon="129.02456">
        <ele>513</ele>
        <time>2025-10-10T06:06:28.000Z</time>
      </trkpt>
      <trkpt lat="35.53531" lon="129.02458">
        <ele>513</ele>
        <time>2025-10-10T06:06:31.000Z</time>
      </trkpt>
      <trkpt lat="35.53525" lon="129.02457">
        <ele>513</ele>
        <time>2025-10-10T06:06:34.000Z</time>
      </trkpt>
      <trkpt lat="35.53495" lon="129.02471">
        <ele>523</ele>
        <time>2025-10-10T06:06:37.000Z</time>
      </trkpt>
      <trkpt lat="35.53487" lon="129.02477">
        <ele>534</ele>
        <time>2025-10-10T06:06:40.000Z</time>
      </trkpt>
      <trkpt lat="35.53476" lon="129.02482">
        <ele>534</ele>
        <time>2025-10-10T06:06:43.000Z</time>
      </trkpt>
      <trkpt lat="35.53473" lon="129.02484">
        <ele>525</ele>
        <time>2025-10-10T06:06:46.000Z</time>
      </trkpt>
      <trkpt lat="35.53448" lon="129.02488">
        <ele>524</ele>
        <time>2025-10-10T06:06:49.000Z</time>
      </trkpt>
      <trkpt lat="35.5344" lon="129.02496">
        <ele>524</ele>
        <time>2025-10-10T06:06:52.000Z</time>
      </trkpt>
      <trkpt lat="35.53428" lon="129.0251">
        <ele>524</ele>
        <time>2025-10-10T06:06:55.000Z</time>
      </trkpt>
      <trkpt lat="35.53425" lon="129.02517">
        <ele>524</ele>
        <time>2025-10-10T06:06:58.000Z</time>
      </trkpt>
      <trkpt lat="35.53416" lon="129.02526">
        <ele>530</ele>
        <time>2025-10-10T06:07:01.000Z</time>
      </trkpt>
      <trkpt lat="35.53415" lon="129.02525">
        <ele>530</ele>
        <time>2025-10-10T06:07:04.000Z</time>
      </trkpt>
      <trkpt lat="35.53411" lon="129.02531">
        <ele>514</ele>
        <time>2025-10-10T06:07:07.000Z</time>
      </trkpt>
      <trkpt lat="35.53408" lon="129.02531">
        <ele>505</ele>
        <time>2025-10-10T06:07:10.000Z</time>
      </trkpt>
      <trkpt lat="35.53401" lon="129.02535">
        <ele>505</ele>
        <time>2025-10-10T06:07:13.000Z</time>
      </trkpt>
      <trkpt lat="35.53398" lon="129.02534">
        <ele>505</ele>
        <time>2025-10-10T06:07:16.000Z</time>
      </trkpt>
      <trkpt lat="35.53396" lon="129.02537">
        <ele>505</ele>
        <time>2025-10-10T06:07:19.000Z</time>
      </trkpt>
      <trkpt lat="35.53394" lon="129.02543">
        <ele>517</ele>
        <time>2025-10-10T06:07:22.000Z</time>
      </trkpt>
      <trkpt lat="35.53394" lon="129.0255">
        <ele>521</ele>
        <time>2025-10-10T06:07:25.000Z</time>
      </trkpt>
      <trkpt lat="35.53396" lon="129.02557">
        <ele>521</ele>
        <time>2025-10-10T06:07:28.000Z</time>
      </trkpt>
      <trkpt lat="35.53397" lon="129.02556">
        <ele>521</ele>
        <time>2025-10-10T06:07:31.000Z</time>
      </trkpt>
      <trkpt lat="35.53389" lon="129.02559">
        <ele>521</ele>
        <time>2025-10-10T06:07:34.000Z</time>
      </trkpt>
      <trkpt lat="35.53382" lon="129.02557">
        <ele>507</ele>
        <time>2025-10-10T06:07:37.000Z</time>
      </trkpt>
      <trkpt lat="35.53372" lon="129.02558">
        <ele>498</ele>
        <time>2025-10-10T06:07:40.000Z</time>
      </trkpt>
      <trkpt lat="35.53362" lon="129.02552">
        <ele>498</ele>
        <time>2025-10-10T06:07:43.000Z</time>
      </trkpt>
      <trkpt lat="35.53361" lon="129.02551">
        <ele>498</ele>
        <time>2025-10-10T06:07:46.000Z</time>
      </trkpt>
      <trkpt lat="35.53357" lon="129.0254">
        <ele>487</ele>
        <time>2025-10-10T06:07:49.000Z</time>
      </trkpt>
      <trkpt lat="35.53354" lon="129.02538">
        <ele>487</ele>
        <time>2025-10-10T06:07:52.000Z</time>
      </trkpt>
      <trkpt lat="35.53355" lon="129.02537">
        <ele>487</ele>
        <time>2025-10-10T06:07:55.000Z</time>
      </trkpt>
      <trkpt lat="35.53352" lon="129.02535">
        <ele>487</ele>
        <time>2025-10-10T06:07:58.000Z</time>
      </trkpt>
      <trkpt lat="35.53352" lon="129.02533">
        <ele>487</ele>
        <time>2025-10-10T06:08:01.000Z</time>
      </trkpt>
      <trkpt lat="35.5335" lon="129.02532">
        <ele>481</ele>
        <time>2025-10-10T06:08:04.000Z</time>
      </trkpt>
      <trkpt lat="35.5335" lon="129.02531">
        <ele>481</ele>
        <time>2025-10-10T06:08:07.000Z</time>
      </trkpt>
      <trkpt lat="35.53352" lon="129.0253">
        <ele>487</ele>
        <time>2025-10-10T06:08:10.000Z</time>
      </trkpt>
      <trkpt lat="35.53353" lon="129.02538">
        <ele>487</ele>
        <time>2025-10-10T06:08:13.000Z</time>
      </trkpt>
      <trkpt lat="35.53351" lon="129.02537">
        <ele>487</ele>
        <time>2025-10-10T06:08:16.000Z</time>
      </trkpt>
      <trkpt lat="35.53348" lon="129.02527">
        <ele>481</ele>
        <time>2025-10-10T06:08:19.000Z</time>
      </trkpt>
      <trkpt lat="35.53346" lon="129.02523">
        <ele>481</ele>
        <time>2025-10-10T06:08:22.000Z</time>
      </trkpt>
      <trkpt lat="35.53344" lon="129.02523">
        <ele>481</ele>
        <time>2025-10-10T06:08:25.000Z</time>
      </trkpt>
      <trkpt lat="35.53344" lon="129.02527">
        <ele>481</ele>
        <time>2025-10-10T06:08:28.000Z</time>
      </trkpt>
      <trkpt lat="35.53345" lon="129.02531">
        <ele>481</ele>
        <time>2025-10-10T06:08:31.000Z</time>
      </trkpt>
      <trkpt lat="35.53345" lon="129.02541">
        <ele>481</ele>
        <time>2025-10-10T06:08:34.000Z</time>
      </trkpt>
      <trkpt lat="35.5334" lon="129.02545">
        <ele>481</ele>
        <time>2025-10-10T06:08:37.000Z</time>
      </trkpt>
      <trkpt lat="35.53332" lon="129.02546">
        <ele>481</ele>
        <time>2025-10-10T06:08:40.000Z</time>
      </trkpt>
      <trkpt lat="35.53333" lon="129.02557">
        <ele>488</ele>
        <time>2025-10-10T06:08:43.000Z</time>
      </trkpt>
      <trkpt lat="35.53335" lon="129.02564">
        <ele>479</ele>
        <time>2025-10-10T06:08:46.000Z</time>
      </trkpt>
      <trkpt lat="35.53333" lon="129.02566">
        <ele>488</ele>
        <time>2025-10-10T06:08:49.000Z</time>
      </trkpt>
      <trkpt lat="35.53323" lon="129.02564">
        <ele>488</ele>
        <time>2025-10-10T06:08:52.000Z</time>
      </trkpt>
      <trkpt lat="35.53314" lon="129.02561">
        <ele>477</ele>
        <time>2025-10-10T06:08:55.000Z</time>
      </trkpt>
      <trkpt lat="35.53312" lon="129.02562">
        <ele>477</ele>
        <time>2025-10-10T06:08:58.000Z</time>
      </trkpt>
      <trkpt lat="35.53309" lon="129.02569">
        <ele>477</ele>
        <time>2025-10-10T06:09:01.000Z</time>
      </trkpt>
      <trkpt lat="35.53301" lon="129.02577">
        <ele>478</ele>
        <time>2025-10-10T06:09:04.000Z</time>
      </trkpt>
      <trkpt lat="35.53295" lon="129.02579">
        <ele>466</ele>
        <time>2025-10-10T06:09:07.000Z</time>
      </trkpt>
      <trkpt lat="35.5329" lon="129.02582">
        <ele>466</ele>
        <time>2025-10-10T06:09:10.000Z</time>
      </trkpt>
      <trkpt lat="35.5328" lon="129.02589">
        <ele>466</ele>
        <time>2025-10-10T06:09:13.000Z</time>
      </trkpt>
      <trkpt lat="35.53276" lon="129.02594">
        <ele>466</ele>
        <time>2025-10-10T06:09:16.000Z</time>
      </trkpt>
      <trkpt lat="35.53268" lon="129.026">
        <ele>471</ele>
        <time>2025-10-10T06:09:19.000Z</time>
      </trkpt>
      <trkpt lat="35.53265" lon="129.02601">
        <ele>471</ele>
        <time>2025-10-10T06:09:22.000Z</time>
      </trkpt>
      <trkpt lat="35.53251" lon="129.02602">
        <ele>465</ele>
        <time>2025-10-10T06:09:25.000Z</time>
      </trkpt>
      <trkpt lat="35.53245" lon="129.02604">
        <ele>471</ele>
        <time>2025-10-10T06:09:28.000Z</time>
      </trkpt>
      <trkpt lat="35.53231" lon="129.02611">
        <ele>464</ele>
        <time>2025-10-10T06:09:31.000Z</time>
      </trkpt>
      <trkpt lat="35.5323" lon="129.02613">
        <ele>464</ele>
        <time>2025-10-10T06:09:34.000Z</time>
      </trkpt>
      <trkpt lat="35.53218" lon="129.02617">
        <ele>464</ele>
        <time>2025-10-10T06:09:37.000Z</time>
      </trkpt>
      <trkpt lat="35.53213" lon="129.02618">
        <ele>464</ele>
        <time>2025-10-10T06:09:40.000Z</time>
      </trkpt>
      <trkpt lat="35.53203" lon="129.02617">
        <ele>448</ele>
        <time>2025-10-10T06:09:43.000Z</time>
      </trkpt>
      <trkpt lat="35.53202" lon="129.02616">
        <ele>448</ele>
        <time>2025-10-10T06:09:46.000Z</time>
      </trkpt>
      <trkpt lat="35.53192" lon="129.02614">
        <ele>448</ele>
        <time>2025-10-10T06:09:49.000Z</time>
      </trkpt>
      <trkpt lat="35.53183" lon="129.02611">
        <ele>444</ele>
        <time>2025-10-10T06:09:52.000Z</time>
      </trkpt>
      <trkpt lat="35.53176" lon="129.02607">
        <ele>444</ele>
        <time>2025-10-10T06:09:55.000Z</time>
      </trkpt>
      <trkpt lat="35.53164" lon="129.02603">
        <ele>444</ele>
        <time>2025-10-10T06:09:58.000Z</time>
      </trkpt>
      <trkpt lat="35.53159" lon="129.02602">
        <ele>435</ele>
        <time>2025-10-10T06:10:01.000Z</time>
      </trkpt>
      <trkpt lat="35.53153" lon="129.02603">
        <ele>435</ele>
        <time>2025-10-10T06:10:04.000Z</time>
      </trkpt>
      <trkpt lat="35.53137" lon="129.02598">
        <ele>420</ele>
        <time>2025-10-10T06:10:07.000Z</time>
      </trkpt>
      <trkpt lat="35.53118" lon="129.02596">
        <ele>423</ele>
        <time>2025-10-10T06:10:10.000Z</time>
      </trkpt>
      <trkpt lat="35.5311" lon="129.02586">
        <ele>423</ele>
        <time>2025-10-10T06:10:13.000Z</time>
      </trkpt>
      <trkpt lat="35.53084" lon="129.02568">
        <ele>422</ele>
        <time>2025-10-10T06:10:16.000Z</time>
      </trkpt>
      <trkpt lat="35.53068" lon="129.02562">
        <ele>418</ele>
        <time>2025-10-10T06:10:19.000Z</time>
      </trkpt>
      <trkpt lat="35.53062" lon="129.02558">
        <ele>418</ele>
        <time>2025-10-10T06:10:22.000Z</time>
      </trkpt>
      <trkpt lat="35.53061" lon="129.02555">
        <ele>418</ele>
        <time>2025-10-10T06:10:25.000Z</time>
      </trkpt>
      <trkpt lat="35.53058" lon="129.02553">
        <ele>418</ele>
        <time>2025-10-10T06:10:28.000Z</time>
      </trkpt>
      <trkpt lat="35.53057" lon="129.02553">
        <ele>418</ele>
        <time>2025-10-10T06:10:31.000Z</time>
      </trkpt>
      <trkpt lat="35.53056" lon="129.02554">
        <ele>418</ele>
        <time>2025-10-10T06:10:34.000Z</time>
      </trkpt>
      <trkpt lat="35.53052" lon="129.02553">
        <ele>418</ele>
        <time>2025-10-10T06:10:37.000Z</time>
      </trkpt>
      <trkpt lat="35.53042" lon="129.02555">
        <ele>417</ele>
        <time>2025-10-10T06:10:40.000Z</time>
      </trkpt>
      <trkpt lat="35.53031" lon="129.02559">
        <ele>417</ele>
        <time>2025-10-10T06:10:43.000Z</time>
      </trkpt>
      <trkpt lat="35.53023" lon="129.02561">
        <ele>417</ele>
        <time>2025-10-10T06:10:46.000Z</time>
      </trkpt>
      <trkpt lat="35.53016" lon="129.0256">
        <ele>415</ele>
        <time>2025-10-10T06:10:49.000Z</time>
      </trkpt>
      <trkpt lat="35.53009" lon="129.02558">
        <ele>415</ele>
        <time>2025-10-10T06:10:52.000Z</time>
      </trkpt>
      <trkpt lat="35.52987" lon="129.02558">
        <ele>415</ele>
        <time>2025-10-10T06:10:55.000Z</time>
      </trkpt>
      <trkpt lat="35.52968" lon="129.02563">
        <ele>415</ele>
        <time>2025-10-10T06:10:58.000Z</time>
      </trkpt>
      <trkpt lat="35.52958" lon="129.02564">
        <ele>411</ele>
        <time>2025-10-10T06:11:01.000Z</time>
      </trkpt>
      <trkpt lat="35.52953" lon="129.02567">
        <ele>411</ele>
        <time>2025-10-10T06:11:04.000Z</time>
      </trkpt>
      <trkpt lat="35.52948" lon="129.02567">
        <ele>411</ele>
        <time>2025-10-10T06:11:07.000Z</time>
      </trkpt>
      <trkpt lat="35.52937" lon="129.02572">
        <ele>405</ele>
        <time>2025-10-10T06:11:10.000Z</time>
      </trkpt>
      <trkpt lat="35.5293" lon="129.02574">
        <ele>405</ele>
        <time>2025-10-10T06:11:13.000Z</time>
      </trkpt>
      <trkpt lat="35.52916" lon="129.02573">
        <ele>405</ele>
        <time>2025-10-10T06:11:16.000Z</time>
      </trkpt>
      <trkpt lat="35.52904" lon="129.02571">
        <ele>400</ele>
        <time>2025-10-10T06:11:19.000Z</time>
      </trkpt>
      <trkpt lat="35.52897" lon="129.02574">
        <ele>400</ele>
        <time>2025-10-10T06:11:22.000Z</time>
      </trkpt>
      <trkpt lat="35.52892" lon="129.02573">
        <ele>400</ele>
        <time>2025-10-10T06:11:25.000Z</time>
      </trkpt>
      <trkpt lat="35.52877" lon="129.02582">
        <ele>400</ele>
        <time>2025-10-10T06:11:28.000Z</time>
      </trkpt>
      <trkpt lat="35.52861" lon="129.02605">
        <ele>400</ele>
        <time>2025-10-10T06:11:31.000Z</time>
      </trkpt>
      <trkpt lat="35.52849" lon="129.02626">
        <ele>397</ele>
        <time>2025-10-10T06:11:34.000Z</time>
      </trkpt>
      <trkpt lat="35.52835" lon="129.02635">
        <ele>398</ele>
        <time>2025-10-10T06:11:37.000Z</time>
      </trkpt>
      <trkpt lat="35.52824" lon="129.02637">
        <ele>405</ele>
        <time>2025-10-10T06:11:40.000Z</time>
      </trkpt>
      <trkpt lat="35.5282" lon="129.02639">
        <ele>405</ele>
        <time>2025-10-10T06:11:43.000Z</time>
      </trkpt>
      <trkpt lat="35.52817" lon="129.02639">
        <ele>397</ele>
        <time>2025-10-10T06:11:46.000Z</time>
      </trkpt>
      <trkpt lat="35.52806" lon="129.02634">
        <ele>397</ele>
        <time>2025-10-10T06:11:49.000Z</time>
      </trkpt>
      <trkpt lat="35.52793" lon="129.02621">
        <ele>387</ele>
        <time>2025-10-10T06:11:52.000Z</time>
      </trkpt>
      <trkpt lat="35.52782" lon="129.02615">
        <ele>387</ele>
        <time>2025-10-10T06:11:55.000Z</time>
      </trkpt>
      <trkpt lat="35.52759" lon="129.02611">
        <ele>377</ele>
        <time>2025-10-10T06:11:58.000Z</time>
      </trkpt>
      <trkpt lat="35.52747" lon="129.02612">
        <ele>377</ele>
        <time>2025-10-10T06:12:01.000Z</time>
      </trkpt>
      <trkpt lat="35.52721" lon="129.02594">
        <ele>370</ele>
        <time>2025-10-10T06:12:04.000Z</time>
      </trkpt>
      <trkpt lat="35.52678" lon="129.02563">
        <ele>363</ele>
        <time>2025-10-10T06:12:07.000Z</time>
      </trkpt>
      <trkpt lat="35.52639" lon="129.02518">
        <ele>351</ele>
        <time>2025-10-10T06:12:10.000Z</time>
      </trkpt>
      <trkpt lat="35.52619" lon="129.02485">
        <ele>344</ele>
        <time>2025-10-10T06:12:13.000Z</time>
      </trkpt>
      <trkpt lat="35.52589" lon="129.02435">
        <ele>342</ele>
        <time>2025-10-10T06:12:16.000Z</time>
      </trkpt>
      <trkpt lat="35.52571" lon="129.02391">
        <ele>343</ele>
        <time>2025-10-10T06:12:19.000Z</time>
      </trkpt>
      <trkpt lat="35.52555" lon="129.02351">
        <ele>345</ele>
        <time>2025-10-10T06:12:22.000Z</time>
      </trkpt>
      <trkpt lat="35.52525" lon="129.02272">
        <ele>339</ele>
        <time>2025-10-10T06:12:25.000Z</time>
      </trkpt>
      <trkpt lat="35.52512" lon="129.02236">
        <ele>333</ele>
        <time>2025-10-10T06:12:28.000Z</time>
      </trkpt>
      <trkpt lat="35.52495" lon="129.02186">
        <ele>330</ele>
        <time>2025-10-10T06:12:31.000Z</time>
      </trkpt>
      <trkpt lat="35.52471" lon="129.02138">
        <ele>338</ele>
        <time>2025-10-10T06:12:34.000Z</time>
      </trkpt>
      <trkpt lat="35.52439" lon="129.02112">
        <ele>336</ele>
        <time>2025-10-10T06:12:37.000Z</time>
      </trkpt>
      <trkpt lat="35.5243" lon="129.02071">
        <ele>335</ele>
        <time>2025-10-10T06:12:40.000Z</time>
      </trkpt>
      <trkpt lat="35.52425" lon="129.0202">
        <ele>330</ele>
        <time>2025-10-10T06:12:43.000Z</time>
      </trkpt>
      <trkpt lat="35.52421" lon="129.01954">
        <ele>320</ele>
        <time>2025-10-10T06:12:46.000Z</time>
      </trkpt>
      <trkpt lat="35.52409" lon="129.01909">
        <ele>322</ele>
        <time>2025-10-10T06:12:49.000Z</time>
      </trkpt>
      <trkpt lat="35.52391" lon="129.01902">
        <ele>317</ele>
        <time>2025-10-10T06:12:52.000Z</time>
      </trkpt>
      <trkpt lat="35.52375" lon="129.01892">
        <ele>322</ele>
        <time>2025-10-10T06:12:55.000Z</time>
      </trkpt>
      <trkpt lat="35.5235" lon="129.01857">
        <ele>322</ele>
        <time>2025-10-10T06:12:58.000Z</time>
      </trkpt>
      <trkpt lat="35.52346" lon="129.01827">
        <ele>320</ele>
        <time>2025-10-10T06:13:01.000Z</time>
      </trkpt>
      <trkpt lat="35.52331" lon="129.01806">
        <ele>315</ele>
        <time>2025-10-10T06:13:04.000Z</time>
      </trkpt>
      <trkpt lat="35.52313" lon="129.01792">
        <ele>314</ele>
        <time>2025-10-10T06:13:07.000Z</time>
      </trkpt>
      <trkpt lat="35.52305" lon="129.0179">
        <ele>316</ele>
        <time>2025-10-10T06:13:10.000Z</time>
      </trkpt>
      <trkpt lat="35.52296" lon="129.01782">
        <ele>319</ele>
        <time>2025-10-10T06:13:13.000Z</time>
      </trkpt>
      <trkpt lat="35.52285" lon="129.01769">
        <ele>318</ele>
        <time>2025-10-10T06:13:16.000Z</time>
      </trkpt>
      <trkpt lat="35.52263" lon="129.01741">
        <ele>318</ele>
        <time>2025-10-10T06:13:19.000Z</time>
      </trkpt>
      <trkpt lat="35.52252" lon="129.01736">
        <ele>318</ele>
        <time>2025-10-10T06:13:22.000Z</time>
      </trkpt>
      <trkpt lat="35.52216" lon="129.01726">
        <ele>315</ele>
        <time>2025-10-10T06:13:25.000Z</time>
      </trkpt>
      <trkpt lat="35.522" lon="129.01725">
        <ele>315</ele>
        <time>2025-10-10T06:13:28.000Z</time>
      </trkpt>
      <trkpt lat="35.52171" lon="129.01726">
        <ele>315</ele>
        <time>2025-10-10T06:13:31.000Z</time>
      </trkpt>
      <trkpt lat="35.52156" lon="129.0173">
        <ele>316</ele>
        <time>2025-10-10T06:13:34.000Z</time>
      </trkpt>
      <trkpt lat="35.52147" lon="129.01736">
        <ele>316</ele>
        <time>2025-10-10T06:13:37.000Z</time>
      </trkpt>
      <trkpt lat="35.52143" lon="129.0174">
        <ele>322</ele>
        <time>2025-10-10T06:13:40.000Z</time>
      </trkpt>
      <trkpt lat="35.5214" lon="129.01747">
        <ele>322</ele>
        <time>2025-10-10T06:13:43.000Z</time>
      </trkpt>
      <trkpt lat="35.52138" lon="129.0176">
        <ele>322</ele>
        <time>2025-10-10T06:13:46.000Z</time>
      </trkpt>
      <trkpt lat="35.52132" lon="129.0177">
        <ele>343</ele>
        <time>2025-10-10T06:13:49.000Z</time>
      </trkpt>
      <trkpt lat="35.52129" lon="129.01772">
        <ele>341</ele>
        <time>2025-10-10T06:13:52.000Z</time>
      </trkpt>
      <trkpt lat="35.52123" lon="129.01774">
        <ele>341</ele>
        <time>2025-10-10T06:13:55.000Z</time>
      </trkpt>
      <trkpt lat="35.521" lon="129.01773">
        <ele>330</ele>
        <time>2025-10-10T06:13:58.000Z</time>
      </trkpt>
      <trkpt lat="35.52085" lon="129.01774">
        <ele>334</ele>
        <time>2025-10-10T06:14:01.000Z</time>
      </trkpt>
      <trkpt lat="35.5207" lon="129.01777">
        <ele>338</ele>
        <time>2025-10-10T06:14:04.000Z</time>
      </trkpt>
      <trkpt lat="35.52066" lon="129.01779">
        <ele>338</ele>
        <time>2025-10-10T06:14:07.000Z</time>
      </trkpt>
      <trkpt lat="35.52068" lon="129.01781">
        <ele>338</ele>
        <time>2025-10-10T06:14:10.000Z</time>
      </trkpt>
      <trkpt lat="35.52066" lon="129.01781">
        <ele>338</ele>
        <time>2025-10-10T06:14:13.000Z</time>
      </trkpt>
      <trkpt lat="35.52067" lon="129.01782">
        <ele>338</ele>
        <time>2025-10-10T06:14:16.000Z</time>
      </trkpt>
      <trkpt lat="35.52065" lon="129.01781">
        <ele>338</ele>
        <time>2025-10-10T06:14:19.000Z</time>
      </trkpt>
      <trkpt lat="35.52061" lon="129.01782">
        <ele>338</ele>
        <time>2025-10-10T06:14:22.000Z</time>
      </trkpt>
      <trkpt lat="35.52064" lon="129.01789">
        <ele>338</ele>
        <time>2025-10-10T06:14:25.000Z</time>
      </trkpt>
      <trkpt lat="35.52065" lon="129.01794">
        <ele>338</ele>
        <time>2025-10-10T06:14:28.000Z</time>
      </trkpt>
      <trkpt lat="35.52064" lon="129.01794">
        <ele>338</ele>
        <time>2025-10-10T06:14:31.000Z</time>
      </trkpt>
      <trkpt lat="35.52063" lon="129.01795">
        <ele>338</ele>
        <time>2025-10-10T06:14:34.000Z</time>
      </trkpt>
      <trkpt lat="35.52061" lon="129.01795">
        <ele>338</ele>
        <time>2025-10-10T06:14:37.000Z</time>
      </trkpt>
      <trkpt lat="35.52057" lon="129.01793">
        <ele>338</ele>
        <time>2025-10-10T06:14:40.000Z</time>
      </trkpt>
      <trkpt lat="35.52051" lon="129.01792">
        <ele>338</ele>
        <time>2025-10-10T06:14:43.000Z</time>
      </trkpt>
      <trkpt lat="35.5205" lon="129.01788">
        <ele>338</ele>
        <time>2025-10-10T06:14:46.000Z</time>
      </trkpt>
      <trkpt lat="35.52045" lon="129.01782">
        <ele>346</ele>
        <time>2025-10-10T06:14:49.000Z</time>
      </trkpt>
      <trkpt lat="35.52037" lon="129.01777">
        <ele>346</ele>
        <time>2025-10-10T06:14:52.000Z</time>
      </trkpt>
      <trkpt lat="35.52032" lon="129.01777">
        <ele>346</ele>
        <time>2025-10-10T06:14:55.000Z</time>
      </trkpt>
      <trkpt lat="35.52029" lon="129.01784">
        <ele>346</ele>
        <time>2025-10-10T06:14:58.000Z</time>
      </trkpt>
      <trkpt lat="35.52027" lon="129.01792">
        <ele>346</ele>
        <time>2025-10-10T06:15:01.000Z</time>
      </trkpt>
      <trkpt lat="35.52023" lon="129.01799">
        <ele>346</ele>
        <time>2025-10-10T06:15:04.000Z</time>
      </trkpt>
      <trkpt lat="35.52017" lon="129.01799">
        <ele>367</ele>
        <time>2025-10-10T06:15:07.000Z</time>
      </trkpt>
      <trkpt lat="35.52015" lon="129.01803">
        <ele>376</ele>
        <time>2025-10-10T06:15:10.000Z</time>
      </trkpt>
      <trkpt lat="35.52013" lon="129.01802">
        <ele>376</ele>
        <time>2025-10-10T06:15:13.000Z</time>
      </trkpt>
      <trkpt lat="35.5201" lon="129.01804">
        <ele>376</ele>
        <time>2025-10-10T06:15:16.000Z</time>
      </trkpt>
      <trkpt lat="35.52006" lon="129.01801">
        <ele>376</ele>
        <time>2025-10-10T06:15:19.000Z</time>
      </trkpt>
      <trkpt lat="35.52004" lon="129.01802">
        <ele>376</ele>
        <time>2025-10-10T06:15:22.000Z</time>
      </trkpt>
      <trkpt lat="35.51997" lon="129.01799">
        <ele>367</ele>
        <time>2025-10-10T06:15:25.000Z</time>
      </trkpt>
      <trkpt lat="35.51993" lon="129.01808">
        <ele>376</ele>
        <time>2025-10-10T06:15:28.000Z</time>
      </trkpt>
      <trkpt lat="35.51988" lon="129.01811">
        <ele>385</ele>
        <time>2025-10-10T06:15:31.000Z</time>
      </trkpt>
      <trkpt lat="35.51985" lon="129.01819">
        <ele>385</ele>
        <time>2025-10-10T06:15:34.000Z</time>
      </trkpt>
      <trkpt lat="35.51978" lon="129.01822">
        <ele>382</ele>
        <time>2025-10-10T06:15:37.000Z</time>
      </trkpt>
      <trkpt lat="35.51978" lon="129.01825">
        <ele>382</ele>
        <time>2025-10-10T06:15:40.000Z</time>
      </trkpt>
      <trkpt lat="35.51971" lon="129.01822">
        <ele>382</ele>
        <time>2025-10-10T06:15:43.000Z</time>
      </trkpt>
      <trkpt lat="35.51967" lon="129.01828">
        <ele>382</ele>
        <time>2025-10-10T06:15:46.000Z</time>
      </trkpt>
      <trkpt lat="35.51955" lon="129.01827">
        <ele>403</ele>
        <time>2025-10-10T06:15:49.000Z</time>
      </trkpt>
      <trkpt lat="35.51949" lon="129.01829">
        <ele>403</ele>
        <time>2025-10-10T06:15:52.000Z</time>
      </trkpt>
      <trkpt lat="35.51946" lon="129.01837">
        <ele>403</ele>
        <time>2025-10-10T06:15:55.000Z</time>
      </trkpt>
      <trkpt lat="35.51947" lon="129.01847">
        <ele>403</ele>
        <time>2025-10-10T06:15:58.000Z</time>
      </trkpt>
      <trkpt lat="35.51942" lon="129.01852">
        <ele>409</ele>
        <time>2025-10-10T06:16:01.000Z</time>
      </trkpt>
      <trkpt lat="35.51934" lon="129.01856">
        <ele>411</ele>
        <time>2025-10-10T06:16:04.000Z</time>
      </trkpt>
      <trkpt lat="35.51929" lon="129.01861">
        <ele>411</ele>
        <time>2025-10-10T06:16:07.000Z</time>
      </trkpt>
      <trkpt lat="35.51926" lon="129.01867">
        <ele>411</ele>
        <time>2025-10-10T06:16:10.000Z</time>
      </trkpt>
      <trkpt lat="35.51923" lon="129.01878">
        <ele>411</ele>
        <time>2025-10-10T06:16:13.000Z</time>
      </trkpt>
      <trkpt lat="35.51915" lon="129.01889">
        <ele>416</ele>
        <time>2025-10-10T06:16:16.000Z</time>
      </trkpt>
      <trkpt lat="35.51906" lon="129.01895">
        <ele>437</ele>
        <time>2025-10-10T06:16:19.000Z</time>
      </trkpt>
      <trkpt lat="35.51904" lon="129.01898">
        <ele>437</ele>
        <time>2025-10-10T06:16:22.000Z</time>
      </trkpt>
      <trkpt lat="35.51907" lon="129.01898">
        <ele>437</ele>
        <time>2025-10-10T06:16:25.000Z</time>
      </trkpt>
      <trkpt lat="35.51906" lon="129.019">
        <ele>437</ele>
        <time>2025-10-10T06:16:28.000Z</time>
      </trkpt>
      <trkpt lat="35.51907" lon="129.01904">
        <ele>437</ele>
        <time>2025-10-10T06:16:31.000Z</time>
      </trkpt>
      <trkpt lat="35.51901" lon="129.01911">
        <ele>442</ele>
        <time>2025-10-10T06:16:34.000Z</time>
      </trkpt>
      <trkpt lat="35.51898" lon="129.01925">
        <ele>442</ele>
        <time>2025-10-10T06:16:37.000Z</time>
      </trkpt>
      <trkpt lat="35.51894" lon="129.01933">
        <ele>442</ele>
        <time>2025-10-10T06:16:40.000Z</time>
      </trkpt>
      <trkpt lat="35.51895" lon="129.01934">
        <ele>442</ele>
        <time>2025-10-10T06:16:43.000Z</time>
      </trkpt>
      <trkpt lat="35.51895" lon="129.01938">
        <ele>442</ele>
        <time>2025-10-10T06:16:46.000Z</time>
      </trkpt>
      <trkpt lat="35.51893" lon="129.01942">
        <ele>446</ele>
        <time>2025-10-10T06:16:49.000Z</time>
      </trkpt>
      <trkpt lat="35.51887" lon="129.01947">
        <ele>446</ele>
        <time>2025-10-10T06:16:52.000Z</time>
      </trkpt>
      <trkpt lat="35.51887" lon="129.01941">
        <ele>446</ele>
        <time>2025-10-10T06:16:55.000Z</time>
      </trkpt>
      <trkpt lat="35.51885" lon="129.01941">
        <ele>446</ele>
        <time>2025-10-10T06:16:58.000Z</time>
      </trkpt>
      <trkpt lat="35.51883" lon="129.01947">
        <ele>446</ele>
        <time>2025-10-10T06:17:01.000Z</time>
      </trkpt>
      <trkpt lat="35.51882" lon="129.01948">
        <ele>446</ele>
        <time>2025-10-10T06:17:04.000Z</time>
      </trkpt>
      <trkpt lat="35.51881" lon="129.01954">
        <ele>446</ele>
        <time>2025-10-10T06:17:07.000Z</time>
      </trkpt>
      <trkpt lat="35.51875" lon="129.01956">
        <ele>460</ele>
        <time>2025-10-10T06:17:10.000Z</time>
      </trkpt>
      <trkpt lat="35.51874" lon="129.01961">
        <ele>464</ele>
        <time>2025-10-10T06:17:13.000Z</time>
      </trkpt>
      <trkpt lat="35.51871" lon="129.01965">
        <ele>464</ele>
        <time>2025-10-10T06:17:16.000Z</time>
      </trkpt>
      <trkpt lat="35.51872" lon="129.01969">
        <ele>464</ele>
        <time>2025-10-10T06:17:19.000Z</time>
      </trkpt>
      <trkpt lat="35.51871" lon="129.01973">
        <ele>464</ele>
        <time>2025-10-10T06:17:22.000Z</time>
      </trkpt>
      <trkpt lat="35.5187" lon="129.01971">
        <ele>464</ele>
        <time>2025-10-10T06:17:25.000Z</time>
      </trkpt>
      <trkpt lat="35.51868" lon="129.01974">
        <ele>464</ele>
        <time>2025-10-10T06:17:28.000Z</time>
      </trkpt>
      <trkpt lat="35.51869" lon="129.01979">
        <ele>464</ele>
        <time>2025-10-10T06:17:31.000Z</time>
      </trkpt>
      <trkpt lat="35.51867" lon="129.01984">
        <ele>464</ele>
        <time>2025-10-10T06:17:34.000Z</time>
      </trkpt>
      <trkpt lat="35.51867" lon="129.01989">
        <ele>464</ele>
        <time>2025-10-10T06:17:37.000Z</time>
      </trkpt>
      <trkpt lat="35.51859" lon="129.01996">
        <ele>473</ele>
        <time>2025-10-10T06:17:40.000Z</time>
      </trkpt>
      <trkpt lat="35.51854" lon="129.02004">
        <ele>473</ele>
        <time>2025-10-10T06:17:43.000Z</time>
      </trkpt>
      <trkpt lat="35.51847" lon="129.02008">
        <ele>481</ele>
        <time>2025-10-10T06:17:46.000Z</time>
      </trkpt>
      <trkpt lat="35.51842" lon="129.02007">
        <ele>481</ele>
        <time>2025-10-10T06:17:49.000Z</time>
      </trkpt>
      <trkpt lat="35.5184" lon="129.02011">
        <ele>481</ele>
        <time>2025-10-10T06:17:52.000Z</time>
      </trkpt>
      <trkpt lat="35.51834" lon="129.02011">
        <ele>481</ele>
        <time>2025-10-10T06:17:55.000Z</time>
      </trkpt>
      <trkpt lat="35.51829" lon="129.02017">
        <ele>481</ele>
        <time>2025-10-10T06:17:58.000Z</time>
      </trkpt>
      <trkpt lat="35.51821" lon="129.02016">
        <ele>481</ele>
        <time>2025-10-10T06:18:01.000Z</time>
      </trkpt>
      <trkpt lat="35.51821" lon="129.02019">
        <ele>481</ele>
        <time>2025-10-10T06:18:04.000Z</time>
      </trkpt>
      <trkpt lat="35.51819" lon="129.02019">
        <ele>507</ele>
        <time>2025-10-10T06:18:07.000Z</time>
      </trkpt>
      <trkpt lat="35.51812" lon="129.0203">
        <ele>506</ele>
        <time>2025-10-10T06:18:10.000Z</time>
      </trkpt>
      <trkpt lat="35.51807" lon="129.02032">
        <ele>506</ele>
        <time>2025-10-10T06:18:13.000Z</time>
      </trkpt>
      <trkpt lat="35.51805" lon="129.0204">
        <ele>506</ele>
        <time>2025-10-10T06:18:16.000Z</time>
      </trkpt>
      <trkpt lat="35.51802" lon="129.0204">
        <ele>506</ele>
        <time>2025-10-10T06:18:19.000Z</time>
      </trkpt>
      <trkpt lat="35.518" lon="129.02039">
        <ele>506</ele>
        <time>2025-10-10T06:18:22.000Z</time>
      </trkpt>
      <trkpt lat="35.51798" lon="129.02046">
        <ele>513</ele>
        <time>2025-10-10T06:18:25.000Z</time>
      </trkpt>
      <trkpt lat="35.51795" lon="129.02047">
        <ele>513</ele>
        <time>2025-10-10T06:18:28.000Z</time>
      </trkpt>
      <trkpt lat="35.51795" lon="129.02054">
        <ele>523</ele>
        <time>2025-10-10T06:18:31.000Z</time>
      </trkpt>
      <trkpt lat="35.51781" lon="129.02063">
        <ele>523</ele>
        <time>2025-10-10T06:18:34.000Z</time>
      </trkpt>
      <trkpt lat="35.51779" lon="129.02066">
        <ele>523</ele>
        <time>2025-10-10T06:18:37.000Z</time>
      </trkpt>
      <trkpt lat="35.51777" lon="129.02066">
        <ele>523</ele>
        <time>2025-10-10T06:18:40.000Z</time>
      </trkpt>
      <trkpt lat="35.51774" lon="129.02074">
        <ele>532</ele>
        <time>2025-10-10T06:18:43.000Z</time>
      </trkpt>
      <trkpt lat="35.51771" lon="129.02079">
        <ele>532</ele>
        <time>2025-10-10T06:18:46.000Z</time>
      </trkpt>
      <trkpt lat="35.51768" lon="129.0208">
        <ele>542</ele>
        <time>2025-10-10T06:18:49.000Z</time>
      </trkpt>
      <trkpt lat="35.51764" lon="129.02086">
        <ele>542</ele>
        <time>2025-10-10T06:18:52.000Z</time>
      </trkpt>
      <trkpt lat="35.51765" lon="129.02089">
        <ele>542</ele>
        <time>2025-10-10T06:18:55.000Z</time>
      </trkpt>
      <trkpt lat="35.51762" lon="129.0209">
        <ele>542</ele>
        <time>2025-10-10T06:18:58.000Z</time>
      </trkpt>
      <trkpt lat="35.51761" lon="129.02093">
        <ele>542</ele>
        <time>2025-10-10T06:19:01.000Z</time>
      </trkpt>
      <trkpt lat="35.51756" lon="129.02097">
        <ele>542</ele>
        <time>2025-10-10T06:19:04.000Z</time>
      </trkpt>
      <trkpt lat="35.51755" lon="129.02101">
        <ele>548</ele>
        <time>2025-10-10T06:19:07.000Z</time>
      </trkpt>
      <trkpt lat="35.51745" lon="129.02109">
        <ele>548</ele>
        <time>2025-10-10T06:19:10.000Z</time>
      </trkpt>
      <trkpt lat="35.51745" lon="129.02119">
        <ele>548</ele>
        <time>2025-10-10T06:19:13.000Z</time>
      </trkpt>
      <trkpt lat="35.51742" lon="129.02128">
        <ele>548</ele>
        <time>2025-10-10T06:19:16.000Z</time>
      </trkpt>
      <trkpt lat="35.5174" lon="129.0213">
        <ele>565</ele>
        <time>2025-10-10T06:19:19.000Z</time>
      </trkpt>
      <trkpt lat="35.5174" lon="129.02135">
        <ele>565</ele>
        <time>2025-10-10T06:19:22.000Z</time>
      </trkpt>
      <trkpt lat="35.51739" lon="129.02137">
        <ele>565</ele>
        <time>2025-10-10T06:19:25.000Z</time>
      </trkpt>
      <trkpt lat="35.51736" lon="129.0214">
        <ele>565</ele>
        <time>2025-10-10T06:19:28.000Z</time>
      </trkpt>
      <trkpt lat="35.51733" lon="129.0214">
        <ele>565</ele>
        <time>2025-10-10T06:19:31.000Z</time>
      </trkpt>
      <trkpt lat="35.51726" lon="129.02146">
        <ele>565</ele>
        <time>2025-10-10T06:19:34.000Z</time>
      </trkpt>
      <trkpt lat="35.51723" lon="129.02152">
        <ele>565</ele>
        <time>2025-10-10T06:19:37.000Z</time>
      </trkpt>
      <trkpt lat="35.51718" lon="129.02154">
        <ele>565</ele>
        <time>2025-10-10T06:19:40.000Z</time>
      </trkpt>
      <trkpt lat="35.51707" lon="129.02165">
        <ele>577</ele>
        <time>2025-10-10T06:19:43.000Z</time>
      </trkpt>
      <trkpt lat="35.51702" lon="129.02173">
        <ele>577</ele>
        <time>2025-10-10T06:19:46.000Z</time>
      </trkpt>
      <trkpt lat="35.51701" lon="129.02177">
        <ele>577</ele>
        <time>2025-10-10T06:19:49.000Z</time>
      </trkpt>
      <trkpt lat="35.51698" lon="129.0218">
        <ele>577</ele>
        <time>2025-10-10T06:19:52.000Z</time>
      </trkpt>
      <trkpt lat="35.51693" lon="129.02182">
        <ele>577</ele>
        <time>2025-10-10T06:19:55.000Z</time>
      </trkpt>
      <trkpt lat="35.51689" lon="129.02195">
        <ele>601</ele>
        <time>2025-10-10T06:19:58.000Z</time>
      </trkpt>
      <trkpt lat="35.51686" lon="129.02198">
        <ele>601</ele>
        <time>2025-10-10T06:20:01.000Z</time>
      </trkpt>
      <trkpt lat="35.5168" lon="129.022">
        <ele>601</ele>
        <time>2025-10-10T06:20:04.000Z</time>
      </trkpt>
      <trkpt lat="35.51679" lon="129.02202">
        <ele>601</ele>
        <time>2025-10-10T06:20:07.000Z</time>
      </trkpt>
      <trkpt lat="35.51674" lon="129.02206">
        <ele>601</ele>
        <time>2025-10-10T06:20:10.000Z</time>
      </trkpt>
      <trkpt lat="35.51669" lon="129.02213">
        <ele>601</ele>
        <time>2025-10-10T06:20:13.000Z</time>
      </trkpt>
      <trkpt lat="35.51667" lon="129.02218">
        <ele>604</ele>
        <time>2025-10-10T06:20:16.000Z</time>
      </trkpt>
      <trkpt lat="35.51663" lon="129.02223">
        <ele>604</ele>
        <time>2025-10-10T06:20:19.000Z</time>
      </trkpt>
      <trkpt lat="35.51662" lon="129.02227">
        <ele>604</ele>
        <time>2025-10-10T06:20:22.000Z</time>
      </trkpt>
      <trkpt lat="35.51662" lon="129.0223">
        <ele>604</ele>
        <time>2025-10-10T06:20:25.000Z</time>
      </trkpt>
      <trkpt lat="35.5166" lon="129.02236">
        <ele>602</ele>
        <time>2025-10-10T06:20:28.000Z</time>
      </trkpt>
      <trkpt lat="35.51658" lon="129.02236">
        <ele>602</ele>
        <time>2025-10-10T06:20:31.000Z</time>
      </trkpt>
      <trkpt lat="35.51654" lon="129.02246">
        <ele>612</ele>
        <time>2025-10-10T06:20:34.000Z</time>
      </trkpt>
      <trkpt lat="35.51646" lon="129.02249">
        <ele>612</ele>
        <time>2025-10-10T06:20:37.000Z</time>
      </trkpt>
      <trkpt lat="35.51643" lon="129.02252">
        <ele>612</ele>
        <time>2025-10-10T06:20:40.000Z</time>
      </trkpt>
      <trkpt lat="35.51636" lon="129.02255">
        <ele>612</ele>
        <time>2025-10-10T06:20:43.000Z</time>
      </trkpt>
      <trkpt lat="35.51631" lon="129.02255">
        <ele>612</ele>
        <time>2025-10-10T06:20:46.000Z</time>
      </trkpt>
      <trkpt lat="35.51625" lon="129.02257">
        <ele>618</ele>
        <time>2025-10-10T06:20:49.000Z</time>
      </trkpt>
      <trkpt lat="35.51623" lon="129.02253">
        <ele>618</ele>
        <time>2025-10-10T06:20:52.000Z</time>
      </trkpt>
      <trkpt lat="35.5162" lon="129.02252">
        <ele>618</ele>
        <time>2025-10-10T06:20:55.000Z</time>
      </trkpt>
      <trkpt lat="35.5162" lon="129.0225">
        <ele>618</ele>
        <time>2025-10-10T06:20:58.000Z</time>
      </trkpt>
      <trkpt lat="35.51618" lon="129.02249">
        <ele>618</ele>
        <time>2025-10-10T06:21:01.000Z</time>
      </trkpt>
      <trkpt lat="35.51618" lon="129.02251">
        <ele>618</ele>
        <time>2025-10-10T06:21:04.000Z</time>
      </trkpt>
      <trkpt lat="35.51615" lon="129.02253">
        <ele>618</ele>
        <time>2025-10-10T06:21:07.000Z</time>
      </trkpt>
      <trkpt lat="35.51613" lon="129.02253">
        <ele>618</ele>
        <time>2025-10-10T06:21:10.000Z</time>
      </trkpt>
      <trkpt lat="35.51611" lon="129.02256">
        <ele>618</ele>
        <time>2025-10-10T06:21:13.000Z</time>
      </trkpt>
      <trkpt lat="35.51609" lon="129.02254">
        <ele>618</ele>
        <time>2025-10-10T06:21:16.000Z</time>
      </trkpt>
      <trkpt lat="35.51606" lon="129.02258">
        <ele>618</ele>
        <time>2025-10-10T06:21:19.000Z</time>
      </trkpt>
      <trkpt lat="35.51606" lon="129.02261">
        <ele>618</ele>
        <time>2025-10-10T06:21:22.000Z</time>
      </trkpt>
      <trkpt lat="35.51601" lon="129.02266">
        <ele>618</ele>
        <time>2025-10-10T06:21:25.000Z</time>
      </trkpt>
      <trkpt lat="35.51596" lon="129.02269">
        <ele>627</ele>
        <time>2025-10-10T06:21:28.000Z</time>
      </trkpt>
      <trkpt lat="35.51593" lon="129.02273">
        <ele>634</ele>
        <time>2025-10-10T06:21:31.000Z</time>
      </trkpt>
      <trkpt lat="35.51586" lon="129.02277">
        <ele>634</ele>
        <time>2025-10-10T06:21:34.000Z</time>
      </trkpt>
      <trkpt lat="35.51581" lon="129.02276">
        <ele>634</ele>
        <time>2025-10-10T06:21:37.000Z</time>
      </trkpt>
      <trkpt lat="35.51572" lon="129.02285">
        <ele>634</ele>
        <time>2025-10-10T06:21:40.000Z</time>
      </trkpt>
      <trkpt lat="35.51569" lon="129.02286">
        <ele>652</ele>
        <time>2025-10-10T06:21:43.000Z</time>
      </trkpt>
      <trkpt lat="35.51566" lon="129.0229">
        <ele>652</ele>
        <time>2025-10-10T06:21:46.000Z</time>
      </trkpt>
      <trkpt lat="35.51561" lon="129.02291">
        <ele>652</ele>
        <time>2025-10-10T06:21:49.000Z</time>
      </trkpt>
      <trkpt lat="35.51558" lon="129.02293">
        <ele>652</ele>
        <time>2025-10-10T06:21:52.000Z</time>
      </trkpt>
      <trkpt lat="35.51555" lon="129.02293">
        <ele>652</ele>
        <time>2025-10-10T06:21:55.000Z</time>
      </trkpt>
      <trkpt lat="35.51556" lon="129.02296">
        <ele>652</ele>
        <time>2025-10-10T06:21:58.000Z</time>
      </trkpt>
      <trkpt lat="35.51558" lon="129.02297">
        <ele>652</ele>
        <time>2025-10-10T06:22:01.000Z</time>
      </trkpt>
      <trkpt lat="35.51557" lon="129.02302">
        <ele>660</ele>
        <time>2025-10-10T06:22:04.000Z</time>
      </trkpt>
      <trkpt lat="35.51551" lon="129.02309">
        <ele>660</ele>
        <time>2025-10-10T06:22:07.000Z</time>
      </trkpt>
      <trkpt lat="35.5155" lon="129.02313">
        <ele>660</ele>
        <time>2025-10-10T06:22:10.000Z</time>
      </trkpt>
      <trkpt lat="35.51548" lon="129.02314">
        <ele>687</ele>
        <time>2025-10-10T06:22:13.000Z</time>
      </trkpt>
      <trkpt lat="35.51546" lon="129.02317">
        <ele>687</ele>
        <time>2025-10-10T06:22:16.000Z</time>
      </trkpt>
      <trkpt lat="35.51541" lon="129.02318">
        <ele>687</ele>
        <time>2025-10-10T06:22:19.000Z</time>
      </trkpt>
      <trkpt lat="35.51537" lon="129.02314">
        <ele>687</ele>
        <time>2025-10-10T06:22:22.000Z</time>
      </trkpt>
      <trkpt lat="35.51536" lon="129.02316">
        <ele>687</ele>
        <time>2025-10-10T06:22:25.000Z</time>
      </trkpt>
      <trkpt lat="35.51534" lon="129.02316">
        <ele>687</ele>
        <time>2025-10-10T06:22:28.000Z</time>
      </trkpt>
      <trkpt lat="35.51531" lon="129.02315">
        <ele>687</ele>
        <time>2025-10-10T06:22:31.000Z</time>
      </trkpt>
      <trkpt lat="35.51528" lon="129.02312">
        <ele>687</ele>
        <time>2025-10-10T06:22:34.000Z</time>
      </trkpt>
      <trkpt lat="35.51526" lon="129.02311">
        <ele>687</ele>
        <time>2025-10-10T06:22:37.000Z</time>
      </trkpt>
      <trkpt lat="35.51525" lon="129.02312">
        <ele>687</ele>
        <time>2025-10-10T06:22:40.000Z</time>
      </trkpt>
      <trkpt lat="35.51525" lon="129.02314">
        <ele>687</ele>
        <time>2025-10-10T06:22:43.000Z</time>
      </trkpt>
      <trkpt lat="35.51527" lon="129.02316">
        <ele>687</ele>
        <time>2025-10-10T06:22:46.000Z</time>
      </trkpt>
      <trkpt lat="35.51527" lon="129.02324">
        <ele>705</ele>
        <time>2025-10-10T06:22:49.000Z</time>
      </trkpt>
      <trkpt lat="35.51526" lon="129.02328">
        <ele>705</ele>
        <time>2025-10-10T06:22:52.000Z</time>
      </trkpt>
      <trkpt lat="35.51522" lon="129.02338">
        <ele>705</ele>
        <time>2025-10-10T06:22:55.000Z</time>
      </trkpt>
      <trkpt lat="35.51516" lon="129.02344">
        <ele>710</ele>
        <time>2025-10-10T06:22:58.000Z</time>
      </trkpt>
      <trkpt lat="35.51515" lon="129.02351">
        <ele>728</ele>
        <time>2025-10-10T06:23:01.000Z</time>
      </trkpt>
      <trkpt lat="35.51513" lon="129.02355">
        <ele>728</ele>
        <time>2025-10-10T06:23:04.000Z</time>
      </trkpt>
      <trkpt lat="35.51511" lon="129.02363">
        <ele>728</ele>
        <time>2025-10-10T06:23:07.000Z</time>
      </trkpt>
      <trkpt lat="35.51509" lon="129.02366">
        <ele>728</ele>
        <time>2025-10-10T06:23:10.000Z</time>
      </trkpt>
      <trkpt lat="35.515" lon="129.02374">
        <ele>728</ele>
        <time>2025-10-10T06:23:13.000Z</time>
      </trkpt>
      <trkpt lat="35.51496" lon="129.02375">
        <ele>728</ele>
        <time>2025-10-10T06:23:16.000Z</time>
      </trkpt>
      <trkpt lat="35.51495" lon="129.02377">
        <ele>728</ele>
        <time>2025-10-10T06:23:19.000Z</time>
      </trkpt>
      <trkpt lat="35.51493" lon="129.02377">
        <ele>728</ele>
        <time>2025-10-10T06:23:22.000Z</time>
      </trkpt>
      <trkpt lat="35.51493" lon="129.0238">
        <ele>733</ele>
        <time>2025-10-10T06:23:25.000Z</time>
      </trkpt>
      <trkpt lat="35.51494" lon="129.0238">
        <ele>733</ele>
        <time>2025-10-10T06:23:28.000Z</time>
      </trkpt>
      <trkpt lat="35.51492" lon="129.02388">
        <ele>733</ele>
        <time>2025-10-10T06:23:31.000Z</time>
      </trkpt>
      <trkpt lat="35.51488" lon="129.02392">
        <ele>746</ele>
        <time>2025-10-10T06:23:34.000Z</time>
      </trkpt>
      <trkpt lat="35.51482" lon="129.02393">
        <ele>746</ele>
        <time>2025-10-10T06:23:37.000Z</time>
      </trkpt>
      <trkpt lat="35.5148" lon="129.02395">
        <ele>746</ele>
        <time>2025-10-10T06:23:40.000Z</time>
      </trkpt>
      <trkpt lat="35.51484" lon="129.02397">
        <ele>746</ele>
        <time>2025-10-10T06:23:43.000Z</time>
      </trkpt>
      <trkpt lat="35.51484" lon="129.02403">
        <ele>746</ele>
        <time>2025-10-10T06:23:46.000Z</time>
      </trkpt>
      <trkpt lat="35.51483" lon="129.02406">
        <ele>746</ele>
        <time>2025-10-10T06:23:49.000Z</time>
      </trkpt>
      <trkpt lat="35.51483" lon="129.02409">
        <ele>746</ele>
        <time>2025-10-10T06:23:52.000Z</time>
      </trkpt>
      <trkpt lat="35.5148" lon="129.02411">
        <ele>752</ele>
        <time>2025-10-10T06:23:55.000Z</time>
      </trkpt>
      <trkpt lat="35.51478" lon="129.02416">
        <ele>752</ele>
        <time>2025-10-10T06:23:58.000Z</time>
      </trkpt>
      <trkpt lat="35.51474" lon="129.02419">
        <ele>752</ele>
        <time>2025-10-10T06:24:01.000Z</time>
      </trkpt>
      <trkpt lat="35.51467" lon="129.02434">
        <ele>752</ele>
        <time>2025-10-10T06:24:04.000Z</time>
      </trkpt>
      <trkpt lat="35.51465" lon="129.02436">
        <ele>752</ele>
        <time>2025-10-10T06:24:07.000Z</time>
      </trkpt>
      <trkpt lat="35.51462" lon="129.02436">
        <ele>752</ele>
        <time>2025-10-10T06:24:10.000Z</time>
      </trkpt>
      <trkpt lat="35.51461" lon="129.0244">
        <ele>755</ele>
        <time>2025-10-10T06:24:13.000Z</time>
      </trkpt>
      <trkpt lat="35.51458" lon="129.02443">
        <ele>771</ele>
        <time>2025-10-10T06:24:16.000Z</time>
      </trkpt>
      <trkpt lat="35.51454" lon="129.0245">
        <ele>771</ele>
        <time>2025-10-10T06:24:19.000Z</time>
      </trkpt>
      <trkpt lat="35.51453" lon="129.02453">
        <ele>771</ele>
        <time>2025-10-10T06:24:22.000Z</time>
      </trkpt>
      <trkpt lat="35.51449" lon="129.02458">
        <ele>771</ele>
        <time>2025-10-10T06:24:25.000Z</time>
      </trkpt>
      <trkpt lat="35.51444" lon="129.02461">
        <ele>770</ele>
        <time>2025-10-10T06:24:28.000Z</time>
      </trkpt>
      <trkpt lat="35.51444" lon="129.02465">
        <ele>770</ele>
        <time>2025-10-10T06:24:31.000Z</time>
      </trkpt>
      <trkpt lat="35.51443" lon="129.02468">
        <ele>770</ele>
        <time>2025-10-10T06:24:34.000Z</time>
      </trkpt>
      <trkpt lat="35.51439" lon="129.02469">
        <ele>777</ele>
        <time>2025-10-10T06:24:37.000Z</time>
      </trkpt>
      <trkpt lat="35.51434" lon="129.02474">
        <ele>772</ele>
        <time>2025-10-10T06:24:40.000Z</time>
      </trkpt>
      <trkpt lat="35.51431" lon="129.02479">
        <ele>777</ele>
        <time>2025-10-10T06:24:43.000Z</time>
      </trkpt>
      <trkpt lat="35.51428" lon="129.02479">
        <ele>777</ele>
        <time>2025-10-10T06:24:46.000Z</time>
      </trkpt>
      <trkpt lat="35.51422" lon="129.0249">
        <ele>774</ele>
        <time>2025-10-10T06:24:49.000Z</time>
      </trkpt>
      <trkpt lat="35.51419" lon="129.0249">
        <ele>774</ele>
        <time>2025-10-10T06:24:52.000Z</time>
      </trkpt>
      <trkpt lat="35.51417" lon="129.02491">
        <ele>772</ele>
        <time>2025-10-10T06:24:55.000Z</time>
      </trkpt>
      <trkpt lat="35.51413" lon="129.02501">
        <ele>774</ele>
        <time>2025-10-10T06:24:58.000Z</time>
      </trkpt>
      <trkpt lat="35.51415" lon="129.02513">
        <ele>774</ele>
        <time>2025-10-10T06:25:01.000Z</time>
      </trkpt>
      <trkpt lat="35.51414" lon="129.02516">
        <ele>774</ele>
        <time>2025-10-10T06:25:04.000Z</time>
      </trkpt>
      <trkpt lat="35.51419" lon="129.02532">
        <ele>772</ele>
        <time>2025-10-10T06:25:07.000Z</time>
      </trkpt>
      <trkpt lat="35.51416" lon="129.02538">
        <ele>773</ele>
        <time>2025-10-10T06:25:10.000Z</time>
      </trkpt>
      <trkpt lat="35.51417" lon="129.02544">
        <ele>773</ele>
        <time>2025-10-10T06:25:13.000Z</time>
      </trkpt>
      <trkpt lat="35.51422" lon="129.02559">
        <ele>772</ele>
        <time>2025-10-10T06:25:16.000Z</time>
      </trkpt>
      <trkpt lat="35.51423" lon="129.02568">
        <ele>772</ele>
        <time>2025-10-10T06:25:19.000Z</time>
      </trkpt>
      <trkpt lat="35.51431" lon="129.02589">
        <ele>775</ele>
        <time>2025-10-10T06:25:22.000Z</time>
      </trkpt>
      <trkpt lat="35.51431" lon="129.02597">
        <ele>775</ele>
        <time>2025-10-10T06:25:25.000Z</time>
      </trkpt>
      <trkpt lat="35.51432" lon="129.02603">
        <ele>778</ele>
        <time>2025-10-10T06:25:28.000Z</time>
      </trkpt>
      <trkpt lat="35.51437" lon="129.02609">
        <ele>778</ele>
        <time>2025-10-10T06:25:31.000Z</time>
      </trkpt>
      <trkpt lat="35.51438" lon="129.02622">
        <ele>775</ele>
        <time>2025-10-10T06:25:34.000Z</time>
      </trkpt>
      <trkpt lat="35.51436" lon="129.02629">
        <ele>778</ele>
        <time>2025-10-10T06:25:37.000Z</time>
      </trkpt>
      <trkpt lat="35.51435" lon="129.02635">
        <ele>775</ele>
        <time>2025-10-10T06:25:40.000Z</time>
      </trkpt>
      <trkpt lat="35.51437" lon="129.0264">
        <ele>775</ele>
        <time>2025-10-10T06:25:43.000Z</time>
      </trkpt>
      <trkpt lat="35.51436" lon="129.02655">
        <ele>775</ele>
        <time>2025-10-10T06:25:46.000Z</time>
      </trkpt>
      <trkpt lat="35.51438" lon="129.02659">
        <ele>775</ele>
        <time>2025-10-10T06:25:49.000Z</time>
      </trkpt>
      <trkpt lat="35.51438" lon="129.02663">
        <ele>775</ele>
        <time>2025-10-10T06:25:52.000Z</time>
      </trkpt>
      <trkpt lat="35.51442" lon="129.0267">
        <ele>772</ele>
        <time>2025-10-10T06:25:55.000Z</time>
      </trkpt>
      <trkpt lat="35.51441" lon="129.02677">
        <ele>772</ele>
        <time>2025-10-10T06:25:58.000Z</time>
      </trkpt>
      <trkpt lat="35.51438" lon="129.02687">
        <ele>775</ele>
        <time>2025-10-10T06:26:01.000Z</time>
      </trkpt>
      <trkpt lat="35.51432" lon="129.02699">
        <ele>776</ele>
        <time>2025-10-10T06:26:04.000Z</time>
      </trkpt>
      <trkpt lat="35.51419" lon="129.02713">
        <ele>771</ele>
        <time>2025-10-10T06:26:07.000Z</time>
      </trkpt>
      <trkpt lat="35.51415" lon="129.0272">
        <ele>764</ele>
        <time>2025-10-10T06:26:10.000Z</time>
      </trkpt>
      <trkpt lat="35.51409" lon="129.02723">
        <ele>768</ele>
        <time>2025-10-10T06:26:13.000Z</time>
      </trkpt>
      <trkpt lat="35.51407" lon="129.02727">
        <ele>768</ele>
        <time>2025-10-10T06:26:16.000Z</time>
      </trkpt>
      <trkpt lat="35.51407" lon="129.02733">
        <ele>770</ele>
        <time>2025-10-10T06:26:19.000Z</time>
      </trkpt>
      <trkpt lat="35.51403" lon="129.02738">
        <ele>768</ele>
        <time>2025-10-10T06:26:22.000Z</time>
      </trkpt>
      <trkpt lat="35.51402" lon="129.02741">
        <ele>770</ele>
        <time>2025-10-10T06:26:25.000Z</time>
      </trkpt>
      <trkpt lat="35.51393" lon="129.02751">
        <ele>770</ele>
        <time>2025-10-10T06:26:28.000Z</time>
      </trkpt>
      <trkpt lat="35.51389" lon="129.02758">
        <ele>770</ele>
        <time>2025-10-10T06:26:31.000Z</time>
      </trkpt>
      <trkpt lat="35.51384" lon="129.02764">
        <ele>770</ele>
        <time>2025-10-10T06:26:34.000Z</time>
      </trkpt>
      <trkpt lat="35.51372" lon="129.02775">
        <ele>778</ele>
        <time>2025-10-10T06:26:37.000Z</time>
      </trkpt>
      <trkpt lat="35.51366" lon="129.02782">
        <ele>778</ele>
        <time>2025-10-10T06:26:40.000Z</time>
      </trkpt>
      <trkpt lat="35.51364" lon="129.02787">
        <ele>778</ele>
        <time>2025-10-10T06:26:43.000Z</time>
      </trkpt>
      <trkpt lat="35.51365" lon="129.02789">
        <ele>778</ele>
        <time>2025-10-10T06:26:46.000Z</time>
      </trkpt>
      <trkpt lat="35.5136" lon="129.02793">
        <ele>778</ele>
        <time>2025-10-10T06:26:49.000Z</time>
      </trkpt>
      <trkpt lat="35.51359" lon="129.02793">
        <ele>778</ele>
        <time>2025-10-10T06:26:52.000Z</time>
      </trkpt>
      <trkpt lat="35.51356" lon="129.02796">
        <ele>778</ele>
        <time>2025-10-10T06:26:55.000Z</time>
      </trkpt>
      <trkpt lat="35.51352" lon="129.02802">
        <ele>780</ele>
        <time>2025-10-10T06:26:58.000Z</time>
      </trkpt>
      <trkpt lat="35.51352" lon="129.02805">
        <ele>780</ele>
        <time>2025-10-10T06:27:01.000Z</time>
      </trkpt>
      <trkpt lat="35.51348" lon="129.02808">
        <ele>790</ele>
        <time>2025-10-10T06:27:04.000Z</time>
      </trkpt>
      <trkpt lat="35.51345" lon="129.02807">
        <ele>790</ele>
        <time>2025-10-10T06:27:07.000Z</time>
      </trkpt>
      <trkpt lat="35.51324" lon="129.02826">
        <ele>796</ele>
        <time>2025-10-10T06:27:10.000Z</time>
      </trkpt>
      <trkpt lat="35.5132" lon="129.02828">
        <ele>796</ele>
        <time>2025-10-10T06:27:13.000Z</time>
      </trkpt>
      <trkpt lat="35.5132" lon="129.02834">
        <ele>796</ele>
        <time>2025-10-10T06:27:16.000Z</time>
      </trkpt>
      <trkpt lat="35.51318" lon="129.02837">
        <ele>807</ele>
        <time>2025-10-10T06:27:19.000Z</time>
      </trkpt>
      <trkpt lat="35.51311" lon="129.02844">
        <ele>807</ele>
        <time>2025-10-10T06:27:22.000Z</time>
      </trkpt>
      <trkpt lat="35.51306" lon="129.02842">
        <ele>807</ele>
        <time>2025-10-10T06:27:25.000Z</time>
      </trkpt>
      <trkpt lat="35.51303" lon="129.02846">
        <ele>807</ele>
        <time>2025-10-10T06:27:28.000Z</time>
      </trkpt>
      <trkpt lat="35.51298" lon="129.02845">
        <ele>822</ele>
        <time>2025-10-10T06:27:31.000Z</time>
      </trkpt>
      <trkpt lat="35.513" lon="129.02846">
        <ele>807</ele>
        <time>2025-10-10T06:27:34.000Z</time>
      </trkpt>
      <trkpt lat="35.51296" lon="129.0285">
        <ele>834</ele>
        <time>2025-10-10T06:27:37.000Z</time>
      </trkpt>
      <trkpt lat="35.51279" lon="129.02845">
        <ele>822</ele>
        <time>2025-10-10T06:27:40.000Z</time>
      </trkpt>
      <trkpt lat="35.51276" lon="129.02843">
        <ele>822</ele>
        <time>2025-10-10T06:27:43.000Z</time>
      </trkpt>
      <trkpt lat="35.51271" lon="129.02846">
        <ele>822</ele>
        <time>2025-10-10T06:27:46.000Z</time>
      </trkpt>
      <trkpt lat="35.51268" lon="129.02843">
        <ele>842</ele>
        <time>2025-10-10T06:27:49.000Z</time>
      </trkpt>
      <trkpt lat="35.51266" lon="129.02848">
        <ele>842</ele>
        <time>2025-10-10T06:27:52.000Z</time>
      </trkpt>
      <trkpt lat="35.51265" lon="129.02847">
        <ele>842</ele>
        <time>2025-10-10T06:27:55.000Z</time>
      </trkpt>
      <trkpt lat="35.51261" lon="129.02851">
        <ele>851</ele>
        <time>2025-10-10T06:27:58.000Z</time>
      </trkpt>
      <trkpt lat="35.51251" lon="129.02852">
        <ele>851</ele>
        <time>2025-10-10T06:28:01.000Z</time>
      </trkpt>
      <trkpt lat="35.51248" lon="129.02854">
        <ele>851</ele>
        <time>2025-10-10T06:28:04.000Z</time>
      </trkpt>
      <trkpt lat="35.51243" lon="129.02852">
        <ele>851</ele>
        <time>2025-10-10T06:28:07.000Z</time>
      </trkpt>
      <trkpt lat="35.5124" lon="129.02856">
        <ele>851</ele>
        <time>2025-10-10T06:28:10.000Z</time>
      </trkpt>
      <trkpt lat="35.51235" lon="129.02856">
        <ele>865</ele>
        <time>2025-10-10T06:28:13.000Z</time>
      </trkpt>
      <trkpt lat="35.51233" lon="129.02855">
        <ele>865</ele>
        <time>2025-10-10T06:28:16.000Z</time>
      </trkpt>
      <trkpt lat="35.51228" lon="129.0286">
        <ele>865</ele>
        <time>2025-10-10T06:28:19.000Z</time>
      </trkpt>
      <trkpt lat="35.51221" lon="129.02861">
        <ele>865</ele>
        <time>2025-10-10T06:28:22.000Z</time>
      </trkpt>
      <trkpt lat="35.51219" lon="129.02864">
        <ele>865</ele>
        <time>2025-10-10T06:28:25.000Z</time>
      </trkpt>
      <trkpt lat="35.51213" lon="129.02865">
        <ele>865</ele>
        <time>2025-10-10T06:28:28.000Z</time>
      </trkpt>
      <trkpt lat="35.51211" lon="129.02868">
        <ele>865</ele>
        <time>2025-10-10T06:28:31.000Z</time>
      </trkpt>
      <trkpt lat="35.51211" lon="129.0287">
        <ele>865</ele>
        <time>2025-10-10T06:28:34.000Z</time>
      </trkpt>
      <trkpt lat="35.51204" lon="129.02878">
        <ele>873</ele>
        <time>2025-10-10T06:28:37.000Z</time>
      </trkpt>
      <trkpt lat="35.51202" lon="129.02883">
        <ele>886</ele>
        <time>2025-10-10T06:28:40.000Z</time>
      </trkpt>
      <trkpt lat="35.51198" lon="129.02887">
        <ele>886</ele>
        <time>2025-10-10T06:28:43.000Z</time>
      </trkpt>
      <trkpt lat="35.51196" lon="129.02892">
        <ele>886</ele>
        <time>2025-10-10T06:28:46.000Z</time>
      </trkpt>
      <trkpt lat="35.5119" lon="129.029">
        <ele>886</ele>
        <time>2025-10-10T06:28:49.000Z</time>
      </trkpt>
      <trkpt lat="35.51189" lon="129.02909">
        <ele>897</ele>
        <time>2025-10-10T06:28:52.000Z</time>
      </trkpt>
      <trkpt lat="35.51191" lon="129.0291">
        <ele>903</ele>
        <time>2025-10-10T06:28:55.000Z</time>
      </trkpt>
      <trkpt lat="35.51191" lon="129.02916">
        <ele>903</ele>
        <time>2025-10-10T06:28:58.000Z</time>
      </trkpt>
      <trkpt lat="35.51189" lon="129.02918">
        <ele>912</ele>
        <time>2025-10-10T06:29:01.000Z</time>
      </trkpt>
      <trkpt lat="35.51188" lon="129.02924">
        <ele>912</ele>
        <time>2025-10-10T06:29:04.000Z</time>
      </trkpt>
      <trkpt lat="35.5119" lon="129.02928">
        <ele>903</ele>
        <time>2025-10-10T06:29:07.000Z</time>
      </trkpt>
      <trkpt lat="35.51189" lon="129.02932">
        <ele>912</ele>
        <time>2025-10-10T06:29:10.000Z</time>
      </trkpt>
      <trkpt lat="35.51187" lon="129.02931">
        <ele>912</ele>
        <time>2025-10-10T06:29:13.000Z</time>
      </trkpt>
      <trkpt lat="35.51182" lon="129.02937">
        <ele>912</ele>
        <time>2025-10-10T06:29:16.000Z</time>
      </trkpt>
      <trkpt lat="35.51181" lon="129.02946">
        <ele>921</ele>
        <time>2025-10-10T06:29:19.000Z</time>
      </trkpt>
      <trkpt lat="35.51168" lon="129.02956">
        <ele>921</ele>
        <time>2025-10-10T06:29:22.000Z</time>
      </trkpt>
      <trkpt lat="35.51164" lon="129.02954">
        <ele>921</ele>
        <time>2025-10-10T06:29:25.000Z</time>
      </trkpt>
      <trkpt lat="35.51159" lon="129.02957">
        <ele>922</ele>
        <time>2025-10-10T06:29:28.000Z</time>
      </trkpt>
      <trkpt lat="35.51153" lon="129.02957">
        <ele>922</ele>
        <time>2025-10-10T06:29:31.000Z</time>
      </trkpt>
      <trkpt lat="35.51145" lon="129.02959">
        <ele>922</ele>
        <time>2025-10-10T06:29:34.000Z</time>
      </trkpt>
      <trkpt lat="35.51141" lon="129.02962">
        <ele>922</ele>
        <time>2025-10-10T06:29:37.000Z</time>
      </trkpt>
      <trkpt lat="35.51137" lon="129.02962">
        <ele>922</ele>
        <time>2025-10-10T06:29:40.000Z</time>
      </trkpt>
      <trkpt lat="35.51125" lon="129.02968">
        <ele>930</ele>
        <time>2025-10-10T06:29:43.000Z</time>
      </trkpt>
      <trkpt lat="35.51116" lon="129.02974">
        <ele>930</ele>
        <time>2025-10-10T06:29:46.000Z</time>
      </trkpt>
      <trkpt lat="35.51111" lon="129.02974">
        <ele>930</ele>
        <time>2025-10-10T06:29:49.000Z</time>
      </trkpt>
      <trkpt lat="35.511" lon="129.02983">
        <ele>932</ele>
        <time>2025-10-10T06:29:52.000Z</time>
      </trkpt>
      <trkpt lat="35.51094" lon="129.02984">
        <ele>932</ele>
        <time>2025-10-10T06:29:55.000Z</time>
      </trkpt>
      <trkpt lat="35.5109" lon="129.02987">
        <ele>932</ele>
        <time>2025-10-10T06:29:58.000Z</time>
      </trkpt>
      <trkpt lat="35.51088" lon="129.0299">
        <ele>932</ele>
        <time>2025-10-10T06:30:01.000Z</time>
      </trkpt>
      <trkpt lat="35.51084" lon="129.02993">
        <ele>932</ele>
        <time>2025-10-10T06:30:04.000Z</time>
      </trkpt>
      <trkpt lat="35.51081" lon="129.02993">
        <ele>932</ele>
        <time>2025-10-10T06:30:07.000Z</time>
      </trkpt>
      <trkpt lat="35.51075" lon="129.02998">
        <ele>932</ele>
        <time>2025-10-10T06:30:10.000Z</time>
      </trkpt>
      <trkpt lat="35.51067" lon="129.03001">
        <ele>942</ele>
        <time>2025-10-10T06:30:13.000Z</time>
      </trkpt>
      <trkpt lat="35.51061" lon="129.03001">
        <ele>942</ele>
        <time>2025-10-10T06:30:16.000Z</time>
      </trkpt>
      <trkpt lat="35.51053" lon="129.03004">
        <ele>942</ele>
        <time>2025-10-10T06:30:19.000Z</time>
      </trkpt>
      <trkpt lat="35.51039" lon="129.03005">
        <ele>943</ele>
        <time>2025-10-10T06:30:22.000Z</time>
      </trkpt>
      <trkpt lat="35.51034" lon="129.03014">
        <ele>943</ele>
        <time>2025-10-10T06:30:25.000Z</time>
      </trkpt>
      <trkpt lat="35.51029" lon="129.03019">
        <ele>943</ele>
        <time>2025-10-10T06:30:28.000Z</time>
      </trkpt>
      <trkpt lat="35.51022" lon="129.0303">
        <ele>945</ele>
        <time>2025-10-10T06:30:31.000Z</time>
      </trkpt>
      <trkpt lat="35.5102" lon="129.03041">
        <ele>938</ele>
        <time>2025-10-10T06:30:34.000Z</time>
      </trkpt>
      <trkpt lat="35.51018" lon="129.03043">
        <ele>941</ele>
        <time>2025-10-10T06:30:37.000Z</time>
      </trkpt>
      <trkpt lat="35.51016" lon="129.03048">
        <ele>941</ele>
        <time>2025-10-10T06:30:40.000Z</time>
      </trkpt>
      <trkpt lat="35.51014" lon="129.03056">
        <ele>940</ele>
        <time>2025-10-10T06:30:43.000Z</time>
      </trkpt>
      <trkpt lat="35.51015" lon="129.0306">
        <ele>940</ele>
        <time>2025-10-10T06:30:46.000Z</time>
      </trkpt>
      <trkpt lat="35.51013" lon="129.03062">
        <ele>940</ele>
        <time>2025-10-10T06:30:49.000Z</time>
      </trkpt>
      <trkpt lat="35.51009" lon="129.03085">
        <ele>934</ele>
        <time>2025-10-10T06:30:52.000Z</time>
      </trkpt>
      <trkpt lat="35.51004" lon="129.03095">
        <ele>934</ele>
        <time>2025-10-10T06:30:55.000Z</time>
      </trkpt>
      <trkpt lat="35.51" lon="129.03108">
        <ele>929</ele>
        <time>2025-10-10T06:30:58.000Z</time>
      </trkpt>
      <trkpt lat="35.50996" lon="129.03117">
        <ele>929</ele>
        <time>2025-10-10T06:31:01.000Z</time>
      </trkpt>
      <trkpt lat="35.50994" lon="129.03129">
        <ele>929</ele>
        <time>2025-10-10T06:31:04.000Z</time>
      </trkpt>
      <trkpt lat="35.50989" lon="129.03138">
        <ele>929</ele>
        <time>2025-10-10T06:31:07.000Z</time>
      </trkpt>
      <trkpt lat="35.50988" lon="129.03143">
        <ele>929</ele>
        <time>2025-10-10T06:31:10.000Z</time>
      </trkpt>
      <trkpt lat="35.50983" lon="129.03148">
        <ele>929</ele>
        <time>2025-10-10T06:31:13.000Z</time>
      </trkpt>
      <trkpt lat="35.50982" lon="129.03157">
        <ele>929</ele>
        <time>2025-10-10T06:31:16.000Z</time>
      </trkpt>
      <trkpt lat="35.5098" lon="129.03164">
        <ele>936</ele>
        <time>2025-10-10T06:31:19.000Z</time>
      </trkpt>
      <trkpt lat="35.50975" lon="129.03169">
        <ele>936</ele>
        <time>2025-10-10T06:31:22.000Z</time>
      </trkpt>
      <trkpt lat="35.50975" lon="129.03177">
        <ele>936</ele>
        <time>2025-10-10T06:31:25.000Z</time>
      </trkpt>
      <trkpt lat="35.50972" lon="129.03186">
        <ele>936</ele>
        <time>2025-10-10T06:31:28.000Z</time>
      </trkpt>
      <trkpt lat="35.50968" lon="129.03192">
        <ele>940</ele>
        <time>2025-10-10T06:31:31.000Z</time>
      </trkpt>
      <trkpt lat="35.50959" lon="129.03202">
        <ele>944</ele>
        <time>2025-10-10T06:31:34.000Z</time>
      </trkpt>
      <trkpt lat="35.50956" lon="129.03207">
        <ele>944</ele>
        <time>2025-10-10T06:31:37.000Z</time>
      </trkpt>
      <trkpt lat="35.50952" lon="129.03212">
        <ele>949</ele>
        <time>2025-10-10T06:31:40.000Z</time>
      </trkpt>
      <trkpt lat="35.50949" lon="129.03222">
        <ele>949</ele>
        <time>2025-10-10T06:31:43.000Z</time>
      </trkpt>
      <trkpt lat="35.50948" lon="129.0323">
        <ele>949</ele>
        <time>2025-10-10T06:31:46.000Z</time>
      </trkpt>
      <trkpt lat="35.50942" lon="129.03234">
        <ele>949</ele>
        <time>2025-10-10T06:31:49.000Z</time>
      </trkpt>
      <trkpt lat="35.50939" lon="129.0324">
        <ele>957</ele>
        <time>2025-10-10T06:31:52.000Z</time>
      </trkpt>
      <trkpt lat="35.50926" lon="129.0325">
        <ele>957</ele>
        <time>2025-10-10T06:31:55.000Z</time>
      </trkpt>
      <trkpt lat="35.50921" lon="129.03255">
        <ele>957</ele>
        <time>2025-10-10T06:31:58.000Z</time>
      </trkpt>
      <trkpt lat="35.50921" lon="129.0326">
        <ele>957</ele>
        <time>2025-10-10T06:32:01.000Z</time>
      </trkpt>
      <trkpt lat="35.50916" lon="129.03265">
        <ele>957</ele>
        <time>2025-10-10T06:32:04.000Z</time>
      </trkpt>
      <trkpt lat="35.50913" lon="129.0327">
        <ele>957</ele>
        <time>2025-10-10T06:32:07.000Z</time>
      </trkpt>
      <trkpt lat="35.50909" lon="129.0327">
        <ele>964</ele>
        <time>2025-10-10T06:32:10.000Z</time>
      </trkpt>
      <trkpt lat="35.50906" lon="129.03276">
        <ele>964</ele>
        <time>2025-10-10T06:32:13.000Z</time>
      </trkpt>
      <trkpt lat="35.50901" lon="129.03278">
        <ele>964</ele>
        <time>2025-10-10T06:32:16.000Z</time>
      </trkpt>
      <trkpt lat="35.50893" lon="129.03289">
        <ele>964</ele>
        <time>2025-10-10T06:32:19.000Z</time>
      </trkpt>
      <trkpt lat="35.50888" lon="129.03294">
        <ele>964</ele>
        <time>2025-10-10T06:32:22.000Z</time>
      </trkpt>
      <trkpt lat="35.50882" lon="129.03302">
        <ele>968</ele>
        <time>2025-10-10T06:32:25.000Z</time>
      </trkpt>
      <trkpt lat="35.5088" lon="129.0331">
        <ele>968</ele>
        <time>2025-10-10T06:32:28.000Z</time>
      </trkpt>
      <trkpt lat="35.50871" lon="129.03324">
        <ele>975</ele>
        <time>2025-10-10T06:32:31.000Z</time>
      </trkpt>
      <trkpt lat="35.50869" lon="129.03334">
        <ele>975</ele>
        <time>2025-10-10T06:32:34.000Z</time>
      </trkpt>
      <trkpt lat="35.50865" lon="129.03341">
        <ele>975</ele>
        <time>2025-10-10T06:32:37.000Z</time>
      </trkpt>
      <trkpt lat="35.50859" lon="129.03349">
        <ele>975</ele>
        <time>2025-10-10T06:32:40.000Z</time>
      </trkpt>
      <trkpt lat="35.50855" lon="129.03351">
        <ele>982</ele>
        <time>2025-10-10T06:32:43.000Z</time>
      </trkpt>
      <trkpt lat="35.50851" lon="129.03364">
        <ele>982</ele>
        <time>2025-10-10T06:32:46.000Z</time>
      </trkpt>
      <trkpt lat="35.50854" lon="129.03369">
        <ele>982</ele>
        <time>2025-10-10T06:32:49.000Z</time>
      </trkpt>
      <trkpt lat="35.50853" lon="129.03375">
        <ele>982</ele>
        <time>2025-10-10T06:32:52.000Z</time>
      </trkpt>
      <trkpt lat="35.50854" lon="129.03386">
        <ele>985</ele>
        <time>2025-10-10T06:32:55.000Z</time>
      </trkpt>
      <trkpt lat="35.50851" lon="129.03396">
        <ele>985</ele>
        <time>2025-10-10T06:32:58.000Z</time>
      </trkpt>
      <trkpt lat="35.50847" lon="129.03405">
        <ele>994</ele>
        <time>2025-10-10T06:33:01.000Z</time>
      </trkpt>
      <trkpt lat="35.50839" lon="129.03413">
        <ele>999</ele>
        <time>2025-10-10T06:33:04.000Z</time>
      </trkpt>
      <trkpt lat="35.50839" lon="129.03416">
        <ele>999</ele>
        <time>2025-10-10T06:33:07.000Z</time>
      </trkpt>
      <trkpt lat="35.50835" lon="129.03423">
        <ele>999</ele>
        <time>2025-10-10T06:33:10.000Z</time>
      </trkpt>
      <trkpt lat="35.5083" lon="129.03428">
        <ele>999</ele>
        <time>2025-10-10T06:33:13.000Z</time>
      </trkpt>
      <trkpt lat="35.50831" lon="129.03444">
        <ele>1003</ele>
        <time>2025-10-10T06:33:16.000Z</time>
      </trkpt>
      <trkpt lat="35.50831" lon="129.03456">
        <ele>1003</ele>
        <time>2025-10-10T06:33:19.000Z</time>
      </trkpt>
      <trkpt lat="35.50832" lon="129.03467">
        <ele>1012</ele>
        <time>2025-10-10T06:33:22.000Z</time>
      </trkpt>
      <trkpt lat="35.5083" lon="129.03484">
        <ele>1006</ele>
        <time>2025-10-10T06:33:25.000Z</time>
      </trkpt>
      <trkpt lat="35.50828" lon="129.03489">
        <ele>1012</ele>
        <time>2025-10-10T06:33:28.000Z</time>
      </trkpt>
      <trkpt lat="35.50829" lon="129.03497">
        <ele>1009</ele>
        <time>2025-10-10T06:33:31.000Z</time>
      </trkpt>
      <trkpt lat="35.50827" lon="129.035">
        <ele>1009</ele>
        <time>2025-10-10T06:33:34.000Z</time>
      </trkpt>
      <trkpt lat="35.50827" lon="129.03509">
        <ele>1009</ele>
        <time>2025-10-10T06:33:37.000Z</time>
      </trkpt>
      <trkpt lat="35.5083" lon="129.0351">
        <ele>1009</ele>
        <time>2025-10-10T06:33:40.000Z</time>
      </trkpt>
      <trkpt lat="35.50831" lon="129.03512">
        <ele>1009</ele>
        <time>2025-10-10T06:33:43.000Z</time>
      </trkpt>
      <trkpt lat="35.50829" lon="129.03518">
        <ele>1009</ele>
        <time>2025-10-10T06:33:46.000Z</time>
      </trkpt>
      <trkpt lat="35.50832" lon="129.03535">
        <ele>1011</ele>
        <time>2025-10-10T06:33:49.000Z</time>
      </trkpt>
      <trkpt lat="35.50835" lon="129.03541">
        <ele>1005</ele>
        <time>2025-10-10T06:33:52.000Z</time>
      </trkpt>
      <trkpt lat="35.50838" lon="129.0354">
        <ele>1011</ele>
        <time>2025-10-10T06:33:55.000Z</time>
      </trkpt>
      <trkpt lat="35.50839" lon="129.0355">
        <ele>1010</ele>
        <time>2025-10-10T06:33:58.000Z</time>
      </trkpt>
      <trkpt lat="35.50852" lon="129.0357">
        <ele>1005</ele>
        <time>2025-10-10T06:34:01.000Z</time>
      </trkpt>
      <trkpt lat="35.50855" lon="129.03576">
        <ele>1001</ele>
        <time>2025-10-10T06:34:04.000Z</time>
      </trkpt>
      <trkpt lat="35.50861" lon="129.03601">
        <ele>1005</ele>
        <time>2025-10-10T06:34:07.000Z</time>
      </trkpt>
      <trkpt lat="35.50869" lon="129.0362">
        <ele>1005</ele>
        <time>2025-10-10T06:34:10.000Z</time>
      </trkpt>
      <trkpt lat="35.50872" lon="129.0363">
        <ele>1002</ele>
        <time>2025-10-10T06:34:13.000Z</time>
      </trkpt>
      <trkpt lat="35.50877" lon="129.03641">
        <ele>1002</ele>
        <time>2025-10-10T06:34:16.000Z</time>
      </trkpt>
      <trkpt lat="35.50879" lon="129.03644">
        <ele>1002</ele>
        <time>2025-10-10T06:34:19.000Z</time>
      </trkpt>
      <trkpt lat="35.5088" lon="129.03649">
        <ele>995</ele>
        <time>2025-10-10T06:34:22.000Z</time>
      </trkpt>
      <trkpt lat="35.50884" lon="129.03661">
        <ele>994</ele>
        <time>2025-10-10T06:34:25.000Z</time>
      </trkpt>
      <trkpt lat="35.50887" lon="129.03661">
        <ele>994</ele>
        <time>2025-10-10T06:34:28.000Z</time>
      </trkpt>
      <trkpt lat="35.5089" lon="129.03665">
        <ele>994</ele>
        <time>2025-10-10T06:34:31.000Z</time>
      </trkpt>
      <trkpt lat="35.50894" lon="129.03667">
        <ele>994</ele>
        <time>2025-10-10T06:34:34.000Z</time>
      </trkpt>
      <trkpt lat="35.50901" lon="129.03673">
        <ele>994</ele>
        <time>2025-10-10T06:34:37.000Z</time>
      </trkpt>
      <trkpt lat="35.50904" lon="129.03677">
        <ele>994</ele>
        <time>2025-10-10T06:34:40.000Z</time>
      </trkpt>
      <trkpt lat="35.50906" lon="129.03681">
        <ele>994</ele>
        <time>2025-10-10T06:34:43.000Z</time>
      </trkpt>
      <trkpt lat="35.50911" lon="129.03685">
        <ele>990</ele>
        <time>2025-10-10T06:34:46.000Z</time>
      </trkpt>
      <trkpt lat="35.50913" lon="129.03685">
        <ele>990</ele>
        <time>2025-10-10T06:34:49.000Z</time>
      </trkpt>
      <trkpt lat="35.50926" lon="129.03703">
        <ele>991</ele>
        <time>2025-10-10T06:34:52.000Z</time>
      </trkpt>
      <trkpt lat="35.50932" lon="129.03707">
        <ele>985</ele>
        <time>2025-10-10T06:34:55.000Z</time>
      </trkpt>
      <trkpt lat="35.50933" lon="129.03712">
        <ele>985</ele>
        <time>2025-10-10T06:34:58.000Z</time>
      </trkpt>
      <trkpt lat="35.50937" lon="129.0372">
        <ele>985</ele>
        <time>2025-10-10T06:35:01.000Z</time>
      </trkpt>
      <trkpt lat="35.5094" lon="129.03724">
        <ele>992</ele>
        <time>2025-10-10T06:35:04.000Z</time>
      </trkpt>
      <trkpt lat="35.50947" lon="129.03727">
        <ele>988</ele>
        <time>2025-10-10T06:35:07.000Z</time>
      </trkpt>
      <trkpt lat="35.50952" lon="129.03727">
        <ele>988</ele>
        <time>2025-10-10T06:35:10.000Z</time>
      </trkpt>
      <trkpt lat="35.50955" lon="129.03731">
        <ele>988</ele>
        <time>2025-10-10T06:35:13.000Z</time>
      </trkpt>
      <trkpt lat="35.50962" lon="129.03737">
        <ele>991</ele>
        <time>2025-10-10T06:35:16.000Z</time>
      </trkpt>
      <trkpt lat="35.50969" lon="129.0374">
        <ele>991</ele>
        <time>2025-10-10T06:35:19.000Z</time>
      </trkpt>
      <trkpt lat="35.50978" lon="129.03746">
        <ele>991</ele>
        <time>2025-10-10T06:35:22.000Z</time>
      </trkpt>
      <trkpt lat="35.50987" lon="129.03747">
        <ele>991</ele>
        <time>2025-10-10T06:35:25.000Z</time>
      </trkpt>
      <trkpt lat="35.50994" lon="129.0375">
        <ele>1003</ele>
        <time>2025-10-10T06:35:28.000Z</time>
      </trkpt>
      <trkpt lat="35.50997" lon="129.03748">
        <ele>1003</ele>
        <time>2025-10-10T06:35:31.000Z</time>
      </trkpt>
      <trkpt lat="35.51005" lon="129.03751">
        <ele>1003</ele>
        <time>2025-10-10T06:35:34.000Z</time>
      </trkpt>
      <trkpt lat="35.51011" lon="129.03758">
        <ele>1003</ele>
        <time>2025-10-10T06:35:37.000Z</time>
      </trkpt>
      <trkpt lat="35.51012" lon="129.03761">
        <ele>1003</ele>
        <time>2025-10-10T06:35:40.000Z</time>
      </trkpt>
      <trkpt lat="35.51012" lon="129.03766">
        <ele>1003</ele>
        <time>2025-10-10T06:35:43.000Z</time>
      </trkpt>
      <trkpt lat="35.51014" lon="129.03767">
        <ele>1003</ele>
        <time>2025-10-10T06:35:46.000Z</time>
      </trkpt>
      <trkpt lat="35.51015" lon="129.03763">
        <ele>1003</ele>
        <time>2025-10-10T06:35:49.000Z</time>
      </trkpt>
      <trkpt lat="35.51023" lon="129.03774">
        <ele>1005</ele>
        <time>2025-10-10T06:35:52.000Z</time>
      </trkpt>
      <trkpt lat="35.51027" lon="129.03775">
        <ele>1005</ele>
        <time>2025-10-10T06:35:55.000Z</time>
      </trkpt>
      <trkpt lat="35.5103" lon="129.0378">
        <ele>1005</ele>
        <time>2025-10-10T06:35:58.000Z</time>
      </trkpt>
      <trkpt lat="35.51046" lon="129.03784">
        <ele>1005</ele>
        <time>2025-10-10T06:36:01.000Z</time>
      </trkpt>
      <trkpt lat="35.51056" lon="129.0379">
        <ele>1010</ele>
        <time>2025-10-10T06:36:04.000Z</time>
      </trkpt>
      <trkpt lat="35.51061" lon="129.03789">
        <ele>1010</ele>
        <time>2025-10-10T06:36:07.000Z</time>
      </trkpt>
      <trkpt lat="35.51063" lon="129.03793">
        <ele>1010</ele>
        <time>2025-10-10T06:36:10.000Z</time>
      </trkpt>
      <trkpt lat="35.51063" lon="129.03796">
        <ele>1007</ele>
        <time>2025-10-10T06:36:13.000Z</time>
      </trkpt>
      <trkpt lat="35.51074" lon="129.03802">
        <ele>1009</ele>
        <time>2025-10-10T06:36:16.000Z</time>
      </trkpt>
      <trkpt lat="35.51078" lon="129.03806">
        <ele>1009</ele>
        <time>2025-10-10T06:36:19.000Z</time>
      </trkpt>
      <trkpt lat="35.51083" lon="129.03807">
        <ele>1003</ele>
        <time>2025-10-10T06:36:22.000Z</time>
      </trkpt>
      <trkpt lat="35.51094" lon="129.03828">
        <ele>999</ele>
        <time>2025-10-10T06:36:25.000Z</time>
      </trkpt>
      <trkpt lat="35.51099" lon="129.03824">
        <ele>1003</ele>
        <time>2025-10-10T06:36:28.000Z</time>
      </trkpt>
      <trkpt lat="35.51105" lon="129.03827">
        <ele>1003</ele>
        <time>2025-10-10T06:36:31.000Z</time>
      </trkpt>
      <trkpt lat="35.51108" lon="129.03827">
        <ele>1003</ele>
        <time>2025-10-10T06:36:34.000Z</time>
      </trkpt>
      <trkpt lat="35.51113" lon="129.03823">
        <ele>1003</ele>
        <time>2025-10-10T06:36:37.000Z</time>
      </trkpt>
      <trkpt lat="35.51116" lon="129.03824">
        <ele>1003</ele>
        <time>2025-10-10T06:36:40.000Z</time>
      </trkpt>
      <trkpt lat="35.51115" lon="129.03829">
        <ele>1003</ele>
        <time>2025-10-10T06:36:43.000Z</time>
      </trkpt>
      <trkpt lat="35.51117" lon="129.03832">
        <ele>1003</ele>
        <time>2025-10-10T06:36:46.000Z</time>
      </trkpt>
      <trkpt lat="35.51117" lon="129.03838">
        <ele>1003</ele>
        <time>2025-10-10T06:36:49.000Z</time>
      </trkpt>
      <trkpt lat="35.51116" lon="129.03842">
        <ele>1003</ele>
        <time>2025-10-10T06:36:52.000Z</time>
      </trkpt>
      <trkpt lat="35.51113" lon="129.03845">
        <ele>1003</ele>
        <time>2025-10-10T06:36:55.000Z</time>
      </trkpt>
      <trkpt lat="35.51114" lon="129.03851">
        <ele>996</ele>
        <time>2025-10-10T06:36:58.000Z</time>
      </trkpt>
      <trkpt lat="35.51116" lon="129.03852">
        <ele>996</ele>
        <time>2025-10-10T06:37:01.000Z</time>
      </trkpt>
      <trkpt lat="35.51117" lon="129.03857">
        <ele>996</ele>
        <time>2025-10-10T06:37:04.000Z</time>
      </trkpt>
      <trkpt lat="35.51121" lon="129.03861">
        <ele>996</ele>
        <time>2025-10-10T06:37:07.000Z</time>
      </trkpt>
      <trkpt lat="35.51121" lon="129.03863">
        <ele>996</ele>
        <time>2025-10-10T06:37:10.000Z</time>
      </trkpt>
      <trkpt lat="35.51117" lon="129.03873">
        <ele>996</ele>
        <time>2025-10-10T06:37:13.000Z</time>
      </trkpt>
      <trkpt lat="35.51119" lon="129.03877">
        <ele>996</ele>
        <time>2025-10-10T06:37:16.000Z</time>
      </trkpt>
      <trkpt lat="35.51126" lon="129.03882">
        <ele>992</ele>
        <time>2025-10-10T06:37:19.000Z</time>
      </trkpt>
      <trkpt lat="35.51128" lon="129.0389">
        <ele>992</ele>
        <time>2025-10-10T06:37:22.000Z</time>
      </trkpt>
      <trkpt lat="35.51126" lon="129.03895">
        <ele>992</ele>
        <time>2025-10-10T06:37:25.000Z</time>
      </trkpt>
      <trkpt lat="35.51129" lon="129.03901">
        <ele>996</ele>
        <time>2025-10-10T06:37:28.000Z</time>
      </trkpt>
      <trkpt lat="35.51127" lon="129.0391">
        <ele>991</ele>
        <time>2025-10-10T06:37:31.000Z</time>
      </trkpt>
      <trkpt lat="35.51129" lon="129.03913">
        <ele>991</ele>
        <time>2025-10-10T06:37:34.000Z</time>
      </trkpt>
      <trkpt lat="35.51133" lon="129.03924">
        <ele>997</ele>
        <time>2025-10-10T06:37:37.000Z</time>
      </trkpt>
      <trkpt lat="35.51135" lon="129.03925">
        <ele>992</ele>
        <time>2025-10-10T06:37:40.000Z</time>
      </trkpt>
      <trkpt lat="35.51133" lon="129.0393">
        <ele>997</ele>
        <time>2025-10-10T06:37:43.000Z</time>
      </trkpt>
      <trkpt lat="35.51133" lon="129.03948">
        <ele>989</ele>
        <time>2025-10-10T06:37:46.000Z</time>
      </trkpt>
      <trkpt lat="35.51128" lon="129.03955">
        <ele>989</ele>
        <time>2025-10-10T06:37:49.000Z</time>
      </trkpt>
      <trkpt lat="35.51127" lon="129.03961">
        <ele>989</ele>
        <time>2025-10-10T06:37:52.000Z</time>
      </trkpt>
      <trkpt lat="35.51134" lon="129.03965">
        <ele>987</ele>
        <time>2025-10-10T06:37:55.000Z</time>
      </trkpt>
      <trkpt lat="35.51138" lon="129.0398">
        <ele>987</ele>
        <time>2025-10-10T06:37:58.000Z</time>
      </trkpt>
      <trkpt lat="35.51137" lon="129.03991">
        <ele>983</ele>
        <time>2025-10-10T06:38:01.000Z</time>
      </trkpt>
      <trkpt lat="35.51139" lon="129.0399">
        <ele>983</ele>
        <time>2025-10-10T06:38:04.000Z</time>
      </trkpt>
      <trkpt lat="35.51142" lon="129.03994">
        <ele>983</ele>
        <time>2025-10-10T06:38:07.000Z</time>
      </trkpt>
      <trkpt lat="35.5114" lon="129.03997">
        <ele>983</ele>
        <time>2025-10-10T06:38:10.000Z</time>
      </trkpt>
      <trkpt lat="35.51143" lon="129.04004">
        <ele>983</ele>
        <time>2025-10-10T06:38:13.000Z</time>
      </trkpt>
      <trkpt lat="35.51146" lon="129.04007">
        <ele>983</ele>
        <time>2025-10-10T06:38:16.000Z</time>
      </trkpt>
      <trkpt lat="35.51149" lon="129.04006">
        <ele>983</ele>
        <time>2025-10-10T06:38:19.000Z</time>
      </trkpt>
      <trkpt lat="35.51151" lon="129.04007">
        <ele>983</ele>
        <time>2025-10-10T06:38:22.000Z</time>
      </trkpt>
      <trkpt lat="35.51157" lon="129.04014">
        <ele>983</ele>
        <time>2025-10-10T06:38:25.000Z</time>
      </trkpt>
      <trkpt lat="35.51159" lon="129.04015">
        <ele>983</ele>
        <time>2025-10-10T06:38:28.000Z</time>
      </trkpt>
      <trkpt lat="35.51162" lon="129.04019">
        <ele>982</ele>
        <time>2025-10-10T06:38:31.000Z</time>
      </trkpt>
      <trkpt lat="35.51159" lon="129.04038">
        <ele>979</ele>
        <time>2025-10-10T06:38:34.000Z</time>
      </trkpt>
      <trkpt lat="35.51162" lon="129.04045">
        <ele>973</ele>
        <time>2025-10-10T06:38:37.000Z</time>
      </trkpt>
      <trkpt lat="35.51161" lon="129.04054">
        <ele>969</ele>
        <time>2025-10-10T06:38:40.000Z</time>
      </trkpt>
      <trkpt lat="35.51164" lon="129.04058">
        <ele>969</ele>
        <time>2025-10-10T06:38:43.000Z</time>
      </trkpt>
      <trkpt lat="35.51162" lon="129.04064">
        <ele>969</ele>
        <time>2025-10-10T06:38:46.000Z</time>
      </trkpt>
      <trkpt lat="35.51164" lon="129.04071">
        <ele>970</ele>
        <time>2025-10-10T06:38:49.000Z</time>
      </trkpt>
      <trkpt lat="35.51169" lon="129.04074">
        <ele>970</ele>
        <time>2025-10-10T06:38:52.000Z</time>
      </trkpt>
      <trkpt lat="35.51168" lon="129.04087">
        <ele>970</ele>
        <time>2025-10-10T06:38:55.000Z</time>
      </trkpt>
      <trkpt lat="35.51171" lon="129.04094">
        <ele>970</ele>
        <time>2025-10-10T06:38:58.000Z</time>
      </trkpt>
      <trkpt lat="35.51168" lon="129.04096">
        <ele>970</ele>
        <time>2025-10-10T06:39:01.000Z</time>
      </trkpt>
      <trkpt lat="35.51169" lon="129.04102">
        <ele>970</ele>
        <time>2025-10-10T06:39:04.000Z</time>
      </trkpt>
      <trkpt lat="35.51167" lon="129.04104">
        <ele>970</ele>
        <time>2025-10-10T06:39:07.000Z</time>
      </trkpt>
      <trkpt lat="35.51171" lon="129.04113">
        <ele>970</ele>
        <time>2025-10-10T06:39:10.000Z</time>
      </trkpt>
      <trkpt lat="35.51169" lon="129.04117">
        <ele>970</ele>
        <time>2025-10-10T06:39:13.000Z</time>
      </trkpt>
      <trkpt lat="35.51169" lon="129.04125">
        <ele>970</ele>
        <time>2025-10-10T06:39:16.000Z</time>
      </trkpt>
      <trkpt lat="35.5117" lon="129.04136">
        <ele>965</ele>
        <time>2025-10-10T06:39:19.000Z</time>
      </trkpt>
      <trkpt lat="35.51188" lon="129.0416">
        <ele>975</ele>
        <time>2025-10-10T06:39:22.000Z</time>
      </trkpt>
      <trkpt lat="35.51191" lon="129.04163">
        <ele>981</ele>
        <time>2025-10-10T06:39:25.000Z</time>
      </trkpt>
      <trkpt lat="35.51196" lon="129.04165">
        <ele>981</ele>
        <time>2025-10-10T06:39:28.000Z</time>
      </trkpt>
      <trkpt lat="35.51198" lon="129.04169">
        <ele>981</ele>
        <time>2025-10-10T06:39:31.000Z</time>
      </trkpt>
      <trkpt lat="35.51206" lon="129.04178">
        <ele>981</ele>
        <time>2025-10-10T06:39:34.000Z</time>
      </trkpt>
      <trkpt lat="35.51216" lon="129.04195">
        <ele>986</ele>
        <time>2025-10-10T06:39:37.000Z</time>
      </trkpt>
      <trkpt lat="35.51221" lon="129.04197">
        <ele>980</ele>
        <time>2025-10-10T06:39:40.000Z</time>
      </trkpt>
      <trkpt lat="35.51225" lon="129.04208">
        <ele>986</ele>
        <time>2025-10-10T06:39:43.000Z</time>
      </trkpt>
      <trkpt lat="35.51231" lon="129.04213">
        <ele>988</ele>
        <time>2025-10-10T06:39:46.000Z</time>
      </trkpt>
      <trkpt lat="35.5124" lon="129.04226">
        <ele>980</ele>
        <time>2025-10-10T06:39:49.000Z</time>
      </trkpt>
      <trkpt lat="35.51243" lon="129.04235">
        <ele>980</ele>
        <time>2025-10-10T06:39:52.000Z</time>
      </trkpt>
      <trkpt lat="35.51245" lon="129.04238">
        <ele>980</ele>
        <time>2025-10-10T06:39:55.000Z</time>
      </trkpt>
      <trkpt lat="35.51248" lon="129.04247">
        <ele>989</ele>
        <time>2025-10-10T06:39:58.000Z</time>
      </trkpt>
      <trkpt lat="35.51253" lon="129.04256">
        <ele>989</ele>
        <time>2025-10-10T06:40:01.000Z</time>
      </trkpt>
      <trkpt lat="35.51251" lon="129.04258">
        <ele>989</ele>
        <time>2025-10-10T06:40:04.000Z</time>
      </trkpt>
      <trkpt lat="35.51253" lon="129.04264">
        <ele>989</ele>
        <time>2025-10-10T06:40:07.000Z</time>
      </trkpt>
      <trkpt lat="35.51257" lon="129.04264">
        <ele>989</ele>
        <time>2025-10-10T06:40:10.000Z</time>
      </trkpt>
      <trkpt lat="35.51255" lon="129.04275">
        <ele>997</ele>
        <time>2025-10-10T06:40:13.000Z</time>
      </trkpt>
      <trkpt lat="35.51251" lon="129.04287">
        <ele>997</ele>
        <time>2025-10-10T06:40:16.000Z</time>
      </trkpt>
      <trkpt lat="35.51258" lon="129.04309">
        <ele>1004</ele>
        <time>2025-10-10T06:40:19.000Z</time>
      </trkpt>
      <trkpt lat="35.51267" lon="129.04321">
        <ele>1000</ele>
        <time>2025-10-10T06:40:22.000Z</time>
      </trkpt>
      <trkpt lat="35.51271" lon="129.04332">
        <ele>1005</ele>
        <time>2025-10-10T06:40:25.000Z</time>
      </trkpt>
      <trkpt lat="35.5127" lon="129.04337">
        <ele>1000</ele>
        <time>2025-10-10T06:40:28.000Z</time>
      </trkpt>
      <trkpt lat="35.51272" lon="129.0434">
        <ele>1005</ele>
        <time>2025-10-10T06:40:31.000Z</time>
      </trkpt>
      <trkpt lat="35.51275" lon="129.04351">
        <ele>1001</ele>
        <time>2025-10-10T06:40:34.000Z</time>
      </trkpt>
      <trkpt lat="35.51281" lon="129.04362">
        <ele>1004</ele>
        <time>2025-10-10T06:40:37.000Z</time>
      </trkpt>
      <trkpt lat="35.5129" lon="129.04369">
        <ele>1004</ele>
        <time>2025-10-10T06:40:40.000Z</time>
      </trkpt>
      <trkpt lat="35.51289" lon="129.0439">
        <ele>995</ele>
        <time>2025-10-10T06:40:43.000Z</time>
      </trkpt>
      <trkpt lat="35.51291" lon="129.04403">
        <ele>1003</ele>
        <time>2025-10-10T06:40:46.000Z</time>
      </trkpt>
      <trkpt lat="35.51291" lon="129.04414">
        <ele>989</ele>
        <time>2025-10-10T06:40:49.000Z</time>
      </trkpt>
      <trkpt lat="35.51295" lon="129.04423">
        <ele>989</ele>
        <time>2025-10-10T06:40:52.000Z</time>
      </trkpt>
      <trkpt lat="35.51293" lon="129.04427">
        <ele>989</ele>
        <time>2025-10-10T06:40:55.000Z</time>
      </trkpt>
      <trkpt lat="35.51297" lon="129.04441">
        <ele>979</ele>
        <time>2025-10-10T06:40:58.000Z</time>
      </trkpt>
      <trkpt lat="35.51307" lon="129.04461">
        <ele>996</ele>
        <time>2025-10-10T06:41:01.000Z</time>
      </trkpt>
      <trkpt lat="35.51308" lon="129.0446">
        <ele>979</ele>
        <time>2025-10-10T06:41:04.000Z</time>
      </trkpt>
      <trkpt lat="35.51316" lon="129.04466">
        <ele>979</ele>
        <time>2025-10-10T06:41:07.000Z</time>
      </trkpt>
      <trkpt lat="35.51334" lon="129.04474">
        <ele>992</ele>
        <time>2025-10-10T06:41:10.000Z</time>
      </trkpt>
      <trkpt lat="35.5134" lon="129.04483">
        <ele>1003</ele>
        <time>2025-10-10T06:41:13.000Z</time>
      </trkpt>
      <trkpt lat="35.51341" lon="129.04489">
        <ele>1003</ele>
        <time>2025-10-10T06:41:16.000Z</time>
      </trkpt>
      <trkpt lat="35.51348" lon="129.04495">
        <ele>999</ele>
        <time>2025-10-10T06:41:19.000Z</time>
      </trkpt>
      <trkpt lat="35.51356" lon="129.04506">
        <ele>1006</ele>
        <time>2025-10-10T06:41:22.000Z</time>
      </trkpt>
      <trkpt lat="35.51362" lon="129.04511">
        <ele>1006</ele>
        <time>2025-10-10T06:41:25.000Z</time>
      </trkpt>
      <trkpt lat="35.51368" lon="129.04508">
        <ele>1006</ele>
        <time>2025-10-10T06:41:28.000Z</time>
      </trkpt>
      <trkpt lat="35.51379" lon="129.04509">
        <ele>1006</ele>
        <time>2025-10-10T06:41:31.000Z</time>
      </trkpt>
      <trkpt lat="35.51391" lon="129.04519">
        <ele>1017</ele>
        <time>2025-10-10T06:41:34.000Z</time>
      </trkpt>
      <trkpt lat="35.51393" lon="129.04515">
        <ele>1017</ele>
        <time>2025-10-10T06:41:37.000Z</time>
      </trkpt>
      <trkpt lat="35.51393" lon="129.04526">
        <ele>1025</ele>
        <time>2025-10-10T06:41:40.000Z</time>
      </trkpt>
      <trkpt lat="35.51385" lon="129.04531">
        <ele>1025</ele>
        <time>2025-10-10T06:41:43.000Z</time>
      </trkpt>
      <trkpt lat="35.51386" lon="129.0454">
        <ele>1018</ele>
        <time>2025-10-10T06:41:46.000Z</time>
      </trkpt>
      <trkpt lat="35.51394" lon="129.04546">
        <ele>1025</ele>
        <time>2025-10-10T06:41:49.000Z</time>
      </trkpt>
      <trkpt lat="35.514" lon="129.04548">
        <ele>1025</ele>
        <time>2025-10-10T06:41:52.000Z</time>
      </trkpt>
      <trkpt lat="35.51404" lon="129.04542">
        <ele>1025</ele>
        <time>2025-10-10T06:41:55.000Z</time>
      </trkpt>
      <trkpt lat="35.51405" lon="129.04553">
        <ele>1019</ele>
        <time>2025-10-10T06:41:58.000Z</time>
      </trkpt>
      <trkpt lat="35.51408" lon="129.04552">
        <ele>1019</ele>
        <time>2025-10-10T06:42:01.000Z</time>
      </trkpt>
      <trkpt lat="35.51413" lon="129.04556">
        <ele>1037</ele>
        <time>2025-10-10T06:42:04.000Z</time>
      </trkpt>
      <trkpt lat="35.51414" lon="129.04562">
        <ele>1037</ele>
        <time>2025-10-10T06:42:07.000Z</time>
      </trkpt>
      <trkpt lat="35.5143" lon="129.04582">
        <ele>1032</ele>
        <time>2025-10-10T06:42:10.000Z</time>
      </trkpt>
      <trkpt lat="35.51435" lon="129.04595">
        <ele>1032</ele>
        <time>2025-10-10T06:42:13.000Z</time>
      </trkpt>
      <trkpt lat="35.51435" lon="129.04603">
        <ele>1028</ele>
        <time>2025-10-10T06:42:16.000Z</time>
      </trkpt>
      <trkpt lat="35.51444" lon="129.04615">
        <ele>1036</ele>
        <time>2025-10-10T06:42:19.000Z</time>
      </trkpt>
      <trkpt lat="35.51448" lon="129.04633">
        <ele>1040</ele>
        <time>2025-10-10T06:42:22.000Z</time>
      </trkpt>
      <trkpt lat="35.51454" lon="129.04643">
        <ele>1036</ele>
        <time>2025-10-10T06:42:25.000Z</time>
      </trkpt>
      <trkpt lat="35.51461" lon="129.04665">
        <ele>1037</ele>
        <time>2025-10-10T06:42:28.000Z</time>
      </trkpt>
      <trkpt lat="35.51462" lon="129.04672">
        <ele>1037</ele>
        <time>2025-10-10T06:42:31.000Z</time>
      </trkpt>
      <trkpt lat="35.51457" lon="129.04685">
        <ele>1034</ele>
        <time>2025-10-10T06:42:34.000Z</time>
      </trkpt>
      <trkpt lat="35.51461" lon="129.04695">
        <ele>1040</ele>
        <time>2025-10-10T06:42:37.000Z</time>
      </trkpt>
      <trkpt lat="35.51462" lon="129.04709">
        <ele>1040</ele>
        <time>2025-10-10T06:42:40.000Z</time>
      </trkpt>
      <trkpt lat="35.51465" lon="129.04712">
        <ele>1043</ele>
        <time>2025-10-10T06:42:43.000Z</time>
      </trkpt>
      <trkpt lat="35.51467" lon="129.0472">
        <ele>1043</ele>
        <time>2025-10-10T06:42:46.000Z</time>
      </trkpt>
      <trkpt lat="35.51465" lon="129.04723">
        <ele>1043</ele>
        <time>2025-10-10T06:42:49.000Z</time>
      </trkpt>
      <trkpt lat="35.51466" lon="129.04742">
        <ele>1041</ele>
        <time>2025-10-10T06:42:52.000Z</time>
      </trkpt>
      <trkpt lat="35.51464" lon="129.04744">
        <ele>1044</ele>
        <time>2025-10-10T06:42:55.000Z</time>
      </trkpt>
      <trkpt lat="35.51467" lon="129.04748">
        <ele>1044</ele>
        <time>2025-10-10T06:42:58.000Z</time>
      </trkpt>
      <trkpt lat="35.51478" lon="129.04772">
        <ele>1042</ele>
        <time>2025-10-10T06:43:01.000Z</time>
      </trkpt>
      <trkpt lat="35.51483" lon="129.04779">
        <ele>1042</ele>
        <time>2025-10-10T06:43:04.000Z</time>
      </trkpt>
      <trkpt lat="35.51484" lon="129.04788">
        <ele>1042</ele>
        <time>2025-10-10T06:43:07.000Z</time>
      </trkpt>
      <trkpt lat="35.51487" lon="129.04796">
        <ele>1042</ele>
        <time>2025-10-10T06:43:10.000Z</time>
      </trkpt>
      <trkpt lat="35.51496" lon="129.04813">
        <ele>1039</ele>
        <time>2025-10-10T06:43:13.000Z</time>
      </trkpt>
      <trkpt lat="35.51501" lon="129.04818">
        <ele>1039</ele>
        <time>2025-10-10T06:43:16.000Z</time>
      </trkpt>
      <trkpt lat="35.51508" lon="129.04822">
        <ele>1036</ele>
        <time>2025-10-10T06:43:19.000Z</time>
      </trkpt>
      <trkpt lat="35.51511" lon="129.04827">
        <ele>1036</ele>
        <time>2025-10-10T06:43:22.000Z</time>
      </trkpt>
      <trkpt lat="35.51514" lon="129.0483">
        <ele>1036</ele>
        <time>2025-10-10T06:43:25.000Z</time>
      </trkpt>
      <trkpt lat="35.5152" lon="129.04839">
        <ele>1030</ele>
        <time>2025-10-10T06:43:28.000Z</time>
      </trkpt>
      <trkpt lat="35.51523" lon="129.04842">
        <ele>1030</ele>
        <time>2025-10-10T06:43:31.000Z</time>
      </trkpt>
      <trkpt lat="35.51526" lon="129.04849">
        <ele>1030</ele>
        <time>2025-10-10T06:43:34.000Z</time>
      </trkpt>
      <trkpt lat="35.51528" lon="129.04858">
        <ele>1023</ele>
        <time>2025-10-10T06:43:37.000Z</time>
      </trkpt>
      <trkpt lat="35.51529" lon="129.0488">
        <ele>1026</ele>
        <time>2025-10-10T06:43:40.000Z</time>
      </trkpt>
      <trkpt lat="35.51531" lon="129.049">
        <ele>1021</ele>
        <time>2025-10-10T06:43:43.000Z</time>
      </trkpt>
      <trkpt lat="35.51528" lon="129.04918">
        <ele>1022</ele>
        <time>2025-10-10T06:43:46.000Z</time>
      </trkpt>
      <trkpt lat="35.51529" lon="129.04925">
        <ele>1022</ele>
        <time>2025-10-10T06:43:49.000Z</time>
      </trkpt>
      <trkpt lat="35.51526" lon="129.0493">
        <ele>1022</ele>
        <time>2025-10-10T06:43:52.000Z</time>
      </trkpt>
      <trkpt lat="35.5153" lon="129.04935">
        <ele>1022</ele>
        <time>2025-10-10T06:43:55.000Z</time>
      </trkpt>
      <trkpt lat="35.51535" lon="129.04936">
        <ele>1022</ele>
        <time>2025-10-10T06:43:58.000Z</time>
      </trkpt>
      <trkpt lat="35.5154" lon="129.04942">
        <ele>1011</ele>
        <time>2025-10-10T06:44:01.000Z</time>
      </trkpt>
      <trkpt lat="35.51544" lon="129.04942">
        <ele>1011</ele>
        <time>2025-10-10T06:44:04.000Z</time>
      </trkpt>
      <trkpt lat="35.51547" lon="129.04946">
        <ele>1011</ele>
        <time>2025-10-10T06:44:07.000Z</time>
      </trkpt>
      <trkpt lat="35.51551" lon="129.04947">
        <ele>1007</ele>
        <time>2025-10-10T06:44:10.000Z</time>
      </trkpt>
      <trkpt lat="35.51556" lon="129.04953">
        <ele>1007</ele>
        <time>2025-10-10T06:44:13.000Z</time>
      </trkpt>
      <trkpt lat="35.51561" lon="129.04956">
        <ele>1010</ele>
        <time>2025-10-10T06:44:16.000Z</time>
      </trkpt>
      <trkpt lat="35.51568" lon="129.04967">
        <ele>1005</ele>
        <time>2025-10-10T06:44:19.000Z</time>
      </trkpt>
      <trkpt lat="35.51569" lon="129.04971">
        <ele>1005</ele>
        <time>2025-10-10T06:44:22.000Z</time>
      </trkpt>
      <trkpt lat="35.51572" lon="129.04969">
        <ele>1009</ele>
        <time>2025-10-10T06:44:25.000Z</time>
      </trkpt>
      <trkpt lat="35.51577" lon="129.04972">
        <ele>1012</ele>
        <time>2025-10-10T06:44:28.000Z</time>
      </trkpt>
      <trkpt lat="35.51578" lon="129.04977">
        <ele>1009</ele>
        <time>2025-10-10T06:44:31.000Z</time>
      </trkpt>
      <trkpt lat="35.51577" lon="129.04992">
        <ele>1014</ele>
        <time>2025-10-10T06:44:34.000Z</time>
      </trkpt>
      <trkpt lat="35.51573" lon="129.05005">
        <ele>1014</ele>
        <time>2025-10-10T06:44:37.000Z</time>
      </trkpt>
      <trkpt lat="35.51573" lon="129.05023">
        <ele>1017</ele>
        <time>2025-10-10T06:44:40.000Z</time>
      </trkpt>
      <trkpt lat="35.51574" lon="129.05023">
        <ele>1017</ele>
        <time>2025-10-10T06:44:43.000Z</time>
      </trkpt>
      <trkpt lat="35.51575" lon="129.05027">
        <ele>1017</ele>
        <time>2025-10-10T06:44:46.000Z</time>
      </trkpt>
      <trkpt lat="35.51575" lon="129.05042">
        <ele>1017</ele>
        <time>2025-10-10T06:44:49.000Z</time>
      </trkpt>
      <trkpt lat="35.51577" lon="129.05048">
        <ele>1017</ele>
        <time>2025-10-10T06:44:52.000Z</time>
      </trkpt>
      <trkpt lat="35.51578" lon="129.05061">
        <ele>1022</ele>
        <time>2025-10-10T06:44:55.000Z</time>
      </trkpt>
      <trkpt lat="35.5158" lon="129.05067">
        <ele>1022</ele>
        <time>2025-10-10T06:44:58.000Z</time>
      </trkpt>
      <trkpt lat="35.51579" lon="129.05079">
        <ele>1031</ele>
        <time>2025-10-10T06:45:01.000Z</time>
      </trkpt>
      <trkpt lat="35.51581" lon="129.05081">
        <ele>1031</ele>
        <time>2025-10-10T06:45:04.000Z</time>
      </trkpt>
      <trkpt lat="35.51583" lon="129.05089">
        <ele>1031</ele>
        <time>2025-10-10T06:45:07.000Z</time>
      </trkpt>
      <trkpt lat="35.51581" lon="129.05104">
        <ele>1047</ele>
        <time>2025-10-10T06:45:10.000Z</time>
      </trkpt>
      <trkpt lat="35.51577" lon="129.0511">
        <ele>1047</ele>
        <time>2025-10-10T06:45:13.000Z</time>
      </trkpt>
      <trkpt lat="35.51579" lon="129.05115">
        <ele>1047</ele>
        <time>2025-10-10T06:45:16.000Z</time>
      </trkpt>
      <trkpt lat="35.51581" lon="129.05118">
        <ele>1047</ele>
        <time>2025-10-10T06:45:19.000Z</time>
      </trkpt>
      <trkpt lat="35.51582" lon="129.05135">
        <ele>1054</ele>
        <time>2025-10-10T06:45:22.000Z</time>
      </trkpt>
      <trkpt lat="35.51582" lon="129.05142">
        <ele>1050</ele>
        <time>2025-10-10T06:45:25.000Z</time>
      </trkpt>
      <trkpt lat="35.51581" lon="129.05147">
        <ele>1054</ele>
        <time>2025-10-10T06:45:28.000Z</time>
      </trkpt>
      <trkpt lat="35.51585" lon="129.05157">
        <ele>1054</ele>
        <time>2025-10-10T06:45:31.000Z</time>
      </trkpt>
      <trkpt lat="35.51586" lon="129.0517">
        <ele>1053</ele>
        <time>2025-10-10T06:45:34.000Z</time>
      </trkpt>
      <trkpt lat="35.51589" lon="129.05171">
        <ele>1053</ele>
        <time>2025-10-10T06:45:37.000Z</time>
      </trkpt>
      <trkpt lat="35.51588" lon="129.05178">
        <ele>1053</ele>
        <time>2025-10-10T06:45:40.000Z</time>
      </trkpt>
      <trkpt lat="35.51595" lon="129.05185">
        <ele>1053</ele>
        <time>2025-10-10T06:45:43.000Z</time>
      </trkpt>
      <trkpt lat="35.51596" lon="129.05184">
        <ele>1053</ele>
        <time>2025-10-10T06:45:46.000Z</time>
      </trkpt>
      <trkpt lat="35.51599" lon="129.05187">
        <ele>1053</ele>
        <time>2025-10-10T06:45:49.000Z</time>
      </trkpt>
      <trkpt lat="35.51599" lon="129.05194">
        <ele>1058</ele>
        <time>2025-10-10T06:45:52.000Z</time>
      </trkpt>
      <trkpt lat="35.51603" lon="129.05195">
        <ele>1062</ele>
        <time>2025-10-10T06:45:55.000Z</time>
      </trkpt>
      <trkpt lat="35.51604" lon="129.05199">
        <ele>1062</ele>
        <time>2025-10-10T06:45:58.000Z</time>
      </trkpt>
      <trkpt lat="35.51602" lon="129.05207">
        <ele>1062</ele>
        <time>2025-10-10T06:46:01.000Z</time>
      </trkpt>
      <trkpt lat="35.51602" lon="129.05211">
        <ele>1056</ele>
        <time>2025-10-10T06:46:04.000Z</time>
      </trkpt>
      <trkpt lat="35.51608" lon="129.05219">
        <ele>1062</ele>
        <time>2025-10-10T06:46:07.000Z</time>
      </trkpt>
      <trkpt lat="35.51607" lon="129.05224">
        <ele>1062</ele>
        <time>2025-10-10T06:46:10.000Z</time>
      </trkpt>
      <trkpt lat="35.51602" lon="129.0523">
        <ele>1062</ele>
        <time>2025-10-10T06:46:13.000Z</time>
      </trkpt>
      <trkpt lat="35.51599" lon="129.05237">
        <ele>1057</ele>
        <time>2025-10-10T06:46:16.000Z</time>
      </trkpt>
      <trkpt lat="35.51594" lon="129.05245">
        <ele>1065</ele>
        <time>2025-10-10T06:46:19.000Z</time>
      </trkpt>
      <trkpt lat="35.51593" lon="129.0525">
        <ele>1065</ele>
        <time>2025-10-10T06:46:22.000Z</time>
      </trkpt>
      <trkpt lat="35.51601" lon="129.05252">
        <ele>1059</ele>
        <time>2025-10-10T06:46:25.000Z</time>
      </trkpt>
      <trkpt lat="35.51603" lon="129.05256">
        <ele>1059</ele>
        <time>2025-10-10T06:46:28.000Z</time>
      </trkpt>
      <trkpt lat="35.51594" lon="129.05265">
        <ele>1065</ele>
        <time>2025-10-10T06:46:31.000Z</time>
      </trkpt>
      <trkpt lat="35.51597" lon="129.0527">
        <ele>1065</ele>
        <time>2025-10-10T06:46:34.000Z</time>
      </trkpt>
      <trkpt lat="35.51593" lon="129.05279">
        <ele>1059</ele>
        <time>2025-10-10T06:46:37.000Z</time>
      </trkpt>
      <trkpt lat="35.51597" lon="129.05285">
        <ele>1059</ele>
        <time>2025-10-10T06:46:40.000Z</time>
      </trkpt>
      <trkpt lat="35.51608" lon="129.05272">
        <ele>1060</ele>
        <time>2025-10-10T06:46:43.000Z</time>
      </trkpt>
      <trkpt lat="35.51625" lon="129.05285">
        <ele>1060</ele>
        <time>2025-10-10T06:46:46.000Z</time>
      </trkpt>
      <trkpt lat="35.5165" lon="129.053">
        <ele>1057</ele>
        <time>2025-10-10T06:46:49.000Z</time>
      </trkpt>
      <trkpt lat="35.51689" lon="129.05296">
        <ele>1054</ele>
        <time>2025-10-10T06:46:52.000Z</time>
      </trkpt>
      <trkpt lat="35.51719" lon="129.05284">
        <ele>1036</ele>
        <time>2025-10-10T06:46:55.000Z</time>
      </trkpt>
      <trkpt lat="35.51744" lon="129.05273">
        <ele>1033</ele>
        <time>2025-10-10T06:46:58.000Z</time>
      </trkpt>
      <trkpt lat="35.51752" lon="129.05261">
        <ele>1031</ele>
        <time>2025-10-10T06:47:01.000Z</time>
      </trkpt>
      <trkpt lat="35.51766" lon="129.05228">
        <ele>1030</ele>
        <time>2025-10-10T06:47:04.000Z</time>
      </trkpt>
      <trkpt lat="35.51806" lon="129.05201">
        <ele>1021</ele>
        <time>2025-10-10T06:47:07.000Z</time>
      </trkpt>
      <trkpt lat="35.51836" lon="129.05193">
        <ele>1016</ele>
        <time>2025-10-10T06:47:10.000Z</time>
      </trkpt>
      <trkpt lat="35.51873" lon="129.05183">
        <ele>1004</ele>
        <time>2025-10-10T06:47:13.000Z</time>
      </trkpt>
      <trkpt lat="35.51884" lon="129.05186">
        <ele>998</ele>
        <time>2025-10-10T06:47:16.000Z</time>
      </trkpt>
      <trkpt lat="35.51905" lon="129.05184">
        <ele>998</ele>
        <time>2025-10-10T06:47:19.000Z</time>
      </trkpt>
      <trkpt lat="35.51946" lon="129.05185">
        <ele>987</ele>
        <time>2025-10-10T06:47:22.000Z</time>
      </trkpt>
      <trkpt lat="35.51996" lon="129.05176">
        <ele>979</ele>
        <time>2025-10-10T06:47:25.000Z</time>
      </trkpt>
      <trkpt lat="35.52044" lon="129.05178">
        <ele>970</ele>
        <time>2025-10-10T06:47:28.000Z</time>
      </trkpt>
      <trkpt lat="35.52088" lon="129.05176">
        <ele>953</ele>
        <time>2025-10-10T06:47:31.000Z</time>
      </trkpt>
      <trkpt lat="35.52137" lon="129.05164">
        <ele>947</ele>
        <time>2025-10-10T06:47:34.000Z</time>
      </trkpt>
      <trkpt lat="35.52187" lon="129.05176">
        <ele>952</ele>
        <time>2025-10-10T06:47:37.000Z</time>
      </trkpt>
      <trkpt lat="35.52226" lon="129.05203">
        <ele>954</ele>
        <time>2025-10-10T06:47:40.000Z</time>
      </trkpt>
      <trkpt lat="35.52275" lon="129.05213">
        <ele>956</ele>
        <time>2025-10-10T06:47:43.000Z</time>
      </trkpt>
      <trkpt lat="35.52302" lon="129.05223">
        <ele>962</ele>
        <time>2025-10-10T06:47:46.000Z</time>
      </trkpt>
      <trkpt lat="35.52332" lon="129.05233">
        <ele>967</ele>
        <time>2025-10-10T06:47:49.000Z</time>
      </trkpt>
      <trkpt lat="35.52385" lon="129.05244">
        <ele>969</ele>
        <time>2025-10-10T06:47:52.000Z</time>
      </trkpt>
      <trkpt lat="35.52421" lon="129.05248">
        <ele>972</ele>
        <time>2025-10-10T06:47:55.000Z</time>
      </trkpt>
      <trkpt lat="35.52491" lon="129.05257">
        <ele>972</ele>
        <time>2025-10-10T06:47:58.000Z</time>
      </trkpt>
      <trkpt lat="35.52526" lon="129.05255">
        <ele>972</ele>
        <time>2025-10-10T06:48:01.000Z</time>
      </trkpt>
      <trkpt lat="35.52585" lon="129.05251">
        <ele>991</ele>
        <time>2025-10-10T06:48:04.000Z</time>
      </trkpt>
      <trkpt lat="35.52631" lon="129.05269">
        <ele>1010</ele>
        <time>2025-10-10T06:48:07.000Z</time>
      </trkpt>
      <trkpt lat="35.52672" lon="129.053">
        <ele>1010</ele>
        <time>2025-10-10T06:48:10.000Z</time>
      </trkpt>
      <trkpt lat="35.52713" lon="129.0534">
        <ele>1010</ele>
        <time>2025-10-10T06:48:13.000Z</time>
      </trkpt>
      <trkpt lat="35.52747" lon="129.0538">
        <ele>1011</ele>
        <time>2025-10-10T06:48:16.000Z</time>
      </trkpt>
      <trkpt lat="35.52758" lon="129.05412">
        <ele>1009</ele>
        <time>2025-10-10T06:48:19.000Z</time>
      </trkpt>
      <trkpt lat="35.52768" lon="129.05444">
        <ele>1010</ele>
        <time>2025-10-10T06:48:22.000Z</time>
      </trkpt>
      <trkpt lat="35.52789" lon="129.05479">
        <ele>1009</ele>
        <time>2025-10-10T06:48:25.000Z</time>
      </trkpt>
      <trkpt lat="35.52826" lon="129.05542">
        <ele>1009</ele>
        <time>2025-10-10T06:48:28.000Z</time>
      </trkpt>
      <trkpt lat="35.52868" lon="129.05571">
        <ele>990</ele>
        <time>2025-10-10T06:48:31.000Z</time>
      </trkpt>
      <trkpt lat="35.52908" lon="129.05597">
        <ele>990</ele>
        <time>2025-10-10T06:48:34.000Z</time>
      </trkpt>
      <trkpt lat="35.52949" lon="129.05636">
        <ele>999</ele>
        <time>2025-10-10T06:48:37.000Z</time>
      </trkpt>
      <trkpt lat="35.52974" lon="129.05652">
        <ele>1008</ele>
        <time>2025-10-10T06:48:40.000Z</time>
      </trkpt>
      <trkpt lat="35.53002" lon="129.05669">
        <ele>1008</ele>
        <time>2025-10-10T06:48:43.000Z</time>
      </trkpt>
      <trkpt lat="35.53047" lon="129.05668">
        <ele>1015</ele>
        <time>2025-10-10T06:48:46.000Z</time>
      </trkpt>
      <trkpt lat="35.53074" lon="129.05678">
        <ele>1017</ele>
        <time>2025-10-10T06:48:49.000Z</time>
      </trkpt>
      <trkpt lat="35.53104" lon="129.05689">
        <ele>1016</ele>
        <time>2025-10-10T06:48:52.000Z</time>
      </trkpt>
      <trkpt lat="35.53132" lon="129.05695">
        <ele>1015</ele>
        <time>2025-10-10T06:48:55.000Z</time>
      </trkpt>
      <trkpt lat="35.53163" lon="129.05702">
        <ele>1018</ele>
        <time>2025-10-10T06:48:58.000Z</time>
      </trkpt>
      <trkpt lat="35.53211" lon="129.05708">
        <ele>1021</ele>
        <time>2025-10-10T06:49:01.000Z</time>
      </trkpt>
      <trkpt lat="35.53258" lon="129.05701">
        <ele>1020</ele>
        <time>2025-10-10T06:49:04.000Z</time>
      </trkpt>
      <trkpt lat="35.53297" lon="129.05675">
        <ele>1019</ele>
        <time>2025-10-10T06:49:07.000Z</time>
      </trkpt>
      <trkpt lat="35.53337" lon="129.05645">
        <ele>1012</ele>
        <time>2025-10-10T06:49:10.000Z</time>
      </trkpt>
      <trkpt lat="35.53378" lon="129.05624">
        <ele>1006</ele>
        <time>2025-10-10T06:49:13.000Z</time>
      </trkpt>
      <trkpt lat="35.53425" lon="129.05613">
        <ele>1004</ele>
        <time>2025-10-10T06:49:16.000Z</time>
      </trkpt>
      <trkpt lat="35.53465" lon="129.05582">
        <ele>1010</ele>
        <time>2025-10-10T06:49:19.000Z</time>
      </trkpt>
      <trkpt lat="35.5351" lon="129.05562">
        <ele>1016</ele>
        <time>2025-10-10T06:49:22.000Z</time>
      </trkpt>
      <trkpt lat="35.53551" lon="129.0554">
        <ele>1028</ele>
        <time>2025-10-10T06:49:25.000Z</time>
      </trkpt>
      <trkpt lat="35.53588" lon="129.05512">
        <ele>1040</ele>
        <time>2025-10-10T06:49:28.000Z</time>
      </trkpt>
      <trkpt lat="35.53621" lon="129.05497">
        <ele>1041</ele>
        <time>2025-10-10T06:49:31.000Z</time>
      </trkpt>
      <trkpt lat="35.53678" lon="129.0547">
        <ele>1057</ele>
        <time>2025-10-10T06:49:34.000Z</time>
      </trkpt>
      <trkpt lat="35.53725" lon="129.0546">
        <ele>1071</ele>
        <time>2025-10-10T06:49:37.000Z</time>
      </trkpt>
      <trkpt lat="35.53768" lon="129.05436">
        <ele>1083</ele>
        <time>2025-10-10T06:49:40.000Z</time>
      </trkpt>
      <trkpt lat="35.53811" lon="129.05423">
        <ele>1105</ele>
        <time>2025-10-10T06:49:43.000Z</time>
      </trkpt>
      <trkpt lat="35.53854" lon="129.05444">
        <ele>1133</ele>
        <time>2025-10-10T06:49:46.000Z</time>
      </trkpt>
      <trkpt lat="35.53898" lon="129.05443">
        <ele>1140</ele>
        <time>2025-10-10T06:49:49.000Z</time>
      </trkpt>
      <trkpt lat="35.53933" lon="129.05406">
        <ele>1135</ele>
        <time>2025-10-10T06:49:52.000Z</time>
      </trkpt>
      <trkpt lat="35.53945" lon="129.05351">
        <ele>1137</ele>
        <time>2025-10-10T06:49:55.000Z</time>
      </trkpt>
      <trkpt lat="35.53953" lon="129.05293">
        <ele>1140</ele>
        <time>2025-10-10T06:49:58.000Z</time>
      </trkpt>
      <trkpt lat="35.53962" lon="129.05235">
        <ele>1140</ele>
        <time>2025-10-10T06:50:01.000Z</time>
      </trkpt>
      <trkpt lat="35.53964" lon="129.0517">
        <ele>1140</ele>
        <time>2025-10-10T06:50:04.000Z</time>
      </trkpt>
      <trkpt lat="35.53971" lon="129.05127">
        <ele>1141</ele>
        <time>2025-10-10T06:50:07.000Z</time>
      </trkpt>
      <trkpt lat="35.53984" lon="129.0505">
        <ele>1140</ele>
        <time>2025-10-10T06:50:10.000Z</time>
      </trkpt>
      <trkpt lat="35.53986" lon="129.05015">
        <ele>1139</ele>
        <time>2025-10-10T06:50:13.000Z</time>
      </trkpt>
      <trkpt lat="35.53989" lon="129.0498">
        <ele>1139</ele>
        <time>2025-10-10T06:50:16.000Z</time>
      </trkpt>
      <trkpt lat="35.53996" lon="129.04939">
        <ele>1140</ele>
        <time>2025-10-10T06:50:19.000Z</time>
      </trkpt>
      <trkpt lat="35.54008" lon="129.04871">
        <ele>1142</ele>
        <time>2025-10-10T06:50:22.000Z</time>
      </trkpt>
      <trkpt lat="35.54041" lon="129.04828">
        <ele>1132</ele>
        <time>2025-10-10T06:50:25.000Z</time>
      </trkpt>
      <trkpt lat="35.5409" lon="129.04818">
        <ele>1123</ele>
        <time>2025-10-10T06:50:28.000Z</time>
      </trkpt>
      <trkpt lat="35.54137" lon="129.04811">
        <ele>1100</ele>
        <time>2025-10-10T06:50:31.000Z</time>
      </trkpt>
      <trkpt lat="35.54182" lon="129.04815">
        <ele>1096</ele>
        <time>2025-10-10T06:50:34.000Z</time>
      </trkpt>
      <trkpt lat="35.5423" lon="129.04811">
        <ele>1088</ele>
        <time>2025-10-10T06:50:37.000Z</time>
      </trkpt>
      <trkpt lat="35.54265" lon="129.04817">
        <ele>1078</ele>
        <time>2025-10-10T06:50:40.000Z</time>
      </trkpt>
      <trkpt lat="35.54329" lon="129.04828">
        <ele>1066</ele>
        <time>2025-10-10T06:50:43.000Z</time>
      </trkpt>
      <trkpt lat="35.54373" lon="129.04842">
        <ele>1056</ele>
        <time>2025-10-10T06:50:46.000Z</time>
      </trkpt>
      <trkpt lat="35.54414" lon="129.04818">
        <ele>1045</ele>
        <time>2025-10-10T06:50:49.000Z</time>
      </trkpt>
      <trkpt lat="35.54425" lon="129.04765">
        <ele>1035</ele>
        <time>2025-10-10T06:50:52.000Z</time>
      </trkpt>
      <trkpt lat="35.54454" lon="129.0472">
        <ele>1010</ele>
        <time>2025-10-10T06:50:55.000Z</time>
      </trkpt>
      <trkpt lat="35.54463" lon="129.04666">
        <ele>982</ele>
        <time>2025-10-10T06:50:58.000Z</time>
      </trkpt>
      <trkpt lat="35.54493" lon="129.04626">
        <ele>955</ele>
        <time>2025-10-10T06:51:01.000Z</time>
      </trkpt>
      <trkpt lat="35.54536" lon="129.04606">
        <ele>948</ele>
        <time>2025-10-10T06:51:04.000Z</time>
      </trkpt>
      <trkpt lat="35.54582" lon="129.04596">
        <ele>917</ele>
        <time>2025-10-10T06:51:07.000Z</time>
      </trkpt>
      <trkpt lat="35.5463" lon="129.0458">
        <ele>900</ele>
        <time>2025-10-10T06:51:10.000Z</time>
      </trkpt>
      <trkpt lat="35.54678" lon="129.0455">
        <ele>897</ele>
        <time>2025-10-10T06:51:13.000Z</time>
      </trkpt>
      <trkpt lat="35.54712" lon="129.04542">
        <ele>889</ele>
        <time>2025-10-10T06:51:16.000Z</time>
      </trkpt>
      <trkpt lat="35.54771" lon="129.04528">
        <ele>891</ele>
        <time>2025-10-10T06:51:19.000Z</time>
      </trkpt>
      <trkpt lat="35.54792" lon="129.04511">
        <ele>885</ele>
        <time>2025-10-10T06:51:22.000Z</time>
      </trkpt>
      <trkpt lat="35.54794" lon="129.04531">
        <ele>887</ele>
        <time>2025-10-10T06:51:25.000Z</time>
      </trkpt>
      <trkpt lat="35.54792" lon="129.04554">
        <ele>880</ele>
        <time>2025-10-10T06:51:28.000Z</time>
      </trkpt>
      <trkpt lat="35.54787" lon="129.04575">
        <ele>869</ele>
        <time>2025-10-10T06:51:31.000Z</time>
      </trkpt>
      <trkpt lat="35.54783" lon="129.04584">
        <ele>877</ele>
        <time>2025-10-10T06:51:34.000Z</time>
      </trkpt>
      <trkpt lat="35.54772" lon="129.04589">
        <ele>869</ele>
        <time>2025-10-10T06:51:37.000Z</time>
      </trkpt>
      <trkpt lat="35.54758" lon="129.04588">
        <ele>880</ele>
        <time>2025-10-10T06:51:40.000Z</time>
      </trkpt>
      <trkpt lat="35.5474" lon="129.0459">
        <ele>875</ele>
        <time>2025-10-10T06:51:43.000Z</time>
      </trkpt>
      <trkpt lat="35.54728" lon="129.04595">
        <ele>881</ele>
        <time>2025-10-10T06:51:46.000Z</time>
      </trkpt>
      <trkpt lat="35.54716" lon="129.04604">
        <ele>882</ele>
        <time>2025-10-10T06:51:49.000Z</time>
      </trkpt>
      <trkpt lat="35.54708" lon="129.04619">
        <ele>882</ele>
        <time>2025-10-10T06:51:52.000Z</time>
      </trkpt>
      <trkpt lat="35.547" lon="129.04657">
        <ele>882</ele>
        <time>2025-10-10T06:51:55.000Z</time>
      </trkpt>
      <trkpt lat="35.54693" lon="129.04668">
        <ele>874</ele>
        <time>2025-10-10T06:51:58.000Z</time>
      </trkpt>
      <trkpt lat="35.54688" lon="129.04681">
        <ele>877</ele>
        <time>2025-10-10T06:52:01.000Z</time>
      </trkpt>
      <trkpt lat="35.54686" lon="129.04694">
        <ele>872</ele>
        <time>2025-10-10T06:52:04.000Z</time>
      </trkpt>
      <trkpt lat="35.54689" lon="129.04709">
        <ele>872</ele>
        <time>2025-10-10T06:52:07.000Z</time>
      </trkpt>
      <trkpt lat="35.54691" lon="129.04723">
        <ele>857</ele>
        <time>2025-10-10T06:52:10.000Z</time>
      </trkpt>
      <trkpt lat="35.54692" lon="129.04739">
        <ele>872</ele>
        <time>2025-10-10T06:52:13.000Z</time>
      </trkpt>
      <trkpt lat="35.5469" lon="129.0475">
        <ele>867</ele>
        <time>2025-10-10T06:52:16.000Z</time>
      </trkpt>
      <trkpt lat="35.5469" lon="129.04773">
        <ele>871</ele>
        <time>2025-10-10T06:52:19.000Z</time>
      </trkpt>
      <trkpt lat="35.54696" lon="129.04789">
        <ele>860</ele>
        <time>2025-10-10T06:52:22.000Z</time>
      </trkpt>
      <trkpt lat="35.54699" lon="129.0481">
        <ele>870</ele>
        <time>2025-10-10T06:52:25.000Z</time>
      </trkpt>
      <trkpt lat="35.54705" lon="129.04831">
        <ele>881</ele>
        <time>2025-10-10T06:52:28.000Z</time>
      </trkpt>
      <trkpt lat="35.54712" lon="129.04841">
        <ele>865</ele>
        <time>2025-10-10T06:52:31.000Z</time>
      </trkpt>
      <trkpt lat="35.54716" lon="129.04838">
        <ele>865</ele>
        <time>2025-10-10T06:52:34.000Z</time>
      </trkpt>
      <trkpt lat="35.54712" lon="129.04822">
        <ele>865</ele>
        <time>2025-10-10T06:52:37.000Z</time>
      </trkpt>
      <trkpt lat="35.5471" lon="129.0478">
        <ele>860</ele>
        <time>2025-10-10T06:52:40.000Z</time>
      </trkpt>
      <trkpt lat="35.5471" lon="129.04768">
        <ele>856</ele>
        <time>2025-10-10T06:52:43.000Z</time>
      </trkpt>
      <trkpt lat="35.54719" lon="129.04742">
        <ele>854</ele>
        <time>2025-10-10T06:52:46.000Z</time>
      </trkpt>
      <trkpt lat="35.54717" lon="129.04726">
        <ele>849</ele>
        <time>2025-10-10T06:52:49.000Z</time>
      </trkpt>
      <trkpt lat="35.54718" lon="129.04717">
        <ele>849</ele>
        <time>2025-10-10T06:52:52.000Z</time>
      </trkpt>
      <trkpt lat="35.54722" lon="129.04712">
        <ele>849</ele>
        <time>2025-10-10T06:52:55.000Z</time>
      </trkpt>
      <trkpt lat="35.5473" lon="129.04706">
        <ele>856</ele>
        <time>2025-10-10T06:52:58.000Z</time>
      </trkpt>
      <trkpt lat="35.54755" lon="129.04692">
        <ele>850</ele>
        <time>2025-10-10T06:53:01.000Z</time>
      </trkpt>
      <trkpt lat="35.54793" lon="129.04678">
        <ele>842</ele>
        <time>2025-10-10T06:53:04.000Z</time>
      </trkpt>
      <trkpt lat="35.54799" lon="129.04683">
        <ele>851</ele>
        <time>2025-10-10T06:53:07.000Z</time>
      </trkpt>
      <trkpt lat="35.54797" lon="129.04689">
        <ele>851</ele>
        <time>2025-10-10T06:53:10.000Z</time>
      </trkpt>
      <trkpt lat="35.54778" lon="129.04708">
        <ele>835</ele>
        <time>2025-10-10T06:53:13.000Z</time>
      </trkpt>
      <trkpt lat="35.54773" lon="129.04715">
        <ele>821</ele>
        <time>2025-10-10T06:53:16.000Z</time>
      </trkpt>
      <trkpt lat="35.54768" lon="129.04732">
        <ele>835</ele>
        <time>2025-10-10T06:53:19.000Z</time>
      </trkpt>
      <trkpt lat="35.54765" lon="129.04753">
        <ele>828</ele>
        <time>2025-10-10T06:53:22.000Z</time>
      </trkpt>
      <trkpt lat="35.54767" lon="129.04759">
        <ele>828</ele>
        <time>2025-10-10T06:53:25.000Z</time>
      </trkpt>
      <trkpt lat="35.54772" lon="129.04759">
        <ele>806</ele>
        <time>2025-10-10T06:53:28.000Z</time>
      </trkpt>
      <trkpt lat="35.54778" lon="129.04753">
        <ele>806</ele>
        <time>2025-10-10T06:53:31.000Z</time>
      </trkpt>
      <trkpt lat="35.54794" lon="129.04734">
        <ele>821</ele>
        <time>2025-10-10T06:53:34.000Z</time>
      </trkpt>
      <trkpt lat="35.5481" lon="129.04724">
        <ele>805</ele>
        <time>2025-10-10T06:53:37.000Z</time>
      </trkpt>
      <trkpt lat="35.54822" lon="129.04715">
        <ele>798</ele>
        <time>2025-10-10T06:53:40.000Z</time>
      </trkpt>
      <trkpt lat="35.54833" lon="129.04711">
        <ele>798</ele>
        <time>2025-10-10T06:53:43.000Z</time>
      </trkpt>
      <trkpt lat="35.54839" lon="129.04711">
        <ele>798</ele>
        <time>2025-10-10T06:53:46.000Z</time>
      </trkpt>
      <trkpt lat="35.54839" lon="129.04717">
        <ele>798</ele>
        <time>2025-10-10T06:53:49.000Z</time>
      </trkpt>
      <trkpt lat="35.54833" lon="129.04726">
        <ele>798</ele>
        <time>2025-10-10T06:53:52.000Z</time>
      </trkpt>
      <trkpt lat="35.54818" lon="129.04741">
        <ele>797</ele>
        <time>2025-10-10T06:53:55.000Z</time>
      </trkpt>
      <trkpt lat="35.54813" lon="129.04749">
        <ele>797</ele>
        <time>2025-10-10T06:53:58.000Z</time>
      </trkpt>
      <trkpt lat="35.54812" lon="129.04754">
        <ele>797</ele>
        <time>2025-10-10T06:54:01.000Z</time>
      </trkpt>
      <trkpt lat="35.54808" lon="129.04762">
        <ele>797</ele>
        <time>2025-10-10T06:54:04.000Z</time>
      </trkpt>
      <trkpt lat="35.54801" lon="129.04784">
        <ele>804</ele>
        <time>2025-10-10T06:54:07.000Z</time>
      </trkpt>
      <trkpt lat="35.54799" lon="129.04796">
        <ele>809</ele>
        <time>2025-10-10T06:54:10.000Z</time>
      </trkpt>
      <trkpt lat="35.54798" lon="129.04817">
        <ele>794</ele>
        <time>2025-10-10T06:54:13.000Z</time>
      </trkpt>
      <trkpt lat="35.548" lon="129.04826">
        <ele>779</ele>
        <time>2025-10-10T06:54:16.000Z</time>
      </trkpt>
      <trkpt lat="35.54806" lon="129.04827">
        <ele>779</ele>
        <time>2025-10-10T06:54:19.000Z</time>
      </trkpt>
      <trkpt lat="35.5481" lon="129.0482">
        <ele>779</ele>
        <time>2025-10-10T06:54:22.000Z</time>
      </trkpt>
      <trkpt lat="35.54818" lon="129.04794">
        <ele>785</ele>
        <time>2025-10-10T06:54:25.000Z</time>
      </trkpt>
      <trkpt lat="35.54824" lon="129.04784">
        <ele>772</ele>
        <time>2025-10-10T06:54:28.000Z</time>
      </trkpt>
      <trkpt lat="35.5485" lon="129.04759">
        <ele>780</ele>
        <time>2025-10-10T06:54:31.000Z</time>
      </trkpt>
      <trkpt lat="35.54861" lon="129.04755">
        <ele>770</ele>
        <time>2025-10-10T06:54:34.000Z</time>
      </trkpt>
      <trkpt lat="35.5487" lon="129.04754">
        <ele>770</ele>
        <time>2025-10-10T06:54:37.000Z</time>
      </trkpt>
      <trkpt lat="35.54903" lon="129.04762">
        <ele>780</ele>
        <time>2025-10-10T06:54:40.000Z</time>
      </trkpt>
      <trkpt lat="35.54924" lon="129.04766">
        <ele>780</ele>
        <time>2025-10-10T06:54:43.000Z</time>
      </trkpt>
      <trkpt lat="35.54939" lon="129.04765">
        <ele>780</ele>
        <time>2025-10-10T06:54:46.000Z</time>
      </trkpt>
      <trkpt lat="35.54953" lon="129.04763">
        <ele>779</ele>
        <time>2025-10-10T06:54:49.000Z</time>
      </trkpt>
      <trkpt lat="35.54959" lon="129.04766">
        <ele>779</ele>
        <time>2025-10-10T06:54:52.000Z</time>
      </trkpt>
      <trkpt lat="35.54959" lon="129.04771">
        <ele>769</ele>
        <time>2025-10-10T06:54:55.000Z</time>
      </trkpt>
      <trkpt lat="35.54954" lon="129.04777">
        <ele>769</ele>
        <time>2025-10-10T06:54:58.000Z</time>
      </trkpt>
      <trkpt lat="35.54932" lon="129.0478">
        <ele>765</ele>
        <time>2025-10-10T06:55:01.000Z</time>
      </trkpt>
      <trkpt lat="35.54921" lon="129.04778">
        <ele>760</ele>
        <time>2025-10-10T06:55:04.000Z</time>
      </trkpt>
      <trkpt lat="35.54905" lon="129.04781">
        <ele>762</ele>
        <time>2025-10-10T06:55:07.000Z</time>
      </trkpt>
      <trkpt lat="35.54891" lon="129.04788">
        <ele>762</ele>
        <time>2025-10-10T06:55:10.000Z</time>
      </trkpt>
      <trkpt lat="35.54882" lon="129.04796">
        <ele>762</ele>
        <time>2025-10-10T06:55:13.000Z</time>
      </trkpt>
      <trkpt lat="35.54858" lon="129.04836">
        <ele>762</ele>
        <time>2025-10-10T06:55:16.000Z</time>
      </trkpt>
      <trkpt lat="35.5485" lon="129.04846">
        <ele>755</ele>
        <time>2025-10-10T06:55:19.000Z</time>
      </trkpt>
      <trkpt lat="35.54843" lon="129.04857">
        <ele>762</ele>
        <time>2025-10-10T06:55:22.000Z</time>
      </trkpt>
      <trkpt lat="35.54844" lon="129.04864">
        <ele>762</ele>
        <time>2025-10-10T06:55:25.000Z</time>
      </trkpt>
      <trkpt lat="35.54851" lon="129.04868">
        <ele>761</ele>
        <time>2025-10-10T06:55:28.000Z</time>
      </trkpt>
      <trkpt lat="35.5486" lon="129.04862">
        <ele>761</ele>
        <time>2025-10-10T06:55:31.000Z</time>
      </trkpt>
      <trkpt lat="35.54883" lon="129.04831">
        <ele>758</ele>
        <time>2025-10-10T06:55:34.000Z</time>
      </trkpt>
      <trkpt lat="35.54905" lon="129.04812">
        <ele>759</ele>
        <time>2025-10-10T06:55:37.000Z</time>
      </trkpt>
      <trkpt lat="35.54919" lon="129.04806">
        <ele>757</ele>
        <time>2025-10-10T06:55:40.000Z</time>
      </trkpt>
      <trkpt lat="35.5494" lon="129.04805">
        <ele>761</ele>
        <time>2025-10-10T06:55:43.000Z</time>
      </trkpt>
      <trkpt lat="35.54955" lon="129.0481">
        <ele>761</ele>
        <time>2025-10-10T06:55:46.000Z</time>
      </trkpt>
      <trkpt lat="35.54959" lon="129.04817">
        <ele>761</ele>
        <time>2025-10-10T06:55:49.000Z</time>
      </trkpt>
      <trkpt lat="35.54958" lon="129.04824">
        <ele>739</ele>
        <time>2025-10-10T06:55:52.000Z</time>
      </trkpt>
      <trkpt lat="35.54951" lon="129.04829">
        <ele>739</ele>
        <time>2025-10-10T06:55:55.000Z</time>
      </trkpt>
      <trkpt lat="35.54941" lon="129.04827">
        <ele>755</ele>
        <time>2025-10-10T06:55:58.000Z</time>
      </trkpt>
      <trkpt lat="35.54929" lon="129.04828">
        <ele>732</ele>
        <time>2025-10-10T06:56:01.000Z</time>
      </trkpt>
      <trkpt lat="35.54921" lon="129.04834">
        <ele>732</ele>
        <time>2025-10-10T06:56:04.000Z</time>
      </trkpt>
      <trkpt lat="35.54908" lon="129.04849">
        <ele>750</ele>
        <time>2025-10-10T06:56:07.000Z</time>
      </trkpt>
      <trkpt lat="35.54887" lon="129.0489">
        <ele>733</ele>
        <time>2025-10-10T06:56:10.000Z</time>
      </trkpt>
      <trkpt lat="35.54883" lon="129.04917">
        <ele>729</ele>
        <time>2025-10-10T06:56:13.000Z</time>
      </trkpt>
      <trkpt lat="35.54882" lon="129.04935">
        <ele>724</ele>
        <time>2025-10-10T06:56:16.000Z</time>
      </trkpt>
      <trkpt lat="35.54883" lon="129.04949">
        <ele>725</ele>
        <time>2025-10-10T06:56:19.000Z</time>
      </trkpt>
      <trkpt lat="35.54889" lon="129.04951">
        <ele>725</ele>
        <time>2025-10-10T06:56:22.000Z</time>
      </trkpt>
      <trkpt lat="35.54895" lon="129.04947">
        <ele>725</ele>
        <time>2025-10-10T06:56:25.000Z</time>
      </trkpt>
      <trkpt lat="35.54899" lon="129.04937">
        <ele>729</ele>
        <time>2025-10-10T06:56:28.000Z</time>
      </trkpt>
      <trkpt lat="35.54901" lon="129.04921">
        <ele>724</ele>
        <time>2025-10-10T06:56:31.000Z</time>
      </trkpt>
      <trkpt lat="35.54906" lon="129.04908">
        <ele>728</ele>
        <time>2025-10-10T06:56:34.000Z</time>
      </trkpt>
      <trkpt lat="35.54914" lon="129.04894">
        <ele>728</ele>
        <time>2025-10-10T06:56:37.000Z</time>
      </trkpt>
      <trkpt lat="35.54928" lon="129.04882">
        <ele>728</ele>
        <time>2025-10-10T06:56:40.000Z</time>
      </trkpt>
      <trkpt lat="35.54938" lon="129.04877">
        <ele>728</ele>
        <time>2025-10-10T06:56:43.000Z</time>
      </trkpt>
      <trkpt lat="35.54958" lon="129.04879">
        <ele>725</ele>
        <time>2025-10-10T06:56:46.000Z</time>
      </trkpt>
      <trkpt lat="35.54988" lon="129.04886">
        <ele>711</ele>
        <time>2025-10-10T06:56:49.000Z</time>
      </trkpt>
      <trkpt lat="35.55005" lon="129.04895">
        <ele>708</ele>
        <time>2025-10-10T06:56:52.000Z</time>
      </trkpt>
      <trkpt lat="35.55021" lon="129.0491">
        <ele>696</ele>
        <time>2025-10-10T06:56:55.000Z</time>
      </trkpt>
      <trkpt lat="35.55049" lon="129.04933">
        <ele>696</ele>
        <time>2025-10-10T06:56:58.000Z</time>
      </trkpt>
      <trkpt lat="35.55067" lon="129.0495">
        <ele>698</ele>
        <time>2025-10-10T06:57:01.000Z</time>
      </trkpt>
      <trkpt lat="35.55084" lon="129.04968">
        <ele>701</ele>
        <time>2025-10-10T06:57:04.000Z</time>
      </trkpt>
      <trkpt lat="35.55091" lon="129.04981">
        <ele>701</ele>
        <time>2025-10-10T06:57:07.000Z</time>
      </trkpt>
      <trkpt lat="35.5509" lon="129.04987">
        <ele>701</ele>
        <time>2025-10-10T06:57:10.000Z</time>
      </trkpt>
      <trkpt lat="35.55079" lon="129.04985">
        <ele>701</ele>
        <time>2025-10-10T06:57:13.000Z</time>
      </trkpt>
      <trkpt lat="35.55062" lon="129.04969">
        <ele>687</ele>
        <time>2025-10-10T06:57:16.000Z</time>
      </trkpt>
      <trkpt lat="35.55048" lon="129.0496">
        <ele>695</ele>
        <time>2025-10-10T06:57:19.000Z</time>
      </trkpt>
      <trkpt lat="35.55038" lon="129.04955">
        <ele>687</ele>
        <time>2025-10-10T06:57:22.000Z</time>
      </trkpt>
      <trkpt lat="35.5501" lon="129.04939">
        <ele>690</ele>
        <time>2025-10-10T06:57:25.000Z</time>
      </trkpt>
      <trkpt lat="35.54996" lon="129.04937">
        <ele>690</ele>
        <time>2025-10-10T06:57:28.000Z</time>
      </trkpt>
      <trkpt lat="35.54985" lon="129.04945">
        <ele>691</ele>
        <time>2025-10-10T06:57:31.000Z</time>
      </trkpt>
      <trkpt lat="35.54967" lon="129.0496">
        <ele>684</ele>
        <time>2025-10-10T06:57:34.000Z</time>
      </trkpt>
      <trkpt lat="35.5496" lon="129.04993">
        <ele>693</ele>
        <time>2025-10-10T06:57:37.000Z</time>
      </trkpt>
      <trkpt lat="35.54954" lon="129.05026">
        <ele>700</ele>
        <time>2025-10-10T06:57:40.000Z</time>
      </trkpt>
      <trkpt lat="35.54952" lon="129.05086">
        <ele>700</ele>
        <time>2025-10-10T06:57:43.000Z</time>
      </trkpt>
      <trkpt lat="35.54946" lon="129.05116">
        <ele>694</ele>
        <time>2025-10-10T06:57:46.000Z</time>
      </trkpt>
      <trkpt lat="35.54948" lon="129.05148">
        <ele>682</ele>
        <time>2025-10-10T06:57:49.000Z</time>
      </trkpt>
      <trkpt lat="35.54943" lon="129.05183">
        <ele>657</ele>
        <time>2025-10-10T06:57:52.000Z</time>
      </trkpt>
      <trkpt lat="35.54945" lon="129.05234">
        <ele>641</ele>
        <time>2025-10-10T06:57:55.000Z</time>
      </trkpt>
      <trkpt lat="35.5494" lon="129.05255">
        <ele>618</ele>
        <time>2025-10-10T06:57:58.000Z</time>
      </trkpt>
      <trkpt lat="35.54945" lon="129.05257">
        <ele>641</ele>
        <time>2025-10-10T06:58:01.000Z</time>
      </trkpt>
      <trkpt lat="35.54953" lon="129.05245">
        <ele>618</ele>
        <time>2025-10-10T06:58:04.000Z</time>
      </trkpt>
      <trkpt lat="35.54959" lon="129.0523">
        <ele>641</ele>
        <time>2025-10-10T06:58:07.000Z</time>
      </trkpt>
      <trkpt lat="35.54959" lon="129.05212">
        <ele>641</ele>
        <time>2025-10-10T06:58:10.000Z</time>
      </trkpt>
      <trkpt lat="35.54957" lon="129.05196">
        <ele>638</ele>
        <time>2025-10-10T06:58:13.000Z</time>
      </trkpt>
      <trkpt lat="35.5497" lon="129.05174">
        <ele>642</ele>
        <time>2025-10-10T06:58:16.000Z</time>
      </trkpt>
      <trkpt lat="35.54982" lon="129.05146">
        <ele>631</ele>
        <time>2025-10-10T06:58:19.000Z</time>
      </trkpt>
      <trkpt lat="35.54996" lon="129.05103">
        <ele>627</ele>
        <time>2025-10-10T06:58:22.000Z</time>
      </trkpt>
      <trkpt lat="35.55009" lon="129.05089">
        <ele>625</ele>
        <time>2025-10-10T06:58:25.000Z</time>
      </trkpt>
      <trkpt lat="35.55022" lon="129.05082">
        <ele>623</ele>
        <time>2025-10-10T06:58:28.000Z</time>
      </trkpt>
      <trkpt lat="35.55038" lon="129.05084">
        <ele>623</ele>
        <time>2025-10-10T06:58:31.000Z</time>
      </trkpt>
      <trkpt lat="35.55047" lon="129.05092">
        <ele>623</ele>
        <time>2025-10-10T06:58:34.000Z</time>
      </trkpt>
      <trkpt lat="35.55056" lon="129.05114">
        <ele>618</ele>
        <time>2025-10-10T06:58:37.000Z</time>
      </trkpt>
      <trkpt lat="35.55072" lon="129.05149">
        <ele>608</ele>
        <time>2025-10-10T06:58:40.000Z</time>
      </trkpt>
      <trkpt lat="35.55069" lon="129.05147">
        <ele>609</ele>
        <time>2025-10-10T06:58:43.000Z</time>
      </trkpt>
      <trkpt lat="35.55072" lon="129.05149">
        <ele>608</ele>
        <time>2025-10-10T06:58:46.000Z</time>
      </trkpt>
      <trkpt lat="35.55093" lon="129.05169">
        <ele>605</ele>
        <time>2025-10-10T06:58:49.000Z</time>
      </trkpt>
      <trkpt lat="35.55116" lon="129.05192">
        <ele>603</ele>
        <time>2025-10-10T06:58:52.000Z</time>
      </trkpt>
      <trkpt lat="35.55137" lon="129.05224">
        <ele>595</ele>
        <time>2025-10-10T06:58:55.000Z</time>
      </trkpt>
      <trkpt lat="35.55154" lon="129.05243">
        <ele>590</ele>
        <time>2025-10-10T06:58:58.000Z</time>
      </trkpt>
      <trkpt lat="35.55166" lon="129.05253">
        <ele>595</ele>
        <time>2025-10-10T06:59:01.000Z</time>
      </trkpt>
      <trkpt lat="35.5518" lon="129.05274">
        <ele>591</ele>
        <time>2025-10-10T06:59:04.000Z</time>
      </trkpt>
      <trkpt lat="35.55195" lon="129.05297">
        <ele>590</ele>
        <time>2025-10-10T06:59:07.000Z</time>
      </trkpt>
      <trkpt lat="35.55229" lon="129.0534">
        <ele>589</ele>
        <time>2025-10-10T06:59:10.000Z</time>
      </trkpt>
      <trkpt lat="35.55271" lon="129.05381">
        <ele>570</ele>
        <time>2025-10-10T06:59:13.000Z</time>
      </trkpt>
      <trkpt lat="35.55299" lon="129.05391">
        <ele>570</ele>
        <time>2025-10-10T06:59:16.000Z</time>
      </trkpt>
      <trkpt lat="35.55328" lon="129.05397">
        <ele>558</ele>
        <time>2025-10-10T06:59:19.000Z</time>
      </trkpt>
      <trkpt lat="35.55338" lon="129.05408">
        <ele>558</ele>
        <time>2025-10-10T06:59:22.000Z</time>
      </trkpt>
      <trkpt lat="35.55349" lon="129.05428">
        <ele>553</ele>
        <time>2025-10-10T06:59:25.000Z</time>
      </trkpt>
      <trkpt lat="35.5536" lon="129.05446">
        <ele>549</ele>
        <time>2025-10-10T06:59:28.000Z</time>
      </trkpt>
      <trkpt lat="35.55378" lon="129.05455">
        <ele>549</ele>
        <time>2025-10-10T06:59:31.000Z</time>
      </trkpt>
      <trkpt lat="35.55393" lon="129.05458">
        <ele>550</ele>
        <time>2025-10-10T06:59:34.000Z</time>
      </trkpt>
      <trkpt lat="35.554" lon="129.05462">
        <ele>544</ele>
        <time>2025-10-10T06:59:37.000Z</time>
      </trkpt>
      <trkpt lat="35.55402" lon="129.05469">
        <ele>544</ele>
        <time>2025-10-10T06:59:40.000Z</time>
      </trkpt>
      <trkpt lat="35.55399" lon="129.05474">
        <ele>544</ele>
        <time>2025-10-10T06:59:43.000Z</time>
      </trkpt>
      <trkpt lat="35.55391" lon="129.05474">
        <ele>544</ele>
        <time>2025-10-10T06:59:46.000Z</time>
      </trkpt>
      <trkpt lat="35.55371" lon="129.05468">
        <ele>544</ele>
        <time>2025-10-10T06:59:49.000Z</time>
      </trkpt>
      <trkpt lat="35.55348" lon="129.05462">
        <ele>544</ele>
        <time>2025-10-10T06:59:52.000Z</time>
      </trkpt>
      <trkpt lat="35.55338" lon="129.05461">
        <ele>538</ele>
        <time>2025-10-10T06:59:55.000Z</time>
      </trkpt>
      <trkpt lat="35.55334" lon="129.05464">
        <ele>538</ele>
        <time>2025-10-10T06:59:58.000Z</time>
      </trkpt>
      <trkpt lat="35.55336" lon="129.05471">
        <ele>538</ele>
        <time>2025-10-10T07:00:01.000Z</time>
      </trkpt>
      <trkpt lat="35.55353" lon="129.05482">
        <ele>544</ele>
        <time>2025-10-10T07:00:04.000Z</time>
      </trkpt>
      <trkpt lat="35.55372" lon="129.05494">
        <ele>541</ele>
        <time>2025-10-10T07:00:07.000Z</time>
      </trkpt>
      <trkpt lat="35.55389" lon="129.05506">
        <ele>539</ele>
        <time>2025-10-10T07:00:10.000Z</time>
      </trkpt>
      <trkpt lat="35.55401" lon="129.05507">
        <ele>539</ele>
        <time>2025-10-10T07:00:13.000Z</time>
      </trkpt>
      <trkpt lat="35.55411" lon="129.05506">
        <ele>544</ele>
        <time>2025-10-10T07:00:16.000Z</time>
      </trkpt>
      <trkpt lat="35.55417" lon="129.05511">
        <ele>544</ele>
        <time>2025-10-10T07:00:19.000Z</time>
      </trkpt>
      <trkpt lat="35.5542" lon="129.0552">
        <ele>537</ele>
        <time>2025-10-10T07:00:22.000Z</time>
      </trkpt>
      <trkpt lat="35.55422" lon="129.0555">
        <ele>533</ele>
        <time>2025-10-10T07:00:25.000Z</time>
      </trkpt>
      <trkpt lat="35.55431" lon="129.0558">
        <ele>521</ele>
        <time>2025-10-10T07:00:28.000Z</time>
      </trkpt>
      <trkpt lat="35.55434" lon="129.05618">
        <ele>520</ele>
        <time>2025-10-10T07:00:31.000Z</time>
      </trkpt>
      <trkpt lat="35.55453" lon="129.05651">
        <ele>520</ele>
        <time>2025-10-10T07:00:34.000Z</time>
      </trkpt>
      <trkpt lat="35.55464" lon="129.05713">
        <ele>511</ele>
        <time>2025-10-10T07:00:37.000Z</time>
      </trkpt>
      <trkpt lat="35.55474" lon="129.05729">
        <ele>511</ele>
        <time>2025-10-10T07:00:40.000Z</time>
      </trkpt>
      <trkpt lat="35.55492" lon="129.05745">
        <ele>505</ele>
        <time>2025-10-10T07:00:43.000Z</time>
      </trkpt>
      <trkpt lat="35.5551" lon="129.05767">
        <ele>505</ele>
        <time>2025-10-10T07:00:46.000Z</time>
      </trkpt>
      <trkpt lat="35.5552" lon="129.05785">
        <ele>502</ele>
        <time>2025-10-10T07:00:49.000Z</time>
      </trkpt>
      <trkpt lat="35.5554" lon="129.05801">
        <ele>496</ele>
        <time>2025-10-10T07:00:52.000Z</time>
      </trkpt>
      <trkpt lat="35.55557" lon="129.05811">
        <ele>489</ele>
        <time>2025-10-10T07:00:55.000Z</time>
      </trkpt>
      <trkpt lat="35.55569" lon="129.05825">
        <ele>487</ele>
        <time>2025-10-10T07:00:58.000Z</time>
      </trkpt>
      <trkpt lat="35.55576" lon="129.05853">
        <ele>479</ele>
        <time>2025-10-10T07:01:01.000Z</time>
      </trkpt>
      <trkpt lat="35.55586" lon="129.05875">
        <ele>479</ele>
        <time>2025-10-10T07:01:04.000Z</time>
      </trkpt>
      <trkpt lat="35.55588" lon="129.05892">
        <ele>471</ele>
        <time>2025-10-10T07:01:07.000Z</time>
      </trkpt>
      <trkpt lat="35.55596" lon="129.05915">
        <ele>464</ele>
        <time>2025-10-10T07:01:10.000Z</time>
      </trkpt>
      <trkpt lat="35.55611" lon="129.05939">
        <ele>463</ele>
        <time>2025-10-10T07:01:13.000Z</time>
      </trkpt>
      <trkpt lat="35.55628" lon="129.05961">
        <ele>450</ele>
        <time>2025-10-10T07:01:16.000Z</time>
      </trkpt>
      <trkpt lat="35.55642" lon="129.05988">
        <ele>441</ele>
        <time>2025-10-10T07:01:19.000Z</time>
      </trkpt>
      <trkpt lat="35.55644" lon="129.06006">
        <ele>429</ele>
        <time>2025-10-10T07:01:22.000Z</time>
      </trkpt>
      <trkpt lat="35.55651" lon="129.06041">
        <ele>417</ele>
        <time>2025-10-10T07:01:25.000Z</time>
      </trkpt>
      <trkpt lat="35.55664" lon="129.06071">
        <ele>396</ele>
        <time>2025-10-10T07:01:28.000Z</time>
      </trkpt>
      <trkpt lat="35.55662" lon="129.06109">
        <ele>380</ele>
        <time>2025-10-10T07:01:31.000Z</time>
      </trkpt>
      <trkpt lat="35.55666" lon="129.06132">
        <ele>369</ele>
        <time>2025-10-10T07:01:34.000Z</time>
      </trkpt>
      <trkpt lat="35.5566" lon="129.06162">
        <ele>365</ele>
        <time>2025-10-10T07:01:37.000Z</time>
      </trkpt>
      <trkpt lat="35.55651" lon="129.06206">
        <ele>355</ele>
        <time>2025-10-10T07:01:40.000Z</time>
      </trkpt>
      <trkpt lat="35.55663" lon="129.06262">
        <ele>332</ele>
        <time>2025-10-10T07:01:43.000Z</time>
      </trkpt>
      <trkpt lat="35.55656" lon="129.06298">
        <ele>325</ele>
        <time>2025-10-10T07:01:46.000Z</time>
      </trkpt>
      <trkpt lat="35.55665" lon="129.06315">
        <ele>309</ele>
        <time>2025-10-10T07:01:49.000Z</time>
      </trkpt>
      <trkpt lat="35.55659" lon="129.06335">
        <ele>313</ele>
        <time>2025-10-10T07:01:52.000Z</time>
      </trkpt>
      <trkpt lat="35.55629" lon="129.06357">
        <ele>293</ele>
        <time>2025-10-10T07:01:55.000Z</time>
      </trkpt>
      <trkpt lat="35.556" lon="129.06362">
        <ele>293</ele>
        <time>2025-10-10T07:01:58.000Z</time>
      </trkpt>
      <trkpt lat="35.55593" lon="129.06352">
        <ele>279</ele>
        <time>2025-10-10T07:02:01.000Z</time>
      </trkpt>
      <trkpt lat="35.55581" lon="129.06357">
        <ele>279</ele>
        <time>2025-10-10T07:02:04.000Z</time>
      </trkpt>
      <trkpt lat="35.55549" lon="129.06392">
        <ele>270</ele>
        <time>2025-10-10T07:02:07.000Z</time>
      </trkpt>
      <trkpt lat="35.55553" lon="129.06406">
        <ele>271</ele>
        <time>2025-10-10T07:02:10.000Z</time>
      </trkpt>
      <trkpt lat="35.55556" lon="129.06432">
        <ele>264</ele>
        <time>2025-10-10T07:02:13.000Z</time>
      </trkpt>
      <trkpt lat="35.55571" lon="129.06454">
        <ele>255</ele>
        <time>2025-10-10T07:02:16.000Z</time>
      </trkpt>
      <trkpt lat="35.55588" lon="129.06487">
        <ele>249</ele>
        <time>2025-10-10T07:02:19.000Z</time>
      </trkpt>
      <trkpt lat="35.55597" lon="129.06511">
        <ele>245</ele>
        <time>2025-10-10T07:02:22.000Z</time>
      </trkpt>
      <trkpt lat="35.55592" lon="129.06535">
        <ele>241</ele>
        <time>2025-10-10T07:02:25.000Z</time>
      </trkpt>
      <trkpt lat="35.55614" lon="129.06553">
        <ele>241</ele>
        <time>2025-10-10T07:02:28.000Z</time>
      </trkpt>
      <trkpt lat="35.55615" lon="129.06556">
        <ele>241</ele>
        <time>2025-10-10T07:02:31.000Z</time>
      </trkpt>
      <trkpt lat="35.55614" lon="129.06563">
        <ele>241</ele>
        <time>2025-10-10T07:02:34.000Z</time>
      </trkpt>
      <trkpt lat="35.55611" lon="129.06565">
        <ele>241</ele>
        <time>2025-10-10T07:02:37.000Z</time>
      </trkpt>
      <trkpt lat="35.55623" lon="129.06579">
        <ele>238</ele>
        <time>2025-10-10T07:02:40.000Z</time>
      </trkpt>
      <trkpt lat="35.55644" lon="129.06608">
        <ele>232</ele>
        <time>2025-10-10T07:02:43.000Z</time>
      </trkpt>
      <trkpt lat="35.5564" lon="129.06616">
        <ele>232</ele>
        <time>2025-10-10T07:02:46.000Z</time>
      </trkpt>
      <trkpt lat="35.55671" lon="129.06652">
        <ele>226</ele>
        <time>2025-10-10T07:02:49.000Z</time>
      </trkpt>
      <trkpt lat="35.55677" lon="129.06676">
        <ele>227</ele>
        <time>2025-10-10T07:02:52.000Z</time>
      </trkpt>
      <trkpt lat="35.55671" lon="129.06714">
        <ele>226</ele>
        <time>2025-10-10T07:02:55.000Z</time>
      </trkpt>
      <trkpt lat="35.55668" lon="129.06728">
        <ele>226</ele>
        <time>2025-10-10T07:02:58.000Z</time>
      </trkpt>
      <trkpt lat="35.55679" lon="129.06736">
        <ele>226</ele>
        <time>2025-10-10T07:03:01.000Z</time>
      </trkpt>
      <trkpt lat="35.55668" lon="129.06768">
        <ele>226</ele>
        <time>2025-10-10T07:03:04.000Z</time>
      </trkpt>
      <trkpt lat="35.55656" lon="129.06799">
        <ele>226</ele>
        <time>2025-10-10T07:03:07.000Z</time>
      </trkpt>
      <trkpt lat="35.5564" lon="129.06843">
        <ele>226</ele>
        <time>2025-10-10T07:03:10.000Z</time>
      </trkpt>
      <trkpt lat="35.55643" lon="129.06802">
        <ele>228</ele>
        <time>2025-10-10T07:03:13.000Z</time>
      </trkpt>
      <trkpt lat="35.55647" lon="129.06735">
        <ele>229</ele>
        <time>2025-10-10T07:03:16.000Z</time>
      </trkpt>
    </trkseg>
  </trk>
</gpx>
