<?xml version="1.0" encoding="UTF-8"?>
<gpx version="1.1" creator="HTML GPX Creator" xmlns="http://www.topografix.com/GPX/1/1">
  <trk>
    <name>My Custom Route</name>
    <trkseg>
      <trkpt lat="35.556075790745844" lon="129.06583786010745">
        <ele>263.8</ele>
      </trkpt>
      <trkpt lat="35.556161" lon="129.065714">
        <ele>265.4</ele>
      </trkpt>
      <trkpt lat="35.556115" lon="129.065665">
        <ele>267.1</ele>
      </trkpt>
      <trkpt lat="35.556039" lon="129.065676">
        <ele>268.9</ele>
      </trkpt>
      <trkpt lat="35.555854" lon="129.065629">
        <ele>270.7</ele>
      </trkpt>
      <trkpt lat="35.555779" lon="129.065499">
        <ele>272.5</ele>
      </trkpt>
      <trkpt lat="35.555623" lon="129.065348">
        <ele>274.2</ele>
      </trkpt>
      <trkpt lat="35.555329" lon="129.065154">
        <ele>275.9</ele>
      </trkpt>
      <trkpt lat="35.555065" lon="129.064891">
        <ele>277.5</ele>
      </trkpt>
      <trkpt lat="35.555061" lon="129.064734">
        <ele>279.1</ele>
      </trkpt>
      <trkpt lat="35.555042" lon="129.064581">
        <ele>280.6</ele>
      </trkpt>
      <trkpt lat="35.554944" lon="129.064334">
        <ele>282.1</ele>
      </trkpt>
      <trkpt lat="35.554671" lon="129.064212">
        <ele>283.6</ele>
      </trkpt>
      <trkpt lat="35.554438" lon="129.063971">
        <ele>285.1</ele>
      </trkpt>
      <trkpt lat="35.554284" lon="129.063835">
        <ele>286.5</ele>
      </trkpt>
      <trkpt lat="35.554053" lon="129.063789">
        <ele>287.9</ele>
      </trkpt>
      <trkpt lat="35.554018" lon="129.06375">
        <ele>290.9</ele>
      </trkpt>
      <trkpt lat="35.553995" lon="129.063685">
        <ele>293.7</ele>
      </trkpt>
      <trkpt lat="35.553986" lon="129.063581">
        <ele>296.6</ele>
      </trkpt>
      <trkpt lat="35.553989" lon="129.063477">
        <ele>299.4</ele>
      </trkpt>
      <trkpt lat="35.554033" lon="129.063435">
        <ele>302.3</ele>
      </trkpt>
      <trkpt lat="35.554046" lon="129.063388">
        <ele>305.1</ele>
      </trkpt>
      <trkpt lat="35.553994" lon="129.063334">
        <ele>308.0</ele>
      </trkpt>
      <trkpt lat="35.553892" lon="129.063036">
        <ele>310.9</ele>
      </trkpt>
      <trkpt lat="35.553631" lon="129.062825">
        <ele>313.8</ele>
      </trkpt>
      <trkpt lat="35.553523" lon="129.062826">
        <ele>316.8</ele>
      </trkpt>
      <trkpt lat="35.553446" lon="129.062809">
        <ele>319.8</ele>
      </trkpt>
      <trkpt lat="35.553405" lon="129.062743">
        <ele>322.8</ele>
      </trkpt>
      <trkpt lat="35.553389" lon="129.062678">
        <ele>325.8</ele>
      </trkpt>
      <trkpt lat="35.553402" lon="129.062541">
        <ele>328.9</ele>
      </trkpt>
      <trkpt lat="35.553392" lon="129.062467">
        <ele>332.0</ele>
      </trkpt>
      <trkpt lat="35.55328265083993" lon="129.06249046325686">
        <ele>335.1</ele>
      </trkpt>
      <trkpt lat="35.553377" lon="129.062417">
        <ele>338.1</ele>
      </trkpt>
      <trkpt lat="35.553286" lon="129.062236">
        <ele>340.9</ele>
      </trkpt>
      <trkpt lat="35.553225" lon="129.062063">
        <ele>343.7</ele>
      </trkpt>
      <trkpt lat="35.553237" lon="129.061938">
        <ele>346.5</ele>
      </trkpt>
      <trkpt lat="35.553272" lon="129.061898">
        <ele>349.4</ele>
      </trkpt>
      <trkpt lat="35.553426" lon="129.061721">
        <ele>352.3</ele>
      </trkpt>
      <trkpt lat="35.553472" lon="129.06164">
        <ele>355.3</ele>
      </trkpt>
      <trkpt lat="35.553504" lon="129.061546">
        <ele>358.3</ele>
      </trkpt>
      <trkpt lat="35.553303" lon="129.061264">
        <ele>361.5</ele>
      </trkpt>
      <trkpt lat="35.55318" lon="129.060936">
        <ele>364.8</ele>
      </trkpt>
      <trkpt lat="35.552901" lon="129.060453">
        <ele>368.2</ele>
      </trkpt>
      <trkpt lat="35.552837" lon="129.060277">
        <ele>371.8</ele>
      </trkpt>
      <trkpt lat="35.552787" lon="129.060195">
        <ele>375.4</ele>
      </trkpt>
      <trkpt lat="35.552753" lon="129.059842">
        <ele>379.1</ele>
      </trkpt>
      <trkpt lat="35.552744" lon="129.059611">
        <ele>383.0</ele>
      </trkpt>
      <trkpt lat="35.552801" lon="129.05942">
        <ele>387.0</ele>
      </trkpt>
      <trkpt lat="35.552917" lon="129.05906">
        <ele>391.2</ele>
      </trkpt>
      <trkpt lat="35.55292" lon="129.058974">
        <ele>395.4</ele>
      </trkpt>
      <trkpt lat="35.552876" lon="129.058861">
        <ele>399.8</ele>
      </trkpt>
      <trkpt lat="35.552793" lon="129.058644">
        <ele>404.4</ele>
      </trkpt>
      <trkpt lat="35.552809" lon="129.058625">
        <ele>409.0</ele>
      </trkpt>
      <trkpt lat="35.552799" lon="129.058591">
        <ele>413.7</ele>
      </trkpt>
      <trkpt lat="35.552874" lon="129.058577">
        <ele>418.6</ele>
      </trkpt>
      <trkpt lat="35.552906" lon="129.058581">
        <ele>423.6</ele>
      </trkpt>
      <trkpt lat="35.552898586492105" lon="129.05867099761966">
        <ele>428.7</ele>
      </trkpt>
      <trkpt lat="35.552906" lon="129.058581">
        <ele>434.0</ele>
      </trkpt>
      <trkpt lat="35.552874" lon="129.058577">
        <ele>439.4</ele>
      </trkpt>
      <trkpt lat="35.552799" lon="129.058591">
        <ele>445.0</ele>
      </trkpt>
      <trkpt lat="35.552772" lon="129.058419">
        <ele>450.7</ele>
      </trkpt>
      <trkpt lat="35.552689" lon="129.058247">
        <ele>456.6</ele>
      </trkpt>
      <trkpt lat="35.552745" lon="129.057758">
        <ele>462.6</ele>
      </trkpt>
      <trkpt lat="35.552737" lon="129.057344">
        <ele>468.8</ele>
      </trkpt>
      <trkpt lat="35.552583" lon="129.056929">
        <ele>475.0</ele>
      </trkpt>
      <trkpt lat="35.552394" lon="129.056745">
        <ele>481.3</ele>
      </trkpt>
      <trkpt lat="35.552296" lon="129.056616">
        <ele>487.6</ele>
      </trkpt>
      <trkpt lat="35.552231" lon="129.056343">
        <ele>494.1</ele>
      </trkpt>
      <trkpt lat="35.55223" lon="129.056117">
        <ele>500.6</ele>
      </trkpt>
      <trkpt lat="35.551978" lon="129.055817">
        <ele>507.1</ele>
      </trkpt>
      <trkpt lat="35.551515" lon="129.055114">
        <ele>513.6</ele>
      </trkpt>
      <trkpt lat="35.551205" lon="129.054824">
        <ele>520.1</ele>
      </trkpt>
      <trkpt lat="35.550924" lon="129.054373">
        <ele>526.5</ele>
      </trkpt>
      <trkpt lat="35.550852" lon="129.053961">
        <ele>532.9</ele>
      </trkpt>
      <trkpt lat="35.550991" lon="129.053709">
        <ele>539.3</ele>
      </trkpt>
      <trkpt lat="35.550887" lon="129.052995">
        <ele>545.6</ele>
      </trkpt>
      <trkpt lat="35.550826" lon="129.052706">
        <ele>551.7</ele>
      </trkpt>
      <trkpt lat="35.550725" lon="129.052384">
        <ele>557.8</ele>
      </trkpt>
      <trkpt lat="35.550633" lon="129.052191">
        <ele>563.6</ele>
      </trkpt>
      <trkpt lat="35.550546" lon="129.052132">
        <ele>569.4</ele>
      </trkpt>
      <trkpt lat="35.550481" lon="129.051966">
        <ele>575.0</ele>
      </trkpt>
      <trkpt lat="35.550472" lon="129.051917">
        <ele>580.4</ele>
      </trkpt>
      <trkpt lat="35.550419581437005" lon="129.05193328857425">
        <ele>585.7</ele>
      </trkpt>
      <trkpt lat="35.550472" lon="129.051917">
        <ele>590.9</ele>
      </trkpt>
      <trkpt lat="35.550433" lon="129.051697">
        <ele>595.8</ele>
      </trkpt>
      <trkpt lat="35.550315" lon="129.051359">
        <ele>600.7</ele>
      </trkpt>
      <trkpt lat="35.550175" lon="129.051016">
        <ele>605.3</ele>
      </trkpt>
      <trkpt lat="35.550219" lon="129.050822">
        <ele>609.8</ele>
      </trkpt>
      <trkpt lat="35.55012" lon="129.050886">
        <ele>614.1</ele>
      </trkpt>
      <trkpt lat="35.55004" lon="129.05095">
        <ele>618.2</ele>
      </trkpt>
      <trkpt lat="35.549988" lon="129.05103">
        <ele>622.1</ele>
      </trkpt>
      <trkpt lat="35.55003550337348" lon="129.05107498168948">
        <ele>625.9</ele>
      </trkpt>
      <trkpt lat="35.549988" lon="129.05103">
        <ele>629.4</ele>
      </trkpt>
      <trkpt lat="35.549968" lon="129.051063">
        <ele>632.8</ele>
      </trkpt>
      <trkpt lat="35.549818" lon="129.051459">
        <ele>636.1</ele>
      </trkpt>
      <trkpt lat="35.549698" lon="129.051742">
        <ele>639.2</ele>
      </trkpt>
      <trkpt lat="35.549568" lon="129.051965">
        <ele>642.1</ele>
      </trkpt>
      <trkpt lat="35.549586" lon="129.052118">
        <ele>644.9</ele>
      </trkpt>
      <trkpt lat="35.549595" lon="129.052296">
        <ele>647.6</ele>
      </trkpt>
      <trkpt lat="35.54953" lon="129.05242">
        <ele>650.2</ele>
      </trkpt>
      <trkpt lat="35.549472" lon="129.05251">
        <ele>652.6</ele>
      </trkpt>
      <trkpt lat="35.549402" lon="129.052557">
        <ele>654.9</ele>
      </trkpt>
      <trkpt lat="35.549378" lon="129.052521">
        <ele>657.2</ele>
      </trkpt>
      <trkpt lat="35.549383" lon="129.052472">
        <ele>659.4</ele>
      </trkpt>
      <trkpt lat="35.54923242511344" lon="129.0524482727051">
        <ele>661.5</ele>
      </trkpt>
      <trkpt lat="35.549383" lon="129.052472">
        <ele>663.6</ele>
      </trkpt>
      <trkpt lat="35.549385" lon="129.052456">
        <ele>665.6</ele>
      </trkpt>
      <trkpt lat="35.549448" lon="129.052305">
        <ele>667.6</ele>
      </trkpt>
      <trkpt lat="35.549414" lon="129.052059">
        <ele>669.6</ele>
      </trkpt>
      <trkpt lat="35.549409" lon="129.05185">
        <ele>671.7</ele>
      </trkpt>
      <trkpt lat="35.549437" lon="129.051686">
        <ele>673.7</ele>
      </trkpt>
      <trkpt lat="35.549482" lon="129.051481">
        <ele>675.7</ele>
      </trkpt>
      <trkpt lat="35.549465" lon="129.05116">
        <ele>677.8</ele>
      </trkpt>
      <trkpt lat="35.549518" lon="129.050857">
        <ele>679.8</ele>
      </trkpt>
      <trkpt lat="35.549529" lon="129.050633">
        <ele>681.9</ele>
      </trkpt>
      <trkpt lat="35.549578" lon="129.050241">
        <ele>683.9</ele>
      </trkpt>
      <trkpt lat="35.549607" lon="129.050072">
        <ele>685.9</ele>
      </trkpt>
      <trkpt lat="35.549722" lon="129.049592">
        <ele>687.9</ele>
      </trkpt>
      <trkpt lat="35.549788" lon="129.049504">
        <ele>689.9</ele>
      </trkpt>
      <trkpt lat="35.549847" lon="129.049446">
        <ele>691.8</ele>
      </trkpt>
      <trkpt lat="35.549965" lon="129.049373">
        <ele>693.7</ele>
      </trkpt>
      <trkpt lat="35.550099" lon="129.049386">
        <ele>695.7</ele>
      </trkpt>
      <trkpt lat="35.550379" lon="129.049547">
        <ele>697.6</ele>
      </trkpt>
      <trkpt lat="35.550484" lon="129.049598">
        <ele>699.5</ele>
      </trkpt>
      <trkpt lat="35.550625" lon="129.049689">
        <ele>701.3</ele>
      </trkpt>
      <trkpt lat="35.550743" lon="129.0498">
        <ele>703.2</ele>
      </trkpt>
      <trkpt lat="35.550698909782135" lon="129.0498733520508">
        <ele>705.0</ele>
      </trkpt>
      <trkpt lat="35.550743" lon="129.0498">
        <ele>706.8</ele>
      </trkpt>
      <trkpt lat="35.550794" lon="129.049847">
        <ele>708.6</ele>
      </trkpt>
      <trkpt lat="35.550897" lon="129.049872">
        <ele>710.4</ele>
      </trkpt>
      <trkpt lat="35.550915" lon="129.049806">
        <ele>712.2</ele>
      </trkpt>
      <trkpt lat="35.550838" lon="129.049676">
        <ele>714.0</ele>
      </trkpt>
      <trkpt lat="35.550671" lon="129.0495">
        <ele>715.8</ele>
      </trkpt>
      <trkpt lat="35.550494" lon="129.049329">
        <ele>717.5</ele>
      </trkpt>
      <trkpt lat="35.550209" lon="129.049099">
        <ele>719.2</ele>
      </trkpt>
      <trkpt lat="35.550052" lon="129.048947">
        <ele>720.9</ele>
      </trkpt>
      <trkpt lat="35.549883" lon="129.048862">
        <ele>722.5</ele>
      </trkpt>
      <trkpt lat="35.549783" lon="129.048838">
        <ele>724.1</ele>
      </trkpt>
      <trkpt lat="35.5497561727171" lon="129.04901504516604">
        <ele>725.7</ele>
      </trkpt>
      <trkpt lat="35.549783" lon="129.048838">
        <ele>727.2</ele>
      </trkpt>
      <trkpt lat="35.54958" lon="129.04879">
        <ele>728.7</ele>
      </trkpt>
      <trkpt lat="35.549535" lon="129.048785">
        <ele>730.2</ele>
      </trkpt>
      <trkpt lat="35.549381" lon="129.048768">
        <ele>731.6</ele>
      </trkpt>
      <trkpt lat="35.549285" lon="129.048821">
        <ele>733.0</ele>
      </trkpt>
      <trkpt lat="35.549144" lon="129.048941">
        <ele>734.3</ele>
      </trkpt>
      <trkpt lat="35.549059" lon="129.04908">
        <ele>735.7</ele>
      </trkpt>
      <trkpt lat="35.549015" lon="129.049206">
        <ele>737.0</ele>
      </trkpt>
      <trkpt lat="35.548987" lon="129.04937">
        <ele>738.3</ele>
      </trkpt>
      <trkpt lat="35.548948" lon="129.049471">
        <ele>739.6</ele>
      </trkpt>
      <trkpt lat="35.548887" lon="129.049512">
        <ele>741.0</ele>
      </trkpt>
      <trkpt lat="35.548846" lon="129.049448">
        <ele>742.3</ele>
      </trkpt>
      <trkpt lat="35.548844" lon="129.049356">
        <ele>743.6</ele>
      </trkpt>
      <trkpt lat="35.54881342456725" lon="129.04935836791995">
        <ele>744.9</ele>
      </trkpt>
      <trkpt lat="35.548844" lon="129.049356">
        <ele>746.2</ele>
      </trkpt>
      <trkpt lat="35.548844" lon="129.049322">
        <ele>747.4</ele>
      </trkpt>
      <trkpt lat="35.548851" lon="129.049149">
        <ele>748.7</ele>
      </trkpt>
      <trkpt lat="35.548911" lon="129.048889">
        <ele>750.0</ele>
      </trkpt>
      <trkpt lat="35.549003" lon="129.048716">
        <ele>751.2</ele>
      </trkpt>
      <trkpt lat="35.549082" lon="129.048487">
        <ele>752.5</ele>
      </trkpt>
      <trkpt lat="35.54921" lon="129.048345">
        <ele>753.7</ele>
      </trkpt>
      <trkpt lat="35.549287" lon="129.048282">
        <ele>755.0</ele>
      </trkpt>
      <trkpt lat="35.549411" lon="129.048275">
        <ele>756.2</ele>
      </trkpt>
      <trkpt lat="35.549513" lon="129.048288">
        <ele>757.4</ele>
      </trkpt>
      <trkpt lat="35.54954667408619" lon="129.04837131500247">
        <ele>758.5</ele>
      </trkpt>
      <trkpt lat="35.549513" lon="129.048288">
        <ele>759.7</ele>
      </trkpt>
      <trkpt lat="35.549585" lon="129.048241">
        <ele>760.9</ele>
      </trkpt>
      <trkpt lat="35.549588" lon="129.048171">
        <ele>762.1</ele>
      </trkpt>
      <trkpt lat="35.549547" lon="129.048105">
        <ele>763.3</ele>
      </trkpt>
      <trkpt lat="35.549403" lon="129.048054">
        <ele>764.4</ele>
      </trkpt>
      <trkpt lat="35.54919" lon="129.048064">
        <ele>765.6</ele>
      </trkpt>
      <trkpt lat="35.54905" lon="129.048123">
        <ele>766.7</ele>
      </trkpt>
      <trkpt lat="35.548943" lon="129.04821">
        <ele>767.9</ele>
      </trkpt>
      <trkpt lat="35.548827" lon="129.048315">
        <ele>769.0</ele>
      </trkpt>
      <trkpt lat="35.548737" lon="129.048426">
        <ele>770.1</ele>
      </trkpt>
      <trkpt lat="35.548665" lon="129.048539">
        <ele>771.3</ele>
      </trkpt>
      <trkpt lat="35.548601" lon="129.048621">
        <ele>772.5</ele>
      </trkpt>
      <trkpt lat="35.548573" lon="129.048636">
        <ele>773.6</ele>
      </trkpt>
      <trkpt lat="35.548503" lon="129.048598">
        <ele>774.8</ele>
      </trkpt>
      <trkpt lat="35.548509" lon="129.04852">
        <ele>775.9</ele>
      </trkpt>
      <trkpt lat="35.548536" lon="129.048458">
        <ele>777.0</ele>
      </trkpt>
      <trkpt lat="35.54853408965336" lon="129.04845714569095">
        <ele>778.2</ele>
      </trkpt>
      <trkpt lat="35.548536" lon="129.048458">
        <ele>779.3</ele>
      </trkpt>
      <trkpt lat="35.54858" lon="129.048363">
        <ele>780.5</ele>
      </trkpt>
      <trkpt lat="35.548657" lon="129.048221">
        <ele>781.6</ele>
      </trkpt>
      <trkpt lat="35.548753" lon="129.048069">
        <ele>782.8</ele>
      </trkpt>
      <trkpt lat="35.548818" lon="129.047963">
        <ele>784.0</ele>
      </trkpt>
      <trkpt lat="35.548909" lon="129.047877">
        <ele>785.1</ele>
      </trkpt>
      <trkpt lat="35.549048" lon="129.047814">
        <ele>786.3</ele>
      </trkpt>
      <trkpt lat="35.549207" lon="129.047782">
        <ele>787.4</ele>
      </trkpt>
      <trkpt lat="35.549339" lon="129.047771">
        <ele>788.6</ele>
      </trkpt>
      <trkpt lat="35.54933717490789" lon="129.0477275848389">
        <ele>789.7</ele>
      </trkpt>
      <trkpt lat="35.549339" lon="129.047771">
        <ele>790.8</ele>
      </trkpt>
      <trkpt lat="35.549439" lon="129.047764">
        <ele>792.0</ele>
      </trkpt>
      <trkpt lat="35.549554" lon="129.047747">
        <ele>793.1</ele>
      </trkpt>
      <trkpt lat="35.549595" lon="129.047713">
        <ele>794.2</ele>
      </trkpt>
      <trkpt lat="35.549592" lon="129.047662">
        <ele>795.3</ele>
      </trkpt>
      <trkpt lat="35.549524" lon="129.047648">
        <ele>796.4</ele>
      </trkpt>
      <trkpt lat="35.549387" lon="129.04765">
        <ele>797.5</ele>
      </trkpt>
      <trkpt lat="35.548832" lon="129.047599">
        <ele>798.6</ele>
      </trkpt>
      <trkpt lat="35.548704" lon="129.047545">
        <ele>799.7</ele>
      </trkpt>
      <trkpt lat="35.548609" lon="129.047549">
        <ele>800.8</ele>
      </trkpt>
      <trkpt lat="35.5485" lon="129.04759">
        <ele>801.9</ele>
      </trkpt>
      <trkpt lat="35.548242" lon="129.047842">
        <ele>803.0</ele>
      </trkpt>
      <trkpt lat="35.54818" lon="129.047937">
        <ele>804.0</ele>
      </trkpt>
      <trkpt lat="35.548139" lon="129.048063">
        <ele>805.1</ele>
      </trkpt>
      <trkpt lat="35.548103" lon="129.048202">
        <ele>806.2</ele>
      </trkpt>
      <trkpt lat="35.548057" lon="129.048274">
        <ele>807.3</ele>
      </trkpt>
      <trkpt lat="35.548003" lon="129.048259">
        <ele>808.4</ele>
      </trkpt>
      <trkpt lat="35.5479404997302" lon="129.048285484314">
        <ele>809.5</ele>
      </trkpt>
      <trkpt lat="35.548003" lon="129.048259">
        <ele>810.6</ele>
      </trkpt>
      <trkpt lat="35.54798" lon="129.04817">
        <ele>811.8</ele>
      </trkpt>
      <trkpt lat="35.547987" lon="129.047962">
        <ele>812.9</ele>
      </trkpt>
      <trkpt lat="35.548007" lon="129.047838">
        <ele>814.0</ele>
      </trkpt>
      <trkpt lat="35.548077" lon="129.047618">
        <ele>815.1</ele>
      </trkpt>
      <trkpt lat="35.548118" lon="129.047536">
        <ele>816.3</ele>
      </trkpt>
      <trkpt lat="35.54813" lon="129.047492">
        <ele>817.4</ele>
      </trkpt>
      <trkpt lat="35.548176" lon="129.047412">
        <ele>818.6</ele>
      </trkpt>
      <trkpt lat="35.548265" lon="129.047325">
        <ele>819.7</ele>
      </trkpt>
      <trkpt lat="35.548219836712015" lon="129.04725551605227">
        <ele>820.9</ele>
      </trkpt>
      <trkpt lat="35.548265" lon="129.047325">
        <ele>822.1</ele>
      </trkpt>
      <trkpt lat="35.548331" lon="129.047261">
        <ele>823.4</ele>
      </trkpt>
      <trkpt lat="35.548392" lon="129.047166">
        <ele>824.6</ele>
      </trkpt>
      <trkpt lat="35.548389" lon="129.047115">
        <ele>825.9</ele>
      </trkpt>
      <trkpt lat="35.548331" lon="129.047112">
        <ele>827.1</ele>
      </trkpt>
      <trkpt lat="35.548216" lon="129.047151">
        <ele>828.4</ele>
      </trkpt>
      <trkpt lat="35.548099" lon="129.047236">
        <ele>829.7</ele>
      </trkpt>
      <trkpt lat="35.547943" lon="129.047337">
        <ele>831.0</ele>
      </trkpt>
      <trkpt lat="35.547869" lon="129.047416">
        <ele>832.3</ele>
      </trkpt>
      <trkpt lat="35.547785" lon="129.04753">
        <ele>833.7</ele>
      </trkpt>
      <trkpt lat="35.54772" lon="129.047586">
        <ele>835.0</ele>
      </trkpt>
      <trkpt lat="35.547666" lon="129.047586">
        <ele>836.4</ele>
      </trkpt>
      <trkpt lat="35.547646" lon="129.047526">
        <ele>837.8</ele>
      </trkpt>
      <trkpt lat="35.54755640979128" lon="129.04755592346194">
        <ele>839.2</ele>
      </trkpt>
      <trkpt lat="35.547646" lon="129.047526">
        <ele>840.6</ele>
      </trkpt>
      <trkpt lat="35.547684" lon="129.047324">
        <ele>842.0</ele>
      </trkpt>
      <trkpt lat="35.547779" lon="129.047082">
        <ele>843.4</ele>
      </trkpt>
      <trkpt lat="35.547834" lon="129.047025">
        <ele>844.8</ele>
      </trkpt>
      <trkpt lat="35.547972" lon="129.046891">
        <ele>846.2</ele>
      </trkpt>
      <trkpt lat="35.547987" lon="129.046826">
        <ele>847.6</ele>
      </trkpt>
      <trkpt lat="35.547933" lon="129.046785">
        <ele>849.0</ele>
      </trkpt>
      <trkpt lat="35.547792" lon="129.046833">
        <ele>850.5</ele>
      </trkpt>
      <trkpt lat="35.54780083087437" lon="129.04686927795413">
        <ele>851.8</ele>
      </trkpt>
      <trkpt lat="35.547792" lon="129.046833">
        <ele>853.2</ele>
      </trkpt>
      <trkpt lat="35.547728" lon="129.046856">
        <ele>854.6</ele>
      </trkpt>
      <trkpt lat="35.547687" lon="129.046852">
        <ele>856.0</ele>
      </trkpt>
      <trkpt lat="35.547548" lon="129.046917">
        <ele>857.4</ele>
      </trkpt>
      <trkpt lat="35.547305" lon="129.047056">
        <ele>858.7</ele>
      </trkpt>
      <trkpt lat="35.547217" lon="129.04712">
        <ele>860.1</ele>
      </trkpt>
      <trkpt lat="35.547185" lon="129.047166">
        <ele>861.4</ele>
      </trkpt>
      <trkpt lat="35.547168" lon="129.047264">
        <ele>862.7</ele>
      </trkpt>
      <trkpt lat="35.547195" lon="129.047351">
        <ele>864.0</ele>
      </trkpt>
      <trkpt lat="35.547186" lon="129.047422">
        <ele>865.2</ele>
      </trkpt>
      <trkpt lat="35.547143" lon="129.047564">
        <ele>866.4</ele>
      </trkpt>
      <trkpt lat="35.5471" lon="129.047681">
        <ele>867.7</ele>
      </trkpt>
      <trkpt lat="35.547101" lon="129.047802">
        <ele>868.9</ele>
      </trkpt>
      <trkpt lat="35.547122" lon="129.048224">
        <ele>870.0</ele>
      </trkpt>
      <trkpt lat="35.547159" lon="129.048383">
        <ele>871.2</ele>
      </trkpt>
      <trkpt lat="35.547116" lon="129.048409">
        <ele>872.3</ele>
      </trkpt>
      <trkpt lat="35.547086" lon="129.048364">
        <ele>873.4</ele>
      </trkpt>
      <trkpt lat="35.547102482945974" lon="129.04834985733035">
        <ele>874.5</ele>
      </trkpt>
      <trkpt lat="35.547086" lon="129.048364">
        <ele>875.5</ele>
      </trkpt>
      <trkpt lat="35.547053" lon="129.048315">
        <ele>876.5</ele>
      </trkpt>
      <trkpt lat="35.546991" lon="129.048101">
        <ele>877.5</ele>
      </trkpt>
      <trkpt lat="35.54696" lon="129.047886">
        <ele>878.5</ele>
      </trkpt>
      <trkpt lat="35.546896" lon="129.047728">
        <ele>879.5</ele>
      </trkpt>
      <trkpt lat="35.546903" lon="129.0475">
        <ele>880.4</ele>
      </trkpt>
      <trkpt lat="35.546919" lon="129.047394">
        <ele>881.3</ele>
      </trkpt>
      <trkpt lat="35.546906" lon="129.047233">
        <ele>882.2</ele>
      </trkpt>
      <trkpt lat="35.546887" lon="129.047091">
        <ele>883.1</ele>
      </trkpt>
      <trkpt lat="35.546859" lon="129.046943">
        <ele>883.9</ele>
      </trkpt>
      <trkpt lat="35.546879" lon="129.046807">
        <ele>884.7</ele>
      </trkpt>
      <trkpt lat="35.546927" lon="129.046678">
        <ele>885.5</ele>
      </trkpt>
      <trkpt lat="35.546996" lon="129.046573">
        <ele>886.3</ele>
      </trkpt>
      <trkpt lat="35.547081" lon="129.046195">
        <ele>887.0</ele>
      </trkpt>
      <trkpt lat="35.547105" lon="129.046103">
        <ele>887.6</ele>
      </trkpt>
      <trkpt lat="35.547024" lon="129.04605">
        <ele>888.2</ele>
      </trkpt>
      <trkpt lat="35.547036" lon="129.046022">
        <ele>888.8</ele>
      </trkpt>
      <trkpt lat="35.54705010660616" lon="129.04603242874148">
        <ele>889.2</ele>
      </trkpt>
      <trkpt lat="35.547036" lon="129.046022">
        <ele>889.6</ele>
      </trkpt>
      <trkpt lat="35.547024" lon="129.04605">
        <ele>890.0</ele>
      </trkpt>
      <trkpt lat="35.547105" lon="129.046103">
        <ele>890.3</ele>
      </trkpt>
      <trkpt lat="35.547081" lon="129.046195">
        <ele>890.6</ele>
      </trkpt>
      <trkpt lat="35.547163" lon="129.046043">
        <ele>890.8</ele>
      </trkpt>
      <trkpt lat="35.547276" lon="129.045952">
        <ele>890.9</ele>
      </trkpt>
      <trkpt lat="35.547405" lon="129.045898">
        <ele>891.0</ele>
      </trkpt>
      <trkpt lat="35.547584" lon="129.045885">
        <ele>891.1</ele>
      </trkpt>
      <trkpt lat="35.547718" lon="129.045889">
        <ele>891.1</ele>
      </trkpt>
      <trkpt lat="35.547826" lon="129.045844">
        <ele>891.1</ele>
      </trkpt>
      <trkpt lat="35.547859" lon="129.045767">
        <ele>891.1</ele>
      </trkpt>
      <trkpt lat="35.54783574811113" lon="129.04575347900393">
        <ele>891.0</ele>
      </trkpt>
      <trkpt lat="35.547859" lon="129.045767">
        <ele>890.9</ele>
      </trkpt>
      <trkpt lat="35.547866" lon="129.045752">
        <ele>890.8</ele>
      </trkpt>
      <trkpt lat="35.547921" lon="129.045545">
        <ele>890.6</ele>
      </trkpt>
      <trkpt lat="35.54794" lon="129.045313">
        <ele>890.4</ele>
      </trkpt>
      <trkpt lat="35.547933" lon="129.045183">
        <ele>890.1</ele>
      </trkpt>
      <trkpt lat="35.547918" lon="129.045114">
        <ele>889.8</ele>
      </trkpt>
      <trkpt lat="35.547905" lon="129.044879">
        <ele>889.4</ele>
      </trkpt>
      <trkpt lat="35.547891" lon="129.044376">
        <ele>888.9</ele>
      </trkpt>
      <trkpt lat="35.547812" lon="129.044386">
        <ele>888.3</ele>
      </trkpt>
      <trkpt lat="35.54781828949465" lon="129.04444456100467">
        <ele>887.8</ele>
      </trkpt>
      <trkpt lat="35.547812" lon="129.044386">
        <ele>887.1</ele>
      </trkpt>
      <trkpt lat="35.547752" lon="129.044394">
        <ele>886.4</ele>
      </trkpt>
      <trkpt lat="35.547454" lon="129.044401">
        <ele>885.7</ele>
      </trkpt>
      <trkpt lat="35.547128" lon="129.044385">
        <ele>884.9</ele>
      </trkpt>
      <trkpt lat="35.546872" lon="129.0443">
        <ele>884.2</ele>
      </trkpt>
      <trkpt lat="35.546599" lon="129.044136">
        <ele>883.4</ele>
      </trkpt>
      <trkpt lat="35.546309" lon="129.043915">
        <ele>882.6</ele>
      </trkpt>
      <trkpt lat="35.545873" lon="129.0437">
        <ele>881.9</ele>
      </trkpt>
      <trkpt lat="35.545823" lon="129.04365">
        <ele>881.2</ele>
      </trkpt>
      <trkpt lat="35.54571" lon="129.043619">
        <ele>880.5</ele>
      </trkpt>
      <trkpt lat="35.545705768843156" lon="129.04365062713626">
        <ele>879.9</ele>
      </trkpt>
      <trkpt lat="35.54571" lon="129.043619">
        <ele>879.2</ele>
      </trkpt>
      <trkpt lat="35.545659" lon="129.043605">
        <ele>878.6</ele>
      </trkpt>
      <trkpt lat="35.545382" lon="129.043547">
        <ele>878.1</ele>
      </trkpt>
      <trkpt lat="35.545257" lon="129.043535">
        <ele>877.5</ele>
      </trkpt>
      <trkpt lat="35.545136" lon="129.043491">
        <ele>876.9</ele>
      </trkpt>
      <trkpt lat="35.545025" lon="129.043386">
        <ele>876.3</ele>
      </trkpt>
      <trkpt lat="35.544837" lon="129.043176">
        <ele>875.7</ele>
      </trkpt>
      <trkpt lat="35.544563" lon="129.042986">
        <ele>875.1</ele>
      </trkpt>
      <trkpt lat="35.544484" lon="129.04272">
        <ele>874.4</ele>
      </trkpt>
      <trkpt lat="35.544421" lon="129.042429">
        <ele>873.6</ele>
      </trkpt>
      <trkpt lat="35.544414" lon="129.042148">
        <ele>872.9</ele>
      </trkpt>
      <trkpt lat="35.544471" lon="129.041971">
        <ele>872.0</ele>
      </trkpt>
      <trkpt lat="35.544558" lon="129.041857">
        <ele>871.1</ele>
      </trkpt>
      <trkpt lat="35.54464" lon="129.041719">
        <ele>870.1</ele>
      </trkpt>
      <trkpt lat="35.544703" lon="129.041585">
        <ele>869.1</ele>
      </trkpt>
      <trkpt lat="35.544708" lon="129.041472">
        <ele>868.1</ele>
      </trkpt>
      <trkpt lat="35.544570920721455" lon="129.0414619445801">
        <ele>867.1</ele>
      </trkpt>
      <trkpt lat="35.544708" lon="129.041472">
        <ele>866.0</ele>
      </trkpt>
      <trkpt lat="35.544711" lon="129.041434">
        <ele>864.9</ele>
      </trkpt>
      <trkpt lat="35.544694" lon="129.041282">
        <ele>863.8</ele>
      </trkpt>
      <trkpt lat="35.544646" lon="129.041069">
        <ele>862.5</ele>
      </trkpt>
      <trkpt lat="35.544549" lon="129.040957">
        <ele>861.2</ele>
      </trkpt>
      <trkpt lat="35.544222" lon="129.040848">
        <ele>859.9</ele>
      </trkpt>
      <trkpt lat="35.544001" lon="129.040783">
        <ele>858.5</ele>
      </trkpt>
      <trkpt lat="35.543764" lon="129.040764">
        <ele>857.0</ele>
      </trkpt>
      <trkpt lat="35.543551" lon="129.04071">
        <ele>855.4</ele>
      </trkpt>
      <trkpt lat="35.543455" lon="129.040614">
        <ele>853.7</ele>
      </trkpt>
      <trkpt lat="35.543395" lon="129.040481">
        <ele>851.9</ele>
      </trkpt>
      <trkpt lat="35.543382" lon="129.040309">
        <ele>849.9</ele>
      </trkpt>
      <trkpt lat="35.5434" lon="129.040179">
        <ele>847.9</ele>
      </trkpt>
      <trkpt lat="35.54343" lon="129.040081">
        <ele>845.7</ele>
      </trkpt>
      <trkpt lat="35.543439" lon="129.040065">
        <ele>843.4</ele>
      </trkpt>
      <trkpt lat="35.54348843524026" lon="129.0401101112366">
        <ele>841.0</ele>
      </trkpt>
      <trkpt lat="35.543439" lon="129.040065">
        <ele>838.5</ele>
      </trkpt>
      <trkpt lat="35.543517" lon="129.03994">
        <ele>835.9</ele>
      </trkpt>
      <trkpt lat="35.544304" lon="129.039603">
        <ele>833.1</ele>
      </trkpt>
      <trkpt lat="35.544643" lon="129.039409">
        <ele>830.3</ele>
      </trkpt>
      <trkpt lat="35.544822" lon="129.039265">
        <ele>827.4</ele>
      </trkpt>
      <trkpt lat="35.544984" lon="129.039076">
        <ele>824.5</ele>
      </trkpt>
      <trkpt lat="35.54506" lon="129.038858">
        <ele>821.6</ele>
      </trkpt>
      <trkpt lat="35.545088" lon="129.038489">
        <ele>818.6</ele>
      </trkpt>
      <trkpt lat="35.545051" lon="129.037703">
        <ele>815.7</ele>
      </trkpt>
      <trkpt lat="35.544976" lon="129.037412">
        <ele>812.7</ele>
      </trkpt>
      <trkpt lat="35.54493756571692" lon="129.0374279022217">
        <ele>809.8</ele>
      </trkpt>
      <trkpt lat="35.544976" lon="129.037412">
        <ele>806.8</ele>
      </trkpt>
      <trkpt lat="35.54488" lon="129.037034">
        <ele>803.9</ele>
      </trkpt>
      <trkpt lat="35.54487" lon="129.036645">
        <ele>800.9</ele>
      </trkpt>
      <trkpt lat="35.545152" lon="129.035928">
        <ele>798.0</ele>
      </trkpt>
      <trkpt lat="35.545136" lon="129.035816">
        <ele>795.1</ele>
      </trkpt>
      <trkpt lat="35.545038" lon="129.035566">
        <ele>792.3</ele>
      </trkpt>
      <trkpt lat="35.545053" lon="129.035258">
        <ele>789.5</ele>
      </trkpt>
      <trkpt lat="35.545031" lon="129.03503">
        <ele>786.7</ele>
      </trkpt>
      <trkpt lat="35.545001" lon="129.034952">
        <ele>784.0</ele>
      </trkpt>
      <trkpt lat="35.544795" lon="129.034634">
        <ele>781.4</ele>
      </trkpt>
      <trkpt lat="35.544621" lon="129.034531">
        <ele>778.9</ele>
      </trkpt>
      <trkpt lat="35.544482" lon="129.034403">
        <ele>776.4</ele>
      </trkpt>
      <trkpt lat="35.544406" lon="129.034259">
        <ele>774.0</ele>
      </trkpt>
      <trkpt lat="35.544403" lon="129.034207">
        <ele>771.7</ele>
      </trkpt>
      <trkpt lat="35.544396327277305" lon="129.03420925140384">
        <ele>769.4</ele>
      </trkpt>
      <trkpt lat="35.544403" lon="129.034207">
        <ele>767.3</ele>
      </trkpt>
      <trkpt lat="35.544399" lon="129.034112">
        <ele>765.1</ele>
      </trkpt>
      <trkpt lat="35.544451" lon="129.034037">
        <ele>763.1</ele>
      </trkpt>
      <trkpt lat="35.544573" lon="129.033918">
        <ele>761.1</ele>
      </trkpt>
      <trkpt lat="35.544619" lon="129.033845">
        <ele>759.2</ele>
      </trkpt>
      <trkpt lat="35.544673" lon="129.033696">
        <ele>757.4</ele>
      </trkpt>
      <trkpt lat="35.544665" lon="129.033584">
        <ele>755.6</ele>
      </trkpt>
      <trkpt lat="35.544649" lon="129.033512">
        <ele>754.0</ele>
      </trkpt>
      <trkpt lat="35.54458" lon="129.033284">
        <ele>752.3</ele>
      </trkpt>
      <trkpt lat="35.54444" lon="129.032877">
        <ele>750.8</ele>
      </trkpt>
      <trkpt lat="35.54437" lon="129.032715">
        <ele>749.2</ele>
      </trkpt>
      <trkpt lat="35.544228" lon="129.032531">
        <ele>747.7</ele>
      </trkpt>
      <trkpt lat="35.544082" lon="129.032393">
        <ele>746.2</ele>
      </trkpt>
      <trkpt lat="35.544052" lon="129.03211">
        <ele>744.7</ele>
      </trkpt>
      <trkpt lat="35.544063" lon="129.031799">
        <ele>743.2</ele>
      </trkpt>
      <trkpt lat="35.544041" lon="129.031707">
        <ele>741.7</ele>
      </trkpt>
      <trkpt lat="35.543962" lon="129.031562">
        <ele>740.3</ele>
      </trkpt>
      <trkpt lat="35.543875" lon="129.031229">
        <ele>738.7</ele>
      </trkpt>
      <trkpt lat="35.543772" lon="129.030938">
        <ele>737.2</ele>
      </trkpt>
      <trkpt lat="35.543792" lon="129.030861">
        <ele>735.6</ele>
      </trkpt>
      <trkpt lat="35.544038" lon="129.030384">
        <ele>734.0</ele>
      </trkpt>
      <trkpt lat="35.544096" lon="129.030249">
        <ele>732.4</ele>
      </trkpt>
      <trkpt lat="35.54408205811994" lon="129.0302395820618">
        <ele>730.7</ele>
      </trkpt>
      <trkpt lat="35.544096" lon="129.030249">
        <ele>729.0</ele>
      </trkpt>
      <trkpt lat="35.54417" lon="129.030078">
        <ele>727.3</ele>
      </trkpt>
      <trkpt lat="35.544193" lon="129.030024">
        <ele>725.5</ele>
      </trkpt>
      <trkpt lat="35.544196" lon="129.029851">
        <ele>723.7</ele>
      </trkpt>
      <trkpt lat="35.544163" lon="129.029655">
        <ele>721.8</ele>
      </trkpt>
      <trkpt lat="35.544045" lon="129.029467">
        <ele>719.9</ele>
      </trkpt>
      <trkpt lat="35.543962" lon="129.029148">
        <ele>717.9</ele>
      </trkpt>
      <trkpt lat="35.54397" lon="129.028972">
        <ele>715.9</ele>
      </trkpt>
      <trkpt lat="35.544116" lon="129.028689">
        <ele>713.8</ele>
      </trkpt>
      <trkpt lat="35.544119" lon="129.028531">
        <ele>711.8</ele>
      </trkpt>
      <trkpt lat="35.544013" lon="129.028276">
        <ele>709.7</ele>
      </trkpt>
      <trkpt lat="35.543849" lon="129.02807">
        <ele>707.7</ele>
      </trkpt>
      <trkpt lat="35.543788" lon="129.02793">
        <ele>705.6</ele>
      </trkpt>
      <trkpt lat="35.543792" lon="129.027834">
        <ele>703.5</ele>
      </trkpt>
      <trkpt lat="35.54384" lon="129.027785">
        <ele>701.4</ele>
      </trkpt>
      <trkpt lat="35.543942" lon="129.027647">
        <ele>699.3</ele>
      </trkpt>
      <trkpt lat="35.544121" lon="129.027472">
        <ele>697.2</ele>
      </trkpt>
      <trkpt lat="35.544221" lon="129.027351">
        <ele>695.1</ele>
      </trkpt>
      <trkpt lat="35.544198" lon="129.027107">
        <ele>693.0</ele>
      </trkpt>
      <trkpt lat="35.544141" lon="129.026959">
        <ele>691.0</ele>
      </trkpt>
      <trkpt lat="35.543816" lon="129.026582">
        <ele>689.0</ele>
      </trkpt>
      <trkpt lat="35.543755" lon="129.026417">
        <ele>687.1</ele>
      </trkpt>
      <trkpt lat="35.543738" lon="129.026108">
        <ele>685.1</ele>
      </trkpt>
      <trkpt lat="35.543796" lon="129.025437">
        <ele>683.2</ele>
      </trkpt>
      <trkpt lat="35.543718" lon="129.025283">
        <ele>681.4</ele>
      </trkpt>
      <trkpt lat="35.543617" lon="129.025241">
        <ele>679.6</ele>
      </trkpt>
      <trkpt lat="35.543228" lon="129.025228">
        <ele>677.9</ele>
      </trkpt>
      <trkpt lat="35.543155" lon="129.025205">
        <ele>676.3</ele>
      </trkpt>
      <trkpt lat="35.543042" lon="129.025108">
        <ele>674.7</ele>
      </trkpt>
      <trkpt lat="35.543016" lon="129.025079">
        <ele>673.2</ele>
      </trkpt>
      <trkpt lat="35.54308686433005" lon="129.0249824523926">
        <ele>671.7</ele>
      </trkpt>
      <trkpt lat="35.543016" lon="129.025079">
        <ele>670.4</ele>
      </trkpt>
      <trkpt lat="35.542906" lon="129.024961">
        <ele>669.0</ele>
      </trkpt>
      <trkpt lat="35.542812" lon="129.024752">
        <ele>667.7</ele>
      </trkpt>
      <trkpt lat="35.542713" lon="129.024436">
        <ele>666.5</ele>
      </trkpt>
      <trkpt lat="35.542583" lon="129.024317">
        <ele>665.3</ele>
      </trkpt>
      <trkpt lat="35.542478" lon="129.024315">
        <ele>664.2</ele>
      </trkpt>
      <trkpt lat="35.542353" lon="129.024363">
        <ele>663.2</ele>
      </trkpt>
      <trkpt lat="35.542184" lon="129.024599">
        <ele>662.3</ele>
      </trkpt>
      <trkpt lat="35.541916" lon="129.024841">
        <ele>661.4</ele>
      </trkpt>
      <trkpt lat="35.541856" lon="129.024911">
        <ele>660.6</ele>
      </trkpt>
      <trkpt lat="35.54177738000169" lon="129.02481079101565">
        <ele>659.7</ele>
      </trkpt>
      <trkpt lat="35.541856" lon="129.024911">
        <ele>658.9</ele>
      </trkpt>
      <trkpt lat="35.541731" lon="129.025059">
        <ele>658.1</ele>
      </trkpt>
      <trkpt lat="35.541528" lon="129.025132">
        <ele>657.4</ele>
      </trkpt>
      <trkpt lat="35.541366" lon="129.025086">
        <ele>656.6</ele>
      </trkpt>
      <trkpt lat="35.541152" lon="129.024778">
        <ele>655.8</ele>
      </trkpt>
      <trkpt lat="35.541074" lon="129.024631">
        <ele>655.1</ele>
      </trkpt>
      <trkpt lat="35.54099" lon="129.024591">
        <ele>654.3</ele>
      </trkpt>
      <trkpt lat="35.540776" lon="129.024772">
        <ele>653.6</ele>
      </trkpt>
      <trkpt lat="35.540686" lon="129.024776">
        <ele>652.8</ele>
      </trkpt>
      <trkpt lat="35.540106" lon="129.024671">
        <ele>652.0</ele>
      </trkpt>
      <trkpt lat="35.540016" lon="129.024676">
        <ele>651.2</ele>
      </trkpt>
      <trkpt lat="35.540013907322795" lon="129.02468204498294">
        <ele>650.4</ele>
      </trkpt>
      <trkpt lat="35.540012" lon="129.024677">
        <ele>649.6</ele>
      </trkpt>
      <trkpt lat="35.539957" lon="129.024706">
        <ele>648.7</ele>
      </trkpt>
      <trkpt lat="35.539892" lon="129.024786">
        <ele>647.9</ele>
      </trkpt>
      <trkpt lat="35.539811" lon="129.02483">
        <ele>647.0</ele>
      </trkpt>
      <trkpt lat="35.539638" lon="129.024835">
        <ele>646.0</ele>
      </trkpt>
      <trkpt lat="35.53952" lon="129.024822">
        <ele>645.0</ele>
      </trkpt>
      <trkpt lat="35.539303" lon="129.024771">
        <ele>643.9</ele>
      </trkpt>
      <trkpt lat="35.539103" lon="129.024794">
        <ele>642.9</ele>
      </trkpt>
      <trkpt lat="35.53887" lon="129.024844">
        <ele>641.7</ele>
      </trkpt>
      <trkpt lat="35.538693" lon="129.024852">
        <ele>640.6</ele>
      </trkpt>
      <trkpt lat="35.53851" lon="129.024815">
        <ele>639.4</ele>
      </trkpt>
      <trkpt lat="35.53838" lon="129.02485">
        <ele>638.2</ele>
      </trkpt>
      <trkpt lat="35.538242" lon="129.024999">
        <ele>636.9</ele>
      </trkpt>
      <trkpt lat="35.53821547446013" lon="129.0249609947205">
        <ele>635.7</ele>
      </trkpt>
      <trkpt lat="35.538242" lon="129.024999">
        <ele>634.3</ele>
      </trkpt>
      <trkpt lat="35.53823" lon="129.025013">
        <ele>633.0</ele>
      </trkpt>
      <trkpt lat="35.538182" lon="129.025028">
        <ele>631.5</ele>
      </trkpt>
      <trkpt lat="35.538141" lon="129.024956">
        <ele>630.1</ele>
      </trkpt>
      <trkpt lat="35.538154" lon="129.024814">
        <ele>628.6</ele>
      </trkpt>
      <trkpt lat="35.538218" lon="129.024726">
        <ele>627.1</ele>
      </trkpt>
      <trkpt lat="35.538289" lon="129.024662">
        <ele>625.6</ele>
      </trkpt>
      <trkpt lat="35.538412" lon="129.024583">
        <ele>624.0</ele>
      </trkpt>
      <trkpt lat="35.538504" lon="129.024536">
        <ele>622.5</ele>
      </trkpt>
      <trkpt lat="35.53869" lon="129.024497">
        <ele>620.9</ele>
      </trkpt>
      <trkpt lat="35.538772" lon="129.024427">
        <ele>619.3</ele>
      </trkpt>
      <trkpt lat="35.539066" lon="129.023979">
        <ele>617.6</ele>
      </trkpt>
      <trkpt lat="35.539107" lon="129.023959">
        <ele>616.0</ele>
      </trkpt>
      <trkpt lat="35.539182" lon="129.023942">
        <ele>614.4</ele>
      </trkpt>
      <trkpt lat="35.53942" lon="129.024037">
        <ele>612.8</ele>
      </trkpt>
      <trkpt lat="35.539572" lon="129.023942">
        <ele>611.2</ele>
      </trkpt>
      <trkpt lat="35.539626" lon="129.023899">
        <ele>609.6</ele>
      </trkpt>
      <trkpt lat="35.539699620992344" lon="129.02393102645877">
        <ele>608.0</ele>
      </trkpt>
      <trkpt lat="35.539628" lon="129.023892">
        <ele>606.5</ele>
      </trkpt>
      <trkpt lat="35.539655" lon="129.023818">
        <ele>605.0</ele>
      </trkpt>
      <trkpt lat="35.539679" lon="129.023666">
        <ele>603.5</ele>
      </trkpt>
      <trkpt lat="35.539717" lon="129.023566">
        <ele>602.0</ele>
      </trkpt>
      <trkpt lat="35.539783" lon="129.023542">
        <ele>600.6</ele>
      </trkpt>
      <trkpt lat="35.539883" lon="129.023532">
        <ele>599.3</ele>
      </trkpt>
      <trkpt lat="35.539987" lon="129.02356">
        <ele>598.0</ele>
      </trkpt>
      <trkpt lat="35.540232" lon="129.023608">
        <ele>596.8</ele>
      </trkpt>
      <trkpt lat="35.540349" lon="129.023585">
        <ele>595.6</ele>
      </trkpt>
      <trkpt lat="35.540439" lon="129.023473">
        <ele>594.4</ele>
      </trkpt>
      <trkpt lat="35.540507" lon="129.023293">
        <ele>593.3</ele>
      </trkpt>
      <trkpt lat="35.540669" lon="129.023085">
        <ele>592.3</ele>
      </trkpt>
      <trkpt lat="35.540874" lon="129.022883">
        <ele>591.3</ele>
      </trkpt>
      <trkpt lat="35.54111" lon="129.022796">
        <ele>590.3</ele>
      </trkpt>
      <trkpt lat="35.541321" lon="129.022732">
        <ele>589.5</ele>
      </trkpt>
      <trkpt lat="35.541712" lon="129.022586">
        <ele>588.8</ele>
      </trkpt>
      <trkpt lat="35.541902" lon="129.022558">
        <ele>588.1</ele>
      </trkpt>
      <trkpt lat="35.542168" lon="129.022587">
        <ele>587.6</ele>
      </trkpt>
      <trkpt lat="35.542654" lon="129.022634">
        <ele>587.1</ele>
      </trkpt>
      <trkpt lat="35.542896" lon="129.022532">
        <ele>586.8</ele>
      </trkpt>
      <trkpt lat="35.543028" lon="129.022534">
        <ele>586.6</ele>
      </trkpt>
      <trkpt lat="35.543284" lon="129.022678">
        <ele>586.5</ele>
      </trkpt>
      <trkpt lat="35.543521" lon="129.02282">
        <ele>586.5</ele>
      </trkpt>
      <trkpt lat="35.54354081390639" lon="129.02277231216434">
        <ele>586.6</ele>
      </trkpt>
      <trkpt lat="35.543521" lon="129.02282">
        <ele>586.8</ele>
      </trkpt>
      <trkpt lat="35.543644" lon="129.022895">
        <ele>587.0</ele>
      </trkpt>
      <trkpt lat="35.544211" lon="129.023523">
        <ele>587.3</ele>
      </trkpt>
      <trkpt lat="35.544408" lon="129.023716">
        <ele>587.7</ele>
      </trkpt>
      <trkpt lat="35.544693" lon="129.023923">
        <ele>588.2</ele>
      </trkpt>
      <trkpt lat="35.544836" lon="129.024077">
        <ele>588.8</ele>
      </trkpt>
      <trkpt lat="35.545009" lon="129.024503">
        <ele>589.3</ele>
      </trkpt>
      <trkpt lat="35.545101" lon="129.025178">
        <ele>590.0</ele>
      </trkpt>
      <trkpt lat="35.545126" lon="129.025215">
        <ele>590.7</ele>
      </trkpt>
      <trkpt lat="35.54514707639028" lon="129.0251970291138">
        <ele>591.4</ele>
      </trkpt>
      <trkpt lat="35.545126" lon="129.025215">
        <ele>592.2</ele>
      </trkpt>
      <trkpt lat="35.545173" lon="129.025286">
        <ele>593.0</ele>
      </trkpt>
      <trkpt lat="35.545231" lon="129.025273">
        <ele>593.9</ele>
      </trkpt>
      <trkpt lat="35.545296" lon="129.025149">
        <ele>594.8</ele>
      </trkpt>
      <trkpt lat="35.545312" lon="129.024478">
        <ele>595.7</ele>
      </trkpt>
      <trkpt lat="35.545267" lon="129.024122">
        <ele>596.7</ele>
      </trkpt>
      <trkpt lat="35.545168" lon="129.023692">
        <ele>597.7</ele>
      </trkpt>
      <trkpt lat="35.545062" lon="129.023393">
        <ele>598.7</ele>
      </trkpt>
      <trkpt lat="35.54492" lon="129.023216">
        <ele>599.8</ele>
      </trkpt>
      <trkpt lat="35.544788" lon="129.022953">
        <ele>600.9</ele>
      </trkpt>
      <trkpt lat="35.544627" lon="129.022801">
        <ele>602.0</ele>
      </trkpt>
      <trkpt lat="35.544512" lon="129.022666">
        <ele>603.1</ele>
      </trkpt>
      <trkpt lat="35.544468" lon="129.022516">
        <ele>604.1</ele>
      </trkpt>
      <trkpt lat="35.544392" lon="129.022351">
        <ele>605.2</ele>
      </trkpt>
      <trkpt lat="35.54434394916993" lon="129.0223860740662">
        <ele>606.2</ele>
      </trkpt>
      <trkpt lat="35.544392" lon="129.022351">
        <ele>607.2</ele>
      </trkpt>
      <trkpt lat="35.544384" lon="129.022334">
        <ele>608.1</ele>
      </trkpt>
      <trkpt lat="35.544265" lon="129.022255">
        <ele>609.0</ele>
      </trkpt>
      <trkpt lat="35.544178" lon="129.022178">
        <ele>609.8</ele>
      </trkpt>
      <trkpt lat="35.544041" lon="129.021908">
        <ele>610.6</ele>
      </trkpt>
      <trkpt lat="35.543851" lon="129.021764">
        <ele>611.3</ele>
      </trkpt>
      <trkpt lat="35.543783" lon="129.02167">
        <ele>612.0</ele>
      </trkpt>
      <trkpt lat="35.543711" lon="129.021474">
        <ele>612.6</ele>
      </trkpt>
      <trkpt lat="35.543644" lon="129.021332">
        <ele>613.2</ele>
      </trkpt>
      <trkpt lat="35.54351" lon="129.021187">
        <ele>613.7</ele>
      </trkpt>
      <trkpt lat="35.543354" lon="129.020998">
        <ele>614.2</ele>
      </trkpt>
      <trkpt lat="35.54322" lon="129.02091">
        <ele>614.5</ele>
      </trkpt>
      <trkpt lat="35.543046" lon="129.02085">
        <ele>614.9</ele>
      </trkpt>
      <trkpt lat="35.54301" lon="129.020805">
        <ele>615.1</ele>
      </trkpt>
      <trkpt lat="35.543022" lon="129.020762">
        <ele>615.4</ele>
      </trkpt>
      <trkpt lat="35.543071" lon="129.020736">
        <ele>615.5</ele>
      </trkpt>
      <trkpt lat="35.543107" lon="129.02074">
        <ele>615.6</ele>
      </trkpt>
      <trkpt lat="35.54310432397663" lon="129.02079820632937">
        <ele>615.7</ele>
      </trkpt>
      <trkpt lat="35.543107" lon="129.02074">
        <ele>615.6</ele>
      </trkpt>
      <trkpt lat="35.543071" lon="129.020736">
        <ele>615.5</ele>
      </trkpt>
      <trkpt lat="35.543502" lon="129.020688">
        <ele>615.3</ele>
      </trkpt>
      <trkpt lat="35.543601" lon="129.020622">
        <ele>615.0</ele>
      </trkpt>
      <trkpt lat="35.54363" lon="129.020537">
        <ele>614.5</ele>
      </trkpt>
      <trkpt lat="35.543708" lon="129.020386">
        <ele>613.9</ele>
      </trkpt>
      <trkpt lat="35.543757" lon="129.020198">
        <ele>613.1</ele>
      </trkpt>
      <trkpt lat="35.543798" lon="129.019846">
        <ele>612.1</ele>
      </trkpt>
      <trkpt lat="35.543811" lon="129.019682">
        <ele>611.1</ele>
      </trkpt>
      <trkpt lat="35.543813" lon="129.019341">
        <ele>609.8</ele>
      </trkpt>
      <trkpt lat="35.543823" lon="129.019275">
        <ele>608.5</ele>
      </trkpt>
      <trkpt lat="35.54382016621469" lon="129.01927471160892">
        <ele>607.1</ele>
      </trkpt>
      <trkpt lat="35.543823" lon="129.019275">
        <ele>605.5</ele>
      </trkpt>
      <trkpt lat="35.543847" lon="129.019133">
        <ele>603.9</ele>
      </trkpt>
      <trkpt lat="35.543942" lon="129.019029">
        <ele>602.1</ele>
      </trkpt>
      <trkpt lat="35.544116" lon="129.019019">
        <ele>600.2</ele>
      </trkpt>
      <trkpt lat="35.544218" lon="129.018953">
        <ele>598.2</ele>
      </trkpt>
      <trkpt lat="35.544368" lon="129.018802">
        <ele>596.0</ele>
      </trkpt>
      <trkpt lat="35.544479" lon="129.018567">
        <ele>593.8</ele>
      </trkpt>
      <trkpt lat="35.544497" lon="129.018368">
        <ele>591.4</ele>
      </trkpt>
      <trkpt lat="35.544646" lon="129.018335">
        <ele>588.9</ele>
      </trkpt>
      <trkpt lat="35.544805" lon="129.018548">
        <ele>586.4</ele>
      </trkpt>
      <trkpt lat="35.544887" lon="129.018669">
        <ele>583.7</ele>
      </trkpt>
      <trkpt lat="35.54506" lon="129.018754">
        <ele>581.0</ele>
      </trkpt>
      <trkpt lat="35.54509469877325" lon="129.01865243911746">
        <ele>578.1</ele>
      </trkpt>
      <trkpt lat="35.54506" lon="129.018754">
        <ele>575.1</ele>
      </trkpt>
      <trkpt lat="35.545079" lon="129.018763">
        <ele>572.0</ele>
      </trkpt>
      <trkpt lat="35.545549" lon="129.018887">
        <ele>568.8</ele>
      </trkpt>
      <trkpt lat="35.545675" lon="129.018988">
        <ele>565.5</ele>
      </trkpt>
      <trkpt lat="35.545768" lon="129.019027">
        <ele>562.1</ele>
      </trkpt>
      <trkpt lat="35.546131" lon="129.018948">
        <ele>558.6</ele>
      </trkpt>
      <trkpt lat="35.546239" lon="129.018889">
        <ele>555.1</ele>
      </trkpt>
      <trkpt lat="35.546452" lon="129.018494">
        <ele>551.4</ele>
      </trkpt>
      <trkpt lat="35.547047" lon="129.018042">
        <ele>547.7</ele>
      </trkpt>
      <trkpt lat="35.547266" lon="129.017892">
        <ele>544.0</ele>
      </trkpt>
      <trkpt lat="35.547637" lon="129.017888">
        <ele>540.3</ele>
      </trkpt>
      <trkpt lat="35.547891" lon="129.017893">
        <ele>536.6</ele>
      </trkpt>
      <trkpt lat="35.548117" lon="129.017908">
        <ele>532.9</ele>
      </trkpt>
      <trkpt lat="35.548271" lon="129.017968">
        <ele>529.3</ele>
      </trkpt>
      <trkpt lat="35.548336" lon="129.018105">
        <ele>525.7</ele>
      </trkpt>
      <trkpt lat="35.54837" lon="129.018113">
        <ele>522.2</ele>
      </trkpt>
      <trkpt lat="35.548359504838" lon="129.01818037033084">
        <ele>518.6</ele>
      </trkpt>
      <trkpt lat="35.54837" lon="129.018113">
        <ele>515.1</ele>
      </trkpt>
      <trkpt lat="35.548404" lon="129.018121">
        <ele>511.6</ele>
      </trkpt>
      <trkpt lat="35.548448" lon="129.018049">
        <ele>508.1</ele>
      </trkpt>
      <trkpt lat="35.548382" lon="129.017918">
        <ele>504.6</ele>
      </trkpt>
      <trkpt lat="35.547891" lon="129.017221">
        <ele>501.1</ele>
      </trkpt>
      <trkpt lat="35.547719" lon="129.017031">
        <ele>497.7</ele>
      </trkpt>
      <trkpt lat="35.547593" lon="129.016978">
        <ele>494.4</ele>
      </trkpt>
      <trkpt lat="35.547465" lon="129.016968">
        <ele>491.1</ele>
      </trkpt>
      <trkpt lat="35.547321" lon="129.017003">
        <ele>487.9</ele>
      </trkpt>
      <trkpt lat="35.547177" lon="129.016996">
        <ele>484.8</ele>
      </trkpt>
      <trkpt lat="35.547051" lon="129.016955">
        <ele>481.6</ele>
      </trkpt>
      <trkpt lat="35.54688" lon="129.016958">
        <ele>478.5</ele>
      </trkpt>
      <trkpt lat="35.546796" lon="129.016771">
        <ele>475.5</ele>
      </trkpt>
      <trkpt lat="35.546717" lon="129.016463">
        <ele>472.5</ele>
      </trkpt>
      <trkpt lat="35.546581" lon="129.016457">
        <ele>469.6</ele>
      </trkpt>
      <trkpt lat="35.546481" lon="129.016438">
        <ele>466.8</ele>
      </trkpt>
      <trkpt lat="35.546377" lon="129.016439">
        <ele>464.1</ele>
      </trkpt>
      <trkpt lat="35.546328" lon="129.016346">
        <ele>461.4</ele>
      </trkpt>
      <trkpt lat="35.546278" lon="129.016212">
        <ele>458.7</ele>
      </trkpt>
      <trkpt lat="35.546189" lon="129.015733">
        <ele>456.1</ele>
      </trkpt>
      <trkpt lat="35.546136" lon="129.015523">
        <ele>453.6</ele>
      </trkpt>
      <trkpt lat="35.546173" lon="129.015422">
        <ele>451.1</ele>
      </trkpt>
      <trkpt lat="35.54619462154643" lon="129.0154337882996">
        <ele>448.7</ele>
      </trkpt>
      <trkpt lat="35.546173" lon="129.015422">
        <ele>446.3</ele>
      </trkpt>
      <trkpt lat="35.546196" lon="129.015361">
        <ele>444.0</ele>
      </trkpt>
      <trkpt lat="35.546284" lon="129.015543">
        <ele>441.7</ele>
      </trkpt>
      <trkpt lat="35.546348" lon="129.015675">
        <ele>439.5</ele>
      </trkpt>
      <trkpt lat="35.546457" lon="129.015773">
        <ele>437.2</ele>
      </trkpt>
      <trkpt lat="35.546656" lon="129.015898">
        <ele>435.0</ele>
      </trkpt>
      <trkpt lat="35.546869" lon="129.015819">
        <ele>432.8</ele>
      </trkpt>
      <trkpt lat="35.547131" lon="129.015864">
        <ele>430.6</ele>
      </trkpt>
      <trkpt lat="35.547403" lon="129.015665">
        <ele>428.4</ele>
      </trkpt>
      <trkpt lat="35.547506" lon="129.015679">
        <ele>426.2</ele>
      </trkpt>
      <trkpt lat="35.547634" lon="129.015782">
        <ele>424.1</ele>
      </trkpt>
      <trkpt lat="35.547724" lon="129.015845">
        <ele>422.0</ele>
      </trkpt>
      <trkpt lat="35.547871" lon="129.015826">
        <ele>419.8</ele>
      </trkpt>
      <trkpt lat="35.547912" lon="129.015481">
        <ele>417.6</ele>
      </trkpt>
      <trkpt lat="35.547924" lon="129.015387">
        <ele>415.5</ele>
      </trkpt>
      <trkpt lat="35.54799" lon="129.015282">
        <ele>413.3</ele>
      </trkpt>
      <trkpt lat="35.54809" lon="129.015243">
        <ele>411.1</ele>
      </trkpt>
      <trkpt lat="35.548288" lon="129.015354">
        <ele>409.0</ele>
      </trkpt>
      <trkpt lat="35.548432" lon="129.015364">
        <ele>406.8</ele>
      </trkpt>
      <trkpt lat="35.548652" lon="129.015353">
        <ele>404.6</ele>
      </trkpt>
      <trkpt lat="35.549169" lon="129.015259">
        <ele>402.5</ele>
      </trkpt>
      <trkpt lat="35.549318" lon="129.015311">
        <ele>400.4</ele>
      </trkpt>
      <trkpt lat="35.549473" lon="129.015391">
        <ele>398.2</ele>
      </trkpt>
      <trkpt lat="35.549563" lon="129.015401">
        <ele>396.1</ele>
      </trkpt>
      <trkpt lat="35.549611" lon="129.015356">
        <ele>394.0</ele>
      </trkpt>
      <trkpt lat="35.549771" lon="129.015159">
        <ele>391.9</ele>
      </trkpt>
      <trkpt lat="35.549881" lon="129.015068">
        <ele>389.9</ele>
      </trkpt>
      <trkpt lat="35.550024" lon="129.015018">
        <ele>387.9</ele>
      </trkpt>
      <trkpt lat="35.550205" lon="129.015017">
        <ele>386.0</ele>
      </trkpt>
      <trkpt lat="35.550401" lon="129.014993">
        <ele>384.1</ele>
      </trkpt>
      <trkpt lat="35.550577" lon="129.014921">
        <ele>382.2</ele>
      </trkpt>
      <trkpt lat="35.550632" lon="129.014768">
        <ele>380.3</ele>
      </trkpt>
      <trkpt lat="35.550521" lon="129.014718">
        <ele>378.5</ele>
      </trkpt>
      <trkpt lat="35.5505068716494" lon="129.0147686004639">
        <ele>376.8</ele>
      </trkpt>
      <trkpt lat="35.550521" lon="129.014718">
        <ele>375.1</ele>
      </trkpt>
      <trkpt lat="35.550263" lon="129.014605">
        <ele>373.4</ele>
      </trkpt>
      <trkpt lat="35.549487" lon="129.014331">
        <ele>371.8</ele>
      </trkpt>
      <trkpt lat="35.54913" lon="129.01416">
        <ele>370.2</ele>
      </trkpt>
      <trkpt lat="35.548509" lon="129.013904">
        <ele>368.8</ele>
      </trkpt>
      <trkpt lat="35.547524" lon="129.013458">
        <ele>367.4</ele>
      </trkpt>
      <trkpt lat="35.547151" lon="129.013206">
        <ele>366.0</ele>
      </trkpt>
      <trkpt lat="35.546745" lon="129.012903">
        <ele>364.8</ele>
      </trkpt>
      <trkpt lat="35.546524" lon="129.01273">
        <ele>363.7</ele>
      </trkpt>
      <trkpt lat="35.546513" lon="129.012722">
        <ele>362.6</ele>
      </trkpt>
      <trkpt lat="35.54647396461028" lon="129.01281595230105">
        <ele>361.7</ele>
      </trkpt>
      <trkpt lat="35.546513" lon="129.012722">
        <ele>360.9</ele>
      </trkpt>
      <trkpt lat="35.546524" lon="129.01273">
        <ele>360.2</ele>
      </trkpt>
      <trkpt lat="35.546724" lon="129.012287">
        <ele>359.6</ele>
      </trkpt>
      <trkpt lat="35.546736" lon="129.012207">
        <ele>359.1</ele>
      </trkpt>
      <trkpt lat="35.546655" lon="129.012061">
        <ele>358.7</ele>
      </trkpt>
      <trkpt lat="35.546746" lon="129.011997">
        <ele>358.5</ele>
      </trkpt>
      <trkpt lat="35.546771" lon="129.011945">
        <ele>358.3</ele>
      </trkpt>
      <trkpt lat="35.546708" lon="129.011789">
        <ele>358.1</ele>
      </trkpt>
      <trkpt lat="35.54679" lon="129.011615">
        <ele>358.1</ele>
      </trkpt>
      <trkpt lat="35.546869" lon="129.011511">
        <ele>358.1</ele>
      </trkpt>
      <trkpt lat="35.546908" lon="129.011434">
        <ele>358.3</ele>
      </trkpt>
      <trkpt lat="35.546901" lon="129.011387">
        <ele>358.4</ele>
      </trkpt>
      <trkpt lat="35.547029" lon="129.011153">
        <ele>358.6</ele>
      </trkpt>
      <trkpt lat="35.547051" lon="129.011">
        <ele>358.9</ele>
      </trkpt>
      <trkpt lat="35.547106" lon="129.01084">
        <ele>359.2</ele>
      </trkpt>
      <trkpt lat="35.54706756538989" lon="129.01082038879397">
        <ele>359.6</ele>
      </trkpt>
      <trkpt lat="35.547106" lon="129.01084">
        <ele>360.0</ele>
      </trkpt>
      <trkpt lat="35.54714" lon="129.010746">
        <ele>360.4</ele>
      </trkpt>
      <trkpt lat="35.546925" lon="129.01045">
        <ele>360.9</ele>
      </trkpt>
      <trkpt lat="35.546846" lon="129.010321">
        <ele>361.4</ele>
      </trkpt>
      <trkpt lat="35.546976" lon="129.010244">
        <ele>362.0</ele>
      </trkpt>
      <trkpt lat="35.547055" lon="129.010156">
        <ele>362.6</ele>
      </trkpt>
      <trkpt lat="35.547075" lon="129.010084">
        <ele>363.3</ele>
      </trkpt>
      <trkpt lat="35.547087" lon="129.009992">
        <ele>364.0</ele>
      </trkpt>
      <trkpt lat="35.54708" lon="129.009851">
        <ele>364.8</ele>
      </trkpt>
      <trkpt lat="35.547006" lon="129.00972">
        <ele>365.6</ele>
      </trkpt>
      <trkpt lat="35.546904" lon="129.009596">
        <ele>366.5</ele>
      </trkpt>
      <trkpt lat="35.546864" lon="129.009526">
        <ele>367.4</ele>
      </trkpt>
      <trkpt lat="35.54685805973415" lon="129.00953292846683">
        <ele>368.3</ele>
      </trkpt>
      <trkpt lat="35.546864" lon="129.009526">
        <ele>369.3</ele>
      </trkpt>
      <trkpt lat="35.546862" lon="129.009522">
        <ele>370.3</ele>
      </trkpt>
      <trkpt lat="35.546842" lon="129.009434">
        <ele>371.4</ele>
      </trkpt>
      <trkpt lat="35.546835" lon="129.009284">
        <ele>372.6</ele>
      </trkpt>
      <trkpt lat="35.546858" lon="129.009199">
        <ele>373.8</ele>
      </trkpt>
      <trkpt lat="35.546918" lon="129.009088">
        <ele>375.1</ele>
      </trkpt>
      <trkpt lat="35.547005" lon="129.008988">
        <ele>376.5</ele>
      </trkpt>
      <trkpt lat="35.547103" lon="129.008912">
        <ele>378.0</ele>
      </trkpt>
      <trkpt lat="35.547274" lon="129.008822">
        <ele>379.5</ele>
      </trkpt>
      <trkpt lat="35.547389" lon="129.008765">
        <ele>381.2</ele>
      </trkpt>
      <trkpt lat="35.547443" lon="129.008644">
        <ele>382.9</ele>
      </trkpt>
      <trkpt lat="35.547528" lon="129.008612">
        <ele>384.8</ele>
      </trkpt>
      <trkpt lat="35.54762" lon="129.008598">
        <ele>386.8</ele>
      </trkpt>
      <trkpt lat="35.547962" lon="129.008274">
        <ele>388.9</ele>
      </trkpt>
      <trkpt lat="35.548177" lon="129.008093">
        <ele>391.2</ele>
      </trkpt>
      <trkpt lat="35.548244" lon="129.008026">
        <ele>393.6</ele>
      </trkpt>
      <trkpt lat="35.548368" lon="129.007936">
        <ele>396.2</ele>
      </trkpt>
      <trkpt lat="35.548386" lon="129.007602">
        <ele>398.9</ele>
      </trkpt>
      <trkpt lat="35.548461" lon="129.007495">
        <ele>401.7</ele>
      </trkpt>
      <trkpt lat="35.548542" lon="129.007431">
        <ele>404.6</ele>
      </trkpt>
      <trkpt lat="35.548605" lon="129.007347">
        <ele>407.7</ele>
      </trkpt>
      <trkpt lat="35.548668" lon="129.007276">
        <ele>410.9</ele>
      </trkpt>
      <trkpt lat="35.548747" lon="129.006893">
        <ele>414.2</ele>
      </trkpt>
      <trkpt lat="35.548629" lon="129.006727">
        <ele>417.6</ele>
      </trkpt>
      <trkpt lat="35.548584" lon="129.006551">
        <ele>421.2</ele>
      </trkpt>
      <trkpt lat="35.54853408965336" lon="129.00657176971438">
        <ele>424.8</ele>
      </trkpt>
      <trkpt lat="35.548584" lon="129.006551">
        <ele>428.4</ele>
      </trkpt>
      <trkpt lat="35.548563" lon="129.006466">
        <ele>432.2</ele>
      </trkpt>
      <trkpt lat="35.548634" lon="129.006159">
        <ele>436.1</ele>
      </trkpt>
      <trkpt lat="35.548732" lon="129.006077">
        <ele>440.1</ele>
      </trkpt>
      <trkpt lat="35.5489" lon="129.005905">
        <ele>444.1</ele>
      </trkpt>
      <trkpt lat="35.548932" lon="129.005579">
        <ele>448.1</ele>
      </trkpt>
      <trkpt lat="35.54907" lon="129.005325">
        <ele>452.2</ele>
      </trkpt>
      <trkpt lat="35.549026" lon="129.005175">
        <ele>456.3</ele>
      </trkpt>
      <trkpt lat="35.549083" lon="129.004943">
        <ele>460.4</ele>
      </trkpt>
      <trkpt lat="35.549057841818644" lon="129.00494098663333">
        <ele>464.6</ele>
      </trkpt>
      <trkpt lat="35.549077" lon="129.004928">
        <ele>468.7</ele>
      </trkpt>
      <trkpt lat="35.549022" lon="129.004796">
        <ele>472.9</ele>
      </trkpt>
      <trkpt lat="35.548702" lon="129.00462">
        <ele>477.0</ele>
      </trkpt>
      <trkpt lat="35.548669" lon="129.004556">
        <ele>481.2</ele>
      </trkpt>
      <trkpt lat="35.548724" lon="129.004118">
        <ele>485.3</ele>
      </trkpt>
      <trkpt lat="35.548701" lon="129.003812">
        <ele>489.5</ele>
      </trkpt>
      <trkpt lat="35.548672" lon="129.00361">
        <ele>493.6</ele>
      </trkpt>
      <trkpt lat="35.54854" lon="129.003021">
        <ele>497.6</ele>
      </trkpt>
      <trkpt lat="35.548405" lon="129.002629">
        <ele>501.7</ele>
      </trkpt>
      <trkpt lat="35.548256" lon="129.002486">
        <ele>505.8</ele>
      </trkpt>
      <trkpt lat="35.548197" lon="129.002354">
        <ele>509.8</ele>
      </trkpt>
      <trkpt lat="35.548148" lon="129.002216">
        <ele>513.9</ele>
      </trkpt>
      <trkpt lat="35.548141" lon="129.00204">
        <ele>517.9</ele>
      </trkpt>
      <trkpt lat="35.548149" lon="129.001963">
        <ele>522.0</ele>
      </trkpt>
      <trkpt lat="35.548107" lon="129.001874">
        <ele>526.0</ele>
      </trkpt>
      <trkpt lat="35.548046" lon="129.001816">
        <ele>530.1</ele>
      </trkpt>
      <trkpt lat="35.54805" lon="129.001845">
        <ele>534.1</ele>
      </trkpt>
      <trkpt lat="35.54802779264154" lon="129.00185108184817">
        <ele>538.3</ele>
      </trkpt>
      <trkpt lat="35.54805" lon="129.001845">
        <ele>542.4</ele>
      </trkpt>
      <trkpt lat="35.548046" lon="129.001816">
        <ele>546.6</ele>
      </trkpt>
      <trkpt lat="35.547971" lon="129.001706">
        <ele>550.9</ele>
      </trkpt>
      <trkpt lat="35.547906" lon="129.001482">
        <ele>555.2</ele>
      </trkpt>
      <trkpt lat="35.547903" lon="129.001471">
        <ele>559.6</ele>
      </trkpt>
      <trkpt lat="35.547845" lon="129.00125">
        <ele>564.0</ele>
      </trkpt>
      <trkpt lat="35.547639" lon="129.000993">
        <ele>568.4</ele>
      </trkpt>
      <trkpt lat="35.547643" lon="129.00085">
        <ele>572.9</ele>
      </trkpt>
      <trkpt lat="35.547635" lon="129.000669">
        <ele>577.5</ele>
      </trkpt>
      <trkpt lat="35.547446" lon="129.000496">
        <ele>582.1</ele>
      </trkpt>
      <trkpt lat="35.547299" lon="129.000448">
        <ele>586.8</ele>
      </trkpt>
      <trkpt lat="35.547238" lon="129.000431">
        <ele>591.5</ele>
      </trkpt>
      <trkpt lat="35.5472421530182" lon="129.0004134178162">
        <ele>596.2</ele>
      </trkpt>
      <trkpt lat="35.547238" lon="129.000431">
        <ele>601.0</ele>
      </trkpt>
      <trkpt lat="35.547099" lon="129.000395">
        <ele>605.9</ele>
      </trkpt>
      <trkpt lat="35.546895" lon="129.000493">
        <ele>610.8</ele>
      </trkpt>
      <trkpt lat="35.546774" lon="129.000492">
        <ele>615.9</ele>
      </trkpt>
      <trkpt lat="35.546667" lon="129.000346">
        <ele>620.9</ele>
      </trkpt>
      <trkpt lat="35.546471" lon="129.000105">
        <ele>626.1</ele>
      </trkpt>
      <trkpt lat="35.546302" lon="128.999835">
        <ele>631.3</ele>
      </trkpt>
      <trkpt lat="35.546186" lon="128.999715">
        <ele>636.5</ele>
      </trkpt>
      <trkpt lat="35.545948" lon="128.999659">
        <ele>641.8</ele>
      </trkpt>
      <trkpt lat="35.545629" lon="128.999747">
        <ele>647.1</ele>
      </trkpt>
      <trkpt lat="35.54546" lon="128.999911">
        <ele>652.4</ele>
      </trkpt>
      <trkpt lat="35.545312" lon="128.999886">
        <ele>657.6</ele>
      </trkpt>
      <trkpt lat="35.545288" lon="128.999858">
        <ele>662.9</ele>
      </trkpt>
      <trkpt lat="35.545136" lon="128.999821">
        <ele>668.1</ele>
      </trkpt>
      <trkpt lat="35.544868" lon="128.999693">
        <ele>673.3</ele>
      </trkpt>
      <trkpt lat="35.544694" lon="128.999662">
        <ele>678.5</ele>
      </trkpt>
      <trkpt lat="35.544563" lon="128.999716">
        <ele>683.6</ele>
      </trkpt>
      <trkpt lat="35.544299" lon="128.999849">
        <ele>688.6</ele>
      </trkpt>
      <trkpt lat="35.54418" lon="128.999855">
        <ele>693.5</ele>
      </trkpt>
      <trkpt lat="35.544025" lon="128.999838">
        <ele>698.3</ele>
      </trkpt>
      <trkpt lat="35.543979" lon="128.999798">
        <ele>703.0</ele>
      </trkpt>
      <trkpt lat="35.543976" lon="128.999749">
        <ele>707.6</ele>
      </trkpt>
      <trkpt lat="35.54401222036215" lon="128.9997482299805">
        <ele>712.2</ele>
      </trkpt>
      <trkpt lat="35.543976" lon="128.999749">
        <ele>716.6</ele>
      </trkpt>
      <trkpt lat="35.543971" lon="128.999642">
        <ele>721.0</ele>
      </trkpt>
      <trkpt lat="35.543941" lon="128.999428">
        <ele>725.2</ele>
      </trkpt>
      <trkpt lat="35.543915" lon="128.999103">
        <ele>729.3</ele>
      </trkpt>
      <trkpt lat="35.544005" lon="128.998823">
        <ele>733.4</ele>
      </trkpt>
      <trkpt lat="35.544073" lon="128.998671">
        <ele>737.3</ele>
      </trkpt>
      <trkpt lat="35.544127" lon="128.998454">
        <ele>741.1</ele>
      </trkpt>
      <trkpt lat="35.544171" lon="128.998113">
        <ele>744.8</ele>
      </trkpt>
      <trkpt lat="35.544106" lon="128.997983">
        <ele>748.3</ele>
      </trkpt>
      <trkpt lat="35.54404" lon="128.997907">
        <ele>751.7</ele>
      </trkpt>
      <trkpt lat="35.543895" lon="128.997654">
        <ele>755.0</ele>
      </trkpt>
      <trkpt lat="35.543769" lon="128.997535">
        <ele>758.1</ele>
      </trkpt>
      <trkpt lat="35.543609" lon="128.997398">
        <ele>761.0</ele>
      </trkpt>
      <trkpt lat="35.543462" lon="128.997216">
        <ele>763.8</ele>
      </trkpt>
      <trkpt lat="35.543383" lon="128.996858">
        <ele>766.3</ele>
      </trkpt>
      <trkpt lat="35.543286" lon="128.996624">
        <ele>768.8</ele>
      </trkpt>
      <trkpt lat="35.543243" lon="128.996554">
        <ele>771.0</ele>
      </trkpt>
      <trkpt lat="35.543083" lon="128.996391">
        <ele>773.1</ele>
      </trkpt>
      <trkpt lat="35.5431" lon="128.996339">
        <ele>775.0</ele>
      </trkpt>
      <trkpt lat="35.543034" lon="128.996229">
        <ele>776.8</ele>
      </trkpt>
      <trkpt lat="35.543045" lon="128.996067">
        <ele>778.4</ele>
      </trkpt>
      <trkpt lat="35.5432" lon="128.995569">
        <ele>779.9</ele>
      </trkpt>
      <trkpt lat="35.54324" lon="128.995186">
        <ele>781.2</ele>
      </trkpt>
      <trkpt lat="35.543307" lon="128.995025">
        <ele>782.4</ele>
      </trkpt>
      <trkpt lat="35.543408" lon="128.994843">
        <ele>783.4</ele>
      </trkpt>
      <trkpt lat="35.543411" lon="128.99457">
        <ele>784.3</ele>
      </trkpt>
      <trkpt lat="35.543467" lon="128.994232">
        <ele>785.1</ele>
      </trkpt>
      <trkpt lat="35.54346" lon="128.994146">
        <ele>785.8</ele>
      </trkpt>
      <trkpt lat="35.543446" lon="128.994095">
        <ele>786.3</ele>
      </trkpt>
      <trkpt lat="35.543043" lon="128.993921">
        <ele>786.7</ele>
      </trkpt>
      <trkpt lat="35.542983" lon="128.993851">
        <ele>787.0</ele>
      </trkpt>
      <trkpt lat="35.542928" lon="128.99376">
        <ele>787.2</ele>
      </trkpt>
      <trkpt lat="35.542805" lon="128.993481">
        <ele>787.3</ele>
      </trkpt>
      <trkpt lat="35.54272" lon="128.993205">
        <ele>787.3</ele>
      </trkpt>
      <trkpt lat="35.542597" lon="128.99307">
        <ele>787.2</ele>
      </trkpt>
      <trkpt lat="35.54248" lon="128.992559">
        <ele>786.9</ele>
      </trkpt>
      <trkpt lat="35.542452" lon="128.992274">
        <ele>786.6</ele>
      </trkpt>
      <trkpt lat="35.542404" lon="128.992184">
        <ele>786.2</ele>
      </trkpt>
      <trkpt lat="35.542379" lon="128.992095">
        <ele>785.7</ele>
      </trkpt>
      <trkpt lat="35.542363" lon="128.991926">
        <ele>785.1</ele>
      </trkpt>
      <trkpt lat="35.54228371647729" lon="128.99193763732913">
        <ele>784.5</ele>
      </trkpt>
      <trkpt lat="35.542363" lon="128.991926">
        <ele>783.8</ele>
      </trkpt>
      <trkpt lat="35.542358" lon="128.991865">
        <ele>783.0</ele>
      </trkpt>
      <trkpt lat="35.542359" lon="128.991753">
        <ele>782.1</ele>
      </trkpt>
      <trkpt lat="35.542327" lon="128.991748">
        <ele>781.2</ele>
      </trkpt>
      <trkpt lat="35.542096" lon="128.991683">
        <ele>780.2</ele>
      </trkpt>
      <trkpt lat="35.54154" lon="128.991648">
        <ele>779.2</ele>
      </trkpt>
      <trkpt lat="35.541139" lon="128.991648">
        <ele>778.1</ele>
      </trkpt>
      <trkpt lat="35.540871" lon="128.991629">
        <ele>777.0</ele>
      </trkpt>
      <trkpt lat="35.540649" lon="128.991583">
        <ele>775.9</ele>
      </trkpt>
      <trkpt lat="35.540516" lon="128.991539">
        <ele>774.8</ele>
      </trkpt>
      <trkpt lat="35.540407" lon="128.991502">
        <ele>773.7</ele>
      </trkpt>
      <trkpt lat="35.5401" lon="128.991374">
        <ele>772.6</ele>
      </trkpt>
      <trkpt lat="35.53995" lon="128.991271">
        <ele>771.5</ele>
      </trkpt>
      <trkpt lat="35.539858" lon="128.991146">
        <ele>770.4</ele>
      </trkpt>
      <trkpt lat="35.539707" lon="128.991051">
        <ele>769.4</ele>
      </trkpt>
      <trkpt lat="35.53962" lon="128.991014">
        <ele>768.3</ele>
      </trkpt>
      <trkpt lat="35.539368" lon="128.990912">
        <ele>767.3</ele>
      </trkpt>
      <trkpt lat="35.538914" lon="128.99049">
        <ele>766.4</ele>
      </trkpt>
      <trkpt lat="35.538311" lon="128.989753">
        <ele>765.4</ele>
      </trkpt>
      <trkpt lat="35.538202" lon="128.989565">
        <ele>764.5</ele>
      </trkpt>
      <trkpt lat="35.538139" lon="128.989269">
        <ele>763.7</ele>
      </trkpt>
      <trkpt lat="35.538162" lon="128.989058">
        <ele>763.0</ele>
      </trkpt>
      <trkpt lat="35.538143" lon="128.988821">
        <ele>762.3</ele>
      </trkpt>
      <trkpt lat="35.538109" lon="128.988761">
        <ele>761.7</ele>
      </trkpt>
      <trkpt lat="35.537938" lon="128.988454">
        <ele>761.1</ele>
      </trkpt>
      <trkpt lat="35.5378" lon="128.988046">
        <ele>760.6</ele>
      </trkpt>
      <trkpt lat="35.53771" lon="128.98779">
        <ele>760.3</ele>
      </trkpt>
      <trkpt lat="35.537639" lon="128.987566">
        <ele>760.0</ele>
      </trkpt>
      <trkpt lat="35.537573" lon="128.987307">
        <ele>759.8</ele>
      </trkpt>
      <trkpt lat="35.537583" lon="128.987193">
        <ele>759.7</ele>
      </trkpt>
      <trkpt lat="35.537572" lon="128.987107">
        <ele>759.7</ele>
      </trkpt>
      <trkpt lat="35.537428" lon="128.986792">
        <ele>759.8</ele>
      </trkpt>
      <trkpt lat="35.537387" lon="128.986746">
        <ele>760.0</ele>
      </trkpt>
      <trkpt lat="35.537372" lon="128.986719">
        <ele>760.4</ele>
      </trkpt>
      <trkpt lat="35.53739481694026" lon="128.98670196533206">
        <ele>760.9</ele>
      </trkpt>
      <trkpt lat="35.537372" lon="128.986719">
        <ele>761.5</ele>
      </trkpt>
      <trkpt lat="35.537387" lon="128.986746">
        <ele>762.2</ele>
      </trkpt>
      <trkpt lat="35.537428" lon="128.986792">
        <ele>763.1</ele>
      </trkpt>
      <trkpt lat="35.537516" lon="128.986726">
        <ele>764.2</ele>
      </trkpt>
      <trkpt lat="35.537634" lon="128.986668">
        <ele>765.3</ele>
      </trkpt>
      <trkpt lat="35.537799" lon="128.98666">
        <ele>766.6</ele>
      </trkpt>
      <trkpt lat="35.537855" lon="128.986677">
        <ele>768.1</ele>
      </trkpt>
      <trkpt lat="35.537957" lon="128.986683">
        <ele>769.7</ele>
      </trkpt>
      <trkpt lat="35.538099" lon="128.986636">
        <ele>771.4</ele>
      </trkpt>
      <trkpt lat="35.538238" lon="128.98651">
        <ele>773.2</ele>
      </trkpt>
      <trkpt lat="35.538353" lon="128.986454">
        <ele>774.7</ele>
      </trkpt>
      <trkpt lat="35.538452" lon="128.986369">
        <ele>775.6</ele>
      </trkpt>
      <trkpt lat="35.538505" lon="128.986352">
        <ele>775.8</ele>
      </trkpt>
      <trkpt lat="35.538543" lon="128.98618">
        <ele>775.3</ele>
      </trkpt>
      <trkpt lat="35.538544" lon="128.98606">
        <ele>774.0</ele>
      </trkpt>
      <trkpt lat="35.538558" lon="128.985986">
        <ele>771.9</ele>
      </trkpt>
      <trkpt lat="35.538695" lon="128.985664">
        <ele>768.9</ele>
      </trkpt>
      <trkpt lat="35.538807" lon="128.985622">
        <ele>765.1</ele>
      </trkpt>
      <trkpt lat="35.538932" lon="128.985668">
        <ele>761.0</ele>
      </trkpt>
      <trkpt lat="35.539092" lon="128.985757">
        <ele>756.7</ele>
      </trkpt>
      <trkpt lat="35.539241" lon="128.985809">
        <ele>752.4</ele>
      </trkpt>
      <trkpt lat="35.539416" lon="128.98591">
        <ele>748.2</ele>
      </trkpt>
      <trkpt lat="35.539469" lon="128.985858">
        <ele>744.1</ele>
      </trkpt>
      <trkpt lat="35.539499" lon="128.985755">
        <ele>740.1</ele>
      </trkpt>
      <trkpt lat="35.539521" lon="128.985625">
        <ele>736.2</ele>
      </trkpt>
      <trkpt lat="35.53955" lon="128.985542">
        <ele>732.4</ele>
      </trkpt>
      <trkpt lat="35.539644" lon="128.985365">
        <ele>728.8</ele>
      </trkpt>
      <trkpt lat="35.539687" lon="128.985264">
        <ele>725.2</ele>
      </trkpt>
      <trkpt lat="35.539732" lon="128.985115">
        <ele>721.9</ele>
      </trkpt>
      <trkpt lat="35.539832" lon="128.984765">
        <ele>718.6</ele>
      </trkpt>
      <trkpt lat="35.539852" lon="128.984573">
        <ele>715.6</ele>
      </trkpt>
      <trkpt lat="35.539931" lon="128.984323">
        <ele>712.6</ele>
      </trkpt>
      <trkpt lat="35.540095" lon="128.98401">
        <ele>709.8</ele>
      </trkpt>
      <trkpt lat="35.540133" lon="128.983868">
        <ele>707.1</ele>
      </trkpt>
      <trkpt lat="35.540209" lon="128.983728">
        <ele>704.5</ele>
      </trkpt>
      <trkpt lat="35.540252" lon="128.98358">
        <ele>701.9</ele>
      </trkpt>
      <trkpt lat="35.540401" lon="128.983153">
        <ele>699.5</ele>
      </trkpt>
      <trkpt lat="35.540448" lon="128.983128">
        <ele>697.1</ele>
      </trkpt>
      <trkpt lat="35.54046787429262" lon="128.98318290710452">
        <ele>694.9</ele>
      </trkpt>
      <trkpt lat="35.540448" lon="128.983128">
        <ele>692.7</ele>
      </trkpt>
      <trkpt lat="35.540474" lon="128.983115">
        <ele>690.7</ele>
      </trkpt>
      <trkpt lat="35.540639" lon="128.983016">
        <ele>689.6</ele>
      </trkpt>
      <trkpt lat="35.540938" lon="128.983039">
        <ele>690.0</ele>
      </trkpt>
      <trkpt lat="35.541238" lon="128.983046">
        <ele>692.2</ele>
      </trkpt>
      <trkpt lat="35.541556" lon="128.983104">
        <ele>696.1</ele>
      </trkpt>
      <trkpt lat="35.541722" lon="128.983143">
        <ele>701.9</ele>
      </trkpt>
      <trkpt lat="35.541894" lon="128.983211">
        <ele>709.6</ele>
      </trkpt>
      <trkpt lat="35.542139" lon="128.983218">
        <ele>719.3</ele>
      </trkpt>
      <trkpt lat="35.542144037768814" lon="128.9830541610718">
        <ele>730.9</ele>
      </trkpt>
      <trkpt lat="35.542139" lon="128.983218">
        <ele>743.4</ele>
      </trkpt>
      <trkpt lat="35.542173" lon="128.983219">
        <ele>756.4</ele>
      </trkpt>
      <trkpt lat="35.542382" lon="128.983286">
        <ele>769.6</ele>
      </trkpt>
      <trkpt lat="35.542438" lon="128.983172">
        <ele>783.0</ele>
      </trkpt>
      <trkpt lat="35.542509" lon="128.983061">
        <ele>796.4</ele>
      </trkpt>
      <trkpt lat="35.542577" lon="128.982892">
        <ele>809.8</ele>
      </trkpt>
      <trkpt lat="35.542779" lon="128.982807">
        <ele>823.1</ele>
      </trkpt>
      <trkpt lat="35.543206" lon="128.982189">
        <ele>836.4</ele>
      </trkpt>
      <trkpt lat="35.543507" lon="128.981951">
        <ele>849.6</ele>
      </trkpt>
      <trkpt lat="35.543676" lon="128.981709">
        <ele>862.7</ele>
      </trkpt>
      <trkpt lat="35.543831" lon="128.98166">
        <ele>875.6</ele>
      </trkpt>
      <trkpt lat="35.543991" lon="128.981599">
        <ele>888.4</ele>
      </trkpt>
      <trkpt lat="35.54403" lon="128.981666">
        <ele>901.0</ele>
      </trkpt>
      <trkpt lat="35.544034" lon="128.981673">
        <ele>913.5</ele>
      </trkpt>
      <trkpt lat="35.544042" lon="128.981666">
        <ele>925.7</ele>
      </trkpt>
      <trkpt lat="35.544081" lon="128.981635">
        <ele>937.9</ele>
      </trkpt>
      <trkpt lat="35.544093" lon="128.981473">
        <ele>949.8</ele>
      </trkpt>
      <trkpt lat="35.544218" lon="128.981286">
        <ele>961.6</ele>
      </trkpt>
      <trkpt lat="35.544208" lon="128.981126">
        <ele>973.3</ele>
      </trkpt>
      <trkpt lat="35.544215" lon="128.981036">
        <ele>984.8</ele>
      </trkpt>
      <trkpt lat="35.544273" lon="128.980966">
        <ele>996.1</ele>
      </trkpt>
      <trkpt lat="35.544418" lon="128.980929">
        <ele>1007.2</ele>
      </trkpt>
      <trkpt lat="35.544544" lon="128.980932">
        <ele>1018.2</ele>
      </trkpt>
      <trkpt lat="35.544609" lon="128.980874">
        <ele>1028.5</ele>
      </trkpt>
      <trkpt lat="35.544701" lon="128.980864">
        <ele>1037.9</ele>
      </trkpt>
      <trkpt lat="35.544747" lon="128.980865">
        <ele>1046.3</ele>
      </trkpt>
      <trkpt lat="35.544878" lon="128.980869">
        <ele>1053.6</ele>
      </trkpt>
      <trkpt lat="35.54501" lon="128.980796">
        <ele>1059.9</ele>
      </trkpt>
      <trkpt lat="35.545032" lon="128.980704">
        <ele>1065.0</ele>
      </trkpt>
      <trkpt lat="35.545077" lon="128.980603">
        <ele>1069.0</ele>
      </trkpt>
      <trkpt lat="35.545187" lon="128.980589">
        <ele>1071.8</ele>
      </trkpt>
      <trkpt lat="35.54524" lon="128.980673">
        <ele>1074.1</ele>
      </trkpt>
      <trkpt lat="35.545266" lon="128.980715">
        <ele>1075.9</ele>
      </trkpt>
      <trkpt lat="35.545273" lon="128.980733">
        <ele>1077.5</ele>
      </trkpt>
      <trkpt lat="35.545264" lon="128.980735">
        <ele>1078.8</ele>
      </trkpt>
      <trkpt lat="35.545257" lon="128.980767">
        <ele>1079.9</ele>
      </trkpt>
      <trkpt lat="35.5451819947826" lon="128.98086547851565">
        <ele>1080.9</ele>
      </trkpt>
      <trkpt lat="35.545258" lon="128.980769">
        <ele>1081.7</ele>
      </trkpt>
      <trkpt lat="35.545257" lon="128.980767">
        <ele>1082.4</ele>
      </trkpt>
      <trkpt lat="35.545264" lon="128.980735">
        <ele>1083.0</ele>
      </trkpt>
      <trkpt lat="35.545273" lon="128.980733">
        <ele>1083.5</ele>
      </trkpt>
      <trkpt lat="35.545266" lon="128.980715">
        <ele>1083.8</ele>
      </trkpt>
      <trkpt lat="35.545289" lon="128.980713">
        <ele>1084.1</ele>
      </trkpt>
      <trkpt lat="35.545337" lon="128.980734">
        <ele>1084.2</ele>
      </trkpt>
      <trkpt lat="35.545354" lon="128.980729">
        <ele>1084.3</ele>
      </trkpt>
      <trkpt lat="35.545363" lon="128.98067">
        <ele>1084.2</ele>
      </trkpt>
      <trkpt lat="35.545381" lon="128.980666">
        <ele>1084.1</ele>
      </trkpt>
      <trkpt lat="35.54539" lon="128.980672">
        <ele>1083.9</ele>
      </trkpt>
      <trkpt lat="35.545459" lon="128.980699">
        <ele>1083.5</ele>
      </trkpt>
      <trkpt lat="35.545829" lon="128.980706">
        <ele>1083.1</ele>
      </trkpt>
      <trkpt lat="35.545838" lon="128.980764">
        <ele>1082.6</ele>
      </trkpt>
      <trkpt lat="35.545912" lon="128.980785">
        <ele>1082.0</ele>
      </trkpt>
      <trkpt lat="35.54596" lon="128.980833">
        <ele>1081.2</ele>
      </trkpt>
      <trkpt lat="35.546286" lon="128.981015">
        <ele>1080.4</ele>
      </trkpt>
      <trkpt lat="35.546349" lon="128.981044">
        <ele>1079.5</ele>
      </trkpt>
      <trkpt lat="35.546431" lon="128.98102">
        <ele>1078.5</ele>
      </trkpt>
      <trkpt lat="35.546514" lon="128.981019">
        <ele>1077.4</ele>
      </trkpt>
      <trkpt lat="35.546604" lon="128.981068">
        <ele>1076.2</ele>
      </trkpt>
      <trkpt lat="35.546691" lon="128.981136">
        <ele>1074.9</ele>
      </trkpt>
      <trkpt lat="35.546833" lon="128.981223">
        <ele>1073.6</ele>
      </trkpt>
      <trkpt lat="35.54705" lon="128.981101">
        <ele>1072.1</ele>
      </trkpt>
      <trkpt lat="35.547115" lon="128.981016">
        <ele>1070.6</ele>
      </trkpt>
      <trkpt lat="35.547171" lon="128.980894">
        <ele>1069.0</ele>
      </trkpt>
      <trkpt lat="35.54726" lon="128.98081">
        <ele>1067.3</ele>
      </trkpt>
      <trkpt lat="35.547267" lon="128.980687">
        <ele>1065.5</ele>
      </trkpt>
      <trkpt lat="35.547298" lon="128.980653">
        <ele>1063.7</ele>
      </trkpt>
      <trkpt lat="35.547475" lon="128.980638">
        <ele>1061.7</ele>
      </trkpt>
      <trkpt lat="35.547551" lon="128.980648">
        <ele>1059.6</ele>
      </trkpt>
      <trkpt lat="35.547645" lon="128.980614">
        <ele>1057.5</ele>
      </trkpt>
      <trkpt lat="35.547714" lon="128.980373">
        <ele>1055.2</ele>
      </trkpt>
      <trkpt lat="35.547787" lon="128.980333">
        <ele>1052.9</ele>
      </trkpt>
      <trkpt lat="35.547991" lon="128.980401">
        <ele>1050.5</ele>
      </trkpt>
      <trkpt lat="35.548193" lon="128.980256">
        <ele>1048.1</ele>
      </trkpt>
      <trkpt lat="35.548305" lon="128.980161">
        <ele>1045.6</ele>
      </trkpt>
      <trkpt lat="35.548348" lon="128.980141">
        <ele>1043.1</ele>
      </trkpt>
      <trkpt lat="35.548387" lon="128.980163">
        <ele>1040.5</ele>
      </trkpt>
      <trkpt lat="35.548541" lon="128.980277">
        <ele>1037.9</ele>
      </trkpt>
      <trkpt lat="35.548631" lon="128.980314">
        <ele>1035.3</ele>
      </trkpt>
      <trkpt lat="35.548712" lon="128.980269">
        <ele>1032.6</ele>
      </trkpt>
      <trkpt lat="35.548787" lon="128.980207">
        <ele>1029.9</ele>
      </trkpt>
      <trkpt lat="35.548834" lon="128.980105">
        <ele>1027.3</ele>
      </trkpt>
      <trkpt lat="35.548846" lon="128.979948">
        <ele>1024.6</ele>
      </trkpt>
      <trkpt lat="35.549034" lon="128.9798">
        <ele>1021.9</ele>
      </trkpt>
      <trkpt lat="35.549312" lon="128.979357">
        <ele>1019.3</ele>
      </trkpt>
      <trkpt lat="35.549445" lon="128.979017">
        <ele>1016.7</ele>
      </trkpt>
      <trkpt lat="35.549494" lon="128.978929">
        <ele>1014.1</ele>
      </trkpt>
      <trkpt lat="35.549551" lon="128.978927">
        <ele>1011.6</ele>
      </trkpt>
      <trkpt lat="35.549657" lon="128.978967">
        <ele>1009.2</ele>
      </trkpt>
      <trkpt lat="35.549826" lon="128.978945">
        <ele>1006.9</ele>
      </trkpt>
      <trkpt lat="35.549995" lon="128.978887">
        <ele>1004.6</ele>
      </trkpt>
      <trkpt lat="35.550196" lon="128.978783">
        <ele>1002.4</ele>
      </trkpt>
      <trkpt lat="35.55017516833674" lon="128.97871971130374">
        <ele>1000.3</ele>
      </trkpt>
      <trkpt lat="35.550196" lon="128.978783">
        <ele>998.3</ele>
      </trkpt>
      <trkpt lat="35.550597" lon="128.978579">
        <ele>996.4</ele>
      </trkpt>
      <trkpt lat="35.550808" lon="128.978416">
        <ele>994.6</ele>
      </trkpt>
      <trkpt lat="35.551123" lon="128.977985">
        <ele>993.0</ele>
      </trkpt>
      <trkpt lat="35.551243" lon="128.977779">
        <ele>991.5</ele>
      </trkpt>
      <trkpt lat="35.551289" lon="128.977696">
        <ele>990.1</ele>
      </trkpt>
      <trkpt lat="35.551441" lon="128.977553">
        <ele>989.0</ele>
      </trkpt>
      <trkpt lat="35.551444" lon="128.977505">
        <ele>988.0</ele>
      </trkpt>
      <trkpt lat="35.551435" lon="128.977459">
        <ele>987.2</ele>
      </trkpt>
      <trkpt lat="35.55139" lon="128.977355">
        <ele>986.5</ele>
      </trkpt>
      <trkpt lat="35.551337" lon="128.977298">
        <ele>986.1</ele>
      </trkpt>
      <trkpt lat="35.551381" lon="128.977141">
        <ele>985.8</ele>
      </trkpt>
      <trkpt lat="35.551425" lon="128.976994">
        <ele>985.7</ele>
      </trkpt>
      <trkpt lat="35.55139722638733" lon="128.9769816398621">
        <ele>985.7</ele>
      </trkpt>
      <trkpt lat="35.551425" lon="128.976994">
        <ele>986.0</ele>
      </trkpt>
      <trkpt lat="35.551458" lon="128.976885">
        <ele>986.3</ele>
      </trkpt>
      <trkpt lat="35.551477" lon="128.97682">
        <ele>986.9</ele>
      </trkpt>
      <trkpt lat="35.551498" lon="128.976752">
        <ele>987.6</ele>
      </trkpt>
      <trkpt lat="35.551529" lon="128.976534">
        <ele>988.5</ele>
      </trkpt>
      <trkpt lat="35.551575" lon="128.976406">
        <ele>989.6</ele>
      </trkpt>
      <trkpt lat="35.551665" lon="128.976261">
        <ele>990.9</ele>
      </trkpt>
      <trkpt lat="35.551783" lon="128.975966">
        <ele>992.4</ele>
      </trkpt>
      <trkpt lat="35.551783" lon="128.975703">
        <ele>994.0</ele>
      </trkpt>
      <trkpt lat="35.551888" lon="128.975525">
        <ele>995.9</ele>
      </trkpt>
      <trkpt lat="35.552054" lon="128.975421">
        <ele>997.8</ele>
      </trkpt>
      <trkpt lat="35.552138" lon="128.975224">
        <ele>999.9</ele>
      </trkpt>
      <trkpt lat="35.552347" lon="128.975182">
        <ele>1002.2</ele>
      </trkpt>
      <trkpt lat="35.552397" lon="128.975127">
        <ele>1004.6</ele>
      </trkpt>
      <trkpt lat="35.552463" lon="128.975039">
        <ele>1007.2</ele>
      </trkpt>
      <trkpt lat="35.552464" lon="128.974884">
        <ele>1009.9</ele>
      </trkpt>
      <trkpt lat="35.552492" lon="128.974727">
        <ele>1012.8</ele>
      </trkpt>
      <trkpt lat="35.55267" lon="128.974482">
        <ele>1015.7</ele>
      </trkpt>
      <trkpt lat="35.55275" lon="128.974392">
        <ele>1018.8</ele>
      </trkpt>
      <trkpt lat="35.552868" lon="128.974295">
        <ele>1022.0</ele>
      </trkpt>
      <trkpt lat="35.55301" lon="128.974088">
        <ele>1025.2</ele>
      </trkpt>
      <trkpt lat="35.553148" lon="128.973954">
        <ele>1028.6</ele>
      </trkpt>
      <trkpt lat="35.553561" lon="128.973853">
        <ele>1032.0</ele>
      </trkpt>
      <trkpt lat="35.55368" lon="128.973798">
        <ele>1035.5</ele>
      </trkpt>
      <trkpt lat="35.553892" lon="128.973598">
        <ele>1039.0</ele>
      </trkpt>
      <trkpt lat="35.554" lon="128.973573">
        <ele>1042.6</ele>
      </trkpt>
      <trkpt lat="35.554097" lon="128.973587">
        <ele>1046.3</ele>
      </trkpt>
      <trkpt lat="35.554183" lon="128.973549">
        <ele>1049.9</ele>
      </trkpt>
      <trkpt lat="35.554261" lon="128.973501">
        <ele>1053.6</ele>
      </trkpt>
      <trkpt lat="35.55437" lon="128.973493">
        <ele>1057.4</ele>
      </trkpt>
      <trkpt lat="35.554489" lon="128.973497">
        <ele>1061.2</ele>
      </trkpt>
      <trkpt lat="35.554569" lon="128.973536">
        <ele>1065.0</ele>
      </trkpt>
      <trkpt lat="35.554686" lon="128.973559">
        <ele>1068.8</ele>
      </trkpt>
      <trkpt lat="35.554745" lon="128.973463">
        <ele>1072.6</ele>
      </trkpt>
      <trkpt lat="35.555059" lon="128.973392">
        <ele>1076.5</ele>
      </trkpt>
      <trkpt lat="35.555367" lon="128.97327">
        <ele>1080.3</ele>
      </trkpt>
      <trkpt lat="35.555495" lon="128.973174">
        <ele>1084.1</ele>
      </trkpt>
      <trkpt lat="35.555499713606544" lon="128.973183631897">
        <ele>1087.8</ele>
      </trkpt>
      <trkpt lat="35.555495" lon="128.973174">
        <ele>1091.5</ele>
      </trkpt>
      <trkpt lat="35.555677" lon="128.97304">
        <ele>1095.2</ele>
      </trkpt>
      <trkpt lat="35.555788" lon="128.972722">
        <ele>1098.8</ele>
      </trkpt>
      <trkpt lat="35.555924" lon="128.972498">
        <ele>1102.3</ele>
      </trkpt>
      <trkpt lat="35.556112" lon="128.972529">
        <ele>1105.7</ele>
      </trkpt>
      <trkpt lat="35.556191" lon="128.972488">
        <ele>1109.0</ele>
      </trkpt>
      <trkpt lat="35.556204" lon="128.972516">
        <ele>1112.3</ele>
      </trkpt>
      <trkpt lat="35.55619798839467" lon="128.97253990173343">
        <ele>1115.4</ele>
      </trkpt>
      <trkpt lat="35.556204" lon="128.972516">
        <ele>1118.5</ele>
      </trkpt>
      <trkpt lat="35.556302" lon="128.972471">
        <ele>1121.4</ele>
      </trkpt>
      <trkpt lat="35.556414" lon="128.972505">
        <ele>1124.3</ele>
      </trkpt>
      <trkpt lat="35.556568" lon="128.972534">
        <ele>1127.0</ele>
      </trkpt>
      <trkpt lat="35.556635" lon="128.972503">
        <ele>1129.6</ele>
      </trkpt>
      <trkpt lat="35.55664313539724" lon="128.97252917289737">
        <ele>1132.2</ele>
      </trkpt>
      <trkpt lat="35.556635" lon="128.972503">
        <ele>1134.6</ele>
      </trkpt>
      <trkpt lat="35.556662" lon="128.972491">
        <ele>1136.9</ele>
      </trkpt>
      <trkpt lat="35.556945" lon="128.972442">
        <ele>1139.1</ele>
      </trkpt>
      <trkpt lat="35.556994" lon="128.972359">
        <ele>1141.2</ele>
      </trkpt>
      <trkpt lat="35.557042" lon="128.972349">
        <ele>1143.1</ele>
      </trkpt>
      <trkpt lat="35.557224" lon="128.97234">
        <ele>1145.0</ele>
      </trkpt>
      <trkpt lat="35.55744" lon="128.972293">
        <ele>1146.7</ele>
      </trkpt>
      <trkpt lat="35.557515" lon="128.972298">
        <ele>1148.4</ele>
      </trkpt>
      <trkpt lat="35.55751596548144" lon="128.97230386734012">
        <ele>1149.8</ele>
      </trkpt>
      <trkpt lat="35.557515" lon="128.972298">
        <ele>1151.2</ele>
      </trkpt>
      <trkpt lat="35.557531" lon="128.9723">
        <ele>1152.5</ele>
      </trkpt>
      <trkpt lat="35.557593" lon="128.972315">
        <ele>1153.6</ele>
      </trkpt>
      <trkpt lat="35.557721" lon="128.972261">
        <ele>1154.6</ele>
      </trkpt>
      <trkpt lat="35.557857" lon="128.972275">
        <ele>1155.5</ele>
      </trkpt>
      <trkpt lat="35.557935" lon="128.972253">
        <ele>1156.3</ele>
      </trkpt>
      <trkpt lat="35.55793492054596" lon="128.97225022315982">
        <ele>1157.0</ele>
      </trkpt>
      <trkpt lat="35.557935" lon="128.972253">
        <ele>1157.6</ele>
      </trkpt>
      <trkpt lat="35.557955" lon="128.972248">
        <ele>1158.1</ele>
      </trkpt>
      <trkpt lat="35.558102" lon="128.972145">
        <ele>1158.5</ele>
      </trkpt>
      <trkpt lat="35.558395" lon="128.972014">
        <ele>1158.9</ele>
      </trkpt>
      <trkpt lat="35.558489" lon="128.971985">
        <ele>1159.1</ele>
      </trkpt>
      <trkpt lat="35.558579" lon="128.971974">
        <ele>1159.2</ele>
      </trkpt>
      <trkpt lat="35.558817" lon="128.971982">
        <ele>1159.3</ele>
      </trkpt>
      <trkpt lat="35.558935" lon="128.971951">
        <ele>1159.3</ele>
      </trkpt>
      <trkpt lat="35.559054" lon="128.971859">
        <ele>1159.2</ele>
      </trkpt>
      <trkpt lat="35.559136" lon="128.971816">
        <ele>1159.0</ele>
      </trkpt>
      <trkpt lat="35.559245" lon="128.971774">
        <ele>1158.8</ele>
      </trkpt>
      <trkpt lat="35.559244141008406" lon="128.97176742553714">
        <ele>1158.5</ele>
      </trkpt>
      <trkpt lat="35.559245" lon="128.971774">
        <ele>1158.2</ele>
      </trkpt>
      <trkpt lat="35.559259" lon="128.971769">
        <ele>1157.7</ele>
      </trkpt>
      <trkpt lat="35.559304" lon="128.971702">
        <ele>1157.2</ele>
      </trkpt>
      <trkpt lat="35.559378" lon="128.971633">
        <ele>1156.7</ele>
      </trkpt>
      <trkpt lat="35.559494" lon="128.971485">
        <ele>1156.0</ele>
      </trkpt>
      <trkpt lat="35.559739" lon="128.971351">
        <ele>1155.3</ele>
      </trkpt>
      <trkpt lat="35.55971545513981" lon="128.97128462791446">
        <ele>1154.6</ele>
      </trkpt>
      <trkpt lat="35.559739" lon="128.971351">
        <ele>1153.8</ele>
      </trkpt>
      <trkpt lat="35.560059" lon="128.971177">
        <ele>1153.0</ele>
      </trkpt>
      <trkpt lat="35.560168" lon="128.971144">
        <ele>1152.0</ele>
      </trkpt>
      <trkpt lat="35.560387" lon="128.970986">
        <ele>1151.1</ele>
      </trkpt>
      <trkpt lat="35.560506" lon="128.970908">
        <ele>1150.1</ele>
      </trkpt>
      <trkpt lat="35.560545" lon="128.970868">
        <ele>1149.1</ele>
      </trkpt>
      <trkpt lat="35.56053588423863" lon="128.97085547447207">
        <ele>1148.0</ele>
      </trkpt>
      <trkpt lat="35.560545" lon="128.970868">
        <ele>1146.8</ele>
      </trkpt>
      <trkpt lat="35.560571" lon="128.970843">
        <ele>1145.6</ele>
      </trkpt>
      <trkpt lat="35.560624" lon="128.970802">
        <ele>1144.3</ele>
      </trkpt>
      <trkpt lat="35.560645" lon="128.970713">
        <ele>1142.9</ele>
      </trkpt>
      <trkpt lat="35.560634" lon="128.970572">
        <ele>1141.5</ele>
      </trkpt>
      <trkpt lat="35.560644" lon="128.970349">
        <ele>1140.1</ele>
      </trkpt>
      <trkpt lat="35.56063" lon="128.970156">
        <ele>1138.5</ele>
      </trkpt>
      <trkpt lat="35.560612" lon="128.970023">
        <ele>1137.0</ele>
      </trkpt>
      <trkpt lat="35.560634" lon="128.96966">
        <ele>1135.4</ele>
      </trkpt>
      <trkpt lat="35.560674" lon="128.969556">
        <ele>1133.8</ele>
      </trkpt>
      <trkpt lat="35.560684" lon="128.96938">
        <ele>1132.2</ele>
      </trkpt>
      <trkpt lat="35.560724" lon="128.969286">
        <ele>1130.5</ele>
      </trkpt>
      <trkpt lat="35.560716" lon="128.969136">
        <ele>1128.9</ele>
      </trkpt>
      <trkpt lat="35.560772" lon="128.968911">
        <ele>1127.2</ele>
      </trkpt>
      <trkpt lat="35.560756" lon="128.968814">
        <ele>1125.5</ele>
      </trkpt>
      <trkpt lat="35.560811" lon="128.968621">
        <ele>1123.9</ele>
      </trkpt>
      <trkpt lat="35.560824" lon="128.968458">
        <ele>1122.2</ele>
      </trkpt>
      <trkpt lat="35.560822" lon="128.968287">
        <ele>1120.5</ele>
      </trkpt>
      <trkpt lat="35.560833" lon="128.968179">
        <ele>1118.8</ele>
      </trkpt>
      <trkpt lat="35.560871" lon="128.968048">
        <ele>1117.2</ele>
      </trkpt>
      <trkpt lat="35.560905" lon="128.968009">
        <ele>1115.5</ele>
      </trkpt>
      <trkpt lat="35.56087627256993" lon="128.96796941757205">
        <ele>1113.9</ele>
      </trkpt>
      <trkpt lat="35.560905" lon="128.968009">
        <ele>1112.3</ele>
      </trkpt>
      <trkpt lat="35.560931" lon="128.967982">
        <ele>1110.7</ele>
      </trkpt>
      <trkpt lat="35.560968" lon="128.967773">
        <ele>1109.0</ele>
      </trkpt>
      <trkpt lat="35.561013" lon="128.967661">
        <ele>1107.5</ele>
      </trkpt>
      <trkpt lat="35.561013" lon="128.967407">
        <ele>1105.9</ele>
      </trkpt>
      <trkpt lat="35.560882" lon="128.967023">
        <ele>1104.3</ele>
      </trkpt>
      <trkpt lat="35.560746" lon="128.966713">
        <ele>1102.8</ele>
      </trkpt>
      <trkpt lat="35.560771" lon="128.966601">
        <ele>1101.3</ele>
      </trkpt>
      <trkpt lat="35.560716" lon="128.966235">
        <ele>1099.8</ele>
      </trkpt>
      <trkpt lat="35.560706" lon="128.96613">
        <ele>1098.4</ele>
      </trkpt>
      <trkpt lat="35.560637" lon="128.965853">
        <ele>1097.0</ele>
      </trkpt>
      <trkpt lat="35.56063189135025" lon="128.96585583686831">
        <ele>1095.7</ele>
      </trkpt>
      <trkpt lat="35.560637" lon="128.965853">
        <ele>1094.3</ele>
      </trkpt>
      <trkpt lat="35.560623" lon="128.965792">
        <ele>1093.0</ele>
      </trkpt>
      <trkpt lat="35.560645" lon="128.965727">
        <ele>1091.8</ele>
      </trkpt>
      <trkpt lat="35.560752" lon="128.965639">
        <ele>1090.5</ele>
      </trkpt>
      <trkpt lat="35.560874" lon="128.965579">
        <ele>1089.3</ele>
      </trkpt>
      <trkpt lat="35.560959" lon="128.965303">
        <ele>1088.1</ele>
      </trkpt>
      <trkpt lat="35.561144" lon="128.965126">
        <ele>1086.8</ele>
      </trkpt>
      <trkpt lat="35.56118" lon="128.965046">
        <ele>1085.6</ele>
      </trkpt>
      <trkpt lat="35.561134" lon="128.964884">
        <ele>1084.4</ele>
      </trkpt>
      <trkpt lat="35.561026" lon="128.964766">
        <ele>1083.2</ele>
      </trkpt>
      <trkpt lat="35.561013" lon="128.96462">
        <ele>1081.9</ele>
      </trkpt>
      <trkpt lat="35.560968" lon="128.964518">
        <ele>1080.7</ele>
      </trkpt>
      <trkpt lat="35.560968" lon="128.964419">
        <ele>1079.4</ele>
      </trkpt>
      <trkpt lat="35.560933" lon="128.964346">
        <ele>1078.0</ele>
      </trkpt>
      <trkpt lat="35.560827" lon="128.964227">
        <ele>1076.7</ele>
      </trkpt>
      <trkpt lat="35.560781" lon="128.964096">
        <ele>1075.2</ele>
      </trkpt>
      <trkpt lat="35.560751" lon="128.963965">
        <ele>1073.8</ele>
      </trkpt>
      <trkpt lat="35.56078026575105" lon="128.96395683288577">
        <ele>1072.2</ele>
      </trkpt>
      <trkpt lat="35.560751" lon="128.963965">
        <ele>1070.6</ele>
      </trkpt>
      <trkpt lat="35.560746" lon="128.963941">
        <ele>1069.0</ele>
      </trkpt>
      <trkpt lat="35.560778" lon="128.963876">
        <ele>1067.2</ele>
      </trkpt>
      <trkpt lat="35.560882" lon="128.963805">
        <ele>1065.4</ele>
      </trkpt>
      <trkpt lat="35.560927" lon="128.963699">
        <ele>1063.5</ele>
      </trkpt>
      <trkpt lat="35.561011" lon="128.963604">
        <ele>1061.6</ele>
      </trkpt>
      <trkpt lat="35.561003" lon="128.963545">
        <ele>1059.5</ele>
      </trkpt>
      <trkpt lat="35.561038" lon="128.963421">
        <ele>1057.3</ele>
      </trkpt>
      <trkpt lat="35.561129" lon="128.9633">
        <ele>1055.1</ele>
      </trkpt>
      <trkpt lat="35.561114" lon="128.963135">
        <ele>1052.8</ele>
      </trkpt>
      <trkpt lat="35.561109" lon="128.962912">
        <ele>1050.4</ele>
      </trkpt>
      <trkpt lat="35.561043" lon="128.962745">
        <ele>1047.9</ele>
      </trkpt>
      <trkpt lat="35.561044" lon="128.962656">
        <ele>1045.3</ele>
      </trkpt>
      <trkpt lat="35.561114" lon="128.962571">
        <ele>1042.7</ele>
      </trkpt>
      <trkpt lat="35.561114" lon="128.962519">
        <ele>1040.0</ele>
      </trkpt>
      <trkpt lat="35.561009" lon="128.962409">
        <ele>1037.3</ele>
      </trkpt>
      <trkpt lat="35.561017" lon="128.962224">
        <ele>1034.5</ele>
      </trkpt>
      <trkpt lat="35.561106" lon="128.962141">
        <ele>1031.6</ele>
      </trkpt>
      <trkpt lat="35.561048" lon="128.962072">
        <ele>1028.8</ele>
      </trkpt>
      <trkpt lat="35.561078" lon="128.961998">
        <ele>1025.8</ele>
      </trkpt>
      <trkpt lat="35.561082" lon="128.961899">
        <ele>1022.8</ele>
      </trkpt>
      <trkpt lat="35.561154" lon="128.961846">
        <ele>1019.8</ele>
      </trkpt>
      <trkpt lat="35.561149" lon="128.961753">
        <ele>1016.8</ele>
      </trkpt>
      <trkpt lat="35.561185" lon="128.961635">
        <ele>1013.6</ele>
      </trkpt>
      <trkpt lat="35.561239" lon="128.961543">
        <ele>1010.5</ele>
      </trkpt>
      <trkpt lat="35.561129" lon="128.96143">
        <ele>1007.4</ele>
      </trkpt>
      <trkpt lat="35.561074" lon="128.961213">
        <ele>1004.3</ele>
      </trkpt>
      <trkpt lat="35.561119" lon="128.96099">
        <ele>1001.1</ele>
      </trkpt>
      <trkpt lat="35.561034" lon="128.960678">
        <ele>998.0</ele>
      </trkpt>
      <trkpt lat="35.560988" lon="128.960535">
        <ele>994.9</ele>
      </trkpt>
      <trkpt lat="35.560943" lon="128.960482">
        <ele>991.8</ele>
      </trkpt>
      <trkpt lat="35.560879" lon="128.960217">
        <ele>988.7</ele>
      </trkpt>
      <trkpt lat="35.560771" lon="128.959992">
        <ele>985.7</ele>
      </trkpt>
      <trkpt lat="35.560766" lon="128.959849">
        <ele>982.7</ele>
      </trkpt>
      <trkpt lat="35.56063" lon="128.959626">
        <ele>979.8</ele>
      </trkpt>
      <trkpt lat="35.56054" lon="128.959358">
        <ele>977.0</ele>
      </trkpt>
      <trkpt lat="35.560504" lon="128.958827">
        <ele>974.3</ele>
      </trkpt>
      <trkpt lat="35.560443" lon="128.958706">
        <ele>971.6</ele>
      </trkpt>
      <trkpt lat="35.56043987701203" lon="128.95871043205264">
        <ele>969.1</ele>
      </trkpt>
      <trkpt lat="35.560443" lon="128.958706">
        <ele>966.6</ele>
      </trkpt>
      <trkpt lat="35.560353" lon="128.958526">
        <ele>964.3</ele>
      </trkpt>
      <trkpt lat="35.560348" lon="128.958364">
        <ele>962.0</ele>
      </trkpt>
      <trkpt lat="35.560358" lon="128.958256">
        <ele>959.8</ele>
      </trkpt>
      <trkpt lat="35.560237" lon="128.958014">
        <ele>957.7</ele>
      </trkpt>
      <trkpt lat="35.560115" lon="128.957965">
        <ele>955.7</ele>
      </trkpt>
      <trkpt lat="35.560039" lon="128.95783">
        <ele>953.7</ele>
      </trkpt>
      <trkpt lat="35.560009" lon="128.957598">
        <ele>951.9</ele>
      </trkpt>
      <trkpt lat="35.559904" lon="128.957494">
        <ele>950.1</ele>
      </trkpt>
      <trkpt lat="35.559802" lon="128.957302">
        <ele>948.4</ele>
      </trkpt>
      <trkpt lat="35.559774" lon="128.957109">
        <ele>946.7</ele>
      </trkpt>
      <trkpt lat="35.559712" lon="128.956981">
        <ele>945.2</ele>
      </trkpt>
      <trkpt lat="35.559566" lon="128.956719">
        <ele>943.8</ele>
      </trkpt>
      <trkpt lat="35.559485" lon="128.956508">
        <ele>942.4</ele>
      </trkpt>
      <trkpt lat="35.559353" lon="128.95624">
        <ele>941.2</ele>
      </trkpt>
      <trkpt lat="35.559251" lon="128.956076">
        <ele>940.1</ele>
      </trkpt>
      <trkpt lat="35.559053" lon="128.956003">
        <ele>939.0</ele>
      </trkpt>
      <trkpt lat="35.558959" lon="128.955936">
        <ele>938.0</ele>
      </trkpt>
      <trkpt lat="35.558832" lon="128.955809">
        <ele>937.1</ele>
      </trkpt>
      <trkpt lat="35.558849" lon="128.955669">
        <ele>936.3</ele>
      </trkpt>
      <trkpt lat="35.558847" lon="128.955489">
        <ele>935.5</ele>
      </trkpt>
      <trkpt lat="35.558814" lon="128.955255">
        <ele>934.8</ele>
      </trkpt>
      <trkpt lat="35.558765" lon="128.955036">
        <ele>934.1</ele>
      </trkpt>
      <trkpt lat="35.558567" lon="128.954735">
        <ele>933.5</ele>
      </trkpt>
      <trkpt lat="35.558441" lon="128.95458">
        <ele>932.8</ele>
      </trkpt>
      <trkpt lat="35.558326" lon="128.954418">
        <ele>932.2</ele>
      </trkpt>
      <trkpt lat="35.558123" lon="128.95422">
        <ele>931.6</ele>
      </trkpt>
      <trkpt lat="35.557959" lon="128.954136">
        <ele>930.9</ele>
      </trkpt>
      <trkpt lat="35.557808" lon="128.954009">
        <ele>930.2</ele>
      </trkpt>
      <trkpt lat="35.557727" lon="128.953885">
        <ele>929.5</ele>
      </trkpt>
      <trkpt lat="35.557675" lon="128.953695">
        <ele>928.8</ele>
      </trkpt>
      <trkpt lat="35.557565" lon="128.953544">
        <ele>928.0</ele>
      </trkpt>
      <trkpt lat="35.557512" lon="128.953384">
        <ele>927.2</ele>
      </trkpt>
      <trkpt lat="35.557391" lon="128.953187">
        <ele>926.3</ele>
      </trkpt>
      <trkpt lat="35.557261" lon="128.953079">
        <ele>925.3</ele>
      </trkpt>
      <trkpt lat="35.557153" lon="128.952978">
        <ele>924.3</ele>
      </trkpt>
      <trkpt lat="35.557037" lon="128.952856">
        <ele>923.2</ele>
      </trkpt>
      <trkpt lat="35.556911" lon="128.952662">
        <ele>922.1</ele>
      </trkpt>
      <trkpt lat="35.556846" lon="128.952584">
        <ele>920.9</ele>
      </trkpt>
      <trkpt lat="35.55679" lon="128.952499">
        <ele>919.6</ele>
      </trkpt>
      <trkpt lat="35.55675" lon="128.952471">
        <ele>918.2</ele>
      </trkpt>
      <trkpt lat="35.556739147171726" lon="128.95249843597415">
        <ele>916.7</ele>
      </trkpt>
      <trkpt lat="35.55675" lon="128.952471">
        <ele>915.1</ele>
      </trkpt>
      <trkpt lat="35.556697" lon="128.952435">
        <ele>913.4</ele>
      </trkpt>
      <trkpt lat="35.556706" lon="128.952305">
        <ele>911.5</ele>
      </trkpt>
      <trkpt lat="35.556894" lon="128.952115">
        <ele>909.6</ele>
      </trkpt>
      <trkpt lat="35.556781" lon="128.952048">
        <ele>907.5</ele>
      </trkpt>
      <trkpt lat="35.556752" lon="128.951975">
        <ele>905.3</ele>
      </trkpt>
      <trkpt lat="35.556722" lon="128.951806">
        <ele>903.0</ele>
      </trkpt>
      <trkpt lat="35.556674" lon="128.951592">
        <ele>900.5</ele>
      </trkpt>
      <trkpt lat="35.556687" lon="128.951342">
        <ele>897.8</ele>
      </trkpt>
      <trkpt lat="35.556724" lon="128.951294">
        <ele>895.1</ele>
      </trkpt>
      <trkpt lat="35.556778" lon="128.951195">
        <ele>892.1</ele>
      </trkpt>
      <trkpt lat="35.556768" lon="128.951063">
        <ele>889.1</ele>
      </trkpt>
      <trkpt lat="35.556678" lon="128.950975">
        <ele>885.9</ele>
      </trkpt>
      <trkpt lat="35.556648" lon="128.950637">
        <ele>882.5</ele>
      </trkpt>
      <trkpt lat="35.556698" lon="128.950457">
        <ele>879.1</ele>
      </trkpt>
      <trkpt lat="35.556669" lon="128.950385">
        <ele>875.5</ele>
      </trkpt>
      <trkpt lat="35.556661" lon="128.950219">
        <ele>871.7</ele>
      </trkpt>
      <trkpt lat="35.556722" lon="128.950154">
        <ele>867.8</ele>
      </trkpt>
      <trkpt lat="35.556809" lon="128.949993">
        <ele>863.7</ele>
      </trkpt>
      <trkpt lat="35.556892" lon="128.949795">
        <ele>859.4</ele>
      </trkpt>
      <trkpt lat="35.556916" lon="128.949632">
        <ele>855.0</ele>
      </trkpt>
      <trkpt lat="35.556953" lon="128.94957">
        <ele>850.4</ele>
      </trkpt>
      <trkpt lat="35.556997" lon="128.949414">
        <ele>845.6</ele>
      </trkpt>
      <trkpt lat="35.556986" lon="128.94935">
        <ele>840.6</ele>
      </trkpt>
      <trkpt lat="35.55694" lon="128.94928">
        <ele>835.5</ele>
      </trkpt>
      <trkpt lat="35.556977" lon="128.949199">
        <ele>830.1</ele>
      </trkpt>
      <trkpt lat="35.557086" lon="128.949138">
        <ele>824.5</ele>
      </trkpt>
      <trkpt lat="35.557233" lon="128.949141">
        <ele>818.8</ele>
      </trkpt>
      <trkpt lat="35.557237" lon="128.94906">
        <ele>812.8</ele>
      </trkpt>
      <trkpt lat="35.55735" lon="128.949062">
        <ele>806.6</ele>
      </trkpt>
      <trkpt lat="35.557326" lon="128.948891">
        <ele>800.2</ele>
      </trkpt>
      <trkpt lat="35.55735" lon="128.948837">
        <ele>793.7</ele>
      </trkpt>
      <trkpt lat="35.557442" lon="128.948885">
        <ele>787.0</ele>
      </trkpt>
      <trkpt lat="35.557466" lon="128.948859">
        <ele>780.0</ele>
      </trkpt>
      <trkpt lat="35.557477" lon="128.948682">
        <ele>772.9</ele>
      </trkpt>
      <trkpt lat="35.557843" lon="128.948164">
        <ele>765.7</ele>
      </trkpt>
      <trkpt lat="35.55804" lon="128.947917">
        <ele>758.3</ele>
      </trkpt>
      <trkpt lat="35.558127" lon="128.947831">
        <ele>750.8</ele>
      </trkpt>
      <trkpt lat="35.558315" lon="128.947748">
        <ele>743.1</ele>
      </trkpt>
      <trkpt lat="35.558598" lon="128.947665">
        <ele>735.4</ele>
      </trkpt>
      <trkpt lat="35.558891" lon="128.947365">
        <ele>727.6</ele>
      </trkpt>
      <trkpt lat="35.559022" lon="128.947201">
        <ele>719.8</ele>
      </trkpt>
      <trkpt lat="35.559142" lon="128.947107">
        <ele>711.9</ele>
      </trkpt>
      <trkpt lat="35.559183" lon="128.946987">
        <ele>703.9</ele>
      </trkpt>
      <trkpt lat="35.559211" lon="128.946952">
        <ele>696.0</ele>
      </trkpt>
      <trkpt lat="35.559436" lon="128.946598">
        <ele>688.0</ele>
      </trkpt>
      <trkpt lat="35.559672" lon="128.94604">
        <ele>680.1</ele>
      </trkpt>
      <trkpt lat="35.559803" lon="128.945766">
        <ele>672.2</ele>
      </trkpt>
      <trkpt lat="35.559846" lon="128.94557">
        <ele>664.4</ele>
      </trkpt>
      <trkpt lat="35.560049" lon="128.944878">
        <ele>656.7</ele>
      </trkpt>
      <trkpt lat="35.560121" lon="128.944672">
        <ele>649.1</ele>
      </trkpt>
      <trkpt lat="35.560198" lon="128.944484">
        <ele>641.7</ele>
      </trkpt>
      <trkpt lat="35.560305" lon="128.944318">
        <ele>634.5</ele>
      </trkpt>
      <trkpt lat="35.560475" lon="128.944189">
        <ele>627.6</ele>
      </trkpt>
      <trkpt lat="35.560706" lon="128.943996">
        <ele>620.9</ele>
      </trkpt>
      <trkpt lat="35.561201" lon="128.943723">
        <ele>614.4</ele>
      </trkpt>
      <trkpt lat="35.561278" lon="128.943576">
        <ele>608.2</ele>
      </trkpt>
      <trkpt lat="35.561294" lon="128.943222">
        <ele>602.4</ele>
      </trkpt>
      <trkpt lat="35.561323" lon="128.943208">
        <ele>596.9</ele>
      </trkpt>
      <trkpt lat="35.5613301214295" lon="128.94322872161868">
        <ele>591.8</ele>
      </trkpt>
      <trkpt lat="35.561323" lon="128.943208">
        <ele>586.9</ele>
      </trkpt>
      <trkpt lat="35.561527" lon="128.943117">
        <ele>582.5</ele>
      </trkpt>
      <trkpt lat="35.561655" lon="128.943001">
        <ele>578.4</ele>
      </trkpt>
      <trkpt lat="35.561793" lon="128.942864">
        <ele>574.6</ele>
      </trkpt>
      <trkpt lat="35.561926" lon="128.94279">
        <ele>571.2</ele>
      </trkpt>
      <trkpt lat="35.562015" lon="128.942822">
        <ele>568.2</ele>
      </trkpt>
      <trkpt lat="35.562088" lon="128.942792">
        <ele>565.5</ele>
      </trkpt>
      <trkpt lat="35.562117" lon="128.942758">
        <ele>563.2</ele>
      </trkpt>
      <trkpt lat="35.562207" lon="128.942698">
        <ele>561.2</ele>
      </trkpt>
      <trkpt lat="35.562256" lon="128.942649">
        <ele>559.6</ele>
      </trkpt>
      <trkpt lat="35.562267" lon="128.942551">
        <ele>558.3</ele>
      </trkpt>
      <trkpt lat="35.562202" lon="128.942444">
        <ele>557.3</ele>
      </trkpt>
      <trkpt lat="35.562243" lon="128.9423">
        <ele>556.5</ele>
      </trkpt>
      <trkpt lat="35.562197" lon="128.942242">
        <ele>556.1</ele>
      </trkpt>
      <trkpt lat="35.562179" lon="128.942178">
        <ele>556.0</ele>
      </trkpt>
      <trkpt lat="35.56218544498651" lon="128.94217729568484">
        <ele>556.1</ele>
      </trkpt>
      <trkpt lat="35.562179" lon="128.942178">
        <ele>556.5</ele>
      </trkpt>
      <trkpt lat="35.562167" lon="128.942136">
        <ele>557.1</ele>
      </trkpt>
      <trkpt lat="35.562352" lon="128.942061">
        <ele>558.0</ele>
      </trkpt>
      <trkpt lat="35.562469" lon="128.942015">
        <ele>559.1</ele>
      </trkpt>
      <trkpt lat="35.562501" lon="128.941892">
        <ele>560.5</ele>
      </trkpt>
      <trkpt lat="35.562512" lon="128.941747">
        <ele>561.9</ele>
      </trkpt>
      <trkpt lat="35.562533" lon="128.94167">
        <ele>563.6</ele>
      </trkpt>
      <trkpt lat="35.562639" lon="128.941469">
        <ele>565.3</ele>
      </trkpt>
      <trkpt lat="35.562653" lon="128.941419">
        <ele>567.2</ele>
      </trkpt>
      <trkpt lat="35.562635" lon="128.941331">
        <ele>569.2</ele>
      </trkpt>
      <trkpt lat="35.562658" lon="128.941263">
        <ele>571.3</ele>
      </trkpt>
      <trkpt lat="35.562687" lon="128.941221">
        <ele>573.4</ele>
      </trkpt>
      <trkpt lat="35.562651" lon="128.941039">
        <ele>575.6</ele>
      </trkpt>
      <trkpt lat="35.562635" lon="128.940886">
        <ele>577.8</ele>
      </trkpt>
      <trkpt lat="35.562635" lon="128.940638">
        <ele>580.1</ele>
      </trkpt>
      <trkpt lat="35.562672" lon="128.940533">
        <ele>582.5</ele>
      </trkpt>
      <trkpt lat="35.562728" lon="128.940504">
        <ele>584.9</ele>
      </trkpt>
      <trkpt lat="35.562767" lon="128.940508">
        <ele>587.4</ele>
      </trkpt>
      <trkpt lat="35.562787" lon="128.940646">
        <ele>589.9</ele>
      </trkpt>
      <trkpt lat="35.56295" lon="128.940812">
        <ele>592.5</ele>
      </trkpt>
      <trkpt lat="35.563011" lon="128.940857">
        <ele>595.1</ele>
      </trkpt>
      <trkpt lat="35.563053" lon="128.940845">
        <ele>597.8</ele>
      </trkpt>
      <trkpt lat="35.563056" lon="128.940815">
        <ele>600.5</ele>
      </trkpt>
      <trkpt lat="35.563023" lon="128.94059">
        <ele>603.2</ele>
      </trkpt>
      <trkpt lat="35.563021" lon="128.9405">
        <ele>606.0</ele>
      </trkpt>
      <trkpt lat="35.563057" lon="128.940371">
        <ele>608.9</ele>
      </trkpt>
      <trkpt lat="35.563106" lon="128.940293">
        <ele>611.8</ele>
      </trkpt>
      <trkpt lat="35.563191" lon="128.940241">
        <ele>614.7</ele>
      </trkpt>
      <trkpt lat="35.563197856991216" lon="128.94025683403018">
        <ele>617.7</ele>
      </trkpt>
      <trkpt lat="35.563191" lon="128.940241">
        <ele>620.8</ele>
      </trkpt>
      <trkpt lat="35.563199" lon="128.940237">
        <ele>623.9</ele>
      </trkpt>
      <trkpt lat="35.563259" lon="128.94025">
        <ele>627.1</ele>
      </trkpt>
      <trkpt lat="35.563339" lon="128.940322">
        <ele>630.4</ele>
      </trkpt>
      <trkpt lat="35.563464" lon="128.940322">
        <ele>633.7</ele>
      </trkpt>
      <trkpt lat="35.563547" lon="128.940258">
        <ele>637.1</ele>
      </trkpt>
      <trkpt lat="35.563668" lon="128.940231">
        <ele>640.6</ele>
      </trkpt>
      <trkpt lat="35.563708" lon="128.940181">
        <ele>644.1</ele>
      </trkpt>
      <trkpt lat="35.563742" lon="128.939996">
        <ele>647.6</ele>
      </trkpt>
      <trkpt lat="35.563778" lon="128.939858">
        <ele>651.3</ele>
      </trkpt>
      <trkpt lat="35.563862" lon="128.93978">
        <ele>654.9</ele>
      </trkpt>
      <trkpt lat="35.563939" lon="128.939742">
        <ele>658.6</ele>
      </trkpt>
      <trkpt lat="35.564113" lon="128.939691">
        <ele>662.4</ele>
      </trkpt>
      <trkpt lat="35.564212" lon="128.939514">
        <ele>666.2</ele>
      </trkpt>
      <trkpt lat="35.56436" lon="128.939168">
        <ele>670.0</ele>
      </trkpt>
      <trkpt lat="35.564543" lon="128.938781">
        <ele>673.9</ele>
      </trkpt>
      <trkpt lat="35.564661" lon="128.938651">
        <ele>677.8</ele>
      </trkpt>
      <trkpt lat="35.56477" lon="128.938476">
        <ele>681.6</ele>
      </trkpt>
      <trkpt lat="35.564819" lon="128.938224">
        <ele>685.5</ele>
      </trkpt>
      <trkpt lat="35.564855" lon="128.937996">
        <ele>689.3</ele>
      </trkpt>
      <trkpt lat="35.564862" lon="128.937644">
        <ele>693.1</ele>
      </trkpt>
      <trkpt lat="35.564806" lon="128.937354">
        <ele>696.8</ele>
      </trkpt>
      <trkpt lat="35.564657" lon="128.936998">
        <ele>700.5</ele>
      </trkpt>
      <trkpt lat="35.564631" lon="128.936891">
        <ele>704.1</ele>
      </trkpt>
      <trkpt lat="35.564614" lon="128.936712">
        <ele>707.7</ele>
      </trkpt>
      <trkpt lat="35.564654" lon="128.936553">
        <ele>711.3</ele>
      </trkpt>
      <trkpt lat="35.564714" lon="128.936395">
        <ele>714.7</ele>
      </trkpt>
      <trkpt lat="35.564746" lon="128.936271">
        <ele>718.1</ele>
      </trkpt>
      <trkpt lat="35.564889" lon="128.936171">
        <ele>721.5</ele>
      </trkpt>
      <trkpt lat="35.564981" lon="128.936086">
        <ele>724.7</ele>
      </trkpt>
      <trkpt lat="35.565203" lon="128.935935">
        <ele>727.9</ele>
      </trkpt>
      <trkpt lat="35.565453" lon="128.935855">
        <ele>731.0</ele>
      </trkpt>
      <trkpt lat="35.565675" lon="128.935796">
        <ele>734.0</ele>
      </trkpt>
      <trkpt lat="35.565822" lon="128.935729">
        <ele>736.9</ele>
      </trkpt>
      <trkpt lat="35.565916" lon="128.935645">
        <ele>739.6</ele>
      </trkpt>
      <trkpt lat="35.566015" lon="128.935455">
        <ele>742.3</ele>
      </trkpt>
      <trkpt lat="35.56606" lon="128.935299">
        <ele>744.9</ele>
      </trkpt>
      <trkpt lat="35.566031" lon="128.935066">
        <ele>747.3</ele>
      </trkpt>
      <trkpt lat="35.566027" lon="128.935058">
        <ele>749.6</ele>
      </trkpt>
      <trkpt lat="35.566008106045565" lon="128.9350748062134">
        <ele>751.8</ele>
      </trkpt>
      <trkpt lat="35.566027" lon="128.935058">
        <ele>753.8</ele>
      </trkpt>
      <trkpt lat="35.566031" lon="128.935066">
        <ele>755.8</ele>
      </trkpt>
      <trkpt lat="35.566183" lon="128.935139">
        <ele>757.6</ele>
      </trkpt>
      <trkpt lat="35.566314" lon="128.935228">
        <ele>759.3</ele>
      </trkpt>
      <trkpt lat="35.56639" lon="128.935442">
        <ele>760.8</ele>
      </trkpt>
      <trkpt lat="35.566599" lon="128.935591">
        <ele>762.1</ele>
      </trkpt>
      <trkpt lat="35.566746" lon="128.935593">
        <ele>763.3</ele>
      </trkpt>
      <trkpt lat="35.566846" lon="128.935667">
        <ele>764.4</ele>
      </trkpt>
      <trkpt lat="35.566968" lon="128.935686">
        <ele>765.2</ele>
      </trkpt>
      <trkpt lat="35.567061" lon="128.935642">
        <ele>765.9</ele>
      </trkpt>
      <trkpt lat="35.567177" lon="128.935408">
        <ele>766.5</ele>
      </trkpt>
      <trkpt lat="35.567397" lon="128.935149">
        <ele>766.9</ele>
      </trkpt>
      <trkpt lat="35.567745" lon="128.934971">
        <ele>767.2</ele>
      </trkpt>
      <trkpt lat="35.567869" lon="128.934941">
        <ele>767.3</ele>
      </trkpt>
      <trkpt lat="35.568151" lon="128.934923">
        <ele>767.3</ele>
      </trkpt>
      <trkpt lat="35.568271" lon="128.934815">
        <ele>767.1</ele>
      </trkpt>
      <trkpt lat="35.568522" lon="128.934753">
        <ele>766.8</ele>
      </trkpt>
      <trkpt lat="35.568631" lon="128.934737">
        <ele>766.4</ele>
      </trkpt>
      <trkpt lat="35.568755" lon="128.93462">
        <ele>765.8</ele>
      </trkpt>
      <trkpt lat="35.568999" lon="128.934536">
        <ele>765.1</ele>
      </trkpt>
      <trkpt lat="35.569575" lon="128.934493">
        <ele>764.3</ele>
      </trkpt>
      <trkpt lat="35.569903" lon="128.934404">
        <ele>763.3</ele>
      </trkpt>
      <trkpt lat="35.570293" lon="128.93452">
        <ele>762.1</ele>
      </trkpt>
      <trkpt lat="35.570575" lon="128.934614">
        <ele>760.8</ele>
      </trkpt>
      <trkpt lat="35.57068" lon="128.934496">
        <ele>759.4</ele>
      </trkpt>
      <trkpt lat="35.571343" lon="128.934547">
        <ele>757.8</ele>
      </trkpt>
      <trkpt lat="35.572043" lon="128.934531">
        <ele>756.2</ele>
      </trkpt>
      <trkpt lat="35.572645" lon="128.934382">
        <ele>754.5</ele>
      </trkpt>
      <trkpt lat="35.572957" lon="128.934147">
        <ele>752.7</ele>
      </trkpt>
      <trkpt lat="35.573009" lon="128.933964">
        <ele>750.8</ele>
      </trkpt>
      <trkpt lat="35.57316" lon="128.933975">
        <ele>749.0</ele>
      </trkpt>
      <trkpt lat="35.57347" lon="128.933954">
        <ele>747.1</ele>
      </trkpt>
      <trkpt lat="35.573683" lon="128.93404">
        <ele>745.2</ele>
      </trkpt>
      <trkpt lat="35.573867" lon="128.933986">
        <ele>743.3</ele>
      </trkpt>
      <trkpt lat="35.574473" lon="128.93404">
        <ele>741.4</ele>
      </trkpt>
      <trkpt lat="35.574887" lon="128.934189">
        <ele>739.6</ele>
      </trkpt>
      <trkpt lat="35.576009" lon="128.934189">
        <ele>737.9</ele>
      </trkpt>
      <trkpt lat="35.576009000310314" lon="128.93421649932864">
        <ele>736.3</ele>
      </trkpt>
      <trkpt lat="35.576009" lon="128.934189">
        <ele>734.8</ele>
      </trkpt>
      <trkpt lat="35.576057" lon="128.934189">
        <ele>733.5</ele>
      </trkpt>
      <trkpt lat="35.576664" lon="128.934147">
        <ele>732.3</ele>
      </trkpt>
      <trkpt lat="35.576845" lon="128.93419">
        <ele>731.2</ele>
      </trkpt>
      <trkpt lat="35.576941" lon="128.934115">
        <ele>730.3</ele>
      </trkpt>
      <trkpt lat="35.577028" lon="128.934166">
        <ele>729.5</ele>
      </trkpt>
      <trkpt lat="35.577187" lon="128.934085">
        <ele>728.9</ele>
      </trkpt>
      <trkpt lat="35.577309" lon="128.93416">
        <ele>728.4</ele>
      </trkpt>
      <trkpt lat="35.577503" lon="128.934085">
        <ele>728.1</ele>
      </trkpt>
      <trkpt lat="35.577702" lon="128.934128">
        <ele>727.9</ele>
      </trkpt>
      <trkpt lat="35.577822" lon="128.934042">
        <ele>727.8</ele>
      </trkpt>
      <trkpt lat="35.578064" lon="128.933996">
        <ele>727.9</ele>
      </trkpt>
      <trkpt lat="35.578188" lon="128.933962">
        <ele>728.0</ele>
      </trkpt>
      <trkpt lat="35.578467" lon="128.933983">
        <ele>728.4</ele>
      </trkpt>
      <trkpt lat="35.578736" lon="128.933723">
        <ele>728.8</ele>
      </trkpt>
      <trkpt lat="35.578969" lon="128.933661">
        <ele>729.3</ele>
      </trkpt>
      <trkpt lat="35.579022" lon="128.933592">
        <ele>730.0</ele>
      </trkpt>
      <trkpt lat="35.579153" lon="128.933549">
        <ele>730.7</ele>
      </trkpt>
      <trkpt lat="35.579231" lon="128.933427">
        <ele>731.5</ele>
      </trkpt>
      <trkpt lat="35.579349" lon="128.933377">
        <ele>732.4</ele>
      </trkpt>
      <trkpt lat="35.579585" lon="128.933358">
        <ele>733.3</ele>
      </trkpt>
      <trkpt lat="35.579826" lon="128.933202">
        <ele>734.2</ele>
      </trkpt>
      <trkpt lat="35.580352" lon="128.932727">
        <ele>735.0</ele>
      </trkpt>
      <trkpt lat="35.580473" lon="128.932676">
        <ele>735.9</ele>
      </trkpt>
      <trkpt lat="35.580576" lon="128.932671">
        <ele>736.6</ele>
      </trkpt>
      <trkpt lat="35.580977" lon="128.932539">
        <ele>737.4</ele>
      </trkpt>
      <trkpt lat="35.581136" lon="128.932479">
        <ele>738.0</ele>
      </trkpt>
      <trkpt lat="35.5812" lon="128.932452">
        <ele>738.6</ele>
      </trkpt>
      <trkpt lat="35.581248" lon="128.932399">
        <ele>739.0</ele>
      </trkpt>
      <trkpt lat="35.581425" lon="128.932323">
        <ele>739.4</ele>
      </trkpt>
      <trkpt lat="35.581462" lon="128.93228">
        <ele>739.5</ele>
      </trkpt>
      <trkpt lat="35.581456" lon="128.93224">
        <ele>739.6</ele>
      </trkpt>
      <trkpt lat="35.5814539884439" lon="128.93224239349368">
        <ele>739.5</ele>
      </trkpt>
      <trkpt lat="35.581456" lon="128.93224">
        <ele>739.2</ele>
      </trkpt>
      <trkpt lat="35.581462" lon="128.93228">
        <ele>738.8</ele>
      </trkpt>
      <trkpt lat="35.581471" lon="128.932272">
        <ele>738.2</ele>
      </trkpt>
      <trkpt lat="35.581499" lon="128.932304">
        <ele>737.5</ele>
      </trkpt>
      <trkpt lat="35.58156" lon="128.932421">
        <ele>736.6</ele>
      </trkpt>
      <trkpt lat="35.5816" lon="128.932466">
        <ele>735.5</ele>
      </trkpt>
      <trkpt lat="35.58173" lon="128.932584">
        <ele>734.3</ele>
      </trkpt>
      <trkpt lat="35.581821" lon="128.932708">
        <ele>732.9</ele>
      </trkpt>
      <trkpt lat="35.581849" lon="128.932765">
        <ele>731.4</ele>
      </trkpt>
      <trkpt lat="35.58195" lon="128.933022">
        <ele>729.7</ele>
      </trkpt>
      <trkpt lat="35.581982" lon="128.933083">
        <ele>728.0</ele>
      </trkpt>
      <trkpt lat="35.582036" lon="128.933143">
        <ele>726.1</ele>
      </trkpt>
      <trkpt lat="35.582178" lon="128.933254">
        <ele>724.1</ele>
      </trkpt>
      <trkpt lat="35.582358" lon="128.933433">
        <ele>722.0</ele>
      </trkpt>
      <trkpt lat="35.582419" lon="128.93351">
        <ele>719.8</ele>
      </trkpt>
      <trkpt lat="35.582566" lon="128.933749">
        <ele>717.6</ele>
      </trkpt>
      <trkpt lat="35.582642" lon="128.933851">
        <ele>715.3</ele>
      </trkpt>
      <trkpt lat="35.582833" lon="128.934077">
        <ele>713.0</ele>
      </trkpt>
      <trkpt lat="35.582936" lon="128.93418">
        <ele>710.6</ele>
      </trkpt>
      <trkpt lat="35.583099" lon="128.934299">
        <ele>708.3</ele>
      </trkpt>
      <trkpt lat="35.583163" lon="128.934362">
        <ele>705.9</ele>
      </trkpt>
      <trkpt lat="35.583203" lon="128.934423">
        <ele>703.5</ele>
      </trkpt>
      <trkpt lat="35.583307" lon="128.934623">
        <ele>701.1</ele>
      </trkpt>
      <trkpt lat="35.583385" lon="128.934715">
        <ele>698.8</ele>
      </trkpt>
      <trkpt lat="35.58353" lon="128.934846">
        <ele>696.4</ele>
      </trkpt>
      <trkpt lat="35.583612" lon="128.934931">
        <ele>694.0</ele>
      </trkpt>
      <trkpt lat="35.583659" lon="128.934999">
        <ele>691.7</ele>
      </trkpt>
      <trkpt lat="35.583766" lon="128.935212">
        <ele>689.4</ele>
      </trkpt>
      <trkpt lat="35.583821" lon="128.935281">
        <ele>687.1</ele>
      </trkpt>
      <trkpt lat="35.583865" lon="128.935321">
        <ele>684.8</ele>
      </trkpt>
      <trkpt lat="35.584049" lon="128.935459">
        <ele>682.6</ele>
      </trkpt>
      <trkpt lat="35.584205" lon="128.935606">
        <ele>680.3</ele>
      </trkpt>
      <trkpt lat="35.584287" lon="128.935662">
        <ele>678.1</ele>
      </trkpt>
      <trkpt lat="35.584356" lon="128.935684">
        <ele>675.9</ele>
      </trkpt>
      <trkpt lat="35.58454" lon="128.935713">
        <ele>673.7</ele>
      </trkpt>
      <trkpt lat="35.584675" lon="128.935758">
        <ele>671.5</ele>
      </trkpt>
      <trkpt lat="35.584835" lon="128.935826">
        <ele>669.3</ele>
      </trkpt>
      <trkpt lat="35.585148" lon="128.935993">
        <ele>667.2</ele>
      </trkpt>
      <trkpt lat="35.585282" lon="128.936045">
        <ele>665.0</ele>
      </trkpt>
      <trkpt lat="35.585319" lon="128.936073">
        <ele>662.9</ele>
      </trkpt>
      <trkpt lat="35.585345" lon="128.93612">
        <ele>660.8</ele>
      </trkpt>
      <trkpt lat="35.585369" lon="128.936276">
        <ele>658.7</ele>
      </trkpt>
      <trkpt lat="35.585388" lon="128.936318">
        <ele>656.6</ele>
      </trkpt>
      <trkpt lat="35.585476" lon="128.936446">
        <ele>654.4</ele>
      </trkpt>
      <trkpt lat="35.585504" lon="128.93651">
        <ele>652.3</ele>
      </trkpt>
      <trkpt lat="35.585537" lon="128.936614">
        <ele>650.1</ele>
      </trkpt>
      <trkpt lat="35.585547" lon="128.936675">
        <ele>647.9</ele>
      </trkpt>
      <trkpt lat="35.585547" lon="128.936718">
        <ele>645.6</ele>
      </trkpt>
      <trkpt lat="35.585533" lon="128.936846">
        <ele>643.2</ele>
      </trkpt>
      <trkpt lat="35.585535" lon="128.936884">
        <ele>640.8</ele>
      </trkpt>
      <trkpt lat="35.585558" lon="128.936973">
        <ele>638.4</ele>
      </trkpt>
      <trkpt lat="35.585686" lon="128.937272">
        <ele>635.8</ele>
      </trkpt>
      <trkpt lat="35.585722" lon="128.937328">
        <ele>633.3</ele>
      </trkpt>
      <trkpt lat="35.585779" lon="128.937389">
        <ele>630.7</ele>
      </trkpt>
      <trkpt lat="35.585796" lon="128.937416">
        <ele>628.1</ele>
      </trkpt>
      <trkpt lat="35.585806" lon="128.937456">
        <ele>625.4</ele>
      </trkpt>
      <trkpt lat="35.586060996960306" lon="128.9374351501465">
        <ele>622.7</ele>
      </trkpt>
      <trkpt lat="35.585921" lon="128.9376">
        <ele>620.0</ele>
      </trkpt>
      <trkpt lat="35.585806" lon="128.937456">
        <ele>617.3</ele>
      </trkpt>
      <trkpt lat="35.585762" lon="128.937802">
        <ele>614.5</ele>
      </trkpt>
      <trkpt lat="35.585761" lon="128.937879">
        <ele>611.6</ele>
      </trkpt>
      <trkpt lat="35.585795" lon="128.938032">
        <ele>608.8</ele>
      </trkpt>
      <trkpt lat="35.585818" lon="128.938086">
        <ele>605.9</ele>
      </trkpt>
      <trkpt lat="35.585907" lon="128.938207">
        <ele>602.9</ele>
      </trkpt>
      <trkpt lat="35.585935" lon="128.938299">
        <ele>600.0</ele>
      </trkpt>
      <trkpt lat="35.585929" lon="128.938347">
        <ele>597.0</ele>
      </trkpt>
      <trkpt lat="35.58585" lon="128.938383">
        <ele>593.9</ele>
      </trkpt>
      <trkpt lat="35.585822" lon="128.938411">
        <ele>590.9</ele>
      </trkpt>
      <trkpt lat="35.585806" lon="128.938441">
        <ele>587.8</ele>
      </trkpt>
      <trkpt lat="35.585762" lon="128.938584">
        <ele>584.6</ele>
      </trkpt>
      <trkpt lat="35.585654" lon="128.938813">
        <ele>581.4</ele>
      </trkpt>
      <trkpt lat="35.585627" lon="128.938919">
        <ele>578.2</ele>
      </trkpt>
      <trkpt lat="35.585606" lon="128.939065">
        <ele>574.9</ele>
      </trkpt>
      <trkpt lat="35.58557" lon="128.939236">
        <ele>571.5</ele>
      </trkpt>
      <trkpt lat="35.585559" lon="128.939314">
        <ele>568.2</ele>
      </trkpt>
      <trkpt lat="35.585567" lon="128.939572">
        <ele>564.7</ele>
      </trkpt>
      <trkpt lat="35.585564" lon="128.939713">
        <ele>561.3</ele>
      </trkpt>
      <trkpt lat="35.585556" lon="128.939897">
        <ele>557.9</ele>
      </trkpt>
      <trkpt lat="35.585532" lon="128.940208">
        <ele>554.4</ele>
      </trkpt>
      <trkpt lat="35.585532" lon="128.94035">
        <ele>550.9</ele>
      </trkpt>
      <trkpt lat="35.585541" lon="128.940443">
        <ele>547.5</ele>
      </trkpt>
      <trkpt lat="35.58557" lon="128.940547">
        <ele>544.0</ele>
      </trkpt>
      <trkpt lat="35.585653" lon="128.940741">
        <ele>540.5</ele>
      </trkpt>
      <trkpt lat="35.585724" lon="128.94093">
        <ele>536.9</ele>
      </trkpt>
      <trkpt lat="35.585607288190936" lon="128.9409971237183">
        <ele>533.3</ele>
      </trkpt>
      <trkpt lat="35.585724" lon="128.94093">
        <ele>529.6</ele>
      </trkpt>
      <trkpt lat="35.585745" lon="128.940987">
        <ele>525.8</ele>
      </trkpt>
      <trkpt lat="35.585819" lon="128.941147">
        <ele>522.0</ele>
      </trkpt>
      <trkpt lat="35.585854" lon="128.9412">
        <ele>518.1</ele>
      </trkpt>
      <trkpt lat="35.585866" lon="128.941668">
        <ele>514.1</ele>
      </trkpt>
      <trkpt lat="35.58576" lon="128.942195">
        <ele>510.1</ele>
      </trkpt>
      <trkpt lat="35.58554" lon="128.942947">
        <ele>506.0</ele>
      </trkpt>
      <trkpt lat="35.585433" lon="128.943129">
        <ele>501.9</ele>
      </trkpt>
      <trkpt lat="35.585323" lon="128.943148">
        <ele>497.8</ele>
      </trkpt>
      <trkpt lat="35.58525827969589" lon="128.9427995681763">
        <ele>493.6</ele>
      </trkpt>
      <trkpt lat="35.585323" lon="128.943148">
        <ele>489.5</ele>
      </trkpt>
      <trkpt lat="35.585289" lon="128.943302">
        <ele>485.3</ele>
      </trkpt>
      <trkpt lat="35.585398" lon="128.943392">
        <ele>481.0</ele>
      </trkpt>
      <trkpt lat="35.585457" lon="128.943567">
        <ele>476.7</ele>
      </trkpt>
      <trkpt lat="35.585407" lon="128.943881">
        <ele>472.4</ele>
      </trkpt>
      <trkpt lat="35.58519" lon="128.944301">
        <ele>468.0</ele>
      </trkpt>
      <trkpt lat="35.584981" lon="128.944577">
        <ele>463.6</ele>
      </trkpt>
      <trkpt lat="35.58467" lon="128.944881">
        <ele>459.2</ele>
      </trkpt>
      <trkpt lat="35.584706" lon="128.945033">
        <ele>454.9</ele>
      </trkpt>
      <trkpt lat="35.58459515936439" lon="128.94507408142093">
        <ele>450.5</ele>
      </trkpt>
      <trkpt lat="35.584706" lon="128.945033">
        <ele>446.2</ele>
      </trkpt>
      <trkpt lat="35.584727" lon="128.945123">
        <ele>441.9</ele>
      </trkpt>
      <trkpt lat="35.584799" lon="128.945343">
        <ele>437.6</ele>
      </trkpt>
      <trkpt lat="35.584687" lon="128.945355">
        <ele>433.3</ele>
      </trkpt>
      <trkpt lat="35.584669" lon="128.945385">
        <ele>429.1</ele>
      </trkpt>
      <trkpt lat="35.584635" lon="128.945581">
        <ele>424.8</ele>
      </trkpt>
      <trkpt lat="35.584571" lon="128.945748">
        <ele>420.6</ele>
      </trkpt>
      <trkpt lat="35.584494" lon="128.945886">
        <ele>416.4</ele>
      </trkpt>
      <trkpt lat="35.584345" lon="128.946089">
        <ele>412.3</ele>
      </trkpt>
      <trkpt lat="35.584258" lon="128.946193">
        <ele>408.2</ele>
      </trkpt>
      <trkpt lat="35.58423" lon="128.946245">
        <ele>404.1</ele>
      </trkpt>
      <trkpt lat="35.584207" lon="128.946331">
        <ele>400.2</ele>
      </trkpt>
      <trkpt lat="35.5842" lon="128.946385">
        <ele>396.4</ele>
      </trkpt>
      <trkpt lat="35.584209" lon="128.94645">
        <ele>392.6</ele>
      </trkpt>
      <trkpt lat="35.584233" lon="128.946478">
        <ele>388.9</ele>
      </trkpt>
      <trkpt lat="35.584404" lon="128.946556">
        <ele>385.3</ele>
      </trkpt>
      <trkpt lat="35.584434" lon="128.946591">
        <ele>381.8</ele>
      </trkpt>
      <trkpt lat="35.584443" lon="128.946634">
        <ele>378.3</ele>
      </trkpt>
      <trkpt lat="35.584441" lon="128.946697">
        <ele>374.9</ele>
      </trkpt>
      <trkpt lat="35.584422" lon="128.946871">
        <ele>371.6</ele>
      </trkpt>
      <trkpt lat="35.584498" lon="128.947045">
        <ele>368.3</ele>
      </trkpt>
      <trkpt lat="35.584526" lon="128.947173">
        <ele>365.1</ele>
      </trkpt>
      <trkpt lat="35.584612" lon="128.947384">
        <ele>361.9</ele>
      </trkpt>
      <trkpt lat="35.584662" lon="128.947435">
        <ele>358.8</ele>
      </trkpt>
      <trkpt lat="35.584656" lon="128.947749">
        <ele>355.8</ele>
      </trkpt>
      <trkpt lat="35.584662" lon="128.947883">
        <ele>352.8</ele>
      </trkpt>
      <trkpt lat="35.584709" lon="128.947944">
        <ele>350.0</ele>
      </trkpt>
      <trkpt lat="35.584773" lon="128.94797">
        <ele>347.2</ele>
      </trkpt>
      <trkpt lat="35.584849" lon="128.948015">
        <ele>344.5</ele>
      </trkpt>
      <trkpt lat="35.585034" lon="128.948043">
        <ele>341.8</ele>
      </trkpt>
      <trkpt lat="35.58504" lon="128.948252">
        <ele>339.1</ele>
      </trkpt>
      <trkpt lat="35.585118675871925" lon="128.94824981689456">
        <ele>336.6</ele>
      </trkpt>
      <trkpt lat="35.58504" lon="128.948252">
        <ele>334.0</ele>
      </trkpt>
      <trkpt lat="35.585042" lon="128.948317">
        <ele>331.5</ele>
      </trkpt>
      <trkpt lat="35.585031" lon="128.948507">
        <ele>329.1</ele>
      </trkpt>
      <trkpt lat="35.584999" lon="128.948621">
        <ele>326.7</ele>
      </trkpt>
      <trkpt lat="35.584961" lon="128.948654">
        <ele>324.3</ele>
      </trkpt>
      <trkpt lat="35.584906" lon="128.94882">
        <ele>322.0</ele>
      </trkpt>
      <trkpt lat="35.584876" lon="128.948981">
        <ele>319.7</ele>
      </trkpt>
      <trkpt lat="35.584861" lon="128.949139">
        <ele>317.4</ele>
      </trkpt>
      <trkpt lat="35.584863" lon="128.949244">
        <ele>315.2</ele>
      </trkpt>
      <trkpt lat="35.584904" lon="128.949487">
        <ele>313.0</ele>
      </trkpt>
      <trkpt lat="35.584901" lon="128.949648">
        <ele>310.9</ele>
      </trkpt>
      <trkpt lat="35.584893" lon="128.94969">
        <ele>308.7</ele>
      </trkpt>
      <trkpt lat="35.584878" lon="128.949726">
        <ele>306.6</ele>
      </trkpt>
      <trkpt lat="35.584812" lon="128.94984">
        <ele>304.5</ele>
      </trkpt>
      <trkpt lat="35.584812" lon="128.949905">
        <ele>302.4</ele>
      </trkpt>
      <trkpt lat="35.58485" lon="128.94995">
        <ele>300.3</ele>
      </trkpt>
      <trkpt lat="35.58480456637813" lon="128.95000934600833">
        <ele>298.3</ele>
      </trkpt>
      <trkpt lat="35.58485" lon="128.94995">
        <ele>296.3</ele>
      </trkpt>
      <trkpt lat="35.585094" lon="128.950244">
        <ele>294.3</ele>
      </trkpt>
      <trkpt lat="35.585346" lon="128.950508">
        <ele>292.2</ele>
      </trkpt>
      <trkpt lat="35.585448" lon="128.950594">
        <ele>290.2</ele>
      </trkpt>
      <trkpt lat="35.586129" lon="128.950699">
        <ele>288.3</ele>
      </trkpt>
      <trkpt lat="35.586414" lon="128.950645">
        <ele>286.3</ele>
      </trkpt>
      <trkpt lat="35.586651" lon="128.95057">
        <ele>284.4</ele>
      </trkpt>
      <trkpt lat="35.586955" lon="128.950465">
        <ele>282.5</ele>
      </trkpt>
      <trkpt lat="35.58752" lon="128.950241">
        <ele>280.6</ele>
      </trkpt>
      <trkpt lat="35.587769" lon="128.950004">
        <ele>278.9</ele>
      </trkpt>
      <trkpt lat="35.587853" lon="128.949972">
        <ele>277.1</ele>
      </trkpt>
      <trkpt lat="35.587989" lon="128.949948">
        <ele>275.4</ele>
      </trkpt>
      <trkpt lat="35.58823" lon="128.949855">
        <ele>273.8</ele>
      </trkpt>
      <trkpt lat="35.588373" lon="128.949752">
        <ele>272.2</ele>
      </trkpt>
      <trkpt lat="35.588479" lon="128.949675">
        <ele>270.7</ele>
      </trkpt>
      <trkpt lat="35.588661" lon="128.94956">
        <ele>269.2</ele>
      </trkpt>
      <trkpt lat="35.58866104763313" lon="128.94955873489383">
        <ele>267.7</ele>
      </trkpt>
      <trkpt lat="35.588661" lon="128.94956">
        <ele>266.3</ele>
      </trkpt>
      <trkpt lat="35.588738" lon="128.949513">
        <ele>264.9</ele>
      </trkpt>
      <trkpt lat="35.588769" lon="128.949567">
        <ele>263.6</ele>
      </trkpt>
      <trkpt lat="35.588926" lon="128.949478">
        <ele>262.3</ele>
      </trkpt>
      <trkpt lat="35.589238" lon="128.949261">
        <ele>261.0</ele>
      </trkpt>
      <trkpt lat="35.589539" lon="128.949017">
        <ele>259.7</ele>
      </trkpt>
      <trkpt lat="35.589606" lon="128.948942">
        <ele>258.4</ele>
      </trkpt>
      <trkpt lat="35.589669" lon="128.948885">
        <ele>257.2</ele>
      </trkpt>
      <trkpt lat="35.590245" lon="128.948071">
        <ele>256.0</ele>
      </trkpt>
      <trkpt lat="35.59023150713685" lon="128.9480566978455">
        <ele>254.9</ele>
      </trkpt>
      <trkpt lat="35.590245" lon="128.948071">
        <ele>253.8</ele>
      </trkpt>
      <trkpt lat="35.590295" lon="128.948001">
        <ele>252.7</ele>
      </trkpt>
      <trkpt lat="35.590338" lon="128.948039">
        <ele>251.7</ele>
      </trkpt>
      <trkpt lat="35.590585" lon="128.948282">
        <ele>250.7</ele>
      </trkpt>
      <trkpt lat="35.590613" lon="128.948325">
        <ele>249.8</ele>
      </trkpt>
      <trkpt lat="35.590613" lon="128.948383">
        <ele>248.9</ele>
      </trkpt>
      <trkpt lat="35.590585" lon="128.948483">
        <ele>248.1</ele>
      </trkpt>
      <trkpt lat="35.59058049395414" lon="128.94848585128787">
        <ele>247.4</ele>
      </trkpt>
      <trkpt lat="35.590581" lon="128.948487">
        <ele>246.7</ele>
      </trkpt>
      <trkpt lat="35.590493" lon="128.948616">
        <ele>246.0</ele>
      </trkpt>
      <trkpt lat="35.590284" lon="128.948869">
        <ele>245.3</ele>
      </trkpt>
      <trkpt lat="35.589943" lon="128.949164">
        <ele>244.7</ele>
      </trkpt>
      <trkpt lat="35.58945" lon="128.949639">
        <ele>244.1</ele>
      </trkpt>
      <trkpt lat="35.589242" lon="128.94982">
        <ele>243.4</ele>
      </trkpt>
      <trkpt lat="35.588836" lon="128.950139">
        <ele>242.8</ele>
      </trkpt>
      <trkpt lat="35.588801" lon="128.950186">
        <ele>242.1</ele>
      </trkpt>
      <trkpt lat="35.588739" lon="128.950343">
        <ele>241.3</ele>
      </trkpt>
      <trkpt lat="35.588201" lon="128.950752">
        <ele>240.6</ele>
      </trkpt>
      <trkpt lat="35.588271" lon="128.950866">
        <ele>239.9</ele>
      </trkpt>
      <trkpt lat="35.58829460264967" lon="128.95084619522098">
        <ele>239.1</ele>
      </trkpt>
      <trkpt lat="35.588271" lon="128.950866">
        <ele>238.4</ele>
      </trkpt>
      <trkpt lat="35.588631" lon="128.951452">
        <ele>237.6</ele>
      </trkpt>
      <trkpt lat="35.588753" lon="128.95169">
        <ele>236.8</ele>
      </trkpt>
      <trkpt lat="35.588962" lon="128.951726">
        <ele>236.1</ele>
      </trkpt>
      <trkpt lat="35.589014" lon="128.951755">
        <ele>235.3</ele>
      </trkpt>
      <trkpt lat="35.5890274909394" lon="128.95172595977786">
        <ele>234.6</ele>
      </trkpt>
      <trkpt lat="35.589014" lon="128.951755">
        <ele>233.9</ele>
      </trkpt>
      <trkpt lat="35.589159" lon="128.951835">
        <ele>233.2</ele>
      </trkpt>
      <trkpt lat="35.58931" lon="128.951592">
        <ele>232.5</ele>
      </trkpt>
      <trkpt lat="35.589413" lon="128.951454">
        <ele>231.8</ele>
      </trkpt>
      <trkpt lat="35.589497" lon="128.951381">
        <ele>231.0</ele>
      </trkpt>
      <trkpt lat="35.589754" lon="128.951225">
        <ele>230.3</ele>
      </trkpt>
      <trkpt lat="35.590049" lon="128.951104">
        <ele>229.5</ele>
      </trkpt>
      <trkpt lat="35.590312" lon="128.950987">
        <ele>228.7</ele>
      </trkpt>
      <trkpt lat="35.590435" lon="128.950923">
        <ele>228.0</ele>
      </trkpt>
      <trkpt lat="35.590551" lon="128.95084">
        <ele>227.2</ele>
      </trkpt>
      <trkpt lat="35.590688" lon="128.950718">
        <ele>226.3</ele>
      </trkpt>
      <trkpt lat="35.590783" lon="128.950576">
        <ele>225.5</ele>
      </trkpt>
      <trkpt lat="35.590835" lon="128.95046">
        <ele>224.6</ele>
      </trkpt>
      <trkpt lat="35.59077243605522" lon="128.9504170417786">
        <ele>223.8</ele>
      </trkpt>
      <trkpt lat="35.590835" lon="128.95046">
        <ele>222.9</ele>
      </trkpt>
      <trkpt lat="35.590888" lon="128.950347">
        <ele>221.9</ele>
      </trkpt>
      <trkpt lat="35.59097" lon="128.95005">
        <ele>221.0</ele>
      </trkpt>
      <trkpt lat="35.591326" lon="128.94838">
        <ele>220.1</ele>
      </trkpt>
      <trkpt lat="35.591525" lon="128.94763">
        <ele>219.1</ele>
      </trkpt>
      <trkpt lat="35.591703" lon="128.94734">
        <ele>218.1</ele>
      </trkpt>
      <trkpt lat="35.59298" lon="128.945478">
        <ele>217.1</ele>
      </trkpt>
      <trkpt lat="35.593225" lon="128.945109">
        <ele>216.2</ele>
      </trkpt>
      <trkpt lat="35.593587" lon="128.944447">
        <ele>215.2</ele>
      </trkpt>
      <trkpt lat="35.593913" lon="128.943718">
        <ele>214.1</ele>
      </trkpt>
      <trkpt lat="35.594316" lon="128.942546">
        <ele>213.1</ele>
      </trkpt>
      <trkpt lat="35.594565" lon="128.941733">
        <ele>212.0</ele>
      </trkpt>
      <trkpt lat="35.594687" lon="128.941413">
        <ele>211.0</ele>
      </trkpt>
      <trkpt lat="35.594856" lon="128.941109">
        <ele>209.9</ele>
      </trkpt>
      <trkpt lat="35.595329" lon="128.940405">
        <ele>208.7</ele>
      </trkpt>
      <trkpt lat="35.595903" lon="128.93938">
        <ele>207.6</ele>
      </trkpt>
      <trkpt lat="35.596328" lon="128.93855">
        <ele>206.4</ele>
      </trkpt>
      <trkpt lat="35.596603" lon="128.937977">
        <ele>205.3</ele>
      </trkpt>
      <trkpt lat="35.596878" lon="128.937755">
        <ele>204.1</ele>
      </trkpt>
      <trkpt lat="35.597196" lon="128.937485">
        <ele>202.9</ele>
      </trkpt>
      <trkpt lat="35.597327" lon="128.937333">
        <ele>201.7</ele>
      </trkpt>
      <trkpt lat="35.597357" lon="128.937289">
        <ele>200.5</ele>
      </trkpt>
      <trkpt lat="35.597333089339635" lon="128.93726348876956">
        <ele>199.3</ele>
      </trkpt>
      <trkpt lat="35.597357" lon="128.937289">
        <ele>198.1</ele>
      </trkpt>
      <trkpt lat="35.597469" lon="128.937133">
        <ele>196.9</ele>
      </trkpt>
      <trkpt lat="35.597658" lon="128.936775">
        <ele>195.8</ele>
      </trkpt>
      <trkpt lat="35.597895" lon="128.936326">
        <ele>194.6</ele>
      </trkpt>
      <trkpt lat="35.598961" lon="128.934203">
        <ele>193.4</ele>
      </trkpt>
      <trkpt lat="35.599576" lon="128.933019">
        <ele>192.3</ele>
      </trkpt>
      <trkpt lat="35.59982" lon="128.93237">
        <ele>191.1</ele>
      </trkpt>
      <trkpt lat="35.600167" lon="128.931373">
        <ele>190.0</ele>
      </trkpt>
      <trkpt lat="35.600569" lon="128.930255">
        <ele>188.9</ele>
      </trkpt>
      <trkpt lat="35.600983" lon="128.929002">
        <ele>187.8</ele>
      </trkpt>
      <trkpt lat="35.601396" lon="128.927818">
        <ele>186.7</ele>
      </trkpt>
      <trkpt lat="35.601716" lon="128.926839">
        <ele>185.7</ele>
      </trkpt>
      <trkpt lat="35.602241" lon="128.925511">
        <ele>184.7</ele>
      </trkpt>
      <trkpt lat="35.602436" lon="128.925074">
        <ele>183.7</ele>
      </trkpt>
      <trkpt lat="35.602881" lon="128.924301">
        <ele>182.8</ele>
      </trkpt>
      <trkpt lat="35.603185" lon="128.923751">
        <ele>182.0</ele>
      </trkpt>
      <trkpt lat="35.603230238920546" lon="128.92378807067874">
        <ele>181.1</ele>
      </trkpt>
      <trkpt lat="35.603185" lon="128.923751">
        <ele>180.4</ele>
      </trkpt>
      <trkpt lat="35.603309" lon="128.923529">
        <ele>179.7</ele>
      </trkpt>
      <trkpt lat="35.603631" lon="128.922842">
        <ele>179.0</ele>
      </trkpt>
      <trkpt lat="35.603919" lon="128.922155">
        <ele>178.3</ele>
      </trkpt>
      <trkpt lat="35.604146" lon="128.921501">
        <ele>177.8</ele>
      </trkpt>
      <trkpt lat="35.60428" lon="128.921086">
        <ele>177.2</ele>
      </trkpt>
      <trkpt lat="35.604311" lon="128.921104">
        <ele>176.8</ele>
      </trkpt>
      <trkpt lat="35.60431191741703" lon="128.92110586166385">
        <ele>176.3</ele>
      </trkpt>
      <trkpt lat="35.604311" lon="128.921104">
        <ele>175.9</ele>
      </trkpt>
      <trkpt lat="35.60468" lon="128.921316">
        <ele>175.6</ele>
      </trkpt>
      <trkpt lat="35.605132" lon="128.921726">
        <ele>175.3</ele>
      </trkpt>
      <trkpt lat="35.60535" lon="128.922002">
        <ele>175.1</ele>
      </trkpt>
      <trkpt lat="35.60586" lon="128.922869">
        <ele>174.9</ele>
      </trkpt>
      <trkpt lat="35.605923" lon="128.923207">
        <ele>174.8</ele>
      </trkpt>
      <trkpt lat="35.605947" lon="128.923492">
        <ele>174.7</ele>
      </trkpt>
      <trkpt lat="35.605933" lon="128.92352">
        <ele>174.7</ele>
      </trkpt>
      <trkpt lat="35.60591696178781" lon="128.9235091209412">
        <ele>174.8</ele>
      </trkpt>
      <trkpt lat="35.605933" lon="128.92352">
        <ele>174.9</ele>
      </trkpt>
      <trkpt lat="35.605947" lon="128.923492">
        <ele>175.0</ele>
      </trkpt>
      <trkpt lat="35.606658" lon="128.923958">
        <ele>175.3</ele>
      </trkpt>
      <trkpt lat="35.606698" lon="128.924268">
        <ele>175.6</ele>
      </trkpt>
      <trkpt lat="35.606754" lon="128.924532">
        <ele>176.0</ele>
      </trkpt>
      <trkpt lat="35.606858" lon="128.924819">
        <ele>176.4</ele>
      </trkpt>
      <trkpt lat="35.60682414653814" lon="128.92483949661258">
        <ele>177.0</ele>
      </trkpt>
      <trkpt lat="35.606858" lon="128.924819">
        <ele>177.6</ele>
      </trkpt>
      <trkpt lat="35.606866" lon="128.924839">
        <ele>178.3</ele>
      </trkpt>
      <trkpt lat="35.606855" lon="128.924941">
        <ele>179.1</ele>
      </trkpt>
      <trkpt lat="35.606787" lon="128.925049">
        <ele>179.9</ele>
      </trkpt>
      <trkpt lat="35.606704" lon="128.925268">
        <ele>180.8</ele>
      </trkpt>
      <trkpt lat="35.606678" lon="128.925415">
        <ele>181.9</ele>
      </trkpt>
      <trkpt lat="35.60668" lon="128.925574">
        <ele>183.0</ele>
      </trkpt>
      <trkpt lat="35.606718" lon="128.925688">
        <ele>184.2</ele>
      </trkpt>
      <trkpt lat="35.606786" lon="128.925861">
        <ele>185.4</ele>
      </trkpt>
      <trkpt lat="35.606992" lon="128.926141">
        <ele>186.8</ele>
      </trkpt>
      <trkpt lat="35.607299" lon="128.926305">
        <ele>188.2</ele>
      </trkpt>
      <trkpt lat="35.607621" lon="128.926487">
        <ele>189.7</ele>
      </trkpt>
      <trkpt lat="35.607948" lon="128.92673">
        <ele>191.3</ele>
      </trkpt>
      <trkpt lat="35.608403" lon="128.926801">
        <ele>193.0</ele>
      </trkpt>
      <trkpt lat="35.608559" lon="128.92684">
        <ele>194.7</ele>
      </trkpt>
      <trkpt lat="35.60855125830302" lon="128.92689943313601">
        <ele>196.5</ele>
      </trkpt>
      <trkpt lat="35.608559" lon="128.92684">
        <ele>198.4</ele>
      </trkpt>
      <trkpt lat="35.608745" lon="128.926887">
        <ele>200.3</ele>
      </trkpt>
      <trkpt lat="35.609355" lon="128.927058">
        <ele>202.3</ele>
      </trkpt>
      <trkpt lat="35.609726" lon="128.927238">
        <ele>204.4</ele>
      </trkpt>
      <trkpt lat="35.610239" lon="128.927275">
        <ele>206.6</ele>
      </trkpt>
      <trkpt lat="35.610462" lon="128.927304">
        <ele>208.8</ele>
      </trkpt>
      <trkpt lat="35.610828" lon="128.927402">
        <ele>211.1</ele>
      </trkpt>
      <trkpt lat="35.61117" lon="128.927447">
        <ele>213.4</ele>
      </trkpt>
      <trkpt lat="35.611762" lon="128.927408">
        <ele>215.8</ele>
      </trkpt>
      <trkpt lat="35.612089" lon="128.927434">
        <ele>218.3</ele>
      </trkpt>
      <trkpt lat="35.612406" lon="128.927423">
        <ele>220.8</ele>
      </trkpt>
      <trkpt lat="35.612892" lon="128.927259">
        <ele>223.3</ele>
      </trkpt>
      <trkpt lat="35.613134" lon="128.927196">
        <ele>225.9</ele>
      </trkpt>
      <trkpt lat="35.613313" lon="128.927147">
        <ele>228.4</ele>
      </trkpt>
      <trkpt lat="35.613358" lon="128.927134">
        <ele>231.0</ele>
      </trkpt>
      <trkpt lat="35.613509" lon="128.927178">
        <ele>233.5</ele>
      </trkpt>
      <trkpt lat="35.613937" lon="128.927233">
        <ele>236.1</ele>
      </trkpt>
      <trkpt lat="35.614075" lon="128.927267">
        <ele>238.7</ele>
      </trkpt>
      <trkpt lat="35.61432" lon="128.927275">
        <ele>241.2</ele>
      </trkpt>
      <trkpt lat="35.614692" lon="128.927271">
        <ele>243.8</ele>
      </trkpt>
      <trkpt lat="35.614908" lon="128.927272">
        <ele>246.5</ele>
      </trkpt>
      <trkpt lat="35.614997" lon="128.927347">
        <ele>249.1</ele>
      </trkpt>
      <trkpt lat="35.615029" lon="128.927448">
        <ele>251.8</ele>
      </trkpt>
      <trkpt lat="35.61505812230579" lon="128.927435874939">
        <ele>254.5</ele>
      </trkpt>
      <trkpt lat="35.615029" lon="128.927448">
        <ele>257.2</ele>
      </trkpt>
      <trkpt lat="35.614997" lon="128.927347">
        <ele>260.0</ele>
      </trkpt>
      <trkpt lat="35.614908" lon="128.927272">
        <ele>262.8</ele>
      </trkpt>
      <trkpt lat="35.615055" lon="128.92726">
        <ele>265.6</ele>
      </trkpt>
      <trkpt lat="35.615201" lon="128.927283">
        <ele>268.5</ele>
      </trkpt>
      <trkpt lat="35.61536" lon="128.927279">
        <ele>271.4</ele>
      </trkpt>
      <trkpt lat="35.615516" lon="128.927355">
        <ele>274.4</ele>
      </trkpt>
      <trkpt lat="35.615909" lon="128.927524">
        <ele>277.4</ele>
      </trkpt>
      <trkpt lat="35.615986" lon="128.927558">
        <ele>280.4</ele>
      </trkpt>
      <trkpt lat="35.616168" lon="128.927683">
        <ele>283.6</ele>
      </trkpt>
      <trkpt lat="35.616302" lon="128.927875">
        <ele>286.7</ele>
      </trkpt>
      <trkpt lat="35.616395" lon="128.928061">
        <ele>289.9</ele>
      </trkpt>
      <trkpt lat="35.616549" lon="128.92822">
        <ele>293.2</ele>
      </trkpt>
      <trkpt lat="35.616682" lon="128.928339">
        <ele>296.5</ele>
      </trkpt>
      <trkpt lat="35.616852" lon="128.928537">
        <ele>299.8</ele>
      </trkpt>
      <trkpt lat="35.616924" lon="128.928664">
        <ele>303.2</ele>
      </trkpt>
      <trkpt lat="35.617096" lon="128.929003">
        <ele>306.7</ele>
      </trkpt>
      <trkpt lat="35.617265" lon="128.929306">
        <ele>310.3</ele>
      </trkpt>
      <trkpt lat="35.617415" lon="128.929996">
        <ele>313.9</ele>
      </trkpt>
      <trkpt lat="35.617436" lon="128.930058">
        <ele>317.6</ele>
      </trkpt>
      <trkpt lat="35.61736069268984" lon="128.93009662628177">
        <ele>321.4</ele>
      </trkpt>
      <trkpt lat="35.617436" lon="128.930058">
        <ele>325.2</ele>
      </trkpt>
      <trkpt lat="35.617553" lon="128.930408">
        <ele>329.1</ele>
      </trkpt>
      <trkpt lat="35.617618" lon="128.931046">
        <ele>333.2</ele>
      </trkpt>
      <trkpt lat="35.617771" lon="128.931568">
        <ele>337.2</ele>
      </trkpt>
      <trkpt lat="35.617925" lon="128.932004">
        <ele>341.4</ele>
      </trkpt>
      <trkpt lat="35.618137" lon="128.932426">
        <ele>345.5</ele>
      </trkpt>
      <trkpt lat="35.61832" lon="128.932746">
        <ele>349.7</ele>
      </trkpt>
      <trkpt lat="35.618416" lon="128.933113">
        <ele>353.9</ele>
      </trkpt>
      <trkpt lat="35.618461" lon="128.933374">
        <ele>358.1</ele>
      </trkpt>
      <trkpt lat="35.618433" lon="128.934229">
        <ele>362.3</ele>
      </trkpt>
      <trkpt lat="35.618401" lon="128.934738">
        <ele>366.5</ele>
      </trkpt>
      <trkpt lat="35.618273" lon="128.934816">
        <ele>370.7</ele>
      </trkpt>
      <trkpt lat="35.618236" lon="128.934935">
        <ele>375.0</ele>
      </trkpt>
      <trkpt lat="35.618265" lon="128.935079">
        <ele>379.2</ele>
      </trkpt>
      <trkpt lat="35.618205" lon="128.935521">
        <ele>383.5</ele>
      </trkpt>
      <trkpt lat="35.618326" lon="128.935644">
        <ele>387.7</ele>
      </trkpt>
      <trkpt lat="35.618299" lon="128.936035">
        <ele>391.9</ele>
      </trkpt>
      <trkpt lat="35.618177" lon="128.93613">
        <ele>396.1</ele>
      </trkpt>
      <trkpt lat="35.618124" lon="128.936238">
        <ele>400.2</ele>
      </trkpt>
      <trkpt lat="35.618166" lon="128.936441">
        <ele>404.3</ele>
      </trkpt>
      <trkpt lat="35.618207" lon="128.936467">
        <ele>408.4</ele>
      </trkpt>
      <trkpt lat="35.61825" lon="128.936495">
        <ele>412.4</ele>
      </trkpt>
      <trkpt lat="35.618383" lon="128.936679">
        <ele>416.4</ele>
      </trkpt>
      <trkpt lat="35.618692" lon="128.93694">
        <ele>420.4</ele>
      </trkpt>
      <trkpt lat="35.618857" lon="128.937362">
        <ele>424.3</ele>
      </trkpt>
      <trkpt lat="35.618889" lon="128.937681">
        <ele>428.2</ele>
      </trkpt>
      <trkpt lat="35.618885" lon="128.937793">
        <ele>432.0</ele>
      </trkpt>
      <trkpt lat="35.618927" lon="128.937913">
        <ele>435.8</ele>
      </trkpt>
      <trkpt lat="35.618877" lon="128.938016">
        <ele>439.4</ele>
      </trkpt>
      <trkpt lat="35.618816" lon="128.938156">
        <ele>443.1</ele>
      </trkpt>
      <trkpt lat="35.618977" lon="128.938476">
        <ele>446.7</ele>
      </trkpt>
      <trkpt lat="35.619034" lon="128.93871">
        <ele>450.3</ele>
      </trkpt>
      <trkpt lat="35.619225" lon="128.938851">
        <ele>453.8</ele>
      </trkpt>
      <trkpt lat="35.61933" lon="128.939007">
        <ele>457.3</ele>
      </trkpt>
      <trkpt lat="35.619334" lon="128.939173">
        <ele>460.7</ele>
      </trkpt>
      <trkpt lat="35.619266" lon="128.93935">
        <ele>464.1</ele>
      </trkpt>
      <trkpt lat="35.619273" lon="128.93948">
        <ele>467.6</ele>
      </trkpt>
      <trkpt lat="35.619319" lon="128.939742">
        <ele>471.1</ele>
      </trkpt>
      <trkpt lat="35.61937" lon="128.939951">
        <ele>474.6</ele>
      </trkpt>
      <trkpt lat="35.619382" lon="128.939977">
        <ele>478.1</ele>
      </trkpt>
      <trkpt lat="35.619548" lon="128.940376">
        <ele>481.6</ele>
      </trkpt>
      <trkpt lat="35.619663" lon="128.940846">
        <ele>485.2</ele>
      </trkpt>
      <trkpt lat="35.619767" lon="128.94108">
        <ele>488.7</ele>
      </trkpt>
      <trkpt lat="35.619919" lon="128.941283">
        <ele>492.3</ele>
      </trkpt>
      <trkpt lat="35.619955" lon="128.94152">
        <ele>495.9</ele>
      </trkpt>
      <trkpt lat="35.619934" lon="128.941683">
        <ele>499.5</ele>
      </trkpt>
      <trkpt lat="35.619863" lon="128.941789">
        <ele>503.2</ele>
      </trkpt>
      <trkpt lat="35.619767" lon="128.94189">
        <ele>506.9</ele>
      </trkpt>
      <trkpt lat="35.619846" lon="128.942081">
        <ele>510.7</ele>
      </trkpt>
      <trkpt lat="35.619993" lon="128.942293">
        <ele>514.6</ele>
      </trkpt>
      <trkpt lat="35.620083" lon="128.942477">
        <ele>518.5</ele>
      </trkpt>
      <trkpt lat="35.620013" lon="128.942601">
        <ele>522.5</ele>
      </trkpt>
      <trkpt lat="35.620049" lon="128.942821">
        <ele>526.5</ele>
      </trkpt>
      <trkpt lat="35.620008" lon="128.942928">
        <ele>530.6</ele>
      </trkpt>
      <trkpt lat="35.620006" lon="128.943126">
        <ele>534.8</ele>
      </trkpt>
      <trkpt lat="35.619967" lon="128.94322">
        <ele>539.1</ele>
      </trkpt>
      <trkpt lat="35.61976785448728" lon="128.94309997558597">
        <ele>543.5</ele>
      </trkpt>
      <trkpt lat="35.619967" lon="128.94322">
        <ele>547.9</ele>
      </trkpt>
      <trkpt lat="35.619944" lon="128.94328">
        <ele>552.4</ele>
      </trkpt>
      <trkpt lat="35.619974" lon="128.943359">
        <ele>557.0</ele>
      </trkpt>
      <trkpt lat="35.619924" lon="128.943673">
        <ele>561.7</ele>
      </trkpt>
      <trkpt lat="35.620085" lon="128.943923">
        <ele>566.5</ele>
      </trkpt>
      <trkpt lat="35.620149" lon="128.944142">
        <ele>571.3</ele>
      </trkpt>
      <trkpt lat="35.620148" lon="128.94457">
        <ele>576.1</ele>
      </trkpt>
      <trkpt lat="35.6202" lon="128.944814">
        <ele>581.1</ele>
      </trkpt>
      <trkpt lat="35.620127" lon="128.945029">
        <ele>586.1</ele>
      </trkpt>
      <trkpt lat="35.620283" lon="128.945427">
        <ele>591.1</ele>
      </trkpt>
      <trkpt lat="35.620391" lon="128.945653">
        <ele>596.1</ele>
      </trkpt>
      <trkpt lat="35.620314" lon="128.945783">
        <ele>601.2</ele>
      </trkpt>
      <trkpt lat="35.620385" lon="128.945955">
        <ele>606.3</ele>
      </trkpt>
      <trkpt lat="35.620449" lon="128.946087">
        <ele>611.3</ele>
      </trkpt>
      <trkpt lat="35.620423" lon="128.946281">
        <ele>616.4</ele>
      </trkpt>
      <trkpt lat="35.620557" lon="128.946541">
        <ele>621.5</ele>
      </trkpt>
      <trkpt lat="35.620499" lon="128.946673">
        <ele>626.6</ele>
      </trkpt>
      <trkpt lat="35.620424" lon="128.947275">
        <ele>631.8</ele>
      </trkpt>
      <trkpt lat="35.620486" lon="128.947544">
        <ele>636.8</ele>
      </trkpt>
      <trkpt lat="35.620496" lon="128.947721">
        <ele>641.8</ele>
      </trkpt>
      <trkpt lat="35.620536" lon="128.947856">
        <ele>646.8</ele>
      </trkpt>
      <trkpt lat="35.620541" lon="128.947981">
        <ele>651.7</ele>
      </trkpt>
      <trkpt lat="35.620626" lon="128.948154">
        <ele>656.6</ele>
      </trkpt>
      <trkpt lat="35.620668" lon="128.948206">
        <ele>661.5</ele>
      </trkpt>
      <trkpt lat="35.620635" lon="128.948542">
        <ele>666.3</ele>
      </trkpt>
      <trkpt lat="35.620641" lon="128.949248">
        <ele>671.0</ele>
      </trkpt>
      <trkpt lat="35.620625" lon="128.949498">
        <ele>675.6</ele>
      </trkpt>
      <trkpt lat="35.620639" lon="128.949708">
        <ele>680.2</ele>
      </trkpt>
      <trkpt lat="35.620746" lon="128.950065">
        <ele>684.7</ele>
      </trkpt>
      <trkpt lat="35.62079" lon="128.950289">
        <ele>689.0</ele>
      </trkpt>
      <trkpt lat="35.620833" lon="128.95039">
        <ele>693.3</ele>
      </trkpt>
      <trkpt lat="35.620895" lon="128.950398">
        <ele>697.5</ele>
      </trkpt>
      <trkpt lat="35.620922" lon="128.950449">
        <ele>701.5</ele>
      </trkpt>
      <trkpt lat="35.620907" lon="128.950545">
        <ele>705.5</ele>
      </trkpt>
      <trkpt lat="35.620967" lon="128.950677">
        <ele>709.4</ele>
      </trkpt>
      <trkpt lat="35.620997" lon="128.951011">
        <ele>713.1</ele>
      </trkpt>
      <trkpt lat="35.620938" lon="128.951428">
        <ele>716.8</ele>
      </trkpt>
      <trkpt lat="35.620856" lon="128.951537">
        <ele>720.3</ele>
      </trkpt>
      <trkpt lat="35.620844" lon="128.951569">
        <ele>723.8</ele>
      </trkpt>
      <trkpt lat="35.62081442397418" lon="128.9515542984009">
        <ele>727.1</ele>
      </trkpt>
      <trkpt lat="35.620844" lon="128.951569">
        <ele>730.4</ele>
      </trkpt>
      <trkpt lat="35.620834" lon="128.9516">
        <ele>733.6</ele>
      </trkpt>
      <trkpt lat="35.620756" lon="128.951621">
        <ele>736.7</ele>
      </trkpt>
      <trkpt lat="35.620668" lon="128.951871">
        <ele>739.7</ele>
      </trkpt>
      <trkpt lat="35.620645" lon="128.951962">
        <ele>742.6</ele>
      </trkpt>
      <trkpt lat="35.620721" lon="128.952003">
        <ele>745.4</ele>
      </trkpt>
      <trkpt lat="35.620788" lon="128.951963">
        <ele>748.2</ele>
      </trkpt>
      <trkpt lat="35.620915" lon="128.951858">
        <ele>750.9</ele>
      </trkpt>
      <trkpt lat="35.620986" lon="128.951827">
        <ele>753.6</ele>
      </trkpt>
      <trkpt lat="35.621052" lon="128.951825">
        <ele>756.3</ele>
      </trkpt>
      <trkpt lat="35.621189" lon="128.951888">
        <ele>759.0</ele>
      </trkpt>
      <trkpt lat="35.621267" lon="128.951966">
        <ele>761.7</ele>
      </trkpt>
      <trkpt lat="35.621403" lon="128.952039">
        <ele>764.4</ele>
      </trkpt>
      <trkpt lat="35.621527" lon="128.95204">
        <ele>767.0</ele>
      </trkpt>
      <trkpt lat="35.62163" lon="128.951887">
        <ele>769.5</ele>
      </trkpt>
      <trkpt lat="35.621635" lon="128.951722">
        <ele>772.1</ele>
      </trkpt>
      <trkpt lat="35.621655" lon="128.951539">
        <ele>774.6</ele>
      </trkpt>
      <trkpt lat="35.621723" lon="128.951427">
        <ele>777.2</ele>
      </trkpt>
      <trkpt lat="35.621724" lon="128.951566">
        <ele>779.7</ele>
      </trkpt>
      <trkpt lat="35.621739" lon="128.951687">
        <ele>782.3</ele>
      </trkpt>
      <trkpt lat="35.621794" lon="128.951808">
        <ele>784.8</ele>
      </trkpt>
      <trkpt lat="35.621791209804634" lon="128.95181179046634">
        <ele>787.4</ele>
      </trkpt>
      <trkpt lat="35.621794" lon="128.951808">
        <ele>790.0</ele>
      </trkpt>
      <trkpt lat="35.621831" lon="128.951886">
        <ele>792.6</ele>
      </trkpt>
      <trkpt lat="35.621854" lon="128.952087">
        <ele>795.3</ele>
      </trkpt>
      <trkpt lat="35.621885" lon="128.95229">
        <ele>797.9</ele>
      </trkpt>
      <trkpt lat="35.621842" lon="128.952448">
        <ele>800.6</ele>
      </trkpt>
      <trkpt lat="35.621751" lon="128.952522">
        <ele>803.4</ele>
      </trkpt>
      <trkpt lat="35.621587" lon="128.952596">
        <ele>806.2</ele>
      </trkpt>
      <trkpt lat="35.621463" lon="128.952731">
        <ele>809.0</ele>
      </trkpt>
      <trkpt lat="35.62137" lon="128.952793">
        <ele>812.0</ele>
      </trkpt>
      <trkpt lat="35.621285" lon="128.952791">
        <ele>815.0</ele>
      </trkpt>
      <trkpt lat="35.621184" lon="128.952857">
        <ele>818.1</ele>
      </trkpt>
      <trkpt lat="35.620906" lon="128.953193">
        <ele>821.3</ele>
      </trkpt>
      <trkpt lat="35.620906" lon="128.953258">
        <ele>824.5</ele>
      </trkpt>
      <trkpt lat="35.62088" lon="128.953384">
        <ele>827.9</ele>
      </trkpt>
      <trkpt lat="35.620483" lon="128.95389">
        <ele>831.4</ele>
      </trkpt>
      <trkpt lat="35.620374" lon="128.953976">
        <ele>834.9</ele>
      </trkpt>
      <trkpt lat="35.620276" lon="128.954153">
        <ele>838.4</ele>
      </trkpt>
      <trkpt lat="35.620266" lon="128.954193">
        <ele>841.9</ele>
      </trkpt>
      <trkpt lat="35.62032602658474" lon="128.95421504974368">
        <ele>845.5</ele>
      </trkpt>
      <trkpt lat="35.620266" lon="128.954193">
        <ele>849.0</ele>
      </trkpt>
      <trkpt lat="35.620252" lon="128.954255">
        <ele>852.6</ele>
      </trkpt>
      <trkpt lat="35.62021" lon="128.954336">
        <ele>856.3</ele>
      </trkpt>
      <trkpt lat="35.620142" lon="128.954309">
        <ele>860.0</ele>
      </trkpt>
      <trkpt lat="35.620112" lon="128.954266">
        <ele>863.7</ele>
      </trkpt>
      <trkpt lat="35.619997" lon="128.954169">
        <ele>867.5</ele>
      </trkpt>
      <trkpt lat="35.619927" lon="128.954027">
        <ele>871.3</ele>
      </trkpt>
      <trkpt lat="35.619859" lon="128.95403">
        <ele>875.3</ele>
      </trkpt>
      <trkpt lat="35.619785" lon="128.954112">
        <ele>879.2</ele>
      </trkpt>
      <trkpt lat="35.619644" lon="128.954116">
        <ele>883.3</ele>
      </trkpt>
      <trkpt lat="35.619478" lon="128.954196">
        <ele>887.4</ele>
      </trkpt>
      <trkpt lat="35.619415" lon="128.954266">
        <ele>891.5</ele>
      </trkpt>
      <trkpt lat="35.619306" lon="128.95433">
        <ele>895.8</ele>
      </trkpt>
      <trkpt lat="35.619186" lon="128.954328">
        <ele>900.0</ele>
      </trkpt>
      <trkpt lat="35.619125" lon="128.954371">
        <ele>904.3</ele>
      </trkpt>
      <trkpt lat="35.619026" lon="128.954403">
        <ele>908.6</ele>
      </trkpt>
      <trkpt lat="35.618928" lon="128.954381">
        <ele>913.0</ele>
      </trkpt>
      <trkpt lat="35.618891" lon="128.954481">
        <ele>917.4</ele>
      </trkpt>
      <trkpt lat="35.618667" lon="128.954792">
        <ele>921.8</ele>
      </trkpt>
      <trkpt lat="35.618585" lon="128.95487">
        <ele>926.1</ele>
      </trkpt>
      <trkpt lat="35.618426" lon="128.954965">
        <ele>930.4</ele>
      </trkpt>
      <trkpt lat="35.618391" lon="128.955032">
        <ele>934.7</ele>
      </trkpt>
      <trkpt lat="35.618235" lon="128.955216">
        <ele>939.0</ele>
      </trkpt>
      <trkpt lat="35.618182" lon="128.955226">
        <ele>943.2</ele>
      </trkpt>
      <trkpt lat="35.618167" lon="128.955324">
        <ele>947.3</ele>
      </trkpt>
      <trkpt lat="35.61819797457622" lon="128.95533084869388">
        <ele>951.5</ele>
      </trkpt>
      <trkpt lat="35.618167" lon="128.955324">
        <ele>955.6</ele>
      </trkpt>
      <trkpt lat="35.618158" lon="128.955394">
        <ele>959.7</ele>
      </trkpt>
      <trkpt lat="35.618187" lon="128.955485">
        <ele>963.8</ele>
      </trkpt>
      <trkpt lat="35.6183" lon="128.955616">
        <ele>967.9</ele>
      </trkpt>
      <trkpt lat="35.618331" lon="128.955706">
        <ele>972.0</ele>
      </trkpt>
      <trkpt lat="35.618394" lon="128.955755">
        <ele>976.2</ele>
      </trkpt>
      <trkpt lat="35.618436" lon="128.955921">
        <ele>980.3</ele>
      </trkpt>
      <trkpt lat="35.618525" lon="128.955974">
        <ele>984.5</ele>
      </trkpt>
      <trkpt lat="35.618586" lon="128.956199">
        <ele>988.6</ele>
      </trkpt>
      <trkpt lat="35.618542" lon="128.956607">
        <ele>992.7</ele>
      </trkpt>
      <trkpt lat="35.6187" lon="128.956694">
        <ele>996.8</ele>
      </trkpt>
      <trkpt lat="35.618763" lon="128.956803">
        <ele>1000.9</ele>
      </trkpt>
      <trkpt lat="35.618769" lon="128.95693">
        <ele>1004.9</ele>
      </trkpt>
      <trkpt lat="35.618691" lon="128.957061">
        <ele>1008.9</ele>
      </trkpt>
      <trkpt lat="35.618725" lon="128.957453">
        <ele>1012.9</ele>
      </trkpt>
      <trkpt lat="35.618687" lon="128.95775">
        <ele>1016.9</ele>
      </trkpt>
      <trkpt lat="35.618626" lon="128.958132">
        <ele>1020.8</ele>
      </trkpt>
      <trkpt lat="35.618547" lon="128.958271">
        <ele>1024.7</ele>
      </trkpt>
      <trkpt lat="35.61856" lon="128.958359">
        <ele>1028.5</ele>
      </trkpt>
      <trkpt lat="35.61862" lon="128.958523">
        <ele>1032.3</ele>
      </trkpt>
      <trkpt lat="35.61876" lon="128.958693">
        <ele>1036.2</ele>
      </trkpt>
      <trkpt lat="35.618805" lon="128.958817">
        <ele>1040.0</ele>
      </trkpt>
      <trkpt lat="35.61882593023864" lon="128.95880699157718">
        <ele>1043.8</ele>
      </trkpt>
      <trkpt lat="35.618805" lon="128.958817">
        <ele>1047.6</ele>
      </trkpt>
      <trkpt lat="35.618823" lon="128.958867">
        <ele>1051.5</ele>
      </trkpt>
      <trkpt lat="35.618744" lon="128.959055">
        <ele>1055.4</ele>
      </trkpt>
      <trkpt lat="35.61862" lon="128.95921">
        <ele>1059.3</ele>
      </trkpt>
      <trkpt lat="35.618248" lon="128.959441">
        <ele>1063.3</ele>
      </trkpt>
      <trkpt lat="35.618207" lon="128.959503">
        <ele>1067.2</ele>
      </trkpt>
      <trkpt lat="35.618246" lon="128.959555">
        <ele>1071.0</ele>
      </trkpt>
      <trkpt lat="35.618191" lon="128.959689">
        <ele>1074.8</ele>
      </trkpt>
      <trkpt lat="35.618213" lon="128.959765">
        <ele>1078.6</ele>
      </trkpt>
      <trkpt lat="35.618164" lon="128.95985">
        <ele>1082.4</ele>
      </trkpt>
      <trkpt lat="35.618141" lon="128.96">
        <ele>1086.0</ele>
      </trkpt>
      <trkpt lat="35.618127" lon="128.960194">
        <ele>1089.7</ele>
      </trkpt>
      <trkpt lat="35.618067" lon="128.960314">
        <ele>1093.2</ele>
      </trkpt>
      <trkpt lat="35.618062" lon="128.960518">
        <ele>1096.6</ele>
      </trkpt>
      <trkpt lat="35.618035" lon="128.960537">
        <ele>1099.9</ele>
      </trkpt>
      <trkpt lat="35.618022" lon="128.960536">
        <ele>1103.1</ele>
      </trkpt>
      <trkpt lat="35.61802354157273" lon="128.9605236053467">
        <ele>1106.2</ele>
      </trkpt>
      <trkpt lat="35.618022" lon="128.960536">
        <ele>1109.2</ele>
      </trkpt>
      <trkpt lat="35.617921" lon="128.960528">
        <ele>1112.1</ele>
      </trkpt>
      <trkpt lat="35.617812" lon="128.960572">
        <ele>1114.9</ele>
      </trkpt>
      <trkpt lat="35.617749" lon="128.96059">
        <ele>1117.5</ele>
      </trkpt>
      <trkpt lat="35.617671" lon="128.96056">
        <ele>1120.0</ele>
      </trkpt>
      <trkpt lat="35.617592" lon="128.960546">
        <ele>1122.4</ele>
      </trkpt>
      <trkpt lat="35.617506" lon="128.960481">
        <ele>1124.6</ele>
      </trkpt>
      <trkpt lat="35.617251" lon="128.960495">
        <ele>1126.7</ele>
      </trkpt>
      <trkpt lat="35.616969" lon="128.960355">
        <ele>1128.7</ele>
      </trkpt>
      <trkpt lat="35.616787" lon="128.96031">
        <ele>1130.4</ele>
      </trkpt>
      <trkpt lat="35.616627" lon="128.960212">
        <ele>1132.0</ele>
      </trkpt>
      <trkpt lat="35.616576" lon="128.960124">
        <ele>1133.4</ele>
      </trkpt>
      <trkpt lat="35.616408" lon="128.959957">
        <ele>1134.6</ele>
      </trkpt>
      <trkpt lat="35.615932" lon="128.959786">
        <ele>1135.5</ele>
      </trkpt>
      <trkpt lat="35.615573" lon="128.959741">
        <ele>1136.2</ele>
      </trkpt>
      <trkpt lat="35.61558143957742" lon="128.95966529846194">
        <ele>1136.7</ele>
      </trkpt>
      <trkpt lat="35.615573" lon="128.959741">
        <ele>1137.0</ele>
      </trkpt>
      <trkpt lat="35.615564" lon="128.95974">
        <ele>1137.0</ele>
      </trkpt>
      <trkpt lat="35.615487" lon="128.95976">
        <ele>1136.8</ele>
      </trkpt>
      <trkpt lat="35.615335" lon="128.959901">
        <ele>1136.4</ele>
      </trkpt>
      <trkpt lat="35.615294" lon="128.959893">
        <ele>1135.8</ele>
      </trkpt>
      <trkpt lat="35.615279" lon="128.95985">
        <ele>1135.0</ele>
      </trkpt>
      <trkpt lat="35.615241" lon="128.959849">
        <ele>1134.0</ele>
      </trkpt>
      <trkpt lat="35.61518" lon="128.960019">
        <ele>1132.8</ele>
      </trkpt>
      <trkpt lat="35.615196" lon="128.960123">
        <ele>1131.4</ele>
      </trkpt>
      <trkpt lat="35.615161" lon="128.960273">
        <ele>1129.8</ele>
      </trkpt>
      <trkpt lat="35.615157" lon="128.960392">
        <ele>1128.1</ele>
      </trkpt>
      <trkpt lat="35.615102" lon="128.960398">
        <ele>1126.2</ele>
      </trkpt>
      <trkpt lat="35.615045" lon="128.96047">
        <ele>1124.1</ele>
      </trkpt>
      <trkpt lat="35.615044" lon="128.96056">
        <ele>1121.9</ele>
      </trkpt>
      <trkpt lat="35.615078" lon="128.960655">
        <ele>1119.5</ele>
      </trkpt>
      <trkpt lat="35.615016" lon="128.960697">
        <ele>1117.0</ele>
      </trkpt>
      <trkpt lat="35.614938" lon="128.960736">
        <ele>1114.4</ele>
      </trkpt>
      <trkpt lat="35.614933" lon="128.960878">
        <ele>1111.6</ele>
      </trkpt>
      <trkpt lat="35.614963" lon="128.960946">
        <ele>1108.7</ele>
      </trkpt>
      <trkpt lat="35.614966" lon="128.960985">
        <ele>1105.6</ele>
      </trkpt>
      <trkpt lat="35.614899" lon="128.961048">
        <ele>1102.4</ele>
      </trkpt>
      <trkpt lat="35.614923" lon="128.961166">
        <ele>1099.1</ele>
      </trkpt>
      <trkpt lat="35.614864" lon="128.961241">
        <ele>1095.6</ele>
      </trkpt>
      <trkpt lat="35.614856" lon="128.961315">
        <ele>1092.1</ele>
      </trkpt>
      <trkpt lat="35.614811" lon="128.961357">
        <ele>1088.4</ele>
      </trkpt>
      <trkpt lat="35.614756" lon="128.961367">
        <ele>1084.6</ele>
      </trkpt>
      <trkpt lat="35.614729" lon="128.961397">
        <ele>1080.8</ele>
      </trkpt>
      <trkpt lat="35.614595" lon="128.961548">
        <ele>1076.9</ele>
      </trkpt>
      <trkpt lat="35.614518" lon="128.961596">
        <ele>1072.9</ele>
      </trkpt>
      <trkpt lat="35.614485" lon="128.96165">
        <ele>1068.8</ele>
      </trkpt>
      <trkpt lat="35.614461" lon="128.961727">
        <ele>1064.7</ele>
      </trkpt>
      <trkpt lat="35.61442" lon="128.961751">
        <ele>1060.6</ele>
      </trkpt>
      <trkpt lat="35.614278" lon="128.961925">
        <ele>1056.3</ele>
      </trkpt>
      <trkpt lat="35.614273" lon="128.962003">
        <ele>1052.0</ele>
      </trkpt>
      <trkpt lat="35.614125" lon="128.96223">
        <ele>1047.7</ele>
      </trkpt>
      <trkpt lat="35.614104" lon="128.962377">
        <ele>1043.3</ele>
      </trkpt>
      <trkpt lat="35.614106" lon="128.962505">
        <ele>1038.9</ele>
      </trkpt>
      <trkpt lat="35.614139" lon="128.962697">
        <ele>1034.3</ele>
      </trkpt>
      <trkpt lat="35.614221" lon="128.96299">
        <ele>1029.8</ele>
      </trkpt>
      <trkpt lat="35.614194" lon="128.963073">
        <ele>1025.1</ele>
      </trkpt>
      <trkpt lat="35.61419" lon="128.96317">
        <ele>1020.4</ele>
      </trkpt>
      <trkpt lat="35.614207" lon="128.963266">
        <ele>1015.6</ele>
      </trkpt>
      <trkpt lat="35.614258" lon="128.963365">
        <ele>1010.7</ele>
      </trkpt>
      <trkpt lat="35.614318" lon="128.963435">
        <ele>1005.8</ele>
      </trkpt>
      <trkpt lat="35.614334" lon="128.96353">
        <ele>1000.7</ele>
      </trkpt>
      <trkpt lat="35.614381" lon="128.963613">
        <ele>995.5</ele>
      </trkpt>
      <trkpt lat="35.614336" lon="128.963761">
        <ele>990.2</ele>
      </trkpt>
      <trkpt lat="35.614297" lon="128.964013">
        <ele>984.8</ele>
      </trkpt>
      <trkpt lat="35.614312" lon="128.9643">
        <ele>979.3</ele>
      </trkpt>
      <trkpt lat="35.614349" lon="128.964514">
        <ele>973.7</ele>
      </trkpt>
      <trkpt lat="35.614185919244406" lon="128.9645576477051">
        <ele>968.1</ele>
      </trkpt>
      <trkpt lat="35.614349" lon="128.964514">
        <ele>962.4</ele>
      </trkpt>
      <trkpt lat="35.614441" lon="128.965037">
        <ele>956.6</ele>
      </trkpt>
      <trkpt lat="35.614423" lon="128.965095">
        <ele>950.7</ele>
      </trkpt>
      <trkpt lat="35.614345" lon="128.965148">
        <ele>944.8</ele>
      </trkpt>
      <trkpt lat="35.614266" lon="128.965453">
        <ele>938.8</ele>
      </trkpt>
      <trkpt lat="35.614259" lon="128.965612">
        <ele>932.7</ele>
      </trkpt>
      <trkpt lat="35.614293" lon="128.965792">
        <ele>926.5</ele>
      </trkpt>
      <trkpt lat="35.61435" lon="128.965891">
        <ele>920.3</ele>
      </trkpt>
      <trkpt lat="35.614477" lon="128.965994">
        <ele>914.0</ele>
      </trkpt>
      <trkpt lat="35.614609" lon="128.966122">
        <ele>907.7</ele>
      </trkpt>
      <trkpt lat="35.614612" lon="128.966197">
        <ele>901.3</ele>
      </trkpt>
      <trkpt lat="35.61459" lon="128.966331">
        <ele>894.8</ele>
      </trkpt>
      <trkpt lat="35.614426" lon="128.966482">
        <ele>888.4</ele>
      </trkpt>
      <trkpt lat="35.614268" lon="128.966827">
        <ele>881.9</ele>
      </trkpt>
      <trkpt lat="35.614187" lon="128.967129">
        <ele>875.4</ele>
      </trkpt>
      <trkpt lat="35.614168" lon="128.967472">
        <ele>868.9</ele>
      </trkpt>
      <trkpt lat="35.613992" lon="128.967959">
        <ele>862.5</ele>
      </trkpt>
      <trkpt lat="35.614018" lon="128.968251">
        <ele>856.1</ele>
      </trkpt>
      <trkpt lat="35.61399" lon="128.968512">
        <ele>849.8</ele>
      </trkpt>
      <trkpt lat="35.614014" lon="128.968725">
        <ele>843.7</ele>
      </trkpt>
      <trkpt lat="35.613981" lon="128.969142">
        <ele>837.8</ele>
      </trkpt>
      <trkpt lat="35.613998" lon="128.969505">
        <ele>832.0</ele>
      </trkpt>
      <trkpt lat="35.614155" lon="128.970271">
        <ele>826.4</ele>
      </trkpt>
      <trkpt lat="35.614234" lon="128.970531">
        <ele>821.1</ele>
      </trkpt>
      <trkpt lat="35.614225" lon="128.970892">
        <ele>816.1</ele>
      </trkpt>
      <trkpt lat="35.61414" lon="128.971212">
        <ele>811.4</ele>
      </trkpt>
      <trkpt lat="35.614087" lon="128.971468">
        <ele>807.0</ele>
      </trkpt>
      <trkpt lat="35.614055" lon="128.971539">
        <ele>803.0</ele>
      </trkpt>
      <trkpt lat="35.61401147749083" lon="128.9715099334717">
        <ele>799.5</ele>
      </trkpt>
      <trkpt lat="35.614055" lon="128.971539">
        <ele>796.3</ele>
      </trkpt>
      <trkpt lat="35.613994" lon="128.971678">
        <ele>793.5</ele>
      </trkpt>
      <trkpt lat="35.613864" lon="128.971972">
        <ele>791.2</ele>
      </trkpt>
      <trkpt lat="35.61368" lon="128.972249">
        <ele>789.2</ele>
      </trkpt>
      <trkpt lat="35.61366" lon="128.972352">
        <ele>787.8</ele>
      </trkpt>
      <trkpt lat="35.613476" lon="128.972492">
        <ele>786.8</ele>
      </trkpt>
      <trkpt lat="35.613398" lon="128.972683">
        <ele>786.2</ele>
      </trkpt>
      <trkpt lat="35.613256" lon="128.972781">
        <ele>786.2</ele>
      </trkpt>
      <trkpt lat="35.613221" lon="128.972736">
        <ele>786.6</ele>
      </trkpt>
      <trkpt lat="35.61324392925564" lon="128.97271156311038">
        <ele>787.6</ele>
      </trkpt>
      <trkpt lat="35.613221" lon="128.972736">
        <ele>789.0</ele>
      </trkpt>
      <trkpt lat="35.613256" lon="128.972781">
        <ele>790.9</ele>
      </trkpt>
      <trkpt lat="35.613172" lon="128.972942">
        <ele>793.4</ele>
      </trkpt>
      <trkpt lat="35.613031" lon="128.973043">
        <ele>796.3</ele>
      </trkpt>
      <trkpt lat="35.612915" lon="128.973331">
        <ele>799.7</ele>
      </trkpt>
      <trkpt lat="35.612587" lon="128.973875">
        <ele>803.5</ele>
      </trkpt>
      <trkpt lat="35.612494" lon="128.974112">
        <ele>807.9</ele>
      </trkpt>
      <trkpt lat="35.612455" lon="128.974383">
        <ele>812.7</ele>
      </trkpt>
      <trkpt lat="35.61237" lon="128.974554">
        <ele>817.9</ele>
      </trkpt>
      <trkpt lat="35.611988" lon="128.974947">
        <ele>823.5</ele>
      </trkpt>
      <trkpt lat="35.611654" lon="128.974978">
        <ele>829.4</ele>
      </trkpt>
      <trkpt lat="35.611528" lon="128.975091">
        <ele>835.7</ele>
      </trkpt>
      <trkpt lat="35.611382" lon="128.975099">
        <ele>842.3</ele>
      </trkpt>
      <trkpt lat="35.611302" lon="128.975172">
        <ele>849.1</ele>
      </trkpt>
      <trkpt lat="35.611271" lon="128.975732">
        <ele>856.1</ele>
      </trkpt>
      <trkpt lat="35.611183" lon="128.976024">
        <ele>863.4</ele>
      </trkpt>
      <trkpt lat="35.611096" lon="128.976384">
        <ele>870.7</ele>
      </trkpt>
      <trkpt lat="35.610653" lon="128.976818">
        <ele>878.2</ele>
      </trkpt>
      <trkpt lat="35.610586" lon="128.976912">
        <ele>885.7</ele>
      </trkpt>
      <trkpt lat="35.610472" lon="128.977258">
        <ele>893.2</ele>
      </trkpt>
      <trkpt lat="35.610235" lon="128.977583">
        <ele>900.7</ele>
      </trkpt>
      <trkpt lat="35.610023" lon="128.97764">
        <ele>908.2</ele>
      </trkpt>
      <trkpt lat="35.609958" lon="128.977918">
        <ele>915.6</ele>
      </trkpt>
      <trkpt lat="35.609725" lon="128.978048">
        <ele>922.9</ele>
      </trkpt>
      <trkpt lat="35.609481" lon="128.978052">
        <ele>930.1</ele>
      </trkpt>
      <trkpt lat="35.609239" lon="128.978341">
        <ele>937.2</ele>
      </trkpt>
      <trkpt lat="35.609134" lon="128.978486">
        <ele>944.2</ele>
      </trkpt>
      <trkpt lat="35.608996" lon="128.978578">
        <ele>951.0</ele>
      </trkpt>
      <trkpt lat="35.608942" lon="128.978707">
        <ele>957.5</ele>
      </trkpt>
      <trkpt lat="35.608733" lon="128.978874">
        <ele>963.9</ele>
      </trkpt>
      <trkpt lat="35.60874315730877" lon="128.9788913726807">
        <ele>970.0</ele>
      </trkpt>
      <trkpt lat="35.608733" lon="128.978874">
        <ele>976.0</ele>
      </trkpt>
      <trkpt lat="35.608705" lon="128.978897">
        <ele>981.7</ele>
      </trkpt>
      <trkpt lat="35.608547" lon="128.979153">
        <ele>987.1</ele>
      </trkpt>
      <trkpt lat="35.608248" lon="128.979665">
        <ele>992.4</ele>
      </trkpt>
      <trkpt lat="35.608256" lon="128.980236">
        <ele>997.3</ele>
      </trkpt>
      <trkpt lat="35.608222" lon="128.980511">
        <ele>1002.0</ele>
      </trkpt>
      <trkpt lat="35.608157" lon="128.980666">
        <ele>1006.5</ele>
      </trkpt>
      <trkpt lat="35.607787" lon="128.981281">
        <ele>1010.6</ele>
      </trkpt>
      <trkpt lat="35.607629" lon="128.98168">
        <ele>1014.6</ele>
      </trkpt>
      <trkpt lat="35.607547" lon="128.981828">
        <ele>1018.2</ele>
      </trkpt>
      <trkpt lat="35.607609" lon="128.981946">
        <ele>1021.6</ele>
      </trkpt>
      <trkpt lat="35.607629" lon="128.982201">
        <ele>1024.7</ele>
      </trkpt>
      <trkpt lat="35.607795" lon="128.98255">
        <ele>1027.6</ele>
      </trkpt>
      <trkpt lat="35.607779" lon="128.982682">
        <ele>1030.3</ele>
      </trkpt>
      <trkpt lat="35.607841" lon="128.983289">
        <ele>1032.7</ele>
      </trkpt>
      <trkpt lat="35.607869" lon="128.98387">
        <ele>1035.0</ele>
      </trkpt>
      <trkpt lat="35.607856" lon="128.984253">
        <ele>1037.1</ele>
      </trkpt>
      <trkpt lat="35.607949" lon="128.984806">
        <ele>1039.0</ele>
      </trkpt>
      <trkpt lat="35.607861" lon="128.985444">
        <ele>1040.9</ele>
      </trkpt>
      <trkpt lat="35.60795" lon="128.985951">
        <ele>1042.5</ele>
      </trkpt>
      <trkpt lat="35.60797" lon="128.985996">
        <ele>1044.1</ele>
      </trkpt>
      <trkpt lat="35.60801044953758" lon="128.98597240448">
        <ele>1045.6</ele>
      </trkpt>
      <trkpt lat="35.60797" lon="128.985996">
        <ele>1047.0</ele>
      </trkpt>
      <trkpt lat="35.608004" lon="128.986074">
        <ele>1048.3</ele>
      </trkpt>
      <trkpt lat="35.608393" lon="128.98641">
        <ele>1049.5</ele>
      </trkpt>
      <trkpt lat="35.60852" lon="128.98657">
        <ele>1050.8</ele>
      </trkpt>
      <trkpt lat="35.608798" lon="128.986735">
        <ele>1052.0</ele>
      </trkpt>
      <trkpt lat="35.608901" lon="128.986876">
        <ele>1053.1</ele>
      </trkpt>
      <trkpt lat="35.609197" lon="128.987308">
        <ele>1054.3</ele>
      </trkpt>
      <trkpt lat="35.609549" lon="128.987652">
        <ele>1055.5</ele>
      </trkpt>
      <trkpt lat="35.610025" lon="128.988188">
        <ele>1056.8</ele>
      </trkpt>
      <trkpt lat="35.610289" lon="128.98918">
        <ele>1058.1</ele>
      </trkpt>
      <trkpt lat="35.610804" lon="128.989583">
        <ele>1059.4</ele>
      </trkpt>
      <trkpt lat="35.611258" lon="128.989993">
        <ele>1060.7</ele>
      </trkpt>
      <trkpt lat="35.611394" lon="128.990138">
        <ele>1062.0</ele>
      </trkpt>
      <trkpt lat="35.611458" lon="128.990348">
        <ele>1063.5</ele>
      </trkpt>
      <trkpt lat="35.611601" lon="128.990601">
        <ele>1065.0</ele>
      </trkpt>
      <trkpt lat="35.611709" lon="128.990725">
        <ele>1066.5</ele>
      </trkpt>
      <trkpt lat="35.611781" lon="128.990884">
        <ele>1068.1</ele>
      </trkpt>
      <trkpt lat="35.611868" lon="128.991189">
        <ele>1069.8</ele>
      </trkpt>
      <trkpt lat="35.612055" lon="128.991601">
        <ele>1071.7</ele>
      </trkpt>
      <trkpt lat="35.61216" lon="128.991981">
        <ele>1073.6</ele>
      </trkpt>
      <trkpt lat="35.612291" lon="128.992329">
        <ele>1075.6</ele>
      </trkpt>
      <trkpt lat="35.612396" lon="128.992536">
        <ele>1077.7</ele>
      </trkpt>
      <trkpt lat="35.612523" lon="128.99266">
        <ele>1080.0</ele>
      </trkpt>
      <trkpt lat="35.613125" lon="128.993451">
        <ele>1082.3</ele>
      </trkpt>
      <trkpt lat="35.613462" lon="128.993783">
        <ele>1084.7</ele>
      </trkpt>
      <trkpt lat="35.613511" lon="128.993976">
        <ele>1087.1</ele>
      </trkpt>
      <trkpt lat="35.613558" lon="128.99424">
        <ele>1089.6</ele>
      </trkpt>
      <trkpt lat="35.613591" lon="128.994562">
        <ele>1092.2</ele>
      </trkpt>
      <trkpt lat="35.613966" lon="128.995066">
        <ele>1094.8</ele>
      </trkpt>
      <trkpt lat="35.614036" lon="128.995148">
        <ele>1097.5</ele>
      </trkpt>
      <trkpt lat="35.614073" lon="128.995266">
        <ele>1100.3</ele>
      </trkpt>
      <trkpt lat="35.614092" lon="128.995349">
        <ele>1103.1</ele>
      </trkpt>
      <trkpt lat="35.614068" lon="128.995478">
        <ele>1105.9</ele>
      </trkpt>
      <trkpt lat="35.614242" lon="128.995843">
        <ele>1108.8</ele>
      </trkpt>
      <trkpt lat="35.614384" lon="128.995984">
        <ele>1111.7</ele>
      </trkpt>
      <trkpt lat="35.61455" lon="128.996088">
        <ele>1114.6</ele>
      </trkpt>
      <trkpt lat="35.614646" lon="128.996135">
        <ele>1117.5</ele>
      </trkpt>
      <trkpt lat="35.614739" lon="128.996263">
        <ele>1120.4</ele>
      </trkpt>
      <trkpt lat="35.614775" lon="128.996382">
        <ele>1123.3</ele>
      </trkpt>
      <trkpt lat="35.614855" lon="128.996506">
        <ele>1126.2</ele>
      </trkpt>
      <trkpt lat="35.61513" lon="128.996685">
        <ele>1129.0</ele>
      </trkpt>
      <trkpt lat="35.615313" lon="128.996742">
        <ele>1131.9</ele>
      </trkpt>
      <trkpt lat="35.615464" lon="128.996884">
        <ele>1134.7</ele>
      </trkpt>
      <trkpt lat="35.615494" lon="128.99702">
        <ele>1137.5</ele>
      </trkpt>
      <trkpt lat="35.615709" lon="128.997246">
        <ele>1140.3</ele>
      </trkpt>
      <trkpt lat="35.615815" lon="128.997216">
        <ele>1143.0</ele>
      </trkpt>
      <trkpt lat="35.615921" lon="128.997261">
        <ele>1145.6</ele>
      </trkpt>
      <trkpt lat="35.616066" lon="128.997386">
        <ele>1148.2</ele>
      </trkpt>
      <trkpt lat="35.616121" lon="128.997433">
        <ele>1150.7</ele>
      </trkpt>
      <trkpt lat="35.616262" lon="128.997632">
        <ele>1153.2</ele>
      </trkpt>
      <trkpt lat="35.616393" lon="128.997994">
        <ele>1155.6</ele>
      </trkpt>
      <trkpt lat="35.616541" lon="128.998155">
        <ele>1158.0</ele>
      </trkpt>
      <trkpt lat="35.616678" lon="128.998415">
        <ele>1160.2</ele>
      </trkpt>
      <trkpt lat="35.616774" lon="128.998531">
        <ele>1162.4</ele>
      </trkpt>
      <trkpt lat="35.616796" lon="128.998697">
        <ele>1164.5</ele>
      </trkpt>
      <trkpt lat="35.61687" lon="128.998783">
        <ele>1166.6</ele>
      </trkpt>
      <trkpt lat="35.616909" lon="128.999189">
        <ele>1168.6</ele>
      </trkpt>
      <trkpt lat="35.617208" lon="128.999713">
        <ele>1170.6</ele>
      </trkpt>
      <trkpt lat="35.617374" lon="128.999984">
        <ele>1172.6</ele>
      </trkpt>
      <trkpt lat="35.617472" lon="129.00011">
        <ele>1174.4</ele>
      </trkpt>
      <trkpt lat="35.617555" lon="129.000169">
        <ele>1176.3</ele>
      </trkpt>
      <trkpt lat="35.617967" lon="129.000738">
        <ele>1178.1</ele>
      </trkpt>
      <trkpt lat="35.618111" lon="129.000874">
        <ele>1179.8</ele>
      </trkpt>
      <trkpt lat="35.61827" lon="129.000976">
        <ele>1181.5</ele>
      </trkpt>
      <trkpt lat="35.618378" lon="129.001143">
        <ele>1183.1</ele>
      </trkpt>
      <trkpt lat="35.618791" lon="129.001605">
        <ele>1184.7</ele>
      </trkpt>
      <trkpt lat="35.618842" lon="129.001661">
        <ele>1186.3</ele>
      </trkpt>
      <trkpt lat="35.618984" lon="129.001854">
        <ele>1187.7</ele>
      </trkpt>
      <trkpt lat="35.619279" lon="129.002232">
        <ele>1189.1</ele>
      </trkpt>
      <trkpt lat="35.619378" lon="129.00227">
        <ele>1190.4</ele>
      </trkpt>
      <trkpt lat="35.619446" lon="129.002307">
        <ele>1191.6</ele>
      </trkpt>
      <trkpt lat="35.619538" lon="129.002303">
        <ele>1192.7</ele>
      </trkpt>
      <trkpt lat="35.6196" lon="129.002241">
        <ele>1193.7</ele>
      </trkpt>
      <trkpt lat="35.619652" lon="129.002233">
        <ele>1194.6</ele>
      </trkpt>
      <trkpt lat="35.61972" lon="129.002298">
        <ele>1195.4</ele>
      </trkpt>
      <trkpt lat="35.619861" lon="129.002306">
        <ele>1196.1</ele>
      </trkpt>
      <trkpt lat="35.619959" lon="129.002338">
        <ele>1196.7</ele>
      </trkpt>
      <trkpt lat="35.620046" lon="129.002401">
        <ele>1197.2</ele>
      </trkpt>
      <trkpt lat="35.62009" lon="129.002511">
        <ele>1197.5</ele>
      </trkpt>
      <trkpt lat="35.620092" lon="129.002581">
        <ele>1197.8</ele>
      </trkpt>
      <trkpt lat="35.620164" lon="129.002578">
        <ele>1197.9</ele>
      </trkpt>
      <trkpt lat="35.620193" lon="129.002638">
        <ele>1197.9</ele>
      </trkpt>
      <trkpt lat="35.620153" lon="129.002687">
        <ele>1197.8</ele>
      </trkpt>
      <trkpt lat="35.620103" lon="129.002776">
        <ele>1197.6</ele>
      </trkpt>
      <trkpt lat="35.620067" lon="129.002972">
        <ele>1197.2</ele>
      </trkpt>
      <trkpt lat="35.620046941023006" lon="129.00296688079837">
        <ele>1196.8</ele>
      </trkpt>
      <trkpt lat="35.620067" lon="129.002972">
        <ele>1196.2</ele>
      </trkpt>
      <trkpt lat="35.620103" lon="129.002776">
        <ele>1195.5</ele>
      </trkpt>
      <trkpt lat="35.620153" lon="129.002687">
        <ele>1194.6</ele>
      </trkpt>
      <trkpt lat="35.620193" lon="129.002638">
        <ele>1193.6</ele>
      </trkpt>
      <trkpt lat="35.620246" lon="129.002687">
        <ele>1192.5</ele>
      </trkpt>
      <trkpt lat="35.620276" lon="129.002905">
        <ele>1191.3</ele>
      </trkpt>
      <trkpt lat="35.620372" lon="129.003044">
        <ele>1190.0</ele>
      </trkpt>
      <trkpt lat="35.620415" lon="129.0032">
        <ele>1188.5</ele>
      </trkpt>
      <trkpt lat="35.620497" lon="129.003229">
        <ele>1186.9</ele>
      </trkpt>
      <trkpt lat="35.620577" lon="129.003375">
        <ele>1185.2</ele>
      </trkpt>
      <trkpt lat="35.620728" lon="129.003525">
        <ele>1183.3</ele>
      </trkpt>
      <trkpt lat="35.620819" lon="129.003748">
        <ele>1181.4</ele>
      </trkpt>
      <trkpt lat="35.621019" lon="129.003878">
        <ele>1179.4</ele>
      </trkpt>
      <trkpt lat="35.621137" lon="129.004113">
        <ele>1177.3</ele>
      </trkpt>
      <trkpt lat="35.621266" lon="129.004193">
        <ele>1175.2</ele>
      </trkpt>
      <trkpt lat="35.621409" lon="129.004247">
        <ele>1173.1</ele>
      </trkpt>
      <trkpt lat="35.621621" lon="129.004263">
        <ele>1170.9</ele>
      </trkpt>
      <trkpt lat="35.621784" lon="129.004318">
        <ele>1168.7</ele>
      </trkpt>
      <trkpt lat="35.621843" lon="129.004351">
        <ele>1166.5</ele>
      </trkpt>
      <trkpt lat="35.621864" lon="129.004377">
        <ele>1164.3</ele>
      </trkpt>
      <trkpt lat="35.621965" lon="129.004385">
        <ele>1162.1</ele>
      </trkpt>
      <trkpt lat="35.622065" lon="129.004465">
        <ele>1160.0</ele>
      </trkpt>
      <trkpt lat="35.622168" lon="129.004503">
        <ele>1157.8</ele>
      </trkpt>
      <trkpt lat="35.622208" lon="129.00456">
        <ele>1155.7</ele>
      </trkpt>
      <trkpt lat="35.622267" lon="129.004622">
        <ele>1153.6</ele>
      </trkpt>
      <trkpt lat="35.622324" lon="129.004663">
        <ele>1151.6</ele>
      </trkpt>
      <trkpt lat="35.622372" lon="129.004741">
        <ele>1149.5</ele>
      </trkpt>
      <trkpt lat="35.622409" lon="129.004737">
        <ele>1147.6</ele>
      </trkpt>
      <trkpt lat="35.622446" lon="129.004777">
        <ele>1145.6</ele>
      </trkpt>
      <trkpt lat="35.622516" lon="129.004836">
        <ele>1143.7</ele>
      </trkpt>
      <trkpt lat="35.622561" lon="129.004832">
        <ele>1141.8</ele>
      </trkpt>
      <trkpt lat="35.622694" lon="129.004926">
        <ele>1139.9</ele>
      </trkpt>
      <trkpt lat="35.622977" lon="129.005047">
        <ele>1138.1</ele>
      </trkpt>
      <trkpt lat="35.623141" lon="129.005095">
        <ele>1136.3</ele>
      </trkpt>
      <trkpt lat="35.623157" lon="129.005055">
        <ele>1134.6</ele>
      </trkpt>
      <trkpt lat="35.623244" lon="129.005101">
        <ele>1132.9</ele>
      </trkpt>
      <trkpt lat="35.623281" lon="129.005028">
        <ele>1131.3</ele>
      </trkpt>
      <trkpt lat="35.623322" lon="129.005085">
        <ele>1129.7</ele>
      </trkpt>
      <trkpt lat="35.623358" lon="129.005118">
        <ele>1128.2</ele>
      </trkpt>
      <trkpt lat="35.623387" lon="129.005079">
        <ele>1126.7</ele>
      </trkpt>
      <trkpt lat="35.62341" lon="129.005074">
        <ele>1125.3</ele>
      </trkpt>
      <trkpt lat="35.623457" lon="129.005123">
        <ele>1123.9</ele>
      </trkpt>
      <trkpt lat="35.623498" lon="129.005197">
        <ele>1122.6</ele>
      </trkpt>
      <trkpt lat="35.623578" lon="129.005372">
        <ele>1121.3</ele>
      </trkpt>
      <trkpt lat="35.623623" lon="129.005429">
        <ele>1120.1</ele>
      </trkpt>
      <trkpt lat="35.623675" lon="129.005558">
        <ele>1118.9</ele>
      </trkpt>
      <trkpt lat="35.623739" lon="129.005663">
        <ele>1117.8</ele>
      </trkpt>
      <trkpt lat="35.623811" lon="129.005805">
        <ele>1116.7</ele>
      </trkpt>
      <trkpt lat="35.623914" lon="129.005851">
        <ele>1115.5</ele>
      </trkpt>
      <trkpt lat="35.624019" lon="129.00592">
        <ele>1114.5</ele>
      </trkpt>
      <trkpt lat="35.624227" lon="129.00601">
        <ele>1113.4</ele>
      </trkpt>
      <trkpt lat="35.624462" lon="129.006136">
        <ele>1112.3</ele>
      </trkpt>
      <trkpt lat="35.624519" lon="129.00619">
        <ele>1111.2</ele>
      </trkpt>
      <trkpt lat="35.624614" lon="129.006302">
        <ele>1110.1</ele>
      </trkpt>
      <trkpt lat="35.624762" lon="129.006423">
        <ele>1109.0</ele>
      </trkpt>
      <trkpt lat="35.624872" lon="129.006444">
        <ele>1108.0</ele>
      </trkpt>
      <trkpt lat="35.624897" lon="129.006401">
        <ele>1106.9</ele>
      </trkpt>
      <trkpt lat="35.624935" lon="129.006425">
        <ele>1105.8</ele>
      </trkpt>
      <trkpt lat="35.625045" lon="129.006499">
        <ele>1104.8</ele>
      </trkpt>
      <trkpt lat="35.625134" lon="129.006617">
        <ele>1103.7</ele>
      </trkpt>
      <trkpt lat="35.625207" lon="129.006674">
        <ele>1102.6</ele>
      </trkpt>
      <trkpt lat="35.625252" lon="129.006742">
        <ele>1101.5</ele>
      </trkpt>
      <trkpt lat="35.625328" lon="129.006763">
        <ele>1100.5</ele>
      </trkpt>
      <trkpt lat="35.625419" lon="129.006832">
        <ele>1099.4</ele>
      </trkpt>
      <trkpt lat="35.625488" lon="129.006831">
        <ele>1098.3</ele>
      </trkpt>
      <trkpt lat="35.625587" lon="129.006816">
        <ele>1097.2</ele>
      </trkpt>
      <trkpt lat="35.625799" lon="129.00682">
        <ele>1096.2</ele>
      </trkpt>
      <trkpt lat="35.625862" lon="129.006804">
        <ele>1095.1</ele>
      </trkpt>
      <trkpt lat="35.626004" lon="129.00683">
        <ele>1094.0</ele>
      </trkpt>
      <trkpt lat="35.626081" lon="129.00693">
        <ele>1093.0</ele>
      </trkpt>
      <trkpt lat="35.626198" lon="129.007004">
        <ele>1091.9</ele>
      </trkpt>
      <trkpt lat="35.626368" lon="129.007084">
        <ele>1090.9</ele>
      </trkpt>
      <trkpt lat="35.626651" lon="129.00711">
        <ele>1089.9</ele>
      </trkpt>
      <trkpt lat="35.626746" lon="129.007191">
        <ele>1088.8</ele>
      </trkpt>
      <trkpt lat="35.626821" lon="129.007218">
        <ele>1087.8</ele>
      </trkpt>
      <trkpt lat="35.626861" lon="129.007329">
        <ele>1086.8</ele>
      </trkpt>
      <trkpt lat="35.627009" lon="129.007525">
        <ele>1085.7</ele>
      </trkpt>
      <trkpt lat="35.627085" lon="129.007547">
        <ele>1084.7</ele>
      </trkpt>
      <trkpt lat="35.627137" lon="129.007597">
        <ele>1083.6</ele>
      </trkpt>
      <trkpt lat="35.627186" lon="129.007669">
        <ele>1082.6</ele>
      </trkpt>
      <trkpt lat="35.627247" lon="129.007802">
        <ele>1081.5</ele>
      </trkpt>
      <trkpt lat="35.627431" lon="129.008005">
        <ele>1080.5</ele>
      </trkpt>
      <trkpt lat="35.62747" lon="129.008069">
        <ele>1079.5</ele>
      </trkpt>
      <trkpt lat="35.62753" lon="129.008079">
        <ele>1078.6</ele>
      </trkpt>
      <trkpt lat="35.627569" lon="129.008123">
        <ele>1077.6</ele>
      </trkpt>
      <trkpt lat="35.627585" lon="129.008196">
        <ele>1076.7</ele>
      </trkpt>
      <trkpt lat="35.627635" lon="129.008228">
        <ele>1075.8</ele>
      </trkpt>
      <trkpt lat="35.627691" lon="129.008297">
        <ele>1074.9</ele>
      </trkpt>
      <trkpt lat="35.627813" lon="129.008374">
        <ele>1074.1</ele>
      </trkpt>
      <trkpt lat="35.627957" lon="129.008506">
        <ele>1073.3</ele>
      </trkpt>
      <trkpt lat="35.627987" lon="129.008569">
        <ele>1072.5</ele>
      </trkpt>
      <trkpt lat="35.628045" lon="129.008618">
        <ele>1071.8</ele>
      </trkpt>
      <trkpt lat="35.628068" lon="129.008673">
        <ele>1071.1</ele>
      </trkpt>
      <trkpt lat="35.628119" lon="129.008708">
        <ele>1070.5</ele>
      </trkpt>
      <trkpt lat="35.628165" lon="129.008772">
        <ele>1069.9</ele>
      </trkpt>
      <trkpt lat="35.628236" lon="129.008804">
        <ele>1069.3</ele>
      </trkpt>
      <trkpt lat="35.628224" lon="129.008867">
        <ele>1068.8</ele>
      </trkpt>
      <trkpt lat="35.62824" lon="129.008919">
        <ele>1068.3</ele>
      </trkpt>
      <trkpt lat="35.628256" lon="129.008938">
        <ele>1067.8</ele>
      </trkpt>
      <trkpt lat="35.628289" lon="129.008959">
        <ele>1067.4</ele>
      </trkpt>
      <trkpt lat="35.628335" lon="129.008975">
        <ele>1067.0</ele>
      </trkpt>
      <trkpt lat="35.628361" lon="129.00902">
        <ele>1066.6</ele>
      </trkpt>
      <trkpt lat="35.628394" lon="129.009053">
        <ele>1066.2</ele>
      </trkpt>
      <trkpt lat="35.628429" lon="129.009107">
        <ele>1065.8</ele>
      </trkpt>
      <trkpt lat="35.628456" lon="129.009135">
        <ele>1065.4</ele>
      </trkpt>
      <trkpt lat="35.62847" lon="129.009164">
        <ele>1065.1</ele>
      </trkpt>
      <trkpt lat="35.628457" lon="129.009199">
        <ele>1064.7</ele>
      </trkpt>
      <trkpt lat="35.628452" lon="129.00924">
        <ele>1064.4</ele>
      </trkpt>
      <trkpt lat="35.628479" lon="129.009293">
        <ele>1064.1</ele>
      </trkpt>
      <trkpt lat="35.62848" lon="129.009322">
        <ele>1063.8</ele>
      </trkpt>
      <trkpt lat="35.628495" lon="129.009339">
        <ele>1063.5</ele>
      </trkpt>
      <trkpt lat="35.628484" lon="129.009389">
        <ele>1063.2</ele>
      </trkpt>
      <trkpt lat="35.628471" lon="129.009415">
        <ele>1062.9</ele>
      </trkpt>
      <trkpt lat="35.62844" lon="129.009448">
        <ele>1062.6</ele>
      </trkpt>
      <trkpt lat="35.628442" lon="129.009465">
        <ele>1062.4</ele>
      </trkpt>
      <trkpt lat="35.62847" lon="129.009495">
        <ele>1062.1</ele>
      </trkpt>
      <trkpt lat="35.628499" lon="129.009505">
        <ele>1061.9</ele>
      </trkpt>
      <trkpt lat="35.62857" lon="129.009552">
        <ele>1061.6</ele>
      </trkpt>
      <trkpt lat="35.62859" lon="129.009607">
        <ele>1061.4</ele>
      </trkpt>
      <trkpt lat="35.628642" lon="129.009644">
        <ele>1061.1</ele>
      </trkpt>
      <trkpt lat="35.628724" lon="129.009656">
        <ele>1060.9</ele>
      </trkpt>
      <trkpt lat="35.628746" lon="129.009688">
        <ele>1060.6</ele>
      </trkpt>
      <trkpt lat="35.628767" lon="129.009782">
        <ele>1060.3</ele>
      </trkpt>
      <trkpt lat="35.628822" lon="129.009882">
        <ele>1060.0</ele>
      </trkpt>
      <trkpt lat="35.628826" lon="129.009911">
        <ele>1059.6</ele>
      </trkpt>
      <trkpt lat="35.628842" lon="129.009952">
        <ele>1059.3</ele>
      </trkpt>
      <trkpt lat="35.62887" lon="129.009962">
        <ele>1058.9</ele>
      </trkpt>
      <trkpt lat="35.628886" lon="129.009981">
        <ele>1058.4</ele>
      </trkpt>
      <trkpt lat="35.628888" lon="129.010004">
        <ele>1058.0</ele>
      </trkpt>
      <trkpt lat="35.628873" lon="129.010049">
        <ele>1057.5</ele>
      </trkpt>
      <trkpt lat="35.628888" lon="129.010169">
        <ele>1057.0</ele>
      </trkpt>
      <trkpt lat="35.628937" lon="129.010274">
        <ele>1056.4</ele>
      </trkpt>
      <trkpt lat="35.62892487308589" lon="129.010283946991">
        <ele>1055.9</ele>
      </trkpt>
      <trkpt lat="35.628937" lon="129.010274">
        <ele>1055.3</ele>
      </trkpt>
      <trkpt lat="35.628961" lon="129.010325">
        <ele>1054.8</ele>
      </trkpt>
      <trkpt lat="35.628949" lon="129.010346">
        <ele>1054.2</ele>
      </trkpt>
      <trkpt lat="35.628953" lon="129.010387">
        <ele>1053.6</ele>
      </trkpt>
      <trkpt lat="35.628974" lon="129.010368">
        <ele>1053.0</ele>
      </trkpt>
      <trkpt lat="35.629003" lon="129.010386">
        <ele>1052.4</ele>
      </trkpt>
      <trkpt lat="35.629051" lon="129.010399">
        <ele>1051.8</ele>
      </trkpt>
      <trkpt lat="35.629092" lon="129.010484">
        <ele>1051.1</ele>
      </trkpt>
      <trkpt lat="35.629151" lon="129.010492">
        <ele>1050.5</ele>
      </trkpt>
      <trkpt lat="35.629171" lon="129.010482">
        <ele>1049.8</ele>
      </trkpt>
      <trkpt lat="35.629168" lon="129.010457">
        <ele>1049.0</ele>
      </trkpt>
      <trkpt lat="35.629186" lon="129.010451">
        <ele>1048.2</ele>
      </trkpt>
      <trkpt lat="35.629217" lon="129.010421">
        <ele>1047.4</ele>
      </trkpt>
      <trkpt lat="35.629266" lon="129.010411">
        <ele>1046.6</ele>
      </trkpt>
      <trkpt lat="35.629291" lon="129.010397">
        <ele>1045.7</ele>
      </trkpt>
      <trkpt lat="35.629346" lon="129.010428">
        <ele>1044.8</ele>
      </trkpt>
      <trkpt lat="35.62939" lon="129.010448">
        <ele>1043.8</ele>
      </trkpt>
      <trkpt lat="35.629362" lon="129.01053">
        <ele>1042.8</ele>
      </trkpt>
      <trkpt lat="35.629334" lon="129.010572">
        <ele>1041.9</ele>
      </trkpt>
      <trkpt lat="35.629324" lon="129.010619">
        <ele>1040.9</ele>
      </trkpt>
      <trkpt lat="35.629351" lon="129.010678">
        <ele>1039.9</ele>
      </trkpt>
      <trkpt lat="35.629407" lon="129.010729">
        <ele>1038.9</ele>
      </trkpt>
      <trkpt lat="35.629439" lon="129.010745">
        <ele>1037.9</ele>
      </trkpt>
      <trkpt lat="35.629463" lon="129.010796">
        <ele>1037.0</ele>
      </trkpt>
      <trkpt lat="35.629449" lon="129.010841">
        <ele>1036.0</ele>
      </trkpt>
      <trkpt lat="35.629416" lon="129.010899">
        <ele>1035.1</ele>
      </trkpt>
      <trkpt lat="35.629388" lon="129.010971">
        <ele>1034.2</ele>
      </trkpt>
      <trkpt lat="35.629355" lon="129.010999">
        <ele>1033.3</ele>
      </trkpt>
      <trkpt lat="35.629363" lon="129.011095">
        <ele>1032.5</ele>
      </trkpt>
      <trkpt lat="35.629282" lon="129.011152">
        <ele>1031.6</ele>
      </trkpt>
      <trkpt lat="35.629252" lon="129.011232">
        <ele>1030.7</ele>
      </trkpt>
      <trkpt lat="35.629082" lon="129.011346">
        <ele>1029.9</ele>
      </trkpt>
      <trkpt lat="35.629093" lon="129.011365">
        <ele>1029.1</ele>
      </trkpt>
      <trkpt lat="35.629112" lon="129.011379">
        <ele>1028.3</ele>
      </trkpt>
      <trkpt lat="35.629209" lon="129.011704">
        <ele>1027.5</ele>
      </trkpt>
      <trkpt lat="35.629197" lon="129.011799">
        <ele>1026.7</ele>
      </trkpt>
      <trkpt lat="35.629144" lon="129.01196">
        <ele>1026.0</ele>
      </trkpt>
      <trkpt lat="35.629122" lon="129.012181">
        <ele>1025.2</ele>
      </trkpt>
      <trkpt lat="35.629092" lon="129.012301">
        <ele>1024.5</ele>
      </trkpt>
      <trkpt lat="35.62908" lon="129.012418">
        <ele>1023.9</ele>
      </trkpt>
      <trkpt lat="35.629085" lon="129.012691">
        <ele>1023.2</ele>
      </trkpt>
      <trkpt lat="35.62912" lon="129.013234">
        <ele>1022.6</ele>
      </trkpt>
      <trkpt lat="35.629133" lon="129.013356">
        <ele>1022.1</ele>
      </trkpt>
      <trkpt lat="35.629154" lon="129.013436">
        <ele>1021.6</ele>
      </trkpt>
      <trkpt lat="35.629323" lon="129.01372">
        <ele>1021.2</ele>
      </trkpt>
      <trkpt lat="35.629674" lon="129.014003">
        <ele>1020.8</ele>
      </trkpt>
      <trkpt lat="35.629801" lon="129.014357">
        <ele>1020.5</ele>
      </trkpt>
      <trkpt lat="35.630055" lon="129.014709">
        <ele>1020.2</ele>
      </trkpt>
      <trkpt lat="35.63003236519477" lon="129.01473641395572">
        <ele>1020.0</ele>
      </trkpt>
      <trkpt lat="35.630055" lon="129.014709">
        <ele>1019.7</ele>
      </trkpt>
      <trkpt lat="35.630077" lon="129.014739">
        <ele>1019.5</ele>
      </trkpt>
      <trkpt lat="35.630231" lon="129.014837">
        <ele>1019.4</ele>
      </trkpt>
      <trkpt lat="35.630391" lon="129.014921">
        <ele>1019.3</ele>
      </trkpt>
      <trkpt lat="35.630505" lon="129.014932">
        <ele>1019.1</ele>
      </trkpt>
      <trkpt lat="35.630676" lon="129.014922">
        <ele>1019.1</ele>
      </trkpt>
      <trkpt lat="35.630948" lon="129.015049">
        <ele>1019.0</ele>
      </trkpt>
      <trkpt lat="35.631256" lon="129.015178">
        <ele>1019.0</ele>
      </trkpt>
      <trkpt lat="35.6314" lon="129.015226">
        <ele>1019.1</ele>
      </trkpt>
      <trkpt lat="35.631543" lon="129.015304">
        <ele>1019.2</ele>
      </trkpt>
      <trkpt lat="35.631579" lon="129.015342">
        <ele>1019.3</ele>
      </trkpt>
      <trkpt lat="35.631592" lon="129.015819">
        <ele>1019.5</ele>
      </trkpt>
      <trkpt lat="35.631682" lon="129.016101">
        <ele>1019.8</ele>
      </trkpt>
      <trkpt lat="35.631748" lon="129.01626">
        <ele>1020.2</ele>
      </trkpt>
      <trkpt lat="35.631803" lon="129.016445">
        <ele>1020.6</ele>
      </trkpt>
      <trkpt lat="35.631916" lon="129.017231">
        <ele>1021.0</ele>
      </trkpt>
      <trkpt lat="35.632029" lon="129.017605">
        <ele>1021.5</ele>
      </trkpt>
      <trkpt lat="35.632178" lon="129.017931">
        <ele>1022.1</ele>
      </trkpt>
      <trkpt lat="35.632381" lon="129.018406">
        <ele>1022.8</ele>
      </trkpt>
      <trkpt lat="35.632435" lon="129.018482">
        <ele>1023.5</ele>
      </trkpt>
      <trkpt lat="35.632591" lon="129.018561">
        <ele>1024.3</ele>
      </trkpt>
      <trkpt lat="35.632791" lon="129.018614">
        <ele>1025.3</ele>
      </trkpt>
      <trkpt lat="35.63304" lon="129.018653">
        <ele>1026.3</ele>
      </trkpt>
      <trkpt lat="35.63317" lon="129.01869">
        <ele>1027.3</ele>
      </trkpt>
      <trkpt lat="35.633239" lon="129.01874">
        <ele>1028.5</ele>
      </trkpt>
      <trkpt lat="35.63331" lon="129.018816">
        <ele>1029.7</ele>
      </trkpt>
      <trkpt lat="35.633336" lon="129.018869">
        <ele>1031.0</ele>
      </trkpt>
      <trkpt lat="35.633371" lon="129.018946">
        <ele>1032.3</ele>
      </trkpt>
      <trkpt lat="35.633406" lon="129.019045">
        <ele>1033.8</ele>
      </trkpt>
      <trkpt lat="35.633439" lon="129.019207">
        <ele>1035.2</ele>
      </trkpt>
      <trkpt lat="35.633494" lon="129.019178">
        <ele>1036.8</ele>
      </trkpt>
      <trkpt lat="35.633557" lon="129.019182">
        <ele>1038.4</ele>
      </trkpt>
      <trkpt lat="35.63372" lon="129.019293">
        <ele>1040.0</ele>
      </trkpt>
      <trkpt lat="35.633901" lon="129.019477">
        <ele>1041.7</ele>
      </trkpt>
      <trkpt lat="35.634044" lon="129.019566">
        <ele>1043.4</ele>
      </trkpt>
      <trkpt lat="35.634164" lon="129.019571">
        <ele>1045.1</ele>
      </trkpt>
      <trkpt lat="35.634311" lon="129.019595">
        <ele>1046.8</ele>
      </trkpt>
      <trkpt lat="35.63444" lon="129.019676">
        <ele>1048.5</ele>
      </trkpt>
      <trkpt lat="35.634498" lon="129.019822">
        <ele>1050.3</ele>
      </trkpt>
      <trkpt lat="35.634552" lon="129.019859">
        <ele>1051.9</ele>
      </trkpt>
      <trkpt lat="35.634636" lon="129.019846">
        <ele>1053.5</ele>
      </trkpt>
      <trkpt lat="35.634682" lon="129.019823">
        <ele>1055.0</ele>
      </trkpt>
      <trkpt lat="35.63482" lon="129.019838">
        <ele>1056.5</ele>
      </trkpt>
      <trkpt lat="35.634916" lon="129.019862">
        <ele>1057.9</ele>
      </trkpt>
      <trkpt lat="35.635007" lon="129.019772">
        <ele>1059.1</ele>
      </trkpt>
      <trkpt lat="35.635055" lon="129.019782">
        <ele>1060.3</ele>
      </trkpt>
      <trkpt lat="35.635095" lon="129.019809">
        <ele>1061.3</ele>
      </trkpt>
      <trkpt lat="35.635131" lon="129.019853">
        <ele>1062.3</ele>
      </trkpt>
      <trkpt lat="35.635215" lon="129.019904">
        <ele>1063.0</ele>
      </trkpt>
      <trkpt lat="35.635515" lon="129.02015">
        <ele>1063.7</ele>
      </trkpt>
      <trkpt lat="35.635609" lon="129.020331">
        <ele>1064.2</ele>
      </trkpt>
      <trkpt lat="35.6353952004866" lon="129.0206050872803">
        <ele>1064.5</ele>
      </trkpt>
      <trkpt lat="35.635609" lon="129.020331">
        <ele>1064.7</ele>
      </trkpt>
      <trkpt lat="35.63566" lon="129.02037">
        <ele>1064.7</ele>
      </trkpt>
      <trkpt lat="35.635728" lon="129.020471">
        <ele>1064.5</ele>
      </trkpt>
      <trkpt lat="35.635741" lon="129.02019">
        <ele>1064.2</ele>
      </trkpt>
      <trkpt lat="35.635758" lon="129.020046">
        <ele>1063.7</ele>
      </trkpt>
      <trkpt lat="35.635856" lon="129.019924">
        <ele>1063.1</ele>
      </trkpt>
      <trkpt lat="35.635861" lon="129.019831">
        <ele>1062.3</ele>
      </trkpt>
      <trkpt lat="35.63593" lon="129.019782">
        <ele>1061.4</ele>
      </trkpt>
      <trkpt lat="35.635948" lon="129.019661">
        <ele>1060.4</ele>
      </trkpt>
      <trkpt lat="35.636021" lon="129.019495">
        <ele>1059.2</ele>
      </trkpt>
      <trkpt lat="35.636059" lon="129.019332">
        <ele>1057.9</ele>
      </trkpt>
      <trkpt lat="35.636156" lon="129.01924">
        <ele>1056.5</ele>
      </trkpt>
      <trkpt lat="35.636239" lon="129.019135">
        <ele>1055.0</ele>
      </trkpt>
      <trkpt lat="35.636288" lon="129.01899">
        <ele>1053.5</ele>
      </trkpt>
      <trkpt lat="35.636382" lon="129.018957">
        <ele>1051.9</ele>
      </trkpt>
      <trkpt lat="35.636536" lon="129.01869">
        <ele>1050.2</ele>
      </trkpt>
      <trkpt lat="35.636747" lon="129.018486">
        <ele>1048.5</ele>
      </trkpt>
      <trkpt lat="35.636728" lon="129.018349">
        <ele>1046.7</ele>
      </trkpt>
      <trkpt lat="35.636873" lon="129.018146">
        <ele>1044.9</ele>
      </trkpt>
      <trkpt lat="35.636919" lon="129.017994">
        <ele>1043.2</ele>
      </trkpt>
      <trkpt lat="35.636887" lon="129.01795">
        <ele>1041.4</ele>
      </trkpt>
      <trkpt lat="35.636972" lon="129.017641">
        <ele>1039.7</ele>
      </trkpt>
      <trkpt lat="35.637068" lon="129.017247">
        <ele>1038.0</ele>
      </trkpt>
      <trkpt lat="35.637105" lon="129.017194">
        <ele>1036.3</ele>
      </trkpt>
      <trkpt lat="35.637184" lon="129.017007">
        <ele>1034.8</ele>
      </trkpt>
      <trkpt lat="35.637251" lon="129.016917">
        <ele>1033.3</ele>
      </trkpt>
      <trkpt lat="35.637315" lon="129.016876">
        <ele>1031.9</ele>
      </trkpt>
      <trkpt lat="35.637475" lon="129.016715">
        <ele>1030.6</ele>
      </trkpt>
      <trkpt lat="35.637643" lon="129.016529">
        <ele>1029.3</ele>
      </trkpt>
      <trkpt lat="35.637772" lon="129.016468">
        <ele>1028.2</ele>
      </trkpt>
      <trkpt lat="35.637861" lon="129.016412">
        <ele>1027.2</ele>
      </trkpt>
      <trkpt lat="35.637934" lon="129.016383">
        <ele>1026.2</ele>
      </trkpt>
      <trkpt lat="35.638006" lon="129.01632">
        <ele>1025.3</ele>
      </trkpt>
      <trkpt lat="35.638229" lon="129.01626">
        <ele>1024.5</ele>
      </trkpt>
      <trkpt lat="35.638314" lon="129.016097">
        <ele>1023.9</ele>
      </trkpt>
      <trkpt lat="35.638351" lon="129.016076">
        <ele>1023.2</ele>
      </trkpt>
      <trkpt lat="35.638387" lon="129.01598">
        <ele>1022.6</ele>
      </trkpt>
      <trkpt lat="35.638433" lon="129.015918">
        <ele>1022.1</ele>
      </trkpt>
      <trkpt lat="35.638534" lon="129.01562">
        <ele>1021.6</ele>
      </trkpt>
      <trkpt lat="35.63858" lon="129.015581">
        <ele>1021.1</ele>
      </trkpt>
      <trkpt lat="35.638611" lon="129.015454">
        <ele>1020.6</ele>
      </trkpt>
      <trkpt lat="35.638663" lon="129.015427">
        <ele>1020.1</ele>
      </trkpt>
      <trkpt lat="35.638836" lon="129.015422">
        <ele>1019.6</ele>
      </trkpt>
      <trkpt lat="35.638866" lon="129.015387">
        <ele>1019.1</ele>
      </trkpt>
      <trkpt lat="35.638975" lon="129.015392">
        <ele>1018.6</ele>
      </trkpt>
      <trkpt lat="35.639107" lon="129.015332">
        <ele>1018.1</ele>
      </trkpt>
      <trkpt lat="35.639198" lon="129.015374">
        <ele>1017.5</ele>
      </trkpt>
      <trkpt lat="35.639265" lon="129.015373">
        <ele>1016.9</ele>
      </trkpt>
      <trkpt lat="35.639388" lon="129.015302">
        <ele>1016.3</ele>
      </trkpt>
      <trkpt lat="35.639438" lon="129.015298">
        <ele>1015.6</ele>
      </trkpt>
      <trkpt lat="35.63951" lon="129.015259">
        <ele>1014.9</ele>
      </trkpt>
      <trkpt lat="35.639569" lon="129.015203">
        <ele>1014.2</ele>
      </trkpt>
      <trkpt lat="35.639695" lon="129.015129">
        <ele>1013.4</ele>
      </trkpt>
      <trkpt lat="35.639823" lon="129.014943">
        <ele>1012.5</ele>
      </trkpt>
      <trkpt lat="35.639906" lon="129.014755">
        <ele>1011.6</ele>
      </trkpt>
      <trkpt lat="35.640041" lon="129.014677">
        <ele>1010.6</ele>
      </trkpt>
      <trkpt lat="35.64016" lon="129.014674">
        <ele>1009.6</ele>
      </trkpt>
      <trkpt lat="35.640346" lon="129.014443">
        <ele>1008.4</ele>
      </trkpt>
      <trkpt lat="35.640462" lon="129.014348">
        <ele>1007.3</ele>
      </trkpt>
      <trkpt lat="35.640523" lon="129.014306">
        <ele>1006.0</ele>
      </trkpt>
      <trkpt lat="35.640647" lon="129.014259">
        <ele>1004.7</ele>
      </trkpt>
      <trkpt lat="35.640734" lon="129.014256">
        <ele>1003.4</ele>
      </trkpt>
      <trkpt lat="35.640799" lon="129.014283">
        <ele>1002.0</ele>
      </trkpt>
      <trkpt lat="35.640889" lon="129.014246">
        <ele>1000.5</ele>
      </trkpt>
      <trkpt lat="35.640937" lon="129.014251">
        <ele>999.0</ele>
      </trkpt>
      <trkpt lat="35.641122" lon="129.014117">
        <ele>997.4</ele>
      </trkpt>
      <trkpt lat="35.641314" lon="129.013943">
        <ele>995.9</ele>
      </trkpt>
      <trkpt lat="35.641534" lon="129.013817">
        <ele>994.4</ele>
      </trkpt>
      <trkpt lat="35.641659" lon="129.013798">
        <ele>992.9</ele>
      </trkpt>
      <trkpt lat="35.641787" lon="129.013825">
        <ele>991.4</ele>
      </trkpt>
      <trkpt lat="35.641878" lon="129.01379">
        <ele>990.0</ele>
      </trkpt>
      <trkpt lat="35.642021" lon="129.013804">
        <ele>988.7</ele>
      </trkpt>
      <trkpt lat="35.642116" lon="129.013777">
        <ele>987.4</ele>
      </trkpt>
      <trkpt lat="35.642225" lon="129.013719">
        <ele>986.2</ele>
      </trkpt>
      <trkpt lat="35.642272" lon="129.013692">
        <ele>985.1</ele>
      </trkpt>
      <trkpt lat="35.642371" lon="129.013609">
        <ele>984.1</ele>
      </trkpt>
      <trkpt lat="35.642586" lon="129.013604">
        <ele>983.1</ele>
      </trkpt>
      <trkpt lat="35.642706" lon="129.013578">
        <ele>982.2</ele>
      </trkpt>
      <trkpt lat="35.642752" lon="129.01356">
        <ele>981.5</ele>
      </trkpt>
      <trkpt lat="35.642854" lon="129.013568">
        <ele>980.8</ele>
      </trkpt>
      <trkpt lat="35.64292872224081" lon="129.01382446289065">
        <ele>980.2</ele>
      </trkpt>
      <trkpt lat="35.642854" lon="129.013568">
        <ele>979.7</ele>
      </trkpt>
      <trkpt lat="35.642916" lon="129.013524">
        <ele>979.3</ele>
      </trkpt>
      <trkpt lat="35.64299" lon="129.013521">
        <ele>979.0</ele>
      </trkpt>
      <trkpt lat="35.643018" lon="129.013499">
        <ele>978.8</ele>
      </trkpt>
      <trkpt lat="35.64309" lon="129.013507">
        <ele>978.7</ele>
      </trkpt>
      <trkpt lat="35.643182" lon="129.013473">
        <ele>978.6</ele>
      </trkpt>
      <trkpt lat="35.643241" lon="129.013465">
        <ele>978.7</ele>
      </trkpt>
      <trkpt lat="35.643365" lon="129.013352">
        <ele>978.8</ele>
      </trkpt>
      <trkpt lat="35.64339" lon="129.013284">
        <ele>979.0</ele>
      </trkpt>
      <trkpt lat="35.643435" lon="129.013194">
        <ele>979.2</ele>
      </trkpt>
      <trkpt lat="35.643594" lon="129.013039">
        <ele>979.5</ele>
      </trkpt>
      <trkpt lat="35.643642" lon="129.012964">
        <ele>979.8</ele>
      </trkpt>
      <trkpt lat="35.643749" lon="129.012847">
        <ele>980.3</ele>
      </trkpt>
      <trkpt lat="35.643841" lon="129.012785">
        <ele>980.7</ele>
      </trkpt>
      <trkpt lat="35.644033" lon="129.012453">
        <ele>981.2</ele>
      </trkpt>
      <trkpt lat="35.64412" lon="129.012415">
        <ele>981.8</ele>
      </trkpt>
      <trkpt lat="35.644203" lon="129.0123">
        <ele>982.3</ele>
      </trkpt>
      <trkpt lat="35.644284" lon="129.012244">
        <ele>982.8</ele>
      </trkpt>
      <trkpt lat="35.644307" lon="129.012186">
        <ele>983.3</ele>
      </trkpt>
      <trkpt lat="35.644351" lon="129.01216">
        <ele>983.7</ele>
      </trkpt>
      <trkpt lat="35.644436" lon="129.01207">
        <ele>984.2</ele>
      </trkpt>
      <trkpt lat="35.644512" lon="129.011868">
        <ele>984.5</ele>
      </trkpt>
      <trkpt lat="35.644646" lon="129.011724">
        <ele>984.9</ele>
      </trkpt>
      <trkpt lat="35.644698" lon="129.011699">
        <ele>985.1</ele>
      </trkpt>
      <trkpt lat="35.644791" lon="129.011418">
        <ele>985.4</ele>
      </trkpt>
      <trkpt lat="35.64486" lon="129.011309">
        <ele>985.5</ele>
      </trkpt>
      <trkpt lat="35.644955" lon="129.011185">
        <ele>985.5</ele>
      </trkpt>
      <trkpt lat="35.645099" lon="129.01088">
        <ele>985.5</ele>
      </trkpt>
      <trkpt lat="35.645136" lon="129.010759">
        <ele>985.3</ele>
      </trkpt>
      <trkpt lat="35.645125" lon="129.010635">
        <ele>985.0</ele>
      </trkpt>
      <trkpt lat="35.645153" lon="129.010535">
        <ele>984.5</ele>
      </trkpt>
      <trkpt lat="35.645196" lon="129.010415">
        <ele>983.9</ele>
      </trkpt>
      <trkpt lat="35.645195" lon="129.010309">
        <ele>983.2</ele>
      </trkpt>
      <trkpt lat="35.645221" lon="129.010241">
        <ele>982.3</ele>
      </trkpt>
      <trkpt lat="35.645305" lon="129.010161">
        <ele>981.3</ele>
      </trkpt>
      <trkpt lat="35.645292" lon="129.00986">
        <ele>980.1</ele>
      </trkpt>
      <trkpt lat="35.645212" lon="129.009722">
        <ele>978.8</ele>
      </trkpt>
      <trkpt lat="35.645226" lon="129.009543">
        <ele>977.4</ele>
      </trkpt>
      <trkpt lat="35.645216" lon="129.009276">
        <ele>975.8</ele>
      </trkpt>
      <trkpt lat="35.645265364768406" lon="129.0092754364014">
        <ele>974.0</ele>
      </trkpt>
      <trkpt lat="35.645216" lon="129.009276">
        <ele>972.1</ele>
      </trkpt>
      <trkpt lat="35.645212" lon="129.009137">
        <ele>970.0</ele>
      </trkpt>
      <trkpt lat="35.645173" lon="129.008868">
        <ele>967.8</ele>
      </trkpt>
      <trkpt lat="35.645219" lon="129.008657">
        <ele>965.4</ele>
      </trkpt>
      <trkpt lat="35.64516" lon="129.008527">
        <ele>962.8</ele>
      </trkpt>
      <trkpt lat="35.64514" lon="129.008299">
        <ele>960.0</ele>
      </trkpt>
      <trkpt lat="35.645067" lon="129.007762">
        <ele>957.1</ele>
      </trkpt>
      <trkpt lat="35.645074" lon="129.007502">
        <ele>954.1</ele>
      </trkpt>
      <trkpt lat="35.644988" lon="129.007331">
        <ele>951.0</ele>
      </trkpt>
      <trkpt lat="35.644988" lon="129.007022">
        <ele>947.7</ele>
      </trkpt>
      <trkpt lat="35.645067" lon="129.006941">
        <ele>944.2</ele>
      </trkpt>
      <trkpt lat="35.64508" lon="129.006819">
        <ele>940.7</ele>
      </trkpt>
      <trkpt lat="35.644922" lon="129.006795">
        <ele>937.0</ele>
      </trkpt>
      <trkpt lat="35.644965" lon="129.006648">
        <ele>933.1</ele>
      </trkpt>
      <trkpt lat="35.644955" lon="129.006583">
        <ele>929.1</ele>
      </trkpt>
      <trkpt lat="35.645041" lon="129.006535">
        <ele>925.0</ele>
      </trkpt>
      <trkpt lat="35.645215" lon="129.006458">
        <ele>920.8</ele>
      </trkpt>
      <trkpt lat="35.645345" lon="129.006357">
        <ele>916.5</ele>
      </trkpt>
      <trkpt lat="35.645345" lon="129.006206">
        <ele>912.1</ele>
      </trkpt>
      <trkpt lat="35.645441" lon="129.006088">
        <ele>907.7</ele>
      </trkpt>
      <trkpt lat="35.645489" lon="129.005986">
        <ele>903.2</ele>
      </trkpt>
      <trkpt lat="35.645535" lon="129.005949">
        <ele>898.7</ele>
      </trkpt>
      <trkpt lat="35.645684" lon="129.005885">
        <ele>894.1</ele>
      </trkpt>
      <trkpt lat="35.645799" lon="129.005757">
        <ele>889.5</ele>
      </trkpt>
      <trkpt lat="35.645843" lon="129.005687">
        <ele>884.9</ele>
      </trkpt>
      <trkpt lat="35.645851" lon="129.005489">
        <ele>880.2</ele>
      </trkpt>
      <trkpt lat="35.645914" lon="129.005375">
        <ele>875.5</ele>
      </trkpt>
      <trkpt lat="35.645951" lon="129.005255">
        <ele>870.7</ele>
      </trkpt>
      <trkpt lat="35.64596" lon="129.00517">
        <ele>866.0</ele>
      </trkpt>
      <trkpt lat="35.646041" lon="129.005021">
        <ele>861.1</ele>
      </trkpt>
      <trkpt lat="35.646139" lon="129.004866">
        <ele>856.3</ele>
      </trkpt>
      <trkpt lat="35.64619" lon="129.004597">
        <ele>851.4</ele>
      </trkpt>
      <trkpt lat="35.646235" lon="129.004414">
        <ele>846.5</ele>
      </trkpt>
      <trkpt lat="35.646259" lon="129.004243">
        <ele>841.5</ele>
      </trkpt>
      <trkpt lat="35.646328" lon="129.004122">
        <ele>836.6</ele>
      </trkpt>
      <trkpt lat="35.646355" lon="129.004002">
        <ele>831.7</ele>
      </trkpt>
      <trkpt lat="35.646357" lon="129.003903">
        <ele>826.8</ele>
      </trkpt>
      <trkpt lat="35.646328" lon="129.003768">
        <ele>821.9</ele>
      </trkpt>
      <trkpt lat="35.646392" lon="129.003655">
        <ele>816.9</ele>
      </trkpt>
      <trkpt lat="35.646373" lon="129.003479">
        <ele>811.9</ele>
      </trkpt>
      <trkpt lat="35.646254" lon="129.003141">
        <ele>806.9</ele>
      </trkpt>
      <trkpt lat="35.646205" lon="129.002821">
        <ele>801.9</ele>
      </trkpt>
      <trkpt lat="35.646214" lon="129.00265">
        <ele>796.9</ele>
      </trkpt>
      <trkpt lat="35.646179" lon="129.002495">
        <ele>791.9</ele>
      </trkpt>
      <trkpt lat="35.646209" lon="129.002329">
        <ele>787.0</ele>
      </trkpt>
      <trkpt lat="35.64633" lon="129.00215">
        <ele>782.0</ele>
      </trkpt>
      <trkpt lat="35.64643" lon="129.001904">
        <ele>777.0</ele>
      </trkpt>
      <trkpt lat="35.6464" lon="129.001626">
        <ele>772.1</ele>
      </trkpt>
      <trkpt lat="35.646455" lon="129.001528">
        <ele>767.1</ele>
      </trkpt>
      <trkpt lat="35.646635" lon="129.001158">
        <ele>762.1</ele>
      </trkpt>
      <trkpt lat="35.64671" lon="129.001035">
        <ele>757.0</ele>
      </trkpt>
      <trkpt lat="35.64686" lon="129.00093">
        <ele>751.9</ele>
      </trkpt>
      <trkpt lat="35.647061" lon="129.000924">
        <ele>746.7</ele>
      </trkpt>
      <trkpt lat="35.647321" lon="129.000881">
        <ele>741.5</ele>
      </trkpt>
      <trkpt lat="35.647401" lon="129.000795">
        <ele>736.1</ele>
      </trkpt>
      <trkpt lat="35.647566" lon="129.00064">
        <ele>730.8</ele>
      </trkpt>
      <trkpt lat="35.647752" lon="129.000634">
        <ele>725.4</ele>
      </trkpt>
      <trkpt lat="35.647937" lon="129.000573">
        <ele>719.9</ele>
      </trkpt>
      <trkpt lat="35.648167" lon="129.000474">
        <ele>714.4</ele>
      </trkpt>
      <trkpt lat="35.648362" lon="129.000332">
        <ele>709.0</ele>
      </trkpt>
      <trkpt lat="35.648613" lon="129.000184">
        <ele>703.5</ele>
      </trkpt>
      <trkpt lat="35.648873" lon="129.000055">
        <ele>698.0</ele>
      </trkpt>
      <trkpt lat="35.648988" lon="128.999883">
        <ele>692.5</ele>
      </trkpt>
      <trkpt lat="35.649059" lon="128.999932">
        <ele>687.0</ele>
      </trkpt>
      <trkpt lat="35.649099" lon="128.999858">
        <ele>681.6</ele>
      </trkpt>
      <trkpt lat="35.649114" lon="128.999772">
        <ele>676.0</ele>
      </trkpt>
      <trkpt lat="35.649599" lon="128.999272">
        <ele>670.6</ele>
      </trkpt>
      <trkpt lat="35.649634" lon="128.998952">
        <ele>665.1</ele>
      </trkpt>
      <trkpt lat="35.64973" lon="128.998884">
        <ele>659.6</ele>
      </trkpt>
      <trkpt lat="35.649835" lon="128.998693">
        <ele>654.2</ele>
      </trkpt>
      <trkpt lat="35.649835" lon="128.998595">
        <ele>648.9</ele>
      </trkpt>
      <trkpt lat="35.64985" lon="128.998541">
        <ele>643.5</ele>
      </trkpt>
      <trkpt lat="35.649764081067175" lon="128.9985036849976">
        <ele>638.3</ele>
      </trkpt>
      <trkpt lat="35.64985" lon="128.998541">
        <ele>633.0</ele>
      </trkpt>
      <trkpt lat="35.649905" lon="128.998354">
        <ele>627.8</ele>
      </trkpt>
      <trkpt lat="35.64993" lon="128.998083">
        <ele>622.6</ele>
      </trkpt>
      <trkpt lat="35.650025" lon="128.997954">
        <ele>617.5</ele>
      </trkpt>
      <trkpt lat="35.65006" lon="128.997781">
        <ele>612.4</ele>
      </trkpt>
      <trkpt lat="35.650055" lon="128.997356">
        <ele>607.4</ele>
      </trkpt>
      <trkpt lat="35.650115" lon="128.997257">
        <ele>602.4</ele>
      </trkpt>
      <trkpt lat="35.650123" lon="128.997005">
        <ele>597.5</ele>
      </trkpt>
      <trkpt lat="35.650073" lon="128.996832">
        <ele>592.8</ele>
      </trkpt>
      <trkpt lat="35.650088" lon="128.99651">
        <ele>588.1</ele>
      </trkpt>
      <trkpt lat="35.650161" lon="128.996435">
        <ele>583.5</ele>
      </trkpt>
      <trkpt lat="35.650202" lon="128.996244">
        <ele>579.1</ele>
      </trkpt>
      <trkpt lat="35.650217" lon="128.996019">
        <ele>574.8</ele>
      </trkpt>
      <trkpt lat="35.650278" lon="128.99594">
        <ele>570.6</ele>
      </trkpt>
      <trkpt lat="35.650301" lon="128.995851">
        <ele>566.5</ele>
      </trkpt>
      <trkpt lat="35.650354" lon="128.995847">
        <ele>562.5</ele>
      </trkpt>
      <trkpt lat="35.650377" lon="128.995758">
        <ele>558.6</ele>
      </trkpt>
      <trkpt lat="35.650415" lon="128.995716">
        <ele>554.7</ele>
      </trkpt>
      <trkpt lat="35.650434" lon="128.995637">
        <ele>551.0</ele>
      </trkpt>
      <trkpt lat="35.650711" lon="128.995272">
        <ele>547.3</ele>
      </trkpt>
      <trkpt lat="35.650757" lon="128.995097">
        <ele>543.6</ele>
      </trkpt>
      <trkpt lat="35.650813" lon="128.995061">
        <ele>540.1</ele>
      </trkpt>
      <trkpt lat="35.650863" lon="128.994963">
        <ele>536.6</ele>
      </trkpt>
      <trkpt lat="35.650889" lon="128.994849">
        <ele>533.2</ele>
      </trkpt>
      <trkpt lat="35.650978" lon="128.994723">
        <ele>529.8</ele>
      </trkpt>
      <trkpt lat="35.651068" lon="128.99452">
        <ele>526.5</ele>
      </trkpt>
      <trkpt lat="35.65112" lon="128.994325">
        <ele>523.2</ele>
      </trkpt>
      <trkpt lat="35.651229" lon="128.994105">
        <ele>520.0</ele>
      </trkpt>
      <trkpt lat="35.651242" lon="128.994082">
        <ele>516.8</ele>
      </trkpt>
      <trkpt lat="35.65119385257362" lon="128.9940404891968">
        <ele>513.7</ele>
      </trkpt>
      <trkpt lat="35.651242" lon="128.994082">
        <ele>510.6</ele>
      </trkpt>
      <trkpt lat="35.651316" lon="128.993956">
        <ele>507.4</ele>
      </trkpt>
      <trkpt lat="35.65136" lon="128.99408">
        <ele>504.3</ele>
      </trkpt>
      <trkpt lat="35.651371" lon="128.994155">
        <ele>501.2</ele>
      </trkpt>
      <trkpt lat="35.651447" lon="128.99416">
        <ele>498.1</ele>
      </trkpt>
      <trkpt lat="35.651486" lon="128.994171">
        <ele>495.0</ele>
      </trkpt>
      <trkpt lat="35.651506" lon="128.994209">
        <ele>491.9</ele>
      </trkpt>
      <trkpt lat="35.651517" lon="128.994268">
        <ele>488.7</ele>
      </trkpt>
      <trkpt lat="35.651633" lon="128.994345">
        <ele>485.5</ele>
      </trkpt>
      <trkpt lat="35.651671" lon="128.994451">
        <ele>482.3</ele>
      </trkpt>
      <trkpt lat="35.651798" lon="128.994533">
        <ele>478.9</ele>
      </trkpt>
      <trkpt lat="35.651979" lon="128.994535">
        <ele>475.6</ele>
      </trkpt>
      <trkpt lat="35.652096" lon="128.994632">
        <ele>472.1</ele>
      </trkpt>
      <trkpt lat="35.652184" lon="128.994691">
        <ele>468.6</ele>
      </trkpt>
      <trkpt lat="35.652282" lon="128.994791">
        <ele>465.1</ele>
      </trkpt>
      <trkpt lat="35.652343" lon="128.994866">
        <ele>461.5</ele>
      </trkpt>
      <trkpt lat="35.652446" lon="128.994926">
        <ele>457.9</ele>
      </trkpt>
      <trkpt lat="35.65251" lon="128.994944">
        <ele>454.2</ele>
      </trkpt>
      <trkpt lat="35.652575" lon="128.994994">
        <ele>450.5</ele>
      </trkpt>
      <trkpt lat="35.652637" lon="128.995115">
        <ele>446.8</ele>
      </trkpt>
      <trkpt lat="35.652691" lon="128.995261">
        <ele>443.1</ele>
      </trkpt>
      <trkpt lat="35.653022" lon="128.99551">
        <ele>439.3</ele>
      </trkpt>
      <trkpt lat="35.653125" lon="128.995501">
        <ele>435.5</ele>
      </trkpt>
      <trkpt lat="35.65323" lon="128.995518">
        <ele>431.7</ele>
      </trkpt>
      <trkpt lat="35.653395" lon="128.995678">
        <ele>427.9</ele>
      </trkpt>
      <trkpt lat="35.653536" lon="128.995736">
        <ele>424.1</ele>
      </trkpt>
      <trkpt lat="35.653639" lon="128.995877">
        <ele>420.3</ele>
      </trkpt>
      <trkpt lat="35.653617" lon="128.995945">
        <ele>416.5</ele>
      </trkpt>
      <trkpt lat="35.65372" lon="128.996038">
        <ele>412.7</ele>
      </trkpt>
      <trkpt lat="35.653816" lon="128.996098">
        <ele>408.9</ele>
      </trkpt>
      <trkpt lat="35.653999" lon="128.996145">
        <ele>405.1</ele>
      </trkpt>
      <trkpt lat="35.654306" lon="128.996113">
        <ele>401.4</ele>
      </trkpt>
      <trkpt lat="35.654424" lon="128.996137">
        <ele>397.8</ele>
      </trkpt>
      <trkpt lat="35.654501" lon="128.996109">
        <ele>394.1</ele>
      </trkpt>
      <trkpt lat="35.654572" lon="128.996134">
        <ele>390.5</ele>
      </trkpt>
      <trkpt lat="35.654703" lon="128.996301">
        <ele>386.9</ele>
      </trkpt>
      <trkpt lat="35.654807" lon="128.996416">
        <ele>383.4</ele>
      </trkpt>
      <trkpt lat="35.654923" lon="128.996422">
        <ele>380.0</ele>
      </trkpt>
      <trkpt lat="35.65532" lon="128.996555">
        <ele>376.6</ele>
      </trkpt>
      <trkpt lat="35.655483" lon="128.996542">
        <ele>373.3</ele>
      </trkpt>
      <trkpt lat="35.655639" lon="128.996594">
        <ele>370.1</ele>
      </trkpt>
      <trkpt lat="35.655881" lon="128.996638">
        <ele>367.0</ele>
      </trkpt>
      <trkpt lat="35.656004" lon="128.996716">
        <ele>363.9</ele>
      </trkpt>
      <trkpt lat="35.656163" lon="128.99685">
        <ele>361.0</ele>
      </trkpt>
      <trkpt lat="35.656337" lon="128.996913">
        <ele>358.2</ele>
      </trkpt>
      <trkpt lat="35.656503" lon="128.997025">
        <ele>355.4</ele>
      </trkpt>
      <trkpt lat="35.656699" lon="128.997074">
        <ele>352.8</ele>
      </trkpt>
      <trkpt lat="35.656833" lon="128.997098">
        <ele>350.2</ele>
      </trkpt>
      <trkpt lat="35.657007" lon="128.997156">
        <ele>347.7</ele>
      </trkpt>
      <trkpt lat="35.657154" lon="128.997185">
        <ele>345.4</ele>
      </trkpt>
      <trkpt lat="35.657318" lon="128.997181">
        <ele>343.1</ele>
      </trkpt>
      <trkpt lat="35.657467" lon="128.99725">
        <ele>340.9</ele>
      </trkpt>
      <trkpt lat="35.657692" lon="128.997408">
        <ele>338.8</ele>
      </trkpt>
      <trkpt lat="35.657746" lon="128.997439">
        <ele>336.7</ele>
      </trkpt>
      <trkpt lat="35.657793" lon="128.997557">
        <ele>334.8</ele>
      </trkpt>
      <trkpt lat="35.657824" lon="128.997722">
        <ele>332.9</ele>
      </trkpt>
      <trkpt lat="35.657843" lon="128.997835">
        <ele>331.1</ele>
      </trkpt>
      <trkpt lat="35.657908" lon="128.997887">
        <ele>329.3</ele>
      </trkpt>
      <trkpt lat="35.658024" lon="128.99791">
        <ele>327.6</ele>
      </trkpt>
      <trkpt lat="35.65809" lon="128.997916">
        <ele>326.0</ele>
      </trkpt>
      <trkpt lat="35.658204" lon="128.997995">
        <ele>324.4</ele>
      </trkpt>
      <trkpt lat="35.65827" lon="128.998072">
        <ele>322.8</ele>
      </trkpt>
      <trkpt lat="35.658373" lon="128.998127">
        <ele>321.3</ele>
      </trkpt>
      <trkpt lat="35.658612" lon="128.998166">
        <ele>319.8</ele>
      </trkpt>
      <trkpt lat="35.658679" lon="128.998249">
        <ele>318.3</ele>
      </trkpt>
      <trkpt lat="35.658796" lon="128.998329">
        <ele>316.9</ele>
      </trkpt>
      <trkpt lat="35.659117" lon="128.998333">
        <ele>315.5</ele>
      </trkpt>
      <trkpt lat="35.659167" lon="128.998351">
        <ele>314.2</ele>
      </trkpt>
      <trkpt lat="35.659317" lon="128.998447">
        <ele>312.9</ele>
      </trkpt>
      <trkpt lat="35.659409" lon="128.998531">
        <ele>311.7</ele>
      </trkpt>
      <trkpt lat="35.659531" lon="128.998756">
        <ele>310.5</ele>
      </trkpt>
      <trkpt lat="35.659691" lon="128.998899">
        <ele>309.3</ele>
      </trkpt>
      <trkpt lat="35.659717" lon="128.998966">
        <ele>308.2</ele>
      </trkpt>
      <trkpt lat="35.659702207311874" lon="128.9989757537842">
        <ele>307.1</ele>
      </trkpt>
      <trkpt lat="35.659717" lon="128.998966">
        <ele>305.9</ele>
      </trkpt>
      <trkpt lat="35.659755" lon="128.999058">
        <ele>304.9</ele>
      </trkpt>
      <trkpt lat="35.659829" lon="128.999186">
        <ele>303.8</ele>
      </trkpt>
      <trkpt lat="35.66007" lon="128.999467">
        <ele>302.8</ele>
      </trkpt>
      <trkpt lat="35.660208" lon="128.999562">
        <ele>301.7</ele>
      </trkpt>
      <trkpt lat="35.66031" lon="128.999598">
        <ele>300.6</ele>
      </trkpt>
      <trkpt lat="35.660532" lon="128.99961">
        <ele>299.6</ele>
      </trkpt>
      <trkpt lat="35.660668" lon="128.999688">
        <ele>298.5</ele>
      </trkpt>
      <trkpt lat="35.660841" lon="128.999809">
        <ele>297.5</ele>
      </trkpt>
      <trkpt lat="35.660939" lon="128.999847">
        <ele>296.4</ele>
      </trkpt>
      <trkpt lat="35.661027" lon="128.999861">
        <ele>295.3</ele>
      </trkpt>
      <trkpt lat="35.661095" lon="128.999838">
        <ele>294.3</ele>
      </trkpt>
      <trkpt lat="35.661353" lon="129.000153">
        <ele>293.2</ele>
      </trkpt>
      <trkpt lat="35.661592" lon="129.000416">
        <ele>292.1</ele>
      </trkpt>
      <trkpt lat="35.661993" lon="129.000584">
        <ele>291.1</ele>
      </trkpt>
      <trkpt lat="35.662218" lon="129.00062">
        <ele>290.0</ele>
      </trkpt>
      <trkpt lat="35.662268" lon="129.00057">
        <ele>289.0</ele>
      </trkpt>
      <trkpt lat="35.66226499717752" lon="129.00056362152102">
        <ele>288.0</ele>
      </trkpt>
      <trkpt lat="35.662268" lon="129.00057">
        <ele>287.0</ele>
      </trkpt>
      <trkpt lat="35.662375" lon="129.000466">
        <ele>286.0</ele>
      </trkpt>
      <trkpt lat="35.662781" lon="129.000287">
        <ele>285.0</ele>
      </trkpt>
      <trkpt lat="35.662873" lon="129.00028">
        <ele>284.1</ele>
      </trkpt>
      <trkpt lat="35.66287517311728" lon="129.0003061294556">
        <ele>283.2</ele>
      </trkpt>
      <trkpt lat="35.662873" lon="129.00028">
        <ele>282.3</ele>
      </trkpt>
      <trkpt lat="35.662914" lon="129.000278">
        <ele>281.4</ele>
      </trkpt>
      <trkpt lat="35.66303" lon="129.000362">
        <ele>280.5</ele>
      </trkpt>
      <trkpt lat="35.662944" lon="129.00056">
        <ele>279.7</ele>
      </trkpt>
      <trkpt lat="35.662934" lon="129.000927">
        <ele>278.8</ele>
      </trkpt>
      <trkpt lat="35.662982" lon="129.001321">
        <ele>278.0</ele>
      </trkpt>
      <trkpt lat="35.663052" lon="129.001412">
        <ele>277.2</ele>
      </trkpt>
      <trkpt lat="35.663107" lon="129.001447">
        <ele>276.4</ele>
      </trkpt>
      <trkpt lat="35.663161" lon="129.001481">
        <ele>275.6</ele>
      </trkpt>
      <trkpt lat="35.663534" lon="129.001762">
        <ele>274.9</ele>
      </trkpt>
      <trkpt lat="35.663725" lon="129.001766">
        <ele>274.2</ele>
      </trkpt>
      <trkpt lat="35.663783" lon="129.00173">
        <ele>273.5</ele>
      </trkpt>
      <trkpt lat="35.66372941159918" lon="129.00159358978274">
        <ele>272.8</ele>
      </trkpt>
      <trkpt lat="35.663783" lon="129.00173">
        <ele>272.2</ele>
      </trkpt>
      <trkpt lat="35.664085" lon="129.00155">
        <ele>271.6</ele>
      </trkpt>
      <trkpt lat="35.664409" lon="129.001388">
        <ele>271.0</ele>
      </trkpt>
      <trkpt lat="35.664568" lon="129.001395">
        <ele>270.5</ele>
      </trkpt>
      <trkpt lat="35.664919" lon="129.001359">
        <ele>270.0</ele>
      </trkpt>
      <trkpt lat="35.665004" lon="129.001369">
        <ele>269.6</ele>
      </trkpt>
      <trkpt lat="35.665159" lon="129.001386">
        <ele>269.2</ele>
      </trkpt>
      <trkpt lat="35.665578" lon="129.001405">
        <ele>268.9</ele>
      </trkpt>
      <trkpt lat="35.665761" lon="129.001413">
        <ele>268.6</ele>
      </trkpt>
      <trkpt lat="35.666388" lon="129.001418">
        <ele>268.4</ele>
      </trkpt>
      <trkpt lat="35.66657" lon="129.001439">
        <ele>268.2</ele>
      </trkpt>
      <trkpt lat="35.667312" lon="129.00151">
        <ele>268.1</ele>
      </trkpt>
      <trkpt lat="35.667323" lon="129.001604">
        <ele>268.1</ele>
      </trkpt>
      <trkpt lat="35.667268302231044" lon="129.00161504745486">
        <ele>268.1</ele>
      </trkpt>
      <trkpt lat="35.667323" lon="129.001604">
        <ele>268.1</ele>
      </trkpt>
      <trkpt lat="35.667329" lon="129.001655">
        <ele>268.3</ele>
      </trkpt>
      <trkpt lat="35.667329" lon="129.001756">
        <ele>268.5</ele>
      </trkpt>
      <trkpt lat="35.667325" lon="129.002159">
        <ele>268.8</ele>
      </trkpt>
      <trkpt lat="35.667342" lon="129.002489">
        <ele>269.1</ele>
      </trkpt>
      <trkpt lat="35.667484" lon="129.002449">
        <ele>269.5</ele>
      </trkpt>
      <trkpt lat="35.667657" lon="129.002407">
        <ele>269.9</ele>
      </trkpt>
      <trkpt lat="35.66781" lon="129.0024">
        <ele>270.5</ele>
      </trkpt>
      <trkpt lat="35.66835" lon="129.00232">
        <ele>271.1</ele>
      </trkpt>
      <trkpt lat="35.668308" lon="129.00246">
        <ele>271.8</ele>
      </trkpt>
      <trkpt lat="35.66829" lon="129.002632">
        <ele>272.6</ele>
      </trkpt>
      <trkpt lat="35.668231" lon="129.002809">
        <ele>273.6</ele>
      </trkpt>
      <trkpt lat="35.668131" lon="129.00298">
        <ele>274.6</ele>
      </trkpt>
      <trkpt lat="35.668077" lon="129.003147">
        <ele>275.8</ele>
      </trkpt>
      <trkpt lat="35.668091" lon="129.003228">
        <ele>277.1</ele>
      </trkpt>
      <trkpt lat="35.668092" lon="129.003291">
        <ele>278.5</ele>
      </trkpt>
      <trkpt lat="35.668038" lon="129.003635">
        <ele>280.1</ele>
      </trkpt>
      <trkpt lat="35.668046" lon="129.003747">
        <ele>281.9</ele>
      </trkpt>
      <trkpt lat="35.668064" lon="129.003849">
        <ele>283.9</ele>
      </trkpt>
      <trkpt lat="35.668101" lon="129.003916">
        <ele>286.0</ele>
      </trkpt>
      <trkpt lat="35.668194" lon="129.00402">
        <ele>288.4</ele>
      </trkpt>
      <trkpt lat="35.668257" lon="129.004127">
        <ele>291.0</ele>
      </trkpt>
      <trkpt lat="35.668389" lon="129.004197">
        <ele>293.8</ele>
      </trkpt>
      <trkpt lat="35.668408" lon="129.004271">
        <ele>296.8</ele>
      </trkpt>
      <trkpt lat="35.668444" lon="129.004299">
        <ele>300.1</ele>
      </trkpt>
      <trkpt lat="35.668564" lon="129.004311">
        <ele>303.7</ele>
      </trkpt>
      <trkpt lat="35.668611" lon="129.004382">
        <ele>307.5</ele>
      </trkpt>
      <trkpt lat="35.668618" lon="129.00445">
        <ele>311.5</ele>
      </trkpt>
      <trkpt lat="35.668651" lon="129.004587">
        <ele>315.8</ele>
      </trkpt>
      <trkpt lat="35.668619" lon="129.004807">
        <ele>320.3</ele>
      </trkpt>
      <trkpt lat="35.668557" lon="129.00489">
        <ele>325.1</ele>
      </trkpt>
      <trkpt lat="35.668547" lon="129.00497">
        <ele>330.2</ele>
      </trkpt>
      <trkpt lat="35.668573" lon="129.004993">
        <ele>335.5</ele>
      </trkpt>
      <trkpt lat="35.668576" lon="129.005017">
        <ele>341.1</ele>
      </trkpt>
      <trkpt lat="35.66854089759655" lon="129.00502706573886">
        <ele>346.9</ele>
      </trkpt>
      <trkpt lat="35.668576" lon="129.005017">
        <ele>353.1</ele>
      </trkpt>
      <trkpt lat="35.668573" lon="129.004993">
        <ele>359.4</ele>
      </trkpt>
      <trkpt lat="35.669179" lon="129.005204">
        <ele>366.1</ele>
      </trkpt>
      <trkpt lat="35.669434" lon="129.005459">
        <ele>373.0</ele>
      </trkpt>
      <trkpt lat="35.669495" lon="129.005534">
        <ele>380.1</ele>
      </trkpt>
      <trkpt lat="35.669563" lon="129.005494">
        <ele>387.5</ele>
      </trkpt>
      <trkpt lat="35.669617" lon="129.005625">
        <ele>395.1</ele>
      </trkpt>
      <trkpt lat="35.669726" lon="129.005617">
        <ele>402.9</ele>
      </trkpt>
      <trkpt lat="35.670009" lon="129.005864">
        <ele>411.0</ele>
      </trkpt>
      <trkpt lat="35.670136" lon="129.006202">
        <ele>419.2</ele>
      </trkpt>
      <trkpt lat="35.670308" lon="129.006572">
        <ele>427.6</ele>
      </trkpt>
      <trkpt lat="35.670489" lon="129.006894">
        <ele>436.2</ele>
      </trkpt>
      <trkpt lat="35.670594" lon="129.007221">
        <ele>444.9</ele>
      </trkpt>
      <trkpt lat="35.670589" lon="129.008127">
        <ele>453.8</ele>
      </trkpt>
      <trkpt lat="35.670655" lon="129.008342">
        <ele>462.7</ele>
      </trkpt>
      <trkpt lat="35.670692" lon="129.008527">
        <ele>471.6</ele>
      </trkpt>
      <trkpt lat="35.670681" lon="129.008959">
        <ele>480.7</ele>
      </trkpt>
      <trkpt lat="35.670807" lon="129.009345">
        <ele>489.8</ele>
      </trkpt>
      <trkpt lat="35.670864" lon="129.009699">
        <ele>498.8</ele>
      </trkpt>
      <trkpt lat="35.670811" lon="129.009817">
        <ele>507.9</ele>
      </trkpt>
      <trkpt lat="35.670644" lon="129.010118">
        <ele>516.9</ele>
      </trkpt>
      <trkpt lat="35.670489" lon="129.010241">
        <ele>525.9</ele>
      </trkpt>
      <trkpt lat="35.670454" lon="129.010584">
        <ele>534.8</ele>
      </trkpt>
      <trkpt lat="35.670424" lon="129.011722">
        <ele>543.7</ele>
      </trkpt>
      <trkpt lat="35.670463" lon="129.01206">
        <ele>552.5</ele>
      </trkpt>
      <trkpt lat="35.670651" lon="129.012563">
        <ele>561.2</ele>
      </trkpt>
      <trkpt lat="35.6705455862926" lon="129.01262308166903">
        <ele>569.8</ele>
      </trkpt>
      <trkpt lat="35.670651" lon="129.012563">
        <ele>578.2</ele>
      </trkpt>
      <trkpt lat="35.670663" lon="129.012596">
        <ele>586.6</ele>
      </trkpt>
      <trkpt lat="35.670964" lon="129.013068">
        <ele>594.9</ele>
      </trkpt>
      <trkpt lat="35.671208" lon="129.013283">
        <ele>603.0</ele>
      </trkpt>
      <trkpt lat="35.671304" lon="129.013449">
        <ele>611.0</ele>
      </trkpt>
      <trkpt lat="35.671422" lon="129.013712">
        <ele>618.9</ele>
      </trkpt>
      <trkpt lat="35.671596" lon="129.014066">
        <ele>626.6</ele>
      </trkpt>
      <trkpt lat="35.671814" lon="129.014549">
        <ele>634.2</ele>
      </trkpt>
      <trkpt lat="35.672049" lon="129.015128">
        <ele>641.6</ele>
      </trkpt>
      <trkpt lat="35.672302" lon="129.016035">
        <ele>648.8</ele>
      </trkpt>
      <trkpt lat="35.672415" lon="129.016598">
        <ele>655.9</ele>
      </trkpt>
      <trkpt lat="35.672502" lon="129.016705">
        <ele>662.7</ele>
      </trkpt>
      <trkpt lat="35.672603" lon="129.016812">
        <ele>669.3</ele>
      </trkpt>
      <trkpt lat="35.672895" lon="129.016973">
        <ele>675.8</ele>
      </trkpt>
      <trkpt lat="35.673082" lon="129.017242">
        <ele>682.1</ele>
      </trkpt>
      <trkpt lat="35.673287" lon="129.017494">
        <ele>688.2</ele>
      </trkpt>
      <trkpt lat="35.6735" lon="129.017639">
        <ele>694.2</ele>
      </trkpt>
      <trkpt lat="35.673919" lon="129.017987">
        <ele>700.0</ele>
      </trkpt>
      <trkpt lat="35.674315" lon="129.018545">
        <ele>705.6</ele>
      </trkpt>
      <trkpt lat="35.67445" lon="129.018787">
        <ele>711.2</ele>
      </trkpt>
      <trkpt lat="35.674145" lon="129.019682">
        <ele>716.5</ele>
      </trkpt>
      <trkpt lat="35.67415" lon="129.019918">
        <ele>721.7</ele>
      </trkpt>
      <trkpt lat="35.674189" lon="129.020315">
        <ele>726.8</ele>
      </trkpt>
      <trkpt lat="35.674289" lon="129.020616">
        <ele>731.7</ele>
      </trkpt>
      <trkpt lat="35.67445" lon="129.021024">
        <ele>736.5</ele>
      </trkpt>
      <trkpt lat="35.674568" lon="129.021281">
        <ele>741.3</ele>
      </trkpt>
      <trkpt lat="35.674594" lon="129.021737">
        <ele>746.0</ele>
      </trkpt>
      <trkpt lat="35.67472" lon="129.022424">
        <ele>750.7</ele>
      </trkpt>
      <trkpt lat="35.674794" lon="129.02274">
        <ele>755.3</ele>
      </trkpt>
      <trkpt lat="35.675065" lon="129.023175">
        <ele>759.9</ele>
      </trkpt>
      <trkpt lat="35.675261" lon="129.023395">
        <ele>764.5</ele>
      </trkpt>
      <trkpt lat="35.675396" lon="129.023716">
        <ele>769.1</ele>
      </trkpt>
      <trkpt lat="35.675392" lon="129.024135">
        <ele>773.7</ele>
      </trkpt>
      <trkpt lat="35.675514" lon="129.024489">
        <ele>778.3</ele>
      </trkpt>
      <trkpt lat="35.675636" lon="129.024956">
        <ele>782.9</ele>
      </trkpt>
      <trkpt lat="35.675649" lon="129.025219">
        <ele>787.5</ele>
      </trkpt>
      <trkpt lat="35.675727" lon="129.025501">
        <ele>792.1</ele>
      </trkpt>
      <trkpt lat="35.675687790658095" lon="129.02551889419559">
        <ele>796.8</ele>
      </trkpt>
      <trkpt lat="35.675727" lon="129.025501">
        <ele>801.5</ele>
      </trkpt>
      <trkpt lat="35.67574" lon="129.025546">
        <ele>806.3</ele>
      </trkpt>
      <trkpt lat="35.675936" lon="129.025782">
        <ele>811.2</ele>
      </trkpt>
      <trkpt lat="35.676228" lon="129.026045">
        <ele>816.2</ele>
      </trkpt>
      <trkpt lat="35.676538" lon="129.026624">
        <ele>821.2</ele>
      </trkpt>
      <trkpt lat="35.676716" lon="129.027112">
        <ele>826.4</ele>
      </trkpt>
      <trkpt lat="35.676899" lon="129.027536">
        <ele>831.7</ele>
      </trkpt>
      <trkpt lat="35.677091" lon="129.027949">
        <ele>837.0</ele>
      </trkpt>
      <trkpt lat="35.677224" lon="129.028338">
        <ele>842.4</ele>
      </trkpt>
      <trkpt lat="35.677588" lon="129.028609">
        <ele>847.9</ele>
      </trkpt>
      <trkpt lat="35.677692" lon="129.028974">
        <ele>853.4</ele>
      </trkpt>
      <trkpt lat="35.677799" lon="129.029265">
        <ele>859.0</ele>
      </trkpt>
      <trkpt lat="35.6779014631333" lon="129.02920961380008">
        <ele>864.5</ele>
      </trkpt>
      <trkpt lat="35.677799" lon="129.029265">
        <ele>870.1</ele>
      </trkpt>
      <trkpt lat="35.67791" lon="129.029564">
        <ele>875.8</ele>
      </trkpt>
      <trkpt lat="35.67798" lon="129.030165">
        <ele>881.4</ele>
      </trkpt>
      <trkpt lat="35.677971" lon="129.030594">
        <ele>887.0</ele>
      </trkpt>
      <trkpt lat="35.678015" lon="129.03098">
        <ele>892.5</ele>
      </trkpt>
      <trkpt lat="35.678119" lon="129.031688">
        <ele>898.0</ele>
      </trkpt>
      <trkpt lat="35.67805" lon="129.031924">
        <ele>903.3</ele>
      </trkpt>
      <trkpt lat="35.677875" lon="129.032117">
        <ele>908.5</ele>
      </trkpt>
      <trkpt lat="35.677614" lon="129.03231">
        <ele>913.6</ele>
      </trkpt>
      <trkpt lat="35.677352" lon="129.032686">
        <ele>918.5</ele>
      </trkpt>
      <trkpt lat="35.677152" lon="129.032782">
        <ele>923.2</ele>
      </trkpt>
      <trkpt lat="35.677122" lon="129.032777">
        <ele>927.7</ele>
      </trkpt>
      <trkpt lat="35.67711709802057" lon="129.0328359603882">
        <ele>931.9</ele>
      </trkpt>
      <trkpt lat="35.677122" lon="129.032777">
        <ele>935.8</ele>
      </trkpt>
      <trkpt lat="35.676825" lon="129.03273">
        <ele>939.5</ele>
      </trkpt>
      <trkpt lat="35.676724" lon="129.033257">
        <ele>943.0</ele>
      </trkpt>
      <trkpt lat="35.676506" lon="129.033714">
        <ele>946.1</ele>
      </trkpt>
      <trkpt lat="35.676119" lon="129.0341">
        <ele>948.9</ele>
      </trkpt>
      <trkpt lat="35.676106127170016" lon="129.03408050537112">
        <ele>951.4</ele>
      </trkpt>
      <trkpt lat="35.676119" lon="129.0341">
        <ele>953.6</ele>
      </trkpt>
      <trkpt lat="35.676089" lon="129.034131">
        <ele>955.4</ele>
      </trkpt>
      <trkpt lat="35.675906" lon="129.034059">
        <ele>956.8</ele>
      </trkpt>
      <trkpt lat="35.675709" lon="129.033934">
        <ele>958.0</ele>
      </trkpt>
      <trkpt lat="35.67555" lon="129.033939">
        <ele>958.7</ele>
      </trkpt>
      <trkpt lat="35.675376" lon="129.033851">
        <ele>959.1</ele>
      </trkpt>
      <trkpt lat="35.675166" lon="129.033834">
        <ele>959.2</ele>
      </trkpt>
      <trkpt lat="35.674995" lon="129.033795">
        <ele>958.9</ele>
      </trkpt>
      <trkpt lat="35.674854" lon="129.033772">
        <ele>958.4</ele>
      </trkpt>
      <trkpt lat="35.674748" lon="129.033829">
        <ele>957.5</ele>
      </trkpt>
      <trkpt lat="35.674659" lon="129.033917">
        <ele>956.3</ele>
      </trkpt>
      <trkpt lat="35.67447" lon="129.034147">
        <ele>954.9</ele>
      </trkpt>
      <trkpt lat="35.674357" lon="129.034164">
        <ele>953.2</ele>
      </trkpt>
      <trkpt lat="35.674156" lon="129.034362">
        <ele>951.2</ele>
      </trkpt>
      <trkpt lat="35.674066" lon="129.034486">
        <ele>949.1</ele>
      </trkpt>
      <trkpt lat="35.674059" lon="129.034633">
        <ele>946.8</ele>
      </trkpt>
      <trkpt lat="35.673954" lon="129.034699">
        <ele>944.4</ele>
      </trkpt>
      <trkpt lat="35.673893" lon="129.034615">
        <ele>941.8</ele>
      </trkpt>
      <trkpt lat="35.673808" lon="129.034632">
        <ele>939.1</ele>
      </trkpt>
      <trkpt lat="35.673829" lon="129.034779">
        <ele>936.3</ele>
      </trkpt>
      <trkpt lat="35.67379" lon="129.034807">
        <ele>933.4</ele>
      </trkpt>
      <trkpt lat="35.673695" lon="129.034995">
        <ele>930.5</ele>
      </trkpt>
      <trkpt lat="35.673128" lon="129.035751">
        <ele>927.5</ele>
      </trkpt>
      <trkpt lat="35.672934" lon="129.035937">
        <ele>924.6</ele>
      </trkpt>
      <trkpt lat="35.672876" lon="129.036083">
        <ele>921.8</ele>
      </trkpt>
      <trkpt lat="35.672736" lon="129.036186">
        <ele>919.0</ele>
      </trkpt>
      <trkpt lat="35.672592" lon="129.03636">
        <ele>916.3</ele>
      </trkpt>
      <trkpt lat="35.672388" lon="129.036477">
        <ele>913.6</ele>
      </trkpt>
      <trkpt lat="35.672233" lon="129.036517">
        <ele>911.1</ele>
      </trkpt>
      <trkpt lat="35.672168" lon="129.03665">
        <ele>908.7</ele>
      </trkpt>
      <trkpt lat="35.671753" lon="129.036891">
        <ele>906.4</ele>
      </trkpt>
      <trkpt lat="35.671651" lon="129.037013">
        <ele>904.3</ele>
      </trkpt>
      <trkpt lat="35.671546" lon="129.037055">
        <ele>902.3</ele>
      </trkpt>
      <trkpt lat="35.671368" lon="129.037168">
        <ele>900.5</ele>
      </trkpt>
      <trkpt lat="35.670926" lon="129.037429">
        <ele>898.8</ele>
      </trkpt>
      <trkpt lat="35.670136" lon="129.038012">
        <ele>897.3</ele>
      </trkpt>
      <trkpt lat="35.669886" lon="129.03816">
        <ele>896.0</ele>
      </trkpt>
      <trkpt lat="35.669449" lon="129.038305">
        <ele>895.0</ele>
      </trkpt>
      <trkpt lat="35.669038" lon="129.038509">
        <ele>894.1</ele>
      </trkpt>
      <trkpt lat="35.668941" lon="129.038588">
        <ele>893.4</ele>
      </trkpt>
      <trkpt lat="35.668808" lon="129.038618">
        <ele>892.8</ele>
      </trkpt>
      <trkpt lat="35.668675" lon="129.03871">
        <ele>892.5</ele>
      </trkpt>
      <trkpt lat="35.668525" lon="129.038745">
        <ele>892.3</ele>
      </trkpt>
      <trkpt lat="35.6685583021662" lon="129.03895139694217">
        <ele>892.3</ele>
      </trkpt>
      <trkpt lat="35.668525" lon="129.038745">
        <ele>892.4</ele>
      </trkpt>
      <trkpt lat="35.668268" lon="129.038806">
        <ele>892.7</ele>
      </trkpt>
      <trkpt lat="35.668083" lon="129.038908">
        <ele>893.1</ele>
      </trkpt>
      <trkpt lat="35.667962" lon="129.03899">
        <ele>893.5</ele>
      </trkpt>
      <trkpt lat="35.667852" lon="129.039024">
        <ele>894.1</ele>
      </trkpt>
      <trkpt lat="35.667718" lon="129.039124">
        <ele>894.8</ele>
      </trkpt>
      <trkpt lat="35.667576" lon="129.039171">
        <ele>895.6</ele>
      </trkpt>
      <trkpt lat="35.667458" lon="129.039235">
        <ele>896.4</ele>
      </trkpt>
      <trkpt lat="35.667339" lon="129.039372">
        <ele>897.3</ele>
      </trkpt>
      <trkpt lat="35.667073" lon="129.039526">
        <ele>898.2</ele>
      </trkpt>
      <trkpt lat="35.666728" lon="129.039635">
        <ele>899.1</ele>
      </trkpt>
      <trkpt lat="35.666642" lon="129.039719">
        <ele>900.1</ele>
      </trkpt>
      <trkpt lat="35.666475" lon="129.039744">
        <ele>901.1</ele>
      </trkpt>
      <trkpt lat="35.666344" lon="129.039801">
        <ele>902.1</ele>
      </trkpt>
      <trkpt lat="35.665939" lon="129.039798">
        <ele>903.0</ele>
      </trkpt>
      <trkpt lat="35.665866" lon="129.039868">
        <ele>904.0</ele>
      </trkpt>
      <trkpt lat="35.665799" lon="129.039866">
        <ele>905.0</ele>
      </trkpt>
      <trkpt lat="35.665657" lon="129.03984">
        <ele>905.9</ele>
      </trkpt>
      <trkpt lat="35.665554" lon="129.039882">
        <ele>906.8</ele>
      </trkpt>
      <trkpt lat="35.665209" lon="129.039912">
        <ele>907.7</ele>
      </trkpt>
      <trkpt lat="35.664978" lon="129.039942">
        <ele>908.5</ele>
      </trkpt>
      <trkpt lat="35.664778" lon="129.039946">
        <ele>909.3</ele>
      </trkpt>
      <trkpt lat="35.6647" lon="129.03989">
        <ele>910.1</ele>
      </trkpt>
      <trkpt lat="35.664619" lon="129.03989">
        <ele>910.7</ele>
      </trkpt>
      <trkpt lat="35.664527" lon="129.039841">
        <ele>911.4</ele>
      </trkpt>
      <trkpt lat="35.664257" lon="129.039884">
        <ele>911.9</ele>
      </trkpt>
      <trkpt lat="35.663922" lon="129.039673">
        <ele>912.5</ele>
      </trkpt>
      <trkpt lat="35.663597" lon="129.03976">
        <ele>912.9</ele>
      </trkpt>
      <trkpt lat="35.663456" lon="129.039676">
        <ele>913.3</ele>
      </trkpt>
      <trkpt lat="35.663094" lon="129.039834">
        <ele>913.7</ele>
      </trkpt>
      <trkpt lat="35.662915" lon="129.039878">
        <ele>914.0</ele>
      </trkpt>
      <trkpt lat="35.662725" lon="129.039855">
        <ele>914.3</ele>
      </trkpt>
      <trkpt lat="35.662533" lon="129.039906">
        <ele>914.6</ele>
      </trkpt>
      <trkpt lat="35.662365" lon="129.040055">
        <ele>914.9</ele>
      </trkpt>
      <trkpt lat="35.662306" lon="129.040159">
        <ele>915.2</ele>
      </trkpt>
      <trkpt lat="35.66224756351073" lon="129.0401101112366">
        <ele>915.4</ele>
      </trkpt>
      <trkpt lat="35.662306" lon="129.040159">
        <ele>915.7</ele>
      </trkpt>
      <trkpt lat="35.662257" lon="129.040247">
        <ele>916.0</ele>
      </trkpt>
      <trkpt lat="35.662217" lon="129.040326">
        <ele>916.3</ele>
      </trkpt>
      <trkpt lat="35.662103" lon="129.040373">
        <ele>916.6</ele>
      </trkpt>
      <trkpt lat="35.661889" lon="129.040438">
        <ele>916.9</ele>
      </trkpt>
      <trkpt lat="35.661707" lon="129.040472">
        <ele>917.2</ele>
      </trkpt>
      <trkpt lat="35.661639" lon="129.04054">
        <ele>917.6</ele>
      </trkpt>
      <trkpt lat="35.661534" lon="129.040553">
        <ele>917.9</ele>
      </trkpt>
      <trkpt lat="35.661427" lon="129.040587">
        <ele>918.2</ele>
      </trkpt>
      <trkpt lat="35.661142" lon="129.040559">
        <ele>918.5</ele>
      </trkpt>
      <trkpt lat="35.660931" lon="129.040725">
        <ele>918.8</ele>
      </trkpt>
      <trkpt lat="35.66081" lon="129.040737">
        <ele>919.1</ele>
      </trkpt>
      <trkpt lat="35.660526" lon="129.040703">
        <ele>919.4</ele>
      </trkpt>
      <trkpt lat="35.660364" lon="129.040695">
        <ele>919.7</ele>
      </trkpt>
      <trkpt lat="35.660266" lon="129.040706">
        <ele>920.0</ele>
      </trkpt>
      <trkpt lat="35.660027" lon="129.0407">
        <ele>920.2</ele>
      </trkpt>
      <trkpt lat="35.65967" lon="129.040528">
        <ele>920.4</ele>
      </trkpt>
      <trkpt lat="35.659517" lon="129.040475">
        <ele>920.6</ele>
      </trkpt>
      <trkpt lat="35.659352" lon="129.040557">
        <ele>920.8</ele>
      </trkpt>
      <trkpt lat="35.65926" lon="129.040461">
        <ele>921.0</ele>
      </trkpt>
      <trkpt lat="35.659149" lon="129.040376">
        <ele>921.1</ele>
      </trkpt>
      <trkpt lat="35.659064" lon="129.040475">
        <ele>921.2</ele>
      </trkpt>
      <trkpt lat="35.65893" lon="129.040469">
        <ele>921.3</ele>
      </trkpt>
      <trkpt lat="35.658923" lon="129.040359">
        <ele>921.3</ele>
      </trkpt>
      <trkpt lat="35.65886" lon="129.040312">
        <ele>921.4</ele>
      </trkpt>
      <trkpt lat="35.658729" lon="129.040296">
        <ele>921.4</ele>
      </trkpt>
      <trkpt lat="35.658511" lon="129.040322">
        <ele>921.3</ele>
      </trkpt>
      <trkpt lat="35.658353" lon="129.040366">
        <ele>921.2</ele>
      </trkpt>
      <trkpt lat="35.65819" lon="129.040341">
        <ele>921.0</ele>
      </trkpt>
      <trkpt lat="35.657858" lon="129.04017">
        <ele>920.8</ele>
      </trkpt>
      <trkpt lat="35.657742" lon="129.040179">
        <ele>920.5</ele>
      </trkpt>
      <trkpt lat="35.657674" lon="129.040199">
        <ele>920.2</ele>
      </trkpt>
      <trkpt lat="35.657601" lon="129.04019">
        <ele>919.8</ele>
      </trkpt>
      <trkpt lat="35.657554" lon="129.040311">
        <ele>919.3</ele>
      </trkpt>
      <trkpt lat="35.657496" lon="129.040334">
        <ele>918.8</ele>
      </trkpt>
      <trkpt lat="35.657436" lon="129.040445">
        <ele>918.2</ele>
      </trkpt>
      <trkpt lat="35.657369" lon="129.040631">
        <ele>917.5</ele>
      </trkpt>
      <trkpt lat="35.657254" lon="129.040716">
        <ele>916.8</ele>
      </trkpt>
      <trkpt lat="35.657228" lon="129.040793">
        <ele>916.1</ele>
      </trkpt>
      <trkpt lat="35.657168" lon="129.04082">
        <ele>915.3</ele>
      </trkpt>
      <trkpt lat="35.657143" lon="129.040929">
        <ele>914.5</ele>
      </trkpt>
      <trkpt lat="35.657085" lon="129.040889">
        <ele>913.6</ele>
      </trkpt>
      <trkpt lat="35.657031" lon="129.041051">
        <ele>912.8</ele>
      </trkpt>
      <trkpt lat="35.656976" lon="129.041137">
        <ele>911.9</ele>
      </trkpt>
      <trkpt lat="35.656893" lon="129.041299">
        <ele>911.0</ele>
      </trkpt>
      <trkpt lat="35.656603" lon="129.041655">
        <ele>910.0</ele>
      </trkpt>
      <trkpt lat="35.656493" lon="129.04172">
        <ele>909.0</ele>
      </trkpt>
      <trkpt lat="35.65642" lon="129.041909">
        <ele>908.1</ele>
      </trkpt>
      <trkpt lat="35.65635" lon="129.041904">
        <ele>907.1</ele>
      </trkpt>
      <trkpt lat="35.655952" lon="129.042114">
        <ele>906.1</ele>
      </trkpt>
      <trkpt lat="35.65571" lon="129.042301">
        <ele>905.1</ele>
      </trkpt>
      <trkpt lat="35.65559" lon="129.042281">
        <ele>904.1</ele>
      </trkpt>
      <trkpt lat="35.655468" lon="129.042302">
        <ele>903.0</ele>
      </trkpt>
      <trkpt lat="35.655324" lon="129.042468">
        <ele>902.0</ele>
      </trkpt>
      <trkpt lat="35.655191" lon="129.042531">
        <ele>901.0</ele>
      </trkpt>
      <trkpt lat="35.655003" lon="129.042653">
        <ele>899.9</ele>
      </trkpt>
      <trkpt lat="35.654937" lon="129.042616">
        <ele>898.9</ele>
      </trkpt>
      <trkpt lat="35.654844" lon="129.042642">
        <ele>897.8</ele>
      </trkpt>
      <trkpt lat="35.654782" lon="129.042695">
        <ele>896.7</ele>
      </trkpt>
      <trkpt lat="35.654579" lon="129.042999">
        <ele>895.7</ele>
      </trkpt>
      <trkpt lat="35.654492" lon="129.043152">
        <ele>894.6</ele>
      </trkpt>
      <trkpt lat="35.654422" lon="129.043374">
        <ele>893.6</ele>
      </trkpt>
      <trkpt lat="35.654245" lon="129.043704">
        <ele>892.5</ele>
      </trkpt>
      <trkpt lat="35.654181" lon="129.043955">
        <ele>891.5</ele>
      </trkpt>
      <trkpt lat="35.654115" lon="129.044143">
        <ele>890.4</ele>
      </trkpt>
      <trkpt lat="35.653957" lon="129.044426">
        <ele>889.4</ele>
      </trkpt>
      <trkpt lat="35.653733" lon="129.044624">
        <ele>888.3</ele>
      </trkpt>
      <trkpt lat="35.653508" lon="129.044841">
        <ele>887.3</ele>
      </trkpt>
      <trkpt lat="35.653401" lon="129.045039">
        <ele>886.3</ele>
      </trkpt>
      <trkpt lat="35.653315" lon="129.045101">
        <ele>885.3</ele>
      </trkpt>
      <trkpt lat="35.653174" lon="129.045312">
        <ele>884.3</ele>
      </trkpt>
      <trkpt lat="35.653022" lon="129.045493">
        <ele>883.3</ele>
      </trkpt>
      <trkpt lat="35.652214" lon="129.046259">
        <ele>882.3</ele>
      </trkpt>
      <trkpt lat="35.652064" lon="129.04642">
        <ele>881.3</ele>
      </trkpt>
      <trkpt lat="35.651957" lon="129.046458">
        <ele>880.3</ele>
      </trkpt>
      <trkpt lat="35.651874" lon="129.046604">
        <ele>879.4</ele>
      </trkpt>
      <trkpt lat="35.651786" lon="129.0466">
        <ele>878.5</ele>
      </trkpt>
      <trkpt lat="35.651702" lon="129.046706">
        <ele>877.5</ele>
      </trkpt>
      <trkpt lat="35.651573" lon="129.046707">
        <ele>876.6</ele>
      </trkpt>
      <trkpt lat="35.651547" lon="129.046738">
        <ele>875.7</ele>
      </trkpt>
      <trkpt lat="35.651522" lon="129.046819">
        <ele>874.8</ele>
      </trkpt>
      <trkpt lat="35.651425" lon="129.046769">
        <ele>873.9</ele>
      </trkpt>
      <trkpt lat="35.651331" lon="129.046817">
        <ele>873.0</ele>
      </trkpt>
      <trkpt lat="35.651172" lon="129.046786">
        <ele>872.1</ele>
      </trkpt>
      <trkpt lat="35.651093" lon="129.04675">
        <ele>871.2</ele>
      </trkpt>
      <trkpt lat="35.651012" lon="129.046792">
        <ele>870.2</ele>
      </trkpt>
      <trkpt lat="35.65101949156491" lon="129.04704093933108">
        <ele>869.1</ele>
      </trkpt>
      <trkpt lat="35.651012" lon="129.046792">
        <ele>868.1</ele>
      </trkpt>
      <trkpt lat="35.650788" lon="129.046722">
        <ele>866.9</ele>
      </trkpt>
      <trkpt lat="35.65073" lon="129.046878">
        <ele>865.8</ele>
      </trkpt>
      <trkpt lat="35.650594" lon="129.046895">
        <ele>864.5</ele>
      </trkpt>
      <trkpt lat="35.650567" lon="129.046958">
        <ele>863.2</ele>
      </trkpt>
      <trkpt lat="35.650343" lon="129.047058">
        <ele>861.9</ele>
      </trkpt>
      <trkpt lat="35.650336" lon="129.047114">
        <ele>860.4</ele>
      </trkpt>
      <trkpt lat="35.650306" lon="129.047141">
        <ele>859.0</ele>
      </trkpt>
      <trkpt lat="35.650278" lon="129.047191">
        <ele>857.4</ele>
      </trkpt>
      <trkpt lat="35.650253" lon="129.047283">
        <ele>855.9</ele>
      </trkpt>
      <trkpt lat="35.650251" lon="129.047528">
        <ele>854.2</ele>
      </trkpt>
      <trkpt lat="35.650256" lon="129.047609">
        <ele>852.5</ele>
      </trkpt>
      <trkpt lat="35.650278" lon="129.047665">
        <ele>850.7</ele>
      </trkpt>
      <trkpt lat="35.65028" lon="129.047702">
        <ele>848.9</ele>
      </trkpt>
      <trkpt lat="35.650247" lon="129.047882">
        <ele>847.0</ele>
      </trkpt>
      <trkpt lat="35.650193" lon="129.048051">
        <ele>845.0</ele>
      </trkpt>
      <trkpt lat="35.650169" lon="129.048252">
        <ele>843.0</ele>
      </trkpt>
      <trkpt lat="35.650137" lon="129.048359">
        <ele>840.9</ele>
      </trkpt>
      <trkpt lat="35.650104" lon="129.048562">
        <ele>838.7</ele>
      </trkpt>
      <trkpt lat="35.650141" lon="129.048642">
        <ele>836.5</ele>
      </trkpt>
      <trkpt lat="35.650131" lon="129.048697">
        <ele>834.3</ele>
      </trkpt>
      <trkpt lat="35.650133" lon="129.04879">
        <ele>832.0</ele>
      </trkpt>
      <trkpt lat="35.650076" lon="129.048881">
        <ele>829.6</ele>
      </trkpt>
      <trkpt lat="35.650066" lon="129.048927">
        <ele>827.1</ele>
      </trkpt>
      <trkpt lat="35.65003" lon="129.049017">
        <ele>824.6</ele>
      </trkpt>
      <trkpt lat="35.649912" lon="129.049222">
        <ele>822.1</ele>
      </trkpt>
      <trkpt lat="35.649744" lon="129.049476">
        <ele>819.5</ele>
      </trkpt>
      <trkpt lat="35.649521" lon="129.049824">
        <ele>816.9</ele>
      </trkpt>
      <trkpt lat="35.649424" lon="129.050246">
        <ele>814.3</ele>
      </trkpt>
      <trkpt lat="35.649433" lon="129.050425">
        <ele>811.7</ele>
      </trkpt>
      <trkpt lat="35.649381" lon="129.050569">
        <ele>809.1</ele>
      </trkpt>
      <trkpt lat="35.64931" lon="129.050734">
        <ele>806.5</ele>
      </trkpt>
      <trkpt lat="35.649157" lon="129.050953">
        <ele>803.9</ele>
      </trkpt>
      <trkpt lat="35.649101" lon="129.051073">
        <ele>801.4</ele>
      </trkpt>
      <trkpt lat="35.649077" lon="129.05116">
        <ele>798.9</ele>
      </trkpt>
      <trkpt lat="35.649073" lon="129.051318">
        <ele>796.4</ele>
      </trkpt>
      <trkpt lat="35.649086" lon="129.05147">
        <ele>794.0</ele>
      </trkpt>
      <trkpt lat="35.649037" lon="129.051639">
        <ele>791.6</ele>
      </trkpt>
      <trkpt lat="35.648983" lon="129.051779">
        <ele>789.3</ele>
      </trkpt>
      <trkpt lat="35.648951" lon="129.051921">
        <ele>787.0</ele>
      </trkpt>
      <trkpt lat="35.648931" lon="129.051978">
        <ele>784.7</ele>
      </trkpt>
      <trkpt lat="35.648895" lon="129.052029">
        <ele>782.5</ele>
      </trkpt>
      <trkpt lat="35.648823" lon="129.052336">
        <ele>780.3</ele>
      </trkpt>
      <trkpt lat="35.648817" lon="129.052445">
        <ele>778.1</ele>
      </trkpt>
      <trkpt lat="35.648806" lon="129.052508">
        <ele>776.0</ele>
      </trkpt>
      <trkpt lat="35.648936" lon="129.052862">
        <ele>773.9</ele>
      </trkpt>
      <trkpt lat="35.649109" lon="129.053049">
        <ele>771.8</ele>
      </trkpt>
      <trkpt lat="35.649125" lon="129.053111">
        <ele>769.8</ele>
      </trkpt>
      <trkpt lat="35.649066622265416" lon="129.05313491821292">
        <ele>767.7</ele>
      </trkpt>
      <trkpt lat="35.649125" lon="129.053111">
        <ele>765.6</ele>
      </trkpt>
      <trkpt lat="35.649197" lon="129.053389">
        <ele>763.6</ele>
      </trkpt>
      <trkpt lat="35.649255" lon="129.053459">
        <ele>761.5</ele>
      </trkpt>
      <trkpt lat="35.64938" lon="129.053584">
        <ele>759.4</ele>
      </trkpt>
      <trkpt lat="35.649453" lon="129.053602">
        <ele>757.3</ele>
      </trkpt>
      <trkpt lat="35.649572" lon="129.053713">
        <ele>755.1</ele>
      </trkpt>
      <trkpt lat="35.6496" lon="129.053687">
        <ele>753.0</ele>
      </trkpt>
      <trkpt lat="35.649613" lon="129.053691">
        <ele>750.9</ele>
      </trkpt>
      <trkpt lat="35.64965" lon="129.053724">
        <ele>748.8</ele>
      </trkpt>
      <trkpt lat="35.649673" lon="129.053773">
        <ele>746.7</ele>
      </trkpt>
      <trkpt lat="35.649782" lon="129.053795">
        <ele>744.5</ele>
      </trkpt>
      <trkpt lat="35.649867" lon="129.053721">
        <ele>742.3</ele>
      </trkpt>
      <trkpt lat="35.649964" lon="129.053724">
        <ele>740.1</ele>
      </trkpt>
      <trkpt lat="35.650051" lon="129.05374">
        <ele>737.8</ele>
      </trkpt>
      <trkpt lat="35.650105" lon="129.053703">
        <ele>735.5</ele>
      </trkpt>
      <trkpt lat="35.65016" lon="129.053747">
        <ele>733.2</ele>
      </trkpt>
      <trkpt lat="35.650204" lon="129.053759">
        <ele>730.9</ele>
      </trkpt>
      <trkpt lat="35.650182" lon="129.053711">
        <ele>728.5</ele>
      </trkpt>
      <trkpt lat="35.650199" lon="129.053632">
        <ele>726.1</ele>
      </trkpt>
      <trkpt lat="35.650246" lon="129.053619">
        <ele>723.6</ele>
      </trkpt>
      <trkpt lat="35.650316" lon="129.053643">
        <ele>721.1</ele>
      </trkpt>
      <trkpt lat="35.65041" lon="129.053784">
        <ele>718.5</ele>
      </trkpt>
      <trkpt lat="35.65043" lon="129.053839">
        <ele>715.9</ele>
      </trkpt>
      <trkpt lat="35.650464" lon="129.053856">
        <ele>713.2</ele>
      </trkpt>
      <trkpt lat="35.650572" lon="129.053842">
        <ele>710.5</ele>
      </trkpt>
      <trkpt lat="35.650769" lon="129.053781">
        <ele>707.8</ele>
      </trkpt>
      <trkpt lat="35.650836" lon="129.053745">
        <ele>705.0</ele>
      </trkpt>
      <trkpt lat="35.650879" lon="129.053748">
        <ele>702.2</ele>
      </trkpt>
      <trkpt lat="35.650936" lon="129.053731">
        <ele>699.4</ele>
      </trkpt>
      <trkpt lat="35.651005" lon="129.053736">
        <ele>696.6</ele>
      </trkpt>
      <trkpt lat="35.651065" lon="129.053791">
        <ele>693.8</ele>
      </trkpt>
      <trkpt lat="35.651172" lon="129.05378">
        <ele>691.0</ele>
      </trkpt>
      <trkpt lat="35.651208" lon="129.053809">
        <ele>688.2</ele>
      </trkpt>
      <trkpt lat="35.651409" lon="129.053866">
        <ele>685.4</ele>
      </trkpt>
      <trkpt lat="35.651544" lon="129.053876">
        <ele>682.6</ele>
      </trkpt>
      <trkpt lat="35.651642" lon="129.053961">
        <ele>679.8</ele>
      </trkpt>
      <trkpt lat="35.651743" lon="129.054011">
        <ele>677.1</ele>
      </trkpt>
      <trkpt lat="35.651812" lon="129.054021">
        <ele>674.4</ele>
      </trkpt>
      <trkpt lat="35.65188" lon="129.054018">
        <ele>671.7</ele>
      </trkpt>
      <trkpt lat="35.651962" lon="129.054037">
        <ele>669.0</ele>
      </trkpt>
      <trkpt lat="35.652039" lon="129.054025">
        <ele>666.3</ele>
      </trkpt>
      <trkpt lat="35.652096" lon="129.054049">
        <ele>663.7</ele>
      </trkpt>
      <trkpt lat="35.652154" lon="129.054049">
        <ele>661.1</ele>
      </trkpt>
      <trkpt lat="35.652199" lon="129.054063">
        <ele>658.5</ele>
      </trkpt>
      <trkpt lat="35.652285" lon="129.05411">
        <ele>656.0</ele>
      </trkpt>
      <trkpt lat="35.65234" lon="129.054123">
        <ele>653.4</ele>
      </trkpt>
      <trkpt lat="35.652453" lon="129.054113">
        <ele>650.9</ele>
      </trkpt>
      <trkpt lat="35.652481" lon="129.054176">
        <ele>648.4</ele>
      </trkpt>
      <trkpt lat="35.652559" lon="129.054209">
        <ele>646.0</ele>
      </trkpt>
      <trkpt lat="35.652648" lon="129.054208">
        <ele>643.5</ele>
      </trkpt>
      <trkpt lat="35.65268" lon="129.054257">
        <ele>641.0</ele>
      </trkpt>
      <trkpt lat="35.652754" lon="129.054322">
        <ele>638.6</ele>
      </trkpt>
      <trkpt lat="35.65283" lon="129.054421">
        <ele>636.2</ele>
      </trkpt>
      <trkpt lat="35.653012" lon="129.054451">
        <ele>633.8</ele>
      </trkpt>
      <trkpt lat="35.653024" lon="129.054589">
        <ele>631.5</ele>
      </trkpt>
      <trkpt lat="35.65297231312245" lon="129.05459403991702">
        <ele>629.2</ele>
      </trkpt>
      <trkpt lat="35.653022" lon="129.054602">
        <ele>626.9</ele>
      </trkpt>
      <trkpt lat="35.653024" lon="129.054589">
        <ele>624.6</ele>
      </trkpt>
      <trkpt lat="35.653012" lon="129.054451">
        <ele>622.3</ele>
      </trkpt>
      <trkpt lat="35.653075" lon="129.054461">
        <ele>620.0</ele>
      </trkpt>
      <trkpt lat="35.653239" lon="129.054517">
        <ele>617.7</ele>
      </trkpt>
      <trkpt lat="35.653391" lon="129.054583">
        <ele>615.4</ele>
      </trkpt>
      <trkpt lat="35.653509" lon="129.054734">
        <ele>613.1</ele>
      </trkpt>
      <trkpt lat="35.653618" lon="129.054808">
        <ele>610.8</ele>
      </trkpt>
      <trkpt lat="35.65362" lon="129.054816">
        <ele>608.5</ele>
      </trkpt>
      <trkpt lat="35.65363486673228" lon="129.0548086166382">
        <ele>606.2</ele>
      </trkpt>
      <trkpt lat="35.65362" lon="129.054816">
        <ele>603.8</ele>
      </trkpt>
      <trkpt lat="35.653696" lon="129.055023">
        <ele>601.4</ele>
      </trkpt>
      <trkpt lat="35.653732" lon="129.055125">
        <ele>599.0</ele>
      </trkpt>
      <trkpt lat="35.653788" lon="129.055221">
        <ele>596.5</ele>
      </trkpt>
      <trkpt lat="35.653896" lon="129.055501">
        <ele>594.1</ele>
      </trkpt>
      <trkpt lat="35.653948" lon="129.055671">
        <ele>591.5</ele>
      </trkpt>
      <trkpt lat="35.65395" lon="129.055733">
        <ele>589.0</ele>
      </trkpt>
      <trkpt lat="35.653754" lon="129.055981">
        <ele>586.4</ele>
      </trkpt>
      <trkpt lat="35.653683" lon="129.056158">
        <ele>583.8</ele>
      </trkpt>
      <trkpt lat="35.653645" lon="129.056735">
        <ele>581.1</ele>
      </trkpt>
      <trkpt lat="35.653733" lon="129.057049">
        <ele>578.5</ele>
      </trkpt>
      <trkpt lat="35.653854" lon="129.057325">
        <ele>575.8</ele>
      </trkpt>
      <trkpt lat="35.653981" lon="129.057519">
        <ele>573.2</ele>
      </trkpt>
      <trkpt lat="35.65406" lon="129.057613">
        <ele>570.5</ele>
      </trkpt>
      <trkpt lat="35.654183" lon="129.05778">
        <ele>567.9</ele>
      </trkpt>
      <trkpt lat="35.654235" lon="129.057837">
        <ele>565.2</ele>
      </trkpt>
      <trkpt lat="35.65426" lon="129.0579">
        <ele>562.6</ele>
      </trkpt>
      <trkpt lat="35.654166" lon="129.05818">
        <ele>560.0</ele>
      </trkpt>
      <trkpt lat="35.654112" lon="129.058311">
        <ele>557.4</ele>
      </trkpt>
      <trkpt lat="35.654101" lon="129.058354">
        <ele>554.8</ele>
      </trkpt>
      <trkpt lat="35.654058" lon="129.058562">
        <ele>552.3</ele>
      </trkpt>
      <trkpt lat="35.654066" lon="129.058662">
        <ele>549.7</ele>
      </trkpt>
      <trkpt lat="35.654101" lon="129.058926">
        <ele>547.2</ele>
      </trkpt>
      <trkpt lat="35.65411" lon="129.058987">
        <ele>544.8</ele>
      </trkpt>
      <trkpt lat="35.654146" lon="129.059228">
        <ele>542.4</ele>
      </trkpt>
      <trkpt lat="35.654169" lon="129.059338">
        <ele>540.0</ele>
      </trkpt>
      <trkpt lat="35.654224" lon="129.059596">
        <ele>537.6</ele>
      </trkpt>
      <trkpt lat="35.654345" lon="129.060374">
        <ele>535.4</ele>
      </trkpt>
      <trkpt lat="35.654287" lon="129.061029">
        <ele>533.2</ele>
      </trkpt>
      <trkpt lat="35.654305" lon="129.061224">
        <ele>531.1</ele>
      </trkpt>
      <trkpt lat="35.654467" lon="129.06175">
        <ele>529.1</ele>
      </trkpt>
      <trkpt lat="35.654518" lon="129.062101">
        <ele>527.2</ele>
      </trkpt>
      <trkpt lat="35.654542" lon="129.062255">
        <ele>525.5</ele>
      </trkpt>
      <trkpt lat="35.654687" lon="129.062638">
        <ele>523.9</ele>
      </trkpt>
      <trkpt lat="35.65477" lon="129.062896">
        <ele>522.4</ele>
      </trkpt>
      <trkpt lat="35.654745" lon="129.063105">
        <ele>521.1</ele>
      </trkpt>
      <trkpt lat="35.654721" lon="129.063302">
        <ele>520.0</ele>
      </trkpt>
      <trkpt lat="35.654762" lon="129.063637">
        <ele>519.0</ele>
      </trkpt>
      <trkpt lat="35.654818" lon="129.063869">
        <ele>518.1</ele>
      </trkpt>
      <trkpt lat="35.654898" lon="129.064126">
        <ele>517.4</ele>
      </trkpt>
      <trkpt lat="35.65482047526435" lon="129.06416416168213">
        <ele>516.8</ele>
      </trkpt>
      <trkpt lat="35.654898" lon="129.064126">
        <ele>516.3</ele>
      </trkpt>
      <trkpt lat="35.654908" lon="129.064158">
        <ele>516.0</ele>
      </trkpt>
      <trkpt lat="35.654955" lon="129.064263">
        <ele>515.8</ele>
      </trkpt>
      <trkpt lat="35.65482" lon="129.06432">
        <ele>515.7</ele>
      </trkpt>
      <trkpt lat="35.654256" lon="129.064699">
        <ele>515.7</ele>
      </trkpt>
      <trkpt lat="35.65455" lon="129.065168">
        <ele>515.8</ele>
      </trkpt>
      <trkpt lat="35.654805" lon="129.065542">
        <ele>516.1</ele>
      </trkpt>
      <trkpt lat="35.654945" lon="129.065849">
        <ele>516.5</ele>
      </trkpt>
      <trkpt lat="35.654982" lon="129.066055">
        <ele>516.9</ele>
      </trkpt>
      <trkpt lat="35.654986" lon="129.06622">
        <ele>517.5</ele>
      </trkpt>
      <trkpt lat="35.654981" lon="129.066436">
        <ele>518.1</ele>
      </trkpt>
      <trkpt lat="35.654977" lon="129.066611">
        <ele>518.9</ele>
      </trkpt>
      <trkpt lat="35.654981" lon="129.066821">
        <ele>519.9</ele>
      </trkpt>
      <trkpt lat="35.655033" lon="129.067026">
        <ele>520.9</ele>
      </trkpt>
      <trkpt lat="35.65509" lon="129.067178">
        <ele>522.2</ele>
      </trkpt>
      <trkpt lat="35.655231" lon="129.067335">
        <ele>523.6</ele>
      </trkpt>
      <trkpt lat="35.655588" lon="129.067575">
        <ele>525.2</ele>
      </trkpt>
      <trkpt lat="35.655848" lon="129.067766">
        <ele>527.0</ele>
      </trkpt>
      <trkpt lat="35.656068" lon="129.068025">
        <ele>528.9</ele>
      </trkpt>
      <trkpt lat="35.656423" lon="129.068619">
        <ele>530.9</ele>
      </trkpt>
      <trkpt lat="35.656723" lon="129.069114">
        <ele>533.0</ele>
      </trkpt>
      <trkpt lat="35.65677" lon="129.069282">
        <ele>535.3</ele>
      </trkpt>
      <trkpt lat="35.656809" lon="129.069669">
        <ele>537.7</ele>
      </trkpt>
      <trkpt lat="35.656814" lon="129.069888">
        <ele>540.1</ele>
      </trkpt>
      <trkpt lat="35.656842" lon="129.070143">
        <ele>542.7</ele>
      </trkpt>
      <trkpt lat="35.656902" lon="129.070351">
        <ele>545.4</ele>
      </trkpt>
      <trkpt lat="35.657033" lon="129.070536">
        <ele>548.2</ele>
      </trkpt>
      <trkpt lat="35.657113" lon="129.070607">
        <ele>551.0</ele>
      </trkpt>
      <trkpt lat="35.657054" lon="129.070699">
        <ele>554.0</ele>
      </trkpt>
      <trkpt lat="35.657087030825814" lon="129.07073020935061">
        <ele>557.2</ele>
      </trkpt>
      <trkpt lat="35.657054" lon="129.070699">
        <ele>560.4</ele>
      </trkpt>
      <trkpt lat="35.657113" lon="129.070607">
        <ele>563.8</ele>
      </trkpt>
      <trkpt lat="35.657223" lon="129.070704">
        <ele>567.3</ele>
      </trkpt>
      <trkpt lat="35.657418" lon="129.070836">
        <ele>571.0</ele>
      </trkpt>
      <trkpt lat="35.657305" lon="129.070868">
        <ele>574.8</ele>
      </trkpt>
      <trkpt lat="35.657248" lon="129.070948">
        <ele>578.8</ele>
      </trkpt>
      <trkpt lat="35.657152" lon="129.071157">
        <ele>583.0</ele>
      </trkpt>
      <trkpt lat="35.656921" lon="129.071211">
        <ele>587.3</ele>
      </trkpt>
      <trkpt lat="35.656782" lon="129.071361">
        <ele>591.8</ele>
      </trkpt>
      <trkpt lat="35.656709" lon="129.071474">
        <ele>596.5</ele>
      </trkpt>
      <trkpt lat="35.656595" lon="129.071541">
        <ele>601.4</ele>
      </trkpt>
      <trkpt lat="35.656529" lon="129.071653">
        <ele>606.4</ele>
      </trkpt>
      <trkpt lat="35.655672" lon="129.072663">
        <ele>611.6</ele>
      </trkpt>
      <trkpt lat="35.655346" lon="129.073271">
        <ele>616.8</ele>
      </trkpt>
      <trkpt lat="35.65535" lon="129.073306">
        <ele>622.2</ele>
      </trkpt>
      <trkpt lat="35.655277" lon="129.073501">
        <ele>627.6</ele>
      </trkpt>
      <trkpt lat="35.655188" lon="129.073663">
        <ele>633.0</ele>
      </trkpt>
      <trkpt lat="35.65509" lon="129.073777">
        <ele>638.5</ele>
      </trkpt>
      <trkpt lat="35.655017" lon="129.073873">
        <ele>644.1</ele>
      </trkpt>
      <trkpt lat="35.654804" lon="129.074006">
        <ele>649.7</ele>
      </trkpt>
      <trkpt lat="35.654709" lon="129.074026">
        <ele>655.4</ele>
      </trkpt>
      <trkpt lat="35.654576" lon="129.074017">
        <ele>661.1</ele>
      </trkpt>
      <trkpt lat="35.654431" lon="129.073965">
        <ele>666.9</ele>
      </trkpt>
      <trkpt lat="35.654283" lon="129.07396">
        <ele>672.8</ele>
      </trkpt>
      <trkpt lat="35.654053" lon="129.073965">
        <ele>678.6</ele>
      </trkpt>
      <trkpt lat="35.653953" lon="129.073986">
        <ele>684.5</ele>
      </trkpt>
      <trkpt lat="35.653655" lon="129.074225">
        <ele>690.5</ele>
      </trkpt>
      <trkpt lat="35.653452" lon="129.074459">
        <ele>696.4</ele>
      </trkpt>
      <trkpt lat="35.653182" lon="129.074605">
        <ele>702.4</ele>
      </trkpt>
      <trkpt lat="35.652586" lon="129.075251">
        <ele>708.4</ele>
      </trkpt>
      <trkpt lat="35.652434" lon="129.075397">
        <ele>714.4</ele>
      </trkpt>
      <trkpt lat="35.65214" lon="129.075553">
        <ele>720.5</ele>
      </trkpt>
      <trkpt lat="35.652004" lon="129.075603">
        <ele>726.6</ele>
      </trkpt>
      <trkpt lat="35.651787" lon="129.075748">
        <ele>732.7</ele>
      </trkpt>
      <trkpt lat="35.651629" lon="129.076015">
        <ele>738.8</ele>
      </trkpt>
      <trkpt lat="35.651437" lon="129.076133">
        <ele>744.9</ele>
      </trkpt>
      <trkpt lat="35.651258" lon="129.076072">
        <ele>751.0</ele>
      </trkpt>
      <trkpt lat="35.651145" lon="129.076164">
        <ele>757.1</ele>
      </trkpt>
      <trkpt lat="35.651085" lon="129.076258">
        <ele>763.2</ele>
      </trkpt>
      <trkpt lat="35.651025" lon="129.076418">
        <ele>769.3</ele>
      </trkpt>
      <trkpt lat="35.651039" lon="129.076574">
        <ele>775.4</ele>
      </trkpt>
      <trkpt lat="35.650927" lon="129.076751">
        <ele>781.4</ele>
      </trkpt>
      <trkpt lat="35.650816" lon="129.076829">
        <ele>787.5</ele>
      </trkpt>
      <trkpt lat="35.650709" lon="129.077038">
        <ele>793.5</ele>
      </trkpt>
      <trkpt lat="35.65061" lon="129.077438">
        <ele>799.5</ele>
      </trkpt>
      <trkpt lat="35.650603" lon="129.077607">
        <ele>805.6</ele>
      </trkpt>
      <trkpt lat="35.650519" lon="129.077919">
        <ele>811.7</ele>
      </trkpt>
      <trkpt lat="35.650367" lon="129.078329">
        <ele>817.8</ele>
      </trkpt>
      <trkpt lat="35.650257" lon="129.078592">
        <ele>823.8</ele>
      </trkpt>
      <trkpt lat="35.650133" lon="129.078762">
        <ele>829.9</ele>
      </trkpt>
      <trkpt lat="35.65003" lon="129.078932">
        <ele>835.9</ele>
      </trkpt>
      <trkpt lat="35.649925" lon="129.079139">
        <ele>842.0</ele>
      </trkpt>
      <trkpt lat="35.649899" lon="129.079257">
        <ele>848.0</ele>
      </trkpt>
      <trkpt lat="35.649764" lon="129.079376">
        <ele>853.9</ele>
      </trkpt>
      <trkpt lat="35.64962458979398" lon="129.07914161682132">
        <ele>859.9</ele>
      </trkpt>
      <trkpt lat="35.649764" lon="129.079376">
        <ele>865.8</ele>
      </trkpt>
      <trkpt lat="35.649709" lon="129.079426">
        <ele>871.7</ele>
      </trkpt>
      <trkpt lat="35.649446" lon="129.079554">
        <ele>877.5</ele>
      </trkpt>
      <trkpt lat="35.649219" lon="129.079753">
        <ele>883.4</ele>
      </trkpt>
      <trkpt lat="35.648608" lon="129.080125">
        <ele>889.1</ele>
      </trkpt>
      <trkpt lat="35.648117" lon="129.080545">
        <ele>894.8</ele>
      </trkpt>
      <trkpt lat="35.648029" lon="129.080571">
        <ele>900.4</ele>
      </trkpt>
      <trkpt lat="35.647941" lon="129.080728">
        <ele>905.9</ele>
      </trkpt>
      <trkpt lat="35.647676" lon="129.080941">
        <ele>911.3</ele>
      </trkpt>
      <trkpt lat="35.647534" lon="129.080955">
        <ele>916.5</ele>
      </trkpt>
      <trkpt lat="35.647389" lon="129.080945">
        <ele>921.6</ele>
      </trkpt>
      <trkpt lat="35.646915" lon="129.081058">
        <ele>926.6</ele>
      </trkpt>
      <trkpt lat="35.64656" lon="129.081019">
        <ele>931.4</ele>
      </trkpt>
      <trkpt lat="35.64623" lon="129.081135">
        <ele>936.1</ele>
      </trkpt>
      <trkpt lat="35.645974" lon="129.081209">
        <ele>940.7</ele>
      </trkpt>
      <trkpt lat="35.645851" lon="129.081222">
        <ele>945.1</ele>
      </trkpt>
      <trkpt lat="35.645765" lon="129.081214">
        <ele>949.3</ele>
      </trkpt>
      <trkpt lat="35.645676" lon="129.081226">
        <ele>953.3</ele>
      </trkpt>
      <trkpt lat="35.645554" lon="129.081291">
        <ele>957.1</ele>
      </trkpt>
      <trkpt lat="35.645464" lon="129.081314">
        <ele>960.8</ele>
      </trkpt>
      <trkpt lat="35.645373" lon="129.081304">
        <ele>964.3</ele>
      </trkpt>
      <trkpt lat="35.645167" lon="129.081198">
        <ele>967.6</ele>
      </trkpt>
      <trkpt lat="35.644924" lon="129.081098">
        <ele>970.8</ele>
      </trkpt>
      <trkpt lat="35.644815" lon="129.0811">
        <ele>973.8</ele>
      </trkpt>
      <trkpt lat="35.644557" lon="129.081076">
        <ele>976.6</ele>
      </trkpt>
      <trkpt lat="35.644348" lon="129.081079">
        <ele>979.3</ele>
      </trkpt>
      <trkpt lat="35.644245" lon="129.081046">
        <ele>981.7</ele>
      </trkpt>
      <trkpt lat="35.644137" lon="129.081079">
        <ele>984.0</ele>
      </trkpt>
      <trkpt lat="35.643874" lon="129.081348">
        <ele>986.2</ele>
      </trkpt>
      <trkpt lat="35.643537" lon="129.081574">
        <ele>988.2</ele>
      </trkpt>
      <trkpt lat="35.643499" lon="129.081647">
        <ele>990.0</ele>
      </trkpt>
      <trkpt lat="35.643343" lon="129.081952">
        <ele>991.7</ele>
      </trkpt>
      <trkpt lat="35.643187" lon="129.082144">
        <ele>993.2</ele>
      </trkpt>
      <trkpt lat="35.642971" lon="129.082371">
        <ele>994.6</ele>
      </trkpt>
      <trkpt lat="35.642741" lon="129.08253">
        <ele>995.9</ele>
      </trkpt>
      <trkpt lat="35.642528" lon="129.082714">
        <ele>997.1</ele>
      </trkpt>
      <trkpt lat="35.642448" lon="129.082822">
        <ele>998.1</ele>
      </trkpt>
      <trkpt lat="35.642355" lon="129.08302">
        <ele>999.1</ele>
      </trkpt>
      <trkpt lat="35.641969" lon="129.083541">
        <ele>999.9</ele>
      </trkpt>
      <trkpt lat="35.641767" lon="129.083844">
        <ele>1000.6</ele>
      </trkpt>
      <trkpt lat="35.641592" lon="129.084294">
        <ele>1001.2</ele>
      </trkpt>
      <trkpt lat="35.641491" lon="129.084523">
        <ele>1001.7</ele>
      </trkpt>
      <trkpt lat="35.641372" lon="129.084684">
        <ele>1002.0</ele>
      </trkpt>
      <trkpt lat="35.641306" lon="129.084805">
        <ele>1002.2</ele>
      </trkpt>
      <trkpt lat="35.64125466766987" lon="129.08476352691653">
        <ele>1002.3</ele>
      </trkpt>
      <trkpt lat="35.641306" lon="129.084805">
        <ele>1002.2</ele>
      </trkpt>
      <trkpt lat="35.641372" lon="129.084684">
        <ele>1002.0</ele>
      </trkpt>
      <trkpt lat="35.641364" lon="129.085024">
        <ele>1001.7</ele>
      </trkpt>
      <trkpt lat="35.641387" lon="129.085382">
        <ele>1001.3</ele>
      </trkpt>
      <trkpt lat="35.641402" lon="129.085703">
        <ele>1000.7</ele>
      </trkpt>
      <trkpt lat="35.641438" lon="129.086">
        <ele>1000.1</ele>
      </trkpt>
      <trkpt lat="35.64149" lon="129.087735">
        <ele>999.3</ele>
      </trkpt>
      <trkpt lat="35.64158" lon="129.087915">
        <ele>998.4</ele>
      </trkpt>
      <trkpt lat="35.641573" lon="129.088092">
        <ele>997.4</ele>
      </trkpt>
      <trkpt lat="35.641643" lon="129.088332">
        <ele>996.2</ele>
      </trkpt>
      <trkpt lat="35.641675" lon="129.088571">
        <ele>995.0</ele>
      </trkpt>
      <trkpt lat="35.641626" lon="129.088614">
        <ele>993.6</ele>
      </trkpt>
      <trkpt lat="35.641577" lon="129.088718">
        <ele>992.1</ele>
      </trkpt>
      <trkpt lat="35.641498" lon="129.088757">
        <ele>990.4</ele>
      </trkpt>
      <trkpt lat="35.641462" lon="129.08883">
        <ele>988.7</ele>
      </trkpt>
      <trkpt lat="35.641406" lon="129.088818">
        <ele>986.8</ele>
      </trkpt>
      <trkpt lat="35.641387" lon="129.088866">
        <ele>984.9</ele>
      </trkpt>
      <trkpt lat="35.641344" lon="129.088863">
        <ele>982.8</ele>
      </trkpt>
      <trkpt lat="35.641309" lon="129.08891">
        <ele>980.6</ele>
      </trkpt>
      <trkpt lat="35.641261" lon="129.088913">
        <ele>978.2</ele>
      </trkpt>
      <trkpt lat="35.641211" lon="129.088971">
        <ele>975.8</ele>
      </trkpt>
      <trkpt lat="35.641088" lon="129.089036">
        <ele>973.2</ele>
      </trkpt>
      <trkpt lat="35.641005" lon="129.089058">
        <ele>970.5</ele>
      </trkpt>
      <trkpt lat="35.640996" lon="129.089103">
        <ele>967.6</ele>
      </trkpt>
      <trkpt lat="35.640918" lon="129.089137">
        <ele>964.7</ele>
      </trkpt>
      <trkpt lat="35.64059" lon="129.089369">
        <ele>961.8</ele>
      </trkpt>
      <trkpt lat="35.640481" lon="129.089436">
        <ele>958.8</ele>
      </trkpt>
      <trkpt lat="35.64036" lon="129.089531">
        <ele>955.7</ele>
      </trkpt>
      <trkpt lat="35.640292" lon="129.089562">
        <ele>952.6</ele>
      </trkpt>
      <trkpt lat="35.640077" lon="129.089655">
        <ele>949.6</ele>
      </trkpt>
      <trkpt lat="35.640025" lon="129.08971">
        <ele>946.5</ele>
      </trkpt>
      <trkpt lat="35.639853" lon="129.089811">
        <ele>943.4</ele>
      </trkpt>
      <trkpt lat="35.63977" lon="129.089834">
        <ele>940.4</ele>
      </trkpt>
      <trkpt lat="35.639643" lon="129.089886">
        <ele>937.3</ele>
      </trkpt>
      <trkpt lat="35.639576" lon="129.089864">
        <ele>934.3</ele>
      </trkpt>
      <trkpt lat="35.639477" lon="129.089891">
        <ele>931.3</ele>
      </trkpt>
      <trkpt lat="35.639419" lon="129.089862">
        <ele>928.3</ele>
      </trkpt>
      <trkpt lat="35.63932" lon="129.089925">
        <ele>925.4</ele>
      </trkpt>
      <trkpt lat="35.639231" lon="129.089905">
        <ele>922.4</ele>
      </trkpt>
      <trkpt lat="35.639158" lon="129.089972">
        <ele>919.5</ele>
      </trkpt>
      <trkpt lat="35.638622" lon="129.090034">
        <ele>916.7</ele>
      </trkpt>
      <trkpt lat="35.638505" lon="129.090015">
        <ele>913.9</ele>
      </trkpt>
      <trkpt lat="35.638449" lon="129.090016">
        <ele>911.2</ele>
      </trkpt>
      <trkpt lat="35.638339" lon="129.090069">
        <ele>908.6</ele>
      </trkpt>
      <trkpt lat="35.638226" lon="129.090154">
        <ele>906.0</ele>
      </trkpt>
      <trkpt lat="35.638196" lon="129.090198">
        <ele>903.5</ele>
      </trkpt>
      <trkpt lat="35.638165" lon="129.09018">
        <ele>901.1</ele>
      </trkpt>
      <trkpt lat="35.638094" lon="129.090228">
        <ele>898.8</ele>
      </trkpt>
      <trkpt lat="35.637884" lon="129.090318">
        <ele>896.5</ele>
      </trkpt>
      <trkpt lat="35.637542" lon="129.090448">
        <ele>894.3</ele>
      </trkpt>
      <trkpt lat="35.637377" lon="129.090528">
        <ele>892.3</ele>
      </trkpt>
      <trkpt lat="35.63694" lon="129.09064">
        <ele>890.3</ele>
      </trkpt>
      <trkpt lat="35.636729" lon="129.090681">
        <ele>888.5</ele>
      </trkpt>
      <trkpt lat="35.636353" lon="129.090795">
        <ele>886.7</ele>
      </trkpt>
      <trkpt lat="35.636333" lon="129.090802">
        <ele>885.1</ele>
      </trkpt>
      <trkpt lat="35.63633692954363" lon="129.09081459045413">
        <ele>883.5</ele>
      </trkpt>
      <trkpt lat="35.636333" lon="129.090802">
        <ele>882.0</ele>
      </trkpt>
      <trkpt lat="35.636242" lon="129.090838">
        <ele>880.6</ele>
      </trkpt>
      <trkpt lat="35.635908" lon="129.091033">
        <ele>879.3</ele>
      </trkpt>
      <trkpt lat="35.63584" lon="129.091115">
        <ele>878.0</ele>
      </trkpt>
      <trkpt lat="35.635704" lon="129.091193">
        <ele>876.8</ele>
      </trkpt>
      <trkpt lat="35.635576" lon="129.091217">
        <ele>875.6</ele>
      </trkpt>
      <trkpt lat="35.635433" lon="129.091284">
        <ele>874.5</ele>
      </trkpt>
      <trkpt lat="35.635291" lon="129.091402">
        <ele>873.4</ele>
      </trkpt>
      <trkpt lat="35.635196" lon="129.091437">
        <ele>872.4</ele>
      </trkpt>
      <trkpt lat="35.63499" lon="129.09156">
        <ele>871.4</ele>
      </trkpt>
      <trkpt lat="35.634878" lon="129.091567">
        <ele>870.4</ele>
      </trkpt>
      <trkpt lat="35.634804" lon="129.091537">
        <ele>869.5</ele>
      </trkpt>
      <trkpt lat="35.634664" lon="129.091595">
        <ele>868.6</ele>
      </trkpt>
      <trkpt lat="35.6345" lon="129.091729">
        <ele>867.7</ele>
      </trkpt>
      <trkpt lat="35.634281" lon="129.091834">
        <ele>866.9</ele>
      </trkpt>
      <trkpt lat="35.634198" lon="129.091898">
        <ele>866.0</ele>
      </trkpt>
      <trkpt lat="35.634185" lon="129.091973">
        <ele>865.1</ele>
      </trkpt>
      <trkpt lat="35.634159" lon="129.092004">
        <ele>864.3</ele>
      </trkpt>
      <trkpt lat="35.634072" lon="129.09204">
        <ele>863.4</ele>
      </trkpt>
      <trkpt lat="35.634001" lon="129.092114">
        <ele>862.5</ele>
      </trkpt>
      <trkpt lat="35.633951" lon="129.092199">
        <ele>861.6</ele>
      </trkpt>
      <trkpt lat="35.633908" lon="129.092247">
        <ele>860.6</ele>
      </trkpt>
      <trkpt lat="35.633834" lon="129.09228">
        <ele>859.6</ele>
      </trkpt>
      <trkpt lat="35.63376" lon="129.092338">
        <ele>858.5</ele>
      </trkpt>
      <trkpt lat="35.633696" lon="129.092326">
        <ele>857.4</ele>
      </trkpt>
      <trkpt lat="35.633639" lon="129.092339">
        <ele>856.2</ele>
      </trkpt>
      <trkpt lat="35.633603" lon="129.092315">
        <ele>854.9</ele>
      </trkpt>
      <trkpt lat="35.633542" lon="129.092249">
        <ele>853.5</ele>
      </trkpt>
      <trkpt lat="35.633527" lon="129.092263">
        <ele>852.0</ele>
      </trkpt>
      <trkpt lat="35.633446" lon="129.09227">
        <ele>850.5</ele>
      </trkpt>
      <trkpt lat="35.633126" lon="129.092628">
        <ele>848.9</ele>
      </trkpt>
      <trkpt lat="35.633019" lon="129.092651">
        <ele>847.1</ele>
      </trkpt>
      <trkpt lat="35.63293" lon="129.092655">
        <ele>845.3</ele>
      </trkpt>
      <trkpt lat="35.63268" lon="129.092572">
        <ele>843.4</ele>
      </trkpt>
      <trkpt lat="35.632605" lon="129.092558">
        <ele>841.3</ele>
      </trkpt>
      <trkpt lat="35.632575" lon="129.092462">
        <ele>839.2</ele>
      </trkpt>
      <trkpt lat="35.632536" lon="129.092444">
        <ele>836.9</ele>
      </trkpt>
      <trkpt lat="35.632495" lon="129.092457">
        <ele>834.6</ele>
      </trkpt>
      <trkpt lat="35.632435" lon="129.092408">
        <ele>832.1</ele>
      </trkpt>
      <trkpt lat="35.632444" lon="129.092349">
        <ele>829.5</ele>
      </trkpt>
      <trkpt lat="35.632422" lon="129.092321">
        <ele>826.8</ele>
      </trkpt>
      <trkpt lat="35.632296" lon="129.0923">
        <ele>824.0</ele>
      </trkpt>
      <trkpt lat="35.632184" lon="129.092216">
        <ele>821.1</ele>
      </trkpt>
      <trkpt lat="35.63209" lon="129.09217">
        <ele>818.1</ele>
      </trkpt>
      <trkpt lat="35.632035" lon="129.092125">
        <ele>815.0</ele>
      </trkpt>
      <trkpt lat="35.631961" lon="129.092015">
        <ele>811.9</ele>
      </trkpt>
      <trkpt lat="35.631838" lon="129.091985">
        <ele>808.6</ele>
      </trkpt>
      <trkpt lat="35.631739" lon="129.091889">
        <ele>805.4</ele>
      </trkpt>
      <trkpt lat="35.631635" lon="129.091757">
        <ele>802.1</ele>
      </trkpt>
      <trkpt lat="35.631533" lon="129.091694">
        <ele>798.7</ele>
      </trkpt>
      <trkpt lat="35.631434" lon="129.091609">
        <ele>795.4</ele>
      </trkpt>
      <trkpt lat="35.631334" lon="129.091564">
        <ele>792.0</ele>
      </trkpt>
      <trkpt lat="35.631228" lon="129.091486">
        <ele>788.6</ele>
      </trkpt>
      <trkpt lat="35.631177" lon="129.091472">
        <ele>785.3</ele>
      </trkpt>
      <trkpt lat="35.631033" lon="129.091352">
        <ele>781.9</ele>
      </trkpt>
      <trkpt lat="35.630826" lon="129.091237">
        <ele>778.6</ele>
      </trkpt>
      <trkpt lat="35.630734" lon="129.091175">
        <ele>775.4</ele>
      </trkpt>
      <trkpt lat="35.630654" lon="129.091154">
        <ele>772.3</ele>
      </trkpt>
      <trkpt lat="35.63057" lon="129.091103">
        <ele>769.2</ele>
      </trkpt>
      <trkpt lat="35.630433" lon="129.090981">
        <ele>766.1</ele>
      </trkpt>
      <trkpt lat="35.630347" lon="129.090976">
        <ele>763.2</ele>
      </trkpt>
      <trkpt lat="35.630249" lon="129.091008">
        <ele>760.3</ele>
      </trkpt>
      <trkpt lat="35.629579" lon="129.09098">
        <ele>757.6</ele>
      </trkpt>
      <trkpt lat="35.629432" lon="129.090957">
        <ele>754.9</ele>
      </trkpt>
      <trkpt lat="35.629345" lon="129.090992">
        <ele>752.3</ele>
      </trkpt>
      <trkpt lat="35.629266" lon="129.091">
        <ele>749.9</ele>
      </trkpt>
      <trkpt lat="35.629202" lon="129.090966">
        <ele>747.6</ele>
      </trkpt>
      <trkpt lat="35.629059" lon="129.090973">
        <ele>745.3</ele>
      </trkpt>
      <trkpt lat="35.628796" lon="129.091087">
        <ele>743.2</ele>
      </trkpt>
      <trkpt lat="35.628564" lon="129.091157">
        <ele>741.2</ele>
      </trkpt>
      <trkpt lat="35.62842" lon="129.091182">
        <ele>739.3</ele>
      </trkpt>
      <trkpt lat="35.62831" lon="129.091245">
        <ele>737.5</ele>
      </trkpt>
      <trkpt lat="35.627785" lon="129.091389">
        <ele>735.8</ele>
      </trkpt>
      <trkpt lat="35.627475" lon="129.091485">
        <ele>734.3</ele>
      </trkpt>
      <trkpt lat="35.62736" lon="129.091576">
        <ele>732.8</ele>
      </trkpt>
      <trkpt lat="35.627043" lon="129.091665">
        <ele>731.4</ele>
      </trkpt>
      <trkpt lat="35.626845" lon="129.091617">
        <ele>730.1</ele>
      </trkpt>
      <trkpt lat="35.626647" lon="129.091689">
        <ele>728.9</ele>
      </trkpt>
      <trkpt lat="35.626422" lon="129.09171">
        <ele>727.7</ele>
      </trkpt>
      <trkpt lat="35.626278" lon="129.091775">
        <ele>726.6</ele>
      </trkpt>
      <trkpt lat="35.625885" lon="129.091881">
        <ele>725.4</ele>
      </trkpt>
      <trkpt lat="35.625613" lon="129.091922">
        <ele>724.3</ele>
      </trkpt>
      <trkpt lat="35.62541" lon="129.091971">
        <ele>723.2</ele>
      </trkpt>
      <trkpt lat="35.625245" lon="129.091947">
        <ele>722.0</ele>
      </trkpt>
      <trkpt lat="35.624861" lon="129.091989">
        <ele>720.9</ele>
      </trkpt>
      <trkpt lat="35.624358" lon="129.092014">
        <ele>719.6</ele>
      </trkpt>
      <trkpt lat="35.623847" lon="129.091831">
        <ele>718.3</ele>
      </trkpt>
      <trkpt lat="35.62381" lon="129.09183">
        <ele>717.0</ele>
      </trkpt>
      <trkpt lat="35.62381451392674" lon="129.09158706665042">
        <ele>715.5</ele>
      </trkpt>
      <trkpt lat="35.62381" lon="129.09183">
        <ele>713.9</ele>
      </trkpt>
      <trkpt lat="35.623679" lon="129.091827">
        <ele>712.2</ele>
      </trkpt>
      <trkpt lat="35.623699" lon="129.091872">
        <ele>710.4</ele>
      </trkpt>
      <trkpt lat="35.62366" lon="129.091878">
        <ele>708.4</ele>
      </trkpt>
      <trkpt lat="35.623598" lon="129.091904">
        <ele>706.4</ele>
      </trkpt>
      <trkpt lat="35.623451" lon="129.092094">
        <ele>704.1</ele>
      </trkpt>
      <trkpt lat="35.623441" lon="129.092143">
        <ele>701.8</ele>
      </trkpt>
      <trkpt lat="35.623342" lon="129.092261">
        <ele>699.2</ele>
      </trkpt>
      <trkpt lat="35.622996" lon="129.092824">
        <ele>696.5</ele>
      </trkpt>
      <trkpt lat="35.622922" lon="129.092873">
        <ele>693.7</ele>
      </trkpt>
      <trkpt lat="35.622777" lon="129.093004">
        <ele>690.8</ele>
      </trkpt>
      <trkpt lat="35.622704" lon="129.093167">
        <ele>687.7</ele>
      </trkpt>
      <trkpt lat="35.622608" lon="129.093255">
        <ele>684.5</ele>
      </trkpt>
      <trkpt lat="35.622579" lon="129.093252">
        <ele>681.2</ele>
      </trkpt>
      <trkpt lat="35.62251" lon="129.093297">
        <ele>677.8</ele>
      </trkpt>
      <trkpt lat="35.6225" lon="129.093366">
        <ele>674.2</ele>
      </trkpt>
      <trkpt lat="35.622166" lon="129.093599">
        <ele>670.5</ele>
      </trkpt>
      <trkpt lat="35.621986" lon="129.093768">
        <ele>666.7</ele>
      </trkpt>
      <trkpt lat="35.621705" lon="129.093881">
        <ele>662.9</ele>
      </trkpt>
      <trkpt lat="35.621649" lon="129.093961">
        <ele>659.0</ele>
      </trkpt>
      <trkpt lat="35.621587" lon="129.093988">
        <ele>655.1</ele>
      </trkpt>
      <trkpt lat="35.621517" lon="129.093982">
        <ele>651.2</ele>
      </trkpt>
      <trkpt lat="35.621421" lon="129.093894">
        <ele>647.3</ele>
      </trkpt>
      <trkpt lat="35.621387" lon="129.093891">
        <ele>643.4</ele>
      </trkpt>
      <trkpt lat="35.621364" lon="129.093956">
        <ele>639.5</ele>
      </trkpt>
      <trkpt lat="35.621044" lon="129.094093">
        <ele>635.6</ele>
      </trkpt>
      <trkpt lat="35.620946" lon="129.094104">
        <ele>631.8</ele>
      </trkpt>
      <trkpt lat="35.620821" lon="129.094175">
        <ele>628.0</ele>
      </trkpt>
      <trkpt lat="35.620782" lon="129.094246">
        <ele>624.2</ele>
      </trkpt>
      <trkpt lat="35.620614" lon="129.094295">
        <ele>620.5</ele>
      </trkpt>
      <trkpt lat="35.620611" lon="129.094352">
        <ele>616.9</ele>
      </trkpt>
      <trkpt lat="35.620549" lon="129.094418">
        <ele>613.4</ele>
      </trkpt>
      <trkpt lat="35.620489" lon="129.094427">
        <ele>609.9</ele>
      </trkpt>
      <trkpt lat="35.620433" lon="129.094506">
        <ele>606.6</ele>
      </trkpt>
      <trkpt lat="35.620254" lon="129.094612">
        <ele>603.4</ele>
      </trkpt>
      <trkpt lat="35.62023" lon="129.094679">
        <ele>600.3</ele>
      </trkpt>
      <trkpt lat="35.620101" lon="129.094868">
        <ele>597.3</ele>
      </trkpt>
      <trkpt lat="35.619929" lon="129.095013">
        <ele>594.4</ele>
      </trkpt>
      <trkpt lat="35.619897" lon="129.095121">
        <ele>591.7</ele>
      </trkpt>
      <trkpt lat="35.619763" lon="129.095293">
        <ele>589.2</ele>
      </trkpt>
      <trkpt lat="35.619571" lon="129.095409">
        <ele>586.8</ele>
      </trkpt>
      <trkpt lat="35.619398" lon="129.095614">
        <ele>584.5</ele>
      </trkpt>
      <trkpt lat="35.619224" lon="129.095774">
        <ele>582.4</ele>
      </trkpt>
      <trkpt lat="35.619044" lon="129.095774">
        <ele>580.4</ele>
      </trkpt>
      <trkpt lat="35.618702" lon="129.095731">
        <ele>578.5</ele>
      </trkpt>
      <trkpt lat="35.618281" lon="129.095865">
        <ele>576.8</ele>
      </trkpt>
      <trkpt lat="35.618137" lon="129.095849">
        <ele>575.1</ele>
      </trkpt>
      <trkpt lat="35.61804" lon="129.095888">
        <ele>573.6</ele>
      </trkpt>
      <trkpt lat="35.617507" lon="129.096148">
        <ele>572.2</ele>
      </trkpt>
      <trkpt lat="35.617025" lon="129.096541">
        <ele>570.8</ele>
      </trkpt>
      <trkpt lat="35.616641" lon="129.096777">
        <ele>569.5</ele>
      </trkpt>
      <trkpt lat="35.61652" lon="129.096863">
        <ele>568.2</ele>
      </trkpt>
      <trkpt lat="35.616399" lon="129.097011">
        <ele>567.0</ele>
      </trkpt>
      <trkpt lat="35.616363" lon="129.097127">
        <ele>565.7</ele>
      </trkpt>
      <trkpt lat="35.616323" lon="129.097204">
        <ele>564.5</ele>
      </trkpt>
      <trkpt lat="35.616243" lon="129.097324">
        <ele>563.2</ele>
      </trkpt>
      <trkpt lat="35.616131" lon="129.097432">
        <ele>562.0</ele>
      </trkpt>
      <trkpt lat="35.615857" lon="129.097904">
        <ele>560.8</ele>
      </trkpt>
      <trkpt lat="35.615594" lon="129.098347">
        <ele>559.6</ele>
      </trkpt>
      <trkpt lat="35.615326" lon="129.098678">
        <ele>558.4</ele>
      </trkpt>
      <trkpt lat="35.615273" lon="129.098793">
        <ele>557.2</ele>
      </trkpt>
      <trkpt lat="35.615181" lon="129.098876">
        <ele>556.1</ele>
      </trkpt>
      <trkpt lat="35.615177" lon="129.098898">
        <ele>555.0</ele>
      </trkpt>
      <trkpt lat="35.615087" lon="129.098885">
        <ele>553.9</ele>
      </trkpt>
      <trkpt lat="35.61509301023043" lon="129.0988397598267">
        <ele>552.8</ele>
      </trkpt>
      <trkpt lat="35.615087" lon="129.098885">
        <ele>551.8</ele>
      </trkpt>
      <trkpt lat="35.615177" lon="129.098898">
        <ele>550.7</ele>
      </trkpt>
      <trkpt lat="35.615154" lon="129.099051">
        <ele>549.7</ele>
      </trkpt>
      <trkpt lat="35.615035" lon="129.099417">
        <ele>548.6</ele>
      </trkpt>
      <trkpt lat="35.61494" lon="129.099779">
        <ele>547.5</ele>
      </trkpt>
      <trkpt lat="35.614823" lon="129.099914">
        <ele>546.4</ele>
      </trkpt>
      <trkpt lat="35.614721" lon="129.100001">
        <ele>545.3</ele>
      </trkpt>
      <trkpt lat="35.614587" lon="129.099992">
        <ele>544.1</ele>
      </trkpt>
      <trkpt lat="35.614423" lon="129.099899">
        <ele>542.8</ele>
      </trkpt>
      <trkpt lat="35.614283" lon="129.099832">
        <ele>541.5</ele>
      </trkpt>
      <trkpt lat="35.614167" lon="129.099807">
        <ele>540.2</ele>
      </trkpt>
      <trkpt lat="35.613792" lon="129.099905">
        <ele>538.8</ele>
      </trkpt>
      <trkpt lat="35.613667" lon="129.099908">
        <ele>537.4</ele>
      </trkpt>
      <trkpt lat="35.613543" lon="129.099925">
        <ele>535.9</ele>
      </trkpt>
      <trkpt lat="35.613458" lon="129.099952">
        <ele>534.5</ele>
      </trkpt>
      <trkpt lat="35.613414" lon="129.099966">
        <ele>533.0</ele>
      </trkpt>
      <trkpt lat="35.61315" lon="129.10014">
        <ele>531.5</ele>
      </trkpt>
      <trkpt lat="35.612999" lon="129.100186">
        <ele>530.0</ele>
      </trkpt>
      <trkpt lat="35.612863" lon="129.100244">
        <ele>528.6</ele>
      </trkpt>
      <trkpt lat="35.612791" lon="129.100297">
        <ele>527.2</ele>
      </trkpt>
      <trkpt lat="35.612781" lon="129.100337">
        <ele>525.8</ele>
      </trkpt>
      <trkpt lat="35.612766" lon="129.100397">
        <ele>524.4</ele>
      </trkpt>
      <trkpt lat="35.612791" lon="129.10048">
        <ele>523.1</ele>
      </trkpt>
      <trkpt lat="35.612831" lon="129.100502">
        <ele>521.8</ele>
      </trkpt>
      <trkpt lat="35.612860152376136" lon="129.1004276275635">
        <ele>520.5</ele>
      </trkpt>
      <trkpt lat="35.612831" lon="129.100502">
        <ele>519.2</ele>
      </trkpt>
      <trkpt lat="35.612908" lon="129.100547">
        <ele>518.0</ele>
      </trkpt>
      <trkpt lat="35.613112" lon="129.100577">
        <ele>516.7</ele>
      </trkpt>
      <trkpt lat="35.613408" lon="129.100592">
        <ele>515.4</ele>
      </trkpt>
      <trkpt lat="35.613727" lon="129.100491">
        <ele>514.0</ele>
      </trkpt>
      <trkpt lat="35.61384" lon="129.100495">
        <ele>512.7</ele>
      </trkpt>
      <trkpt lat="35.613974" lon="129.100568">
        <ele>511.3</ele>
      </trkpt>
      <trkpt lat="35.614092" lon="129.100683">
        <ele>509.9</ele>
      </trkpt>
      <trkpt lat="35.614184" lon="129.100835">
        <ele>508.5</ele>
      </trkpt>
      <trkpt lat="35.614321" lon="129.101212">
        <ele>507.0</ele>
      </trkpt>
      <trkpt lat="35.614413" lon="129.101395">
        <ele>505.6</ele>
      </trkpt>
      <trkpt lat="35.614729" lon="129.101557">
        <ele>504.1</ele>
      </trkpt>
      <trkpt lat="35.615007" lon="129.101729">
        <ele>502.6</ele>
      </trkpt>
      <trkpt lat="35.615108" lon="129.101869">
        <ele>501.1</ele>
      </trkpt>
      <trkpt lat="35.615123" lon="129.102027">
        <ele>499.6</ele>
      </trkpt>
      <trkpt lat="35.615055" lon="129.102145">
        <ele>498.2</ele>
      </trkpt>
      <trkpt lat="35.61498" lon="129.102144">
        <ele>496.8</ele>
      </trkpt>
      <trkpt lat="35.614916" lon="129.102104">
        <ele>495.3</ele>
      </trkpt>
      <trkpt lat="35.61495345844059" lon="129.10201549530032">
        <ele>493.9</ele>
      </trkpt>
      <trkpt lat="35.614916" lon="129.102104">
        <ele>492.5</ele>
      </trkpt>
      <trkpt lat="35.614792" lon="129.102029">
        <ele>491.0</ele>
      </trkpt>
      <trkpt lat="35.614627" lon="129.102006">
        <ele>489.6</ele>
      </trkpt>
      <trkpt lat="35.614481" lon="129.102021">
        <ele>488.1</ele>
      </trkpt>
      <trkpt lat="35.614373" lon="129.101988">
        <ele>486.6</ele>
      </trkpt>
      <trkpt lat="35.614053" lon="129.101722">
        <ele>485.1</ele>
      </trkpt>
      <trkpt lat="35.613955" lon="129.101621">
        <ele>483.6</ele>
      </trkpt>
      <trkpt lat="35.613872" lon="129.101582">
        <ele>482.0</ele>
      </trkpt>
      <trkpt lat="35.613761" lon="129.101602">
        <ele>480.3</ele>
      </trkpt>
      <trkpt lat="35.613403" lon="129.101637">
        <ele>478.6</ele>
      </trkpt>
      <trkpt lat="35.613144" lon="129.101803">
        <ele>476.9</ele>
      </trkpt>
      <trkpt lat="35.613009" lon="129.101899">
        <ele>475.0</ele>
      </trkpt>
      <trkpt lat="35.612889" lon="129.101936">
        <ele>473.1</ele>
      </trkpt>
      <trkpt lat="35.612773" lon="129.101904">
        <ele>471.2</ele>
      </trkpt>
      <trkpt lat="35.612639" lon="129.101784">
        <ele>469.3</ele>
      </trkpt>
      <trkpt lat="35.612485" lon="129.101544">
        <ele>467.2</ele>
      </trkpt>
      <trkpt lat="35.612379" lon="129.101431">
        <ele>465.1</ele>
      </trkpt>
      <trkpt lat="35.612219" lon="129.101354">
        <ele>463.0</ele>
      </trkpt>
      <trkpt lat="35.61178" lon="129.101267">
        <ele>460.8</ele>
      </trkpt>
      <trkpt lat="35.611416" lon="129.101115">
        <ele>458.5</ele>
      </trkpt>
      <trkpt lat="35.611261" lon="129.101084">
        <ele>456.2</ele>
      </trkpt>
      <trkpt lat="35.611211" lon="129.101085">
        <ele>453.9</ele>
      </trkpt>
      <trkpt lat="35.611156" lon="129.101086">
        <ele>451.5</ele>
      </trkpt>
      <trkpt lat="35.610986" lon="129.101022">
        <ele>449.1</ele>
      </trkpt>
      <trkpt lat="35.610912" lon="129.101012">
        <ele>446.7</ele>
      </trkpt>
      <trkpt lat="35.610899" lon="129.101109">
        <ele>444.3</ele>
      </trkpt>
      <trkpt lat="35.610931" lon="129.101177">
        <ele>441.8</ele>
      </trkpt>
      <trkpt lat="35.611017" lon="129.101275">
        <ele>439.3</ele>
      </trkpt>
      <trkpt lat="35.61101" lon="129.101336">
        <ele>436.8</ele>
      </trkpt>
      <trkpt lat="35.610888" lon="129.101358">
        <ele>434.2</ele>
      </trkpt>
      <trkpt lat="35.610859" lon="129.101343">
        <ele>431.6</ele>
      </trkpt>
      <trkpt lat="35.61083657110805" lon="129.10141468048099">
        <ele>429.0</ele>
      </trkpt>
      <trkpt lat="35.610859" lon="129.101343">
        <ele>426.3</ele>
      </trkpt>
      <trkpt lat="35.610818" lon="129.101324">
        <ele>423.6</ele>
      </trkpt>
      <trkpt lat="35.610707" lon="129.101299">
        <ele>420.9</ele>
      </trkpt>
      <trkpt lat="35.610543" lon="129.101238">
        <ele>418.2</ele>
      </trkpt>
      <trkpt lat="35.610415" lon="129.101244">
        <ele>415.4</ele>
      </trkpt>
      <trkpt lat="35.610327" lon="129.101272">
        <ele>412.7</ele>
      </trkpt>
      <trkpt lat="35.61023" lon="129.101356">
        <ele>409.9</ele>
      </trkpt>
      <trkpt lat="35.610066" lon="129.101341">
        <ele>407.1</ele>
      </trkpt>
      <trkpt lat="35.609993" lon="129.101394">
        <ele>404.4</ele>
      </trkpt>
      <trkpt lat="35.609814" lon="129.101549">
        <ele>401.6</ele>
      </trkpt>
      <trkpt lat="35.609543" lon="129.101693">
        <ele>398.9</ele>
      </trkpt>
      <trkpt lat="35.609416" lon="129.101785">
        <ele>396.1</ele>
      </trkpt>
      <trkpt lat="35.609389" lon="129.101754">
        <ele>393.4</ele>
      </trkpt>
      <trkpt lat="35.60927" lon="129.101765">
        <ele>390.7</ele>
      </trkpt>
      <trkpt lat="35.608955" lon="129.101853">
        <ele>388.1</ele>
      </trkpt>
      <trkpt lat="35.608891" lon="129.101925">
        <ele>385.4</ele>
      </trkpt>
      <trkpt lat="35.608771" lon="129.101937">
        <ele>382.9</ele>
      </trkpt>
      <trkpt lat="35.608823" lon="129.101836">
        <ele>380.3</ele>
      </trkpt>
      <trkpt lat="35.608768" lon="129.101807">
        <ele>377.8</ele>
      </trkpt>
      <trkpt lat="35.608638485180876" lon="129.10184383392337">
        <ele>375.3</ele>
      </trkpt>
      <trkpt lat="35.608768" lon="129.101807">
        <ele>372.8</ele>
      </trkpt>
      <trkpt lat="35.608885" lon="129.101619">
        <ele>370.4</ele>
      </trkpt>
      <trkpt lat="35.608897" lon="129.101566">
        <ele>367.9</ele>
      </trkpt>
      <trkpt lat="35.608995" lon="129.101292">
        <ele>365.5</ele>
      </trkpt>
      <trkpt lat="35.609041" lon="129.101213">
        <ele>363.0</ele>
      </trkpt>
      <trkpt lat="35.60915" lon="129.101052">
        <ele>360.6</ele>
      </trkpt>
      <trkpt lat="35.609166" lon="129.100898">
        <ele>358.1</ele>
      </trkpt>
      <trkpt lat="35.609119" lon="129.100811">
        <ele>355.6</ele>
      </trkpt>
      <trkpt lat="35.609034" lon="129.100867">
        <ele>353.2</ele>
      </trkpt>
      <trkpt lat="35.608942" lon="129.100862">
        <ele>350.7</ele>
      </trkpt>
      <trkpt lat="35.608853" lon="129.100893">
        <ele>348.2</ele>
      </trkpt>
      <trkpt lat="35.608926" lon="129.100734">
        <ele>345.7</ele>
      </trkpt>
      <trkpt lat="35.608936" lon="129.100671">
        <ele>343.2</ele>
      </trkpt>
      <trkpt lat="35.608888" lon="129.100691">
        <ele>340.7</ele>
      </trkpt>
      <trkpt lat="35.608913" lon="129.100622">
        <ele>338.1</ele>
      </trkpt>
      <trkpt lat="35.608825" lon="129.100607">
        <ele>335.6</ele>
      </trkpt>
      <trkpt lat="35.608787" lon="129.100577">
        <ele>333.1</ele>
      </trkpt>
      <trkpt lat="35.608736" lon="129.100616">
        <ele>330.5</ele>
      </trkpt>
      <trkpt lat="35.608727" lon="129.100477">
        <ele>327.9</ele>
      </trkpt>
      <trkpt lat="35.608627" lon="129.100477">
        <ele>325.3</ele>
      </trkpt>
      <trkpt lat="35.608635" lon="129.100377">
        <ele>322.6</ele>
      </trkpt>
      <trkpt lat="35.608579" lon="129.100306">
        <ele>319.9</ele>
      </trkpt>
      <trkpt lat="35.608471" lon="129.100312">
        <ele>317.2</ele>
      </trkpt>
      <trkpt lat="35.608463" lon="129.100408">
        <ele>314.4</ele>
      </trkpt>
      <trkpt lat="35.608377" lon="129.100268">
        <ele>311.5</ele>
      </trkpt>
      <trkpt lat="35.60834" lon="129.100339">
        <ele>308.6</ele>
      </trkpt>
      <trkpt lat="35.608312" lon="129.10013">
        <ele>305.7</ele>
      </trkpt>
      <trkpt lat="35.608211" lon="129.100208">
        <ele>302.8</ele>
      </trkpt>
      <trkpt lat="35.608107" lon="129.100442">
        <ele>299.8</ele>
      </trkpt>
      <trkpt lat="35.607955" lon="129.100597">
        <ele>296.7</ele>
      </trkpt>
      <trkpt lat="35.60788" lon="129.100647">
        <ele>293.7</ele>
      </trkpt>
      <trkpt lat="35.607891" lon="129.100565">
        <ele>290.5</ele>
      </trkpt>
      <trkpt lat="35.60794" lon="129.100519">
        <ele>287.4</ele>
      </trkpt>
      <trkpt lat="35.608032" lon="129.100364">
        <ele>284.1</ele>
      </trkpt>
      <trkpt lat="35.60809" lon="129.099843">
        <ele>280.9</ele>
      </trkpt>
      <trkpt lat="35.608009" lon="129.099804">
        <ele>277.6</ele>
      </trkpt>
      <trkpt lat="35.607782" lon="129.099971">
        <ele>274.3</ele>
      </trkpt>
      <trkpt lat="35.607753" lon="129.09973">
        <ele>270.9</ele>
      </trkpt>
      <trkpt lat="35.607667" lon="129.099535">
        <ele>267.6</ele>
      </trkpt>
      <trkpt lat="35.60748" lon="129.099504">
        <ele>264.2</ele>
      </trkpt>
      <trkpt lat="35.607327" lon="129.099525">
        <ele>260.8</ele>
      </trkpt>
      <trkpt lat="35.607294" lon="129.099578">
        <ele>257.4</ele>
      </trkpt>
      <trkpt lat="35.607106" lon="129.099538">
        <ele>254.1</ele>
      </trkpt>
      <trkpt lat="35.6071032782381" lon="129.09956932067874">
        <ele>250.7</ele>
      </trkpt>
      <trkpt lat="35.607106" lon="129.099538">
        <ele>247.4</ele>
      </trkpt>
      <trkpt lat="35.606941" lon="129.099503">
        <ele>244.0</ele>
      </trkpt>
      <trkpt lat="35.606578" lon="129.099411">
        <ele>240.7</ele>
      </trkpt>
      <trkpt lat="35.606395" lon="129.099298">
        <ele>237.4</ele>
      </trkpt>
      <trkpt lat="35.606057" lon="129.099215">
        <ele>234.1</ele>
      </trkpt>
      <trkpt lat="35.605404" lon="129.098899">
        <ele>230.8</ele>
      </trkpt>
      <trkpt lat="35.605111" lon="129.098731">
        <ele>227.7</ele>
      </trkpt>
      <trkpt lat="35.604742" lon="129.098522">
        <ele>224.6</ele>
      </trkpt>
      <trkpt lat="35.604642" lon="129.098465">
        <ele>221.5</ele>
      </trkpt>
      <trkpt lat="35.604292" lon="129.098247">
        <ele>218.6</ele>
      </trkpt>
      <trkpt lat="35.604233" lon="129.097071">
        <ele>215.7</ele>
      </trkpt>
      <trkpt lat="35.60413745413239" lon="129.09708023071292">
        <ele>213.0</ele>
      </trkpt>
      <trkpt lat="35.604233" lon="129.097071">
        <ele>210.3</ele>
      </trkpt>
      <trkpt lat="35.604227" lon="129.096933">
        <ele>207.7</ele>
      </trkpt>
      <trkpt lat="35.603009" lon="129.09686">
        <ele>205.3</ele>
      </trkpt>
      <trkpt lat="35.602759" lon="129.096741">
        <ele>202.9</ele>
      </trkpt>
      <trkpt lat="35.602487" lon="129.096526">
        <ele>200.7</ele>
      </trkpt>
      <trkpt lat="35.602362" lon="129.096482">
        <ele>198.5</ele>
      </trkpt>
      <trkpt lat="35.601207" lon="129.096511">
        <ele>196.5</ele>
      </trkpt>
      <trkpt lat="35.600984" lon="129.096508">
        <ele>194.7</ele>
      </trkpt>
      <trkpt lat="35.600937" lon="129.096449">
        <ele>193.0</ele>
      </trkpt>
      <trkpt lat="35.600843" lon="129.096359">
        <ele>191.4</ele>
      </trkpt>
      <trkpt lat="35.600811" lon="129.096305">
        <ele>190.0</ele>
      </trkpt>
      <trkpt lat="35.60085747358505" lon="129.0962648391724">
        <ele>188.7</ele>
      </trkpt>
      <trkpt lat="35.600811" lon="129.096305">
        <ele>187.6</ele>
      </trkpt>
      <trkpt lat="35.600766" lon="129.096231">
        <ele>186.6</ele>
      </trkpt>
      <trkpt lat="35.600735" lon="129.096056">
        <ele>185.8</ele>
      </trkpt>
      <trkpt lat="35.60068" lon="129.095963">
        <ele>185.1</ele>
      </trkpt>
      <trkpt lat="35.600383" lon="129.095769">
        <ele>184.5</ele>
      </trkpt>
      <trkpt lat="35.600239" lon="129.095702">
        <ele>184.0</ele>
      </trkpt>
      <trkpt lat="35.600044" lon="129.095659">
        <ele>183.7</ele>
      </trkpt>
      <trkpt lat="35.599957" lon="129.095627">
        <ele>183.6</ele>
      </trkpt>
      <trkpt lat="35.599914" lon="129.095589">
        <ele>183.6</ele>
      </trkpt>
      <trkpt lat="35.60002001019882" lon="129.09540653228763">
        <ele>183.7</ele>
      </trkpt>
      <trkpt lat="35.599914" lon="129.095589">
        <ele>183.9</ele>
      </trkpt>
      <trkpt lat="35.599957" lon="129.095627">
        <ele>184.3</ele>
      </trkpt>
      <trkpt lat="35.600044" lon="129.095659">
        <ele>184.8</ele>
      </trkpt>
      <trkpt lat="35.600239" lon="129.095702">
        <ele>185.4</ele>
      </trkpt>
      <trkpt lat="35.600242" lon="129.095649">
        <ele>186.1</ele>
      </trkpt>
      <trkpt lat="35.600305" lon="129.095499">
        <ele>186.8</ele>
      </trkpt>
      <trkpt lat="35.600323" lon="129.095425">
        <ele>187.7</ele>
      </trkpt>
      <trkpt lat="35.600477" lon="129.095385">
        <ele>188.6</ele>
      </trkpt>
      <trkpt lat="35.600506" lon="129.095254">
        <ele>189.6</ele>
      </trkpt>
      <trkpt lat="35.60065" lon="129.09504">
        <ele>190.6</ele>
      </trkpt>
      <trkpt lat="35.600867" lon="129.09495">
        <ele>191.7</ele>
      </trkpt>
      <trkpt lat="35.601016" lon="129.094722">
        <ele>192.8</ele>
      </trkpt>
      <trkpt lat="35.601154" lon="129.094589">
        <ele>193.9</ele>
      </trkpt>
      <trkpt lat="35.601168" lon="129.094529">
        <ele>195.0</ele>
      </trkpt>
      <trkpt lat="35.601237" lon="129.094454">
        <ele>196.1</ele>
      </trkpt>
      <trkpt lat="35.601505" lon="129.094328">
        <ele>197.1</ele>
      </trkpt>
      <trkpt lat="35.601686" lon="129.094345">
        <ele>198.1</ele>
      </trkpt>
      <trkpt lat="35.601863" lon="129.094213">
        <ele>199.1</ele>
      </trkpt>
      <trkpt lat="35.601905" lon="129.094164">
        <ele>200.0</ele>
      </trkpt>
      <trkpt lat="35.60190429049385" lon="129.09416198730472">
        <ele>200.9</ele>
      </trkpt>
      <trkpt lat="35.601905" lon="129.094164">
        <ele>201.7</ele>
      </trkpt>
      <trkpt lat="35.602043" lon="129.094009">
        <ele>202.3</ele>
      </trkpt>
      <trkpt lat="35.602065" lon="129.093831">
        <ele>202.9</ele>
      </trkpt>
      <trkpt lat="35.601941" lon="129.093585">
        <ele>203.4</ele>
      </trkpt>
      <trkpt lat="35.601822" lon="129.093401">
        <ele>203.8</ele>
      </trkpt>
      <trkpt lat="35.601494" lon="129.093242">
        <ele>204.1</ele>
      </trkpt>
      <trkpt lat="35.601307" lon="129.093046">
        <ele>204.3</ele>
      </trkpt>
      <trkpt lat="35.601119" lon="129.092998">
        <ele>204.4</ele>
      </trkpt>
      <trkpt lat="35.600997" lon="129.092869">
        <ele>204.3</ele>
      </trkpt>
      <trkpt lat="35.600873" lon="129.09285">
        <ele>204.2</ele>
      </trkpt>
      <trkpt lat="35.600569" lon="129.092934">
        <ele>203.9</ele>
      </trkpt>
      <trkpt lat="35.600552" lon="129.092799">
        <ele>203.5</ele>
      </trkpt>
      <trkpt lat="35.60061321433601" lon="129.0927886962891">
        <ele>202.9</ele>
      </trkpt>
      <trkpt lat="35.600552" lon="129.092799">
        <ele>202.3</ele>
      </trkpt>
      <trkpt lat="35.600533" lon="129.092638">
        <ele>201.5</ele>
      </trkpt>
      <trkpt lat="35.600493" lon="129.092318">
        <ele>200.7</ele>
      </trkpt>
      <trkpt lat="35.600358" lon="129.09207">
        <ele>199.7</ele>
      </trkpt>
      <trkpt lat="35.600295" lon="129.091989">
        <ele>198.5</ele>
      </trkpt>
      <trkpt lat="35.600228" lon="129.091972">
        <ele>197.3</ele>
      </trkpt>
      <trkpt lat="35.600199" lon="129.091791">
        <ele>196.0</ele>
      </trkpt>
      <trkpt lat="35.600208" lon="129.091555">
        <ele>194.6</ele>
      </trkpt>
      <trkpt lat="35.600132" lon="129.090934">
        <ele>193.2</ele>
      </trkpt>
      <trkpt lat="35.600223" lon="129.090933">
        <ele>191.6</ele>
      </trkpt>
      <trkpt lat="35.600296" lon="129.090889">
        <ele>190.1</ele>
      </trkpt>
      <trkpt lat="35.60019" lon="129.090825">
        <ele>188.4</ele>
      </trkpt>
      <trkpt lat="35.600129" lon="129.090721">
        <ele>186.8</ele>
      </trkpt>
      <trkpt lat="35.600129" lon="129.090469">
        <ele>185.2</ele>
      </trkpt>
      <trkpt lat="35.600014" lon="129.090313">
        <ele>183.5</ele>
      </trkpt>
      <trkpt lat="35.599825" lon="129.090104">
        <ele>181.9</ele>
      </trkpt>
      <trkpt lat="35.599682" lon="129.089865">
        <ele>180.2</ele>
      </trkpt>
      <trkpt lat="35.599677" lon="129.089482">
        <ele>178.6</ele>
      </trkpt>
      <trkpt lat="35.59948" lon="129.089022">
        <ele>177.1</ele>
      </trkpt>
      <trkpt lat="35.599369" lon="129.089063">
        <ele>175.5</ele>
      </trkpt>
      <trkpt lat="35.599344" lon="129.089053">
        <ele>174.1</ele>
      </trkpt>
      <trkpt lat="35.59935701213621" lon="129.08901214599612">
        <ele>172.7</ele>
      </trkpt>
      <trkpt lat="35.599344" lon="129.089053">
        <ele>171.3</ele>
      </trkpt>
      <trkpt lat="35.599268" lon="129.089022">
        <ele>170.0</ele>
      </trkpt>
      <trkpt lat="35.599199" lon="129.089027">
        <ele>168.8</ele>
      </trkpt>
      <trkpt lat="35.599072" lon="129.089113">
        <ele>167.7</ele>
      </trkpt>
      <trkpt lat="35.598707" lon="129.089112">
        <ele>166.7</ele>
      </trkpt>
      <trkpt lat="35.598588" lon="129.089039">
        <ele>165.7</ele>
      </trkpt>
      <trkpt lat="35.598492" lon="129.088934">
        <ele>164.8</ele>
      </trkpt>
      <trkpt lat="35.598352" lon="129.088896">
        <ele>164.0</ele>
      </trkpt>
      <trkpt lat="35.598256" lon="129.088897">
        <ele>163.3</ele>
      </trkpt>
      <trkpt lat="35.598187" lon="129.088919">
        <ele>162.7</ele>
      </trkpt>
      <trkpt lat="35.598066" lon="129.088937">
        <ele>162.2</ele>
      </trkpt>
      <trkpt lat="35.597754" lon="129.088888">
        <ele>161.8</ele>
      </trkpt>
      <trkpt lat="35.597749" lon="129.088885">
        <ele>161.5</ele>
      </trkpt>
      <trkpt lat="35.59775183618633" lon="129.0888833999634">
        <ele>161.3</ele>
      </trkpt>
      <trkpt lat="35.597749" lon="129.088885">
        <ele>161.2</ele>
      </trkpt>
      <trkpt lat="35.597754" lon="129.088888">
        <ele>161.2</ele>
      </trkpt>
      <trkpt lat="35.598243" lon="129.088366">
        <ele>161.3</ele>
      </trkpt>
      <trkpt lat="35.598557" lon="129.088019">
        <ele>161.5</ele>
      </trkpt>
      <trkpt lat="35.5986" lon="129.087971">
        <ele>161.8</ele>
      </trkpt>
      <trkpt lat="35.598616" lon="129.087952">
        <ele>162.2</ele>
      </trkpt>
      <trkpt lat="35.598606770862396" lon="129.08793926239017">
        <ele>162.7</ele>
      </trkpt>
      <trkpt lat="35.598616" lon="129.087952">
        <ele>163.2</ele>
      </trkpt>
      <trkpt lat="35.599381" lon="129.087105">
        <ele>163.9</ele>
      </trkpt>
      <trkpt lat="35.599799" lon="129.086554">
        <ele>164.6</ele>
      </trkpt>
      <trkpt lat="35.599804" lon="129.086539">
        <ele>165.4</ele>
      </trkpt>
      <trkpt lat="35.599775748393725" lon="129.0865230560303">
        <ele>166.2</ele>
      </trkpt>
      <trkpt lat="35.599804" lon="129.086539">
        <ele>167.2</ele>
      </trkpt>
      <trkpt lat="35.599799" lon="129.086554">
        <ele>168.1</ele>
      </trkpt>
      <trkpt lat="35.600072" lon="129.08655">
        <ele>169.1</ele>
      </trkpt>
      <trkpt lat="35.600334" lon="129.08663">
        <ele>170.2</ele>
      </trkpt>
      <trkpt lat="35.600957" lon="129.08634">
        <ele>171.3</ele>
      </trkpt>
      <trkpt lat="35.601662" lon="129.086239">
        <ele>172.5</ele>
      </trkpt>
      <trkpt lat="35.602053" lon="129.086293">
        <ele>173.7</ele>
      </trkpt>
      <trkpt lat="35.602221" lon="129.086317">
        <ele>174.9</ele>
      </trkpt>
      <trkpt lat="35.602549" lon="129.08621">
        <ele>176.2</ele>
      </trkpt>
      <trkpt lat="35.603197" lon="129.08606">
        <ele>177.6</ele>
      </trkpt>
      <trkpt lat="35.603955" lon="129.08568">
        <ele>178.9</ele>
      </trkpt>
      <trkpt lat="35.60417" lon="129.085622">
        <ele>180.3</ele>
      </trkpt>
      <trkpt lat="35.604303" lon="129.085635">
        <ele>181.8</ele>
      </trkpt>
      <trkpt lat="35.604429" lon="129.085619">
        <ele>183.3</ele>
      </trkpt>
      <trkpt lat="35.604496" lon="129.085596">
        <ele>184.8</ele>
      </trkpt>
      <trkpt lat="35.604608" lon="129.085473">
        <ele>186.3</ele>
      </trkpt>
      <trkpt lat="35.604709" lon="129.085402">
        <ele>187.8</ele>
      </trkpt>
      <trkpt lat="35.604903" lon="129.085339">
        <ele>189.4</ele>
      </trkpt>
      <trkpt lat="35.605236" lon="129.085271">
        <ele>190.9</ele>
      </trkpt>
      <trkpt lat="35.605325" lon="129.085222">
        <ele>192.4</ele>
      </trkpt>
      <trkpt lat="35.60546" lon="129.085122">
        <ele>194.0</ele>
      </trkpt>
      <trkpt lat="35.60572" lon="129.084878">
        <ele>195.5</ele>
      </trkpt>
      <trkpt lat="35.605777" lon="129.084773">
        <ele>197.1</ele>
      </trkpt>
      <trkpt lat="35.60586" lon="129.084534">
        <ele>198.6</ele>
      </trkpt>
      <trkpt lat="35.605964" lon="129.084324">
        <ele>200.1</ele>
      </trkpt>
      <trkpt lat="35.606067" lon="129.084211">
        <ele>201.6</ele>
      </trkpt>
      <trkpt lat="35.606143" lon="129.084153">
        <ele>203.1</ele>
      </trkpt>
      <trkpt lat="35.606257" lon="129.084137">
        <ele>204.6</ele>
      </trkpt>
      <trkpt lat="35.606386" lon="129.084139">
        <ele>206.1</ele>
      </trkpt>
      <trkpt lat="35.60638800130738" lon="129.08409833908084">
        <ele>207.6</ele>
      </trkpt>
      <trkpt lat="35.606386" lon="129.084139">
        <ele>209.1</ele>
      </trkpt>
      <trkpt lat="35.606451" lon="129.08414">
        <ele>210.7</ele>
      </trkpt>
      <trkpt lat="35.606509" lon="129.084033">
        <ele>212.3</ele>
      </trkpt>
      <trkpt lat="35.606543" lon="129.083924">
        <ele>213.9</ele>
      </trkpt>
      <trkpt lat="35.606554" lon="129.083852">
        <ele>215.5</ele>
      </trkpt>
      <trkpt lat="35.606538" lon="129.083744">
        <ele>217.2</ele>
      </trkpt>
      <trkpt lat="35.606414" lon="129.083697">
        <ele>218.9</ele>
      </trkpt>
      <trkpt lat="35.606363" lon="129.083665">
        <ele>220.7</ele>
      </trkpt>
      <trkpt lat="35.606327" lon="129.083584">
        <ele>222.4</ele>
      </trkpt>
      <trkpt lat="35.606411" lon="129.083258">
        <ele>224.3</ele>
      </trkpt>
      <trkpt lat="35.606394" lon="129.083055">
        <ele>226.1</ele>
      </trkpt>
      <trkpt lat="35.60642" lon="129.082975">
        <ele>228.0</ele>
      </trkpt>
      <trkpt lat="35.606385" lon="129.082891">
        <ele>229.9</ele>
      </trkpt>
      <trkpt lat="35.606401" lon="129.082819">
        <ele>231.9</ele>
      </trkpt>
      <trkpt lat="35.606426" lon="129.082802">
        <ele>233.9</ele>
      </trkpt>
      <trkpt lat="35.606440338860615" lon="129.0828323364258">
        <ele>236.0</ele>
      </trkpt>
      <trkpt lat="35.606426" lon="129.082802">
        <ele>238.1</ele>
      </trkpt>
      <trkpt lat="35.606533" lon="129.082732">
        <ele>240.3</ele>
      </trkpt>
      <trkpt lat="35.606603" lon="129.082733">
        <ele>242.6</ele>
      </trkpt>
      <trkpt lat="35.606667" lon="129.082671">
        <ele>244.9</ele>
      </trkpt>
      <trkpt lat="35.606849" lon="129.08263">
        <ele>247.3</ele>
      </trkpt>
      <trkpt lat="35.606885" lon="129.082665">
        <ele>249.8</ele>
      </trkpt>
      <trkpt lat="35.606927" lon="129.082661">
        <ele>252.3</ele>
      </trkpt>
      <trkpt lat="35.606983" lon="129.082642">
        <ele>254.9</ele>
      </trkpt>
      <trkpt lat="35.607343" lon="129.082376">
        <ele>257.6</ele>
      </trkpt>
      <trkpt lat="35.607555" lon="129.082232">
        <ele>260.3</ele>
      </trkpt>
      <trkpt lat="35.607672" lon="129.082114">
        <ele>263.1</ele>
      </trkpt>
      <trkpt lat="35.60773" lon="129.082025">
        <ele>265.9</ele>
      </trkpt>
      <trkpt lat="35.608523" lon="129.082154">
        <ele>268.7</ele>
      </trkpt>
      <trkpt lat="35.608781" lon="129.082236">
        <ele>271.5</ele>
      </trkpt>
      <trkpt lat="35.609035" lon="129.082328">
        <ele>274.3</ele>
      </trkpt>
      <trkpt lat="35.609221" lon="129.082285">
        <ele>277.1</ele>
      </trkpt>
      <trkpt lat="35.609498" lon="129.082419">
        <ele>279.8</ele>
      </trkpt>
      <trkpt lat="35.60977" lon="129.082331">
        <ele>282.4</ele>
      </trkpt>
      <trkpt lat="35.610251" lon="129.082334">
        <ele>285.0</ele>
      </trkpt>
      <trkpt lat="35.610398" lon="129.082342">
        <ele>287.5</ele>
      </trkpt>
      <trkpt lat="35.610538" lon="129.082398">
        <ele>289.9</ele>
      </trkpt>
      <trkpt lat="35.610821" lon="129.082559">
        <ele>292.2</ele>
      </trkpt>
      <trkpt lat="35.610913" lon="129.08247">
        <ele>294.4</ele>
      </trkpt>
      <trkpt lat="35.611021" lon="129.082476">
        <ele>296.5</ele>
      </trkpt>
      <trkpt lat="35.611227" lon="129.082832">
        <ele>298.4</ele>
      </trkpt>
      <trkpt lat="35.611497" lon="129.082993">
        <ele>300.2</ele>
      </trkpt>
      <trkpt lat="35.611997" lon="129.083484">
        <ele>301.8</ele>
      </trkpt>
      <trkpt lat="35.612135" lon="129.083528">
        <ele>303.3</ele>
      </trkpt>
      <trkpt lat="35.612228" lon="129.083664">
        <ele>304.5</ele>
      </trkpt>
      <trkpt lat="35.612326" lon="129.08386">
        <ele>305.6</ele>
      </trkpt>
      <trkpt lat="35.612453" lon="129.084033">
        <ele>306.5</ele>
      </trkpt>
      <trkpt lat="35.613319" lon="129.083865">
        <ele>307.2</ele>
      </trkpt>
      <trkpt lat="35.613477" lon="129.083802">
        <ele>307.6</ele>
      </trkpt>
      <trkpt lat="35.61347070563713" lon="129.08377647399905">
        <ele>307.8</ele>
      </trkpt>
      <trkpt lat="35.613477" lon="129.083802">
        <ele>307.8</ele>
      </trkpt>
      <trkpt lat="35.613614" lon="129.083749">
        <ele>307.6</ele>
      </trkpt>
      <trkpt lat="35.613469" lon="129.083645">
        <ele>307.0</ele>
      </trkpt>
      <trkpt lat="35.613381" lon="129.083514">
        <ele>306.3</ele>
      </trkpt>
      <trkpt lat="35.613298" lon="129.083339">
        <ele>305.2</ele>
      </trkpt>
      <trkpt lat="35.61322" lon="129.083229">
        <ele>304.0</ele>
      </trkpt>
      <trkpt lat="35.613189" lon="129.083059">
        <ele>302.4</ele>
      </trkpt>
      <trkpt lat="35.612974" lon="129.082669">
        <ele>300.7</ele>
      </trkpt>
      <trkpt lat="35.612932" lon="129.082524">
        <ele>298.7</ele>
      </trkpt>
      <trkpt lat="35.612956" lon="129.082392">
        <ele>296.6</ele>
      </trkpt>
      <trkpt lat="35.612918" lon="129.082282">
        <ele>294.2</ele>
      </trkpt>
      <trkpt lat="35.612827" lon="129.082138">
        <ele>291.7</ele>
      </trkpt>
      <trkpt lat="35.612773" lon="129.081966">
        <ele>289.0</ele>
      </trkpt>
      <trkpt lat="35.612792" lon="129.081779">
        <ele>286.1</ele>
      </trkpt>
      <trkpt lat="35.612786" lon="129.081695">
        <ele>283.2</ele>
      </trkpt>
      <trkpt lat="35.612727" lon="129.081534">
        <ele>280.1</ele>
      </trkpt>
      <trkpt lat="35.61273" lon="129.081349">
        <ele>276.9</ele>
      </trkpt>
      <trkpt lat="35.612692" lon="129.081062">
        <ele>273.6</ele>
      </trkpt>
      <trkpt lat="35.612699" lon="129.080805">
        <ele>270.2</ele>
      </trkpt>
      <trkpt lat="35.612739" lon="129.08055">
        <ele>266.7</ele>
      </trkpt>
      <trkpt lat="35.61282" lon="129.080362">
        <ele>263.2</ele>
      </trkpt>
      <trkpt lat="35.612862" lon="129.080161">
        <ele>259.6</ele>
      </trkpt>
      <trkpt lat="35.612825" lon="129.079973">
        <ele>256.1</ele>
      </trkpt>
      <trkpt lat="35.612836" lon="129.079858">
        <ele>252.4</ele>
      </trkpt>
      <trkpt lat="35.612751" lon="129.079726">
        <ele>248.9</ele>
      </trkpt>
      <trkpt lat="35.612758" lon="129.079552">
        <ele>245.3</ele>
      </trkpt>
      <trkpt lat="35.612701" lon="129.079453">
        <ele>241.7</ele>
      </trkpt>
      <trkpt lat="35.612718" lon="129.079356">
        <ele>238.2</ele>
      </trkpt>
      <trkpt lat="35.61262" lon="129.079072">
        <ele>234.7</ele>
      </trkpt>
      <trkpt lat="35.612576" lon="129.078867">
        <ele>231.3</ele>
      </trkpt>
      <trkpt lat="35.612444" lon="129.078747">
        <ele>228.0</ele>
      </trkpt>
      <trkpt lat="35.612376" lon="129.078527">
        <ele>224.7</ele>
      </trkpt>
      <trkpt lat="35.612333" lon="129.078408">
        <ele>221.6</ele>
      </trkpt>
      <trkpt lat="35.612181" lon="129.078279">
        <ele>218.6</ele>
      </trkpt>
      <trkpt lat="35.612096" lon="129.078232">
        <ele>215.7</ele>
      </trkpt>
      <trkpt lat="35.612107" lon="129.078155">
        <ele>212.9</ele>
      </trkpt>
      <trkpt lat="35.612104" lon="129.078049">
        <ele>210.2</ele>
      </trkpt>
      <trkpt lat="35.611918" lon="129.078098">
        <ele>207.7</ele>
      </trkpt>
      <trkpt lat="35.611885" lon="129.078082">
        <ele>205.3</ele>
      </trkpt>
      <trkpt lat="35.611892" lon="129.078012">
        <ele>203.0</ele>
      </trkpt>
      <trkpt lat="35.611962" lon="129.077831">
        <ele>200.8</ele>
      </trkpt>
      <trkpt lat="35.611929" lon="129.077693">
        <ele>198.7</ele>
      </trkpt>
      <trkpt lat="35.61189" lon="129.077438">
        <ele>196.8</ele>
      </trkpt>
      <trkpt lat="35.611844" lon="129.077451">
        <ele>194.9</ele>
      </trkpt>
      <trkpt lat="35.611848368140734" lon="129.07746791839602">
        <ele>193.1</ele>
      </trkpt>
      <trkpt lat="35.611844" lon="129.077451">
        <ele>191.5</ele>
      </trkpt>
      <trkpt lat="35.611805" lon="129.077463">
        <ele>189.9</ele>
      </trkpt>
      <trkpt lat="35.611662" lon="129.077487">
        <ele>188.5</ele>
      </trkpt>
      <trkpt lat="35.611718" lon="129.077361">
        <ele>187.1</ele>
      </trkpt>
      <trkpt lat="35.611755" lon="129.077208">
        <ele>185.9</ele>
      </trkpt>
      <trkpt lat="35.611746" lon="129.077074">
        <ele>184.7</ele>
      </trkpt>
      <trkpt lat="35.6118" lon="129.07695">
        <ele>183.5</ele>
      </trkpt>
      <trkpt lat="35.611824" lon="129.076687">
        <ele>182.5</ele>
      </trkpt>
      <trkpt lat="35.611816" lon="129.07658">
        <ele>181.4</ele>
      </trkpt>
      <trkpt lat="35.611783" lon="129.076473">
        <ele>180.5</ele>
      </trkpt>
      <trkpt lat="35.611925" lon="129.075899">
        <ele>179.6</ele>
      </trkpt>
      <trkpt lat="35.6118" lon="129.075631">
        <ele>178.7</ele>
      </trkpt>
      <trkpt lat="35.611757" lon="129.075459">
        <ele>177.8</ele>
      </trkpt>
      <trkpt lat="35.611827" lon="129.075191">
        <ele>177.1</ele>
      </trkpt>
      <trkpt lat="35.611896" lon="129.074858">
        <ele>176.3</ele>
      </trkpt>
      <trkpt lat="35.611903" lon="129.074716">
        <ele>175.6</ele>
      </trkpt>
      <trkpt lat="35.611859" lon="129.074628">
        <ele>174.8</ele>
      </trkpt>
      <trkpt lat="35.611673" lon="129.074443">
        <ele>174.1</ele>
      </trkpt>
      <trkpt lat="35.61160414244247" lon="129.07454967498782">
        <ele>173.4</ele>
      </trkpt>
      <trkpt lat="35.611673" lon="129.074443">
        <ele>172.7</ele>
      </trkpt>
      <trkpt lat="35.611546" lon="129.074318">
        <ele>172.0</ele>
      </trkpt>
      <trkpt lat="35.611086" lon="129.074828">
        <ele>171.3</ele>
      </trkpt>
      <trkpt lat="35.610605" lon="129.074297">
        <ele>170.7</ele>
      </trkpt>
      <trkpt lat="35.610148" lon="129.073737">
        <ele>170.0</ele>
      </trkpt>
      <trkpt lat="35.610062" lon="129.073663">
        <ele>169.3</ele>
      </trkpt>
      <trkpt lat="35.60989" lon="129.07356">
        <ele>168.7</ele>
      </trkpt>
      <trkpt lat="35.6098" lon="129.07356">
        <ele>168.1</ele>
      </trkpt>
      <trkpt lat="35.60973" lon="129.073594">
        <ele>167.4</ele>
      </trkpt>
      <trkpt lat="35.60972009056539" lon="129.07356262207034">
        <ele>166.8</ele>
      </trkpt>
      <trkpt lat="35.60973" lon="129.073594">
        <ele>166.3</ele>
      </trkpt>
      <trkpt lat="35.60972" lon="129.0736">
        <ele>165.7</ele>
      </trkpt>
      <trkpt lat="35.60945" lon="129.07376">
        <ele>165.1</ele>
      </trkpt>
      <trkpt lat="35.60927" lon="129.07384">
        <ele>164.5</ele>
      </trkpt>
      <trkpt lat="35.60814" lon="129.07403">
        <ele>164.0</ele>
      </trkpt>
      <trkpt lat="35.60705" lon="129.07431">
        <ele>163.5</ele>
      </trkpt>
      <trkpt lat="35.60584" lon="129.07461">
        <ele>162.9</ele>
      </trkpt>
      <trkpt lat="35.60486" lon="129.07488">
        <ele>162.5</ele>
      </trkpt>
      <trkpt lat="35.6047" lon="129.07493">
        <ele>162.0</ele>
      </trkpt>
      <trkpt lat="35.60439" lon="129.07506">
        <ele>161.6</ele>
      </trkpt>
      <trkpt lat="35.604289" lon="129.075125">
        <ele>161.2</ele>
      </trkpt>
      <trkpt lat="35.60403" lon="129.07529">
        <ele>160.9</ele>
      </trkpt>
      <trkpt lat="35.60336" lon="129.07576">
        <ele>160.6</ele>
      </trkpt>
      <trkpt lat="35.60271" lon="129.0762">
        <ele>160.3</ele>
      </trkpt>
      <trkpt lat="35.60199" lon="129.07667">
        <ele>160.1</ele>
      </trkpt>
      <trkpt lat="35.60093" lon="129.07743">
        <ele>159.9</ele>
      </trkpt>
      <trkpt lat="35.600915" lon="129.07739">
        <ele>159.7</ele>
      </trkpt>
      <trkpt lat="35.60085747358505" lon="129.07742500305176">
        <ele>159.6</ele>
      </trkpt>
      <trkpt lat="35.600915" lon="129.07739">
        <ele>159.6</ele>
      </trkpt>
      <trkpt lat="35.600751" lon="129.076958">
        <ele>159.6</ele>
      </trkpt>
      <trkpt lat="35.600962" lon="129.076583">
        <ele>159.6</ele>
      </trkpt>
      <trkpt lat="35.600919" lon="129.076038">
        <ele>159.7</ele>
      </trkpt>
      <trkpt lat="35.600801" lon="129.075619">
        <ele>159.9</ele>
      </trkpt>
      <trkpt lat="35.60071" lon="129.075501">
        <ele>160.1</ele>
      </trkpt>
      <trkpt lat="35.600732" lon="129.075292">
        <ele>160.4</ele>
      </trkpt>
      <trkpt lat="35.600671" lon="129.07511">
        <ele>160.7</ele>
      </trkpt>
      <trkpt lat="35.600566" lon="129.074831">
        <ele>161.1</ele>
      </trkpt>
      <trkpt lat="35.600723" lon="129.074091">
        <ele>161.5</ele>
      </trkpt>
      <trkpt lat="35.600738" lon="129.074075">
        <ele>162.0</ele>
      </trkpt>
      <trkpt lat="35.60105" lon="129.073763">
        <ele>162.6</ele>
      </trkpt>
      <trkpt lat="35.601203" lon="129.073533">
        <ele>163.2</ele>
      </trkpt>
      <trkpt lat="35.601338" lon="129.073232">
        <ele>163.9</ele>
      </trkpt>
      <trkpt lat="35.601535" lon="129.072935">
        <ele>164.7</ele>
      </trkpt>
      <trkpt lat="35.601751" lon="129.072611">
        <ele>165.5</ele>
      </trkpt>
      <trkpt lat="35.60177" lon="129.072583">
        <ele>166.4</ele>
      </trkpt>
      <trkpt lat="35.601779" lon="129.072548">
        <ele>167.3</ele>
      </trkpt>
      <trkpt lat="35.601908" lon="129.072622">
        <ele>168.3</ele>
      </trkpt>
      <trkpt lat="35.602345" lon="129.072487">
        <ele>169.4</ele>
      </trkpt>
      <trkpt lat="35.602546" lon="129.072473">
        <ele>170.6</ele>
      </trkpt>
      <trkpt lat="35.602668" lon="129.072472">
        <ele>171.8</ele>
      </trkpt>
      <trkpt lat="35.602784" lon="129.072524">
        <ele>173.1</ele>
      </trkpt>
      <trkpt lat="35.602937" lon="129.072683">
        <ele>174.4</ele>
      </trkpt>
      <trkpt lat="35.603" lon="129.072714">
        <ele>175.9</ele>
      </trkpt>
      <trkpt lat="35.60306" lon="129.072765">
        <ele>177.4</ele>
      </trkpt>
      <trkpt lat="35.603253" lon="129.072616">
        <ele>179.0</ele>
      </trkpt>
      <trkpt lat="35.60323" lon="129.072315">
        <ele>180.7</ele>
      </trkpt>
      <trkpt lat="35.603051" lon="129.072034">
        <ele>182.5</ele>
      </trkpt>
      <trkpt lat="35.602827" lon="129.071898">
        <ele>184.3</ele>
      </trkpt>
      <trkpt lat="35.602694" lon="129.0718">
        <ele>186.2</ele>
      </trkpt>
      <trkpt lat="35.602535" lon="129.071604">
        <ele>188.2</ele>
      </trkpt>
      <trkpt lat="35.602728" lon="129.071259">
        <ele>190.2</ele>
      </trkpt>
      <trkpt lat="35.602804" lon="129.071053">
        <ele>192.3</ele>
      </trkpt>
      <trkpt lat="35.602869" lon="129.07095">
        <ele>194.4</ele>
      </trkpt>
      <trkpt lat="35.602899" lon="129.07081">
        <ele>196.7</ele>
      </trkpt>
      <trkpt lat="35.603336" lon="129.07022">
        <ele>198.9</ele>
      </trkpt>
      <trkpt lat="35.603459" lon="129.069864">
        <ele>201.2</ele>
      </trkpt>
      <trkpt lat="35.60351" lon="129.069598">
        <ele>203.5</ele>
      </trkpt>
      <trkpt lat="35.603496" lon="129.069488">
        <ele>205.9</ele>
      </trkpt>
      <trkpt lat="35.603575" lon="129.069252">
        <ele>208.3</ele>
      </trkpt>
      <trkpt lat="35.603665" lon="129.06908">
        <ele>210.8</ele>
      </trkpt>
      <trkpt lat="35.603859" lon="129.068783">
        <ele>213.3</ele>
      </trkpt>
      <trkpt lat="35.604018" lon="129.068649">
        <ele>215.9</ele>
      </trkpt>
      <trkpt lat="35.604171" lon="129.068599">
        <ele>218.6</ele>
      </trkpt>
      <trkpt lat="35.604274" lon="129.06854">
        <ele>221.3</ele>
      </trkpt>
      <trkpt lat="35.604386" lon="129.068432">
        <ele>224.0</ele>
      </trkpt>
      <trkpt lat="35.604433" lon="129.068286">
        <ele>226.9</ele>
      </trkpt>
      <trkpt lat="35.604495" lon="129.068013">
        <ele>229.7</ele>
      </trkpt>
      <trkpt lat="35.604497" lon="129.067844">
        <ele>232.7</ele>
      </trkpt>
      <trkpt lat="35.604362" lon="129.067648">
        <ele>235.6</ele>
      </trkpt>
      <trkpt lat="35.604374" lon="129.067507">
        <ele>238.7</ele>
      </trkpt>
      <trkpt lat="35.604413" lon="129.067256">
        <ele>241.8</ele>
      </trkpt>
      <trkpt lat="35.604493" lon="129.066881">
        <ele>244.9</ele>
      </trkpt>
      <trkpt lat="35.604572" lon="129.066774">
        <ele>248.1</ele>
      </trkpt>
      <trkpt lat="35.604906" lon="129.066487">
        <ele>251.3</ele>
      </trkpt>
      <trkpt lat="35.605016" lon="129.066401">
        <ele>254.6</ele>
      </trkpt>
      <trkpt lat="35.605071" lon="129.066318">
        <ele>257.9</ele>
      </trkpt>
      <trkpt lat="35.605124" lon="129.065993">
        <ele>261.2</ele>
      </trkpt>
      <trkpt lat="35.605123" lon="129.065838">
        <ele>264.6</ele>
      </trkpt>
      <trkpt lat="35.605136" lon="129.065743">
        <ele>268.1</ele>
      </trkpt>
      <trkpt lat="35.605081" lon="129.065586">
        <ele>271.5</ele>
      </trkpt>
      <trkpt lat="35.605041" lon="129.065448">
        <ele>275.1</ele>
      </trkpt>
      <trkpt lat="35.605049" lon="129.065343">
        <ele>278.6</ele>
      </trkpt>
      <trkpt lat="35.605028" lon="129.065285">
        <ele>282.2</ele>
      </trkpt>
      <trkpt lat="35.605073" lon="129.065135">
        <ele>285.9</ele>
      </trkpt>
      <trkpt lat="35.605238" lon="129.064942">
        <ele>289.6</ele>
      </trkpt>
      <trkpt lat="35.605411" lon="129.064894">
        <ele>293.4</ele>
      </trkpt>
      <trkpt lat="35.605639" lon="129.064698">
        <ele>297.3</ele>
      </trkpt>
      <trkpt lat="35.605703" lon="129.064553">
        <ele>301.1</ele>
      </trkpt>
      <trkpt lat="35.605873" lon="129.064379">
        <ele>305.1</ele>
      </trkpt>
      <trkpt lat="35.605935" lon="129.064191">
        <ele>309.0</ele>
      </trkpt>
      <trkpt lat="35.606145" lon="129.064083">
        <ele>313.0</ele>
      </trkpt>
      <trkpt lat="35.60627" lon="129.063832">
        <ele>317.0</ele>
      </trkpt>
      <trkpt lat="35.606406" lon="129.063762">
        <ele>321.1</ele>
      </trkpt>
      <trkpt lat="35.606392" lon="129.063714">
        <ele>325.1</ele>
      </trkpt>
      <trkpt lat="35.606543" lon="129.063585">
        <ele>329.2</ele>
      </trkpt>
      <trkpt lat="35.606665" lon="129.063284">
        <ele>333.2</ele>
      </trkpt>
      <trkpt lat="35.606798" lon="129.063191">
        <ele>337.3</ele>
      </trkpt>
      <trkpt lat="35.60693" lon="129.063011">
        <ele>341.4</ele>
      </trkpt>
      <trkpt lat="35.606947" lon="129.06271">
        <ele>345.4</ele>
      </trkpt>
      <trkpt lat="35.60689392955441" lon="129.06261920928958">
        <ele>349.4</ele>
      </trkpt>
      <trkpt lat="35.606947" lon="129.06271">
        <ele>353.4</ele>
      </trkpt>
      <trkpt lat="35.607314" lon="129.06241">
        <ele>357.3</ele>
      </trkpt>
      <trkpt lat="35.607426" lon="129.062266">
        <ele>361.2</ele>
      </trkpt>
      <trkpt lat="35.60755" lon="129.062143">
        <ele>365.1</ele>
      </trkpt>
      <trkpt lat="35.607575" lon="129.062022">
        <ele>368.9</ele>
      </trkpt>
      <trkpt lat="35.607594" lon="129.061972">
        <ele>372.6</ele>
      </trkpt>
      <trkpt lat="35.607592" lon="129.061907">
        <ele>376.3</ele>
      </trkpt>
      <trkpt lat="35.607558" lon="129.061659">
        <ele>379.9</ele>
      </trkpt>
      <trkpt lat="35.60768" lon="129.061434">
        <ele>383.4</ele>
      </trkpt>
      <trkpt lat="35.607724" lon="129.06132">
        <ele>386.9</ele>
      </trkpt>
      <trkpt lat="35.607791" lon="129.061247">
        <ele>390.2</ele>
      </trkpt>
      <trkpt lat="35.607817" lon="129.061037">
        <ele>393.5</ele>
      </trkpt>
      <trkpt lat="35.607872" lon="129.060944">
        <ele>396.6</ele>
      </trkpt>
      <trkpt lat="35.607913" lon="129.060759">
        <ele>399.7</ele>
      </trkpt>
      <trkpt lat="35.60791" lon="129.060653">
        <ele>402.6</ele>
      </trkpt>
      <trkpt lat="35.607951" lon="129.06053">
        <ele>405.4</ele>
      </trkpt>
      <trkpt lat="35.607881" lon="129.060401">
        <ele>408.0</ele>
      </trkpt>
      <trkpt lat="35.607952" lon="129.060339">
        <ele>410.5</ele>
      </trkpt>
      <trkpt lat="35.607939" lon="129.060186">
        <ele>412.9</ele>
      </trkpt>
      <trkpt lat="35.608029" lon="129.060028">
        <ele>415.1</ele>
      </trkpt>
      <trkpt lat="35.608081" lon="129.059655">
        <ele>417.3</ele>
      </trkpt>
      <trkpt lat="35.608161" lon="129.05947">
        <ele>419.2</ele>
      </trkpt>
      <trkpt lat="35.608288" lon="129.059242">
        <ele>421.0</ele>
      </trkpt>
      <trkpt lat="35.608372" lon="129.059183">
        <ele>422.7</ele>
      </trkpt>
      <trkpt lat="35.608453" lon="129.059079">
        <ele>424.2</ele>
      </trkpt>
      <trkpt lat="35.608575" lon="129.0588">
        <ele>425.5</ele>
      </trkpt>
      <trkpt lat="35.608725" lon="129.058618">
        <ele>426.7</ele>
      </trkpt>
      <trkpt lat="35.608743" lon="129.05853">
        <ele>427.7</ele>
      </trkpt>
      <trkpt lat="35.608875" lon="129.058215">
        <ele>428.6</ele>
      </trkpt>
      <trkpt lat="35.608846" lon="129.057821">
        <ele>429.4</ele>
      </trkpt>
      <trkpt lat="35.608866" lon="129.057346">
        <ele>430.1</ele>
      </trkpt>
      <trkpt lat="35.608936" lon="129.057059">
        <ele>430.6</ele>
      </trkpt>
      <trkpt lat="35.609025" lon="129.05689">
        <ele>430.9</ele>
      </trkpt>
      <trkpt lat="35.609111" lon="129.056831">
        <ele>431.2</ele>
      </trkpt>
      <trkpt lat="35.609197" lon="129.056552">
        <ele>431.4</ele>
      </trkpt>
      <trkpt lat="35.609198" lon="129.05638">
        <ele>431.4</ele>
      </trkpt>
      <trkpt lat="35.609215" lon="129.05593">
        <ele>431.4</ele>
      </trkpt>
      <trkpt lat="35.609158" lon="129.055734">
        <ele>431.2</ele>
      </trkpt>
      <trkpt lat="35.609083" lon="129.055686">
        <ele>431.1</ele>
      </trkpt>
      <trkpt lat="35.609041" lon="129.055586">
        <ele>430.8</ele>
      </trkpt>
      <trkpt lat="35.608955" lon="129.055329">
        <ele>430.5</ele>
      </trkpt>
      <trkpt lat="35.608966" lon="129.05519">
        <ele>430.2</ele>
      </trkpt>
      <trkpt lat="35.608936" lon="129.054921">
        <ele>429.9</ele>
      </trkpt>
      <trkpt lat="35.60897" lon="129.054849">
        <ele>429.6</ele>
      </trkpt>
      <trkpt lat="35.608955" lon="129.054716">
        <ele>429.2</ele>
      </trkpt>
      <trkpt lat="35.608968" lon="129.054634">
        <ele>428.9</ele>
      </trkpt>
      <trkpt lat="35.608938" lon="129.054542">
        <ele>428.6</ele>
      </trkpt>
      <trkpt lat="35.608956" lon="129.054472">
        <ele>428.3</ele>
      </trkpt>
      <trkpt lat="35.608942" lon="129.054343">
        <ele>428.0</ele>
      </trkpt>
      <trkpt lat="35.608959" lon="129.054286">
        <ele>427.7</ele>
      </trkpt>
      <trkpt lat="35.608914" lon="129.054146">
        <ele>427.5</ele>
      </trkpt>
      <trkpt lat="35.608924" lon="129.054021">
        <ele>427.3</ele>
      </trkpt>
      <trkpt lat="35.608885" lon="129.053899">
        <ele>427.1</ele>
      </trkpt>
      <trkpt lat="35.608881" lon="129.053724">
        <ele>427.0</ele>
      </trkpt>
      <trkpt lat="35.60891" lon="129.053674">
        <ele>426.9</ele>
      </trkpt>
      <trkpt lat="35.608917" lon="129.053615">
        <ele>426.9</ele>
      </trkpt>
      <trkpt lat="35.60887" lon="129.053549">
        <ele>426.8</ele>
      </trkpt>
      <trkpt lat="35.608872" lon="129.053496">
        <ele>426.9</ele>
      </trkpt>
      <trkpt lat="35.60882" lon="129.053414">
        <ele>426.9</ele>
      </trkpt>
      <trkpt lat="35.608772" lon="129.053253">
        <ele>427.0</ele>
      </trkpt>
      <trkpt lat="35.608657" lon="129.052968">
        <ele>427.2</ele>
      </trkpt>
      <trkpt lat="35.608623" lon="129.052918">
        <ele>427.3</ele>
      </trkpt>
      <trkpt lat="35.608673" lon="129.052837">
        <ele>427.5</ele>
      </trkpt>
      <trkpt lat="35.608658" lon="129.052719">
        <ele>427.8</ele>
      </trkpt>
      <trkpt lat="35.608692" lon="129.052535">
        <ele>428.0</ele>
      </trkpt>
      <trkpt lat="35.608697" lon="129.052328">
        <ele>428.2</ele>
      </trkpt>
      <trkpt lat="35.608743" lon="129.052258">
        <ele>428.5</ele>
      </trkpt>
      <trkpt lat="35.608786" lon="129.052118">
        <ele>428.8</ele>
      </trkpt>
      <trkpt lat="35.608754" lon="129.05185">
        <ele>429.0</ele>
      </trkpt>
      <trkpt lat="35.608774" lon="129.051668">
        <ele>429.3</ele>
      </trkpt>
      <trkpt lat="35.608767" lon="129.051534">
        <ele>429.5</ele>
      </trkpt>
      <trkpt lat="35.608779" lon="129.051359">
        <ele>429.7</ele>
      </trkpt>
      <trkpt lat="35.60887" lon="129.050997">
        <ele>429.9</ele>
      </trkpt>
      <trkpt lat="35.608884" lon="129.050748">
        <ele>430.0</ele>
      </trkpt>
      <trkpt lat="35.60875" lon="129.050643">
        <ele>430.1</ele>
      </trkpt>
      <trkpt lat="35.608658" lon="129.050477">
        <ele>430.1</ele>
      </trkpt>
      <trkpt lat="35.60857" lon="129.050353">
        <ele>430.1</ele>
      </trkpt>
      <trkpt lat="35.608308" lon="129.050115">
        <ele>430.0</ele>
      </trkpt>
      <trkpt lat="35.608252" lon="129.049916">
        <ele>429.9</ele>
      </trkpt>
      <trkpt lat="35.608279" lon="129.049793">
        <ele>429.7</ele>
      </trkpt>
      <trkpt lat="35.608184" lon="129.049744">
        <ele>429.6</ele>
      </trkpt>
      <trkpt lat="35.608168" lon="129.049648">
        <ele>429.3</ele>
      </trkpt>
      <trkpt lat="35.608076" lon="129.049602">
        <ele>429.1</ele>
      </trkpt>
      <trkpt lat="35.608078" lon="129.049431">
        <ele>428.8</ele>
      </trkpt>
      <trkpt lat="35.607907" lon="129.04917">
        <ele>428.6</ele>
      </trkpt>
      <trkpt lat="35.607652" lon="129.048835">
        <ele>428.3</ele>
      </trkpt>
      <trkpt lat="35.607577" lon="129.048787">
        <ele>428.0</ele>
      </trkpt>
      <trkpt lat="35.607424" lon="129.048843">
        <ele>427.6</ele>
      </trkpt>
      <trkpt lat="35.607285" lon="129.048784">
        <ele>427.4</ele>
      </trkpt>
      <trkpt lat="35.607108" lon="129.048637">
        <ele>427.1</ele>
      </trkpt>
      <trkpt lat="35.606942" lon="129.048535">
        <ele>426.9</ele>
      </trkpt>
      <trkpt lat="35.606773" lon="129.048484">
        <ele>426.7</ele>
      </trkpt>
      <trkpt lat="35.606645" lon="129.048326">
        <ele>426.6</ele>
      </trkpt>
      <trkpt lat="35.606564" lon="129.048076">
        <ele>426.6</ele>
      </trkpt>
      <trkpt lat="35.606199" lon="129.047784">
        <ele>426.7</ele>
      </trkpt>
      <trkpt lat="35.606181" lon="129.047591">
        <ele>426.9</ele>
      </trkpt>
      <trkpt lat="35.606162" lon="129.047475">
        <ele>427.3</ele>
      </trkpt>
      <trkpt lat="35.606078" lon="129.047419">
        <ele>427.9</ele>
      </trkpt>
      <trkpt lat="35.605993" lon="129.047427">
        <ele>428.6</ele>
      </trkpt>
      <trkpt lat="35.605842" lon="129.047379">
        <ele>429.5</ele>
      </trkpt>
      <trkpt lat="35.605724" lon="129.047207">
        <ele>430.6</ele>
      </trkpt>
      <trkpt lat="35.60563782594914" lon="129.0472984313965">
        <ele>432.0</ele>
      </trkpt>
      <trkpt lat="35.605724" lon="129.047207">
        <ele>433.7</ele>
      </trkpt>
      <trkpt lat="35.605569" lon="129.046982">
        <ele>435.6</ele>
      </trkpt>
      <trkpt lat="35.605168" lon="129.046617">
        <ele>437.9</ele>
      </trkpt>
      <trkpt lat="35.604903" lon="129.046531">
        <ele>440.5</ele>
      </trkpt>
      <trkpt lat="35.604774" lon="129.04651">
        <ele>443.4</ele>
      </trkpt>
      <trkpt lat="35.604652" lon="129.046542">
        <ele>446.7</ele>
      </trkpt>
      <trkpt lat="35.60461" lon="129.04651">
        <ele>450.3</ele>
      </trkpt>
      <trkpt lat="35.604383" lon="129.046166">
        <ele>454.2</ele>
      </trkpt>
      <trkpt lat="35.604284" lon="129.046083">
        <ele>458.5</ele>
      </trkpt>
      <trkpt lat="35.604179" lon="129.046062">
        <ele>463.2</ele>
      </trkpt>
      <trkpt lat="35.604133" lon="129.045917">
        <ele>468.2</ele>
      </trkpt>
      <trkpt lat="35.604086" lon="129.045887">
        <ele>473.6</ele>
      </trkpt>
      <trkpt lat="35.603772" lon="129.045458">
        <ele>479.4</ele>
      </trkpt>
      <trkpt lat="35.603545" lon="129.045051">
        <ele>485.5</ele>
      </trkpt>
      <trkpt lat="35.603284" lon="129.044857">
        <ele>492.0</ele>
      </trkpt>
      <trkpt lat="35.602935" lon="129.044772">
        <ele>498.9</ele>
      </trkpt>
      <trkpt lat="35.601958" lon="129.044042">
        <ele>506.1</ele>
      </trkpt>
      <trkpt lat="35.601487" lon="129.044042">
        <ele>513.7</ele>
      </trkpt>
      <trkpt lat="35.60126" lon="129.043827">
        <ele>521.6</ele>
      </trkpt>
      <trkpt lat="35.601016" lon="129.043763">
        <ele>529.8</ele>
      </trkpt>
      <trkpt lat="35.600632" lon="129.043441">
        <ele>538.3</ele>
      </trkpt>
      <trkpt lat="35.600178" lon="129.043248">
        <ele>547.0</ele>
      </trkpt>
      <trkpt lat="35.599916" lon="129.042797">
        <ele>555.9</ele>
      </trkpt>
      <trkpt lat="35.59969" lon="129.042626">
        <ele>565.0</ele>
      </trkpt>
      <trkpt lat="35.598573" lon="129.042701">
        <ele>574.3</ele>
      </trkpt>
      <trkpt lat="35.598503" lon="129.042578">
        <ele>583.6</ele>
      </trkpt>
      <trkpt lat="35.598092" lon="129.042487">
        <ele>593.1</ele>
      </trkpt>
      <trkpt lat="35.59791" lon="129.042519">
        <ele>602.6</ele>
      </trkpt>
      <trkpt lat="35.597596" lon="129.042604">
        <ele>612.1</ele>
      </trkpt>
      <trkpt lat="35.597003" lon="129.042304">
        <ele>621.5</ele>
      </trkpt>
      <trkpt lat="35.596701" lon="129.042218">
        <ele>631.0</ele>
      </trkpt>
      <trkpt lat="35.595354" lon="129.042164">
        <ele>640.2</ele>
      </trkpt>
      <trkpt lat="35.594938" lon="129.042218">
        <ele>649.3</ele>
      </trkpt>
      <trkpt lat="35.594695" lon="129.042181">
        <ele>658.2</ele>
      </trkpt>
      <trkpt lat="35.59455" lon="129.042208">
        <ele>666.9</ele>
      </trkpt>
      <trkpt lat="35.594389" lon="129.04217">
        <ele>675.3</ele>
      </trkpt>
      <trkpt lat="35.594187" lon="129.042111">
        <ele>683.5</ele>
      </trkpt>
      <trkpt lat="35.593979" lon="129.042159">
        <ele>691.4</ele>
      </trkpt>
      <trkpt lat="35.593843" lon="129.042304">
        <ele>699.0</ele>
      </trkpt>
      <trkpt lat="35.593718" lon="129.042309">
        <ele>706.3</ele>
      </trkpt>
      <trkpt lat="35.593547" lon="129.042326">
        <ele>713.2</ele>
      </trkpt>
      <trkpt lat="35.59292" lon="129.042704">
        <ele>719.8</ele>
      </trkpt>
      <trkpt lat="35.592885" lon="129.042626">
        <ele>726.0</ele>
      </trkpt>
      <trkpt lat="35.59283142237453" lon="129.04266357421878">
        <ele>731.8</ele>
      </trkpt>
      <trkpt lat="35.592885" lon="129.042626">
        <ele>737.2</ele>
      </trkpt>
      <trkpt lat="35.592811" lon="129.042159">
        <ele>742.2</ele>
      </trkpt>
      <trkpt lat="35.592688" lon="129.041972">
        <ele>746.8</ele>
      </trkpt>
      <trkpt lat="35.592553" lon="129.041574">
        <ele>751.0</ele>
      </trkpt>
      <trkpt lat="35.592487" lon="129.041477">
        <ele>754.9</ele>
      </trkpt>
      <trkpt lat="35.592385" lon="129.041378">
        <ele>758.3</ele>
      </trkpt>
      <trkpt lat="35.592355" lon="129.041277">
        <ele>761.4</ele>
      </trkpt>
      <trkpt lat="35.59229" lon="129.041207">
        <ele>764.2</ele>
      </trkpt>
      <trkpt lat="35.592255" lon="129.041129">
        <ele>766.6</ele>
      </trkpt>
      <trkpt lat="35.59208" lon="129.040824">
        <ele>768.7</ele>
      </trkpt>
      <trkpt lat="35.592008" lon="129.040677">
        <ele>770.5</ele>
      </trkpt>
      <trkpt lat="35.591786" lon="129.040362">
        <ele>772.0</ele>
      </trkpt>
      <trkpt lat="35.59177" lon="129.040272">
        <ele>773.2</ele>
      </trkpt>
      <trkpt lat="35.591728" lon="129.040234">
        <ele>774.1</ele>
      </trkpt>
      <trkpt lat="35.591682" lon="129.040132">
        <ele>774.8</ele>
      </trkpt>
      <trkpt lat="35.591612" lon="129.040063">
        <ele>775.3</ele>
      </trkpt>
      <trkpt lat="35.591547" lon="129.040055">
        <ele>775.5</ele>
      </trkpt>
      <trkpt lat="35.591336" lon="129.039788">
        <ele>775.6</ele>
      </trkpt>
      <trkpt lat="35.591115" lon="129.039719">
        <ele>775.6</ele>
      </trkpt>
      <trkpt lat="35.590993" lon="129.039566">
        <ele>775.4</ele>
      </trkpt>
      <trkpt lat="35.590868" lon="129.039445">
        <ele>775.1</ele>
      </trkpt>
      <trkpt lat="35.590717" lon="129.039359">
        <ele>774.7</ele>
      </trkpt>
      <trkpt lat="35.590567" lon="129.0393">
        <ele>774.3</ele>
      </trkpt>
      <trkpt lat="35.590355" lon="129.039166">
        <ele>773.8</ele>
      </trkpt>
      <trkpt lat="35.590011" lon="129.039037">
        <ele>773.3</ele>
      </trkpt>
      <trkpt lat="35.58975" lon="129.038924">
        <ele>772.8</ele>
      </trkpt>
      <trkpt lat="35.589633" lon="129.038808">
        <ele>772.2</ele>
      </trkpt>
      <trkpt lat="35.589555" lon="129.038824">
        <ele>771.6</ele>
      </trkpt>
      <trkpt lat="35.589369" lon="129.038672">
        <ele>771.1</ele>
      </trkpt>
      <trkpt lat="35.589152" lon="129.038605">
        <ele>770.5</ele>
      </trkpt>
      <trkpt lat="35.589043" lon="129.038619">
        <ele>770.0</ele>
      </trkpt>
      <trkpt lat="35.588936" lon="129.038533">
        <ele>769.6</ele>
      </trkpt>
      <trkpt lat="35.588827" lon="129.03852">
        <ele>769.2</ele>
      </trkpt>
      <trkpt lat="35.588583" lon="129.038343">
        <ele>768.9</ele>
      </trkpt>
      <trkpt lat="35.588465" lon="129.038217">
        <ele>768.7</ele>
      </trkpt>
      <trkpt lat="35.588282" lon="129.038249">
        <ele>768.5</ele>
      </trkpt>
      <trkpt lat="35.588199" lon="129.038184">
        <ele>768.4</ele>
      </trkpt>
      <trkpt lat="35.588047" lon="129.038128">
        <ele>768.4</ele>
      </trkpt>
      <trkpt lat="35.587991" lon="129.038136">
        <ele>768.5</ele>
      </trkpt>
      <trkpt lat="35.587871" lon="129.038034">
        <ele>768.6</ele>
      </trkpt>
      <trkpt lat="35.587734" lon="129.038053">
        <ele>768.9</ele>
      </trkpt>
      <trkpt lat="35.587479" lon="129.037919">
        <ele>769.3</ele>
      </trkpt>
      <trkpt lat="35.587326" lon="129.037852">
        <ele>769.8</ele>
      </trkpt>
      <trkpt lat="35.587244" lon="129.037793">
        <ele>770.4</ele>
      </trkpt>
      <trkpt lat="35.587135" lon="129.037812">
        <ele>771.2</ele>
      </trkpt>
      <trkpt lat="35.58704" lon="129.037844">
        <ele>772.1</ele>
      </trkpt>
      <trkpt lat="35.586977" lon="129.037817">
        <ele>773.1</ele>
      </trkpt>
      <trkpt lat="35.586869" lon="129.03773">
        <ele>774.2</ele>
      </trkpt>
      <trkpt lat="35.586596" lon="129.037868">
        <ele>775.5</ele>
      </trkpt>
      <trkpt lat="35.586497" lon="129.037884">
        <ele>776.9</ele>
      </trkpt>
      <trkpt lat="35.586402" lon="129.037896">
        <ele>778.4</ele>
      </trkpt>
      <trkpt lat="35.586273" lon="129.037913">
        <ele>780.1</ele>
      </trkpt>
      <trkpt lat="35.58618" lon="129.038026">
        <ele>782.0</ele>
      </trkpt>
      <trkpt lat="35.585998" lon="129.038015">
        <ele>784.0</ele>
      </trkpt>
      <trkpt lat="35.585795" lon="129.038125">
        <ele>786.1</ele>
      </trkpt>
      <trkpt lat="35.585677" lon="129.038158">
        <ele>788.4</ele>
      </trkpt>
      <trkpt lat="35.5856" lon="129.038147">
        <ele>790.7</ele>
      </trkpt>
      <trkpt lat="35.585446" lon="129.038037">
        <ele>793.2</ele>
      </trkpt>
      <trkpt lat="35.585337" lon="129.038013">
        <ele>795.9</ele>
      </trkpt>
      <trkpt lat="35.585241" lon="129.038023">
        <ele>798.6</ele>
      </trkpt>
      <trkpt lat="35.584971" lon="129.03794">
        <ele>801.4</ele>
      </trkpt>
      <trkpt lat="35.584667" lon="129.037774">
        <ele>804.4</ele>
      </trkpt>
      <trkpt lat="35.584528" lon="129.037774">
        <ele>807.4</ele>
      </trkpt>
      <trkpt lat="35.584429" lon="129.037699">
        <ele>810.4</ele>
      </trkpt>
      <trkpt lat="35.584195" lon="129.037626">
        <ele>813.5</ele>
      </trkpt>
      <trkpt lat="35.584128" lon="129.037645">
        <ele>816.7</ele>
      </trkpt>
      <trkpt lat="35.583952" lon="129.037707">
        <ele>819.9</ele>
      </trkpt>
      <trkpt lat="35.583734" lon="129.03783">
        <ele>823.1</ele>
      </trkpt>
      <trkpt lat="35.583514" lon="129.037905">
        <ele>826.4</ele>
      </trkpt>
      <trkpt lat="35.583418" lon="129.037897">
        <ele>829.7</ele>
      </trkpt>
      <trkpt lat="35.583308" lon="129.037857">
        <ele>833.0</ele>
      </trkpt>
      <trkpt lat="35.582724" lon="129.037474">
        <ele>836.3</ele>
      </trkpt>
      <trkpt lat="35.582564" lon="129.037339">
        <ele>839.6</ele>
      </trkpt>
      <trkpt lat="35.582484" lon="129.037238">
        <ele>842.9</ele>
      </trkpt>
      <trkpt lat="35.582345" lon="129.037176">
        <ele>846.1</ele>
      </trkpt>
      <trkpt lat="35.582132" lon="129.037028">
        <ele>849.4</ele>
      </trkpt>
      <trkpt lat="35.582021" lon="129.037018">
        <ele>852.6</ele>
      </trkpt>
      <trkpt lat="35.581932" lon="129.036967">
        <ele>855.8</ele>
      </trkpt>
      <trkpt lat="35.581733" lon="129.036886">
        <ele>858.9</ele>
      </trkpt>
      <trkpt lat="35.581507" lon="129.036875">
        <ele>862.1</ele>
      </trkpt>
      <trkpt lat="35.581173" lon="129.036714">
        <ele>865.1</ele>
      </trkpt>
      <trkpt lat="35.580931" lon="129.036639">
        <ele>868.1</ele>
      </trkpt>
      <trkpt lat="35.580743" lon="129.036688">
        <ele>871.0</ele>
      </trkpt>
      <trkpt lat="35.580636" lon="129.036706">
        <ele>873.7</ele>
      </trkpt>
      <trkpt lat="35.580539" lon="129.036631">
        <ele>876.4</ele>
      </trkpt>
      <trkpt lat="35.580265" lon="129.03647">
        <ele>879.0</ele>
      </trkpt>
      <trkpt lat="35.580208" lon="129.036484">
        <ele>881.5</ele>
      </trkpt>
      <trkpt lat="35.580075" lon="129.03635">
        <ele>883.8</ele>
      </trkpt>
      <trkpt lat="35.579989" lon="129.036339">
        <ele>886.1</ele>
      </trkpt>
      <trkpt lat="35.57991" lon="129.036234">
        <ele>888.3</ele>
      </trkpt>
      <trkpt lat="35.579735" lon="129.036205">
        <ele>890.4</ele>
      </trkpt>
      <trkpt lat="35.579582" lon="129.036157">
        <ele>892.4</ele>
      </trkpt>
      <trkpt lat="35.579452" lon="129.0361">
        <ele>894.4</ele>
      </trkpt>
      <trkpt lat="35.579371" lon="129.036151">
        <ele>896.3</ele>
      </trkpt>
      <trkpt lat="35.579245" lon="129.036148">
        <ele>898.1</ele>
      </trkpt>
      <trkpt lat="35.579058" lon="129.036113">
        <ele>899.9</ele>
      </trkpt>
      <trkpt lat="35.578738" lon="129.035998">
        <ele>901.6</ele>
      </trkpt>
      <trkpt lat="35.578633" lon="129.036022">
        <ele>903.3</ele>
      </trkpt>
      <trkpt lat="35.578333" lon="129.035928">
        <ele>905.0</ele>
      </trkpt>
      <trkpt lat="35.577773" lon="129.035695">
        <ele>906.6</ele>
      </trkpt>
      <trkpt lat="35.577473" lon="129.0356">
        <ele>908.1</ele>
      </trkpt>
      <trkpt lat="35.577326" lon="129.035554">
        <ele>909.6</ele>
      </trkpt>
      <trkpt lat="35.577268" lon="129.035557">
        <ele>911.0</ele>
      </trkpt>
      <trkpt lat="35.57726556888856" lon="129.03549671173099">
        <ele>912.4</ele>
      </trkpt>
      <trkpt lat="35.577268" lon="129.035557">
        <ele>913.7</ele>
      </trkpt>
      <trkpt lat="35.577137" lon="129.035564">
        <ele>915.0</ele>
      </trkpt>
      <trkpt lat="35.577045" lon="129.035535">
        <ele>916.2</ele>
      </trkpt>
      <trkpt lat="35.576838" lon="129.035588">
        <ele>917.4</ele>
      </trkpt>
      <trkpt lat="35.576773" lon="129.035646">
        <ele>918.5</ele>
      </trkpt>
      <trkpt lat="35.576612" lon="129.035629">
        <ele>919.6</ele>
      </trkpt>
      <trkpt lat="35.576349" lon="129.035626">
        <ele>920.6</ele>
      </trkpt>
      <trkpt lat="35.576095" lon="129.035661">
        <ele>921.6</ele>
      </trkpt>
      <trkpt lat="35.576013" lon="129.035652">
        <ele>922.5</ele>
      </trkpt>
      <trkpt lat="35.575778" lon="129.035748">
        <ele>923.4</ele>
      </trkpt>
      <trkpt lat="35.575602" lon="129.035896">
        <ele>924.3</ele>
      </trkpt>
      <trkpt lat="35.575415" lon="129.035933">
        <ele>925.2</ele>
      </trkpt>
      <trkpt lat="35.575316" lon="129.03593">
        <ele>926.0</ele>
      </trkpt>
      <trkpt lat="35.575169" lon="129.035951">
        <ele>926.8</ele>
      </trkpt>
      <trkpt lat="35.574917" lon="129.036086">
        <ele>927.6</ele>
      </trkpt>
      <trkpt lat="35.57474" lon="129.036121">
        <ele>928.4</ele>
      </trkpt>
      <trkpt lat="35.574597" lon="129.036111">
        <ele>929.1</ele>
      </trkpt>
      <trkpt lat="35.574425" lon="129.036145">
        <ele>929.7</ele>
      </trkpt>
      <trkpt lat="35.574256" lon="129.036136">
        <ele>930.3</ele>
      </trkpt>
      <trkpt lat="35.57404" lon="129.0362">
        <ele>930.9</ele>
      </trkpt>
      <trkpt lat="35.573908" lon="129.036232">
        <ele>931.3</ele>
      </trkpt>
      <trkpt lat="35.573867" lon="129.036234">
        <ele>931.7</ele>
      </trkpt>
      <trkpt lat="35.573679" lon="129.036203">
        <ele>932.0</ele>
      </trkpt>
      <trkpt lat="35.573606" lon="129.036168">
        <ele>932.3</ele>
      </trkpt>
      <trkpt lat="35.573537" lon="129.036123">
        <ele>932.4</ele>
      </trkpt>
      <trkpt lat="35.573472" lon="129.036033">
        <ele>932.5</ele>
      </trkpt>
      <trkpt lat="35.573399" lon="129.036055">
        <ele>932.5</ele>
      </trkpt>
      <trkpt lat="35.57326" lon="129.035956">
        <ele>932.4</ele>
      </trkpt>
      <trkpt lat="35.573155" lon="129.035941">
        <ele>932.2</ele>
      </trkpt>
      <trkpt lat="35.573095" lon="129.035962">
        <ele>931.9</ele>
      </trkpt>
      <trkpt lat="35.572886" lon="129.035913">
        <ele>931.5</ele>
      </trkpt>
      <trkpt lat="35.572639" lon="129.035942">
        <ele>931.0</ele>
      </trkpt>
      <trkpt lat="35.572596" lon="129.035995">
        <ele>930.4</ele>
      </trkpt>
      <trkpt lat="35.572355" lon="129.036043">
        <ele>929.8</ele>
      </trkpt>
      <trkpt lat="35.57221" lon="129.036046">
        <ele>929.0</ele>
      </trkpt>
      <trkpt lat="35.572075" lon="129.036099">
        <ele>928.1</ele>
      </trkpt>
      <trkpt lat="35.57193" lon="129.036125">
        <ele>927.2</ele>
      </trkpt>
      <trkpt lat="35.571734" lon="129.036144">
        <ele>926.2</ele>
      </trkpt>
      <trkpt lat="35.57158" lon="129.036178">
        <ele>925.1</ele>
      </trkpt>
      <trkpt lat="35.571494" lon="129.036216">
        <ele>923.9</ele>
      </trkpt>
      <trkpt lat="35.571344" lon="129.036333">
        <ele>922.7</ele>
      </trkpt>
      <trkpt lat="35.571253" lon="129.03642">
        <ele>921.4</ele>
      </trkpt>
      <trkpt lat="35.571124" lon="129.03651">
        <ele>920.1</ele>
      </trkpt>
      <trkpt lat="35.570953" lon="129.036607">
        <ele>918.7</ele>
      </trkpt>
      <trkpt lat="35.570893" lon="129.036666">
        <ele>917.3</ele>
      </trkpt>
      <trkpt lat="35.570818" lon="129.036753">
        <ele>915.8</ele>
      </trkpt>
      <trkpt lat="35.570734" lon="129.036754">
        <ele>914.2</ele>
      </trkpt>
      <trkpt lat="35.570677" lon="129.036795">
        <ele>912.6</ele>
      </trkpt>
      <trkpt lat="35.570646" lon="129.036781">
        <ele>911.0</ele>
      </trkpt>
      <trkpt lat="35.570527" lon="129.03688">
        <ele>909.4</ele>
      </trkpt>
      <trkpt lat="35.570427" lon="129.036976">
        <ele>907.7</ele>
      </trkpt>
      <trkpt lat="35.570271" lon="129.037158">
        <ele>906.0</ele>
      </trkpt>
      <trkpt lat="35.570058" lon="129.037452">
        <ele>904.4</ele>
      </trkpt>
      <trkpt lat="35.56991" lon="129.037566">
        <ele>902.8</ele>
      </trkpt>
      <trkpt lat="35.569708" lon="129.037565">
        <ele>901.1</ele>
      </trkpt>
      <trkpt lat="35.569639" lon="129.037545">
        <ele>899.6</ele>
      </trkpt>
      <trkpt lat="35.569516" lon="129.037526">
        <ele>898.0</ele>
      </trkpt>
      <trkpt lat="35.569434" lon="129.037598">
        <ele>896.5</ele>
      </trkpt>
      <trkpt lat="35.569354" lon="129.03768">
        <ele>895.0</ele>
      </trkpt>
      <trkpt lat="35.569116" lon="129.038054">
        <ele>893.6</ele>
      </trkpt>
      <trkpt lat="35.568879" lon="129.038211">
        <ele>892.3</ele>
      </trkpt>
      <trkpt lat="35.568664" lon="129.038524">
        <ele>891.1</ele>
      </trkpt>
      <trkpt lat="35.568535" lon="129.038659">
        <ele>890.0</ele>
      </trkpt>
      <trkpt lat="35.568404" lon="129.038879">
        <ele>889.0</ele>
      </trkpt>
      <trkpt lat="35.568227" lon="129.039053">
        <ele>888.1</ele>
      </trkpt>
      <trkpt lat="35.568168" lon="129.039246">
        <ele>887.2</ele>
      </trkpt>
      <trkpt lat="35.568117" lon="129.039327">
        <ele>886.4</ele>
      </trkpt>
      <trkpt lat="35.567837" lon="129.039568">
        <ele>885.7</ele>
      </trkpt>
      <trkpt lat="35.567673" lon="129.039626">
        <ele>885.1</ele>
      </trkpt>
      <trkpt lat="35.567644" lon="129.039683">
        <ele>884.5</ele>
      </trkpt>
      <trkpt lat="35.567592" lon="129.039738">
        <ele>884.0</ele>
      </trkpt>
      <trkpt lat="35.567493" lon="129.03978">
        <ele>883.5</ele>
      </trkpt>
      <trkpt lat="35.567398" lon="129.03979">
        <ele>883.1</ele>
      </trkpt>
      <trkpt lat="35.567235" lon="129.039893">
        <ele>882.7</ele>
      </trkpt>
      <trkpt lat="35.56717" lon="129.040027">
        <ele>882.3</ele>
      </trkpt>
      <trkpt lat="35.567131" lon="129.040243">
        <ele>882.0</ele>
      </trkpt>
      <trkpt lat="35.567098" lon="129.040315">
        <ele>881.7</ele>
      </trkpt>
      <trkpt lat="35.567098" lon="129.040423">
        <ele>881.4</ele>
      </trkpt>
      <trkpt lat="35.566969" lon="129.040579">
        <ele>881.2</ele>
      </trkpt>
      <trkpt lat="35.566696" lon="129.040741">
        <ele>881.0</ele>
      </trkpt>
      <trkpt lat="35.566592" lon="129.040786">
        <ele>880.8</ele>
      </trkpt>
      <trkpt lat="35.566458" lon="129.040842">
        <ele>880.7</ele>
      </trkpt>
      <trkpt lat="35.566281" lon="129.04095">
        <ele>880.5</ele>
      </trkpt>
      <trkpt lat="35.566169" lon="129.04103">
        <ele>880.3</ele>
      </trkpt>
      <trkpt lat="35.566053" lon="129.041148">
        <ele>880.2</ele>
      </trkpt>
      <trkpt lat="35.565835" lon="129.041298">
        <ele>880.0</ele>
      </trkpt>
      <trkpt lat="35.565631" lon="129.041465">
        <ele>879.9</ele>
      </trkpt>
      <trkpt lat="35.565489" lon="129.041543">
        <ele>879.7</ele>
      </trkpt>
      <trkpt lat="35.565214" lon="129.041626">
        <ele>879.6</ele>
      </trkpt>
      <trkpt lat="35.565176" lon="129.041665">
        <ele>879.4</ele>
      </trkpt>
      <trkpt lat="35.565003" lon="129.041773">
        <ele>879.2</ele>
      </trkpt>
      <trkpt lat="35.564719" lon="129.041748">
        <ele>878.9</ele>
      </trkpt>
      <trkpt lat="35.564583" lon="129.041758">
        <ele>878.6</ele>
      </trkpt>
      <trkpt lat="35.564545" lon="129.041838">
        <ele>878.3</ele>
      </trkpt>
      <trkpt lat="35.564382" lon="129.041859">
        <ele>877.8</ele>
      </trkpt>
      <trkpt lat="35.564238" lon="129.041906">
        <ele>877.3</ele>
      </trkpt>
      <trkpt lat="35.564125" lon="129.041893">
        <ele>876.8</ele>
      </trkpt>
      <trkpt lat="35.56414043598113" lon="129.04171943664554">
        <ele>876.2</ele>
      </trkpt>
      <trkpt lat="35.564125" lon="129.041893">
        <ele>875.5</ele>
      </trkpt>
      <trkpt lat="35.563989" lon="129.041878">
        <ele>874.8</ele>
      </trkpt>
      <trkpt lat="35.563561" lon="129.041915">
        <ele>874.1</ele>
      </trkpt>
      <trkpt lat="35.563313" lon="129.041959">
        <ele>873.3</ele>
      </trkpt>
      <trkpt lat="35.563175" lon="129.042038">
        <ele>872.5</ele>
      </trkpt>
      <trkpt lat="35.562885" lon="129.042243">
        <ele>871.7</ele>
      </trkpt>
      <trkpt lat="35.562648" lon="129.042389">
        <ele>870.9</ele>
      </trkpt>
      <trkpt lat="35.562353" lon="129.042416">
        <ele>870.1</ele>
      </trkpt>
      <trkpt lat="35.562195" lon="129.042499">
        <ele>869.3</ele>
      </trkpt>
      <trkpt lat="35.562044" lon="129.042502">
        <ele>868.4</ele>
      </trkpt>
      <trkpt lat="35.561899" lon="129.042642">
        <ele>867.6</ele>
      </trkpt>
      <trkpt lat="35.561805" lon="129.042847">
        <ele>866.7</ele>
      </trkpt>
      <trkpt lat="35.561685" lon="129.043023">
        <ele>865.9</ele>
      </trkpt>
      <trkpt lat="35.561612" lon="129.043091">
        <ele>865.1</ele>
      </trkpt>
      <trkpt lat="35.561535" lon="129.043122">
        <ele>864.2</ele>
      </trkpt>
      <trkpt lat="35.561418" lon="129.043274">
        <ele>863.5</ele>
      </trkpt>
      <trkpt lat="35.561164" lon="129.043471">
        <ele>862.7</ele>
      </trkpt>
      <trkpt lat="35.560954" lon="129.043672">
        <ele>862.0</ele>
      </trkpt>
      <trkpt lat="35.560756" lon="129.04364">
        <ele>861.3</ele>
      </trkpt>
      <trkpt lat="35.560683" lon="129.043548">
        <ele>860.6</ele>
      </trkpt>
      <trkpt lat="35.560532" lon="129.04343">
        <ele>860.0</ele>
      </trkpt>
      <trkpt lat="35.56041" lon="129.04339">
        <ele>859.5</ele>
      </trkpt>
      <trkpt lat="35.560267" lon="129.043265">
        <ele>859.1</ele>
      </trkpt>
      <trkpt lat="35.560174" lon="129.043264">
        <ele>858.8</ele>
      </trkpt>
      <trkpt lat="35.560057" lon="129.043219">
        <ele>858.5</ele>
      </trkpt>
      <trkpt lat="35.559737" lon="129.04313">
        <ele>858.5</ele>
      </trkpt>
      <trkpt lat="35.559495" lon="129.043097">
        <ele>858.5</ele>
      </trkpt>
      <trkpt lat="35.559022" lon="129.042837">
        <ele>858.8</ele>
      </trkpt>
      <trkpt lat="35.558731" lon="129.042822">
        <ele>859.2</ele>
      </trkpt>
      <trkpt lat="35.558425" lon="129.04283">
        <ele>859.8</ele>
      </trkpt>
      <trkpt lat="35.558311" lon="129.042758">
        <ele>860.6</ele>
      </trkpt>
      <trkpt lat="35.558277" lon="129.042753">
        <ele>861.6</ele>
      </trkpt>
      <trkpt lat="35.55827531992342" lon="129.0427923202515">
        <ele>862.8</ele>
      </trkpt>
      <trkpt lat="35.558277" lon="129.042753">
        <ele>864.2</ele>
      </trkpt>
      <trkpt lat="35.558156" lon="129.042737">
        <ele>865.8</ele>
      </trkpt>
      <trkpt lat="35.558059" lon="129.042738">
        <ele>867.6</ele>
      </trkpt>
      <trkpt lat="35.558035" lon="129.042731">
        <ele>869.6</ele>
      </trkpt>
      <trkpt lat="35.557794" lon="129.042721">
        <ele>871.8</ele>
      </trkpt>
      <trkpt lat="35.557642" lon="129.042702">
        <ele>874.2</ele>
      </trkpt>
      <trkpt lat="35.557485" lon="129.042739">
        <ele>876.8</ele>
      </trkpt>
      <trkpt lat="35.55738" lon="129.042699">
        <ele>879.7</ele>
      </trkpt>
      <trkpt lat="35.557261" lon="129.042703">
        <ele>882.7</ele>
      </trkpt>
      <trkpt lat="35.556932" lon="129.042565">
        <ele>886.0</ele>
      </trkpt>
      <trkpt lat="35.556666" lon="129.042323">
        <ele>889.4</ele>
      </trkpt>
      <trkpt lat="35.556291" lon="129.042183">
        <ele>893.0</ele>
      </trkpt>
      <trkpt lat="35.556134" lon="129.042044">
        <ele>896.8</ele>
      </trkpt>
      <trkpt lat="35.556091" lon="129.041955">
        <ele>900.7</ele>
      </trkpt>
      <trkpt lat="35.555762" lon="129.041735">
        <ele>904.8</ele>
      </trkpt>
      <trkpt lat="35.555541" lon="129.041899">
        <ele>909.0</ele>
      </trkpt>
      <trkpt lat="35.555389" lon="129.041833">
        <ele>913.3</ele>
      </trkpt>
      <trkpt lat="35.555021" lon="129.041721">
        <ele>917.8</ele>
      </trkpt>
      <trkpt lat="35.554829" lon="129.041427">
        <ele>922.3</ele>
      </trkpt>
      <trkpt lat="35.554602" lon="129.041156">
        <ele>926.8</ele>
      </trkpt>
      <trkpt lat="35.554545" lon="129.041055">
        <ele>931.4</ele>
      </trkpt>
      <trkpt lat="35.554519" lon="129.040974">
        <ele>936.0</ele>
      </trkpt>
      <trkpt lat="35.554449" lon="129.04079">
        <ele>940.6</ele>
      </trkpt>
      <trkpt lat="35.554381" lon="129.040644">
        <ele>945.3</ele>
      </trkpt>
      <trkpt lat="35.55435" lon="129.040486">
        <ele>949.8</ele>
      </trkpt>
      <trkpt lat="35.554341" lon="129.040303">
        <ele>954.3</ele>
      </trkpt>
      <trkpt lat="35.554264" lon="129.040123">
        <ele>958.8</ele>
      </trkpt>
      <trkpt lat="35.554131" lon="129.040005">
        <ele>963.1</ele>
      </trkpt>
      <trkpt lat="35.553976" lon="129.039964">
        <ele>967.3</ele>
      </trkpt>
      <trkpt lat="35.553912" lon="129.04001">
        <ele>971.4</ele>
      </trkpt>
      <trkpt lat="35.553799" lon="129.040024">
        <ele>975.4</ele>
      </trkpt>
      <trkpt lat="35.553728" lon="129.040049">
        <ele>979.2</ele>
      </trkpt>
      <trkpt lat="35.553241" lon="129.040149">
        <ele>982.9</ele>
      </trkpt>
      <trkpt lat="35.553182" lon="129.040142">
        <ele>986.5</ele>
      </trkpt>
      <trkpt lat="35.55308" lon="129.040142">
        <ele>989.9</ele>
      </trkpt>
      <trkpt lat="35.55294" lon="129.040082">
        <ele>993.1</ele>
      </trkpt>
      <trkpt lat="35.552882" lon="129.04007">
        <ele>996.2</ele>
      </trkpt>
      <trkpt lat="35.552817" lon="129.040091">
        <ele>999.0</ele>
      </trkpt>
      <trkpt lat="35.552684" lon="129.040202">
        <ele>1001.7</ele>
      </trkpt>
      <trkpt lat="35.552572" lon="129.040225">
        <ele>1004.1</ele>
      </trkpt>
      <trkpt lat="35.552473" lon="129.040182">
        <ele>1006.3</ele>
      </trkpt>
      <trkpt lat="35.552438" lon="129.040144">
        <ele>1008.3</ele>
      </trkpt>
      <trkpt lat="35.552371" lon="129.040146">
        <ele>1010.1</ele>
      </trkpt>
      <trkpt lat="35.552234" lon="129.04017">
        <ele>1011.6</ele>
      </trkpt>
      <trkpt lat="35.552235198284876" lon="129.04017448425296">
        <ele>1013.0</ele>
      </trkpt>
      <trkpt lat="35.552234" lon="129.04017">
        <ele>1014.1</ele>
      </trkpt>
      <trkpt lat="35.552217" lon="129.040174">
        <ele>1015.0</ele>
      </trkpt>
      <trkpt lat="35.552093" lon="129.04022">
        <ele>1015.7</ele>
      </trkpt>
      <trkpt lat="35.552062" lon="129.040236">
        <ele>1016.2</ele>
      </trkpt>
      <trkpt lat="35.551973" lon="129.040321">
        <ele>1016.5</ele>
      </trkpt>
      <trkpt lat="35.551865" lon="129.040576">
        <ele>1016.7</ele>
      </trkpt>
      <trkpt lat="35.551776" lon="129.040658">
        <ele>1016.6</ele>
      </trkpt>
      <trkpt lat="35.551492" lon="129.041142">
        <ele>1016.4</ele>
      </trkpt>
      <trkpt lat="35.551485" lon="129.041295">
        <ele>1016.1</ele>
      </trkpt>
      <trkpt lat="35.551429" lon="129.041457">
        <ele>1015.5</ele>
      </trkpt>
      <trkpt lat="35.551394" lon="129.041767">
        <ele>1014.9</ele>
      </trkpt>
      <trkpt lat="35.55131" lon="129.041878">
        <ele>1014.1</ele>
      </trkpt>
      <trkpt lat="35.551285" lon="129.041996">
        <ele>1013.1</ele>
      </trkpt>
      <trkpt lat="35.551184" lon="129.042187">
        <ele>1012.1</ele>
      </trkpt>
      <trkpt lat="35.551127" lon="129.04234">
        <ele>1010.9</ele>
      </trkpt>
      <trkpt lat="35.551152" lon="129.04239">
        <ele>1009.6</ele>
      </trkpt>
      <trkpt lat="35.551222" lon="129.042486">
        <ele>1008.2</ele>
      </trkpt>
      <trkpt lat="35.551232" lon="129.042696">
        <ele>1006.7</ele>
      </trkpt>
      <trkpt lat="35.551206" lon="129.04279">
        <ele>1005.1</ele>
      </trkpt>
      <trkpt lat="35.551126" lon="129.042936">
        <ele>1003.3</ele>
      </trkpt>
      <trkpt lat="35.55103" lon="129.043077">
        <ele>1001.5</ele>
      </trkpt>
      <trkpt lat="35.550966" lon="129.043215">
        <ele>999.5</ele>
      </trkpt>
      <trkpt lat="35.550806" lon="129.043431">
        <ele>997.5</ele>
      </trkpt>
      <trkpt lat="35.550715" lon="129.043615">
        <ele>995.4</ele>
      </trkpt>
      <trkpt lat="35.550532" lon="129.043908">
        <ele>993.1</ele>
      </trkpt>
      <trkpt lat="35.550378" lon="129.043991">
        <ele>990.9</ele>
      </trkpt>
      <trkpt lat="35.550319" lon="129.044046">
        <ele>988.6</ele>
      </trkpt>
      <trkpt lat="35.550307" lon="129.044138">
        <ele>986.2</ele>
      </trkpt>
      <trkpt lat="35.550225" lon="129.04426">
        <ele>983.8</ele>
      </trkpt>
      <trkpt lat="35.550191" lon="129.044405">
        <ele>981.4</ele>
      </trkpt>
      <trkpt lat="35.550177" lon="129.044503">
        <ele>979.0</ele>
      </trkpt>
      <trkpt lat="35.550192" lon="129.044579">
        <ele>976.6</ele>
      </trkpt>
      <trkpt lat="35.550218" lon="129.044654">
        <ele>974.1</ele>
      </trkpt>
      <trkpt lat="35.550235" lon="129.044777">
        <ele>971.7</ele>
      </trkpt>
      <trkpt lat="35.550184" lon="129.044863">
        <ele>969.2</ele>
      </trkpt>
      <trkpt lat="35.55024500072713" lon="129.04498100280765">
        <ele>966.8</ele>
      </trkpt>
      <trkpt lat="35.550184" lon="129.044863">
        <ele>964.3</ele>
      </trkpt>
      <trkpt lat="35.550078" lon="129.04496">
        <ele>961.8</ele>
      </trkpt>
      <trkpt lat="35.550013" lon="129.045037">
        <ele>959.3</ele>
      </trkpt>
      <trkpt lat="35.549951" lon="129.045098">
        <ele>956.8</ele>
      </trkpt>
      <trkpt lat="35.549865" lon="129.045108">
        <ele>954.3</ele>
      </trkpt>
      <trkpt lat="35.549731" lon="129.04504">
        <ele>951.9</ele>
      </trkpt>
      <trkpt lat="35.549463" lon="129.044998">
        <ele>949.4</ele>
      </trkpt>
      <trkpt lat="35.549408" lon="129.045009">
        <ele>946.9</ele>
      </trkpt>
      <trkpt lat="35.549311" lon="129.04501">
        <ele>944.5</ele>
      </trkpt>
      <trkpt lat="35.549188" lon="129.044812">
        <ele>942.0</ele>
      </trkpt>
      <trkpt lat="35.548996" lon="129.044815">
        <ele>939.6</ele>
      </trkpt>
      <trkpt lat="35.548954" lon="129.04486">
        <ele>937.2</ele>
      </trkpt>
      <trkpt lat="35.548872" lon="129.045002">
        <ele>934.8</ele>
      </trkpt>
      <trkpt lat="35.548688" lon="129.044981">
        <ele>932.4</ele>
      </trkpt>
      <trkpt lat="35.548603" lon="129.044935">
        <ele>930.1</ele>
      </trkpt>
      <trkpt lat="35.548526" lon="129.044865">
        <ele>927.8</ele>
      </trkpt>
      <trkpt lat="35.548417" lon="129.044863">
        <ele>925.6</ele>
      </trkpt>
      <trkpt lat="35.54832" lon="129.04479">
        <ele>923.4</ele>
      </trkpt>
      <trkpt lat="35.54826" lon="129.044797">
        <ele>921.3</ele>
      </trkpt>
      <trkpt lat="35.548214" lon="129.044815">
        <ele>919.2</ele>
      </trkpt>
      <trkpt lat="35.548101" lon="129.044909">
        <ele>917.2</ele>
      </trkpt>
      <trkpt lat="35.54804525121243" lon="129.0448093414307">
        <ele>915.2</ele>
      </trkpt>
      <trkpt lat="35.548101" lon="129.044909">
        <ele>913.3</ele>
      </trkpt>
      <trkpt lat="35.548068" lon="129.044938">
        <ele>911.4</ele>
      </trkpt>
      <trkpt lat="35.547918" lon="129.045114">
        <ele>909.6</ele>
      </trkpt>
      <trkpt lat="35.547933" lon="129.045183">
        <ele>907.8</ele>
      </trkpt>
      <trkpt lat="35.54794" lon="129.045313">
        <ele>906.0</ele>
      </trkpt>
      <trkpt lat="35.547921" lon="129.045545">
        <ele>904.2</ele>
      </trkpt>
      <trkpt lat="35.547866" lon="129.045752">
        <ele>902.5</ele>
      </trkpt>
      <trkpt lat="35.547826" lon="129.045844">
        <ele>900.9</ele>
      </trkpt>
      <trkpt lat="35.547718" lon="129.045889">
        <ele>899.3</ele>
      </trkpt>
      <trkpt lat="35.547584" lon="129.045885">
        <ele>897.7</ele>
      </trkpt>
      <trkpt lat="35.547405" lon="129.045898">
        <ele>896.2</ele>
      </trkpt>
      <trkpt lat="35.547276" lon="129.045952">
        <ele>894.7</ele>
      </trkpt>
      <trkpt lat="35.547163" lon="129.046043">
        <ele>893.3</ele>
      </trkpt>
      <trkpt lat="35.547081" lon="129.046195">
        <ele>891.9</ele>
      </trkpt>
      <trkpt lat="35.546996" lon="129.046573">
        <ele>890.5</ele>
      </trkpt>
      <trkpt lat="35.546927" lon="129.046678">
        <ele>889.2</ele>
      </trkpt>
      <trkpt lat="35.546879" lon="129.046807">
        <ele>887.9</ele>
      </trkpt>
      <trkpt lat="35.546859" lon="129.046943">
        <ele>886.6</ele>
      </trkpt>
      <trkpt lat="35.546887" lon="129.047091">
        <ele>885.3</ele>
      </trkpt>
      <trkpt lat="35.546906" lon="129.047233">
        <ele>884.1</ele>
      </trkpt>
      <trkpt lat="35.546919" lon="129.047394">
        <ele>882.9</ele>
      </trkpt>
      <trkpt lat="35.546903" lon="129.0475">
        <ele>881.6</ele>
      </trkpt>
      <trkpt lat="35.546896" lon="129.047728">
        <ele>880.5</ele>
      </trkpt>
      <trkpt lat="35.54696" lon="129.047886">
        <ele>879.3</ele>
      </trkpt>
      <trkpt lat="35.546991" lon="129.048101">
        <ele>878.1</ele>
      </trkpt>
      <trkpt lat="35.547053" lon="129.048315">
        <ele>876.9</ele>
      </trkpt>
      <trkpt lat="35.547078" lon="129.048353">
        <ele>875.7</ele>
      </trkpt>
      <trkpt lat="35.54709375355837" lon="129.0483391284943">
        <ele>874.5</ele>
      </trkpt>
      <trkpt lat="35.547078" lon="129.048353">
        <ele>873.4</ele>
      </trkpt>
      <trkpt lat="35.547116" lon="129.048409">
        <ele>872.2</ele>
      </trkpt>
      <trkpt lat="35.547159" lon="129.048383">
        <ele>870.9</ele>
      </trkpt>
      <trkpt lat="35.547122" lon="129.048224">
        <ele>869.7</ele>
      </trkpt>
      <trkpt lat="35.547101" lon="129.047802">
        <ele>868.5</ele>
      </trkpt>
      <trkpt lat="35.5471" lon="129.047681">
        <ele>867.3</ele>
      </trkpt>
      <trkpt lat="35.547143" lon="129.047564">
        <ele>866.0</ele>
      </trkpt>
      <trkpt lat="35.547186" lon="129.047422">
        <ele>864.8</ele>
      </trkpt>
      <trkpt lat="35.547195" lon="129.047351">
        <ele>863.6</ele>
      </trkpt>
      <trkpt lat="35.547168" lon="129.047264">
        <ele>862.3</ele>
      </trkpt>
      <trkpt lat="35.547185" lon="129.047166">
        <ele>861.1</ele>
      </trkpt>
      <trkpt lat="35.547217" lon="129.04712">
        <ele>859.8</ele>
      </trkpt>
      <trkpt lat="35.547305" lon="129.047056">
        <ele>858.5</ele>
      </trkpt>
      <trkpt lat="35.547548" lon="129.046917">
        <ele>857.1</ele>
      </trkpt>
      <trkpt lat="35.547687" lon="129.046852">
        <ele>855.8</ele>
      </trkpt>
      <trkpt lat="35.547728" lon="129.046856">
        <ele>854.4</ele>
      </trkpt>
      <trkpt lat="35.547914" lon="129.046791">
        <ele>853.0</ele>
      </trkpt>
      <trkpt lat="35.547923041136514" lon="129.0468263626099">
        <ele>851.7</ele>
      </trkpt>
      <trkpt lat="35.547914" lon="129.046791">
        <ele>850.3</ele>
      </trkpt>
      <trkpt lat="35.547933" lon="129.046785">
        <ele>849.0</ele>
      </trkpt>
      <trkpt lat="35.547987" lon="129.046826">
        <ele>847.6</ele>
      </trkpt>
      <trkpt lat="35.547972" lon="129.046891">
        <ele>846.3</ele>
      </trkpt>
      <trkpt lat="35.547834" lon="129.047025">
        <ele>844.9</ele>
      </trkpt>
      <trkpt lat="35.547779" lon="129.047082">
        <ele>843.5</ele>
      </trkpt>
      <trkpt lat="35.547684" lon="129.047324">
        <ele>842.2</ele>
      </trkpt>
      <trkpt lat="35.547646" lon="129.047526">
        <ele>840.8</ele>
      </trkpt>
      <trkpt lat="35.547666" lon="129.047586">
        <ele>839.5</ele>
      </trkpt>
      <trkpt lat="35.547687" lon="129.047586">
        <ele>838.1</ele>
      </trkpt>
      <trkpt lat="35.547687349749864" lon="129.04755592346194">
        <ele>836.8</ele>
      </trkpt>
      <trkpt lat="35.547687" lon="129.047586">
        <ele>835.5</ele>
      </trkpt>
      <trkpt lat="35.54772" lon="129.047586">
        <ele>834.2</ele>
      </trkpt>
      <trkpt lat="35.547785" lon="129.04753">
        <ele>833.0</ele>
      </trkpt>
      <trkpt lat="35.547869" lon="129.047416">
        <ele>831.7</ele>
      </trkpt>
      <trkpt lat="35.547943" lon="129.047337">
        <ele>830.5</ele>
      </trkpt>
      <trkpt lat="35.548099" lon="129.047236">
        <ele>829.2</ele>
      </trkpt>
      <trkpt lat="35.548216" lon="129.047151">
        <ele>828.0</ele>
      </trkpt>
      <trkpt lat="35.548331" lon="129.047112">
        <ele>826.8</ele>
      </trkpt>
      <trkpt lat="35.548389" lon="129.047115">
        <ele>825.6</ele>
      </trkpt>
      <trkpt lat="35.54839" lon="129.047139">
        <ele>824.5</ele>
      </trkpt>
      <trkpt lat="35.548429338809754" lon="129.04713749885562">
        <ele>823.3</ele>
      </trkpt>
      <trkpt lat="35.54839" lon="129.047139">
        <ele>822.2</ele>
      </trkpt>
      <trkpt lat="35.548392" lon="129.047166">
        <ele>821.1</ele>
      </trkpt>
      <trkpt lat="35.548331" lon="129.047261">
        <ele>820.0</ele>
      </trkpt>
      <trkpt lat="35.548176" lon="129.047412">
        <ele>818.9</ele>
      </trkpt>
      <trkpt lat="35.54813" lon="129.047492">
        <ele>817.8</ele>
      </trkpt>
      <trkpt lat="35.548118" lon="129.047536">
        <ele>816.7</ele>
      </trkpt>
      <trkpt lat="35.548077" lon="129.047618">
        <ele>815.6</ele>
      </trkpt>
      <trkpt lat="35.548007" lon="129.047838">
        <ele>814.6</ele>
      </trkpt>
      <trkpt lat="35.547987" lon="129.047962">
        <ele>813.5</ele>
      </trkpt>
      <trkpt lat="35.54798" lon="129.04817">
        <ele>812.4</ele>
      </trkpt>
      <trkpt lat="35.548003" lon="129.048259">
        <ele>811.3</ele>
      </trkpt>
      <trkpt lat="35.54799287548841" lon="129.04826402664187">
        <ele>810.3</ele>
      </trkpt>
      <trkpt lat="35.548003" lon="129.048259">
        <ele>809.2</ele>
      </trkpt>
      <trkpt lat="35.548057" lon="129.048274">
        <ele>808.1</ele>
      </trkpt>
      <trkpt lat="35.548103" lon="129.048202">
        <ele>807.1</ele>
      </trkpt>
      <trkpt lat="35.548139" lon="129.048063">
        <ele>806.0</ele>
      </trkpt>
      <trkpt lat="35.54818" lon="129.047937">
        <ele>805.0</ele>
      </trkpt>
      <trkpt lat="35.548242" lon="129.047842">
        <ele>803.9</ele>
      </trkpt>
      <trkpt lat="35.5485" lon="129.04759">
        <ele>802.8</ele>
      </trkpt>
      <trkpt lat="35.548609" lon="129.047549">
        <ele>801.8</ele>
      </trkpt>
      <trkpt lat="35.548704" lon="129.047545">
        <ele>800.7</ele>
      </trkpt>
      <trkpt lat="35.548832" lon="129.047599">
        <ele>799.6</ele>
      </trkpt>
      <trkpt lat="35.549387" lon="129.04765">
        <ele>798.5</ele>
      </trkpt>
      <trkpt lat="35.549524" lon="129.047648">
        <ele>797.5</ele>
      </trkpt>
      <trkpt lat="35.549559" lon="129.047655">
        <ele>796.4</ele>
      </trkpt>
      <trkpt lat="35.54955540320675" lon="129.04769539833072">
        <ele>795.3</ele>
      </trkpt>
      <trkpt lat="35.549559" lon="129.047655">
        <ele>794.1</ele>
      </trkpt>
      <trkpt lat="35.549592" lon="129.047662">
        <ele>793.0</ele>
      </trkpt>
      <trkpt lat="35.549595" lon="129.047713">
        <ele>791.8</ele>
      </trkpt>
      <trkpt lat="35.549554" lon="129.047747">
        <ele>790.6</ele>
      </trkpt>
      <trkpt lat="35.549439" lon="129.047764">
        <ele>789.5</ele>
      </trkpt>
      <trkpt lat="35.549207" lon="129.047782">
        <ele>788.3</ele>
      </trkpt>
      <trkpt lat="35.549048" lon="129.047814">
        <ele>787.0</ele>
      </trkpt>
      <trkpt lat="35.548909" lon="129.047877">
        <ele>785.8</ele>
      </trkpt>
      <trkpt lat="35.548818" lon="129.047963">
        <ele>784.6</ele>
      </trkpt>
      <trkpt lat="35.548753" lon="129.048069">
        <ele>783.4</ele>
      </trkpt>
      <trkpt lat="35.548657" lon="129.048221">
        <ele>782.2</ele>
      </trkpt>
      <trkpt lat="35.54858" lon="129.048363">
        <ele>781.0</ele>
      </trkpt>
      <trkpt lat="35.548509" lon="129.04852">
        <ele>779.7</ele>
      </trkpt>
      <trkpt lat="35.548516631188924" lon="129.04853224754336">
        <ele>778.5</ele>
      </trkpt>
      <trkpt lat="35.548508" lon="129.04853">
        <ele>777.3</ele>
      </trkpt>
      <trkpt lat="35.548503" lon="129.048598">
        <ele>776.1</ele>
      </trkpt>
      <trkpt lat="35.548573" lon="129.048636">
        <ele>774.9</ele>
      </trkpt>
      <trkpt lat="35.548601" lon="129.048621">
        <ele>773.7</ele>
      </trkpt>
      <trkpt lat="35.548665" lon="129.048539">
        <ele>772.5</ele>
      </trkpt>
      <trkpt lat="35.548737" lon="129.048426">
        <ele>771.3</ele>
      </trkpt>
      <trkpt lat="35.548827" lon="129.048315">
        <ele>770.1</ele>
      </trkpt>
      <trkpt lat="35.548943" lon="129.04821">
        <ele>768.9</ele>
      </trkpt>
      <trkpt lat="35.54905" lon="129.048123">
        <ele>767.7</ele>
      </trkpt>
      <trkpt lat="35.54919" lon="129.048064">
        <ele>766.5</ele>
      </trkpt>
      <trkpt lat="35.549403" lon="129.048054">
        <ele>765.3</ele>
      </trkpt>
      <trkpt lat="35.549547" lon="129.048105">
        <ele>764.0</ele>
      </trkpt>
      <trkpt lat="35.549588" lon="129.048171">
        <ele>762.8</ele>
      </trkpt>
      <trkpt lat="35.549585" lon="129.048241">
        <ele>761.6</ele>
      </trkpt>
      <trkpt lat="35.549555" lon="129.04826">
        <ele>760.3</ele>
      </trkpt>
      <trkpt lat="35.549529215842234" lon="129.04819965362552">
        <ele>759.0</ele>
      </trkpt>
      <trkpt lat="35.549555" lon="129.04826">
        <ele>757.8</ele>
      </trkpt>
      <trkpt lat="35.549513" lon="129.048288">
        <ele>756.5</ele>
      </trkpt>
      <trkpt lat="35.549411" lon="129.048275">
        <ele>755.2</ele>
      </trkpt>
      <trkpt lat="35.549287" lon="129.048282">
        <ele>753.9</ele>
      </trkpt>
      <trkpt lat="35.54921" lon="129.048345">
        <ele>752.6</ele>
      </trkpt>
      <trkpt lat="35.549082" lon="129.048487">
        <ele>751.3</ele>
      </trkpt>
      <trkpt lat="35.549003" lon="129.048716">
        <ele>749.9</ele>
      </trkpt>
      <trkpt lat="35.548911" lon="129.048889">
        <ele>748.6</ele>
      </trkpt>
      <trkpt lat="35.548851" lon="129.049149">
        <ele>747.3</ele>
      </trkpt>
      <trkpt lat="35.548844" lon="129.049322">
        <ele>745.9</ele>
      </trkpt>
      <trkpt lat="35.548846" lon="129.049448">
        <ele>744.6</ele>
      </trkpt>
      <trkpt lat="35.548863" lon="129.049476">
        <ele>743.2</ele>
      </trkpt>
      <trkpt lat="35.54887452894996" lon="129.04946565628055">
        <ele>741.9</ele>
      </trkpt>
      <trkpt lat="35.548863" lon="129.049476">
        <ele>740.5</ele>
      </trkpt>
      <trkpt lat="35.548887" lon="129.049512">
        <ele>739.1</ele>
      </trkpt>
      <trkpt lat="35.548948" lon="129.049471">
        <ele>737.7</ele>
      </trkpt>
      <trkpt lat="35.548987" lon="129.04937">
        <ele>736.3</ele>
      </trkpt>
      <trkpt lat="35.549015" lon="129.049206">
        <ele>734.8</ele>
      </trkpt>
      <trkpt lat="35.549059" lon="129.04908">
        <ele>733.4</ele>
      </trkpt>
      <trkpt lat="35.549144" lon="129.048941">
        <ele>731.9</ele>
      </trkpt>
      <trkpt lat="35.549285" lon="129.048821">
        <ele>730.4</ele>
      </trkpt>
      <trkpt lat="35.549381" lon="129.048768">
        <ele>728.8</ele>
      </trkpt>
      <trkpt lat="35.549535" lon="129.048785">
        <ele>727.2</ele>
      </trkpt>
      <trkpt lat="35.54958" lon="129.04879">
        <ele>725.5</ele>
      </trkpt>
      <trkpt lat="35.549883" lon="129.048862">
        <ele>723.9</ele>
      </trkpt>
      <trkpt lat="35.550052" lon="129.048947">
        <ele>722.1</ele>
      </trkpt>
      <trkpt lat="35.550209" lon="129.049099">
        <ele>720.4</ele>
      </trkpt>
      <trkpt lat="35.550494" lon="129.049329">
        <ele>718.6</ele>
      </trkpt>
      <trkpt lat="35.550671" lon="129.0495">
        <ele>716.8</ele>
      </trkpt>
      <trkpt lat="35.550838" lon="129.049676">
        <ele>715.0</ele>
      </trkpt>
      <trkpt lat="35.550915" lon="129.049806">
        <ele>713.1</ele>
      </trkpt>
      <trkpt lat="35.550905" lon="129.04984">
        <ele>711.3</ele>
      </trkpt>
      <trkpt lat="35.55093459231636" lon="129.0498518943787">
        <ele>709.4</ele>
      </trkpt>
      <trkpt lat="35.550905" lon="129.04984">
        <ele>707.5</ele>
      </trkpt>
      <trkpt lat="35.550897" lon="129.049872">
        <ele>705.6</ele>
      </trkpt>
      <trkpt lat="35.550794" lon="129.049847">
        <ele>703.7</ele>
      </trkpt>
      <trkpt lat="35.550625" lon="129.049689">
        <ele>701.8</ele>
      </trkpt>
      <trkpt lat="35.550484" lon="129.049598">
        <ele>699.9</ele>
      </trkpt>
      <trkpt lat="35.550379" lon="129.049547">
        <ele>698.0</ele>
      </trkpt>
      <trkpt lat="35.550099" lon="129.049386">
        <ele>696.0</ele>
      </trkpt>
      <trkpt lat="35.549965" lon="129.049373">
        <ele>694.0</ele>
      </trkpt>
      <trkpt lat="35.549847" lon="129.049446">
        <ele>692.1</ele>
      </trkpt>
      <trkpt lat="35.549788" lon="129.049504">
        <ele>690.1</ele>
      </trkpt>
      <trkpt lat="35.549722" lon="129.049592">
        <ele>688.1</ele>
      </trkpt>
      <trkpt lat="35.549607" lon="129.050072">
        <ele>686.1</ele>
      </trkpt>
      <trkpt lat="35.549578" lon="129.050241">
        <ele>684.1</ele>
      </trkpt>
      <trkpt lat="35.549529" lon="129.050633">
        <ele>682.1</ele>
      </trkpt>
      <trkpt lat="35.549518" lon="129.050857">
        <ele>680.1</ele>
      </trkpt>
      <trkpt lat="35.549465" lon="129.05116">
        <ele>678.1</ele>
      </trkpt>
      <trkpt lat="35.549482" lon="129.051481">
        <ele>676.2</ele>
      </trkpt>
      <trkpt lat="35.549437" lon="129.051686">
        <ele>674.2</ele>
      </trkpt>
      <trkpt lat="35.549409" lon="129.05185">
        <ele>672.3</ele>
      </trkpt>
      <trkpt lat="35.549414" lon="129.052059">
        <ele>670.4</ele>
      </trkpt>
      <trkpt lat="35.549448" lon="129.052305">
        <ele>668.6</ele>
      </trkpt>
      <trkpt lat="35.549385" lon="129.052456">
        <ele>666.7</ele>
      </trkpt>
      <trkpt lat="35.54938" lon="129.0525">
        <ele>665.0</ele>
      </trkpt>
      <trkpt lat="35.54938954975379" lon="129.0525019168854">
        <ele>663.2</ele>
      </trkpt>
      <trkpt lat="35.54938" lon="129.0525">
        <ele>661.5</ele>
      </trkpt>
      <trkpt lat="35.549378" lon="129.052521">
        <ele>659.8</ele>
      </trkpt>
      <trkpt lat="35.549402" lon="129.052557">
        <ele>658.1</ele>
      </trkpt>
      <trkpt lat="35.549472" lon="129.05251">
        <ele>656.4</ele>
      </trkpt>
      <trkpt lat="35.54953" lon="129.05242">
        <ele>654.8</ele>
      </trkpt>
      <trkpt lat="35.549595" lon="129.052296">
        <ele>653.1</ele>
      </trkpt>
      <trkpt lat="35.549586" lon="129.052118">
        <ele>651.5</ele>
      </trkpt>
      <trkpt lat="35.549568" lon="129.051965">
        <ele>649.9</ele>
      </trkpt>
      <trkpt lat="35.549698" lon="129.051742">
        <ele>648.3</ele>
      </trkpt>
      <trkpt lat="35.549818" lon="129.051459">
        <ele>646.6</ele>
      </trkpt>
      <trkpt lat="35.549968" lon="129.051063">
        <ele>645.0</ele>
      </trkpt>
      <trkpt lat="35.55004" lon="129.05095">
        <ele>643.3</ele>
      </trkpt>
      <trkpt lat="35.55012" lon="129.050886">
        <ele>641.7</ele>
      </trkpt>
      <trkpt lat="35.550189" lon="129.050841">
        <ele>640.0</ele>
      </trkpt>
      <trkpt lat="35.55019262644004" lon="129.05084967613223">
        <ele>638.3</ele>
      </trkpt>
      <trkpt lat="35.550189" lon="129.050841">
        <ele>636.5</ele>
      </trkpt>
      <trkpt lat="35.550219" lon="129.050822">
        <ele>634.8</ele>
      </trkpt>
      <trkpt lat="35.550379" lon="129.050838">
        <ele>633.0</ele>
      </trkpt>
      <trkpt lat="35.550471" lon="129.050918">
        <ele>631.1</ele>
      </trkpt>
      <trkpt lat="35.550556" lon="129.051141">
        <ele>629.2</ele>
      </trkpt>
      <trkpt lat="35.550689" lon="129.051424">
        <ele>627.3</ele>
      </trkpt>
      <trkpt lat="35.550698909782135" lon="129.0514183044434">
        <ele>625.3</ele>
      </trkpt>
      <trkpt lat="35.550689" lon="129.051424">
        <ele>623.3</ele>
      </trkpt>
      <trkpt lat="35.550723" lon="129.051494">
        <ele>621.2</ele>
      </trkpt>
      <trkpt lat="35.550697" lon="129.05153">
        <ele>619.1</ele>
      </trkpt>
      <trkpt lat="35.550778" lon="129.051686">
        <ele>617.0</ele>
      </trkpt>
      <trkpt lat="35.550826" lon="129.051847">
        <ele>614.8</ele>
      </trkpt>
      <trkpt lat="35.551027" lon="129.051999">
        <ele>612.6</ele>
      </trkpt>
      <trkpt lat="35.551059" lon="129.052016">
        <ele>610.3</ele>
      </trkpt>
      <trkpt lat="35.551065" lon="129.052085">
        <ele>607.9</ele>
      </trkpt>
      <trkpt lat="35.551144" lon="129.052189">
        <ele>605.5</ele>
      </trkpt>
      <trkpt lat="35.551149" lon="129.052262">
        <ele>603.0</ele>
      </trkpt>
      <trkpt lat="35.55121" lon="129.052369">
        <ele>600.4</ele>
      </trkpt>
      <trkpt lat="35.551268" lon="129.052534">
        <ele>597.8</ele>
      </trkpt>
      <trkpt lat="35.551302" lon="129.05253">
        <ele>595.2</ele>
      </trkpt>
      <trkpt lat="35.551428" lon="129.05266">
        <ele>592.4</ele>
      </trkpt>
      <trkpt lat="35.551466" lon="129.052724">
        <ele>589.7</ele>
      </trkpt>
      <trkpt lat="35.551608" lon="129.053059">
        <ele>586.8</ele>
      </trkpt>
      <trkpt lat="35.551703" lon="129.053125">
        <ele>584.0</ele>
      </trkpt>
      <trkpt lat="35.551774" lon="129.053204">
        <ele>581.1</ele>
      </trkpt>
      <trkpt lat="35.551811" lon="129.053352">
        <ele>578.1</ele>
      </trkpt>
      <trkpt lat="35.551821" lon="129.053473">
        <ele>575.2</ele>
      </trkpt>
      <trkpt lat="35.55182494230437" lon="129.05348896980288">
        <ele>572.2</ele>
      </trkpt>
      <trkpt lat="35.551821" lon="129.053473">
        <ele>569.1</ele>
      </trkpt>
      <trkpt lat="35.55188" lon="129.0536">
        <ele>566.1</ele>
      </trkpt>
      <trkpt lat="35.551904" lon="129.05372">
        <ele>563.0</ele>
      </trkpt>
      <trkpt lat="35.551949" lon="129.053779">
        <ele>560.0</ele>
      </trkpt>
      <trkpt lat="35.552066" lon="129.053861">
        <ele>556.9</ele>
      </trkpt>
      <trkpt lat="35.552191" lon="129.053995">
        <ele>553.7</ele>
      </trkpt>
      <trkpt lat="35.552392" lon="129.054179">
        <ele>550.6</ele>
      </trkpt>
      <trkpt lat="35.552441" lon="129.054315">
        <ele>547.4</ele>
      </trkpt>
      <trkpt lat="35.552504" lon="129.054418">
        <ele>544.2</ele>
      </trkpt>
      <trkpt lat="35.552574" lon="129.054508">
        <ele>541.0</ele>
      </trkpt>
      <trkpt lat="35.552701" lon="129.054591">
        <ele>537.8</ele>
      </trkpt>
      <trkpt lat="35.552888" lon="129.054908">
        <ele>534.5</ele>
      </trkpt>
      <trkpt lat="35.553239" lon="129.055337">
        <ele>531.3</ele>
      </trkpt>
      <trkpt lat="35.553286" lon="129.055467">
        <ele>528.0</ele>
      </trkpt>
      <trkpt lat="35.553332" lon="129.055702">
        <ele>524.7</ele>
      </trkpt>
      <trkpt lat="35.553396" lon="129.055733">
        <ele>521.4</ele>
      </trkpt>
      <trkpt lat="35.553472" lon="129.055893">
        <ele>518.2</ele>
      </trkpt>
      <trkpt lat="35.553517" lon="129.056025">
        <ele>514.9</ele>
      </trkpt>
      <trkpt lat="35.553513" lon="129.056109">
        <ele>511.7</ele>
      </trkpt>
      <trkpt lat="35.553547" lon="129.056254">
        <ele>508.5</ele>
      </trkpt>
      <trkpt lat="35.553603" lon="129.056327">
        <ele>505.3</ele>
      </trkpt>
      <trkpt lat="35.553595" lon="129.056374">
        <ele>502.1</ele>
      </trkpt>
      <trkpt lat="35.553658" lon="129.056421">
        <ele>499.0</ele>
      </trkpt>
      <trkpt lat="35.553638" lon="129.056554">
        <ele>495.9</ele>
      </trkpt>
      <trkpt lat="35.553642" lon="129.056633">
        <ele>492.8</ele>
      </trkpt>
      <trkpt lat="35.553589" lon="129.056682">
        <ele>489.7</ele>
      </trkpt>
      <trkpt lat="35.553532" lon="129.056875">
        <ele>486.6</ele>
      </trkpt>
      <trkpt lat="35.553533" lon="129.056952">
        <ele>483.6</ele>
      </trkpt>
      <trkpt lat="35.553642" lon="129.056976">
        <ele>480.6</ele>
      </trkpt>
      <trkpt lat="35.553673" lon="129.057065">
        <ele>477.6</ele>
      </trkpt>
      <trkpt lat="35.553766" lon="129.057193">
        <ele>474.7</ele>
      </trkpt>
      <trkpt lat="35.553684" lon="129.05728">
        <ele>471.7</ele>
      </trkpt>
      <trkpt lat="35.553665" lon="129.057329">
        <ele>468.8</ele>
      </trkpt>
      <trkpt lat="35.553567" lon="129.0575">
        <ele>465.9</ele>
      </trkpt>
      <trkpt lat="35.553558" lon="129.057575">
        <ele>463.1</ele>
      </trkpt>
      <trkpt lat="35.553522" lon="129.057653">
        <ele>460.3</ele>
      </trkpt>
      <trkpt lat="35.553492" lon="129.057669">
        <ele>457.5</ele>
      </trkpt>
      <trkpt lat="35.55343" lon="129.057596">
        <ele>454.7</ele>
      </trkpt>
      <trkpt lat="35.55341358144706" lon="129.05758738517764">
        <ele>452.0</ele>
      </trkpt>
      <trkpt lat="35.553429" lon="129.057596">
        <ele>449.2</ele>
      </trkpt>
      <trkpt lat="35.553275" lon="129.05799">
        <ele>446.5</ele>
      </trkpt>
      <trkpt lat="35.553246" lon="129.058049">
        <ele>443.9</ele>
      </trkpt>
      <trkpt lat="35.553263" lon="129.058156">
        <ele>441.2</ele>
      </trkpt>
      <trkpt lat="35.553295" lon="129.058212">
        <ele>438.6</ele>
      </trkpt>
      <trkpt lat="35.553279" lon="129.058302">
        <ele>436.0</ele>
      </trkpt>
      <trkpt lat="35.553289" lon="129.058358">
        <ele>433.4</ele>
      </trkpt>
      <trkpt lat="35.553332" lon="129.058389">
        <ele>430.9</ele>
      </trkpt>
      <trkpt lat="35.553336" lon="129.058427">
        <ele>428.3</ele>
      </trkpt>
      <trkpt lat="35.553321" lon="129.058515">
        <ele>425.7</ele>
      </trkpt>
      <trkpt lat="35.55337" lon="129.058607">
        <ele>423.1</ele>
      </trkpt>
      <trkpt lat="35.553325" lon="129.058656">
        <ele>420.6</ele>
      </trkpt>
      <trkpt lat="35.553341" lon="129.058717">
        <ele>418.0</ele>
      </trkpt>
      <trkpt lat="35.553428" lon="129.058854">
        <ele>415.4</ele>
      </trkpt>
      <trkpt lat="35.553507" lon="129.059059">
        <ele>412.9</ele>
      </trkpt>
      <trkpt lat="35.55359" lon="129.059065">
        <ele>410.3</ele>
      </trkpt>
      <trkpt lat="35.553643" lon="129.059138">
        <ele>407.7</ele>
      </trkpt>
      <trkpt lat="35.553818" lon="129.059157">
        <ele>405.1</ele>
      </trkpt>
      <trkpt lat="35.55395" lon="129.059369">
        <ele>402.5</ele>
      </trkpt>
      <trkpt lat="35.553968" lon="129.059502">
        <ele>399.9</ele>
      </trkpt>
      <trkpt lat="35.554127" lon="129.059552">
        <ele>397.2</ele>
      </trkpt>
      <trkpt lat="35.554232" lon="129.059497">
        <ele>394.5</ele>
      </trkpt>
      <trkpt lat="35.554404" lon="129.059682">
        <ele>391.8</ele>
      </trkpt>
      <trkpt lat="35.554356" lon="129.059763">
        <ele>389.0</ele>
      </trkpt>
      <trkpt lat="35.55433" lon="129.059948">
        <ele>386.3</ele>
      </trkpt>
      <trkpt lat="35.554248" lon="129.059959">
        <ele>383.5</ele>
      </trkpt>
      <trkpt lat="35.554254" lon="129.06014">
        <ele>380.6</ele>
      </trkpt>
      <trkpt lat="35.554316" lon="129.060295">
        <ele>377.8</ele>
      </trkpt>
      <trkpt lat="35.554412" lon="129.060458">
        <ele>375.0</ele>
      </trkpt>
      <trkpt lat="35.554499" lon="129.060696">
        <ele>372.2</ele>
      </trkpt>
      <trkpt lat="35.554559" lon="129.060754">
        <ele>369.5</ele>
      </trkpt>
      <trkpt lat="35.554594" lon="129.060873">
        <ele>366.7</ele>
      </trkpt>
      <trkpt lat="35.554648" lon="129.060879">
        <ele>363.9</ele>
      </trkpt>
      <trkpt lat="35.554668" lon="129.060962">
        <ele>361.2</ele>
      </trkpt>
      <trkpt lat="35.554608" lon="129.061045">
        <ele>358.4</ele>
      </trkpt>
      <trkpt lat="35.554717" lon="129.061064">
        <ele>355.6</ele>
      </trkpt>
      <trkpt lat="35.554755" lon="129.061591">
        <ele>352.9</ele>
      </trkpt>
      <trkpt lat="35.5547839756361" lon="129.06158924102786">
        <ele>350.1</ele>
      </trkpt>
      <trkpt lat="35.554755" lon="129.061591">
        <ele>347.3</ele>
      </trkpt>
      <trkpt lat="35.554764" lon="129.061706">
        <ele>344.6</ele>
      </trkpt>
      <trkpt lat="35.554846" lon="129.061806">
        <ele>341.8</ele>
      </trkpt>
      <trkpt lat="35.554858" lon="129.061951">
        <ele>339.1</ele>
      </trkpt>
      <trkpt lat="35.554881" lon="129.062031">
        <ele>336.4</ele>
      </trkpt>
      <trkpt lat="35.554994" lon="129.062048">
        <ele>333.6</ele>
      </trkpt>
      <trkpt lat="35.555048" lon="129.062136">
        <ele>330.9</ele>
      </trkpt>
      <trkpt lat="35.555184" lon="129.062156">
        <ele>328.3</ele>
      </trkpt>
      <trkpt lat="35.555318" lon="129.062294">
        <ele>325.6</ele>
      </trkpt>
      <trkpt lat="35.55506" lon="129.062447">
        <ele>323.1</ele>
      </trkpt>
      <trkpt lat="35.555119" lon="129.062469">
        <ele>320.6</ele>
      </trkpt>
      <trkpt lat="35.555075" lon="129.062554">
        <ele>318.1</ele>
      </trkpt>
      <trkpt lat="35.554987" lon="129.062664">
        <ele>315.8</ele>
      </trkpt>
      <trkpt lat="35.555019" lon="129.062682">
        <ele>313.5</ele>
      </trkpt>
      <trkpt lat="35.555072" lon="129.062678">
        <ele>311.3</ele>
      </trkpt>
      <trkpt lat="35.555099" lon="129.062717">
        <ele>309.1</ele>
      </trkpt>
      <trkpt lat="35.555109" lon="129.062749">
        <ele>307.0</ele>
      </trkpt>
      <trkpt lat="35.555181" lon="129.062783">
        <ele>305.0</ele>
      </trkpt>
      <trkpt lat="35.555248" lon="129.062837">
        <ele>303.0</ele>
      </trkpt>
      <trkpt lat="35.555304" lon="129.062892">
        <ele>301.1</ele>
      </trkpt>
      <trkpt lat="35.555339" lon="129.062943">
        <ele>299.2</ele>
      </trkpt>
      <trkpt lat="35.555332" lon="129.063061">
        <ele>297.3</ele>
      </trkpt>
      <trkpt lat="35.555296" lon="129.063187">
        <ele>296.3</ele>
      </trkpt>
      <trkpt lat="35.555341" lon="129.063278">
        <ele>295.2</ele>
      </trkpt>
      <trkpt lat="35.555498" lon="129.063695">
        <ele>294.1</ele>
      </trkpt>
      <trkpt lat="35.555481" lon="129.063885">
        <ele>293.1</ele>
      </trkpt>
      <trkpt lat="35.555532" lon="129.064056">
        <ele>292.0</ele>
      </trkpt>
      <trkpt lat="35.555584" lon="129.06414">
        <ele>291.0</ele>
      </trkpt>
      <trkpt lat="35.555564" lon="129.064324">
        <ele>290.1</ele>
      </trkpt>
      <trkpt lat="35.555767" lon="129.064495">
        <ele>289.1</ele>
      </trkpt>
      <trkpt lat="35.555883" lon="129.064866">
        <ele>288.2</ele>
      </trkpt>
      <trkpt lat="35.555887" lon="129.06487">
        <ele>287.3</ele>
      </trkpt>
      <trkpt lat="35.555964" lon="129.064929">
        <ele>286.4</ele>
      </trkpt>
      <trkpt lat="35.55603" lon="129.06498">
        <ele>285.6</ele>
      </trkpt>
      <trkpt lat="35.556077" lon="129.06518">
        <ele>284.8</ele>
      </trkpt>
      <trkpt lat="35.556078" lon="129.065238">
        <ele>284.1</ele>
      </trkpt>
      <trkpt lat="35.55611070437881" lon="129.06523704528811">
        <ele>283.4</ele>
      </trkpt>
    </trkseg>
  </trk>
</gpx>