<?xml version="1.0" encoding="UTF-8"?>
<gpx xmlns="http://www.topografix.com/GPX/1/1" creator="MTK - http://www.toursprung.com" version="1.1" xmlns:xsi="http://www.w3.org/2001/XMLSchema-instance" xsi:schemaLocation="http://www.topografix.com/GPX/1/1 http://www.topografix.com/GPX/1/1/gpx.xsd">
<metadata>
<name>빵트레일런2026_30K</name>
<extensions><extra>{}</extra></extensions>
</metadata>
<wpt lat="37.188946" lon="128.810157" sectionIndex="0" pointIndex="259" type="Generic"><name>CP1. 브런치 카페</name><ele>1137.9</ele><type>GENERIC</type><note>CP1. 브런치 카페</note></wpt>
<wpt lat="37.168830" lon="128.840260" sectionIndex="0" pointIndex="508" type="Generic"><name>CP2. 과자집</name><ele>1156.3</ele><type>GENERIC</type><note>CP2. 과자집</note></wpt>
<wpt lat="37.201050" lon="128.839670" sectionIndex="0" pointIndex="1198" type="Generic"><name>CP3. 초콜릿 공장</name><ele>804.4</ele><type>GENERIC</type><note>CP3. 초콜릿 공장</note></wpt>
<wpt lat="37.182701" lon="128.817374" sectionIndex="0" pointIndex="1939" type="Generic"><name>CP4. 아이스크림 가게</name><ele>1331.8</ele><type>GENERIC</type><note>CP4. 아이스크림 가게</note></wpt>
<trk>
<name>빵트레일런2026_30K</name>
<trkseg>
<trkpt lat="37.207630" lon="128.825870" sectionIndex="0" pointIndex="0" originalElevation="953.0" isOriginalElevationFromOSM="false" isAnchor="false"><ele>955.4</ele></trkpt>
<trkpt lat="37.207613" lon="128.825923" sectionIndex="0" pointIndex="1" originalElevation="953.0" isOriginalElevationFromOSM="false" isAnchor="false"><ele>955.7</ele></trkpt>
<trkpt lat="37.207596" lon="128.825975" sectionIndex="0" pointIndex="2" originalElevation="953.0" isOriginalElevationFromOSM="false" isAnchor="false"><ele>955.9</ele></trkpt>
<trkpt lat="37.207579" lon="128.826027" sectionIndex="0" pointIndex="3" originalElevation="953.0" isOriginalElevationFromOSM="false" isAnchor="false"><ele>956.3</ele></trkpt>
<trkpt lat="37.207568" lon="128.826063" sectionIndex="0" pointIndex="4" originalElevation="953.0" isOriginalElevationFromOSM="false" isAnchor="false"><ele>956.7</ele></trkpt>
<trkpt lat="37.207568" lon="128.826063" sectionIndex="0" pointIndex="5" originalElevation="953.0" isOriginalElevationFromOSM="false" isAnchor="false"><ele>957.2</ele></trkpt>
<trkpt lat="37.207524" lon="128.826050" sectionIndex="0" pointIndex="6" originalElevation="953.0" isOriginalElevationFromOSM="false" isAnchor="false"><ele>957.6</ele></trkpt>
<trkpt lat="37.207480" lon="128.826037" sectionIndex="0" pointIndex="7" originalElevation="960.0" isOriginalElevationFromOSM="false" isAnchor="false"><ele>958.1</ele></trkpt>
<trkpt lat="37.207436" lon="128.826025" sectionIndex="0" pointIndex="8" originalElevation="960.0" isOriginalElevationFromOSM="false" isAnchor="false"><ele>958.7</ele></trkpt>
<trkpt lat="37.207393" lon="128.826012" sectionIndex="0" pointIndex="9" originalElevation="960.0" isOriginalElevationFromOSM="false" isAnchor="false"><ele>959.2</ele></trkpt>
<trkpt lat="37.207349" lon="128.825999" sectionIndex="0" pointIndex="10" originalElevation="960.0" isOriginalElevationFromOSM="false" isAnchor="false"><ele>959.8</ele></trkpt>
<trkpt lat="37.207305" lon="128.825986" sectionIndex="0" pointIndex="11" originalElevation="960.0" isOriginalElevationFromOSM="false" isAnchor="false"><ele>960.5</ele></trkpt>
<trkpt lat="37.207261" lon="128.825973" sectionIndex="0" pointIndex="12" originalElevation="960.0" isOriginalElevationFromOSM="false" isAnchor="false"><ele>961.1</ele></trkpt>
<trkpt lat="37.207218" lon="128.825960" sectionIndex="0" pointIndex="13" originalElevation="960.0" isOriginalElevationFromOSM="false" isAnchor="false"><ele>961.8</ele></trkpt>
<trkpt lat="37.207174" lon="128.825947" sectionIndex="0" pointIndex="14" originalElevation="960.0" isOriginalElevationFromOSM="false" isAnchor="false"><ele>962.5</ele></trkpt>
<trkpt lat="37.207143" lon="128.825937" sectionIndex="0" pointIndex="15" originalElevation="960.0" isOriginalElevationFromOSM="false" isAnchor="false"><ele>963.2</ele></trkpt>
<trkpt lat="37.207143" lon="128.825937" sectionIndex="0" pointIndex="16" originalElevation="960.0" isOriginalElevationFromOSM="false" isAnchor="false"><ele>964.0</ele></trkpt>
<trkpt lat="37.207143" lon="128.825881" sectionIndex="0" pointIndex="17" originalElevation="960.0" isOriginalElevationFromOSM="false" isAnchor="false"><ele>964.7</ele></trkpt>
<trkpt lat="37.207143" lon="128.825824" sectionIndex="0" pointIndex="18" originalElevation="971.0" isOriginalElevationFromOSM="false" isAnchor="false"><ele>965.5</ele></trkpt>
<trkpt lat="37.207144" lon="128.825768" sectionIndex="0" pointIndex="19" originalElevation="971.0" isOriginalElevationFromOSM="false" isAnchor="false"><ele>966.2</ele></trkpt>
<trkpt lat="37.207144" lon="128.825712" sectionIndex="0" pointIndex="20" originalElevation="971.0" isOriginalElevationFromOSM="false" isAnchor="false"><ele>966.9</ele></trkpt>
<trkpt lat="37.207144" lon="128.825655" sectionIndex="0" pointIndex="21" originalElevation="971.0" isOriginalElevationFromOSM="false" isAnchor="false"><ele>967.4</ele></trkpt>
<trkpt lat="37.207144" lon="128.825599" sectionIndex="0" pointIndex="22" originalElevation="971.0" isOriginalElevationFromOSM="false" isAnchor="false"><ele>967.8</ele></trkpt>
<trkpt lat="37.207145" lon="128.825542" sectionIndex="0" pointIndex="23" originalElevation="971.0" isOriginalElevationFromOSM="false" isAnchor="false"><ele>968.1</ele></trkpt>
<trkpt lat="37.207145" lon="128.825532" sectionIndex="0" pointIndex="24" originalElevation="971.0" isOriginalElevationFromOSM="false" isAnchor="false"><ele>968.3</ele></trkpt>
<trkpt lat="37.207145" lon="128.825532" sectionIndex="0" pointIndex="25" originalElevation="971.0" isOriginalElevationFromOSM="false" isAnchor="false"><ele>968.4</ele></trkpt>
<trkpt lat="37.207175" lon="128.825491" sectionIndex="0" pointIndex="26" originalElevation="971.0" isOriginalElevationFromOSM="false" isAnchor="false"><ele>968.4</ele></trkpt>
<trkpt lat="37.207206" lon="128.825450" sectionIndex="0" pointIndex="27" originalElevation="971.0" isOriginalElevationFromOSM="false" isAnchor="false"><ele>968.2</ele></trkpt>
<trkpt lat="37.207237" lon="128.825408" sectionIndex="0" pointIndex="28" originalElevation="971.0" isOriginalElevationFromOSM="false" isAnchor="false"><ele>968.0</ele></trkpt>
<trkpt lat="37.207260" lon="128.825377" sectionIndex="0" pointIndex="29" originalElevation="971.0" isOriginalElevationFromOSM="false" isAnchor="false"><ele>967.6</ele></trkpt>
<trkpt lat="37.207260" lon="128.825377" sectionIndex="0" pointIndex="30" originalElevation="971.0" isOriginalElevationFromOSM="false" isAnchor="false"><ele>967.1</ele></trkpt>
<trkpt lat="37.207304" lon="128.825391" sectionIndex="0" pointIndex="31" originalElevation="971.0" isOriginalElevationFromOSM="false" isAnchor="false"><ele>966.6</ele></trkpt>
<trkpt lat="37.207347" lon="128.825406" sectionIndex="0" pointIndex="32" originalElevation="971.0" isOriginalElevationFromOSM="false" isAnchor="false"><ele>965.9</ele></trkpt>
<trkpt lat="37.207391" lon="128.825420" sectionIndex="0" pointIndex="33" originalElevation="971.0" isOriginalElevationFromOSM="false" isAnchor="false"><ele>965.2</ele></trkpt>
<trkpt lat="37.207434" lon="128.825435" sectionIndex="0" pointIndex="34" originalElevation="971.0" isOriginalElevationFromOSM="false" isAnchor="false"><ele>964.3</ele></trkpt>
<trkpt lat="37.207477" lon="128.825449" sectionIndex="0" pointIndex="35" originalElevation="971.0" isOriginalElevationFromOSM="false" isAnchor="false"><ele>963.4</ele></trkpt>
<trkpt lat="37.207521" lon="128.825464" sectionIndex="0" pointIndex="36" originalElevation="955.0" isOriginalElevationFromOSM="false" isAnchor="false"><ele>962.6</ele></trkpt>
<trkpt lat="37.207564" lon="128.825478" sectionIndex="0" pointIndex="37" originalElevation="955.0" isOriginalElevationFromOSM="false" isAnchor="false"><ele>961.7</ele></trkpt>
<trkpt lat="37.207608" lon="128.825493" sectionIndex="0" pointIndex="38" originalElevation="955.0" isOriginalElevationFromOSM="false" isAnchor="false"><ele>960.8</ele></trkpt>
<trkpt lat="37.207621" lon="128.825498" sectionIndex="0" pointIndex="39" originalElevation="955.0" isOriginalElevationFromOSM="false" isAnchor="false"><ele>960.0</ele></trkpt>
<trkpt lat="37.207621" lon="128.825498" sectionIndex="0" pointIndex="40" originalElevation="955.0" isOriginalElevationFromOSM="false" isAnchor="false"><ele>959.2</ele></trkpt>
<trkpt lat="37.207666" lon="128.825492" sectionIndex="0" pointIndex="41" originalElevation="955.0" isOriginalElevationFromOSM="false" isAnchor="false"><ele>958.5</ele></trkpt>
<trkpt lat="37.207711" lon="128.825487" sectionIndex="0" pointIndex="42" originalElevation="955.0" isOriginalElevationFromOSM="false" isAnchor="false"><ele>957.9</ele></trkpt>
<trkpt lat="37.207756" lon="128.825482" sectionIndex="0" pointIndex="43" originalElevation="955.0" isOriginalElevationFromOSM="false" isAnchor="false"><ele>957.3</ele></trkpt>
<trkpt lat="37.207800" lon="128.825477" sectionIndex="0" pointIndex="44" originalElevation="955.0" isOriginalElevationFromOSM="false" isAnchor="false"><ele>956.8</ele></trkpt>
<trkpt lat="37.207845" lon="128.825472" sectionIndex="0" pointIndex="45" originalElevation="955.0" isOriginalElevationFromOSM="false" isAnchor="false"><ele>956.4</ele></trkpt>
<trkpt lat="37.207890" lon="128.825467" sectionIndex="0" pointIndex="46" originalElevation="955.0" isOriginalElevationFromOSM="false" isAnchor="false"><ele>956.0</ele></trkpt>
<trkpt lat="37.207935" lon="128.825462" sectionIndex="0" pointIndex="47" originalElevation="955.0" isOriginalElevationFromOSM="false" isAnchor="false"><ele>955.7</ele></trkpt>
<trkpt lat="37.207979" lon="128.825457" sectionIndex="0" pointIndex="48" originalElevation="955.0" isOriginalElevationFromOSM="false" isAnchor="false"><ele>955.5</ele></trkpt>
<trkpt lat="37.208004" lon="128.825455" sectionIndex="0" pointIndex="49" originalElevation="955.0" isOriginalElevationFromOSM="false" isAnchor="false"><ele>955.3</ele></trkpt>
<trkpt lat="37.208004" lon="128.825455" sectionIndex="0" pointIndex="50" originalElevation="955.0" isOriginalElevationFromOSM="false" isAnchor="false"><ele>955.1</ele></trkpt>
<trkpt lat="37.208041" lon="128.825424" sectionIndex="0" pointIndex="51" originalElevation="955.0" isOriginalElevationFromOSM="false" isAnchor="false"><ele>955.0</ele></trkpt>
<trkpt lat="37.208079" lon="128.825393" sectionIndex="0" pointIndex="52" originalElevation="955.0" isOriginalElevationFromOSM="false" isAnchor="false"><ele>955.0</ele></trkpt>
<trkpt lat="37.208116" lon="128.825362" sectionIndex="0" pointIndex="53" originalElevation="955.0" isOriginalElevationFromOSM="false" isAnchor="false"><ele>955.1</ele></trkpt>
<trkpt lat="37.208154" lon="128.825331" sectionIndex="0" pointIndex="54" originalElevation="955.0" isOriginalElevationFromOSM="false" isAnchor="false"><ele>955.1</ele></trkpt>
<trkpt lat="37.208192" lon="128.825300" sectionIndex="0" pointIndex="55" originalElevation="955.0" isOriginalElevationFromOSM="false" isAnchor="false"><ele>955.1</ele></trkpt>
<trkpt lat="37.208229" lon="128.825269" sectionIndex="0" pointIndex="56" originalElevation="955.0" isOriginalElevationFromOSM="false" isAnchor="false"><ele>955.1</ele></trkpt>
<trkpt lat="37.208267" lon="128.825238" sectionIndex="0" pointIndex="57" originalElevation="955.0" isOriginalElevationFromOSM="false" isAnchor="false"><ele>955.2</ele></trkpt>
<trkpt lat="37.208277" lon="128.825229" sectionIndex="0" pointIndex="58" originalElevation="955.0" isOriginalElevationFromOSM="false" isAnchor="false"><ele>955.2</ele></trkpt>
<trkpt lat="37.208277" lon="128.825229" sectionIndex="0" pointIndex="59" originalElevation="955.0" isOriginalElevationFromOSM="false" isAnchor="false"><ele>955.3</ele></trkpt>
<trkpt lat="37.208257" lon="128.825179" sectionIndex="0" pointIndex="60" originalElevation="955.0" isOriginalElevationFromOSM="false" isAnchor="false"><ele>955.3</ele></trkpt>
<trkpt lat="37.208236" lon="128.825129" sectionIndex="0" pointIndex="61" originalElevation="955.0" isOriginalElevationFromOSM="false" isAnchor="false"><ele>955.4</ele></trkpt>
<trkpt lat="37.208216" lon="128.825078" sectionIndex="0" pointIndex="62" originalElevation="955.0" isOriginalElevationFromOSM="false" isAnchor="false"><ele>955.4</ele></trkpt>
<trkpt lat="37.208196" lon="128.825028" sectionIndex="0" pointIndex="63" originalElevation="955.0" isOriginalElevationFromOSM="false" isAnchor="false"><ele>955.5</ele></trkpt>
<trkpt lat="37.208175" lon="128.824977" sectionIndex="0" pointIndex="64" originalElevation="956.0" isOriginalElevationFromOSM="false" isAnchor="false"><ele>955.5</ele></trkpt>
<trkpt lat="37.208155" lon="128.824927" sectionIndex="0" pointIndex="65" originalElevation="956.0" isOriginalElevationFromOSM="false" isAnchor="false"><ele>955.6</ele></trkpt>
<trkpt lat="37.208135" lon="128.824877" sectionIndex="0" pointIndex="66" originalElevation="956.0" isOriginalElevationFromOSM="false" isAnchor="false"><ele>955.6</ele></trkpt>
<trkpt lat="37.208115" lon="128.824826" sectionIndex="0" pointIndex="67" originalElevation="956.0" isOriginalElevationFromOSM="false" isAnchor="false"><ele>955.5</ele></trkpt>
<trkpt lat="37.208094" lon="128.824776" sectionIndex="0" pointIndex="68" originalElevation="956.0" isOriginalElevationFromOSM="false" isAnchor="false"><ele>955.4</ele></trkpt>
<trkpt lat="37.208074" lon="128.824726" sectionIndex="0" pointIndex="69" originalElevation="956.0" isOriginalElevationFromOSM="false" isAnchor="false"><ele>955.3</ele></trkpt>
<trkpt lat="37.208054" lon="128.824675" sectionIndex="0" pointIndex="70" originalElevation="956.0" isOriginalElevationFromOSM="false" isAnchor="false"><ele>955.1</ele></trkpt>
<trkpt lat="37.208033" lon="128.824625" sectionIndex="0" pointIndex="71" originalElevation="956.0" isOriginalElevationFromOSM="false" isAnchor="false"><ele>954.9</ele></trkpt>
<trkpt lat="37.208013" lon="128.824574" sectionIndex="0" pointIndex="72" originalElevation="956.0" isOriginalElevationFromOSM="false" isAnchor="false"><ele>954.6</ele></trkpt>
<trkpt lat="37.207993" lon="128.824524" sectionIndex="0" pointIndex="73" originalElevation="956.0" isOriginalElevationFromOSM="false" isAnchor="false"><ele>954.3</ele></trkpt>
<trkpt lat="37.207972" lon="128.824474" sectionIndex="0" pointIndex="74" originalElevation="956.0" isOriginalElevationFromOSM="false" isAnchor="false"><ele>954.0</ele></trkpt>
<trkpt lat="37.207952" lon="128.824423" sectionIndex="0" pointIndex="75" originalElevation="956.0" isOriginalElevationFromOSM="false" isAnchor="false"><ele>953.5</ele></trkpt>
<trkpt lat="37.207932" lon="128.824373" sectionIndex="0" pointIndex="76" originalElevation="956.0" isOriginalElevationFromOSM="false" isAnchor="false"><ele>953.1</ele></trkpt>
<trkpt lat="37.207916" lon="128.824334" sectionIndex="0" pointIndex="77" originalElevation="956.0" isOriginalElevationFromOSM="false" isAnchor="false"><ele>952.5</ele></trkpt>
<trkpt lat="37.207916" lon="128.824334" sectionIndex="0" pointIndex="78" originalElevation="956.0" isOriginalElevationFromOSM="false" isAnchor="false"><ele>952.0</ele></trkpt>
<trkpt lat="37.207912" lon="128.824278" sectionIndex="0" pointIndex="79" originalElevation="956.0" isOriginalElevationFromOSM="false" isAnchor="false"><ele>951.4</ele></trkpt>
<trkpt lat="37.207909" lon="128.824221" sectionIndex="0" pointIndex="80" originalElevation="956.0" isOriginalElevationFromOSM="false" isAnchor="false"><ele>950.8</ele></trkpt>
<trkpt lat="37.207905" lon="128.824165" sectionIndex="0" pointIndex="81" originalElevation="945.0" isOriginalElevationFromOSM="false" isAnchor="false"><ele>950.2</ele></trkpt>
<trkpt lat="37.207902" lon="128.824109" sectionIndex="0" pointIndex="82" originalElevation="945.0" isOriginalElevationFromOSM="false" isAnchor="false"><ele>949.6</ele></trkpt>
<trkpt lat="37.207898" lon="128.824053" sectionIndex="0" pointIndex="83" originalElevation="945.0" isOriginalElevationFromOSM="false" isAnchor="false"><ele>949.0</ele></trkpt>
<trkpt lat="37.207895" lon="128.823996" sectionIndex="0" pointIndex="84" originalElevation="945.0" isOriginalElevationFromOSM="false" isAnchor="false"><ele>948.4</ele></trkpt>
<trkpt lat="37.207891" lon="128.823940" sectionIndex="0" pointIndex="85" originalElevation="945.0" isOriginalElevationFromOSM="false" isAnchor="false"><ele>947.9</ele></trkpt>
<trkpt lat="37.207888" lon="128.823884" sectionIndex="0" pointIndex="86" originalElevation="945.0" isOriginalElevationFromOSM="false" isAnchor="false"><ele>947.4</ele></trkpt>
<trkpt lat="37.207884" lon="128.823827" sectionIndex="0" pointIndex="87" originalElevation="945.0" isOriginalElevationFromOSM="false" isAnchor="false"><ele>947.0</ele></trkpt>
<trkpt lat="37.207881" lon="128.823771" sectionIndex="0" pointIndex="88" originalElevation="945.0" isOriginalElevationFromOSM="false" isAnchor="false"><ele>946.6</ele></trkpt>
<trkpt lat="37.207877" lon="128.823715" sectionIndex="0" pointIndex="89" originalElevation="945.0" isOriginalElevationFromOSM="false" isAnchor="false"><ele>946.2</ele></trkpt>
<trkpt lat="37.207873" lon="128.823659" sectionIndex="0" pointIndex="90" originalElevation="945.0" isOriginalElevationFromOSM="false" isAnchor="false"><ele>945.7</ele></trkpt>
<trkpt lat="37.207870" lon="128.823602" sectionIndex="0" pointIndex="91" originalElevation="945.0" isOriginalElevationFromOSM="false" isAnchor="false"><ele>945.3</ele></trkpt>
<trkpt lat="37.207866" lon="128.823546" sectionIndex="0" pointIndex="92" originalElevation="945.0" isOriginalElevationFromOSM="false" isAnchor="false"><ele>944.9</ele></trkpt>
<trkpt lat="37.207863" lon="128.823490" sectionIndex="0" pointIndex="93" originalElevation="945.0" isOriginalElevationFromOSM="false" isAnchor="false"><ele>944.5</ele></trkpt>
<trkpt lat="37.207863" lon="128.823486" sectionIndex="0" pointIndex="94" originalElevation="945.0" isOriginalElevationFromOSM="false" isAnchor="false"><ele>944.1</ele></trkpt>
<trkpt lat="37.207863" lon="128.823486" sectionIndex="0" pointIndex="95" originalElevation="945.0" isOriginalElevationFromOSM="false" isAnchor="false"><ele>943.6</ele></trkpt>
<trkpt lat="37.207820" lon="128.823468" sectionIndex="0" pointIndex="96" originalElevation="945.0" isOriginalElevationFromOSM="false" isAnchor="false"><ele>943.1</ele></trkpt>
<trkpt lat="37.207778" lon="128.823449" sectionIndex="0" pointIndex="97" originalElevation="945.0" isOriginalElevationFromOSM="false" isAnchor="false"><ele>942.7</ele></trkpt>
<trkpt lat="37.207735" lon="128.823430" sectionIndex="0" pointIndex="98" originalElevation="945.0" isOriginalElevationFromOSM="false" isAnchor="false"><ele>942.1</ele></trkpt>
<trkpt lat="37.207693" lon="128.823412" sectionIndex="0" pointIndex="99" originalElevation="945.0" isOriginalElevationFromOSM="false" isAnchor="false"><ele>941.7</ele></trkpt>
<trkpt lat="37.207650" lon="128.823393" sectionIndex="0" pointIndex="100" originalElevation="945.0" isOriginalElevationFromOSM="false" isAnchor="false"><ele>941.3</ele></trkpt>
<trkpt lat="37.207608" lon="128.823374" sectionIndex="0" pointIndex="101" originalElevation="945.0" isOriginalElevationFromOSM="false" isAnchor="false"><ele>940.8</ele></trkpt>
<trkpt lat="37.207566" lon="128.823356" sectionIndex="0" pointIndex="102" originalElevation="945.0" isOriginalElevationFromOSM="false" isAnchor="false"><ele>940.4</ele></trkpt>
<trkpt lat="37.207523" lon="128.823337" sectionIndex="0" pointIndex="103" originalElevation="945.0" isOriginalElevationFromOSM="false" isAnchor="false"><ele>940.2</ele></trkpt>
<trkpt lat="37.207481" lon="128.823318" sectionIndex="0" pointIndex="104" originalElevation="932.0" isOriginalElevationFromOSM="false" isAnchor="false"><ele>940.0</ele></trkpt>
<trkpt lat="37.207438" lon="128.823299" sectionIndex="0" pointIndex="105" originalElevation="932.0" isOriginalElevationFromOSM="false" isAnchor="false"><ele>940.0</ele></trkpt>
<trkpt lat="37.207396" lon="128.823281" sectionIndex="0" pointIndex="106" originalElevation="932.0" isOriginalElevationFromOSM="false" isAnchor="false"><ele>940.1</ele></trkpt>
<trkpt lat="37.207353" lon="128.823262" sectionIndex="0" pointIndex="107" originalElevation="932.0" isOriginalElevationFromOSM="false" isAnchor="false"><ele>940.6</ele></trkpt>
<trkpt lat="37.207311" lon="128.823243" sectionIndex="0" pointIndex="108" originalElevation="932.0" isOriginalElevationFromOSM="false" isAnchor="false"><ele>941.3</ele></trkpt>
<trkpt lat="37.207269" lon="128.823225" sectionIndex="0" pointIndex="109" originalElevation="932.0" isOriginalElevationFromOSM="false" isAnchor="false"><ele>942.3</ele></trkpt>
<trkpt lat="37.207226" lon="128.823206" sectionIndex="0" pointIndex="110" originalElevation="932.0" isOriginalElevationFromOSM="false" isAnchor="false"><ele>943.6</ele></trkpt>
<trkpt lat="37.207184" lon="128.823187" sectionIndex="0" pointIndex="111" originalElevation="932.0" isOriginalElevationFromOSM="false" isAnchor="false"><ele>945.2</ele></trkpt>
<trkpt lat="37.207141" lon="128.823169" sectionIndex="0" pointIndex="112" originalElevation="932.0" isOriginalElevationFromOSM="false" isAnchor="false"><ele>947.0</ele></trkpt>
<trkpt lat="37.207126" lon="128.823162" sectionIndex="0" pointIndex="113" originalElevation="932.0" isOriginalElevationFromOSM="false" isAnchor="false"><ele>949.1</ele></trkpt>
<trkpt lat="37.207140" lon="128.823150" sectionIndex="0" pointIndex="114" originalElevation="951.0" isOriginalElevationFromOSM="false" isAnchor="false"><ele>951.4</ele></trkpt>
<trkpt lat="37.207080" lon="128.823070" sectionIndex="0" pointIndex="115" originalElevation="951.0" isOriginalElevationFromOSM="false" isAnchor="false"><ele>953.9</ele></trkpt>
<trkpt lat="37.207010" lon="128.823100" sectionIndex="0" pointIndex="116" originalElevation="951.0" isOriginalElevationFromOSM="false" isAnchor="false"><ele>956.8</ele></trkpt>
<trkpt lat="37.206510" lon="128.823190" sectionIndex="0" pointIndex="117" originalElevation="951.0" isOriginalElevationFromOSM="false" isAnchor="false"><ele>959.9</ele></trkpt>
<trkpt lat="37.206270" lon="128.823270" sectionIndex="0" pointIndex="118" originalElevation="965.0" isOriginalElevationFromOSM="false" isAnchor="false"><ele>963.2</ele></trkpt>
<trkpt lat="37.206060" lon="128.823250" sectionIndex="0" pointIndex="119" originalElevation="965.0" isOriginalElevationFromOSM="false" isAnchor="false"><ele>966.6</ele></trkpt>
<trkpt lat="37.205840" lon="128.823430" sectionIndex="0" pointIndex="120" originalElevation="965.0" isOriginalElevationFromOSM="false" isAnchor="false"><ele>970.1</ele></trkpt>
<trkpt lat="37.205670" lon="128.823470" sectionIndex="0" pointIndex="121" originalElevation="965.0" isOriginalElevationFromOSM="false" isAnchor="false"><ele>973.7</ele></trkpt>
<trkpt lat="37.205610" lon="128.823450" sectionIndex="0" pointIndex="122" originalElevation="994.0" isOriginalElevationFromOSM="false" isAnchor="false"><ele>977.3</ele></trkpt>
<trkpt lat="37.205540" lon="128.823390" sectionIndex="0" pointIndex="123" originalElevation="994.0" isOriginalElevationFromOSM="false" isAnchor="false"><ele>980.9</ele></trkpt>
<trkpt lat="37.205540" lon="128.823390" sectionIndex="0" pointIndex="124" originalElevation="994.0" isOriginalElevationFromOSM="false" isAnchor="false"><ele>984.4</ele></trkpt>
<trkpt lat="37.205440" lon="128.823260" sectionIndex="0" pointIndex="125" originalElevation="994.0" isOriginalElevationFromOSM="false" isAnchor="false"><ele>987.8</ele></trkpt>
<trkpt lat="37.205310" lon="128.822970" sectionIndex="0" pointIndex="126" originalElevation="994.0" isOriginalElevationFromOSM="false" isAnchor="false"><ele>991.3</ele></trkpt>
<trkpt lat="37.205270" lon="128.822710" sectionIndex="0" pointIndex="127" originalElevation="994.0" isOriginalElevationFromOSM="false" isAnchor="false"><ele>994.7</ele></trkpt>
<trkpt lat="37.205280" lon="128.822640" sectionIndex="0" pointIndex="128" originalElevation="991.0" isOriginalElevationFromOSM="false" isAnchor="false"><ele>998.1</ele></trkpt>
<trkpt lat="37.205270" lon="128.822510" sectionIndex="0" pointIndex="129" originalElevation="991.0" isOriginalElevationFromOSM="false" isAnchor="false"><ele>1001.4</ele></trkpt>
<trkpt lat="37.205120" lon="128.822490" sectionIndex="0" pointIndex="130" originalElevation="991.0" isOriginalElevationFromOSM="false" isAnchor="false"><ele>1004.5</ele></trkpt>
<trkpt lat="37.204810" lon="128.822650" sectionIndex="0" pointIndex="131" originalElevation="1022.0" isOriginalElevationFromOSM="false" isAnchor="false"><ele>1007.5</ele></trkpt>
<trkpt lat="37.204760" lon="128.822590" sectionIndex="0" pointIndex="132" originalElevation="1022.0" isOriginalElevationFromOSM="false" isAnchor="false"><ele>1010.5</ele></trkpt>
<trkpt lat="37.204820" lon="128.822410" sectionIndex="0" pointIndex="133" originalElevation="1022.0" isOriginalElevationFromOSM="false" isAnchor="false"><ele>1013.4</ele></trkpt>
<trkpt lat="37.204750" lon="128.822440" sectionIndex="0" pointIndex="134" originalElevation="1022.0" isOriginalElevationFromOSM="false" isAnchor="false"><ele>1016.2</ele></trkpt>
<trkpt lat="37.204650" lon="128.822490" sectionIndex="0" pointIndex="135" originalElevation="1022.0" isOriginalElevationFromOSM="false" isAnchor="false"><ele>1018.8</ele></trkpt>
<trkpt lat="37.204680" lon="128.822250" sectionIndex="0" pointIndex="136" originalElevation="1022.0" isOriginalElevationFromOSM="false" isAnchor="false"><ele>1021.4</ele></trkpt>
<trkpt lat="37.204650" lon="128.822160" sectionIndex="0" pointIndex="137" originalElevation="1022.0" isOriginalElevationFromOSM="false" isAnchor="false"><ele>1024.0</ele></trkpt>
<trkpt lat="37.204470" lon="128.822080" sectionIndex="0" pointIndex="138" originalElevation="1022.0" isOriginalElevationFromOSM="false" isAnchor="false"><ele>1026.2</ele></trkpt>
<trkpt lat="37.204280" lon="128.822140" sectionIndex="0" pointIndex="139" originalElevation="1022.0" isOriginalElevationFromOSM="false" isAnchor="false"><ele>1028.3</ele></trkpt>
<trkpt lat="37.204120" lon="128.822170" sectionIndex="0" pointIndex="140" originalElevation="1022.0" isOriginalElevationFromOSM="false" isAnchor="false"><ele>1030.4</ele></trkpt>
<trkpt lat="37.203930" lon="128.822080" sectionIndex="0" pointIndex="141" originalElevation="1045.0" isOriginalElevationFromOSM="false" isAnchor="false"><ele>1032.4</ele></trkpt>
<trkpt lat="37.203740" lon="128.822100" sectionIndex="0" pointIndex="142" originalElevation="1045.0" isOriginalElevationFromOSM="false" isAnchor="false"><ele>1034.2</ele></trkpt>
<trkpt lat="37.203670" lon="128.822080" sectionIndex="0" pointIndex="143" originalElevation="1045.0" isOriginalElevationFromOSM="false" isAnchor="false"><ele>1035.9</ele></trkpt>
<trkpt lat="37.203570" lon="128.822030" sectionIndex="0" pointIndex="144" originalElevation="1045.0" isOriginalElevationFromOSM="false" isAnchor="false"><ele>1037.4</ele></trkpt>
<trkpt lat="37.203480" lon="128.821950" sectionIndex="0" pointIndex="145" originalElevation="1045.0" isOriginalElevationFromOSM="false" isAnchor="false"><ele>1038.8</ele></trkpt>
<trkpt lat="37.203390" lon="128.821960" sectionIndex="0" pointIndex="146" originalElevation="1045.0" isOriginalElevationFromOSM="false" isAnchor="false"><ele>1040.2</ele></trkpt>
<trkpt lat="37.203280" lon="128.821980" sectionIndex="0" pointIndex="147" originalElevation="1045.0" isOriginalElevationFromOSM="false" isAnchor="false"><ele>1041.2</ele></trkpt>
<trkpt lat="37.203170" lon="128.821850" sectionIndex="0" pointIndex="148" originalElevation="1045.0" isOriginalElevationFromOSM="false" isAnchor="false"><ele>1042.2</ele></trkpt>
<trkpt lat="37.203120" lon="128.821690" sectionIndex="0" pointIndex="149" originalElevation="1047.0" isOriginalElevationFromOSM="false" isAnchor="false"><ele>1043.2</ele></trkpt>
<trkpt lat="37.203050" lon="128.821590" sectionIndex="0" pointIndex="150" originalElevation="1047.0" isOriginalElevationFromOSM="false" isAnchor="false"><ele>1044.0</ele></trkpt>
<trkpt lat="37.202980" lon="128.821460" sectionIndex="0" pointIndex="151" originalElevation="1047.0" isOriginalElevationFromOSM="false" isAnchor="false"><ele>1044.8</ele></trkpt>
<trkpt lat="37.202950" lon="128.821300" sectionIndex="0" pointIndex="152" originalElevation="1047.0" isOriginalElevationFromOSM="false" isAnchor="false"><ele>1045.8</ele></trkpt>
<trkpt lat="37.203000" lon="128.820890" sectionIndex="0" pointIndex="153" originalElevation="1044.0" isOriginalElevationFromOSM="false" isAnchor="false"><ele>1046.7</ele></trkpt>
<trkpt lat="37.203050" lon="128.820810" sectionIndex="0" pointIndex="154" originalElevation="1044.0" isOriginalElevationFromOSM="false" isAnchor="false"><ele>1047.6</ele></trkpt>
<trkpt lat="37.203050" lon="128.820710" sectionIndex="0" pointIndex="155" originalElevation="1044.0" isOriginalElevationFromOSM="false" isAnchor="false"><ele>1048.6</ele></trkpt>
<trkpt lat="37.202900" lon="128.820510" sectionIndex="0" pointIndex="156" originalElevation="1044.0" isOriginalElevationFromOSM="false" isAnchor="false"><ele>1049.6</ele></trkpt>
<trkpt lat="37.202820" lon="128.820420" sectionIndex="0" pointIndex="157" originalElevation="1044.0" isOriginalElevationFromOSM="false" isAnchor="false"><ele>1050.5</ele></trkpt>
<trkpt lat="37.202820" lon="128.820420" sectionIndex="0" pointIndex="158" originalElevation="1044.0" isOriginalElevationFromOSM="false" isAnchor="false"><ele>1051.4</ele></trkpt>
<trkpt lat="37.202450" lon="128.820030" sectionIndex="0" pointIndex="159" originalElevation="1041.0" isOriginalElevationFromOSM="false" isAnchor="false"><ele>1052.3</ele></trkpt>
<trkpt lat="37.202330" lon="128.819860" sectionIndex="0" pointIndex="160" originalElevation="1041.0" isOriginalElevationFromOSM="false" isAnchor="false"><ele>1053.2</ele></trkpt>
<trkpt lat="37.202220" lon="128.819650" sectionIndex="0" pointIndex="161" originalElevation="1062.0" isOriginalElevationFromOSM="false" isAnchor="false"><ele>1054.1</ele></trkpt>
<trkpt lat="37.202210" lon="128.819460" sectionIndex="0" pointIndex="162" originalElevation="1062.0" isOriginalElevationFromOSM="false" isAnchor="false"><ele>1055.0</ele></trkpt>
<trkpt lat="37.202210" lon="128.819150" sectionIndex="0" pointIndex="163" originalElevation="1060.0" isOriginalElevationFromOSM="false" isAnchor="false"><ele>1055.8</ele></trkpt>
<trkpt lat="37.202080" lon="128.818960" sectionIndex="0" pointIndex="164" originalElevation="1060.0" isOriginalElevationFromOSM="false" isAnchor="false"><ele>1056.4</ele></trkpt>
<trkpt lat="37.201820" lon="128.818840" sectionIndex="0" pointIndex="165" originalElevation="1060.0" isOriginalElevationFromOSM="false" isAnchor="false"><ele>1057.0</ele></trkpt>
<trkpt lat="37.201560" lon="128.818670" sectionIndex="0" pointIndex="166" originalElevation="1060.0" isOriginalElevationFromOSM="false" isAnchor="false"><ele>1057.4</ele></trkpt>
<trkpt lat="37.201410" lon="128.818490" sectionIndex="0" pointIndex="167" originalElevation="1077.0" isOriginalElevationFromOSM="false" isAnchor="false"><ele>1057.9</ele></trkpt>
<trkpt lat="37.201380" lon="128.818200" sectionIndex="0" pointIndex="168" originalElevation="1072.0" isOriginalElevationFromOSM="false" isAnchor="false"><ele>1058.4</ele></trkpt>
<trkpt lat="37.201420" lon="128.818030" sectionIndex="0" pointIndex="169" originalElevation="1072.0" isOriginalElevationFromOSM="false" isAnchor="false"><ele>1058.7</ele></trkpt>
<trkpt lat="37.201390" lon="128.817790" sectionIndex="0" pointIndex="170" originalElevation="1072.0" isOriginalElevationFromOSM="false" isAnchor="false"><ele>1058.9</ele></trkpt>
<trkpt lat="37.201340" lon="128.817300" sectionIndex="0" pointIndex="171" originalElevation="1068.0" isOriginalElevationFromOSM="false" isAnchor="false"><ele>1059.0</ele></trkpt>
<trkpt lat="37.201290" lon="128.817160" sectionIndex="0" pointIndex="172" originalElevation="1068.0" isOriginalElevationFromOSM="false" isAnchor="false"><ele>1059.0</ele></trkpt>
<trkpt lat="37.200990" lon="128.816740" sectionIndex="0" pointIndex="173" originalElevation="1045.0" isOriginalElevationFromOSM="false" isAnchor="false"><ele>1059.0</ele></trkpt>
<trkpt lat="37.200900" lon="128.816470" sectionIndex="0" pointIndex="174" originalElevation="1045.0" isOriginalElevationFromOSM="false" isAnchor="false"><ele>1059.1</ele></trkpt>
<trkpt lat="37.200730" lon="128.816410" sectionIndex="0" pointIndex="175" originalElevation="1045.0" isOriginalElevationFromOSM="false" isAnchor="false"><ele>1059.3</ele></trkpt>
<trkpt lat="37.200570" lon="128.816490" sectionIndex="0" pointIndex="176" originalElevation="1047.0" isOriginalElevationFromOSM="false" isAnchor="false"><ele>1059.7</ele></trkpt>
<trkpt lat="37.200450" lon="128.816600" sectionIndex="0" pointIndex="177" originalElevation="1047.0" isOriginalElevationFromOSM="false" isAnchor="false"><ele>1060.1</ele></trkpt>
<trkpt lat="37.200280" lon="128.816680" sectionIndex="0" pointIndex="178" originalElevation="1047.0" isOriginalElevationFromOSM="false" isAnchor="false"><ele>1060.6</ele></trkpt>
<trkpt lat="37.200050" lon="128.816670" sectionIndex="0" pointIndex="179" originalElevation="1047.0" isOriginalElevationFromOSM="false" isAnchor="false"><ele>1061.3</ele></trkpt>
<trkpt lat="37.199950" lon="128.816580" sectionIndex="0" pointIndex="180" originalElevation="1047.0" isOriginalElevationFromOSM="false" isAnchor="false"><ele>1062.2</ele></trkpt>
<trkpt lat="37.199660" lon="128.816770" sectionIndex="0" pointIndex="181" originalElevation="1050.0" isOriginalElevationFromOSM="false" isAnchor="false"><ele>1063.4</ele></trkpt>
<trkpt lat="37.199550" lon="128.816890" sectionIndex="0" pointIndex="182" originalElevation="1085.0" isOriginalElevationFromOSM="false" isAnchor="false"><ele>1064.5</ele></trkpt>
<trkpt lat="37.199260" lon="128.816960" sectionIndex="0" pointIndex="183" originalElevation="1085.0" isOriginalElevationFromOSM="false" isAnchor="false"><ele>1065.7</ele></trkpt>
<trkpt lat="37.199020" lon="128.816950" sectionIndex="0" pointIndex="184" originalElevation="1085.0" isOriginalElevationFromOSM="false" isAnchor="false"><ele>1066.9</ele></trkpt>
<trkpt lat="37.198750" lon="128.816660" sectionIndex="0" pointIndex="185" originalElevation="1063.0" isOriginalElevationFromOSM="false" isAnchor="false"><ele>1068.2</ele></trkpt>
<trkpt lat="37.198600" lon="128.816700" sectionIndex="0" pointIndex="186" originalElevation="1063.0" isOriginalElevationFromOSM="false" isAnchor="false"><ele>1069.6</ele></trkpt>
<trkpt lat="37.198350" lon="128.816730" sectionIndex="0" pointIndex="187" originalElevation="1063.0" isOriginalElevationFromOSM="false" isAnchor="false"><ele>1071.0</ele></trkpt>
<trkpt lat="37.198350" lon="128.816730" sectionIndex="0" pointIndex="188" originalElevation="1063.0" isOriginalElevationFromOSM="false" isAnchor="false"><ele>1072.3</ele></trkpt>
<trkpt lat="37.198230" lon="128.816740" sectionIndex="0" pointIndex="189" originalElevation="1063.0" isOriginalElevationFromOSM="false" isAnchor="false"><ele>1073.7</ele></trkpt>
<trkpt lat="37.197890" lon="128.816630" sectionIndex="0" pointIndex="190" originalElevation="1088.0" isOriginalElevationFromOSM="false" isAnchor="false"><ele>1075.1</ele></trkpt>
<trkpt lat="37.197600" lon="128.816320" sectionIndex="0" pointIndex="191" originalElevation="1088.0" isOriginalElevationFromOSM="false" isAnchor="false"><ele>1076.1</ele></trkpt>
<trkpt lat="37.197510" lon="128.815960" sectionIndex="0" pointIndex="192" originalElevation="1081.0" isOriginalElevationFromOSM="false" isAnchor="false"><ele>1076.7</ele></trkpt>
<trkpt lat="37.197520" lon="128.815490" sectionIndex="0" pointIndex="193" originalElevation="1081.0" isOriginalElevationFromOSM="false" isAnchor="false"><ele>1077.1</ele></trkpt>
<trkpt lat="37.197470" lon="128.815070" sectionIndex="0" pointIndex="194" originalElevation="1092.0" isOriginalElevationFromOSM="false" isAnchor="false"><ele>1077.2</ele></trkpt>
<trkpt lat="37.197690" lon="128.814620" sectionIndex="0" pointIndex="195" originalElevation="1092.0" isOriginalElevationFromOSM="false" isAnchor="false"><ele>1077.1</ele></trkpt>
<trkpt lat="37.197920" lon="128.814180" sectionIndex="0" pointIndex="196" originalElevation="1104.0" isOriginalElevationFromOSM="false" isAnchor="false"><ele>1077.0</ele></trkpt>
<trkpt lat="37.198230" lon="128.814010" sectionIndex="0" pointIndex="197" originalElevation="1075.0" isOriginalElevationFromOSM="false" isAnchor="false"><ele>1076.6</ele></trkpt>
<trkpt lat="37.198260" lon="128.814310" sectionIndex="0" pointIndex="198" originalElevation="1075.0" isOriginalElevationFromOSM="false" isAnchor="false"><ele>1075.7</ele></trkpt>
<trkpt lat="37.198390" lon="128.814210" sectionIndex="0" pointIndex="199" originalElevation="1075.0" isOriginalElevationFromOSM="false" isAnchor="false"><ele>1074.6</ele></trkpt>
<trkpt lat="37.198460" lon="128.814040" sectionIndex="0" pointIndex="200" originalElevation="1075.0" isOriginalElevationFromOSM="false" isAnchor="false"><ele>1073.5</ele></trkpt>
<trkpt lat="37.198720" lon="128.813720" sectionIndex="0" pointIndex="201" originalElevation="1075.0" isOriginalElevationFromOSM="false" isAnchor="false"><ele>1072.4</ele></trkpt>
<trkpt lat="37.198860" lon="128.813450" sectionIndex="0" pointIndex="202" originalElevation="1082.0" isOriginalElevationFromOSM="false" isAnchor="false"><ele>1071.3</ele></trkpt>
<trkpt lat="37.198950" lon="128.813310" sectionIndex="0" pointIndex="203" originalElevation="1082.0" isOriginalElevationFromOSM="false" isAnchor="false"><ele>1070.1</ele></trkpt>
<trkpt lat="37.199000" lon="128.813200" sectionIndex="0" pointIndex="204" originalElevation="1082.0" isOriginalElevationFromOSM="false" isAnchor="false"><ele>1069.0</ele></trkpt>
<trkpt lat="37.198920" lon="128.812660" sectionIndex="0" pointIndex="205" originalElevation="1082.0" isOriginalElevationFromOSM="false" isAnchor="false"><ele>1067.9</ele></trkpt>
<trkpt lat="37.198540" lon="128.811870" sectionIndex="0" pointIndex="206" originalElevation="1063.0" isOriginalElevationFromOSM="false" isAnchor="false"><ele>1066.9</ele></trkpt>
<trkpt lat="37.198400" lon="128.811610" sectionIndex="0" pointIndex="207" originalElevation="1028.0" isOriginalElevationFromOSM="false" isAnchor="false"><ele>1066.0</ele></trkpt>
<trkpt lat="37.198100" lon="128.811600" sectionIndex="0" pointIndex="208" originalElevation="1034.0" isOriginalElevationFromOSM="false" isAnchor="false"><ele>1065.3</ele></trkpt>
<trkpt lat="37.197760" lon="128.811710" sectionIndex="0" pointIndex="209" originalElevation="1034.0" isOriginalElevationFromOSM="false" isAnchor="false"><ele>1064.8</ele></trkpt>
<trkpt lat="37.197620" lon="128.811820" sectionIndex="0" pointIndex="210" originalElevation="1034.0" isOriginalElevationFromOSM="false" isAnchor="false"><ele>1064.6</ele></trkpt>
<trkpt lat="37.197320" lon="128.811860" sectionIndex="0" pointIndex="211" originalElevation="1089.0" isOriginalElevationFromOSM="false" isAnchor="false"><ele>1064.6</ele></trkpt>
<trkpt lat="37.197020" lon="128.811700" sectionIndex="0" pointIndex="212" originalElevation="1055.0" isOriginalElevationFromOSM="false" isAnchor="false"><ele>1064.8</ele></trkpt>
<trkpt lat="37.196800" lon="128.811530" sectionIndex="0" pointIndex="213" originalElevation="1055.0" isOriginalElevationFromOSM="false" isAnchor="false"><ele>1065.4</ele></trkpt>
<trkpt lat="37.196720" lon="128.811390" sectionIndex="0" pointIndex="214" originalElevation="1055.0" isOriginalElevationFromOSM="false" isAnchor="false"><ele>1066.2</ele></trkpt>
<trkpt lat="37.196390" lon="128.811530" sectionIndex="0" pointIndex="215" originalElevation="1072.0" isOriginalElevationFromOSM="false" isAnchor="false"><ele>1067.1</ele></trkpt>
<trkpt lat="37.195870" lon="128.811480" sectionIndex="0" pointIndex="216" originalElevation="1072.0" isOriginalElevationFromOSM="false" isAnchor="false"><ele>1068.0</ele></trkpt>
<trkpt lat="37.195740" lon="128.811340" sectionIndex="0" pointIndex="217" originalElevation="1072.0" isOriginalElevationFromOSM="false" isAnchor="false"><ele>1069.0</ele></trkpt>
<trkpt lat="37.195510" lon="128.811250" sectionIndex="0" pointIndex="218" originalElevation="1077.0" isOriginalElevationFromOSM="false" isAnchor="false"><ele>1070.1</ele></trkpt>
<trkpt lat="37.195510" lon="128.811250" sectionIndex="0" pointIndex="219" originalElevation="1077.0" isOriginalElevationFromOSM="false" isAnchor="false"><ele>1071.1</ele></trkpt>
<trkpt lat="37.195290" lon="128.811180" sectionIndex="0" pointIndex="220" originalElevation="1082.0" isOriginalElevationFromOSM="false" isAnchor="false"><ele>1072.1</ele></trkpt>
<trkpt lat="37.195130" lon="128.811200" sectionIndex="0" pointIndex="221" originalElevation="1082.0" isOriginalElevationFromOSM="false" isAnchor="false"><ele>1073.3</ele></trkpt>
<trkpt lat="37.194850" lon="128.811340" sectionIndex="0" pointIndex="222" originalElevation="1082.0" isOriginalElevationFromOSM="false" isAnchor="false"><ele>1074.5</ele></trkpt>
<trkpt lat="37.194680" lon="128.811530" sectionIndex="0" pointIndex="223" originalElevation="1066.0" isOriginalElevationFromOSM="false" isAnchor="false"><ele>1075.9</ele></trkpt>
<trkpt lat="37.194460" lon="128.811660" sectionIndex="0" pointIndex="224" originalElevation="1066.0" isOriginalElevationFromOSM="false" isAnchor="false"><ele>1077.1</ele></trkpt>
<trkpt lat="37.194130" lon="128.811880" sectionIndex="0" pointIndex="225" originalElevation="1093.0" isOriginalElevationFromOSM="false" isAnchor="false"><ele>1078.4</ele></trkpt>
<trkpt lat="37.193890" lon="128.812020" sectionIndex="0" pointIndex="226" originalElevation="1081.0" isOriginalElevationFromOSM="false" isAnchor="false"><ele>1079.5</ele></trkpt>
<trkpt lat="37.193420" lon="128.812140" sectionIndex="0" pointIndex="227" originalElevation="1081.0" isOriginalElevationFromOSM="false" isAnchor="false"><ele>1080.4</ele></trkpt>
<trkpt lat="37.193360" lon="128.812270" sectionIndex="0" pointIndex="228" originalElevation="1081.0" isOriginalElevationFromOSM="false" isAnchor="false"><ele>1081.5</ele></trkpt>
<trkpt lat="37.193270" lon="128.812240" sectionIndex="0" pointIndex="229" originalElevation="1081.0" isOriginalElevationFromOSM="false" isAnchor="false"><ele>1082.6</ele></trkpt>
<trkpt lat="37.193210" lon="128.812200" sectionIndex="0" pointIndex="230" originalElevation="1081.0" isOriginalElevationFromOSM="false" isAnchor="false"><ele>1083.9</ele></trkpt>
<trkpt lat="37.193040" lon="128.812220" sectionIndex="0" pointIndex="231" originalElevation="1074.0" isOriginalElevationFromOSM="false" isAnchor="false"><ele>1085.2</ele></trkpt>
<trkpt lat="37.192550" lon="128.812320" sectionIndex="0" pointIndex="232" originalElevation="1074.0" isOriginalElevationFromOSM="false" isAnchor="false"><ele>1086.7</ele></trkpt>
<trkpt lat="37.192280" lon="128.812240" sectionIndex="0" pointIndex="233" originalElevation="1079.0" isOriginalElevationFromOSM="false" isAnchor="false"><ele>1088.4</ele></trkpt>
<trkpt lat="37.192130" lon="128.812270" sectionIndex="0" pointIndex="234" originalElevation="1079.0" isOriginalElevationFromOSM="false" isAnchor="false"><ele>1090.2</ele></trkpt>
<trkpt lat="37.191990" lon="128.812570" sectionIndex="0" pointIndex="235" originalElevation="1079.0" isOriginalElevationFromOSM="false" isAnchor="false"><ele>1092.1</ele></trkpt>
<trkpt lat="37.191750" lon="128.812720" sectionIndex="0" pointIndex="236" originalElevation="1102.0" isOriginalElevationFromOSM="false" isAnchor="false"><ele>1094.0</ele></trkpt>
<trkpt lat="37.191200" lon="128.812300" sectionIndex="0" pointIndex="237" originalElevation="1103.0" isOriginalElevationFromOSM="false" isAnchor="false"><ele>1096.0</ele></trkpt>
<trkpt lat="37.191090" lon="128.812230" sectionIndex="0" pointIndex="238" originalElevation="1103.0" isOriginalElevationFromOSM="false" isAnchor="false"><ele>1098.0</ele></trkpt>
<trkpt lat="37.191040" lon="128.812150" sectionIndex="0" pointIndex="239" originalElevation="1103.0" isOriginalElevationFromOSM="false" isAnchor="false"><ele>1100.3</ele></trkpt>
<trkpt lat="37.191040" lon="128.812000" sectionIndex="0" pointIndex="240" originalElevation="1103.0" isOriginalElevationFromOSM="false" isAnchor="false"><ele>1102.6</ele></trkpt>
<trkpt lat="37.191150" lon="128.811830" sectionIndex="0" pointIndex="241" originalElevation="1103.0" isOriginalElevationFromOSM="false" isAnchor="false"><ele>1104.7</ele></trkpt>
<trkpt lat="37.191190" lon="128.811670" sectionIndex="0" pointIndex="242" originalElevation="1102.0" isOriginalElevationFromOSM="false" isAnchor="false"><ele>1107.0</ele></trkpt>
<trkpt lat="37.191040" lon="128.811610" sectionIndex="0" pointIndex="243" originalElevation="1102.0" isOriginalElevationFromOSM="false" isAnchor="false"><ele>1109.3</ele></trkpt>
<trkpt lat="37.190790" lon="128.811580" sectionIndex="0" pointIndex="244" originalElevation="1102.0" isOriginalElevationFromOSM="false" isAnchor="false"><ele>1111.5</ele></trkpt>
<trkpt lat="37.190440" lon="128.811740" sectionIndex="0" pointIndex="245" originalElevation="1117.0" isOriginalElevationFromOSM="false" isAnchor="false"><ele>1113.7</ele></trkpt>
<trkpt lat="37.190160" lon="128.811960" sectionIndex="0" pointIndex="246" originalElevation="1117.0" isOriginalElevationFromOSM="false" isAnchor="false"><ele>1115.7</ele></trkpt>
<trkpt lat="37.189720" lon="128.812210" sectionIndex="0" pointIndex="247" originalElevation="1137.0" isOriginalElevationFromOSM="false" isAnchor="false"><ele>1117.8</ele></trkpt>
<trkpt lat="37.189520" lon="128.812130" sectionIndex="0" pointIndex="248" originalElevation="1137.0" isOriginalElevationFromOSM="false" isAnchor="false"><ele>1119.8</ele></trkpt>
<trkpt lat="37.189450" lon="128.811840" sectionIndex="0" pointIndex="249" originalElevation="1137.0" isOriginalElevationFromOSM="false" isAnchor="false"><ele>1121.7</ele></trkpt>
<trkpt lat="37.189650" lon="128.811660" sectionIndex="0" pointIndex="250" originalElevation="1132.0" isOriginalElevationFromOSM="false" isAnchor="false"><ele>1123.4</ele></trkpt>
<trkpt lat="37.189980" lon="128.811490" sectionIndex="0" pointIndex="251" originalElevation="1117.0" isOriginalElevationFromOSM="false" isAnchor="false"><ele>1125.2</ele></trkpt>
<trkpt lat="37.190120" lon="128.811240" sectionIndex="0" pointIndex="252" originalElevation="1117.0" isOriginalElevationFromOSM="false" isAnchor="false"><ele>1126.8</ele></trkpt>
<trkpt lat="37.189950" lon="128.811000" sectionIndex="0" pointIndex="253" originalElevation="1123.0" isOriginalElevationFromOSM="false" isAnchor="false"><ele>1128.4</ele></trkpt>
<trkpt lat="37.189950" lon="128.811000" sectionIndex="0" pointIndex="254" originalElevation="1123.0" isOriginalElevationFromOSM="false" isAnchor="false"><ele>1129.9</ele></trkpt>
<trkpt lat="37.189860" lon="128.810880" sectionIndex="0" pointIndex="255" originalElevation="1129.0" isOriginalElevationFromOSM="false" isAnchor="false"><ele>1131.5</ele></trkpt>
<trkpt lat="37.189500" lon="128.810550" sectionIndex="0" pointIndex="256" originalElevation="1134.0" isOriginalElevationFromOSM="false" isAnchor="false"><ele>1133.1</ele></trkpt>
<trkpt lat="37.189190" lon="128.810340" sectionIndex="0" pointIndex="257" originalElevation="1134.0" isOriginalElevationFromOSM="false" isAnchor="false"><ele>1134.5</ele></trkpt>
<trkpt lat="37.188980" lon="128.810170" sectionIndex="0" pointIndex="258" originalElevation="1145.0" isOriginalElevationFromOSM="false" isAnchor="false"><ele>1136.2</ele></trkpt>
<trkpt lat="37.188946" lon="128.810157" sectionIndex="0" pointIndex="259" originalElevation="1143.2" isOriginalElevationFromOSM="false" isAnchor="false"><ele>1137.9</ele></trkpt>
<trkpt lat="37.188780" lon="128.810090" sectionIndex="0" pointIndex="260" originalElevation="1134.0" isOriginalElevationFromOSM="false" isAnchor="false"><ele>1139.7</ele></trkpt>
<trkpt lat="37.188670" lon="128.810120" sectionIndex="0" pointIndex="261" originalElevation="1134.0" isOriginalElevationFromOSM="false" isAnchor="false"><ele>1141.4</ele></trkpt>
<trkpt lat="37.188240" lon="128.810140" sectionIndex="0" pointIndex="262" originalElevation="1134.0" isOriginalElevationFromOSM="false" isAnchor="false"><ele>1143.2</ele></trkpt>
<trkpt lat="37.188010" lon="128.810180" sectionIndex="0" pointIndex="263" originalElevation="1155.0" isOriginalElevationFromOSM="false" isAnchor="false"><ele>1144.9</ele></trkpt>
<trkpt lat="37.187730" lon="128.810070" sectionIndex="0" pointIndex="264" originalElevation="1136.0" isOriginalElevationFromOSM="false" isAnchor="false"><ele>1146.7</ele></trkpt>
<trkpt lat="37.187590" lon="128.810110" sectionIndex="0" pointIndex="265" originalElevation="1136.0" isOriginalElevationFromOSM="false" isAnchor="false"><ele>1148.5</ele></trkpt>
<trkpt lat="37.187140" lon="128.810450" sectionIndex="0" pointIndex="266" originalElevation="1158.0" isOriginalElevationFromOSM="false" isAnchor="false"><ele>1150.4</ele></trkpt>
<trkpt lat="37.186690" lon="128.810640" sectionIndex="0" pointIndex="267" originalElevation="1158.0" isOriginalElevationFromOSM="false" isAnchor="false"><ele>1152.4</ele></trkpt>
<trkpt lat="37.186520" lon="128.810690" sectionIndex="0" pointIndex="268" originalElevation="1158.0" isOriginalElevationFromOSM="false" isAnchor="false"><ele>1154.3</ele></trkpt>
<trkpt lat="37.185920" lon="128.810700" sectionIndex="0" pointIndex="269" originalElevation="1158.0" isOriginalElevationFromOSM="false" isAnchor="false"><ele>1156.0</ele></trkpt>
<trkpt lat="37.185920" lon="128.810700" sectionIndex="0" pointIndex="270" originalElevation="1158.0" isOriginalElevationFromOSM="false" isAnchor="false"><ele>1157.7</ele></trkpt>
<trkpt lat="37.185740" lon="128.810700" sectionIndex="0" pointIndex="271" originalElevation="1158.0" isOriginalElevationFromOSM="false" isAnchor="false"><ele>1159.2</ele></trkpt>
<trkpt lat="37.185600" lon="128.810740" sectionIndex="0" pointIndex="272" originalElevation="1141.0" isOriginalElevationFromOSM="false" isAnchor="false"><ele>1160.8</ele></trkpt>
<trkpt lat="37.185280" lon="128.811040" sectionIndex="0" pointIndex="273" originalElevation="1177.0" isOriginalElevationFromOSM="false" isAnchor="false"><ele>1162.3</ele></trkpt>
<trkpt lat="37.184910" lon="128.811450" sectionIndex="0" pointIndex="274" originalElevation="1177.0" isOriginalElevationFromOSM="false" isAnchor="false"><ele>1163.7</ele></trkpt>
<trkpt lat="37.184790" lon="128.811550" sectionIndex="0" pointIndex="275" originalElevation="1175.0" isOriginalElevationFromOSM="false" isAnchor="false"><ele>1165.1</ele></trkpt>
<trkpt lat="37.184660" lon="128.811600" sectionIndex="0" pointIndex="276" originalElevation="1175.0" isOriginalElevationFromOSM="false" isAnchor="false"><ele>1166.4</ele></trkpt>
<trkpt lat="37.184430" lon="128.811560" sectionIndex="0" pointIndex="277" originalElevation="1175.0" isOriginalElevationFromOSM="false" isAnchor="false"><ele>1167.5</ele></trkpt>
<trkpt lat="37.184130" lon="128.811570" sectionIndex="0" pointIndex="278" originalElevation="1175.0" isOriginalElevationFromOSM="false" isAnchor="false"><ele>1168.7</ele></trkpt>
<trkpt lat="37.183900" lon="128.811580" sectionIndex="0" pointIndex="279" originalElevation="1172.0" isOriginalElevationFromOSM="false" isAnchor="false"><ele>1169.7</ele></trkpt>
<trkpt lat="37.183680" lon="128.811650" sectionIndex="0" pointIndex="280" originalElevation="1172.0" isOriginalElevationFromOSM="false" isAnchor="false"><ele>1170.9</ele></trkpt>
<trkpt lat="37.183570" lon="128.811630" sectionIndex="0" pointIndex="281" originalElevation="1172.0" isOriginalElevationFromOSM="false" isAnchor="false"><ele>1172.1</ele></trkpt>
<trkpt lat="37.183470" lon="128.811480" sectionIndex="0" pointIndex="282" originalElevation="1172.0" isOriginalElevationFromOSM="false" isAnchor="false"><ele>1173.1</ele></trkpt>
<trkpt lat="37.183340" lon="128.811460" sectionIndex="0" pointIndex="283" originalElevation="1172.0" isOriginalElevationFromOSM="false" isAnchor="false"><ele>1174.1</ele></trkpt>
<trkpt lat="37.183150" lon="128.811500" sectionIndex="0" pointIndex="284" originalElevation="1154.0" isOriginalElevationFromOSM="false" isAnchor="false"><ele>1175.1</ele></trkpt>
<trkpt lat="37.182930" lon="128.811570" sectionIndex="0" pointIndex="285" originalElevation="1154.0" isOriginalElevationFromOSM="false" isAnchor="false"><ele>1176.2</ele></trkpt>
<trkpt lat="37.182830" lon="128.811680" sectionIndex="0" pointIndex="286" originalElevation="1154.0" isOriginalElevationFromOSM="false" isAnchor="false"><ele>1177.3</ele></trkpt>
<trkpt lat="37.182740" lon="128.811840" sectionIndex="0" pointIndex="287" originalElevation="1189.0" isOriginalElevationFromOSM="false" isAnchor="false"><ele>1178.4</ele></trkpt>
<trkpt lat="37.182650" lon="128.812120" sectionIndex="0" pointIndex="288" originalElevation="1189.0" isOriginalElevationFromOSM="false" isAnchor="false"><ele>1179.5</ele></trkpt>
<trkpt lat="37.182580" lon="128.812190" sectionIndex="0" pointIndex="289" originalElevation="1189.0" isOriginalElevationFromOSM="false" isAnchor="false"><ele>1180.5</ele></trkpt>
<trkpt lat="37.182510" lon="128.812210" sectionIndex="0" pointIndex="290" originalElevation="1189.0" isOriginalElevationFromOSM="false" isAnchor="false"><ele>1181.5</ele></trkpt>
<trkpt lat="37.182430" lon="128.812290" sectionIndex="0" pointIndex="291" originalElevation="1189.0" isOriginalElevationFromOSM="false" isAnchor="false"><ele>1182.4</ele></trkpt>
<trkpt lat="37.182140" lon="128.812630" sectionIndex="0" pointIndex="292" originalElevation="1166.0" isOriginalElevationFromOSM="false" isAnchor="false"><ele>1183.3</ele></trkpt>
<trkpt lat="37.182080" lon="128.812670" sectionIndex="0" pointIndex="293" originalElevation="1201.0" isOriginalElevationFromOSM="false" isAnchor="false"><ele>1184.2</ele></trkpt>
<trkpt lat="37.181940" lon="128.812700" sectionIndex="0" pointIndex="294" originalElevation="1201.0" isOriginalElevationFromOSM="false" isAnchor="false"><ele>1184.9</ele></trkpt>
<trkpt lat="37.181830" lon="128.812740" sectionIndex="0" pointIndex="295" originalElevation="1201.0" isOriginalElevationFromOSM="false" isAnchor="false"><ele>1185.6</ele></trkpt>
<trkpt lat="37.181650" lon="128.812850" sectionIndex="0" pointIndex="296" originalElevation="1201.0" isOriginalElevationFromOSM="false" isAnchor="false"><ele>1186.1</ele></trkpt>
<trkpt lat="37.181440" lon="128.812940" sectionIndex="0" pointIndex="297" originalElevation="1185.0" isOriginalElevationFromOSM="false" isAnchor="false"><ele>1186.6</ele></trkpt>
<trkpt lat="37.181360" lon="128.812980" sectionIndex="0" pointIndex="298" originalElevation="1185.0" isOriginalElevationFromOSM="false" isAnchor="false"><ele>1187.0</ele></trkpt>
<trkpt lat="37.181210" lon="128.813170" sectionIndex="0" pointIndex="299" originalElevation="1185.0" isOriginalElevationFromOSM="false" isAnchor="false"><ele>1187.4</ele></trkpt>
<trkpt lat="37.180970" lon="128.813260" sectionIndex="0" pointIndex="300" originalElevation="1185.0" isOriginalElevationFromOSM="false" isAnchor="false"><ele>1187.8</ele></trkpt>
<trkpt lat="37.180810" lon="128.813360" sectionIndex="0" pointIndex="301" originalElevation="1185.0" isOriginalElevationFromOSM="false" isAnchor="false"><ele>1188.2</ele></trkpt>
<trkpt lat="37.180650" lon="128.813410" sectionIndex="0" pointIndex="302" originalElevation="1174.0" isOriginalElevationFromOSM="false" isAnchor="false"><ele>1188.5</ele></trkpt>
<trkpt lat="37.180480" lon="128.813490" sectionIndex="0" pointIndex="303" originalElevation="1174.0" isOriginalElevationFromOSM="false" isAnchor="false"><ele>1188.6</ele></trkpt>
<trkpt lat="37.180380" lon="128.813570" sectionIndex="0" pointIndex="304" originalElevation="1191.0" isOriginalElevationFromOSM="false" isAnchor="false"><ele>1188.7</ele></trkpt>
<trkpt lat="37.180300" lon="128.813590" sectionIndex="0" pointIndex="305" originalElevation="1191.0" isOriginalElevationFromOSM="false" isAnchor="false"><ele>1189.1</ele></trkpt>
<trkpt lat="37.180200" lon="128.813590" sectionIndex="0" pointIndex="306" originalElevation="1191.0" isOriginalElevationFromOSM="false" isAnchor="false"><ele>1189.5</ele></trkpt>
<trkpt lat="37.180040" lon="128.813580" sectionIndex="0" pointIndex="307" originalElevation="1191.0" isOriginalElevationFromOSM="false" isAnchor="false"><ele>1190.1</ele></trkpt>
<trkpt lat="37.180010" lon="128.813590" sectionIndex="0" pointIndex="308" originalElevation="1191.0" isOriginalElevationFromOSM="false" isAnchor="false"><ele>1190.8</ele></trkpt>
<trkpt lat="37.179950" lon="128.813600" sectionIndex="0" pointIndex="309" originalElevation="1191.0" isOriginalElevationFromOSM="false" isAnchor="false"><ele>1191.4</ele></trkpt>
<trkpt lat="37.179930" lon="128.813660" sectionIndex="0" pointIndex="310" originalElevation="1191.0" isOriginalElevationFromOSM="false" isAnchor="false"><ele>1192.1</ele></trkpt>
<trkpt lat="37.179930" lon="128.813870" sectionIndex="0" pointIndex="311" originalElevation="1191.0" isOriginalElevationFromOSM="false" isAnchor="false"><ele>1192.9</ele></trkpt>
<trkpt lat="37.179950" lon="128.814080" sectionIndex="0" pointIndex="312" originalElevation="1193.0" isOriginalElevationFromOSM="false" isAnchor="false"><ele>1193.8</ele></trkpt>
<trkpt lat="37.179950" lon="128.814080" sectionIndex="0" pointIndex="313" originalElevation="1193.0" isOriginalElevationFromOSM="false" isAnchor="false"><ele>1194.8</ele></trkpt>
<trkpt lat="37.180100" lon="128.814640" sectionIndex="0" pointIndex="314" originalElevation="1195.0" isOriginalElevationFromOSM="false" isAnchor="false"><ele>1196.0</ele></trkpt>
<trkpt lat="37.180100" lon="128.814760" sectionIndex="0" pointIndex="315" originalElevation="1195.0" isOriginalElevationFromOSM="false" isAnchor="false"><ele>1197.2</ele></trkpt>
<trkpt lat="37.180090" lon="128.814850" sectionIndex="0" pointIndex="316" originalElevation="1195.0" isOriginalElevationFromOSM="false" isAnchor="false"><ele>1198.5</ele></trkpt>
<trkpt lat="37.179980" lon="128.815080" sectionIndex="0" pointIndex="317" originalElevation="1195.0" isOriginalElevationFromOSM="false" isAnchor="false"><ele>1199.8</ele></trkpt>
<trkpt lat="37.179840" lon="128.815750" sectionIndex="0" pointIndex="318" originalElevation="1187.0" isOriginalElevationFromOSM="false" isAnchor="false"><ele>1201.3</ele></trkpt>
<trkpt lat="37.179770" lon="128.815970" sectionIndex="0" pointIndex="319" originalElevation="1187.0" isOriginalElevationFromOSM="false" isAnchor="false"><ele>1202.9</ele></trkpt>
<trkpt lat="37.179700" lon="128.816100" sectionIndex="0" pointIndex="320" originalElevation="1215.0" isOriginalElevationFromOSM="false" isAnchor="false"><ele>1204.4</ele></trkpt>
<trkpt lat="37.179560" lon="128.816260" sectionIndex="0" pointIndex="321" originalElevation="1215.0" isOriginalElevationFromOSM="false" isAnchor="false"><ele>1205.9</ele></trkpt>
<trkpt lat="37.179430" lon="128.816350" sectionIndex="0" pointIndex="322" originalElevation="1215.0" isOriginalElevationFromOSM="false" isAnchor="false"><ele>1207.5</ele></trkpt>
<trkpt lat="37.179240" lon="128.816420" sectionIndex="0" pointIndex="323" originalElevation="1215.0" isOriginalElevationFromOSM="false" isAnchor="false"><ele>1209.1</ele></trkpt>
<trkpt lat="37.178940" lon="128.816420" sectionIndex="0" pointIndex="324" originalElevation="1211.0" isOriginalElevationFromOSM="false" isAnchor="false"><ele>1210.8</ele></trkpt>
<trkpt lat="37.178840" lon="128.816440" sectionIndex="0" pointIndex="325" originalElevation="1211.0" isOriginalElevationFromOSM="false" isAnchor="false"><ele>1212.4</ele></trkpt>
<trkpt lat="37.178690" lon="128.816490" sectionIndex="0" pointIndex="326" originalElevation="1211.0" isOriginalElevationFromOSM="false" isAnchor="false"><ele>1214.0</ele></trkpt>
<trkpt lat="37.178350" lon="128.816670" sectionIndex="0" pointIndex="327" originalElevation="1211.0" isOriginalElevationFromOSM="false" isAnchor="false"><ele>1215.7</ele></trkpt>
<trkpt lat="37.178210" lon="128.816720" sectionIndex="0" pointIndex="328" originalElevation="1211.0" isOriginalElevationFromOSM="false" isAnchor="false"><ele>1217.3</ele></trkpt>
<trkpt lat="37.178050" lon="128.816710" sectionIndex="0" pointIndex="329" originalElevation="1222.0" isOriginalElevationFromOSM="false" isAnchor="false"><ele>1218.9</ele></trkpt>
<trkpt lat="37.177900" lon="128.816630" sectionIndex="0" pointIndex="330" originalElevation="1222.0" isOriginalElevationFromOSM="false" isAnchor="false"><ele>1220.4</ele></trkpt>
<trkpt lat="37.177660" lon="128.816560" sectionIndex="0" pointIndex="331" originalElevation="1222.0" isOriginalElevationFromOSM="false" isAnchor="false"><ele>1221.9</ele></trkpt>
<trkpt lat="37.177480" lon="128.816550" sectionIndex="0" pointIndex="332" originalElevation="1222.0" isOriginalElevationFromOSM="false" isAnchor="false"><ele>1223.4</ele></trkpt>
<trkpt lat="37.177250" lon="128.816620" sectionIndex="0" pointIndex="333" originalElevation="1232.0" isOriginalElevationFromOSM="false" isAnchor="false"><ele>1224.9</ele></trkpt>
<trkpt lat="37.177210" lon="128.816630" sectionIndex="0" pointIndex="334" originalElevation="1232.0" isOriginalElevationFromOSM="false" isAnchor="false"><ele>1226.3</ele></trkpt>
<trkpt lat="37.177140" lon="128.816610" sectionIndex="0" pointIndex="335" originalElevation="1232.0" isOriginalElevationFromOSM="false" isAnchor="false"><ele>1227.6</ele></trkpt>
<trkpt lat="37.177110" lon="128.816570" sectionIndex="0" pointIndex="336" originalElevation="1232.0" isOriginalElevationFromOSM="false" isAnchor="false"><ele>1228.5</ele></trkpt>
<trkpt lat="37.177080" lon="128.816490" sectionIndex="0" pointIndex="337" originalElevation="1232.0" isOriginalElevationFromOSM="false" isAnchor="false"><ele>1229.3</ele></trkpt>
<trkpt lat="37.177080" lon="128.816420" sectionIndex="0" pointIndex="338" originalElevation="1232.0" isOriginalElevationFromOSM="false" isAnchor="false"><ele>1230.1</ele></trkpt>
<trkpt lat="37.177050" lon="128.816300" sectionIndex="0" pointIndex="339" originalElevation="1232.0" isOriginalElevationFromOSM="false" isAnchor="false"><ele>1230.7</ele></trkpt>
<trkpt lat="37.176960" lon="128.816150" sectionIndex="0" pointIndex="340" originalElevation="1232.0" isOriginalElevationFromOSM="false" isAnchor="false"><ele>1231.1</ele></trkpt>
<trkpt lat="37.176040" lon="128.815090" sectionIndex="0" pointIndex="341" originalElevation="1232.0" isOriginalElevationFromOSM="false" isAnchor="false"><ele>1231.2</ele></trkpt>
<trkpt lat="37.175450" lon="128.814570" sectionIndex="0" pointIndex="342" originalElevation="1237.0" isOriginalElevationFromOSM="false" isAnchor="false"><ele>1231.6</ele></trkpt>
<trkpt lat="37.175330" lon="128.814540" sectionIndex="0" pointIndex="343" originalElevation="1237.0" isOriginalElevationFromOSM="false" isAnchor="false"><ele>1231.8</ele></trkpt>
<trkpt lat="37.175260" lon="128.814570" sectionIndex="0" pointIndex="344" originalElevation="1237.0" isOriginalElevationFromOSM="false" isAnchor="false"><ele>1231.9</ele></trkpt>
<trkpt lat="37.175160" lon="128.814650" sectionIndex="0" pointIndex="345" originalElevation="1237.0" isOriginalElevationFromOSM="false" isAnchor="false"><ele>1231.9</ele></trkpt>
<trkpt lat="37.175100" lon="128.814720" sectionIndex="0" pointIndex="346" originalElevation="1237.0" isOriginalElevationFromOSM="false" isAnchor="false"><ele>1231.8</ele></trkpt>
<trkpt lat="37.174810" lon="128.815170" sectionIndex="0" pointIndex="347" originalElevation="1243.0" isOriginalElevationFromOSM="false" isAnchor="false"><ele>1231.7</ele></trkpt>
<trkpt lat="37.174590" lon="128.815430" sectionIndex="0" pointIndex="348" originalElevation="1243.0" isOriginalElevationFromOSM="false" isAnchor="false"><ele>1231.5</ele></trkpt>
<trkpt lat="37.174150" lon="128.815880" sectionIndex="0" pointIndex="349" originalElevation="1243.0" isOriginalElevationFromOSM="false" isAnchor="false"><ele>1231.2</ele></trkpt>
<trkpt lat="37.173830" lon="128.816130" sectionIndex="0" pointIndex="350" originalElevation="1220.0" isOriginalElevationFromOSM="false" isAnchor="false"><ele>1231.0</ele></trkpt>
<trkpt lat="37.173710" lon="128.816270" sectionIndex="0" pointIndex="351" originalElevation="1220.0" isOriginalElevationFromOSM="false" isAnchor="false"><ele>1230.9</ele></trkpt>
<trkpt lat="37.173680" lon="128.816390" sectionIndex="0" pointIndex="352" originalElevation="1220.0" isOriginalElevationFromOSM="false" isAnchor="false"><ele>1230.9</ele></trkpt>
<trkpt lat="37.173690" lon="128.816530" sectionIndex="0" pointIndex="353" originalElevation="1220.0" isOriginalElevationFromOSM="false" isAnchor="false"><ele>1231.0</ele></trkpt>
<trkpt lat="37.173730" lon="128.816650" sectionIndex="0" pointIndex="354" originalElevation="1220.0" isOriginalElevationFromOSM="false" isAnchor="false"><ele>1231.2</ele></trkpt>
<trkpt lat="37.173820" lon="128.816830" sectionIndex="0" pointIndex="355" originalElevation="1197.0" isOriginalElevationFromOSM="false" isAnchor="false"><ele>1231.8</ele></trkpt>
<trkpt lat="37.173940" lon="128.817020" sectionIndex="0" pointIndex="356" originalElevation="1197.0" isOriginalElevationFromOSM="false" isAnchor="false"><ele>1232.5</ele></trkpt>
<trkpt lat="37.174060" lon="128.817090" sectionIndex="0" pointIndex="357" originalElevation="1249.0" isOriginalElevationFromOSM="false" isAnchor="false"><ele>1233.3</ele></trkpt>
<trkpt lat="37.174150" lon="128.817180" sectionIndex="0" pointIndex="358" originalElevation="1249.0" isOriginalElevationFromOSM="false" isAnchor="false"><ele>1234.3</ele></trkpt>
<trkpt lat="37.174220" lon="128.817320" sectionIndex="0" pointIndex="359" originalElevation="1249.0" isOriginalElevationFromOSM="false" isAnchor="false"><ele>1235.4</ele></trkpt>
<trkpt lat="37.174290" lon="128.817500" sectionIndex="0" pointIndex="360" originalElevation="1249.0" isOriginalElevationFromOSM="false" isAnchor="false"><ele>1236.7</ele></trkpt>
<trkpt lat="37.174340" lon="128.817540" sectionIndex="0" pointIndex="361" originalElevation="1249.0" isOriginalElevationFromOSM="false" isAnchor="false"><ele>1238.1</ele></trkpt>
<trkpt lat="37.174440" lon="128.817660" sectionIndex="0" pointIndex="362" originalElevation="1233.0" isOriginalElevationFromOSM="false" isAnchor="false"><ele>1239.5</ele></trkpt>
<trkpt lat="37.174480" lon="128.817880" sectionIndex="0" pointIndex="363" originalElevation="1233.0" isOriginalElevationFromOSM="false" isAnchor="false"><ele>1241.1</ele></trkpt>
<trkpt lat="37.174450" lon="128.818120" sectionIndex="0" pointIndex="364" originalElevation="1233.0" isOriginalElevationFromOSM="false" isAnchor="false"><ele>1242.7</ele></trkpt>
<trkpt lat="37.174500" lon="128.818240" sectionIndex="0" pointIndex="365" originalElevation="1233.0" isOriginalElevationFromOSM="false" isAnchor="false"><ele>1244.3</ele></trkpt>
<trkpt lat="37.174720" lon="128.818570" sectionIndex="0" pointIndex="366" originalElevation="1242.0" isOriginalElevationFromOSM="false" isAnchor="false"><ele>1246.1</ele></trkpt>
<trkpt lat="37.174770" lon="128.818710" sectionIndex="0" pointIndex="367" originalElevation="1242.0" isOriginalElevationFromOSM="false" isAnchor="false"><ele>1247.8</ele></trkpt>
<trkpt lat="37.174780" lon="128.818870" sectionIndex="0" pointIndex="368" originalElevation="1242.0" isOriginalElevationFromOSM="false" isAnchor="false"><ele>1249.4</ele></trkpt>
<trkpt lat="37.174720" lon="128.819010" sectionIndex="0" pointIndex="369" originalElevation="1242.0" isOriginalElevationFromOSM="false" isAnchor="false"><ele>1251.0</ele></trkpt>
<trkpt lat="37.174500" lon="128.819370" sectionIndex="0" pointIndex="370" originalElevation="1268.0" isOriginalElevationFromOSM="false" isAnchor="false"><ele>1252.5</ele></trkpt>
<trkpt lat="37.174320" lon="128.819840" sectionIndex="0" pointIndex="371" originalElevation="1268.0" isOriginalElevationFromOSM="false" isAnchor="false"><ele>1254.1</ele></trkpt>
<trkpt lat="37.174250" lon="128.819970" sectionIndex="0" pointIndex="372" originalElevation="1268.0" isOriginalElevationFromOSM="false" isAnchor="false"><ele>1255.5</ele></trkpt>
<trkpt lat="37.174150" lon="128.820070" sectionIndex="0" pointIndex="373" originalElevation="1268.0" isOriginalElevationFromOSM="false" isAnchor="false"><ele>1256.4</ele></trkpt>
<trkpt lat="37.173920" lon="128.820230" sectionIndex="0" pointIndex="374" originalElevation="1266.0" isOriginalElevationFromOSM="false" isAnchor="false"><ele>1257.5</ele></trkpt>
<trkpt lat="37.173690" lon="128.820450" sectionIndex="0" pointIndex="375" originalElevation="1266.0" isOriginalElevationFromOSM="false" isAnchor="false"><ele>1258.4</ele></trkpt>
<trkpt lat="37.173480" lon="128.820730" sectionIndex="0" pointIndex="376" originalElevation="1266.0" isOriginalElevationFromOSM="false" isAnchor="false"><ele>1259.3</ele></trkpt>
<trkpt lat="37.173380" lon="128.821020" sectionIndex="0" pointIndex="377" originalElevation="1262.0" isOriginalElevationFromOSM="false" isAnchor="false"><ele>1260.3</ele></trkpt>
<trkpt lat="37.173360" lon="128.821160" sectionIndex="0" pointIndex="378" originalElevation="1262.0" isOriginalElevationFromOSM="false" isAnchor="false"><ele>1261.3</ele></trkpt>
<trkpt lat="37.173360" lon="128.821340" sectionIndex="0" pointIndex="379" originalElevation="1262.0" isOriginalElevationFromOSM="false" isAnchor="false"><ele>1262.3</ele></trkpt>
<trkpt lat="37.173370" lon="128.821470" sectionIndex="0" pointIndex="380" originalElevation="1262.0" isOriginalElevationFromOSM="false" isAnchor="false"><ele>1263.2</ele></trkpt>
<trkpt lat="37.173780" lon="128.822660" sectionIndex="0" pointIndex="381" originalElevation="1254.0" isOriginalElevationFromOSM="false" isAnchor="false"><ele>1264.2</ele></trkpt>
<trkpt lat="37.173800" lon="128.822790" sectionIndex="0" pointIndex="382" originalElevation="1254.0" isOriginalElevationFromOSM="false" isAnchor="false"><ele>1265.1</ele></trkpt>
<trkpt lat="37.173810" lon="128.823140" sectionIndex="0" pointIndex="383" originalElevation="1254.0" isOriginalElevationFromOSM="false" isAnchor="false"><ele>1266.1</ele></trkpt>
<trkpt lat="37.173760" lon="128.823430" sectionIndex="0" pointIndex="384" originalElevation="1259.5" isOriginalElevationFromOSM="false" isAnchor="false"><ele>1267.2</ele></trkpt>
<trkpt lat="37.173760" lon="128.823430" sectionIndex="0" pointIndex="385" originalElevation="1259.5" isOriginalElevationFromOSM="false" isAnchor="false"><ele>1268.3</ele></trkpt>
<trkpt lat="37.173730" lon="128.823600" sectionIndex="0" pointIndex="386" originalElevation="1265.0" isOriginalElevationFromOSM="false" isAnchor="false"><ele>1269.2</ele></trkpt>
<trkpt lat="37.173630" lon="128.823820" sectionIndex="0" pointIndex="387" originalElevation="1265.0" isOriginalElevationFromOSM="false" isAnchor="false"><ele>1270.3</ele></trkpt>
<trkpt lat="37.173470" lon="128.824160" sectionIndex="0" pointIndex="388" originalElevation="1265.0" isOriginalElevationFromOSM="false" isAnchor="false"><ele>1271.3</ele></trkpt>
<trkpt lat="37.173230" lon="128.824830" sectionIndex="0" pointIndex="389" originalElevation="1285.0" isOriginalElevationFromOSM="false" isAnchor="false"><ele>1272.3</ele></trkpt>
<trkpt lat="37.173070" lon="128.825110" sectionIndex="0" pointIndex="390" originalElevation="1271.0" isOriginalElevationFromOSM="false" isAnchor="false"><ele>1273.0</ele></trkpt>
<trkpt lat="37.172980" lon="128.825200" sectionIndex="0" pointIndex="391" originalElevation="1291.0" isOriginalElevationFromOSM="false" isAnchor="false"><ele>1273.6</ele></trkpt>
<trkpt lat="37.172880" lon="128.825270" sectionIndex="0" pointIndex="392" originalElevation="1291.0" isOriginalElevationFromOSM="false" isAnchor="false"><ele>1274.3</ele></trkpt>
<trkpt lat="37.172540" lon="128.825330" sectionIndex="0" pointIndex="393" originalElevation="1291.0" isOriginalElevationFromOSM="false" isAnchor="false"><ele>1274.8</ele></trkpt>
<trkpt lat="37.172330" lon="128.825300" sectionIndex="0" pointIndex="394" originalElevation="1281.0" isOriginalElevationFromOSM="false" isAnchor="false"><ele>1275.2</ele></trkpt>
<trkpt lat="37.172160" lon="128.825310" sectionIndex="0" pointIndex="395" originalElevation="1281.0" isOriginalElevationFromOSM="false" isAnchor="false"><ele>1275.4</ele></trkpt>
<trkpt lat="37.172010" lon="128.825370" sectionIndex="0" pointIndex="396" originalElevation="1281.0" isOriginalElevationFromOSM="false" isAnchor="false"><ele>1275.3</ele></trkpt>
<trkpt lat="37.171950" lon="128.825470" sectionIndex="0" pointIndex="397" originalElevation="1281.0" isOriginalElevationFromOSM="false" isAnchor="false"><ele>1275.0</ele></trkpt>
<trkpt lat="37.171840" lon="128.825790" sectionIndex="0" pointIndex="398" originalElevation="1281.0" isOriginalElevationFromOSM="false" isAnchor="false"><ele>1274.6</ele></trkpt>
<trkpt lat="37.171830" lon="128.825870" sectionIndex="0" pointIndex="399" originalElevation="1281.0" isOriginalElevationFromOSM="false" isAnchor="false"><ele>1274.1</ele></trkpt>
<trkpt lat="37.171850" lon="128.825960" sectionIndex="0" pointIndex="400" originalElevation="1281.0" isOriginalElevationFromOSM="false" isAnchor="false"><ele>1273.3</ele></trkpt>
<trkpt lat="37.171910" lon="128.826100" sectionIndex="0" pointIndex="401" originalElevation="1271.0" isOriginalElevationFromOSM="false" isAnchor="false"><ele>1272.5</ele></trkpt>
<trkpt lat="37.172000" lon="128.826250" sectionIndex="0" pointIndex="402" originalElevation="1271.0" isOriginalElevationFromOSM="false" isAnchor="false"><ele>1271.5</ele></trkpt>
<trkpt lat="37.172060" lon="128.826320" sectionIndex="0" pointIndex="403" originalElevation="1271.0" isOriginalElevationFromOSM="false" isAnchor="false"><ele>1270.5</ele></trkpt>
<trkpt lat="37.172120" lon="128.826420" sectionIndex="0" pointIndex="404" originalElevation="1271.0" isOriginalElevationFromOSM="false" isAnchor="false"><ele>1269.3</ele></trkpt>
<trkpt lat="37.172260" lon="128.826840" sectionIndex="0" pointIndex="405" originalElevation="1239.0" isOriginalElevationFromOSM="false" isAnchor="false"><ele>1268.0</ele></trkpt>
<trkpt lat="37.172320" lon="128.826960" sectionIndex="0" pointIndex="406" originalElevation="1239.0" isOriginalElevationFromOSM="false" isAnchor="false"><ele>1267.0</ele></trkpt>
<trkpt lat="37.172380" lon="128.827000" sectionIndex="0" pointIndex="407" originalElevation="1276.0" isOriginalElevationFromOSM="false" isAnchor="false"><ele>1265.8</ele></trkpt>
<trkpt lat="37.172460" lon="128.827020" sectionIndex="0" pointIndex="408" originalElevation="1276.0" isOriginalElevationFromOSM="false" isAnchor="false"><ele>1264.7</ele></trkpt>
<trkpt lat="37.172560" lon="128.827070" sectionIndex="0" pointIndex="409" originalElevation="1276.0" isOriginalElevationFromOSM="false" isAnchor="false"><ele>1263.6</ele></trkpt>
<trkpt lat="37.172930" lon="128.827610" sectionIndex="0" pointIndex="410" originalElevation="1276.0" isOriginalElevationFromOSM="false" isAnchor="false"><ele>1262.8</ele></trkpt>
<trkpt lat="37.173100" lon="128.827930" sectionIndex="0" pointIndex="411" originalElevation="1257.0" isOriginalElevationFromOSM="false" isAnchor="false"><ele>1262.0</ele></trkpt>
<trkpt lat="37.173130" lon="128.828190" sectionIndex="0" pointIndex="412" originalElevation="1257.0" isOriginalElevationFromOSM="false" isAnchor="false"><ele>1261.3</ele></trkpt>
<trkpt lat="37.173100" lon="128.828520" sectionIndex="0" pointIndex="413" originalElevation="1259.0" isOriginalElevationFromOSM="false" isAnchor="false"><ele>1260.7</ele></trkpt>
<trkpt lat="37.173030" lon="128.828810" sectionIndex="0" pointIndex="414" originalElevation="1259.0" isOriginalElevationFromOSM="false" isAnchor="false"><ele>1260.2</ele></trkpt>
<trkpt lat="37.172870" lon="128.829370" sectionIndex="0" pointIndex="415" originalElevation="1256.0" isOriginalElevationFromOSM="false" isAnchor="false"><ele>1259.9</ele></trkpt>
<trkpt lat="37.172870" lon="128.829500" sectionIndex="0" pointIndex="416" originalElevation="1256.0" isOriginalElevationFromOSM="false" isAnchor="false"><ele>1259.7</ele></trkpt>
<trkpt lat="37.172870" lon="128.829670" sectionIndex="0" pointIndex="417" originalElevation="1256.0" isOriginalElevationFromOSM="false" isAnchor="false"><ele>1259.7</ele></trkpt>
<trkpt lat="37.172940" lon="128.830060" sectionIndex="0" pointIndex="418" originalElevation="1256.0" isOriginalElevationFromOSM="false" isAnchor="false"><ele>1259.9</ele></trkpt>
<trkpt lat="37.173070" lon="128.830470" sectionIndex="0" pointIndex="419" originalElevation="1236.0" isOriginalElevationFromOSM="false" isAnchor="false"><ele>1260.1</ele></trkpt>
<trkpt lat="37.173170" lon="128.830660" sectionIndex="0" pointIndex="420" originalElevation="1236.0" isOriginalElevationFromOSM="false" isAnchor="false"><ele>1260.4</ele></trkpt>
<trkpt lat="37.173270" lon="128.830860" sectionIndex="0" pointIndex="421" originalElevation="1276.0" isOriginalElevationFromOSM="false" isAnchor="false"><ele>1261.0</ele></trkpt>
<trkpt lat="37.173490" lon="128.831010" sectionIndex="0" pointIndex="422" originalElevation="1255.0" isOriginalElevationFromOSM="false" isAnchor="false"><ele>1261.6</ele></trkpt>
<trkpt lat="37.173790" lon="128.831230" sectionIndex="0" pointIndex="423" originalElevation="1255.0" isOriginalElevationFromOSM="false" isAnchor="false"><ele>1261.9</ele></trkpt>
<trkpt lat="37.173990" lon="128.831420" sectionIndex="0" pointIndex="424" originalElevation="1255.0" isOriginalElevationFromOSM="false" isAnchor="false"><ele>1262.3</ele></trkpt>
<trkpt lat="37.174200" lon="128.831710" sectionIndex="0" pointIndex="425" originalElevation="1278.0" isOriginalElevationFromOSM="false" isAnchor="false"><ele>1262.6</ele></trkpt>
<trkpt lat="37.174340" lon="128.832050" sectionIndex="0" pointIndex="426" originalElevation="1270.0" isOriginalElevationFromOSM="false" isAnchor="false"><ele>1262.9</ele></trkpt>
<trkpt lat="37.174470" lon="128.832540" sectionIndex="0" pointIndex="427" originalElevation="1270.0" isOriginalElevationFromOSM="false" isAnchor="false"><ele>1263.1</ele></trkpt>
<trkpt lat="37.174490" lon="128.832810" sectionIndex="0" pointIndex="428" originalElevation="1268.0" isOriginalElevationFromOSM="false" isAnchor="false"><ele>1263.4</ele></trkpt>
<trkpt lat="37.174430" lon="128.833410" sectionIndex="0" pointIndex="429" originalElevation="1268.0" isOriginalElevationFromOSM="false" isAnchor="false"><ele>1263.5</ele></trkpt>
<trkpt lat="37.174380" lon="128.833640" sectionIndex="0" pointIndex="430" originalElevation="1275.0" isOriginalElevationFromOSM="false" isAnchor="false"><ele>1263.5</ele></trkpt>
<trkpt lat="37.174200" lon="128.834300" sectionIndex="0" pointIndex="431" originalElevation="1275.0" isOriginalElevationFromOSM="false" isAnchor="false"><ele>1263.4</ele></trkpt>
<trkpt lat="37.174080" lon="128.834640" sectionIndex="0" pointIndex="432" originalElevation="1278.5" isOriginalElevationFromOSM="false" isAnchor="false"><ele>1263.1</ele></trkpt>
<trkpt lat="37.174080" lon="128.834640" sectionIndex="0" pointIndex="433" originalElevation="1278.5" isOriginalElevationFromOSM="false" isAnchor="false"><ele>1262.5</ele></trkpt>
<trkpt lat="37.173840" lon="128.835210" sectionIndex="0" pointIndex="434" originalElevation="1263.0" isOriginalElevationFromOSM="false" isAnchor="false"><ele>1261.8</ele></trkpt>
<trkpt lat="37.173770" lon="128.835340" sectionIndex="0" pointIndex="435" originalElevation="1263.0" isOriginalElevationFromOSM="false" isAnchor="false"><ele>1261.1</ele></trkpt>
<trkpt lat="37.173610" lon="128.835450" sectionIndex="0" pointIndex="436" originalElevation="1263.0" isOriginalElevationFromOSM="false" isAnchor="false"><ele>1260.2</ele></trkpt>
<trkpt lat="37.173130" lon="128.835700" sectionIndex="0" pointIndex="437" originalElevation="1253.0" isOriginalElevationFromOSM="false" isAnchor="false"><ele>1259.1</ele></trkpt>
<trkpt lat="37.173130" lon="128.835700" sectionIndex="0" pointIndex="438" originalElevation="1253.0" isOriginalElevationFromOSM="false" isAnchor="false"><ele>1258.0</ele></trkpt>
<trkpt lat="37.173020" lon="128.835760" sectionIndex="0" pointIndex="439" originalElevation="1243.0" isOriginalElevationFromOSM="false" isAnchor="false"><ele>1256.8</ele></trkpt>
<trkpt lat="37.172890" lon="128.835890" sectionIndex="0" pointIndex="440" originalElevation="1243.0" isOriginalElevationFromOSM="false" isAnchor="false"><ele>1255.7</ele></trkpt>
<trkpt lat="37.172910" lon="128.835810" sectionIndex="0" pointIndex="441" originalElevation="1243.0" isOriginalElevationFromOSM="false" isAnchor="false"><ele>1254.4</ele></trkpt>
<trkpt lat="37.172940" lon="128.835730" sectionIndex="0" pointIndex="442" originalElevation="1243.0" isOriginalElevationFromOSM="false" isAnchor="false"><ele>1253.2</ele></trkpt>
<trkpt lat="37.173190" lon="128.835510" sectionIndex="0" pointIndex="443" originalElevation="1263.0" isOriginalElevationFromOSM="false" isAnchor="false"><ele>1251.8</ele></trkpt>
<trkpt lat="37.173330" lon="128.835320" sectionIndex="0" pointIndex="444" originalElevation="1263.0" isOriginalElevationFromOSM="false" isAnchor="false"><ele>1250.3</ele></trkpt>
<trkpt lat="37.173410" lon="128.835190" sectionIndex="0" pointIndex="445" originalElevation="1263.0" isOriginalElevationFromOSM="false" isAnchor="false"><ele>1248.7</ele></trkpt>
<trkpt lat="37.173530" lon="128.834910" sectionIndex="0" pointIndex="446" originalElevation="1256.0" isOriginalElevationFromOSM="false" isAnchor="false"><ele>1247.1</ele></trkpt>
<trkpt lat="37.173650" lon="128.834530" sectionIndex="0" pointIndex="447" originalElevation="1256.0" isOriginalElevationFromOSM="false" isAnchor="false"><ele>1245.3</ele></trkpt>
<trkpt lat="37.173740" lon="128.834190" sectionIndex="0" pointIndex="448" originalElevation="1241.0" isOriginalElevationFromOSM="false" isAnchor="false"><ele>1243.4</ele></trkpt>
<trkpt lat="37.173750" lon="128.833890" sectionIndex="0" pointIndex="449" originalElevation="1241.0" isOriginalElevationFromOSM="false" isAnchor="false"><ele>1241.5</ele></trkpt>
<trkpt lat="37.173740" lon="128.833530" sectionIndex="0" pointIndex="450" originalElevation="1239.0" isOriginalElevationFromOSM="false" isAnchor="false"><ele>1239.5</ele></trkpt>
<trkpt lat="37.173740" lon="128.833530" sectionIndex="0" pointIndex="451" originalElevation="1239.0" isOriginalElevationFromOSM="false" isAnchor="false"><ele>1237.5</ele></trkpt>
<trkpt lat="37.173730" lon="128.833430" sectionIndex="0" pointIndex="452" originalElevation="1237.0" isOriginalElevationFromOSM="false" isAnchor="false"><ele>1235.4</ele></trkpt>
<trkpt lat="37.173650" lon="128.832970" sectionIndex="0" pointIndex="453" originalElevation="1237.0" isOriginalElevationFromOSM="false" isAnchor="false"><ele>1233.3</ele></trkpt>
<trkpt lat="37.173550" lon="128.833060" sectionIndex="0" pointIndex="454" originalElevation="1237.0" isOriginalElevationFromOSM="false" isAnchor="false"><ele>1231.1</ele></trkpt>
<trkpt lat="37.173490" lon="128.833250" sectionIndex="0" pointIndex="455" originalElevation="1237.0" isOriginalElevationFromOSM="false" isAnchor="false"><ele>1228.6</ele></trkpt>
<trkpt lat="37.173340" lon="128.833910" sectionIndex="0" pointIndex="456" originalElevation="1241.0" isOriginalElevationFromOSM="false" isAnchor="false"><ele>1226.1</ele></trkpt>
<trkpt lat="37.173260" lon="128.834090" sectionIndex="0" pointIndex="457" originalElevation="1241.0" isOriginalElevationFromOSM="false" isAnchor="false"><ele>1223.6</ele></trkpt>
<trkpt lat="37.173190" lon="128.834120" sectionIndex="0" pointIndex="458" originalElevation="1202.0" isOriginalElevationFromOSM="false" isAnchor="false"><ele>1221.2</ele></trkpt>
<trkpt lat="37.173150" lon="128.834080" sectionIndex="0" pointIndex="459" originalElevation="1202.0" isOriginalElevationFromOSM="false" isAnchor="false"><ele>1218.8</ele></trkpt>
<trkpt lat="37.173140" lon="128.834000" sectionIndex="0" pointIndex="460" originalElevation="1202.0" isOriginalElevationFromOSM="false" isAnchor="false"><ele>1216.1</ele></trkpt>
<trkpt lat="37.173170" lon="128.833640" sectionIndex="0" pointIndex="461" originalElevation="1202.0" isOriginalElevationFromOSM="false" isAnchor="false"><ele>1213.8</ele></trkpt>
<trkpt lat="37.173140" lon="128.833230" sectionIndex="0" pointIndex="462" originalElevation="1205.0" isOriginalElevationFromOSM="false" isAnchor="false"><ele>1211.3</ele></trkpt>
<trkpt lat="37.173100" lon="128.833000" sectionIndex="0" pointIndex="463" originalElevation="1205.0" isOriginalElevationFromOSM="false" isAnchor="false"><ele>1209.0</ele></trkpt>
<trkpt lat="37.173040" lon="128.832800" sectionIndex="0" pointIndex="464" originalElevation="1205.0" isOriginalElevationFromOSM="false" isAnchor="false"><ele>1206.9</ele></trkpt>
<trkpt lat="37.172930" lon="128.832640" sectionIndex="0" pointIndex="465" originalElevation="1205.0" isOriginalElevationFromOSM="false" isAnchor="false"><ele>1204.8</ele></trkpt>
<trkpt lat="37.172700" lon="128.832350" sectionIndex="0" pointIndex="466" originalElevation="1212.0" isOriginalElevationFromOSM="false" isAnchor="false"><ele>1202.9</ele></trkpt>
<trkpt lat="37.172550" lon="128.832160" sectionIndex="0" pointIndex="467" originalElevation="1212.0" isOriginalElevationFromOSM="false" isAnchor="false"><ele>1200.9</ele></trkpt>
<trkpt lat="37.172450" lon="128.832050" sectionIndex="0" pointIndex="468" originalElevation="1212.0" isOriginalElevationFromOSM="false" isAnchor="false"><ele>1199.1</ele></trkpt>
<trkpt lat="37.172380" lon="128.832040" sectionIndex="0" pointIndex="469" originalElevation="1212.0" isOriginalElevationFromOSM="false" isAnchor="false"><ele>1197.4</ele></trkpt>
<trkpt lat="37.172300" lon="128.832070" sectionIndex="0" pointIndex="470" originalElevation="1174.0" isOriginalElevationFromOSM="false" isAnchor="false"><ele>1195.8</ele></trkpt>
<trkpt lat="37.172280" lon="128.832200" sectionIndex="0" pointIndex="471" originalElevation="1174.0" isOriginalElevationFromOSM="false" isAnchor="false"><ele>1194.3</ele></trkpt>
<trkpt lat="37.172320" lon="128.832430" sectionIndex="0" pointIndex="472" originalElevation="1174.0" isOriginalElevationFromOSM="false" isAnchor="false"><ele>1192.8</ele></trkpt>
<trkpt lat="37.172400" lon="128.833140" sectionIndex="0" pointIndex="473" originalElevation="1205.0" isOriginalElevationFromOSM="false" isAnchor="false"><ele>1191.3</ele></trkpt>
<trkpt lat="37.172400" lon="128.833310" sectionIndex="0" pointIndex="474" originalElevation="1205.0" isOriginalElevationFromOSM="false" isAnchor="false"><ele>1190.5</ele></trkpt>
<trkpt lat="37.172350" lon="128.833780" sectionIndex="0" pointIndex="475" originalElevation="1164.0" isOriginalElevationFromOSM="false" isAnchor="false"><ele>1189.7</ele></trkpt>
<trkpt lat="37.172360" lon="128.833980" sectionIndex="0" pointIndex="476" originalElevation="1202.0" isOriginalElevationFromOSM="false" isAnchor="false"><ele>1189.0</ele></trkpt>
<trkpt lat="37.172310" lon="128.834230" sectionIndex="0" pointIndex="477" originalElevation="1164.0" isOriginalElevationFromOSM="false" isAnchor="false"><ele>1188.3</ele></trkpt>
<trkpt lat="37.172260" lon="128.834370" sectionIndex="0" pointIndex="478" originalElevation="1183.0" isOriginalElevationFromOSM="false" isAnchor="false"><ele>1187.7</ele></trkpt>
<trkpt lat="37.172130" lon="128.834550" sectionIndex="0" pointIndex="479" originalElevation="1183.0" isOriginalElevationFromOSM="false" isAnchor="false"><ele>1187.2</ele></trkpt>
<trkpt lat="37.172000" lon="128.834680" sectionIndex="0" pointIndex="480" originalElevation="1183.0" isOriginalElevationFromOSM="false" isAnchor="false"><ele>1186.7</ele></trkpt>
<trkpt lat="37.172000" lon="128.834680" sectionIndex="0" pointIndex="481" originalElevation="1183.0" isOriginalElevationFromOSM="false" isAnchor="false"><ele>1186.2</ele></trkpt>
<trkpt lat="37.171950" lon="128.834720" sectionIndex="0" pointIndex="482" originalElevation="1183.0" isOriginalElevationFromOSM="false" isAnchor="false"><ele>1185.6</ele></trkpt>
<trkpt lat="37.171570" lon="128.834980" sectionIndex="0" pointIndex="483" originalElevation="1183.0" isOriginalElevationFromOSM="false" isAnchor="false"><ele>1185.1</ele></trkpt>
<trkpt lat="37.171180" lon="128.835180" sectionIndex="0" pointIndex="484" originalElevation="1196.0" isOriginalElevationFromOSM="false" isAnchor="false"><ele>1184.4</ele></trkpt>
<trkpt lat="37.171040" lon="128.835200" sectionIndex="0" pointIndex="485" originalElevation="1196.0" isOriginalElevationFromOSM="false" isAnchor="false"><ele>1183.8</ele></trkpt>
<trkpt lat="37.170850" lon="128.835270" sectionIndex="0" pointIndex="486" originalElevation="1196.0" isOriginalElevationFromOSM="false" isAnchor="false"><ele>1183.4</ele></trkpt>
<trkpt lat="37.170390" lon="128.835490" sectionIndex="0" pointIndex="487" originalElevation="1170.0" isOriginalElevationFromOSM="false" isAnchor="false"><ele>1182.9</ele></trkpt>
<trkpt lat="37.170310" lon="128.835630" sectionIndex="0" pointIndex="488" originalElevation="1170.0" isOriginalElevationFromOSM="false" isAnchor="false"><ele>1182.0</ele></trkpt>
<trkpt lat="37.170070" lon="128.836220" sectionIndex="0" pointIndex="489" originalElevation="1202.0" isOriginalElevationFromOSM="false" isAnchor="false"><ele>1180.7</ele></trkpt>
<trkpt lat="37.169990" lon="128.836350" sectionIndex="0" pointIndex="490" originalElevation="1202.0" isOriginalElevationFromOSM="false" isAnchor="false"><ele>1179.4</ele></trkpt>
<trkpt lat="37.169910" lon="128.836450" sectionIndex="0" pointIndex="491" originalElevation="1202.0" isOriginalElevationFromOSM="false" isAnchor="false"><ele>1178.1</ele></trkpt>
<trkpt lat="37.169800" lon="128.836530" sectionIndex="0" pointIndex="492" originalElevation="1177.0" isOriginalElevationFromOSM="false" isAnchor="false"><ele>1176.5</ele></trkpt>
<trkpt lat="37.169400" lon="128.836640" sectionIndex="0" pointIndex="493" originalElevation="1177.0" isOriginalElevationFromOSM="false" isAnchor="false"><ele>1174.9</ele></trkpt>
<trkpt lat="37.169360" lon="128.836700" sectionIndex="0" pointIndex="494" originalElevation="1177.0" isOriginalElevationFromOSM="false" isAnchor="false"><ele>1173.1</ele></trkpt>
<trkpt lat="37.169350" lon="128.836800" sectionIndex="0" pointIndex="495" originalElevation="1177.0" isOriginalElevationFromOSM="false" isAnchor="false"><ele>1171.2</ele></trkpt>
<trkpt lat="37.169550" lon="128.837210" sectionIndex="0" pointIndex="496" originalElevation="1158.0" isOriginalElevationFromOSM="false" isAnchor="false"><ele>1169.3</ele></trkpt>
<trkpt lat="37.169770" lon="128.837840" sectionIndex="0" pointIndex="497" originalElevation="1152.0" isOriginalElevationFromOSM="false" isAnchor="false"><ele>1167.5</ele></trkpt>
<trkpt lat="37.169830" lon="128.838030" sectionIndex="0" pointIndex="498" originalElevation="1152.0" isOriginalElevationFromOSM="false" isAnchor="false"><ele>1165.8</ele></trkpt>
<trkpt lat="37.169740" lon="128.838370" sectionIndex="0" pointIndex="499" originalElevation="1152.0" isOriginalElevationFromOSM="false" isAnchor="false"><ele>1164.2</ele></trkpt>
<trkpt lat="37.169660" lon="128.838530" sectionIndex="0" pointIndex="500" originalElevation="1170.0" isOriginalElevationFromOSM="false" isAnchor="false"><ele>1162.5</ele></trkpt>
<trkpt lat="37.169510" lon="128.838800" sectionIndex="0" pointIndex="501" originalElevation="1170.0" isOriginalElevationFromOSM="false" isAnchor="false"><ele>1160.9</ele></trkpt>
<trkpt lat="37.169280" lon="128.839130" sectionIndex="0" pointIndex="502" originalElevation="1170.0" isOriginalElevationFromOSM="false" isAnchor="false"><ele>1159.5</ele></trkpt>
<trkpt lat="37.168990" lon="128.839580" sectionIndex="0" pointIndex="503" originalElevation="1146.0" isOriginalElevationFromOSM="false" isAnchor="false"><ele>1158.4</ele></trkpt>
<trkpt lat="37.168930" lon="128.839660" sectionIndex="0" pointIndex="504" originalElevation="1146.0" isOriginalElevationFromOSM="false" isAnchor="false"><ele>1157.6</ele></trkpt>
<trkpt lat="37.168830" lon="128.840180" sectionIndex="0" pointIndex="505" originalElevation="1146.0" isOriginalElevationFromOSM="false" isAnchor="false"><ele>1156.8</ele></trkpt>
<trkpt lat="37.168830" lon="128.840260" sectionIndex="0" pointIndex="506" originalElevation="1146.0" isOriginalElevationFromOSM="false" isAnchor="false"><ele>1156.3</ele></trkpt>
<trkpt lat="37.168830" lon="128.840260" sectionIndex="0" pointIndex="507" originalElevation="1146.0" isOriginalElevationFromOSM="false" isAnchor="false"><ele>1156.0</ele></trkpt>
<trkpt lat="37.168830" lon="128.840260" sectionIndex="0" pointIndex="508" originalElevation="1146.0" isOriginalElevationFromOSM="false" isAnchor="false"><ele>1156.3</ele></trkpt>
<trkpt lat="37.168830" lon="128.840180" sectionIndex="0" pointIndex="509" originalElevation="1146.0" isOriginalElevationFromOSM="false" isAnchor="false"><ele>1156.8</ele></trkpt>
<trkpt lat="37.168930" lon="128.839660" sectionIndex="0" pointIndex="510" originalElevation="1146.0" isOriginalElevationFromOSM="false" isAnchor="false"><ele>1157.6</ele></trkpt>
<trkpt lat="37.168990" lon="128.839580" sectionIndex="0" pointIndex="511" originalElevation="1146.0" isOriginalElevationFromOSM="false" isAnchor="false"><ele>1158.6</ele></trkpt>
<trkpt lat="37.169280" lon="128.839130" sectionIndex="0" pointIndex="512" originalElevation="1170.0" isOriginalElevationFromOSM="false" isAnchor="false"><ele>1160.0</ele></trkpt>
<trkpt lat="37.169510" lon="128.838800" sectionIndex="0" pointIndex="513" originalElevation="1170.0" isOriginalElevationFromOSM="false" isAnchor="false"><ele>1161.4</ele></trkpt>
<trkpt lat="37.169660" lon="128.838530" sectionIndex="0" pointIndex="514" originalElevation="1170.0" isOriginalElevationFromOSM="false" isAnchor="false"><ele>1162.9</ele></trkpt>
<trkpt lat="37.169740" lon="128.838370" sectionIndex="0" pointIndex="515" originalElevation="1152.0" isOriginalElevationFromOSM="false" isAnchor="false"><ele>1164.7</ele></trkpt>
<trkpt lat="37.169830" lon="128.838030" sectionIndex="0" pointIndex="516" originalElevation="1152.0" isOriginalElevationFromOSM="false" isAnchor="false"><ele>1166.5</ele></trkpt>
<trkpt lat="37.169770" lon="128.837840" sectionIndex="0" pointIndex="517" originalElevation="1152.0" isOriginalElevationFromOSM="false" isAnchor="false"><ele>1168.4</ele></trkpt>
<trkpt lat="37.169550" lon="128.837210" sectionIndex="0" pointIndex="518" originalElevation="1158.0" isOriginalElevationFromOSM="false" isAnchor="false"><ele>1170.4</ele></trkpt>
<trkpt lat="37.169350" lon="128.836800" sectionIndex="0" pointIndex="519" originalElevation="1177.0" isOriginalElevationFromOSM="false" isAnchor="false"><ele>1172.4</ele></trkpt>
<trkpt lat="37.169360" lon="128.836700" sectionIndex="0" pointIndex="520" originalElevation="1177.0" isOriginalElevationFromOSM="false" isAnchor="false"><ele>1174.5</ele></trkpt>
<trkpt lat="37.169400" lon="128.836640" sectionIndex="0" pointIndex="521" originalElevation="1177.0" isOriginalElevationFromOSM="false" isAnchor="false"><ele>1176.4</ele></trkpt>
<trkpt lat="37.169800" lon="128.836530" sectionIndex="0" pointIndex="522" originalElevation="1177.0" isOriginalElevationFromOSM="false" isAnchor="false"><ele>1178.1</ele></trkpt>
<trkpt lat="37.169910" lon="128.836450" sectionIndex="0" pointIndex="523" originalElevation="1202.0" isOriginalElevationFromOSM="false" isAnchor="false"><ele>1179.8</ele></trkpt>
<trkpt lat="37.169990" lon="128.836350" sectionIndex="0" pointIndex="524" originalElevation="1202.0" isOriginalElevationFromOSM="false" isAnchor="false"><ele>1181.2</ele></trkpt>
<trkpt lat="37.170030" lon="128.836280" sectionIndex="0" pointIndex="525" originalElevation="1202.0" isOriginalElevationFromOSM="false" isAnchor="false"><ele>1182.5</ele></trkpt>
<trkpt lat="37.170030" lon="128.836280" sectionIndex="0" pointIndex="526" originalElevation="1202.0" isOriginalElevationFromOSM="false" isAnchor="false"><ele>1183.5</ele></trkpt>
<trkpt lat="37.170070" lon="128.836220" sectionIndex="0" pointIndex="527" originalElevation="1202.0" isOriginalElevationFromOSM="false" isAnchor="false"><ele>1184.5</ele></trkpt>
<trkpt lat="37.170310" lon="128.835630" sectionIndex="0" pointIndex="528" originalElevation="1170.0" isOriginalElevationFromOSM="false" isAnchor="false"><ele>1185.3</ele></trkpt>
<trkpt lat="37.170390" lon="128.835490" sectionIndex="0" pointIndex="529" originalElevation="1170.0" isOriginalElevationFromOSM="false" isAnchor="false"><ele>1185.7</ele></trkpt>
<trkpt lat="37.170850" lon="128.835270" sectionIndex="0" pointIndex="530" originalElevation="1196.0" isOriginalElevationFromOSM="false" isAnchor="false"><ele>1185.9</ele></trkpt>
<trkpt lat="37.171040" lon="128.835200" sectionIndex="0" pointIndex="531" originalElevation="1196.0" isOriginalElevationFromOSM="false" isAnchor="false"><ele>1186.1</ele></trkpt>
<trkpt lat="37.171180" lon="128.835180" sectionIndex="0" pointIndex="532" originalElevation="1196.0" isOriginalElevationFromOSM="false" isAnchor="false"><ele>1186.5</ele></trkpt>
<trkpt lat="37.171570" lon="128.834980" sectionIndex="0" pointIndex="533" originalElevation="1183.0" isOriginalElevationFromOSM="false" isAnchor="false"><ele>1186.8</ele></trkpt>
<trkpt lat="37.171950" lon="128.834720" sectionIndex="0" pointIndex="534" originalElevation="1183.0" isOriginalElevationFromOSM="false" isAnchor="false"><ele>1187.0</ele></trkpt>
<trkpt lat="37.172130" lon="128.834550" sectionIndex="0" pointIndex="535" originalElevation="1183.0" isOriginalElevationFromOSM="false" isAnchor="false"><ele>1187.2</ele></trkpt>
<trkpt lat="37.172260" lon="128.834370" sectionIndex="0" pointIndex="536" originalElevation="1183.0" isOriginalElevationFromOSM="false" isAnchor="false"><ele>1187.5</ele></trkpt>
<trkpt lat="37.172310" lon="128.834230" sectionIndex="0" pointIndex="537" originalElevation="1164.0" isOriginalElevationFromOSM="false" isAnchor="false"><ele>1187.8</ele></trkpt>
<trkpt lat="37.172360" lon="128.833980" sectionIndex="0" pointIndex="538" originalElevation="1202.0" isOriginalElevationFromOSM="false" isAnchor="false"><ele>1188.2</ele></trkpt>
<trkpt lat="37.172350" lon="128.833780" sectionIndex="0" pointIndex="539" originalElevation="1164.0" isOriginalElevationFromOSM="false" isAnchor="false"><ele>1188.7</ele></trkpt>
<trkpt lat="37.172360" lon="128.833700" sectionIndex="0" pointIndex="540" originalElevation="1184.5" isOriginalElevationFromOSM="false" isAnchor="false"><ele>1189.2</ele></trkpt>
<trkpt lat="37.172360" lon="128.833700" sectionIndex="0" pointIndex="541" originalElevation="1184.5" isOriginalElevationFromOSM="false" isAnchor="false"><ele>1189.9</ele></trkpt>
<trkpt lat="37.172400" lon="128.833310" sectionIndex="0" pointIndex="542" originalElevation="1205.0" isOriginalElevationFromOSM="false" isAnchor="false"><ele>1190.7</ele></trkpt>
<trkpt lat="37.172400" lon="128.833140" sectionIndex="0" pointIndex="543" originalElevation="1205.0" isOriginalElevationFromOSM="false" isAnchor="false"><ele>1191.6</ele></trkpt>
<trkpt lat="37.172320" lon="128.832430" sectionIndex="0" pointIndex="544" originalElevation="1174.0" isOriginalElevationFromOSM="false" isAnchor="false"><ele>1193.1</ele></trkpt>
<trkpt lat="37.172280" lon="128.832200" sectionIndex="0" pointIndex="545" originalElevation="1174.0" isOriginalElevationFromOSM="false" isAnchor="false"><ele>1194.6</ele></trkpt>
<trkpt lat="37.172300" lon="128.832070" sectionIndex="0" pointIndex="546" originalElevation="1174.0" isOriginalElevationFromOSM="false" isAnchor="false"><ele>1196.1</ele></trkpt>
<trkpt lat="37.172380" lon="128.832040" sectionIndex="0" pointIndex="547" originalElevation="1212.0" isOriginalElevationFromOSM="false" isAnchor="false"><ele>1197.7</ele></trkpt>
<trkpt lat="37.172450" lon="128.832050" sectionIndex="0" pointIndex="548" originalElevation="1212.0" isOriginalElevationFromOSM="false" isAnchor="false"><ele>1199.3</ele></trkpt>
<trkpt lat="37.172550" lon="128.832160" sectionIndex="0" pointIndex="549" originalElevation="1212.0" isOriginalElevationFromOSM="false" isAnchor="false"><ele>1201.2</ele></trkpt>
<trkpt lat="37.172700" lon="128.832350" sectionIndex="0" pointIndex="550" originalElevation="1212.0" isOriginalElevationFromOSM="false" isAnchor="false"><ele>1203.1</ele></trkpt>
<trkpt lat="37.172930" lon="128.832640" sectionIndex="0" pointIndex="551" originalElevation="1205.0" isOriginalElevationFromOSM="false" isAnchor="false"><ele>1205.1</ele></trkpt>
<trkpt lat="37.173040" lon="128.832800" sectionIndex="0" pointIndex="552" originalElevation="1205.0" isOriginalElevationFromOSM="false" isAnchor="false"><ele>1207.2</ele></trkpt>
<trkpt lat="37.173100" lon="128.833000" sectionIndex="0" pointIndex="553" originalElevation="1205.0" isOriginalElevationFromOSM="false" isAnchor="false"><ele>1209.6</ele></trkpt>
<trkpt lat="37.173140" lon="128.833230" sectionIndex="0" pointIndex="554" originalElevation="1205.0" isOriginalElevationFromOSM="false" isAnchor="false"><ele>1211.9</ele></trkpt>
<trkpt lat="37.173170" lon="128.833640" sectionIndex="0" pointIndex="555" originalElevation="1202.0" isOriginalElevationFromOSM="false" isAnchor="false"><ele>1214.5</ele></trkpt>
<trkpt lat="37.173140" lon="128.834000" sectionIndex="0" pointIndex="556" originalElevation="1202.0" isOriginalElevationFromOSM="false" isAnchor="false"><ele>1217.0</ele></trkpt>
<trkpt lat="37.173150" lon="128.834080" sectionIndex="0" pointIndex="557" originalElevation="1202.0" isOriginalElevationFromOSM="false" isAnchor="false"><ele>1219.5</ele></trkpt>
<trkpt lat="37.173190" lon="128.834120" sectionIndex="0" pointIndex="558" originalElevation="1202.0" isOriginalElevationFromOSM="false" isAnchor="false"><ele>1222.0</ele></trkpt>
<trkpt lat="37.173260" lon="128.834090" sectionIndex="0" pointIndex="559" originalElevation="1241.0" isOriginalElevationFromOSM="false" isAnchor="false"><ele>1224.4</ele></trkpt>
<trkpt lat="37.173340" lon="128.833910" sectionIndex="0" pointIndex="560" originalElevation="1241.0" isOriginalElevationFromOSM="false" isAnchor="false"><ele>1227.1</ele></trkpt>
<trkpt lat="37.173490" lon="128.833250" sectionIndex="0" pointIndex="561" originalElevation="1237.0" isOriginalElevationFromOSM="false" isAnchor="false"><ele>1229.8</ele></trkpt>
<trkpt lat="37.173550" lon="128.833060" sectionIndex="0" pointIndex="562" originalElevation="1237.0" isOriginalElevationFromOSM="false" isAnchor="false"><ele>1232.5</ele></trkpt>
<trkpt lat="37.173650" lon="128.832970" sectionIndex="0" pointIndex="563" originalElevation="1237.0" isOriginalElevationFromOSM="false" isAnchor="false"><ele>1234.9</ele></trkpt>
<trkpt lat="37.173730" lon="128.833430" sectionIndex="0" pointIndex="564" originalElevation="1237.0" isOriginalElevationFromOSM="false" isAnchor="false"><ele>1237.2</ele></trkpt>
<trkpt lat="37.173750" lon="128.833890" sectionIndex="0" pointIndex="565" originalElevation="1241.0" isOriginalElevationFromOSM="false" isAnchor="false"><ele>1239.6</ele></trkpt>
<trkpt lat="37.173740" lon="128.834190" sectionIndex="0" pointIndex="566" originalElevation="1241.0" isOriginalElevationFromOSM="false" isAnchor="false"><ele>1241.8</ele></trkpt>
<trkpt lat="37.173650" lon="128.834530" sectionIndex="0" pointIndex="567" originalElevation="1256.0" isOriginalElevationFromOSM="false" isAnchor="false"><ele>1244.0</ele></trkpt>
<trkpt lat="37.173530" lon="128.834910" sectionIndex="0" pointIndex="568" originalElevation="1256.0" isOriginalElevationFromOSM="false" isAnchor="false"><ele>1246.1</ele></trkpt>
<trkpt lat="37.173410" lon="128.835190" sectionIndex="0" pointIndex="569" originalElevation="1263.0" isOriginalElevationFromOSM="false" isAnchor="false"><ele>1248.1</ele></trkpt>
<trkpt lat="37.173330" lon="128.835320" sectionIndex="0" pointIndex="570" originalElevation="1263.0" isOriginalElevationFromOSM="false" isAnchor="false"><ele>1249.9</ele></trkpt>
<trkpt lat="37.173190" lon="128.835510" sectionIndex="0" pointIndex="571" originalElevation="1263.0" isOriginalElevationFromOSM="false" isAnchor="false"><ele>1251.7</ele></trkpt>
<trkpt lat="37.172940" lon="128.835730" sectionIndex="0" pointIndex="572" originalElevation="1243.0" isOriginalElevationFromOSM="false" isAnchor="false"><ele>1253.4</ele></trkpt>
<trkpt lat="37.172910" lon="128.835810" sectionIndex="0" pointIndex="573" originalElevation="1243.0" isOriginalElevationFromOSM="false" isAnchor="false"><ele>1255.1</ele></trkpt>
<trkpt lat="37.172890" lon="128.835890" sectionIndex="0" pointIndex="574" originalElevation="1243.0" isOriginalElevationFromOSM="false" isAnchor="false"><ele>1256.8</ele></trkpt>
<trkpt lat="37.173020" lon="128.835760" sectionIndex="0" pointIndex="575" originalElevation="1243.0" isOriginalElevationFromOSM="false" isAnchor="false"><ele>1258.2</ele></trkpt>
<trkpt lat="37.173400" lon="128.835570" sectionIndex="0" pointIndex="576" originalElevation="1263.0" isOriginalElevationFromOSM="false" isAnchor="false"><ele>1259.6</ele></trkpt>
<trkpt lat="37.173610" lon="128.835450" sectionIndex="0" pointIndex="577" originalElevation="1263.0" isOriginalElevationFromOSM="false" isAnchor="false"><ele>1261.4</ele></trkpt>
<trkpt lat="37.173720" lon="128.835490" sectionIndex="0" pointIndex="578" originalElevation="1263.0" isOriginalElevationFromOSM="false" isAnchor="false"><ele>1263.2</ele></trkpt>
<trkpt lat="37.173990" lon="128.835440" sectionIndex="0" pointIndex="579" originalElevation="1263.0" isOriginalElevationFromOSM="false" isAnchor="false"><ele>1265.1</ele></trkpt>
<trkpt lat="37.174150" lon="128.835380" sectionIndex="0" pointIndex="580" originalElevation="1272.0" isOriginalElevationFromOSM="false" isAnchor="false"><ele>1267.1</ele></trkpt>
<trkpt lat="37.174250" lon="128.835390" sectionIndex="0" pointIndex="581" originalElevation="1272.0" isOriginalElevationFromOSM="false" isAnchor="false"><ele>1269.1</ele></trkpt>
<trkpt lat="37.174250" lon="128.835390" sectionIndex="0" pointIndex="582" originalElevation="1272.0" isOriginalElevationFromOSM="false" isAnchor="false"><ele>1271.3</ele></trkpt>
<trkpt lat="37.174350" lon="128.835410" sectionIndex="0" pointIndex="583" originalElevation="1272.0" isOriginalElevationFromOSM="false" isAnchor="false"><ele>1273.5</ele></trkpt>
<trkpt lat="37.174470" lon="128.835440" sectionIndex="0" pointIndex="584" originalElevation="1272.0" isOriginalElevationFromOSM="false" isAnchor="false"><ele>1275.8</ele></trkpt>
<trkpt lat="37.174600" lon="128.835430" sectionIndex="0" pointIndex="585" originalElevation="1272.0" isOriginalElevationFromOSM="false" isAnchor="false"><ele>1278.2</ele></trkpt>
<trkpt lat="37.174740" lon="128.835360" sectionIndex="0" pointIndex="586" originalElevation="1272.0" isOriginalElevationFromOSM="false" isAnchor="false"><ele>1280.7</ele></trkpt>
<trkpt lat="37.174800" lon="128.835260" sectionIndex="0" pointIndex="587" originalElevation="1272.0" isOriginalElevationFromOSM="false" isAnchor="false"><ele>1283.5</ele></trkpt>
<trkpt lat="37.174670" lon="128.835110" sectionIndex="0" pointIndex="588" originalElevation="1282.0" isOriginalElevationFromOSM="false" isAnchor="false"><ele>1286.4</ele></trkpt>
<trkpt lat="37.174670" lon="128.835050" sectionIndex="0" pointIndex="589" originalElevation="1282.0" isOriginalElevationFromOSM="false" isAnchor="false"><ele>1289.5</ele></trkpt>
<trkpt lat="37.174730" lon="128.835010" sectionIndex="0" pointIndex="590" originalElevation="1282.0" isOriginalElevationFromOSM="false" isAnchor="false"><ele>1292.5</ele></trkpt>
<trkpt lat="37.174820" lon="128.835010" sectionIndex="0" pointIndex="591" originalElevation="1282.0" isOriginalElevationFromOSM="false" isAnchor="false"><ele>1295.4</ele></trkpt>
<trkpt lat="37.174910" lon="128.834980" sectionIndex="0" pointIndex="592" originalElevation="1315.0" isOriginalElevationFromOSM="false" isAnchor="false"><ele>1298.2</ele></trkpt>
<trkpt lat="37.174980" lon="128.834910" sectionIndex="0" pointIndex="593" originalElevation="1315.0" isOriginalElevationFromOSM="false" isAnchor="false"><ele>1301.0</ele></trkpt>
<trkpt lat="37.175180" lon="128.834890" sectionIndex="0" pointIndex="594" originalElevation="1315.0" isOriginalElevationFromOSM="false" isAnchor="false"><ele>1303.8</ele></trkpt>
<trkpt lat="37.175150" lon="128.834830" sectionIndex="0" pointIndex="595" originalElevation="1315.0" isOriginalElevationFromOSM="false" isAnchor="false"><ele>1306.5</ele></trkpt>
<trkpt lat="37.175030" lon="128.834750" sectionIndex="0" pointIndex="596" originalElevation="1315.0" isOriginalElevationFromOSM="false" isAnchor="false"><ele>1309.0</ele></trkpt>
<trkpt lat="37.175110" lon="128.834590" sectionIndex="0" pointIndex="597" originalElevation="1315.0" isOriginalElevationFromOSM="false" isAnchor="false"><ele>1311.4</ele></trkpt>
<trkpt lat="37.175270" lon="128.834550" sectionIndex="0" pointIndex="598" originalElevation="1315.0" isOriginalElevationFromOSM="false" isAnchor="false"><ele>1313.7</ele></trkpt>
<trkpt lat="37.175420" lon="128.834530" sectionIndex="0" pointIndex="599" originalElevation="1315.0" isOriginalElevationFromOSM="false" isAnchor="false"><ele>1315.9</ele></trkpt>
<trkpt lat="37.175520" lon="128.834420" sectionIndex="0" pointIndex="600" originalElevation="1315.0" isOriginalElevationFromOSM="false" isAnchor="false"><ele>1317.9</ele></trkpt>
<trkpt lat="37.175630" lon="128.834470" sectionIndex="0" pointIndex="601" originalElevation="1315.0" isOriginalElevationFromOSM="false" isAnchor="false"><ele>1319.6</ele></trkpt>
<trkpt lat="37.175850" lon="128.834410" sectionIndex="0" pointIndex="602" originalElevation="1341.0" isOriginalElevationFromOSM="false" isAnchor="false"><ele>1321.2</ele></trkpt>
<trkpt lat="37.175940" lon="128.834350" sectionIndex="0" pointIndex="603" originalElevation="1341.0" isOriginalElevationFromOSM="false" isAnchor="false"><ele>1322.7</ele></trkpt>
<trkpt lat="37.176110" lon="128.834660" sectionIndex="0" pointIndex="604" originalElevation="1341.0" isOriginalElevationFromOSM="false" isAnchor="false"><ele>1323.8</ele></trkpt>
<trkpt lat="37.176300" lon="128.835020" sectionIndex="0" pointIndex="605" originalElevation="1325.0" isOriginalElevationFromOSM="false" isAnchor="false"><ele>1324.9</ele></trkpt>
<trkpt lat="37.176300" lon="128.835020" sectionIndex="0" pointIndex="606" originalElevation="1325.0" isOriginalElevationFromOSM="false" isAnchor="false"><ele>1325.8</ele></trkpt>
<trkpt lat="37.176390" lon="128.835180" sectionIndex="0" pointIndex="607" originalElevation="1309.0" isOriginalElevationFromOSM="false" isAnchor="false"><ele>1326.5</ele></trkpt>
<trkpt lat="37.176530" lon="128.835330" sectionIndex="0" pointIndex="608" originalElevation="1331.0" isOriginalElevationFromOSM="false" isAnchor="false"><ele>1327.0</ele></trkpt>
<trkpt lat="37.176740" lon="128.835480" sectionIndex="0" pointIndex="609" originalElevation="1331.0" isOriginalElevationFromOSM="false" isAnchor="false"><ele>1327.4</ele></trkpt>
<trkpt lat="37.176920" lon="128.835550" sectionIndex="0" pointIndex="610" originalElevation="1331.0" isOriginalElevationFromOSM="false" isAnchor="false"><ele>1327.6</ele></trkpt>
<trkpt lat="37.177060" lon="128.835650" sectionIndex="0" pointIndex="611" originalElevation="1331.0" isOriginalElevationFromOSM="false" isAnchor="false"><ele>1327.6</ele></trkpt>
<trkpt lat="37.177110" lon="128.835720" sectionIndex="0" pointIndex="612" originalElevation="1331.0" isOriginalElevationFromOSM="false" isAnchor="false"><ele>1327.6</ele></trkpt>
<trkpt lat="37.177250" lon="128.835750" sectionIndex="0" pointIndex="613" originalElevation="1331.0" isOriginalElevationFromOSM="false" isAnchor="false"><ele>1327.4</ele></trkpt>
<trkpt lat="37.177210" lon="128.835530" sectionIndex="0" pointIndex="614" originalElevation="1331.0" isOriginalElevationFromOSM="false" isAnchor="false"><ele>1327.1</ele></trkpt>
<trkpt lat="37.177330" lon="128.835580" sectionIndex="0" pointIndex="615" originalElevation="1331.0" isOriginalElevationFromOSM="false" isAnchor="false"><ele>1326.6</ele></trkpt>
<trkpt lat="37.177410" lon="128.835760" sectionIndex="0" pointIndex="616" originalElevation="1326.0" isOriginalElevationFromOSM="false" isAnchor="false"><ele>1325.8</ele></trkpt>
<trkpt lat="37.177470" lon="128.835740" sectionIndex="0" pointIndex="617" originalElevation="1326.0" isOriginalElevationFromOSM="false" isAnchor="false"><ele>1324.9</ele></trkpt>
<trkpt lat="37.177550" lon="128.835340" sectionIndex="0" pointIndex="618" originalElevation="1326.0" isOriginalElevationFromOSM="false" isAnchor="false"><ele>1323.5</ele></trkpt>
<trkpt lat="37.177600" lon="128.835240" sectionIndex="0" pointIndex="619" originalElevation="1326.0" isOriginalElevationFromOSM="false" isAnchor="false"><ele>1322.0</ele></trkpt>
<trkpt lat="37.177750" lon="128.835360" sectionIndex="0" pointIndex="620" originalElevation="1326.0" isOriginalElevationFromOSM="false" isAnchor="false"><ele>1320.2</ele></trkpt>
<trkpt lat="37.177810" lon="128.835280" sectionIndex="0" pointIndex="621" originalElevation="1329.5" isOriginalElevationFromOSM="false" isAnchor="false"><ele>1318.3</ele></trkpt>
<trkpt lat="37.177810" lon="128.835280" sectionIndex="0" pointIndex="622" originalElevation="1329.5" isOriginalElevationFromOSM="false" isAnchor="false"><ele>1316.1</ele></trkpt>
<trkpt lat="37.177990" lon="128.835040" sectionIndex="0" pointIndex="623" originalElevation="1333.0" isOriginalElevationFromOSM="false" isAnchor="false"><ele>1313.5</ele></trkpt>
<trkpt lat="37.178100" lon="128.834560" sectionIndex="0" pointIndex="624" originalElevation="1333.0" isOriginalElevationFromOSM="false" isAnchor="false"><ele>1310.6</ele></trkpt>
<trkpt lat="37.178260" lon="128.834610" sectionIndex="0" pointIndex="625" originalElevation="1302.0" isOriginalElevationFromOSM="false" isAnchor="false"><ele>1307.4</ele></trkpt>
<trkpt lat="37.178440" lon="128.834390" sectionIndex="0" pointIndex="626" originalElevation="1302.0" isOriginalElevationFromOSM="false" isAnchor="false"><ele>1303.9</ele></trkpt>
<trkpt lat="37.178440" lon="128.834250" sectionIndex="0" pointIndex="627" originalElevation="1309.0" isOriginalElevationFromOSM="false" isAnchor="false"><ele>1300.0</ele></trkpt>
<trkpt lat="37.178670" lon="128.833950" sectionIndex="0" pointIndex="628" originalElevation="1309.0" isOriginalElevationFromOSM="false" isAnchor="false"><ele>1295.8</ele></trkpt>
<trkpt lat="37.178810" lon="128.834100" sectionIndex="0" pointIndex="629" originalElevation="1309.0" isOriginalElevationFromOSM="false" isAnchor="false"><ele>1291.4</ele></trkpt>
<trkpt lat="37.179060" lon="128.833840" sectionIndex="0" pointIndex="630" originalElevation="1282.0" isOriginalElevationFromOSM="false" isAnchor="false"><ele>1286.8</ele></trkpt>
<trkpt lat="37.179190" lon="128.834130" sectionIndex="0" pointIndex="631" originalElevation="1282.0" isOriginalElevationFromOSM="false" isAnchor="false"><ele>1282.0</ele></trkpt>
<trkpt lat="37.179300" lon="128.834100" sectionIndex="0" pointIndex="632" originalElevation="1282.0" isOriginalElevationFromOSM="false" isAnchor="false"><ele>1277.2</ele></trkpt>
<trkpt lat="37.179350" lon="128.834380" sectionIndex="0" pointIndex="633" originalElevation="1264.0" isOriginalElevationFromOSM="false" isAnchor="false"><ele>1272.2</ele></trkpt>
<trkpt lat="37.179530" lon="128.834300" sectionIndex="0" pointIndex="634" originalElevation="1282.0" isOriginalElevationFromOSM="false" isAnchor="false"><ele>1267.1</ele></trkpt>
<trkpt lat="37.179470" lon="128.834720" sectionIndex="0" pointIndex="635" originalElevation="1264.0" isOriginalElevationFromOSM="false" isAnchor="false"><ele>1262.1</ele></trkpt>
<trkpt lat="37.179630" lon="128.834720" sectionIndex="0" pointIndex="636" originalElevation="1264.0" isOriginalElevationFromOSM="false" isAnchor="false"><ele>1257.1</ele></trkpt>
<trkpt lat="37.179860" lon="128.834940" sectionIndex="0" pointIndex="637" originalElevation="1242.0" isOriginalElevationFromOSM="false" isAnchor="false"><ele>1252.0</ele></trkpt>
<trkpt lat="37.179850" lon="128.835210" sectionIndex="0" pointIndex="638" originalElevation="1229.0" isOriginalElevationFromOSM="false" isAnchor="false"><ele>1247.0</ele></trkpt>
<trkpt lat="37.179730" lon="128.835400" sectionIndex="0" pointIndex="639" originalElevation="1255.0" isOriginalElevationFromOSM="false" isAnchor="false"><ele>1242.1</ele></trkpt>
<trkpt lat="37.179980" lon="128.835550" sectionIndex="0" pointIndex="640" originalElevation="1229.0" isOriginalElevationFromOSM="false" isAnchor="false"><ele>1237.4</ele></trkpt>
<trkpt lat="37.180340" lon="128.835640" sectionIndex="0" pointIndex="641" originalElevation="1229.0" isOriginalElevationFromOSM="false" isAnchor="false"><ele>1233.1</ele></trkpt>
<trkpt lat="37.180690" lon="128.835520" sectionIndex="0" pointIndex="642" originalElevation="1207.0" isOriginalElevationFromOSM="false" isAnchor="false"><ele>1228.9</ele></trkpt>
<trkpt lat="37.180790" lon="128.835530" sectionIndex="0" pointIndex="643" originalElevation="1207.0" isOriginalElevationFromOSM="false" isAnchor="false"><ele>1224.9</ele></trkpt>
<trkpt lat="37.180840" lon="128.835670" sectionIndex="0" pointIndex="644" originalElevation="1207.0" isOriginalElevationFromOSM="false" isAnchor="false"><ele>1220.8</ele></trkpt>
<trkpt lat="37.181010" lon="128.835750" sectionIndex="0" pointIndex="645" originalElevation="1207.0" isOriginalElevationFromOSM="false" isAnchor="false"><ele>1217.0</ele></trkpt>
<trkpt lat="37.181150" lon="128.836120" sectionIndex="0" pointIndex="646" originalElevation="1210.0" isOriginalElevationFromOSM="false" isAnchor="false"><ele>1213.4</ele></trkpt>
<trkpt lat="37.181230" lon="128.836130" sectionIndex="0" pointIndex="647" originalElevation="1210.0" isOriginalElevationFromOSM="false" isAnchor="false"><ele>1209.8</ele></trkpt>
<trkpt lat="37.181230" lon="128.836130" sectionIndex="0" pointIndex="648" originalElevation="1210.0" isOriginalElevationFromOSM="false" isAnchor="false"><ele>1206.2</ele></trkpt>
<trkpt lat="37.181300" lon="128.836140" sectionIndex="0" pointIndex="649" originalElevation="1210.0" isOriginalElevationFromOSM="false" isAnchor="false"><ele>1202.7</ele></trkpt>
<trkpt lat="37.181380" lon="128.836050" sectionIndex="0" pointIndex="650" originalElevation="1210.0" isOriginalElevationFromOSM="false" isAnchor="false"><ele>1199.0</ele></trkpt>
<trkpt lat="37.181450" lon="128.836140" sectionIndex="0" pointIndex="651" originalElevation="1210.0" isOriginalElevationFromOSM="false" isAnchor="false"><ele>1195.3</ele></trkpt>
<trkpt lat="37.181640" lon="128.835970" sectionIndex="0" pointIndex="652" originalElevation="1187.0" isOriginalElevationFromOSM="false" isAnchor="false"><ele>1191.4</ele></trkpt>
<trkpt lat="37.181710" lon="128.836030" sectionIndex="0" pointIndex="653" originalElevation="1187.0" isOriginalElevationFromOSM="false" isAnchor="false"><ele>1187.8</ele></trkpt>
<trkpt lat="37.181690" lon="128.836290" sectionIndex="0" pointIndex="654" originalElevation="1187.0" isOriginalElevationFromOSM="false" isAnchor="false"><ele>1184.1</ele></trkpt>
<trkpt lat="37.181890" lon="128.836220" sectionIndex="0" pointIndex="655" originalElevation="1187.0" isOriginalElevationFromOSM="false" isAnchor="false"><ele>1180.1</ele></trkpt>
<trkpt lat="37.182030" lon="128.836060" sectionIndex="0" pointIndex="656" originalElevation="1187.0" isOriginalElevationFromOSM="false" isAnchor="false"><ele>1176.0</ele></trkpt>
<trkpt lat="37.182090" lon="128.836230" sectionIndex="0" pointIndex="657" originalElevation="1187.0" isOriginalElevationFromOSM="false" isAnchor="false"><ele>1171.8</ele></trkpt>
<trkpt lat="37.182220" lon="128.836240" sectionIndex="0" pointIndex="658" originalElevation="1187.0" isOriginalElevationFromOSM="false" isAnchor="false"><ele>1167.6</ele></trkpt>
<trkpt lat="37.182540" lon="128.836080" sectionIndex="0" pointIndex="659" originalElevation="1160.0" isOriginalElevationFromOSM="false" isAnchor="false"><ele>1163.1</ele></trkpt>
<trkpt lat="37.182720" lon="128.836200" sectionIndex="0" pointIndex="660" originalElevation="1160.0" isOriginalElevationFromOSM="false" isAnchor="false"><ele>1158.5</ele></trkpt>
<trkpt lat="37.183070" lon="128.836480" sectionIndex="0" pointIndex="661" originalElevation="1160.0" isOriginalElevationFromOSM="false" isAnchor="false"><ele>1153.8</ele></trkpt>
<trkpt lat="37.183600" lon="128.836540" sectionIndex="0" pointIndex="662" originalElevation="1134.0" isOriginalElevationFromOSM="false" isAnchor="false"><ele>1149.1</ele></trkpt>
<trkpt lat="37.183700" lon="128.836590" sectionIndex="0" pointIndex="663" originalElevation="1134.0" isOriginalElevationFromOSM="false" isAnchor="false"><ele>1144.4</ele></trkpt>
<trkpt lat="37.183830" lon="128.836610" sectionIndex="0" pointIndex="664" originalElevation="1134.0" isOriginalElevationFromOSM="false" isAnchor="false"><ele>1139.8</ele></trkpt>
<trkpt lat="37.184220" lon="128.836710" sectionIndex="0" pointIndex="665" originalElevation="1117.0" isOriginalElevationFromOSM="false" isAnchor="false"><ele>1135.1</ele></trkpt>
<trkpt lat="37.184270" lon="128.836770" sectionIndex="0" pointIndex="666" originalElevation="1117.0" isOriginalElevationFromOSM="false" isAnchor="false"><ele>1130.4</ele></trkpt>
<trkpt lat="37.184220" lon="128.836860" sectionIndex="0" pointIndex="667" originalElevation="1107.0" isOriginalElevationFromOSM="false" isAnchor="false"><ele>1125.8</ele></trkpt>
<trkpt lat="37.183850" lon="128.836990" sectionIndex="0" pointIndex="668" originalElevation="1135.0" isOriginalElevationFromOSM="false" isAnchor="false"><ele>1121.2</ele></trkpt>
<trkpt lat="37.183760" lon="128.837100" sectionIndex="0" pointIndex="669" originalElevation="1135.0" isOriginalElevationFromOSM="false" isAnchor="false"><ele>1116.7</ele></trkpt>
<trkpt lat="37.183910" lon="128.837190" sectionIndex="0" pointIndex="670" originalElevation="1135.0" isOriginalElevationFromOSM="false" isAnchor="false"><ele>1112.2</ele></trkpt>
<trkpt lat="37.184120" lon="128.837170" sectionIndex="0" pointIndex="671" originalElevation="1107.0" isOriginalElevationFromOSM="false" isAnchor="false"><ele>1107.7</ele></trkpt>
<trkpt lat="37.184540" lon="128.837520" sectionIndex="0" pointIndex="672" originalElevation="1107.0" isOriginalElevationFromOSM="false" isAnchor="false"><ele>1103.3</ele></trkpt>
<trkpt lat="37.184670" lon="128.837800" sectionIndex="0" pointIndex="673" originalElevation="1109.0" isOriginalElevationFromOSM="false" isAnchor="false"><ele>1098.8</ele></trkpt>
<trkpt lat="37.184870" lon="128.837850" sectionIndex="0" pointIndex="674" originalElevation="1079.0" isOriginalElevationFromOSM="false" isAnchor="false"><ele>1094.5</ele></trkpt>
<trkpt lat="37.185030" lon="128.838030" sectionIndex="0" pointIndex="675" originalElevation="1079.0" isOriginalElevationFromOSM="false" isAnchor="false"><ele>1090.4</ele></trkpt>
<trkpt lat="37.185200" lon="128.838070" sectionIndex="0" pointIndex="676" originalElevation="1079.0" isOriginalElevationFromOSM="false" isAnchor="false"><ele>1086.3</ele></trkpt>
<trkpt lat="37.185390" lon="128.838210" sectionIndex="0" pointIndex="677" originalElevation="1079.0" isOriginalElevationFromOSM="false" isAnchor="false"><ele>1082.4</ele></trkpt>
<trkpt lat="37.185390" lon="128.838210" sectionIndex="0" pointIndex="678" originalElevation="1079.0" isOriginalElevationFromOSM="false" isAnchor="false"><ele>1078.6</ele></trkpt>
<trkpt lat="37.185510" lon="128.838300" sectionIndex="0" pointIndex="679" originalElevation="1079.0" isOriginalElevationFromOSM="false" isAnchor="false"><ele>1075.0</ele></trkpt>
<trkpt lat="37.185910" lon="128.838810" sectionIndex="0" pointIndex="680" originalElevation="1065.0" isOriginalElevationFromOSM="false" isAnchor="false"><ele>1071.5</ele></trkpt>
<trkpt lat="37.186040" lon="128.838870" sectionIndex="0" pointIndex="681" originalElevation="1065.0" isOriginalElevationFromOSM="false" isAnchor="false"><ele>1068.2</ele></trkpt>
<trkpt lat="37.186220" lon="128.839050" sectionIndex="0" pointIndex="682" originalElevation="1065.0" isOriginalElevationFromOSM="false" isAnchor="false"><ele>1065.0</ele></trkpt>
<trkpt lat="37.186520" lon="128.839260" sectionIndex="0" pointIndex="683" originalElevation="1042.0" isOriginalElevationFromOSM="false" isAnchor="false"><ele>1062.1</ele></trkpt>
<trkpt lat="37.186780" lon="128.839690" sectionIndex="0" pointIndex="684" originalElevation="1049.0" isOriginalElevationFromOSM="false" isAnchor="false"><ele>1059.1</ele></trkpt>
<trkpt lat="37.187000" lon="128.839690" sectionIndex="0" pointIndex="685" originalElevation="1049.0" isOriginalElevationFromOSM="false" isAnchor="false"><ele>1056.3</ele></trkpt>
<trkpt lat="37.187250" lon="128.839930" sectionIndex="0" pointIndex="686" originalElevation="1049.0" isOriginalElevationFromOSM="false" isAnchor="false"><ele>1053.7</ele></trkpt>
<trkpt lat="37.187290" lon="128.840080" sectionIndex="0" pointIndex="687" originalElevation="1049.0" isOriginalElevationFromOSM="false" isAnchor="false"><ele>1051.5</ele></trkpt>
<trkpt lat="37.187400" lon="128.840090" sectionIndex="0" pointIndex="688" originalElevation="1036.0" isOriginalElevationFromOSM="false" isAnchor="false"><ele>1049.4</ele></trkpt>
<trkpt lat="37.187400" lon="128.840090" sectionIndex="0" pointIndex="689" originalElevation="1049.0" isOriginalElevationFromOSM="false" isAnchor="false"><ele>1047.4</ele></trkpt>
<trkpt lat="37.187414" lon="128.840036" sectionIndex="0" pointIndex="690" originalElevation="1049.0" isOriginalElevationFromOSM="false" isAnchor="false"><ele>1045.8</ele></trkpt>
<trkpt lat="37.187428" lon="128.839983" sectionIndex="0" pointIndex="691" originalElevation="1042.0" isOriginalElevationFromOSM="false" isAnchor="false"><ele>1044.2</ele></trkpt>
<trkpt lat="37.187442" lon="128.839929" sectionIndex="0" pointIndex="692" originalElevation="1042.0" isOriginalElevationFromOSM="false" isAnchor="false"><ele>1043.0</ele></trkpt>
<trkpt lat="37.187456" lon="128.839875" sectionIndex="0" pointIndex="693" originalElevation="1042.0" isOriginalElevationFromOSM="false" isAnchor="false"><ele>1041.9</ele></trkpt>
<trkpt lat="37.187470" lon="128.839822" sectionIndex="0" pointIndex="694" originalElevation="1042.0" isOriginalElevationFromOSM="false" isAnchor="false"><ele>1041.0</ele></trkpt>
<trkpt lat="37.187484" lon="128.839768" sectionIndex="0" pointIndex="695" originalElevation="1042.0" isOriginalElevationFromOSM="false" isAnchor="false"><ele>1040.3</ele></trkpt>
<trkpt lat="37.187498" lon="128.839714" sectionIndex="0" pointIndex="696" originalElevation="1042.0" isOriginalElevationFromOSM="false" isAnchor="false"><ele>1039.8</ele></trkpt>
<trkpt lat="37.187512" lon="128.839661" sectionIndex="0" pointIndex="697" originalElevation="1030.0" isOriginalElevationFromOSM="false" isAnchor="false"><ele>1039.6</ele></trkpt>
<trkpt lat="37.187526" lon="128.839607" sectionIndex="0" pointIndex="698" originalElevation="1030.0" isOriginalElevationFromOSM="false" isAnchor="false"><ele>1039.5</ele></trkpt>
<trkpt lat="37.187540" lon="128.839554" sectionIndex="0" pointIndex="699" originalElevation="1030.0" isOriginalElevationFromOSM="false" isAnchor="false"><ele>1039.8</ele></trkpt>
<trkpt lat="37.187554" lon="128.839500" sectionIndex="0" pointIndex="700" originalElevation="1030.0" isOriginalElevationFromOSM="false" isAnchor="false"><ele>1040.3</ele></trkpt>
<trkpt lat="37.187568" lon="128.839446" sectionIndex="0" pointIndex="701" originalElevation="1030.0" isOriginalElevationFromOSM="false" isAnchor="false"><ele>1041.0</ele></trkpt>
<trkpt lat="37.187582" lon="128.839393" sectionIndex="0" pointIndex="702" originalElevation="1030.0" isOriginalElevationFromOSM="false" isAnchor="false"><ele>1041.8</ele></trkpt>
<trkpt lat="37.187596" lon="128.839339" sectionIndex="0" pointIndex="703" originalElevation="1030.0" isOriginalElevationFromOSM="false" isAnchor="false"><ele>1042.9</ele></trkpt>
<trkpt lat="37.187610" lon="128.839285" sectionIndex="0" pointIndex="704" originalElevation="1030.0" isOriginalElevationFromOSM="false" isAnchor="false"><ele>1044.2</ele></trkpt>
<trkpt lat="37.187624" lon="128.839232" sectionIndex="0" pointIndex="705" originalElevation="1030.0" isOriginalElevationFromOSM="false" isAnchor="false"><ele>1045.6</ele></trkpt>
<trkpt lat="37.187638" lon="128.839178" sectionIndex="0" pointIndex="706" originalElevation="1030.0" isOriginalElevationFromOSM="false" isAnchor="false"><ele>1047.1</ele></trkpt>
<trkpt lat="37.187652" lon="128.839124" sectionIndex="0" pointIndex="707" originalElevation="1064.0" isOriginalElevationFromOSM="false" isAnchor="false"><ele>1048.7</ele></trkpt>
<trkpt lat="37.187653" lon="128.839121" sectionIndex="0" pointIndex="708" originalElevation="1064.0" isOriginalElevationFromOSM="false" isAnchor="false"><ele>1050.3</ele></trkpt>
<trkpt lat="37.187653" lon="128.839121" sectionIndex="0" pointIndex="709" originalElevation="1064.0" isOriginalElevationFromOSM="false" isAnchor="false"><ele>1052.0</ele></trkpt>
<trkpt lat="37.187694" lon="128.839099" sectionIndex="0" pointIndex="710" originalElevation="1064.0" isOriginalElevationFromOSM="false" isAnchor="false"><ele>1053.6</ele></trkpt>
<trkpt lat="37.187736" lon="128.839078" sectionIndex="0" pointIndex="711" originalElevation="1064.0" isOriginalElevationFromOSM="false" isAnchor="false"><ele>1055.1</ele></trkpt>
<trkpt lat="37.187777" lon="128.839056" sectionIndex="0" pointIndex="712" originalElevation="1064.0" isOriginalElevationFromOSM="false" isAnchor="false"><ele>1056.4</ele></trkpt>
<trkpt lat="37.187819" lon="128.839035" sectionIndex="0" pointIndex="713" originalElevation="1064.0" isOriginalElevationFromOSM="false" isAnchor="false"><ele>1057.6</ele></trkpt>
<trkpt lat="37.187860" lon="128.839013" sectionIndex="0" pointIndex="714" originalElevation="1064.0" isOriginalElevationFromOSM="false" isAnchor="false"><ele>1058.7</ele></trkpt>
<trkpt lat="37.187902" lon="128.838992" sectionIndex="0" pointIndex="715" originalElevation="1064.0" isOriginalElevationFromOSM="false" isAnchor="false"><ele>1059.5</ele></trkpt>
<trkpt lat="37.187944" lon="128.838970" sectionIndex="0" pointIndex="716" originalElevation="1064.0" isOriginalElevationFromOSM="false" isAnchor="false"><ele>1060.2</ele></trkpt>
<trkpt lat="37.187985" lon="128.838949" sectionIndex="0" pointIndex="717" originalElevation="1064.0" isOriginalElevationFromOSM="false" isAnchor="false"><ele>1060.6</ele></trkpt>
<trkpt lat="37.188027" lon="128.838927" sectionIndex="0" pointIndex="718" originalElevation="1064.0" isOriginalElevationFromOSM="false" isAnchor="false"><ele>1060.9</ele></trkpt>
<trkpt lat="37.188068" lon="128.838906" sectionIndex="0" pointIndex="719" originalElevation="1064.0" isOriginalElevationFromOSM="false" isAnchor="false"><ele>1061.0</ele></trkpt>
<trkpt lat="37.188110" lon="128.838884" sectionIndex="0" pointIndex="720" originalElevation="1064.0" isOriginalElevationFromOSM="false" isAnchor="false"><ele>1060.9</ele></trkpt>
<trkpt lat="37.188151" lon="128.838863" sectionIndex="0" pointIndex="721" originalElevation="1064.0" isOriginalElevationFromOSM="false" isAnchor="false"><ele>1060.7</ele></trkpt>
<trkpt lat="37.188193" lon="128.838841" sectionIndex="0" pointIndex="722" originalElevation="1064.0" isOriginalElevationFromOSM="false" isAnchor="false"><ele>1060.3</ele></trkpt>
<trkpt lat="37.188234" lon="128.838820" sectionIndex="0" pointIndex="723" originalElevation="1064.0" isOriginalElevationFromOSM="false" isAnchor="false"><ele>1059.6</ele></trkpt>
<trkpt lat="37.188234" lon="128.838820" sectionIndex="0" pointIndex="724" originalElevation="1064.0" isOriginalElevationFromOSM="false" isAnchor="false"><ele>1058.9</ele></trkpt>
<trkpt lat="37.188278" lon="128.838813" sectionIndex="0" pointIndex="725" originalElevation="1064.0" isOriginalElevationFromOSM="false" isAnchor="false"><ele>1058.2</ele></trkpt>
<trkpt lat="37.188323" lon="128.838806" sectionIndex="0" pointIndex="726" originalElevation="1064.0" isOriginalElevationFromOSM="false" isAnchor="false"><ele>1057.4</ele></trkpt>
<trkpt lat="37.188367" lon="128.838798" sectionIndex="0" pointIndex="727" originalElevation="1050.0" isOriginalElevationFromOSM="false" isAnchor="false"><ele>1056.6</ele></trkpt>
<trkpt lat="37.188412" lon="128.838791" sectionIndex="0" pointIndex="728" originalElevation="1050.0" isOriginalElevationFromOSM="false" isAnchor="false"><ele>1055.8</ele></trkpt>
<trkpt lat="37.188457" lon="128.838783" sectionIndex="0" pointIndex="729" originalElevation="1050.0" isOriginalElevationFromOSM="false" isAnchor="false"><ele>1055.1</ele></trkpt>
<trkpt lat="37.188501" lon="128.838776" sectionIndex="0" pointIndex="730" originalElevation="1050.0" isOriginalElevationFromOSM="false" isAnchor="false"><ele>1054.4</ele></trkpt>
<trkpt lat="37.188546" lon="128.838769" sectionIndex="0" pointIndex="731" originalElevation="1050.0" isOriginalElevationFromOSM="false" isAnchor="false"><ele>1053.7</ele></trkpt>
<trkpt lat="37.188590" lon="128.838761" sectionIndex="0" pointIndex="732" originalElevation="1050.0" isOriginalElevationFromOSM="false" isAnchor="false"><ele>1053.1</ele></trkpt>
<trkpt lat="37.188635" lon="128.838754" sectionIndex="0" pointIndex="733" originalElevation="1050.0" isOriginalElevationFromOSM="false" isAnchor="false"><ele>1052.7</ele></trkpt>
<trkpt lat="37.188680" lon="128.838747" sectionIndex="0" pointIndex="734" originalElevation="1050.0" isOriginalElevationFromOSM="false" isAnchor="false"><ele>1052.5</ele></trkpt>
<trkpt lat="37.188724" lon="128.838739" sectionIndex="0" pointIndex="735" originalElevation="1050.0" isOriginalElevationFromOSM="false" isAnchor="false"><ele>1052.3</ele></trkpt>
<trkpt lat="37.188769" lon="128.838732" sectionIndex="0" pointIndex="736" originalElevation="1050.0" isOriginalElevationFromOSM="false" isAnchor="false"><ele>1052.3</ele></trkpt>
<trkpt lat="37.188813" lon="128.838725" sectionIndex="0" pointIndex="737" originalElevation="1050.0" isOriginalElevationFromOSM="false" isAnchor="false"><ele>1052.5</ele></trkpt>
<trkpt lat="37.188858" lon="128.838717" sectionIndex="0" pointIndex="738" originalElevation="1050.0" isOriginalElevationFromOSM="false" isAnchor="false"><ele>1052.8</ele></trkpt>
<trkpt lat="37.188883" lon="128.838713" sectionIndex="0" pointIndex="739" originalElevation="1050.0" isOriginalElevationFromOSM="false" isAnchor="false"><ele>1053.1</ele></trkpt>
<trkpt lat="37.188883" lon="128.838713" sectionIndex="0" pointIndex="740" originalElevation="1050.0" isOriginalElevationFromOSM="false" isAnchor="false"><ele>1053.4</ele></trkpt>
<trkpt lat="37.188904" lon="128.838663" sectionIndex="0" pointIndex="741" originalElevation="1050.0" isOriginalElevationFromOSM="false" isAnchor="false"><ele>1053.9</ele></trkpt>
<trkpt lat="37.188926" lon="128.838613" sectionIndex="0" pointIndex="742" originalElevation="1050.0" isOriginalElevationFromOSM="false" isAnchor="false"><ele>1054.4</ele></trkpt>
<trkpt lat="37.188947" lon="128.838563" sectionIndex="0" pointIndex="743" originalElevation="1050.0" isOriginalElevationFromOSM="false" isAnchor="false"><ele>1055.0</ele></trkpt>
<trkpt lat="37.188968" lon="128.838514" sectionIndex="0" pointIndex="744" originalElevation="1050.0" isOriginalElevationFromOSM="false" isAnchor="false"><ele>1055.7</ele></trkpt>
<trkpt lat="37.188989" lon="128.838464" sectionIndex="0" pointIndex="745" originalElevation="1050.0" isOriginalElevationFromOSM="false" isAnchor="false"><ele>1056.3</ele></trkpt>
<trkpt lat="37.189010" lon="128.838414" sectionIndex="0" pointIndex="746" originalElevation="1050.0" isOriginalElevationFromOSM="false" isAnchor="false"><ele>1056.8</ele></trkpt>
<trkpt lat="37.189031" lon="128.838364" sectionIndex="0" pointIndex="747" originalElevation="1050.0" isOriginalElevationFromOSM="false" isAnchor="false"><ele>1057.3</ele></trkpt>
<trkpt lat="37.189052" lon="128.838314" sectionIndex="0" pointIndex="748" originalElevation="1075.0" isOriginalElevationFromOSM="false" isAnchor="false"><ele>1057.7</ele></trkpt>
<trkpt lat="37.189073" lon="128.838264" sectionIndex="0" pointIndex="749" originalElevation="1075.0" isOriginalElevationFromOSM="false" isAnchor="false"><ele>1057.9</ele></trkpt>
<trkpt lat="37.189094" lon="128.838214" sectionIndex="0" pointIndex="750" originalElevation="1075.0" isOriginalElevationFromOSM="false" isAnchor="false"><ele>1058.2</ele></trkpt>
<trkpt lat="37.189115" lon="128.838165" sectionIndex="0" pointIndex="751" originalElevation="1075.0" isOriginalElevationFromOSM="false" isAnchor="false"><ele>1058.4</ele></trkpt>
<trkpt lat="37.189136" lon="128.838115" sectionIndex="0" pointIndex="752" originalElevation="1075.0" isOriginalElevationFromOSM="false" isAnchor="false"><ele>1058.5</ele></trkpt>
<trkpt lat="37.189158" lon="128.838065" sectionIndex="0" pointIndex="753" originalElevation="1075.0" isOriginalElevationFromOSM="false" isAnchor="false"><ele>1058.5</ele></trkpt>
<trkpt lat="37.189179" lon="128.838015" sectionIndex="0" pointIndex="754" originalElevation="1050.0" isOriginalElevationFromOSM="false" isAnchor="false"><ele>1058.4</ele></trkpt>
<trkpt lat="37.189200" lon="128.837965" sectionIndex="0" pointIndex="755" originalElevation="1050.0" isOriginalElevationFromOSM="false" isAnchor="false"><ele>1058.4</ele></trkpt>
<trkpt lat="37.189221" lon="128.837915" sectionIndex="0" pointIndex="756" originalElevation="1050.0" isOriginalElevationFromOSM="false" isAnchor="false"><ele>1058.3</ele></trkpt>
<trkpt lat="37.189242" lon="128.837866" sectionIndex="0" pointIndex="757" originalElevation="1050.0" isOriginalElevationFromOSM="false" isAnchor="false"><ele>1058.3</ele></trkpt>
<trkpt lat="37.189263" lon="128.837816" sectionIndex="0" pointIndex="758" originalElevation="1050.0" isOriginalElevationFromOSM="false" isAnchor="false"><ele>1058.3</ele></trkpt>
<trkpt lat="37.189284" lon="128.837766" sectionIndex="0" pointIndex="759" originalElevation="1050.0" isOriginalElevationFromOSM="false" isAnchor="false"><ele>1058.4</ele></trkpt>
<trkpt lat="37.189305" lon="128.837716" sectionIndex="0" pointIndex="760" originalElevation="1050.0" isOriginalElevationFromOSM="false" isAnchor="false"><ele>1058.5</ele></trkpt>
<trkpt lat="37.189326" lon="128.837666" sectionIndex="0" pointIndex="761" originalElevation="1050.0" isOriginalElevationFromOSM="false" isAnchor="false"><ele>1058.8</ele></trkpt>
<trkpt lat="37.189347" lon="128.837616" sectionIndex="0" pointIndex="762" originalElevation="1050.0" isOriginalElevationFromOSM="false" isAnchor="false"><ele>1059.2</ele></trkpt>
<trkpt lat="37.189369" lon="128.837566" sectionIndex="0" pointIndex="763" originalElevation="1050.0" isOriginalElevationFromOSM="false" isAnchor="false"><ele>1059.7</ele></trkpt>
<trkpt lat="37.189390" lon="128.837517" sectionIndex="0" pointIndex="764" originalElevation="1050.0" isOriginalElevationFromOSM="false" isAnchor="false"><ele>1060.1</ele></trkpt>
<trkpt lat="37.189411" lon="128.837467" sectionIndex="0" pointIndex="765" originalElevation="1068.0" isOriginalElevationFromOSM="false" isAnchor="false"><ele>1060.6</ele></trkpt>
<trkpt lat="37.189432" lon="128.837417" sectionIndex="0" pointIndex="766" originalElevation="1068.0" isOriginalElevationFromOSM="false" isAnchor="false"><ele>1061.2</ele></trkpt>
<trkpt lat="37.189453" lon="128.837367" sectionIndex="0" pointIndex="767" originalElevation="1068.0" isOriginalElevationFromOSM="false" isAnchor="false"><ele>1061.9</ele></trkpt>
<trkpt lat="37.189474" lon="128.837317" sectionIndex="0" pointIndex="768" originalElevation="1068.0" isOriginalElevationFromOSM="false" isAnchor="false"><ele>1062.6</ele></trkpt>
<trkpt lat="37.189495" lon="128.837267" sectionIndex="0" pointIndex="769" originalElevation="1068.0" isOriginalElevationFromOSM="false" isAnchor="false"><ele>1063.2</ele></trkpt>
<trkpt lat="37.189516" lon="128.837218" sectionIndex="0" pointIndex="770" originalElevation="1068.0" isOriginalElevationFromOSM="false" isAnchor="false"><ele>1064.0</ele></trkpt>
<trkpt lat="37.189537" lon="128.837168" sectionIndex="0" pointIndex="771" originalElevation="1068.0" isOriginalElevationFromOSM="false" isAnchor="false"><ele>1064.6</ele></trkpt>
<trkpt lat="37.189558" lon="128.837118" sectionIndex="0" pointIndex="772" originalElevation="1068.0" isOriginalElevationFromOSM="false" isAnchor="false"><ele>1065.2</ele></trkpt>
<trkpt lat="37.189579" lon="128.837068" sectionIndex="0" pointIndex="773" originalElevation="1068.0" isOriginalElevationFromOSM="false" isAnchor="false"><ele>1065.5</ele></trkpt>
<trkpt lat="37.189601" lon="128.837018" sectionIndex="0" pointIndex="774" originalElevation="1068.0" isOriginalElevationFromOSM="false" isAnchor="false"><ele>1065.8</ele></trkpt>
<trkpt lat="37.189610" lon="128.836996" sectionIndex="0" pointIndex="775" originalElevation="1068.0" isOriginalElevationFromOSM="false" isAnchor="false"><ele>1066.0</ele></trkpt>
<trkpt lat="37.189610" lon="128.836996" sectionIndex="0" pointIndex="776" originalElevation="1068.0" isOriginalElevationFromOSM="false" isAnchor="false"><ele>1066.0</ele></trkpt>
<trkpt lat="37.189653" lon="128.837014" sectionIndex="0" pointIndex="777" originalElevation="1068.0" isOriginalElevationFromOSM="false" isAnchor="false"><ele>1065.9</ele></trkpt>
<trkpt lat="37.189695" lon="128.837031" sectionIndex="0" pointIndex="778" originalElevation="1068.0" isOriginalElevationFromOSM="false" isAnchor="false"><ele>1065.7</ele></trkpt>
<trkpt lat="37.189738" lon="128.837049" sectionIndex="0" pointIndex="779" originalElevation="1068.0" isOriginalElevationFromOSM="false" isAnchor="false"><ele>1065.3</ele></trkpt>
<trkpt lat="37.189781" lon="128.837066" sectionIndex="0" pointIndex="780" originalElevation="1068.0" isOriginalElevationFromOSM="false" isAnchor="false"><ele>1064.9</ele></trkpt>
<trkpt lat="37.189824" lon="128.837084" sectionIndex="0" pointIndex="781" originalElevation="1068.0" isOriginalElevationFromOSM="false" isAnchor="false"><ele>1064.3</ele></trkpt>
<trkpt lat="37.189866" lon="128.837102" sectionIndex="0" pointIndex="782" originalElevation="1068.0" isOriginalElevationFromOSM="false" isAnchor="false"><ele>1063.6</ele></trkpt>
<trkpt lat="37.189909" lon="128.837119" sectionIndex="0" pointIndex="783" originalElevation="1068.0" isOriginalElevationFromOSM="false" isAnchor="false"><ele>1062.9</ele></trkpt>
<trkpt lat="37.189952" lon="128.837137" sectionIndex="0" pointIndex="784" originalElevation="1068.0" isOriginalElevationFromOSM="false" isAnchor="false"><ele>1062.2</ele></trkpt>
<trkpt lat="37.189994" lon="128.837154" sectionIndex="0" pointIndex="785" originalElevation="1068.0" isOriginalElevationFromOSM="false" isAnchor="false"><ele>1061.4</ele></trkpt>
<trkpt lat="37.190037" lon="128.837172" sectionIndex="0" pointIndex="786" originalElevation="1054.0" isOriginalElevationFromOSM="false" isAnchor="false"><ele>1060.6</ele></trkpt>
<trkpt lat="37.190080" lon="128.837189" sectionIndex="0" pointIndex="787" originalElevation="1054.0" isOriginalElevationFromOSM="false" isAnchor="false"><ele>1059.8</ele></trkpt>
<trkpt lat="37.190093" lon="128.837194" sectionIndex="0" pointIndex="788" originalElevation="1054.0" isOriginalElevationFromOSM="false" isAnchor="false"><ele>1059.1</ele></trkpt>
<trkpt lat="37.190093" lon="128.837194" sectionIndex="0" pointIndex="789" originalElevation="1054.0" isOriginalElevationFromOSM="false" isAnchor="false"><ele>1058.4</ele></trkpt>
<trkpt lat="37.190133" lon="128.837171" sectionIndex="0" pointIndex="790" originalElevation="1054.0" isOriginalElevationFromOSM="false" isAnchor="false"><ele>1057.7</ele></trkpt>
<trkpt lat="37.190174" lon="128.837147" sectionIndex="0" pointIndex="791" originalElevation="1054.0" isOriginalElevationFromOSM="false" isAnchor="false"><ele>1057.1</ele></trkpt>
<trkpt lat="37.190215" lon="128.837123" sectionIndex="0" pointIndex="792" originalElevation="1054.0" isOriginalElevationFromOSM="false" isAnchor="false"><ele>1056.5</ele></trkpt>
<trkpt lat="37.190256" lon="128.837099" sectionIndex="0" pointIndex="793" originalElevation="1054.0" isOriginalElevationFromOSM="false" isAnchor="false"><ele>1056.2</ele></trkpt>
<trkpt lat="37.190296" lon="128.837075" sectionIndex="0" pointIndex="794" originalElevation="1054.0" isOriginalElevationFromOSM="false" isAnchor="false"><ele>1056.0</ele></trkpt>
<trkpt lat="37.190337" lon="128.837051" sectionIndex="0" pointIndex="795" originalElevation="1054.0" isOriginalElevationFromOSM="false" isAnchor="false"><ele>1056.0</ele></trkpt>
<trkpt lat="37.190349" lon="128.837044" sectionIndex="0" pointIndex="796" originalElevation="1054.0" isOriginalElevationFromOSM="false" isAnchor="false"><ele>1056.1</ele></trkpt>
<trkpt lat="37.190349" lon="128.837044" sectionIndex="0" pointIndex="797" originalElevation="1054.0" isOriginalElevationFromOSM="false" isAnchor="false"><ele>1056.3</ele></trkpt>
<trkpt lat="37.190383" lon="128.837007" sectionIndex="0" pointIndex="798" originalElevation="1054.0" isOriginalElevationFromOSM="false" isAnchor="false"><ele>1056.7</ele></trkpt>
<trkpt lat="37.190417" lon="128.836970" sectionIndex="0" pointIndex="799" originalElevation="1054.0" isOriginalElevationFromOSM="false" isAnchor="false"><ele>1057.1</ele></trkpt>
<trkpt lat="37.190451" lon="128.836933" sectionIndex="0" pointIndex="800" originalElevation="1054.0" isOriginalElevationFromOSM="false" isAnchor="false"><ele>1057.6</ele></trkpt>
<trkpt lat="37.190485" lon="128.836896" sectionIndex="0" pointIndex="801" originalElevation="1054.0" isOriginalElevationFromOSM="false" isAnchor="false"><ele>1058.3</ele></trkpt>
<trkpt lat="37.190519" lon="128.836860" sectionIndex="0" pointIndex="802" originalElevation="1054.0" isOriginalElevationFromOSM="false" isAnchor="false"><ele>1059.1</ele></trkpt>
<trkpt lat="37.190553" lon="128.836823" sectionIndex="0" pointIndex="803" originalElevation="1054.0" isOriginalElevationFromOSM="false" isAnchor="false"><ele>1060.0</ele></trkpt>
<trkpt lat="37.190587" lon="128.836786" sectionIndex="0" pointIndex="804" originalElevation="1054.0" isOriginalElevationFromOSM="false" isAnchor="false"><ele>1060.9</ele></trkpt>
<trkpt lat="37.190621" lon="128.836749" sectionIndex="0" pointIndex="805" originalElevation="1054.0" isOriginalElevationFromOSM="false" isAnchor="false"><ele>1061.9</ele></trkpt>
<trkpt lat="37.190655" lon="128.836712" sectionIndex="0" pointIndex="806" originalElevation="1054.0" isOriginalElevationFromOSM="false" isAnchor="false"><ele>1062.8</ele></trkpt>
<trkpt lat="37.190689" lon="128.836675" sectionIndex="0" pointIndex="807" originalElevation="1054.0" isOriginalElevationFromOSM="false" isAnchor="false"><ele>1063.8</ele></trkpt>
<trkpt lat="37.190723" lon="128.836638" sectionIndex="0" pointIndex="808" originalElevation="1080.0" isOriginalElevationFromOSM="false" isAnchor="false"><ele>1064.6</ele></trkpt>
<trkpt lat="37.190757" lon="128.836601" sectionIndex="0" pointIndex="809" originalElevation="1080.0" isOriginalElevationFromOSM="false" isAnchor="false"><ele>1065.4</ele></trkpt>
<trkpt lat="37.190791" lon="128.836564" sectionIndex="0" pointIndex="810" originalElevation="1080.0" isOriginalElevationFromOSM="false" isAnchor="false"><ele>1066.2</ele></trkpt>
<trkpt lat="37.190793" lon="128.836561" sectionIndex="0" pointIndex="811" originalElevation="1080.0" isOriginalElevationFromOSM="false" isAnchor="false"><ele>1066.8</ele></trkpt>
<trkpt lat="37.190793" lon="128.836561" sectionIndex="0" pointIndex="812" originalElevation="1080.0" isOriginalElevationFromOSM="false" isAnchor="false"><ele>1067.3</ele></trkpt>
<trkpt lat="37.190833" lon="128.836535" sectionIndex="0" pointIndex="813" originalElevation="1080.0" isOriginalElevationFromOSM="false" isAnchor="false"><ele>1067.6</ele></trkpt>
<trkpt lat="37.190873" lon="128.836509" sectionIndex="0" pointIndex="814" originalElevation="1066.0" isOriginalElevationFromOSM="false" isAnchor="false"><ele>1067.9</ele></trkpt>
<trkpt lat="37.190913" lon="128.836482" sectionIndex="0" pointIndex="815" originalElevation="1066.0" isOriginalElevationFromOSM="false" isAnchor="false"><ele>1068.1</ele></trkpt>
<trkpt lat="37.190952" lon="128.836456" sectionIndex="0" pointIndex="816" originalElevation="1066.0" isOriginalElevationFromOSM="false" isAnchor="false"><ele>1068.1</ele></trkpt>
<trkpt lat="37.190992" lon="128.836430" sectionIndex="0" pointIndex="817" originalElevation="1066.0" isOriginalElevationFromOSM="false" isAnchor="false"><ele>1068.1</ele></trkpt>
<trkpt lat="37.191032" lon="128.836403" sectionIndex="0" pointIndex="818" originalElevation="1066.0" isOriginalElevationFromOSM="false" isAnchor="false"><ele>1068.1</ele></trkpt>
<trkpt lat="37.191072" lon="128.836377" sectionIndex="0" pointIndex="819" originalElevation="1066.0" isOriginalElevationFromOSM="false" isAnchor="false"><ele>1067.8</ele></trkpt>
<trkpt lat="37.191112" lon="128.836350" sectionIndex="0" pointIndex="820" originalElevation="1066.0" isOriginalElevationFromOSM="false" isAnchor="false"><ele>1067.6</ele></trkpt>
<trkpt lat="37.191151" lon="128.836324" sectionIndex="0" pointIndex="821" originalElevation="1066.0" isOriginalElevationFromOSM="false" isAnchor="false"><ele>1067.3</ele></trkpt>
<trkpt lat="37.191191" lon="128.836298" sectionIndex="0" pointIndex="822" originalElevation="1066.0" isOriginalElevationFromOSM="false" isAnchor="false"><ele>1066.9</ele></trkpt>
<trkpt lat="37.191231" lon="128.836271" sectionIndex="0" pointIndex="823" originalElevation="1066.0" isOriginalElevationFromOSM="false" isAnchor="false"><ele>1066.6</ele></trkpt>
<trkpt lat="37.191271" lon="128.836245" sectionIndex="0" pointIndex="824" originalElevation="1066.0" isOriginalElevationFromOSM="false" isAnchor="false"><ele>1066.0</ele></trkpt>
<trkpt lat="37.191310" lon="128.836219" sectionIndex="0" pointIndex="825" originalElevation="1066.0" isOriginalElevationFromOSM="false" isAnchor="false"><ele>1065.5</ele></trkpt>
<trkpt lat="37.191350" lon="128.836192" sectionIndex="0" pointIndex="826" originalElevation="1066.0" isOriginalElevationFromOSM="false" isAnchor="false"><ele>1065.0</ele></trkpt>
<trkpt lat="37.191390" lon="128.836166" sectionIndex="0" pointIndex="827" originalElevation="1066.0" isOriginalElevationFromOSM="false" isAnchor="false"><ele>1064.4</ele></trkpt>
<trkpt lat="37.191430" lon="128.836140" sectionIndex="0" pointIndex="828" originalElevation="1066.0" isOriginalElevationFromOSM="false" isAnchor="false"><ele>1063.9</ele></trkpt>
<trkpt lat="37.191469" lon="128.836113" sectionIndex="0" pointIndex="829" originalElevation="1066.0" isOriginalElevationFromOSM="false" isAnchor="false"><ele>1063.3</ele></trkpt>
<trkpt lat="37.191509" lon="128.836087" sectionIndex="0" pointIndex="830" originalElevation="1066.0" isOriginalElevationFromOSM="false" isAnchor="false"><ele>1062.9</ele></trkpt>
<trkpt lat="37.191549" lon="128.836060" sectionIndex="0" pointIndex="831" originalElevation="1066.0" isOriginalElevationFromOSM="false" isAnchor="false"><ele>1062.4</ele></trkpt>
<trkpt lat="37.191589" lon="128.836034" sectionIndex="0" pointIndex="832" originalElevation="1066.0" isOriginalElevationFromOSM="false" isAnchor="false"><ele>1061.8</ele></trkpt>
<trkpt lat="37.191628" lon="128.836008" sectionIndex="0" pointIndex="833" originalElevation="1066.0" isOriginalElevationFromOSM="false" isAnchor="false"><ele>1061.3</ele></trkpt>
<trkpt lat="37.191668" lon="128.835981" sectionIndex="0" pointIndex="834" originalElevation="1056.0" isOriginalElevationFromOSM="false" isAnchor="false"><ele>1060.7</ele></trkpt>
<trkpt lat="37.191699" lon="128.835961" sectionIndex="0" pointIndex="835" originalElevation="1056.0" isOriginalElevationFromOSM="false" isAnchor="false"><ele>1060.2</ele></trkpt>
<trkpt lat="37.191699" lon="128.835961" sectionIndex="0" pointIndex="836" originalElevation="1056.0" isOriginalElevationFromOSM="false" isAnchor="false"><ele>1059.6</ele></trkpt>
<trkpt lat="37.191744" lon="128.835956" sectionIndex="0" pointIndex="837" originalElevation="1056.0" isOriginalElevationFromOSM="false" isAnchor="false"><ele>1059.1</ele></trkpt>
<trkpt lat="37.191789" lon="128.835952" sectionIndex="0" pointIndex="838" originalElevation="1056.0" isOriginalElevationFromOSM="false" isAnchor="false"><ele>1058.7</ele></trkpt>
<trkpt lat="37.191834" lon="128.835947" sectionIndex="0" pointIndex="839" originalElevation="1056.0" isOriginalElevationFromOSM="false" isAnchor="false"><ele>1058.2</ele></trkpt>
<trkpt lat="37.191879" lon="128.835943" sectionIndex="0" pointIndex="840" originalElevation="1056.0" isOriginalElevationFromOSM="false" isAnchor="false"><ele>1057.7</ele></trkpt>
<trkpt lat="37.191924" lon="128.835938" sectionIndex="0" pointIndex="841" originalElevation="1056.0" isOriginalElevationFromOSM="false" isAnchor="false"><ele>1057.2</ele></trkpt>
<trkpt lat="37.191968" lon="128.835933" sectionIndex="0" pointIndex="842" originalElevation="1056.0" isOriginalElevationFromOSM="false" isAnchor="false"><ele>1056.8</ele></trkpt>
<trkpt lat="37.192013" lon="128.835929" sectionIndex="0" pointIndex="843" originalElevation="1056.0" isOriginalElevationFromOSM="false" isAnchor="false"><ele>1056.4</ele></trkpt>
<trkpt lat="37.192058" lon="128.835924" sectionIndex="0" pointIndex="844" originalElevation="1056.0" isOriginalElevationFromOSM="false" isAnchor="false"><ele>1056.0</ele></trkpt>
<trkpt lat="37.192103" lon="128.835920" sectionIndex="0" pointIndex="845" originalElevation="1056.0" isOriginalElevationFromOSM="false" isAnchor="false"><ele>1055.7</ele></trkpt>
<trkpt lat="37.192148" lon="128.835915" sectionIndex="0" pointIndex="846" originalElevation="1056.0" isOriginalElevationFromOSM="false" isAnchor="false"><ele>1055.3</ele></trkpt>
<trkpt lat="37.192192" lon="128.835911" sectionIndex="0" pointIndex="847" originalElevation="1056.0" isOriginalElevationFromOSM="false" isAnchor="false"><ele>1054.9</ele></trkpt>
<trkpt lat="37.192237" lon="128.835906" sectionIndex="0" pointIndex="848" originalElevation="1056.0" isOriginalElevationFromOSM="false" isAnchor="false"><ele>1054.5</ele></trkpt>
<trkpt lat="37.192282" lon="128.835902" sectionIndex="0" pointIndex="849" originalElevation="1056.0" isOriginalElevationFromOSM="false" isAnchor="false"><ele>1054.1</ele></trkpt>
<trkpt lat="37.192327" lon="128.835897" sectionIndex="0" pointIndex="850" originalElevation="1056.0" isOriginalElevationFromOSM="false" isAnchor="false"><ele>1053.9</ele></trkpt>
<trkpt lat="37.192372" lon="128.835893" sectionIndex="0" pointIndex="851" originalElevation="1056.0" isOriginalElevationFromOSM="false" isAnchor="false"><ele>1053.6</ele></trkpt>
<trkpt lat="37.192417" lon="128.835888" sectionIndex="0" pointIndex="852" originalElevation="1056.0" isOriginalElevationFromOSM="false" isAnchor="false"><ele>1053.4</ele></trkpt>
<trkpt lat="37.192461" lon="128.835884" sectionIndex="0" pointIndex="853" originalElevation="1056.0" isOriginalElevationFromOSM="false" isAnchor="false"><ele>1053.1</ele></trkpt>
<trkpt lat="37.192506" lon="128.835879" sectionIndex="0" pointIndex="854" originalElevation="1049.0" isOriginalElevationFromOSM="false" isAnchor="false"><ele>1052.9</ele></trkpt>
<trkpt lat="37.192551" lon="128.835875" sectionIndex="0" pointIndex="855" originalElevation="1049.0" isOriginalElevationFromOSM="false" isAnchor="false"><ele>1052.8</ele></trkpt>
<trkpt lat="37.192596" lon="128.835870" sectionIndex="0" pointIndex="856" originalElevation="1049.0" isOriginalElevationFromOSM="false" isAnchor="false"><ele>1052.7</ele></trkpt>
<trkpt lat="37.192641" lon="128.835866" sectionIndex="0" pointIndex="857" originalElevation="1049.0" isOriginalElevationFromOSM="false" isAnchor="false"><ele>1052.6</ele></trkpt>
<trkpt lat="37.192685" lon="128.835861" sectionIndex="0" pointIndex="858" originalElevation="1049.0" isOriginalElevationFromOSM="false" isAnchor="false"><ele>1052.5</ele></trkpt>
<trkpt lat="37.192730" lon="128.835857" sectionIndex="0" pointIndex="859" originalElevation="1049.0" isOriginalElevationFromOSM="false" isAnchor="false"><ele>1052.3</ele></trkpt>
<trkpt lat="37.192775" lon="128.835852" sectionIndex="0" pointIndex="860" originalElevation="1049.0" isOriginalElevationFromOSM="false" isAnchor="false"><ele>1052.1</ele></trkpt>
<trkpt lat="37.192820" lon="128.835848" sectionIndex="0" pointIndex="861" originalElevation="1049.0" isOriginalElevationFromOSM="false" isAnchor="false"><ele>1051.9</ele></trkpt>
<trkpt lat="37.192865" lon="128.835843" sectionIndex="0" pointIndex="862" originalElevation="1049.0" isOriginalElevationFromOSM="false" isAnchor="false"><ele>1051.6</ele></trkpt>
<trkpt lat="37.192910" lon="128.835839" sectionIndex="0" pointIndex="863" originalElevation="1049.0" isOriginalElevationFromOSM="false" isAnchor="false"><ele>1051.4</ele></trkpt>
<trkpt lat="37.192954" lon="128.835834" sectionIndex="0" pointIndex="864" originalElevation="1049.0" isOriginalElevationFromOSM="false" isAnchor="false"><ele>1051.0</ele></trkpt>
<trkpt lat="37.192999" lon="128.835830" sectionIndex="0" pointIndex="865" originalElevation="1059.0" isOriginalElevationFromOSM="false" isAnchor="false"><ele>1050.5</ele></trkpt>
<trkpt lat="37.193044" lon="128.835825" sectionIndex="0" pointIndex="866" originalElevation="1059.0" isOriginalElevationFromOSM="false" isAnchor="false"><ele>1050.0</ele></trkpt>
<trkpt lat="37.193089" lon="128.835821" sectionIndex="0" pointIndex="867" originalElevation="1059.0" isOriginalElevationFromOSM="false" isAnchor="false"><ele>1049.3</ele></trkpt>
<trkpt lat="37.193134" lon="128.835816" sectionIndex="0" pointIndex="868" originalElevation="1059.0" isOriginalElevationFromOSM="false" isAnchor="false"><ele>1048.5</ele></trkpt>
<trkpt lat="37.193179" lon="128.835811" sectionIndex="0" pointIndex="869" originalElevation="1059.0" isOriginalElevationFromOSM="false" isAnchor="false"><ele>1047.6</ele></trkpt>
<trkpt lat="37.193223" lon="128.835807" sectionIndex="0" pointIndex="870" originalElevation="1059.0" isOriginalElevationFromOSM="false" isAnchor="false"><ele>1046.6</ele></trkpt>
<trkpt lat="37.193268" lon="128.835802" sectionIndex="0" pointIndex="871" originalElevation="1059.0" isOriginalElevationFromOSM="false" isAnchor="false"><ele>1045.5</ele></trkpt>
<trkpt lat="37.193313" lon="128.835798" sectionIndex="0" pointIndex="872" originalElevation="1059.0" isOriginalElevationFromOSM="false" isAnchor="false"><ele>1044.3</ele></trkpt>
<trkpt lat="37.193358" lon="128.835793" sectionIndex="0" pointIndex="873" originalElevation="1031.0" isOriginalElevationFromOSM="false" isAnchor="false"><ele>1043.1</ele></trkpt>
<trkpt lat="37.193403" lon="128.835789" sectionIndex="0" pointIndex="874" originalElevation="1031.0" isOriginalElevationFromOSM="false" isAnchor="false"><ele>1041.8</ele></trkpt>
<trkpt lat="37.193447" lon="128.835784" sectionIndex="0" pointIndex="875" originalElevation="1031.0" isOriginalElevationFromOSM="false" isAnchor="false"><ele>1040.6</ele></trkpt>
<trkpt lat="37.193492" lon="128.835780" sectionIndex="0" pointIndex="876" originalElevation="1031.0" isOriginalElevationFromOSM="false" isAnchor="false"><ele>1039.3</ele></trkpt>
<trkpt lat="37.193520" lon="128.835777" sectionIndex="0" pointIndex="877" originalElevation="1031.0" isOriginalElevationFromOSM="false" isAnchor="false"><ele>1038.1</ele></trkpt>
<trkpt lat="37.193520" lon="128.835777" sectionIndex="0" pointIndex="878" originalElevation="1031.0" isOriginalElevationFromOSM="false" isAnchor="false"><ele>1037.0</ele></trkpt>
<trkpt lat="37.193557" lon="128.835743" sectionIndex="0" pointIndex="879" originalElevation="1031.0" isOriginalElevationFromOSM="false" isAnchor="false"><ele>1036.0</ele></trkpt>
<trkpt lat="37.193593" lon="128.835710" sectionIndex="0" pointIndex="880" originalElevation="1031.0" isOriginalElevationFromOSM="false" isAnchor="false"><ele>1035.1</ele></trkpt>
<trkpt lat="37.193629" lon="128.835676" sectionIndex="0" pointIndex="881" originalElevation="1031.0" isOriginalElevationFromOSM="false" isAnchor="false"><ele>1034.2</ele></trkpt>
<trkpt lat="37.193665" lon="128.835643" sectionIndex="0" pointIndex="882" originalElevation="1031.0" isOriginalElevationFromOSM="false" isAnchor="false"><ele>1033.4</ele></trkpt>
<trkpt lat="37.193701" lon="128.835609" sectionIndex="0" pointIndex="883" originalElevation="1031.0" isOriginalElevationFromOSM="false" isAnchor="false"><ele>1032.7</ele></trkpt>
<trkpt lat="37.193737" lon="128.835576" sectionIndex="0" pointIndex="884" originalElevation="1031.0" isOriginalElevationFromOSM="false" isAnchor="false"><ele>1032.1</ele></trkpt>
<trkpt lat="37.193774" lon="128.835542" sectionIndex="0" pointIndex="885" originalElevation="1031.0" isOriginalElevationFromOSM="false" isAnchor="false"><ele>1031.5</ele></trkpt>
<trkpt lat="37.193810" lon="128.835509" sectionIndex="0" pointIndex="886" originalElevation="1031.0" isOriginalElevationFromOSM="false" isAnchor="false"><ele>1031.0</ele></trkpt>
<trkpt lat="37.193846" lon="128.835475" sectionIndex="0" pointIndex="887" originalElevation="1031.0" isOriginalElevationFromOSM="false" isAnchor="false"><ele>1030.6</ele></trkpt>
<trkpt lat="37.193882" lon="128.835442" sectionIndex="0" pointIndex="888" originalElevation="1031.0" isOriginalElevationFromOSM="false" isAnchor="false"><ele>1030.1</ele></trkpt>
<trkpt lat="37.193918" lon="128.835408" sectionIndex="0" pointIndex="889" originalElevation="1031.0" isOriginalElevationFromOSM="false" isAnchor="false"><ele>1029.9</ele></trkpt>
<trkpt lat="37.193954" lon="128.835374" sectionIndex="0" pointIndex="890" originalElevation="1031.0" isOriginalElevationFromOSM="false" isAnchor="false"><ele>1029.6</ele></trkpt>
<trkpt lat="37.193991" lon="128.835341" sectionIndex="0" pointIndex="891" originalElevation="1031.0" isOriginalElevationFromOSM="false" isAnchor="false"><ele>1029.2</ele></trkpt>
<trkpt lat="37.194027" lon="128.835307" sectionIndex="0" pointIndex="892" originalElevation="1031.0" isOriginalElevationFromOSM="false" isAnchor="false"><ele>1028.8</ele></trkpt>
<trkpt lat="37.194063" lon="128.835274" sectionIndex="0" pointIndex="893" originalElevation="1031.0" isOriginalElevationFromOSM="false" isAnchor="false"><ele>1028.3</ele></trkpt>
<trkpt lat="37.194099" lon="128.835240" sectionIndex="0" pointIndex="894" originalElevation="1031.0" isOriginalElevationFromOSM="false" isAnchor="false"><ele>1027.9</ele></trkpt>
<trkpt lat="37.194110" lon="128.835230" sectionIndex="0" pointIndex="895" originalElevation="1031.0" isOriginalElevationFromOSM="false" isAnchor="false"><ele>1027.4</ele></trkpt>
<trkpt lat="37.194110" lon="128.835230" sectionIndex="0" pointIndex="896" originalElevation="1031.0" isOriginalElevationFromOSM="false" isAnchor="false"><ele>1026.8</ele></trkpt>
<trkpt lat="37.194154" lon="128.835215" sectionIndex="0" pointIndex="897" originalElevation="1031.0" isOriginalElevationFromOSM="false" isAnchor="false"><ele>1026.3</ele></trkpt>
<trkpt lat="37.194197" lon="128.835201" sectionIndex="0" pointIndex="898" originalElevation="1021.0" isOriginalElevationFromOSM="false" isAnchor="false"><ele>1025.7</ele></trkpt>
<trkpt lat="37.194241" lon="128.835186" sectionIndex="0" pointIndex="899" originalElevation="1021.0" isOriginalElevationFromOSM="false" isAnchor="false"><ele>1025.2</ele></trkpt>
<trkpt lat="37.194284" lon="128.835172" sectionIndex="0" pointIndex="900" originalElevation="1021.0" isOriginalElevationFromOSM="false" isAnchor="false"><ele>1024.6</ele></trkpt>
<trkpt lat="37.194328" lon="128.835157" sectionIndex="0" pointIndex="901" originalElevation="1021.0" isOriginalElevationFromOSM="false" isAnchor="false"><ele>1024.1</ele></trkpt>
<trkpt lat="37.194371" lon="128.835143" sectionIndex="0" pointIndex="902" originalElevation="1021.0" isOriginalElevationFromOSM="false" isAnchor="false"><ele>1023.7</ele></trkpt>
<trkpt lat="37.194414" lon="128.835129" sectionIndex="0" pointIndex="903" originalElevation="1021.0" isOriginalElevationFromOSM="false" isAnchor="false"><ele>1023.2</ele></trkpt>
<trkpt lat="37.194458" lon="128.835114" sectionIndex="0" pointIndex="904" originalElevation="1021.0" isOriginalElevationFromOSM="false" isAnchor="false"><ele>1022.8</ele></trkpt>
<trkpt lat="37.194501" lon="128.835100" sectionIndex="0" pointIndex="905" originalElevation="1021.0" isOriginalElevationFromOSM="false" isAnchor="false"><ele>1022.3</ele></trkpt>
<trkpt lat="37.194529" lon="128.835090" sectionIndex="0" pointIndex="906" originalElevation="1021.0" isOriginalElevationFromOSM="false" isAnchor="false"><ele>1021.8</ele></trkpt>
<trkpt lat="37.194529" lon="128.835090" sectionIndex="0" pointIndex="907" originalElevation="1021.0" isOriginalElevationFromOSM="false" isAnchor="false"><ele>1021.3</ele></trkpt>
<trkpt lat="37.194567" lon="128.835121" sectionIndex="0" pointIndex="908" originalElevation="1021.0" isOriginalElevationFromOSM="false" isAnchor="false"><ele>1020.8</ele></trkpt>
<trkpt lat="37.194604" lon="128.835152" sectionIndex="0" pointIndex="909" originalElevation="1021.0" isOriginalElevationFromOSM="false" isAnchor="false"><ele>1020.2</ele></trkpt>
<trkpt lat="37.194642" lon="128.835183" sectionIndex="0" pointIndex="910" originalElevation="1021.0" isOriginalElevationFromOSM="false" isAnchor="false"><ele>1019.7</ele></trkpt>
<trkpt lat="37.194679" lon="128.835214" sectionIndex="0" pointIndex="911" originalElevation="1021.0" isOriginalElevationFromOSM="false" isAnchor="false"><ele>1019.0</ele></trkpt>
<trkpt lat="37.194717" lon="128.835245" sectionIndex="0" pointIndex="912" originalElevation="1021.0" isOriginalElevationFromOSM="false" isAnchor="false"><ele>1018.3</ele></trkpt>
<trkpt lat="37.194754" lon="128.835276" sectionIndex="0" pointIndex="913" originalElevation="1021.0" isOriginalElevationFromOSM="false" isAnchor="false"><ele>1017.6</ele></trkpt>
<trkpt lat="37.194792" lon="128.835307" sectionIndex="0" pointIndex="914" originalElevation="1021.0" isOriginalElevationFromOSM="false" isAnchor="false"><ele>1016.8</ele></trkpt>
<trkpt lat="37.194830" lon="128.835338" sectionIndex="0" pointIndex="915" originalElevation="1021.0" isOriginalElevationFromOSM="false" isAnchor="false"><ele>1016.0</ele></trkpt>
<trkpt lat="37.194867" lon="128.835369" sectionIndex="0" pointIndex="916" originalElevation="1021.0" isOriginalElevationFromOSM="false" isAnchor="false"><ele>1015.2</ele></trkpt>
<trkpt lat="37.194905" lon="128.835400" sectionIndex="0" pointIndex="917" originalElevation="1021.0" isOriginalElevationFromOSM="false" isAnchor="false"><ele>1014.5</ele></trkpt>
<trkpt lat="37.194942" lon="128.835431" sectionIndex="0" pointIndex="918" originalElevation="1021.0" isOriginalElevationFromOSM="false" isAnchor="false"><ele>1013.8</ele></trkpt>
<trkpt lat="37.194980" lon="128.835462" sectionIndex="0" pointIndex="919" originalElevation="1021.0" isOriginalElevationFromOSM="false" isAnchor="false"><ele>1013.1</ele></trkpt>
<trkpt lat="37.195018" lon="128.835493" sectionIndex="0" pointIndex="920" originalElevation="1002.0" isOriginalElevationFromOSM="false" isAnchor="false"><ele>1012.6</ele></trkpt>
<trkpt lat="37.195055" lon="128.835524" sectionIndex="0" pointIndex="921" originalElevation="1002.0" isOriginalElevationFromOSM="false" isAnchor="false"><ele>1012.1</ele></trkpt>
<trkpt lat="37.195093" lon="128.835555" sectionIndex="0" pointIndex="922" originalElevation="1002.0" isOriginalElevationFromOSM="false" isAnchor="false"><ele>1011.8</ele></trkpt>
<trkpt lat="37.195130" lon="128.835586" sectionIndex="0" pointIndex="923" originalElevation="1002.0" isOriginalElevationFromOSM="false" isAnchor="false"><ele>1011.6</ele></trkpt>
<trkpt lat="37.195168" lon="128.835617" sectionIndex="0" pointIndex="924" originalElevation="1002.0" isOriginalElevationFromOSM="false" isAnchor="false"><ele>1011.5</ele></trkpt>
<trkpt lat="37.195205" lon="128.835648" sectionIndex="0" pointIndex="925" originalElevation="1002.0" isOriginalElevationFromOSM="false" isAnchor="false"><ele>1011.7</ele></trkpt>
<trkpt lat="37.195243" lon="128.835679" sectionIndex="0" pointIndex="926" originalElevation="1002.0" isOriginalElevationFromOSM="false" isAnchor="false"><ele>1012.1</ele></trkpt>
<trkpt lat="37.195281" lon="128.835710" sectionIndex="0" pointIndex="927" originalElevation="1002.0" isOriginalElevationFromOSM="false" isAnchor="false"><ele>1012.6</ele></trkpt>
<trkpt lat="37.195318" lon="128.835741" sectionIndex="0" pointIndex="928" originalElevation="1002.0" isOriginalElevationFromOSM="false" isAnchor="false"><ele>1013.1</ele></trkpt>
<trkpt lat="37.195356" lon="128.835772" sectionIndex="0" pointIndex="929" originalElevation="1002.0" isOriginalElevationFromOSM="false" isAnchor="false"><ele>1013.7</ele></trkpt>
<trkpt lat="37.195393" lon="128.835803" sectionIndex="0" pointIndex="930" originalElevation="1002.0" isOriginalElevationFromOSM="false" isAnchor="false"><ele>1014.3</ele></trkpt>
<trkpt lat="37.195431" lon="128.835834" sectionIndex="0" pointIndex="931" originalElevation="1027.0" isOriginalElevationFromOSM="false" isAnchor="false"><ele>1014.9</ele></trkpt>
<trkpt lat="37.195468" lon="128.835865" sectionIndex="0" pointIndex="932" originalElevation="1027.0" isOriginalElevationFromOSM="false" isAnchor="false"><ele>1015.5</ele></trkpt>
<trkpt lat="37.195506" lon="128.835896" sectionIndex="0" pointIndex="933" originalElevation="1027.0" isOriginalElevationFromOSM="false" isAnchor="false"><ele>1016.1</ele></trkpt>
<trkpt lat="37.195544" lon="128.835927" sectionIndex="0" pointIndex="934" originalElevation="1027.0" isOriginalElevationFromOSM="false" isAnchor="false"><ele>1016.5</ele></trkpt>
<trkpt lat="37.195555" lon="128.835937" sectionIndex="0" pointIndex="935" originalElevation="1027.0" isOriginalElevationFromOSM="false" isAnchor="false"><ele>1016.5</ele></trkpt>
<trkpt lat="37.195555" lon="128.835937" sectionIndex="0" pointIndex="936" originalElevation="1027.0" isOriginalElevationFromOSM="false" isAnchor="false"><ele>1016.5</ele></trkpt>
<trkpt lat="37.195600" lon="128.835938" sectionIndex="0" pointIndex="937" originalElevation="1027.0" isOriginalElevationFromOSM="false" isAnchor="false"><ele>1016.1</ele></trkpt>
<trkpt lat="37.195645" lon="128.835940" sectionIndex="0" pointIndex="938" originalElevation="1027.0" isOriginalElevationFromOSM="false" isAnchor="false"><ele>1015.4</ele></trkpt>
<trkpt lat="37.195690" lon="128.835941" sectionIndex="0" pointIndex="939" originalElevation="1027.0" isOriginalElevationFromOSM="false" isAnchor="false"><ele>1014.4</ele></trkpt>
<trkpt lat="37.195735" lon="128.835942" sectionIndex="0" pointIndex="940" originalElevation="1027.0" isOriginalElevationFromOSM="false" isAnchor="false"><ele>1013.4</ele></trkpt>
<trkpt lat="37.195780" lon="128.835944" sectionIndex="0" pointIndex="941" originalElevation="1027.0" isOriginalElevationFromOSM="false" isAnchor="false"><ele>1012.1</ele></trkpt>
<trkpt lat="37.195825" lon="128.835945" sectionIndex="0" pointIndex="942" originalElevation="1027.0" isOriginalElevationFromOSM="false" isAnchor="false"><ele>1010.6</ele></trkpt>
<trkpt lat="37.195870" lon="128.835947" sectionIndex="0" pointIndex="943" originalElevation="1002.0" isOriginalElevationFromOSM="false" isAnchor="false"><ele>1009.0</ele></trkpt>
<trkpt lat="37.195897" lon="128.835947" sectionIndex="0" pointIndex="944" originalElevation="1002.0" isOriginalElevationFromOSM="false" isAnchor="false"><ele>1007.3</ele></trkpt>
<trkpt lat="37.195897" lon="128.835947" sectionIndex="0" pointIndex="945" originalElevation="1002.0" isOriginalElevationFromOSM="false" isAnchor="false"><ele>1005.6</ele></trkpt>
<trkpt lat="37.195936" lon="128.835919" sectionIndex="0" pointIndex="946" originalElevation="1002.0" isOriginalElevationFromOSM="false" isAnchor="false"><ele>1003.8</ele></trkpt>
<trkpt lat="37.195975" lon="128.835891" sectionIndex="0" pointIndex="947" originalElevation="1002.0" isOriginalElevationFromOSM="false" isAnchor="false"><ele>1002.0</ele></trkpt>
<trkpt lat="37.196014" lon="128.835863" sectionIndex="0" pointIndex="948" originalElevation="1002.0" isOriginalElevationFromOSM="false" isAnchor="false"><ele>1000.4</ele></trkpt>
<trkpt lat="37.196053" lon="128.835835" sectionIndex="0" pointIndex="949" originalElevation="1002.0" isOriginalElevationFromOSM="false" isAnchor="false"><ele>999.0</ele></trkpt>
<trkpt lat="37.196092" lon="128.835807" sectionIndex="0" pointIndex="950" originalElevation="972.0" isOriginalElevationFromOSM="false" isAnchor="false"><ele>997.7</ele></trkpt>
<trkpt lat="37.196131" lon="128.835779" sectionIndex="0" pointIndex="951" originalElevation="972.0" isOriginalElevationFromOSM="false" isAnchor="false"><ele>996.8</ele></trkpt>
<trkpt lat="37.196136" lon="128.835776" sectionIndex="0" pointIndex="952" originalElevation="972.0" isOriginalElevationFromOSM="false" isAnchor="false"><ele>996.0</ele></trkpt>
<trkpt lat="37.196136" lon="128.835776" sectionIndex="0" pointIndex="953" originalElevation="972.0" isOriginalElevationFromOSM="false" isAnchor="false"><ele>995.5</ele></trkpt>
<trkpt lat="37.196170" lon="128.835814" sectionIndex="0" pointIndex="954" originalElevation="972.0" isOriginalElevationFromOSM="false" isAnchor="false"><ele>995.1</ele></trkpt>
<trkpt lat="37.196203" lon="128.835852" sectionIndex="0" pointIndex="955" originalElevation="1002.0" isOriginalElevationFromOSM="false" isAnchor="false"><ele>994.8</ele></trkpt>
<trkpt lat="37.196236" lon="128.835890" sectionIndex="0" pointIndex="956" originalElevation="1002.0" isOriginalElevationFromOSM="false" isAnchor="false"><ele>994.6</ele></trkpt>
<trkpt lat="37.196270" lon="128.835927" sectionIndex="0" pointIndex="957" originalElevation="1002.0" isOriginalElevationFromOSM="false" isAnchor="false"><ele>994.5</ele></trkpt>
<trkpt lat="37.196303" lon="128.835965" sectionIndex="0" pointIndex="958" originalElevation="1002.0" isOriginalElevationFromOSM="false" isAnchor="false"><ele>994.4</ele></trkpt>
<trkpt lat="37.196336" lon="128.836003" sectionIndex="0" pointIndex="959" originalElevation="1002.0" isOriginalElevationFromOSM="false" isAnchor="false"><ele>994.5</ele></trkpt>
<trkpt lat="37.196370" lon="128.836041" sectionIndex="0" pointIndex="960" originalElevation="1002.0" isOriginalElevationFromOSM="false" isAnchor="false"><ele>994.5</ele></trkpt>
<trkpt lat="37.196403" lon="128.836079" sectionIndex="0" pointIndex="961" originalElevation="1002.0" isOriginalElevationFromOSM="false" isAnchor="false"><ele>994.3</ele></trkpt>
<trkpt lat="37.196436" lon="128.836117" sectionIndex="0" pointIndex="962" originalElevation="1002.0" isOriginalElevationFromOSM="false" isAnchor="false"><ele>994.1</ele></trkpt>
<trkpt lat="37.196469" lon="128.836155" sectionIndex="0" pointIndex="963" originalElevation="1002.0" isOriginalElevationFromOSM="false" isAnchor="false"><ele>993.7</ele></trkpt>
<trkpt lat="37.196503" lon="128.836193" sectionIndex="0" pointIndex="964" originalElevation="1002.0" isOriginalElevationFromOSM="false" isAnchor="false"><ele>993.2</ele></trkpt>
<trkpt lat="37.196536" lon="128.836231" sectionIndex="0" pointIndex="965" originalElevation="1002.0" isOriginalElevationFromOSM="false" isAnchor="false"><ele>992.6</ele></trkpt>
<trkpt lat="37.196569" lon="128.836269" sectionIndex="0" pointIndex="966" originalElevation="1002.0" isOriginalElevationFromOSM="false" isAnchor="false"><ele>992.1</ele></trkpt>
<trkpt lat="37.196603" lon="128.836307" sectionIndex="0" pointIndex="967" originalElevation="1002.0" isOriginalElevationFromOSM="false" isAnchor="false"><ele>991.4</ele></trkpt>
<trkpt lat="37.196636" lon="128.836344" sectionIndex="0" pointIndex="968" originalElevation="1002.0" isOriginalElevationFromOSM="false" isAnchor="false"><ele>990.6</ele></trkpt>
<trkpt lat="37.196669" lon="128.836382" sectionIndex="0" pointIndex="969" originalElevation="977.0" isOriginalElevationFromOSM="false" isAnchor="false"><ele>989.7</ele></trkpt>
<trkpt lat="37.196703" lon="128.836420" sectionIndex="0" pointIndex="970" originalElevation="977.0" isOriginalElevationFromOSM="false" isAnchor="false"><ele>988.9</ele></trkpt>
<trkpt lat="37.196736" lon="128.836458" sectionIndex="0" pointIndex="971" originalElevation="977.0" isOriginalElevationFromOSM="false" isAnchor="false"><ele>987.9</ele></trkpt>
<trkpt lat="37.196769" lon="128.836496" sectionIndex="0" pointIndex="972" originalElevation="977.0" isOriginalElevationFromOSM="false" isAnchor="false"><ele>987.1</ele></trkpt>
<trkpt lat="37.196803" lon="128.836534" sectionIndex="0" pointIndex="973" originalElevation="977.0" isOriginalElevationFromOSM="false" isAnchor="false"><ele>986.4</ele></trkpt>
<trkpt lat="37.196836" lon="128.836572" sectionIndex="0" pointIndex="974" originalElevation="977.0" isOriginalElevationFromOSM="false" isAnchor="false"><ele>985.9</ele></trkpt>
<trkpt lat="37.196869" lon="128.836610" sectionIndex="0" pointIndex="975" originalElevation="977.0" isOriginalElevationFromOSM="false" isAnchor="false"><ele>985.5</ele></trkpt>
<trkpt lat="37.196903" lon="128.836648" sectionIndex="0" pointIndex="976" originalElevation="977.0" isOriginalElevationFromOSM="false" isAnchor="false"><ele>985.3</ele></trkpt>
<trkpt lat="37.196936" lon="128.836686" sectionIndex="0" pointIndex="977" originalElevation="985.0" isOriginalElevationFromOSM="false" isAnchor="false"><ele>985.2</ele></trkpt>
<trkpt lat="37.196957" lon="128.836709" sectionIndex="0" pointIndex="978" originalElevation="985.0" isOriginalElevationFromOSM="false" isAnchor="false"><ele>985.3</ele></trkpt>
<trkpt lat="37.196957" lon="128.836709" sectionIndex="0" pointIndex="979" originalElevation="985.0" isOriginalElevationFromOSM="false" isAnchor="false"><ele>985.5</ele></trkpt>
<trkpt lat="37.196914" lon="128.836726" sectionIndex="0" pointIndex="980" originalElevation="985.0" isOriginalElevationFromOSM="false" isAnchor="false"><ele>985.8</ele></trkpt>
<trkpt lat="37.196871" lon="128.836742" sectionIndex="0" pointIndex="981" originalElevation="985.0" isOriginalElevationFromOSM="false" isAnchor="false"><ele>986.3</ele></trkpt>
<trkpt lat="37.196828" lon="128.836759" sectionIndex="0" pointIndex="982" originalElevation="985.0" isOriginalElevationFromOSM="false" isAnchor="false"><ele>986.8</ele></trkpt>
<trkpt lat="37.196785" lon="128.836775" sectionIndex="0" pointIndex="983" originalElevation="985.0" isOriginalElevationFromOSM="false" isAnchor="false"><ele>987.4</ele></trkpt>
<trkpt lat="37.196742" lon="128.836792" sectionIndex="0" pointIndex="984" originalElevation="985.0" isOriginalElevationFromOSM="false" isAnchor="false"><ele>988.0</ele></trkpt>
<trkpt lat="37.196699" lon="128.836808" sectionIndex="0" pointIndex="985" originalElevation="985.0" isOriginalElevationFromOSM="false" isAnchor="false"><ele>988.8</ele></trkpt>
<trkpt lat="37.196656" lon="128.836825" sectionIndex="0" pointIndex="986" originalElevation="995.0" isOriginalElevationFromOSM="false" isAnchor="false"><ele>989.6</ele></trkpt>
<trkpt lat="37.196613" lon="128.836841" sectionIndex="0" pointIndex="987" originalElevation="995.0" isOriginalElevationFromOSM="false" isAnchor="false"><ele>990.3</ele></trkpt>
<trkpt lat="37.196570" lon="128.836858" sectionIndex="0" pointIndex="988" originalElevation="995.0" isOriginalElevationFromOSM="false" isAnchor="false"><ele>991.0</ele></trkpt>
<trkpt lat="37.196538" lon="128.836870" sectionIndex="0" pointIndex="989" originalElevation="995.0" isOriginalElevationFromOSM="false" isAnchor="false"><ele>991.6</ele></trkpt>
<trkpt lat="37.196538" lon="128.836870" sectionIndex="0" pointIndex="990" originalElevation="995.0" isOriginalElevationFromOSM="false" isAnchor="false"><ele>992.2</ele></trkpt>
<trkpt lat="37.196493" lon="128.836864" sectionIndex="0" pointIndex="991" originalElevation="995.0" isOriginalElevationFromOSM="false" isAnchor="false"><ele>992.9</ele></trkpt>
<trkpt lat="37.196449" lon="128.836858" sectionIndex="0" pointIndex="992" originalElevation="995.0" isOriginalElevationFromOSM="false" isAnchor="false"><ele>993.5</ele></trkpt>
<trkpt lat="37.196404" lon="128.836852" sectionIndex="0" pointIndex="993" originalElevation="995.0" isOriginalElevationFromOSM="false" isAnchor="false"><ele>994.1</ele></trkpt>
<trkpt lat="37.196359" lon="128.836846" sectionIndex="0" pointIndex="994" originalElevation="995.0" isOriginalElevationFromOSM="false" isAnchor="false"><ele>994.6</ele></trkpt>
<trkpt lat="37.196314" lon="128.836840" sectionIndex="0" pointIndex="995" originalElevation="995.0" isOriginalElevationFromOSM="false" isAnchor="false"><ele>995.2</ele></trkpt>
<trkpt lat="37.196270" lon="128.836834" sectionIndex="0" pointIndex="996" originalElevation="995.0" isOriginalElevationFromOSM="false" isAnchor="false"><ele>995.8</ele></trkpt>
<trkpt lat="37.196225" lon="128.836828" sectionIndex="0" pointIndex="997" originalElevation="995.0" isOriginalElevationFromOSM="false" isAnchor="false"><ele>996.5</ele></trkpt>
<trkpt lat="37.196180" lon="128.836822" sectionIndex="0" pointIndex="998" originalElevation="995.0" isOriginalElevationFromOSM="false" isAnchor="false"><ele>997.2</ele></trkpt>
<trkpt lat="37.196136" lon="128.836816" sectionIndex="0" pointIndex="999" originalElevation="995.0" isOriginalElevationFromOSM="false" isAnchor="false"><ele>997.9</ele></trkpt>
<trkpt lat="37.196091" lon="128.836810" sectionIndex="0" pointIndex="1000" originalElevation="995.0" isOriginalElevationFromOSM="false" isAnchor="false"><ele>998.7</ele></trkpt>
<trkpt lat="37.196046" lon="128.836804" sectionIndex="0" pointIndex="1001" originalElevation="995.0" isOriginalElevationFromOSM="false" isAnchor="false"><ele>999.5</ele></trkpt>
<trkpt lat="37.196001" lon="128.836798" sectionIndex="0" pointIndex="1002" originalElevation="995.0" isOriginalElevationFromOSM="false" isAnchor="false"><ele>1000.3</ele></trkpt>
<trkpt lat="37.195957" lon="128.836792" sectionIndex="0" pointIndex="1003" originalElevation="995.0" isOriginalElevationFromOSM="false" isAnchor="false"><ele>1001.2</ele></trkpt>
<trkpt lat="37.195912" lon="128.836786" sectionIndex="0" pointIndex="1004" originalElevation="995.0" isOriginalElevationFromOSM="false" isAnchor="false"><ele>1002.1</ele></trkpt>
<trkpt lat="37.195867" lon="128.836780" sectionIndex="0" pointIndex="1005" originalElevation="995.0" isOriginalElevationFromOSM="false" isAnchor="false"><ele>1003.0</ele></trkpt>
<trkpt lat="37.195823" lon="128.836774" sectionIndex="0" pointIndex="1006" originalElevation="1012.0" isOriginalElevationFromOSM="false" isAnchor="false"><ele>1004.0</ele></trkpt>
<trkpt lat="37.195778" lon="128.836768" sectionIndex="0" pointIndex="1007" originalElevation="1012.0" isOriginalElevationFromOSM="false" isAnchor="false"><ele>1004.9</ele></trkpt>
<trkpt lat="37.195743" lon="128.836763" sectionIndex="0" pointIndex="1008" originalElevation="1012.0" isOriginalElevationFromOSM="false" isAnchor="false"><ele>1005.8</ele></trkpt>
<trkpt lat="37.195743" lon="128.836763" sectionIndex="0" pointIndex="1009" originalElevation="1012.0" isOriginalElevationFromOSM="false" isAnchor="false"><ele>1006.7</ele></trkpt>
<trkpt lat="37.195704" lon="128.836791" sectionIndex="0" pointIndex="1010" originalElevation="1012.0" isOriginalElevationFromOSM="false" isAnchor="false"><ele>1007.5</ele></trkpt>
<trkpt lat="37.195665" lon="128.836819" sectionIndex="0" pointIndex="1011" originalElevation="1012.0" isOriginalElevationFromOSM="false" isAnchor="false"><ele>1008.2</ele></trkpt>
<trkpt lat="37.195626" lon="128.836847" sectionIndex="0" pointIndex="1012" originalElevation="1012.0" isOriginalElevationFromOSM="false" isAnchor="false"><ele>1008.9</ele></trkpt>
<trkpt lat="37.195587" lon="128.836875" sectionIndex="0" pointIndex="1013" originalElevation="1012.0" isOriginalElevationFromOSM="false" isAnchor="false"><ele>1009.5</ele></trkpt>
<trkpt lat="37.195548" lon="128.836903" sectionIndex="0" pointIndex="1014" originalElevation="1012.0" isOriginalElevationFromOSM="false" isAnchor="false"><ele>1010.1</ele></trkpt>
<trkpt lat="37.195509" lon="128.836931" sectionIndex="0" pointIndex="1015" originalElevation="1012.0" isOriginalElevationFromOSM="false" isAnchor="false"><ele>1010.5</ele></trkpt>
<trkpt lat="37.195470" lon="128.836959" sectionIndex="0" pointIndex="1016" originalElevation="1012.0" isOriginalElevationFromOSM="false" isAnchor="false"><ele>1010.9</ele></trkpt>
<trkpt lat="37.195431" lon="128.836987" sectionIndex="0" pointIndex="1017" originalElevation="1012.0" isOriginalElevationFromOSM="false" isAnchor="false"><ele>1011.2</ele></trkpt>
<trkpt lat="37.195392" lon="128.837015" sectionIndex="0" pointIndex="1018" originalElevation="1012.0" isOriginalElevationFromOSM="false" isAnchor="false"><ele>1011.3</ele></trkpt>
<trkpt lat="37.195353" lon="128.837043" sectionIndex="0" pointIndex="1019" originalElevation="1012.0" isOriginalElevationFromOSM="false" isAnchor="false"><ele>1011.2</ele></trkpt>
<trkpt lat="37.195314" lon="128.837071" sectionIndex="0" pointIndex="1020" originalElevation="1012.0" isOriginalElevationFromOSM="false" isAnchor="false"><ele>1011.0</ele></trkpt>
<trkpt lat="37.195275" lon="128.837099" sectionIndex="0" pointIndex="1021" originalElevation="1012.0" isOriginalElevationFromOSM="false" isAnchor="false"><ele>1010.7</ele></trkpt>
<trkpt lat="37.195265" lon="128.837106" sectionIndex="0" pointIndex="1022" originalElevation="1012.0" isOriginalElevationFromOSM="false" isAnchor="false"><ele>1010.2</ele></trkpt>
<trkpt lat="37.195265" lon="128.837106" sectionIndex="0" pointIndex="1023" originalElevation="1012.0" isOriginalElevationFromOSM="false" isAnchor="false"><ele>1009.6</ele></trkpt>
<trkpt lat="37.195236" lon="128.837150" sectionIndex="0" pointIndex="1024" originalElevation="1012.0" isOriginalElevationFromOSM="false" isAnchor="false"><ele>1008.8</ele></trkpt>
<trkpt lat="37.195207" lon="128.837193" sectionIndex="0" pointIndex="1025" originalElevation="1012.0" isOriginalElevationFromOSM="false" isAnchor="false"><ele>1007.9</ele></trkpt>
<trkpt lat="37.195178" lon="128.837236" sectionIndex="0" pointIndex="1026" originalElevation="1012.0" isOriginalElevationFromOSM="false" isAnchor="false"><ele>1006.9</ele></trkpt>
<trkpt lat="37.195149" lon="128.837280" sectionIndex="0" pointIndex="1027" originalElevation="1012.0" isOriginalElevationFromOSM="false" isAnchor="false"><ele>1005.8</ele></trkpt>
<trkpt lat="37.195121" lon="128.837323" sectionIndex="0" pointIndex="1028" originalElevation="1012.0" isOriginalElevationFromOSM="false" isAnchor="false"><ele>1004.6</ele></trkpt>
<trkpt lat="37.195092" lon="128.837366" sectionIndex="0" pointIndex="1029" originalElevation="1012.0" isOriginalElevationFromOSM="false" isAnchor="false"><ele>1003.2</ele></trkpt>
<trkpt lat="37.195063" lon="128.837410" sectionIndex="0" pointIndex="1030" originalElevation="1012.0" isOriginalElevationFromOSM="false" isAnchor="false"><ele>1001.8</ele></trkpt>
<trkpt lat="37.195034" lon="128.837453" sectionIndex="0" pointIndex="1031" originalElevation="1012.0" isOriginalElevationFromOSM="false" isAnchor="false"><ele>1000.3</ele></trkpt>
<trkpt lat="37.195005" lon="128.837496" sectionIndex="0" pointIndex="1032" originalElevation="1012.0" isOriginalElevationFromOSM="false" isAnchor="false"><ele>998.8</ele></trkpt>
<trkpt lat="37.194977" lon="128.837540" sectionIndex="0" pointIndex="1033" originalElevation="984.0" isOriginalElevationFromOSM="false" isAnchor="false"><ele>997.2</ele></trkpt>
<trkpt lat="37.194948" lon="128.837583" sectionIndex="0" pointIndex="1034" originalElevation="984.0" isOriginalElevationFromOSM="false" isAnchor="false"><ele>995.7</ele></trkpt>
<trkpt lat="37.194923" lon="128.837621" sectionIndex="0" pointIndex="1035" originalElevation="984.0" isOriginalElevationFromOSM="false" isAnchor="false"><ele>994.2</ele></trkpt>
<trkpt lat="37.194923" lon="128.837621" sectionIndex="0" pointIndex="1036" originalElevation="984.0" isOriginalElevationFromOSM="false" isAnchor="false"><ele>992.8</ele></trkpt>
<trkpt lat="37.194879" lon="128.837610" sectionIndex="0" pointIndex="1037" originalElevation="984.0" isOriginalElevationFromOSM="false" isAnchor="false"><ele>991.4</ele></trkpt>
<trkpt lat="37.194835" lon="128.837599" sectionIndex="0" pointIndex="1038" originalElevation="984.0" isOriginalElevationFromOSM="false" isAnchor="false"><ele>990.2</ele></trkpt>
<trkpt lat="37.194790" lon="128.837588" sectionIndex="0" pointIndex="1039" originalElevation="984.0" isOriginalElevationFromOSM="false" isAnchor="false"><ele>989.1</ele></trkpt>
<trkpt lat="37.194746" lon="128.837577" sectionIndex="0" pointIndex="1040" originalElevation="984.0" isOriginalElevationFromOSM="false" isAnchor="false"><ele>988.1</ele></trkpt>
<trkpt lat="37.194702" lon="128.837566" sectionIndex="0" pointIndex="1041" originalElevation="984.0" isOriginalElevationFromOSM="false" isAnchor="false"><ele>987.2</ele></trkpt>
<trkpt lat="37.194658" lon="128.837555" sectionIndex="0" pointIndex="1042" originalElevation="984.0" isOriginalElevationFromOSM="false" isAnchor="false"><ele>986.5</ele></trkpt>
<trkpt lat="37.194614" lon="128.837544" sectionIndex="0" pointIndex="1043" originalElevation="984.0" isOriginalElevationFromOSM="false" isAnchor="false"><ele>985.9</ele></trkpt>
<trkpt lat="37.194570" lon="128.837533" sectionIndex="0" pointIndex="1044" originalElevation="984.0" isOriginalElevationFromOSM="false" isAnchor="false"><ele>985.4</ele></trkpt>
<trkpt lat="37.194526" lon="128.837522" sectionIndex="0" pointIndex="1045" originalElevation="984.0" isOriginalElevationFromOSM="false" isAnchor="false"><ele>985.0</ele></trkpt>
<trkpt lat="37.194482" lon="128.837510" sectionIndex="0" pointIndex="1046" originalElevation="984.0" isOriginalElevationFromOSM="false" isAnchor="false"><ele>984.7</ele></trkpt>
<trkpt lat="37.194453" lon="128.837503" sectionIndex="0" pointIndex="1047" originalElevation="984.0" isOriginalElevationFromOSM="false" isAnchor="false"><ele>984.5</ele></trkpt>
<trkpt lat="37.194453" lon="128.837503" sectionIndex="0" pointIndex="1048" originalElevation="984.0" isOriginalElevationFromOSM="false" isAnchor="false"><ele>984.4</ele></trkpt>
<trkpt lat="37.194408" lon="128.837512" sectionIndex="0" pointIndex="1049" originalElevation="984.0" isOriginalElevationFromOSM="false" isAnchor="false"><ele>984.4</ele></trkpt>
<trkpt lat="37.194364" lon="128.837522" sectionIndex="0" pointIndex="1050" originalElevation="984.0" isOriginalElevationFromOSM="false" isAnchor="false"><ele>984.5</ele></trkpt>
<trkpt lat="37.194320" lon="128.837531" sectionIndex="0" pointIndex="1051" originalElevation="984.0" isOriginalElevationFromOSM="false" isAnchor="false"><ele>984.6</ele></trkpt>
<trkpt lat="37.194275" lon="128.837540" sectionIndex="0" pointIndex="1052" originalElevation="984.0" isOriginalElevationFromOSM="false" isAnchor="false"><ele>984.7</ele></trkpt>
<trkpt lat="37.194231" lon="128.837549" sectionIndex="0" pointIndex="1053" originalElevation="984.0" isOriginalElevationFromOSM="false" isAnchor="false"><ele>984.8</ele></trkpt>
<trkpt lat="37.194186" lon="128.837558" sectionIndex="0" pointIndex="1054" originalElevation="984.0" isOriginalElevationFromOSM="false" isAnchor="false"><ele>984.9</ele></trkpt>
<trkpt lat="37.194142" lon="128.837567" sectionIndex="0" pointIndex="1055" originalElevation="986.0" isOriginalElevationFromOSM="false" isAnchor="false"><ele>985.1</ele></trkpt>
<trkpt lat="37.194098" lon="128.837577" sectionIndex="0" pointIndex="1056" originalElevation="986.0" isOriginalElevationFromOSM="false" isAnchor="false"><ele>985.2</ele></trkpt>
<trkpt lat="37.194053" lon="128.837586" sectionIndex="0" pointIndex="1057" originalElevation="986.0" isOriginalElevationFromOSM="false" isAnchor="false"><ele>985.3</ele></trkpt>
<trkpt lat="37.194009" lon="128.837595" sectionIndex="0" pointIndex="1058" originalElevation="986.0" isOriginalElevationFromOSM="false" isAnchor="false"><ele>985.4</ele></trkpt>
<trkpt lat="37.193965" lon="128.837604" sectionIndex="0" pointIndex="1059" originalElevation="986.0" isOriginalElevationFromOSM="false" isAnchor="false"><ele>985.5</ele></trkpt>
<trkpt lat="37.193920" lon="128.837613" sectionIndex="0" pointIndex="1060" originalElevation="986.0" isOriginalElevationFromOSM="false" isAnchor="false"><ele>985.6</ele></trkpt>
<trkpt lat="37.193876" lon="128.837623" sectionIndex="0" pointIndex="1061" originalElevation="986.0" isOriginalElevationFromOSM="false" isAnchor="false"><ele>985.6</ele></trkpt>
<trkpt lat="37.193831" lon="128.837632" sectionIndex="0" pointIndex="1062" originalElevation="986.0" isOriginalElevationFromOSM="false" isAnchor="false"><ele>985.7</ele></trkpt>
<trkpt lat="37.193787" lon="128.837641" sectionIndex="0" pointIndex="1063" originalElevation="986.0" isOriginalElevationFromOSM="false" isAnchor="false"><ele>985.9</ele></trkpt>
<trkpt lat="37.193743" lon="128.837650" sectionIndex="0" pointIndex="1064" originalElevation="986.0" isOriginalElevationFromOSM="false" isAnchor="false"><ele>986.0</ele></trkpt>
<trkpt lat="37.193698" lon="128.837659" sectionIndex="0" pointIndex="1065" originalElevation="986.0" isOriginalElevationFromOSM="false" isAnchor="false"><ele>986.1</ele></trkpt>
<trkpt lat="37.193675" lon="128.837664" sectionIndex="0" pointIndex="1066" originalElevation="986.0" isOriginalElevationFromOSM="false" isAnchor="false"><ele>986.2</ele></trkpt>
<trkpt lat="37.193675" lon="128.837664" sectionIndex="0" pointIndex="1067" originalElevation="986.0" isOriginalElevationFromOSM="false" isAnchor="false"><ele>986.4</ele></trkpt>
<trkpt lat="37.193641" lon="128.837701" sectionIndex="0" pointIndex="1068" originalElevation="986.0" isOriginalElevationFromOSM="false" isAnchor="false"><ele>986.5</ele></trkpt>
<trkpt lat="37.193607" lon="128.837737" sectionIndex="0" pointIndex="1069" originalElevation="986.0" isOriginalElevationFromOSM="false" isAnchor="false"><ele>986.7</ele></trkpt>
<trkpt lat="37.193572" lon="128.837774" sectionIndex="0" pointIndex="1070" originalElevation="986.0" isOriginalElevationFromOSM="false" isAnchor="false"><ele>986.9</ele></trkpt>
<trkpt lat="37.193538" lon="128.837811" sectionIndex="0" pointIndex="1071" originalElevation="986.0" isOriginalElevationFromOSM="false" isAnchor="false"><ele>987.1</ele></trkpt>
<trkpt lat="37.193504" lon="128.837847" sectionIndex="0" pointIndex="1072" originalElevation="986.0" isOriginalElevationFromOSM="false" isAnchor="false"><ele>987.3</ele></trkpt>
<trkpt lat="37.193470" lon="128.837884" sectionIndex="0" pointIndex="1073" originalElevation="986.0" isOriginalElevationFromOSM="false" isAnchor="false"><ele>987.6</ele></trkpt>
<trkpt lat="37.193436" lon="128.837921" sectionIndex="0" pointIndex="1074" originalElevation="986.0" isOriginalElevationFromOSM="false" isAnchor="false"><ele>987.8</ele></trkpt>
<trkpt lat="37.193401" lon="128.837957" sectionIndex="0" pointIndex="1075" originalElevation="986.0" isOriginalElevationFromOSM="false" isAnchor="false"><ele>988.1</ele></trkpt>
<trkpt lat="37.193367" lon="128.837994" sectionIndex="0" pointIndex="1076" originalElevation="986.0" isOriginalElevationFromOSM="false" isAnchor="false"><ele>988.4</ele></trkpt>
<trkpt lat="37.193333" lon="128.838031" sectionIndex="0" pointIndex="1077" originalElevation="991.0" isOriginalElevationFromOSM="false" isAnchor="false"><ele>988.6</ele></trkpt>
<trkpt lat="37.193324" lon="128.838040" sectionIndex="0" pointIndex="1078" originalElevation="991.0" isOriginalElevationFromOSM="false" isAnchor="false"><ele>988.9</ele></trkpt>
<trkpt lat="37.193324" lon="128.838040" sectionIndex="0" pointIndex="1079" originalElevation="991.0" isOriginalElevationFromOSM="false" isAnchor="false"><ele>989.2</ele></trkpt>
<trkpt lat="37.193281" lon="128.838051" sectionIndex="0" pointIndex="1080" originalElevation="991.0" isOriginalElevationFromOSM="false" isAnchor="false"><ele>989.4</ele></trkpt>
<trkpt lat="37.193237" lon="128.838063" sectionIndex="0" pointIndex="1081" originalElevation="991.0" isOriginalElevationFromOSM="false" isAnchor="false"><ele>989.7</ele></trkpt>
<trkpt lat="37.193193" lon="128.838075" sectionIndex="0" pointIndex="1082" originalElevation="991.0" isOriginalElevationFromOSM="false" isAnchor="false"><ele>989.7</ele></trkpt>
<trkpt lat="37.193149" lon="128.838086" sectionIndex="0" pointIndex="1083" originalElevation="991.0" isOriginalElevationFromOSM="false" isAnchor="false"><ele>989.7</ele></trkpt>
<trkpt lat="37.193105" lon="128.838098" sectionIndex="0" pointIndex="1084" originalElevation="991.0" isOriginalElevationFromOSM="false" isAnchor="false"><ele>989.6</ele></trkpt>
<trkpt lat="37.193061" lon="128.838110" sectionIndex="0" pointIndex="1085" originalElevation="991.0" isOriginalElevationFromOSM="false" isAnchor="false"><ele>989.4</ele></trkpt>
<trkpt lat="37.193017" lon="128.838122" sectionIndex="0" pointIndex="1086" originalElevation="991.0" isOriginalElevationFromOSM="false" isAnchor="false"><ele>989.2</ele></trkpt>
<trkpt lat="37.192973" lon="128.838133" sectionIndex="0" pointIndex="1087" originalElevation="991.0" isOriginalElevationFromOSM="false" isAnchor="false"><ele>988.8</ele></trkpt>
<trkpt lat="37.192929" lon="128.838145" sectionIndex="0" pointIndex="1088" originalElevation="991.0" isOriginalElevationFromOSM="false" isAnchor="false"><ele>988.4</ele></trkpt>
<trkpt lat="37.192885" lon="128.838157" sectionIndex="0" pointIndex="1089" originalElevation="991.0" isOriginalElevationFromOSM="false" isAnchor="false"><ele>987.9</ele></trkpt>
<trkpt lat="37.192841" lon="128.838168" sectionIndex="0" pointIndex="1090" originalElevation="991.0" isOriginalElevationFromOSM="false" isAnchor="false"><ele>987.3</ele></trkpt>
<trkpt lat="37.192797" lon="128.838180" sectionIndex="0" pointIndex="1091" originalElevation="991.0" isOriginalElevationFromOSM="false" isAnchor="false"><ele>986.6</ele></trkpt>
<trkpt lat="37.192760" lon="128.838190" sectionIndex="0" pointIndex="1092" originalElevation="991.0" isOriginalElevationFromOSM="false" isAnchor="false"><ele>985.9</ele></trkpt>
<trkpt lat="37.192760" lon="128.838190" sectionIndex="0" pointIndex="1093" originalElevation="991.0" isOriginalElevationFromOSM="false" isAnchor="false"><ele>985.0</ele></trkpt>
<trkpt lat="37.192731" lon="128.838232" sectionIndex="0" pointIndex="1094" originalElevation="991.0" isOriginalElevationFromOSM="false" isAnchor="false"><ele>984.1</ele></trkpt>
<trkpt lat="37.192701" lon="128.838274" sectionIndex="0" pointIndex="1095" originalElevation="991.0" isOriginalElevationFromOSM="false" isAnchor="false"><ele>983.3</ele></trkpt>
<trkpt lat="37.192671" lon="128.838317" sectionIndex="0" pointIndex="1096" originalElevation="991.0" isOriginalElevationFromOSM="false" isAnchor="false"><ele>982.4</ele></trkpt>
<trkpt lat="37.192641" lon="128.838359" sectionIndex="0" pointIndex="1097" originalElevation="969.0" isOriginalElevationFromOSM="false" isAnchor="false"><ele>981.5</ele></trkpt>
<trkpt lat="37.192612" lon="128.838401" sectionIndex="0" pointIndex="1098" originalElevation="969.0" isOriginalElevationFromOSM="false" isAnchor="false"><ele>980.7</ele></trkpt>
<trkpt lat="37.192582" lon="128.838444" sectionIndex="0" pointIndex="1099" originalElevation="969.0" isOriginalElevationFromOSM="false" isAnchor="false"><ele>979.9</ele></trkpt>
<trkpt lat="37.192552" lon="128.838486" sectionIndex="0" pointIndex="1100" originalElevation="969.0" isOriginalElevationFromOSM="false" isAnchor="false"><ele>979.2</ele></trkpt>
<trkpt lat="37.192522" lon="128.838528" sectionIndex="0" pointIndex="1101" originalElevation="969.0" isOriginalElevationFromOSM="false" isAnchor="false"><ele>978.6</ele></trkpt>
<trkpt lat="37.192492" lon="128.838570" sectionIndex="0" pointIndex="1102" originalElevation="977.0" isOriginalElevationFromOSM="false" isAnchor="false"><ele>978.1</ele></trkpt>
<trkpt lat="37.192463" lon="128.838613" sectionIndex="0" pointIndex="1103" originalElevation="977.0" isOriginalElevationFromOSM="false" isAnchor="false"><ele>977.6</ele></trkpt>
<trkpt lat="37.192436" lon="128.838651" sectionIndex="0" pointIndex="1104" originalElevation="977.0" isOriginalElevationFromOSM="false" isAnchor="false"><ele>977.3</ele></trkpt>
<trkpt lat="37.192436" lon="128.838651" sectionIndex="0" pointIndex="1105" originalElevation="977.0" isOriginalElevationFromOSM="false" isAnchor="false"><ele>977.0</ele></trkpt>
<trkpt lat="37.192393" lon="128.838668" sectionIndex="0" pointIndex="1106" originalElevation="977.0" isOriginalElevationFromOSM="false" isAnchor="false"><ele>976.8</ele></trkpt>
<trkpt lat="37.192350" lon="128.838684" sectionIndex="0" pointIndex="1107" originalElevation="977.0" isOriginalElevationFromOSM="false" isAnchor="false"><ele>976.6</ele></trkpt>
<trkpt lat="37.192307" lon="128.838701" sectionIndex="0" pointIndex="1108" originalElevation="977.0" isOriginalElevationFromOSM="false" isAnchor="false"><ele>976.6</ele></trkpt>
<trkpt lat="37.192264" lon="128.838717" sectionIndex="0" pointIndex="1109" originalElevation="977.0" isOriginalElevationFromOSM="false" isAnchor="false"><ele>976.7</ele></trkpt>
<trkpt lat="37.192221" lon="128.838734" sectionIndex="0" pointIndex="1110" originalElevation="977.0" isOriginalElevationFromOSM="false" isAnchor="false"><ele>976.8</ele></trkpt>
<trkpt lat="37.192178" lon="128.838750" sectionIndex="0" pointIndex="1111" originalElevation="977.0" isOriginalElevationFromOSM="false" isAnchor="false"><ele>977.0</ele></trkpt>
<trkpt lat="37.192135" lon="128.838766" sectionIndex="0" pointIndex="1112" originalElevation="977.0" isOriginalElevationFromOSM="false" isAnchor="false"><ele>977.3</ele></trkpt>
<trkpt lat="37.192092" lon="128.838783" sectionIndex="0" pointIndex="1113" originalElevation="977.0" isOriginalElevationFromOSM="false" isAnchor="false"><ele>977.7</ele></trkpt>
<trkpt lat="37.192049" lon="128.838799" sectionIndex="0" pointIndex="1114" originalElevation="977.0" isOriginalElevationFromOSM="false" isAnchor="false"><ele>978.1</ele></trkpt>
<trkpt lat="37.192006" lon="128.838816" sectionIndex="0" pointIndex="1115" originalElevation="977.0" isOriginalElevationFromOSM="false" isAnchor="false"><ele>978.6</ele></trkpt>
<trkpt lat="37.191963" lon="128.838832" sectionIndex="0" pointIndex="1116" originalElevation="977.0" isOriginalElevationFromOSM="false" isAnchor="false"><ele>979.0</ele></trkpt>
<trkpt lat="37.191920" lon="128.838849" sectionIndex="0" pointIndex="1117" originalElevation="977.0" isOriginalElevationFromOSM="false" isAnchor="false"><ele>979.3</ele></trkpt>
<trkpt lat="37.191877" lon="128.838865" sectionIndex="0" pointIndex="1118" originalElevation="977.0" isOriginalElevationFromOSM="false" isAnchor="false"><ele>979.6</ele></trkpt>
<trkpt lat="37.191834" lon="128.838882" sectionIndex="0" pointIndex="1119" originalElevation="977.0" isOriginalElevationFromOSM="false" isAnchor="false"><ele>979.9</ele></trkpt>
<trkpt lat="37.191791" lon="128.838898" sectionIndex="0" pointIndex="1120" originalElevation="977.0" isOriginalElevationFromOSM="false" isAnchor="false"><ele>980.2</ele></trkpt>
<trkpt lat="37.191748" lon="128.838915" sectionIndex="0" pointIndex="1121" originalElevation="977.0" isOriginalElevationFromOSM="false" isAnchor="false"><ele>980.4</ele></trkpt>
<trkpt lat="37.191705" lon="128.838931" sectionIndex="0" pointIndex="1122" originalElevation="977.0" isOriginalElevationFromOSM="false" isAnchor="false"><ele>980.5</ele></trkpt>
<trkpt lat="37.191664" lon="128.838947" sectionIndex="0" pointIndex="1123" originalElevation="989.0" isOriginalElevationFromOSM="false" isAnchor="false"><ele>980.6</ele></trkpt>
<trkpt lat="37.191664" lon="128.838947" sectionIndex="0" pointIndex="1124" originalElevation="989.0" isOriginalElevationFromOSM="false" isAnchor="false"><ele>980.6</ele></trkpt>
<trkpt lat="37.191629" lon="128.838982" sectionIndex="0" pointIndex="1125" originalElevation="989.0" isOriginalElevationFromOSM="false" isAnchor="false"><ele>980.4</ele></trkpt>
<trkpt lat="37.191593" lon="128.839017" sectionIndex="0" pointIndex="1126" originalElevation="989.0" isOriginalElevationFromOSM="false" isAnchor="false"><ele>980.2</ele></trkpt>
<trkpt lat="37.191558" lon="128.839052" sectionIndex="0" pointIndex="1127" originalElevation="989.0" isOriginalElevationFromOSM="false" isAnchor="false"><ele>979.9</ele></trkpt>
<trkpt lat="37.191523" lon="128.839086" sectionIndex="0" pointIndex="1128" originalElevation="989.0" isOriginalElevationFromOSM="false" isAnchor="false"><ele>979.5</ele></trkpt>
<trkpt lat="37.191487" lon="128.839121" sectionIndex="0" pointIndex="1129" originalElevation="989.0" isOriginalElevationFromOSM="false" isAnchor="false"><ele>979.0</ele></trkpt>
<trkpt lat="37.191452" lon="128.839156" sectionIndex="0" pointIndex="1130" originalElevation="989.0" isOriginalElevationFromOSM="false" isAnchor="false"><ele>978.3</ele></trkpt>
<trkpt lat="37.191417" lon="128.839191" sectionIndex="0" pointIndex="1131" originalElevation="970.0" isOriginalElevationFromOSM="false" isAnchor="false"><ele>977.4</ele></trkpt>
<trkpt lat="37.191381" lon="128.839226" sectionIndex="0" pointIndex="1132" originalElevation="970.0" isOriginalElevationFromOSM="false" isAnchor="false"><ele>976.5</ele></trkpt>
<trkpt lat="37.191346" lon="128.839261" sectionIndex="0" pointIndex="1133" originalElevation="970.0" isOriginalElevationFromOSM="false" isAnchor="false"><ele>975.5</ele></trkpt>
<trkpt lat="37.191311" lon="128.839296" sectionIndex="0" pointIndex="1134" originalElevation="970.0" isOriginalElevationFromOSM="false" isAnchor="false"><ele>974.4</ele></trkpt>
<trkpt lat="37.191275" lon="128.839331" sectionIndex="0" pointIndex="1135" originalElevation="970.0" isOriginalElevationFromOSM="false" isAnchor="false"><ele>973.1</ele></trkpt>
<trkpt lat="37.191240" lon="128.839366" sectionIndex="0" pointIndex="1136" originalElevation="970.0" isOriginalElevationFromOSM="false" isAnchor="false"><ele>971.7</ele></trkpt>
<trkpt lat="37.191205" lon="128.839401" sectionIndex="0" pointIndex="1137" originalElevation="970.0" isOriginalElevationFromOSM="false" isAnchor="false"><ele>970.3</ele></trkpt>
<trkpt lat="37.191169" lon="128.839436" sectionIndex="0" pointIndex="1138" originalElevation="970.0" isOriginalElevationFromOSM="false" isAnchor="false"><ele>968.7</ele></trkpt>
<trkpt lat="37.191134" lon="128.839471" sectionIndex="0" pointIndex="1139" originalElevation="970.0" isOriginalElevationFromOSM="false" isAnchor="false"><ele>967.0</ele></trkpt>
<trkpt lat="37.191100" lon="128.839505" sectionIndex="0" pointIndex="1140" originalElevation="970.0" isOriginalElevationFromOSM="false" isAnchor="false"><ele>965.2</ele></trkpt>
<trkpt lat="37.191100" lon="128.839620" sectionIndex="0" pointIndex="1141" originalElevation="972.0" isOriginalElevationFromOSM="false" isAnchor="false"><ele>963.2</ele></trkpt>
<trkpt lat="37.191060" lon="128.839620" sectionIndex="0" pointIndex="1142" originalElevation="972.0" isOriginalElevationFromOSM="false" isAnchor="false"><ele>961.1</ele></trkpt>
<trkpt lat="37.191060" lon="128.839620" sectionIndex="0" pointIndex="1143" originalElevation="972.0" isOriginalElevationFromOSM="false" isAnchor="false"><ele>958.9</ele></trkpt>
<trkpt lat="37.191280" lon="128.839630" sectionIndex="0" pointIndex="1144" originalElevation="972.0" isOriginalElevationFromOSM="false" isAnchor="false"><ele>956.5</ele></trkpt>
<trkpt lat="37.191580" lon="128.839610" sectionIndex="0" pointIndex="1145" originalElevation="952.0" isOriginalElevationFromOSM="false" isAnchor="false"><ele>954.0</ele></trkpt>
<trkpt lat="37.191800" lon="128.839630" sectionIndex="0" pointIndex="1146" originalElevation="952.0" isOriginalElevationFromOSM="false" isAnchor="false"><ele>951.3</ele></trkpt>
<trkpt lat="37.192040" lon="128.839680" sectionIndex="0" pointIndex="1147" originalElevation="952.0" isOriginalElevationFromOSM="false" isAnchor="false"><ele>948.7</ele></trkpt>
<trkpt lat="37.192210" lon="128.839810" sectionIndex="0" pointIndex="1148" originalElevation="952.0" isOriginalElevationFromOSM="false" isAnchor="false"><ele>945.9</ele></trkpt>
<trkpt lat="37.192460" lon="128.839830" sectionIndex="0" pointIndex="1149" originalElevation="934.0" isOriginalElevationFromOSM="false" isAnchor="false"><ele>943.1</ele></trkpt>
<trkpt lat="37.192530" lon="128.839890" sectionIndex="0" pointIndex="1150" originalElevation="934.0" isOriginalElevationFromOSM="false" isAnchor="false"><ele>940.1</ele></trkpt>
<trkpt lat="37.192670" lon="128.839790" sectionIndex="0" pointIndex="1151" originalElevation="934.0" isOriginalElevationFromOSM="false" isAnchor="false"><ele>937.1</ele></trkpt>
<trkpt lat="37.192880" lon="128.839880" sectionIndex="0" pointIndex="1152" originalElevation="934.0" isOriginalElevationFromOSM="false" isAnchor="false"><ele>934.0</ele></trkpt>
<trkpt lat="37.192920" lon="128.839960" sectionIndex="0" pointIndex="1153" originalElevation="934.0" isOriginalElevationFromOSM="false" isAnchor="false"><ele>931.0</ele></trkpt>
<trkpt lat="37.193060" lon="128.839970" sectionIndex="0" pointIndex="1154" originalElevation="934.0" isOriginalElevationFromOSM="false" isAnchor="false"><ele>927.8</ele></trkpt>
<trkpt lat="37.193140" lon="128.839890" sectionIndex="0" pointIndex="1155" originalElevation="934.0" isOriginalElevationFromOSM="false" isAnchor="false"><ele>924.7</ele></trkpt>
<trkpt lat="37.193480" lon="128.839970" sectionIndex="0" pointIndex="1156" originalElevation="912.0" isOriginalElevationFromOSM="false" isAnchor="false"><ele>921.6</ele></trkpt>
<trkpt lat="37.193550" lon="128.839880" sectionIndex="0" pointIndex="1157" originalElevation="912.0" isOriginalElevationFromOSM="false" isAnchor="false"><ele>918.4</ele></trkpt>
<trkpt lat="37.193920" lon="128.840050" sectionIndex="0" pointIndex="1158" originalElevation="912.0" isOriginalElevationFromOSM="false" isAnchor="false"><ele>915.3</ele></trkpt>
<trkpt lat="37.193960" lon="128.840130" sectionIndex="0" pointIndex="1159" originalElevation="912.0" isOriginalElevationFromOSM="false" isAnchor="false"><ele>912.2</ele></trkpt>
<trkpt lat="37.194110" lon="128.840140" sectionIndex="0" pointIndex="1160" originalElevation="913.0" isOriginalElevationFromOSM="false" isAnchor="false"><ele>909.1</ele></trkpt>
<trkpt lat="37.194210" lon="128.840120" sectionIndex="0" pointIndex="1161" originalElevation="893.0" isOriginalElevationFromOSM="false" isAnchor="false"><ele>906.2</ele></trkpt>
<trkpt lat="37.194310" lon="128.840220" sectionIndex="0" pointIndex="1162" originalElevation="913.0" isOriginalElevationFromOSM="false" isAnchor="false"><ele>903.3</ele></trkpt>
<trkpt lat="37.194840" lon="128.840220" sectionIndex="0" pointIndex="1163" originalElevation="895.0" isOriginalElevationFromOSM="false" isAnchor="false"><ele>900.5</ele></trkpt>
<trkpt lat="37.194910" lon="128.840250" sectionIndex="0" pointIndex="1164" originalElevation="895.0" isOriginalElevationFromOSM="false" isAnchor="false"><ele>897.4</ele></trkpt>
<trkpt lat="37.194910" lon="128.840250" sectionIndex="0" pointIndex="1165" originalElevation="895.0" isOriginalElevationFromOSM="false" isAnchor="false"><ele>894.7</ele></trkpt>
<trkpt lat="37.195000" lon="128.840290" sectionIndex="0" pointIndex="1166" originalElevation="895.0" isOriginalElevationFromOSM="false" isAnchor="false"><ele>891.8</ele></trkpt>
<trkpt lat="37.195270" lon="128.840290" sectionIndex="0" pointIndex="1167" originalElevation="895.0" isOriginalElevationFromOSM="false" isAnchor="false"><ele>888.8</ele></trkpt>
<trkpt lat="37.195630" lon="128.840180" sectionIndex="0" pointIndex="1168" originalElevation="895.0" isOriginalElevationFromOSM="false" isAnchor="false"><ele>885.8</ele></trkpt>
<trkpt lat="37.195900" lon="128.840190" sectionIndex="0" pointIndex="1169" originalElevation="881.0" isOriginalElevationFromOSM="false" isAnchor="false"><ele>882.7</ele></trkpt>
<trkpt lat="37.196120" lon="128.840350" sectionIndex="0" pointIndex="1170" originalElevation="881.0" isOriginalElevationFromOSM="false" isAnchor="false"><ele>879.6</ele></trkpt>
<trkpt lat="37.196600" lon="128.840640" sectionIndex="0" pointIndex="1171" originalElevation="868.0" isOriginalElevationFromOSM="false" isAnchor="false"><ele>876.5</ele></trkpt>
<trkpt lat="37.196670" lon="128.840720" sectionIndex="0" pointIndex="1172" originalElevation="868.0" isOriginalElevationFromOSM="false" isAnchor="false"><ele>873.4</ele></trkpt>
<trkpt lat="37.196830" lon="128.840830" sectionIndex="0" pointIndex="1173" originalElevation="868.0" isOriginalElevationFromOSM="false" isAnchor="false"><ele>870.2</ele></trkpt>
<trkpt lat="37.196870" lon="128.840800" sectionIndex="0" pointIndex="1174" originalElevation="868.0" isOriginalElevationFromOSM="false" isAnchor="false"><ele>867.1</ele></trkpt>
<trkpt lat="37.196880" lon="128.840700" sectionIndex="0" pointIndex="1175" originalElevation="868.0" isOriginalElevationFromOSM="false" isAnchor="false"><ele>863.8</ele></trkpt>
<trkpt lat="37.196820" lon="128.840570" sectionIndex="0" pointIndex="1176" originalElevation="868.0" isOriginalElevationFromOSM="false" isAnchor="false"><ele>860.4</ele></trkpt>
<trkpt lat="37.197180" lon="128.840170" sectionIndex="0" pointIndex="1177" originalElevation="868.0" isOriginalElevationFromOSM="false" isAnchor="false"><ele>857.1</ele></trkpt>
<trkpt lat="37.197270" lon="128.840140" sectionIndex="0" pointIndex="1178" originalElevation="868.0" isOriginalElevationFromOSM="false" isAnchor="false"><ele>853.5</ele></trkpt>
<trkpt lat="37.197510" lon="128.840110" sectionIndex="0" pointIndex="1179" originalElevation="839.0" isOriginalElevationFromOSM="false" isAnchor="false"><ele>850.0</ele></trkpt>
<trkpt lat="37.197740" lon="128.840170" sectionIndex="0" pointIndex="1180" originalElevation="859.0" isOriginalElevationFromOSM="false" isAnchor="false"><ele>846.4</ele></trkpt>
<trkpt lat="37.197860" lon="128.840120" sectionIndex="0" pointIndex="1181" originalElevation="839.0" isOriginalElevationFromOSM="false" isAnchor="false"><ele>842.8</ele></trkpt>
<trkpt lat="37.197990" lon="128.840000" sectionIndex="0" pointIndex="1182" originalElevation="839.0" isOriginalElevationFromOSM="false" isAnchor="false"><ele>839.1</ele></trkpt>
<trkpt lat="37.198360" lon="128.839910" sectionIndex="0" pointIndex="1183" originalElevation="825.0" isOriginalElevationFromOSM="false" isAnchor="false"><ele>835.5</ele></trkpt>
<trkpt lat="37.198550" lon="128.839840" sectionIndex="0" pointIndex="1184" originalElevation="825.0" isOriginalElevationFromOSM="false" isAnchor="false"><ele>831.9</ele></trkpt>
<trkpt lat="37.198550" lon="128.839840" sectionIndex="0" pointIndex="1185" originalElevation="825.0" isOriginalElevationFromOSM="false" isAnchor="false"><ele>828.4</ele></trkpt>
<trkpt lat="37.198800" lon="128.839740" sectionIndex="0" pointIndex="1186" originalElevation="825.0" isOriginalElevationFromOSM="false" isAnchor="false"><ele>825.0</ele></trkpt>
<trkpt lat="37.199000" lon="128.839690" sectionIndex="0" pointIndex="1187" originalElevation="816.0" isOriginalElevationFromOSM="false" isAnchor="false"><ele>821.8</ele></trkpt>
<trkpt lat="37.199320" lon="128.839430" sectionIndex="0" pointIndex="1188" originalElevation="816.0" isOriginalElevationFromOSM="false" isAnchor="false"><ele>818.7</ele></trkpt>
<trkpt lat="37.199750" lon="128.839280" sectionIndex="0" pointIndex="1189" originalElevation="828.0" isOriginalElevationFromOSM="false" isAnchor="false"><ele>815.9</ele></trkpt>
<trkpt lat="37.200050" lon="128.839250" sectionIndex="0" pointIndex="1190" originalElevation="814.0" isOriginalElevationFromOSM="false" isAnchor="false"><ele>813.3</ele></trkpt>
<trkpt lat="37.200400" lon="128.839400" sectionIndex="0" pointIndex="1191" originalElevation="803.0" isOriginalElevationFromOSM="false" isAnchor="false"><ele>810.9</ele></trkpt>
<trkpt lat="37.200540" lon="128.839500" sectionIndex="0" pointIndex="1192" originalElevation="803.0" isOriginalElevationFromOSM="false" isAnchor="false"><ele>808.8</ele></trkpt>
<trkpt lat="37.200620" lon="128.839590" sectionIndex="0" pointIndex="1193" originalElevation="803.0" isOriginalElevationFromOSM="false" isAnchor="false"><ele>807.0</ele></trkpt>
<trkpt lat="37.200800" lon="128.839530" sectionIndex="0" pointIndex="1194" originalElevation="787.0" isOriginalElevationFromOSM="false" isAnchor="false"><ele>805.5</ele></trkpt>
<trkpt lat="37.200990" lon="128.839630" sectionIndex="0" pointIndex="1195" originalElevation="787.0" isOriginalElevationFromOSM="false" isAnchor="false"><ele>804.7</ele></trkpt>
<trkpt lat="37.201050" lon="128.839670" sectionIndex="0" pointIndex="1196" originalElevation="787.0" isOriginalElevationFromOSM="false" isAnchor="false"><ele>804.1</ele></trkpt>
<trkpt lat="37.201050" lon="128.839670" sectionIndex="0" pointIndex="1197" originalElevation="787.0" isOriginalElevationFromOSM="false" isAnchor="false"><ele>804.1</ele></trkpt>
<trkpt lat="37.201050" lon="128.839670" sectionIndex="0" pointIndex="1198" originalElevation="787.0" isOriginalElevationFromOSM="false" isAnchor="false"><ele>804.4</ele></trkpt>
<trkpt lat="37.200990" lon="128.839630" sectionIndex="0" pointIndex="1199" originalElevation="787.0" isOriginalElevationFromOSM="false" isAnchor="false"><ele>805.4</ele></trkpt>
<trkpt lat="37.200800" lon="128.839530" sectionIndex="0" pointIndex="1200" originalElevation="787.0" isOriginalElevationFromOSM="false" isAnchor="false"><ele>806.7</ele></trkpt>
<trkpt lat="37.200620" lon="128.839590" sectionIndex="0" pointIndex="1201" originalElevation="803.0" isOriginalElevationFromOSM="false" isAnchor="false"><ele>808.5</ele></trkpt>
<trkpt lat="37.200540" lon="128.839500" sectionIndex="0" pointIndex="1202" originalElevation="803.0" isOriginalElevationFromOSM="false" isAnchor="false"><ele>810.5</ele></trkpt>
<trkpt lat="37.200400" lon="128.839400" sectionIndex="0" pointIndex="1203" originalElevation="803.0" isOriginalElevationFromOSM="false" isAnchor="false"><ele>813.0</ele></trkpt>
<trkpt lat="37.200050" lon="128.839250" sectionIndex="0" pointIndex="1204" originalElevation="814.0" isOriginalElevationFromOSM="false" isAnchor="false"><ele>815.8</ele></trkpt>
<trkpt lat="37.199750" lon="128.839280" sectionIndex="0" pointIndex="1205" originalElevation="828.0" isOriginalElevationFromOSM="false" isAnchor="false"><ele>818.7</ele></trkpt>
<trkpt lat="37.199320" lon="128.839430" sectionIndex="0" pointIndex="1206" originalElevation="816.0" isOriginalElevationFromOSM="false" isAnchor="false"><ele>821.9</ele></trkpt>
<trkpt lat="37.199000" lon="128.839690" sectionIndex="0" pointIndex="1207" originalElevation="816.0" isOriginalElevationFromOSM="false" isAnchor="false"><ele>825.4</ele></trkpt>
<trkpt lat="37.198800" lon="128.839740" sectionIndex="0" pointIndex="1208" originalElevation="825.0" isOriginalElevationFromOSM="false" isAnchor="false"><ele>828.9</ele></trkpt>
<trkpt lat="37.198360" lon="128.839910" sectionIndex="0" pointIndex="1209" originalElevation="825.0" isOriginalElevationFromOSM="false" isAnchor="false"><ele>832.6</ele></trkpt>
<trkpt lat="37.197990" lon="128.840000" sectionIndex="0" pointIndex="1210" originalElevation="839.0" isOriginalElevationFromOSM="false" isAnchor="false"><ele>836.4</ele></trkpt>
<trkpt lat="37.197860" lon="128.840120" sectionIndex="0" pointIndex="1211" originalElevation="839.0" isOriginalElevationFromOSM="false" isAnchor="false"><ele>840.2</ele></trkpt>
<trkpt lat="37.197740" lon="128.840170" sectionIndex="0" pointIndex="1212" originalElevation="859.0" isOriginalElevationFromOSM="false" isAnchor="false"><ele>844.0</ele></trkpt>
<trkpt lat="37.197510" lon="128.840110" sectionIndex="0" pointIndex="1213" originalElevation="839.0" isOriginalElevationFromOSM="false" isAnchor="false"><ele>847.7</ele></trkpt>
<trkpt lat="37.197270" lon="128.840140" sectionIndex="0" pointIndex="1214" originalElevation="868.0" isOriginalElevationFromOSM="false" isAnchor="false"><ele>851.3</ele></trkpt>
<trkpt lat="37.197180" lon="128.840170" sectionIndex="0" pointIndex="1215" originalElevation="868.0" isOriginalElevationFromOSM="false" isAnchor="false"><ele>855.0</ele></trkpt>
<trkpt lat="37.196820" lon="128.840570" sectionIndex="0" pointIndex="1216" originalElevation="868.0" isOriginalElevationFromOSM="false" isAnchor="false"><ele>858.4</ele></trkpt>
<trkpt lat="37.196880" lon="128.840700" sectionIndex="0" pointIndex="1217" originalElevation="868.0" isOriginalElevationFromOSM="false" isAnchor="false"><ele>861.8</ele></trkpt>
<trkpt lat="37.196870" lon="128.840800" sectionIndex="0" pointIndex="1218" originalElevation="868.0" isOriginalElevationFromOSM="false" isAnchor="false"><ele>865.0</ele></trkpt>
<trkpt lat="37.196830" lon="128.840830" sectionIndex="0" pointIndex="1219" originalElevation="868.0" isOriginalElevationFromOSM="false" isAnchor="false"><ele>868.2</ele></trkpt>
<trkpt lat="37.196670" lon="128.840720" sectionIndex="0" pointIndex="1220" originalElevation="868.0" isOriginalElevationFromOSM="false" isAnchor="false"><ele>871.3</ele></trkpt>
<trkpt lat="37.196600" lon="128.840640" sectionIndex="0" pointIndex="1221" originalElevation="868.0" isOriginalElevationFromOSM="false" isAnchor="false"><ele>874.2</ele></trkpt>
<trkpt lat="37.196430" lon="128.840540" sectionIndex="0" pointIndex="1222" originalElevation="874.5" isOriginalElevationFromOSM="false" isAnchor="false"><ele>877.4</ele></trkpt>
<trkpt lat="37.196430" lon="128.840540" sectionIndex="0" pointIndex="1223" originalElevation="874.5" isOriginalElevationFromOSM="false" isAnchor="false"><ele>880.5</ele></trkpt>
<trkpt lat="37.196120" lon="128.840350" sectionIndex="0" pointIndex="1224" originalElevation="881.0" isOriginalElevationFromOSM="false" isAnchor="false"><ele>883.6</ele></trkpt>
<trkpt lat="37.195900" lon="128.840190" sectionIndex="0" pointIndex="1225" originalElevation="881.0" isOriginalElevationFromOSM="false" isAnchor="false"><ele>886.6</ele></trkpt>
<trkpt lat="37.195630" lon="128.840180" sectionIndex="0" pointIndex="1226" originalElevation="895.0" isOriginalElevationFromOSM="false" isAnchor="false"><ele>889.6</ele></trkpt>
<trkpt lat="37.195270" lon="128.840290" sectionIndex="0" pointIndex="1227" originalElevation="895.0" isOriginalElevationFromOSM="false" isAnchor="false"><ele>892.6</ele></trkpt>
<trkpt lat="37.195000" lon="128.840290" sectionIndex="0" pointIndex="1228" originalElevation="895.0" isOriginalElevationFromOSM="false" isAnchor="false"><ele>895.5</ele></trkpt>
<trkpt lat="37.194840" lon="128.840220" sectionIndex="0" pointIndex="1229" originalElevation="895.0" isOriginalElevationFromOSM="false" isAnchor="false"><ele>898.7</ele></trkpt>
<trkpt lat="37.194310" lon="128.840220" sectionIndex="0" pointIndex="1230" originalElevation="913.0" isOriginalElevationFromOSM="false" isAnchor="false"><ele>901.7</ele></trkpt>
<trkpt lat="37.194210" lon="128.840120" sectionIndex="0" pointIndex="1231" originalElevation="893.0" isOriginalElevationFromOSM="false" isAnchor="false"><ele>904.8</ele></trkpt>
<trkpt lat="37.194110" lon="128.840140" sectionIndex="0" pointIndex="1232" originalElevation="913.0" isOriginalElevationFromOSM="false" isAnchor="false"><ele>907.8</ele></trkpt>
<trkpt lat="37.193960" lon="128.840130" sectionIndex="0" pointIndex="1233" originalElevation="912.0" isOriginalElevationFromOSM="false" isAnchor="false"><ele>911.1</ele></trkpt>
<trkpt lat="37.193920" lon="128.840050" sectionIndex="0" pointIndex="1234" originalElevation="912.0" isOriginalElevationFromOSM="false" isAnchor="false"><ele>914.3</ele></trkpt>
<trkpt lat="37.193550" lon="128.839880" sectionIndex="0" pointIndex="1235" originalElevation="912.0" isOriginalElevationFromOSM="false" isAnchor="false"><ele>917.6</ele></trkpt>
<trkpt lat="37.193480" lon="128.839970" sectionIndex="0" pointIndex="1236" originalElevation="912.0" isOriginalElevationFromOSM="false" isAnchor="false"><ele>920.9</ele></trkpt>
<trkpt lat="37.193140" lon="128.839890" sectionIndex="0" pointIndex="1237" originalElevation="934.0" isOriginalElevationFromOSM="false" isAnchor="false"><ele>924.2</ele></trkpt>
<trkpt lat="37.193060" lon="128.839970" sectionIndex="0" pointIndex="1238" originalElevation="934.0" isOriginalElevationFromOSM="false" isAnchor="false"><ele>927.4</ele></trkpt>
<trkpt lat="37.192920" lon="128.839960" sectionIndex="0" pointIndex="1239" originalElevation="934.0" isOriginalElevationFromOSM="false" isAnchor="false"><ele>930.7</ele></trkpt>
<trkpt lat="37.192880" lon="128.839880" sectionIndex="0" pointIndex="1240" originalElevation="934.0" isOriginalElevationFromOSM="false" isAnchor="false"><ele>933.8</ele></trkpt>
<trkpt lat="37.192670" lon="128.839790" sectionIndex="0" pointIndex="1241" originalElevation="934.0" isOriginalElevationFromOSM="false" isAnchor="false"><ele>937.0</ele></trkpt>
<trkpt lat="37.192530" lon="128.839890" sectionIndex="0" pointIndex="1242" originalElevation="934.0" isOriginalElevationFromOSM="false" isAnchor="false"><ele>940.0</ele></trkpt>
<trkpt lat="37.192460" lon="128.839830" sectionIndex="0" pointIndex="1243" originalElevation="934.0" isOriginalElevationFromOSM="false" isAnchor="false"><ele>942.9</ele></trkpt>
<trkpt lat="37.192210" lon="128.839810" sectionIndex="0" pointIndex="1244" originalElevation="952.0" isOriginalElevationFromOSM="false" isAnchor="false"><ele>945.8</ele></trkpt>
<trkpt lat="37.192040" lon="128.839680" sectionIndex="0" pointIndex="1245" originalElevation="952.0" isOriginalElevationFromOSM="false" isAnchor="false"><ele>948.6</ele></trkpt>
<trkpt lat="37.191800" lon="128.839630" sectionIndex="0" pointIndex="1246" originalElevation="952.0" isOriginalElevationFromOSM="false" isAnchor="false"><ele>951.1</ele></trkpt>
<trkpt lat="37.191580" lon="128.839610" sectionIndex="0" pointIndex="1247" originalElevation="952.0" isOriginalElevationFromOSM="false" isAnchor="false"><ele>953.7</ele></trkpt>
<trkpt lat="37.191280" lon="128.839630" sectionIndex="0" pointIndex="1248" originalElevation="972.0" isOriginalElevationFromOSM="false" isAnchor="false"><ele>956.1</ele></trkpt>
<trkpt lat="37.191070" lon="128.839620" sectionIndex="0" pointIndex="1249" originalElevation="972.0" isOriginalElevationFromOSM="false" isAnchor="false"><ele>958.4</ele></trkpt>
<trkpt lat="37.191070" lon="128.839620" sectionIndex="0" pointIndex="1250" originalElevation="970.0" isOriginalElevationFromOSM="false" isAnchor="false"><ele>960.6</ele></trkpt>
<trkpt lat="37.191104" lon="128.839582" sectionIndex="0" pointIndex="1251" originalElevation="970.0" isOriginalElevationFromOSM="false" isAnchor="false"><ele>962.7</ele></trkpt>
<trkpt lat="37.191137" lon="128.839545" sectionIndex="0" pointIndex="1252" originalElevation="970.0" isOriginalElevationFromOSM="false" isAnchor="false"><ele>964.6</ele></trkpt>
<trkpt lat="37.191171" lon="128.839507" sectionIndex="0" pointIndex="1253" originalElevation="970.0" isOriginalElevationFromOSM="false" isAnchor="false"><ele>966.2</ele></trkpt>
<trkpt lat="37.191204" lon="128.839470" sectionIndex="0" pointIndex="1254" originalElevation="970.0" isOriginalElevationFromOSM="false" isAnchor="false"><ele>967.7</ele></trkpt>
<trkpt lat="37.191238" lon="128.839432" sectionIndex="0" pointIndex="1255" originalElevation="970.0" isOriginalElevationFromOSM="false" isAnchor="false"><ele>969.1</ele></trkpt>
<trkpt lat="37.191271" lon="128.839395" sectionIndex="0" pointIndex="1256" originalElevation="970.0" isOriginalElevationFromOSM="false" isAnchor="false"><ele>970.5</ele></trkpt>
<trkpt lat="37.191305" lon="128.839357" sectionIndex="0" pointIndex="1257" originalElevation="970.0" isOriginalElevationFromOSM="false" isAnchor="false"><ele>971.7</ele></trkpt>
<trkpt lat="37.191338" lon="128.839319" sectionIndex="0" pointIndex="1258" originalElevation="970.0" isOriginalElevationFromOSM="false" isAnchor="false"><ele>972.8</ele></trkpt>
<trkpt lat="37.191372" lon="128.839282" sectionIndex="0" pointIndex="1259" originalElevation="970.0" isOriginalElevationFromOSM="false" isAnchor="false"><ele>973.9</ele></trkpt>
<trkpt lat="37.191406" lon="128.839244" sectionIndex="0" pointIndex="1260" originalElevation="970.0" isOriginalElevationFromOSM="false" isAnchor="false"><ele>974.7</ele></trkpt>
<trkpt lat="37.191439" lon="128.839207" sectionIndex="0" pointIndex="1261" originalElevation="970.0" isOriginalElevationFromOSM="false" isAnchor="false"><ele>975.5</ele></trkpt>
<trkpt lat="37.191473" lon="128.839169" sectionIndex="0" pointIndex="1262" originalElevation="970.0" isOriginalElevationFromOSM="false" isAnchor="false"><ele>976.2</ele></trkpt>
<trkpt lat="37.191506" lon="128.839132" sectionIndex="0" pointIndex="1263" originalElevation="989.0" isOriginalElevationFromOSM="false" isAnchor="false"><ele>976.9</ele></trkpt>
<trkpt lat="37.191540" lon="128.839094" sectionIndex="0" pointIndex="1264" originalElevation="989.0" isOriginalElevationFromOSM="false" isAnchor="false"><ele>977.3</ele></trkpt>
<trkpt lat="37.191573" lon="128.839056" sectionIndex="0" pointIndex="1265" originalElevation="989.0" isOriginalElevationFromOSM="false" isAnchor="false"><ele>977.7</ele></trkpt>
<trkpt lat="37.191607" lon="128.839019" sectionIndex="0" pointIndex="1266" originalElevation="989.0" isOriginalElevationFromOSM="false" isAnchor="false"><ele>978.0</ele></trkpt>
<trkpt lat="37.191641" lon="128.838981" sectionIndex="0" pointIndex="1267" originalElevation="989.0" isOriginalElevationFromOSM="false" isAnchor="false"><ele>978.3</ele></trkpt>
<trkpt lat="37.191674" lon="128.838944" sectionIndex="0" pointIndex="1268" originalElevation="977.0" isOriginalElevationFromOSM="false" isAnchor="false"><ele>978.5</ele></trkpt>
<trkpt lat="37.191675" lon="128.838942" sectionIndex="0" pointIndex="1269" originalElevation="977.0" isOriginalElevationFromOSM="false" isAnchor="false"><ele>978.6</ele></trkpt>
<trkpt lat="37.191675" lon="128.838942" sectionIndex="0" pointIndex="1270" originalElevation="977.0" isOriginalElevationFromOSM="false" isAnchor="false"><ele>978.6</ele></trkpt>
<trkpt lat="37.191718" lon="128.838925" sectionIndex="0" pointIndex="1271" originalElevation="977.0" isOriginalElevationFromOSM="false" isAnchor="false"><ele>978.6</ele></trkpt>
<trkpt lat="37.191761" lon="128.838908" sectionIndex="0" pointIndex="1272" originalElevation="977.0" isOriginalElevationFromOSM="false" isAnchor="false"><ele>978.5</ele></trkpt>
<trkpt lat="37.191804" lon="128.838891" sectionIndex="0" pointIndex="1273" originalElevation="977.0" isOriginalElevationFromOSM="false" isAnchor="false"><ele>978.4</ele></trkpt>
<trkpt lat="37.191847" lon="128.838874" sectionIndex="0" pointIndex="1274" originalElevation="977.0" isOriginalElevationFromOSM="false" isAnchor="false"><ele>978.3</ele></trkpt>
<trkpt lat="37.191889" lon="128.838857" sectionIndex="0" pointIndex="1275" originalElevation="977.0" isOriginalElevationFromOSM="false" isAnchor="false"><ele>978.2</ele></trkpt>
<trkpt lat="37.191932" lon="128.838840" sectionIndex="0" pointIndex="1276" originalElevation="977.0" isOriginalElevationFromOSM="false" isAnchor="false"><ele>978.0</ele></trkpt>
<trkpt lat="37.191975" lon="128.838822" sectionIndex="0" pointIndex="1277" originalElevation="977.0" isOriginalElevationFromOSM="false" isAnchor="false"><ele>977.8</ele></trkpt>
<trkpt lat="37.192018" lon="128.838805" sectionIndex="0" pointIndex="1278" originalElevation="977.0" isOriginalElevationFromOSM="false" isAnchor="false"><ele>977.6</ele></trkpt>
<trkpt lat="37.192061" lon="128.838788" sectionIndex="0" pointIndex="1279" originalElevation="977.0" isOriginalElevationFromOSM="false" isAnchor="false"><ele>977.3</ele></trkpt>
<trkpt lat="37.192104" lon="128.838771" sectionIndex="0" pointIndex="1280" originalElevation="977.0" isOriginalElevationFromOSM="false" isAnchor="false"><ele>977.0</ele></trkpt>
<trkpt lat="37.192147" lon="128.838754" sectionIndex="0" pointIndex="1281" originalElevation="977.0" isOriginalElevationFromOSM="false" isAnchor="false"><ele>976.7</ele></trkpt>
<trkpt lat="37.192189" lon="128.838737" sectionIndex="0" pointIndex="1282" originalElevation="977.0" isOriginalElevationFromOSM="false" isAnchor="false"><ele>976.4</ele></trkpt>
<trkpt lat="37.192232" lon="128.838720" sectionIndex="0" pointIndex="1283" originalElevation="977.0" isOriginalElevationFromOSM="false" isAnchor="false"><ele>976.3</ele></trkpt>
<trkpt lat="37.192275" lon="128.838703" sectionIndex="0" pointIndex="1284" originalElevation="977.0" isOriginalElevationFromOSM="false" isAnchor="false"><ele>976.2</ele></trkpt>
<trkpt lat="37.192318" lon="128.838685" sectionIndex="0" pointIndex="1285" originalElevation="977.0" isOriginalElevationFromOSM="false" isAnchor="false"><ele>976.2</ele></trkpt>
<trkpt lat="37.192361" lon="128.838668" sectionIndex="0" pointIndex="1286" originalElevation="977.0" isOriginalElevationFromOSM="false" isAnchor="false"><ele>976.2</ele></trkpt>
<trkpt lat="37.192404" lon="128.838651" sectionIndex="0" pointIndex="1287" originalElevation="977.0" isOriginalElevationFromOSM="false" isAnchor="false"><ele>976.3</ele></trkpt>
<trkpt lat="37.192446" lon="128.838634" sectionIndex="0" pointIndex="1288" originalElevation="977.0" isOriginalElevationFromOSM="false" isAnchor="false"><ele>976.4</ele></trkpt>
<trkpt lat="37.192448" lon="128.838633" sectionIndex="0" pointIndex="1289" originalElevation="977.0" isOriginalElevationFromOSM="false" isAnchor="false"><ele>976.6</ele></trkpt>
<trkpt lat="37.192448" lon="128.838633" sectionIndex="0" pointIndex="1290" originalElevation="977.0" isOriginalElevationFromOSM="false" isAnchor="false"><ele>976.8</ele></trkpt>
<trkpt lat="37.192479" lon="128.838592" sectionIndex="0" pointIndex="1291" originalElevation="977.0" isOriginalElevationFromOSM="false" isAnchor="false"><ele>977.2</ele></trkpt>
<trkpt lat="37.192509" lon="128.838550" sectionIndex="0" pointIndex="1292" originalElevation="969.0" isOriginalElevationFromOSM="false" isAnchor="false"><ele>977.6</ele></trkpt>
<trkpt lat="37.192540" lon="128.838509" sectionIndex="0" pointIndex="1293" originalElevation="969.0" isOriginalElevationFromOSM="false" isAnchor="false"><ele>978.2</ele></trkpt>
<trkpt lat="37.192570" lon="128.838467" sectionIndex="0" pointIndex="1294" originalElevation="969.0" isOriginalElevationFromOSM="false" isAnchor="false"><ele>978.8</ele></trkpt>
<trkpt lat="37.192601" lon="128.838426" sectionIndex="0" pointIndex="1295" originalElevation="969.0" isOriginalElevationFromOSM="false" isAnchor="false"><ele>979.5</ele></trkpt>
<trkpt lat="37.192631" lon="128.838384" sectionIndex="0" pointIndex="1296" originalElevation="969.0" isOriginalElevationFromOSM="false" isAnchor="false"><ele>980.3</ele></trkpt>
<trkpt lat="37.192662" lon="128.838343" sectionIndex="0" pointIndex="1297" originalElevation="969.0" isOriginalElevationFromOSM="false" isAnchor="false"><ele>981.2</ele></trkpt>
<trkpt lat="37.192692" lon="128.838301" sectionIndex="0" pointIndex="1298" originalElevation="991.0" isOriginalElevationFromOSM="false" isAnchor="false"><ele>982.1</ele></trkpt>
<trkpt lat="37.192723" lon="128.838260" sectionIndex="0" pointIndex="1299" originalElevation="991.0" isOriginalElevationFromOSM="false" isAnchor="false"><ele>983.0</ele></trkpt>
<trkpt lat="37.192753" lon="128.838218" sectionIndex="0" pointIndex="1300" originalElevation="991.0" isOriginalElevationFromOSM="false" isAnchor="false"><ele>983.9</ele></trkpt>
<trkpt lat="37.192777" lon="128.838185" sectionIndex="0" pointIndex="1301" originalElevation="991.0" isOriginalElevationFromOSM="false" isAnchor="false"><ele>984.8</ele></trkpt>
<trkpt lat="37.192777" lon="128.838185" sectionIndex="0" pointIndex="1302" originalElevation="991.0" isOriginalElevationFromOSM="false" isAnchor="false"><ele>985.6</ele></trkpt>
<trkpt lat="37.192821" lon="128.838173" sectionIndex="0" pointIndex="1303" originalElevation="991.0" isOriginalElevationFromOSM="false" isAnchor="false"><ele>986.4</ele></trkpt>
<trkpt lat="37.192865" lon="128.838161" sectionIndex="0" pointIndex="1304" originalElevation="991.0" isOriginalElevationFromOSM="false" isAnchor="false"><ele>987.1</ele></trkpt>
<trkpt lat="37.192909" lon="128.838149" sectionIndex="0" pointIndex="1305" originalElevation="991.0" isOriginalElevationFromOSM="false" isAnchor="false"><ele>987.7</ele></trkpt>
<trkpt lat="37.192953" lon="128.838137" sectionIndex="0" pointIndex="1306" originalElevation="991.0" isOriginalElevationFromOSM="false" isAnchor="false"><ele>988.2</ele></trkpt>
<trkpt lat="37.192997" lon="128.838125" sectionIndex="0" pointIndex="1307" originalElevation="991.0" isOriginalElevationFromOSM="false" isAnchor="false"><ele>988.7</ele></trkpt>
<trkpt lat="37.193041" lon="128.838113" sectionIndex="0" pointIndex="1308" originalElevation="991.0" isOriginalElevationFromOSM="false" isAnchor="false"><ele>989.0</ele></trkpt>
<trkpt lat="37.193085" lon="128.838101" sectionIndex="0" pointIndex="1309" originalElevation="991.0" isOriginalElevationFromOSM="false" isAnchor="false"><ele>989.3</ele></trkpt>
<trkpt lat="37.193129" lon="128.838089" sectionIndex="0" pointIndex="1310" originalElevation="991.0" isOriginalElevationFromOSM="false" isAnchor="false"><ele>989.4</ele></trkpt>
<trkpt lat="37.193173" lon="128.838077" sectionIndex="0" pointIndex="1311" originalElevation="991.0" isOriginalElevationFromOSM="false" isAnchor="false"><ele>989.5</ele></trkpt>
<trkpt lat="37.193217" lon="128.838065" sectionIndex="0" pointIndex="1312" originalElevation="991.0" isOriginalElevationFromOSM="false" isAnchor="false"><ele>989.5</ele></trkpt>
<trkpt lat="37.193261" lon="128.838053" sectionIndex="0" pointIndex="1313" originalElevation="991.0" isOriginalElevationFromOSM="false" isAnchor="false"><ele>989.4</ele></trkpt>
<trkpt lat="37.193305" lon="128.838041" sectionIndex="0" pointIndex="1314" originalElevation="991.0" isOriginalElevationFromOSM="false" isAnchor="false"><ele>989.2</ele></trkpt>
<trkpt lat="37.193329" lon="128.838035" sectionIndex="0" pointIndex="1315" originalElevation="991.0" isOriginalElevationFromOSM="false" isAnchor="false"><ele>988.9</ele></trkpt>
<trkpt lat="37.193329" lon="128.838035" sectionIndex="0" pointIndex="1316" originalElevation="991.0" isOriginalElevationFromOSM="false" isAnchor="false"><ele>988.6</ele></trkpt>
<trkpt lat="37.193364" lon="128.837999" sectionIndex="0" pointIndex="1317" originalElevation="986.0" isOriginalElevationFromOSM="false" isAnchor="false"><ele>988.4</ele></trkpt>
<trkpt lat="37.193398" lon="128.837962" sectionIndex="0" pointIndex="1318" originalElevation="986.0" isOriginalElevationFromOSM="false" isAnchor="false"><ele>988.1</ele></trkpt>
<trkpt lat="37.193433" lon="128.837926" sectionIndex="0" pointIndex="1319" originalElevation="986.0" isOriginalElevationFromOSM="false" isAnchor="false"><ele>987.8</ele></trkpt>
<trkpt lat="37.193467" lon="128.837890" sectionIndex="0" pointIndex="1320" originalElevation="986.0" isOriginalElevationFromOSM="false" isAnchor="false"><ele>987.6</ele></trkpt>
<trkpt lat="37.193502" lon="128.837854" sectionIndex="0" pointIndex="1321" originalElevation="986.0" isOriginalElevationFromOSM="false" isAnchor="false"><ele>987.3</ele></trkpt>
<trkpt lat="37.193536" lon="128.837818" sectionIndex="0" pointIndex="1322" originalElevation="986.0" isOriginalElevationFromOSM="false" isAnchor="false"><ele>987.1</ele></trkpt>
<trkpt lat="37.193571" lon="128.837782" sectionIndex="0" pointIndex="1323" originalElevation="986.0" isOriginalElevationFromOSM="false" isAnchor="false"><ele>986.9</ele></trkpt>
<trkpt lat="37.193605" lon="128.837746" sectionIndex="0" pointIndex="1324" originalElevation="986.0" isOriginalElevationFromOSM="false" isAnchor="false"><ele>986.7</ele></trkpt>
<trkpt lat="37.193640" lon="128.837709" sectionIndex="0" pointIndex="1325" originalElevation="986.0" isOriginalElevationFromOSM="false" isAnchor="false"><ele>986.5</ele></trkpt>
<trkpt lat="37.193674" lon="128.837673" sectionIndex="0" pointIndex="1326" originalElevation="986.0" isOriginalElevationFromOSM="false" isAnchor="false"><ele>986.4</ele></trkpt>
<trkpt lat="37.193685" lon="128.837662" sectionIndex="0" pointIndex="1327" originalElevation="986.0" isOriginalElevationFromOSM="false" isAnchor="false"><ele>986.2</ele></trkpt>
<trkpt lat="37.193685" lon="128.837662" sectionIndex="0" pointIndex="1328" originalElevation="986.0" isOriginalElevationFromOSM="false" isAnchor="false"><ele>986.1</ele></trkpt>
<trkpt lat="37.193730" lon="128.837653" sectionIndex="0" pointIndex="1329" originalElevation="986.0" isOriginalElevationFromOSM="false" isAnchor="false"><ele>986.0</ele></trkpt>
<trkpt lat="37.193774" lon="128.837644" sectionIndex="0" pointIndex="1330" originalElevation="986.0" isOriginalElevationFromOSM="false" isAnchor="false"><ele>985.9</ele></trkpt>
<trkpt lat="37.193818" lon="128.837634" sectionIndex="0" pointIndex="1331" originalElevation="986.0" isOriginalElevationFromOSM="false" isAnchor="false"><ele>985.7</ele></trkpt>
<trkpt lat="37.193863" lon="128.837625" sectionIndex="0" pointIndex="1332" originalElevation="986.0" isOriginalElevationFromOSM="false" isAnchor="false"><ele>985.6</ele></trkpt>
<trkpt lat="37.193907" lon="128.837616" sectionIndex="0" pointIndex="1333" originalElevation="986.0" isOriginalElevationFromOSM="false" isAnchor="false"><ele>985.6</ele></trkpt>
<trkpt lat="37.193951" lon="128.837607" sectionIndex="0" pointIndex="1334" originalElevation="986.0" isOriginalElevationFromOSM="false" isAnchor="false"><ele>985.5</ele></trkpt>
<trkpt lat="37.193996" lon="128.837598" sectionIndex="0" pointIndex="1335" originalElevation="986.0" isOriginalElevationFromOSM="false" isAnchor="false"><ele>985.4</ele></trkpt>
<trkpt lat="37.194040" lon="128.837589" sectionIndex="0" pointIndex="1336" originalElevation="986.0" isOriginalElevationFromOSM="false" isAnchor="false"><ele>985.3</ele></trkpt>
<trkpt lat="37.194084" lon="128.837579" sectionIndex="0" pointIndex="1337" originalElevation="986.0" isOriginalElevationFromOSM="false" isAnchor="false"><ele>985.2</ele></trkpt>
<trkpt lat="37.194129" lon="128.837570" sectionIndex="0" pointIndex="1338" originalElevation="986.0" isOriginalElevationFromOSM="false" isAnchor="false"><ele>985.1</ele></trkpt>
<trkpt lat="37.194173" lon="128.837561" sectionIndex="0" pointIndex="1339" originalElevation="984.0" isOriginalElevationFromOSM="false" isAnchor="false"><ele>984.9</ele></trkpt>
<trkpt lat="37.194218" lon="128.837552" sectionIndex="0" pointIndex="1340" originalElevation="984.0" isOriginalElevationFromOSM="false" isAnchor="false"><ele>984.8</ele></trkpt>
<trkpt lat="37.194262" lon="128.837543" sectionIndex="0" pointIndex="1341" originalElevation="984.0" isOriginalElevationFromOSM="false" isAnchor="false"><ele>984.7</ele></trkpt>
<trkpt lat="37.194306" lon="128.837533" sectionIndex="0" pointIndex="1342" originalElevation="984.0" isOriginalElevationFromOSM="false" isAnchor="false"><ele>984.6</ele></trkpt>
<trkpt lat="37.194351" lon="128.837524" sectionIndex="0" pointIndex="1343" originalElevation="984.0" isOriginalElevationFromOSM="false" isAnchor="false"><ele>984.5</ele></trkpt>
<trkpt lat="37.194395" lon="128.837515" sectionIndex="0" pointIndex="1344" originalElevation="984.0" isOriginalElevationFromOSM="false" isAnchor="false"><ele>984.4</ele></trkpt>
<trkpt lat="37.194439" lon="128.837506" sectionIndex="0" pointIndex="1345" originalElevation="984.0" isOriginalElevationFromOSM="false" isAnchor="false"><ele>984.4</ele></trkpt>
<trkpt lat="37.194453" lon="128.837503" sectionIndex="0" pointIndex="1346" originalElevation="984.0" isOriginalElevationFromOSM="false" isAnchor="false"><ele>984.3</ele></trkpt>
<trkpt lat="37.194453" lon="128.837503" sectionIndex="0" pointIndex="1347" originalElevation="984.0" isOriginalElevationFromOSM="false" isAnchor="false"><ele>984.5</ele></trkpt>
<trkpt lat="37.194497" lon="128.837514" sectionIndex="0" pointIndex="1348" originalElevation="984.0" isOriginalElevationFromOSM="false" isAnchor="false"><ele>984.7</ele></trkpt>
<trkpt lat="37.194541" lon="128.837525" sectionIndex="0" pointIndex="1349" originalElevation="984.0" isOriginalElevationFromOSM="false" isAnchor="false"><ele>985.0</ele></trkpt>
<trkpt lat="37.194585" lon="128.837536" sectionIndex="0" pointIndex="1350" originalElevation="984.0" isOriginalElevationFromOSM="false" isAnchor="false"><ele>985.4</ele></trkpt>
<trkpt lat="37.194629" lon="128.837547" sectionIndex="0" pointIndex="1351" originalElevation="984.0" isOriginalElevationFromOSM="false" isAnchor="false"><ele>986.0</ele></trkpt>
<trkpt lat="37.194673" lon="128.837559" sectionIndex="0" pointIndex="1352" originalElevation="984.0" isOriginalElevationFromOSM="false" isAnchor="false"><ele>986.6</ele></trkpt>
<trkpt lat="37.194717" lon="128.837570" sectionIndex="0" pointIndex="1353" originalElevation="984.0" isOriginalElevationFromOSM="false" isAnchor="false"><ele>987.4</ele></trkpt>
<trkpt lat="37.194761" lon="128.837581" sectionIndex="0" pointIndex="1354" originalElevation="984.0" isOriginalElevationFromOSM="false" isAnchor="false"><ele>988.2</ele></trkpt>
<trkpt lat="37.194805" lon="128.837592" sectionIndex="0" pointIndex="1355" originalElevation="984.0" isOriginalElevationFromOSM="false" isAnchor="false"><ele>989.3</ele></trkpt>
<trkpt lat="37.194849" lon="128.837603" sectionIndex="0" pointIndex="1356" originalElevation="984.0" isOriginalElevationFromOSM="false" isAnchor="false"><ele>990.4</ele></trkpt>
<trkpt lat="37.194894" lon="128.837614" sectionIndex="0" pointIndex="1357" originalElevation="984.0" isOriginalElevationFromOSM="false" isAnchor="false"><ele>991.7</ele></trkpt>
<trkpt lat="37.194908" lon="128.837617" sectionIndex="0" pointIndex="1358" originalElevation="984.0" isOriginalElevationFromOSM="false" isAnchor="false"><ele>993.1</ele></trkpt>
<trkpt lat="37.194908" lon="128.837617" sectionIndex="0" pointIndex="1359" originalElevation="984.0" isOriginalElevationFromOSM="false" isAnchor="false"><ele>994.5</ele></trkpt>
<trkpt lat="37.194938" lon="128.837575" sectionIndex="0" pointIndex="1360" originalElevation="984.0" isOriginalElevationFromOSM="false" isAnchor="false"><ele>996.0</ele></trkpt>
<trkpt lat="37.194967" lon="128.837533" sectionIndex="0" pointIndex="1361" originalElevation="984.0" isOriginalElevationFromOSM="false" isAnchor="false"><ele>997.6</ele></trkpt>
<trkpt lat="37.194997" lon="128.837490" sectionIndex="0" pointIndex="1362" originalElevation="1018.0" isOriginalElevationFromOSM="false" isAnchor="false"><ele>999.1</ele></trkpt>
<trkpt lat="37.195027" lon="128.837448" sectionIndex="0" pointIndex="1363" originalElevation="1012.0" isOriginalElevationFromOSM="false" isAnchor="false"><ele>1000.6</ele></trkpt>
<trkpt lat="37.195057" lon="128.837406" sectionIndex="0" pointIndex="1364" originalElevation="1012.0" isOriginalElevationFromOSM="false" isAnchor="false"><ele>1002.1</ele></trkpt>
<trkpt lat="37.195086" lon="128.837364" sectionIndex="0" pointIndex="1365" originalElevation="1012.0" isOriginalElevationFromOSM="false" isAnchor="false"><ele>1003.5</ele></trkpt>
<trkpt lat="37.195116" lon="128.837321" sectionIndex="0" pointIndex="1366" originalElevation="1012.0" isOriginalElevationFromOSM="false" isAnchor="false"><ele>1004.9</ele></trkpt>
<trkpt lat="37.195146" lon="128.837279" sectionIndex="0" pointIndex="1367" originalElevation="1012.0" isOriginalElevationFromOSM="false" isAnchor="false"><ele>1006.1</ele></trkpt>
<trkpt lat="37.195176" lon="128.837237" sectionIndex="0" pointIndex="1368" originalElevation="1012.0" isOriginalElevationFromOSM="false" isAnchor="false"><ele>1007.2</ele></trkpt>
<trkpt lat="37.195205" lon="128.837194" sectionIndex="0" pointIndex="1369" originalElevation="1012.0" isOriginalElevationFromOSM="false" isAnchor="false"><ele>1008.2</ele></trkpt>
<trkpt lat="37.195235" lon="128.837152" sectionIndex="0" pointIndex="1370" originalElevation="1012.0" isOriginalElevationFromOSM="false" isAnchor="false"><ele>1009.0</ele></trkpt>
<trkpt lat="37.195265" lon="128.837110" sectionIndex="0" pointIndex="1371" originalElevation="1012.0" isOriginalElevationFromOSM="false" isAnchor="false"><ele>1009.7</ele></trkpt>
<trkpt lat="37.195270" lon="128.837102" sectionIndex="0" pointIndex="1372" originalElevation="1012.0" isOriginalElevationFromOSM="false" isAnchor="false"><ele>1010.4</ele></trkpt>
<trkpt lat="37.195270" lon="128.837102" sectionIndex="0" pointIndex="1373" originalElevation="1012.0" isOriginalElevationFromOSM="false" isAnchor="false"><ele>1010.7</ele></trkpt>
<trkpt lat="37.195310" lon="128.837077" sectionIndex="0" pointIndex="1374" originalElevation="1012.0" isOriginalElevationFromOSM="false" isAnchor="false"><ele>1011.0</ele></trkpt>
<trkpt lat="37.195350" lon="128.837051" sectionIndex="0" pointIndex="1375" originalElevation="1012.0" isOriginalElevationFromOSM="false" isAnchor="false"><ele>1011.1</ele></trkpt>
<trkpt lat="37.195390" lon="128.837025" sectionIndex="0" pointIndex="1376" originalElevation="1012.0" isOriginalElevationFromOSM="false" isAnchor="false"><ele>1011.1</ele></trkpt>
<trkpt lat="37.195430" lon="128.837000" sectionIndex="0" pointIndex="1377" originalElevation="1012.0" isOriginalElevationFromOSM="false" isAnchor="false"><ele>1011.0</ele></trkpt>
<trkpt lat="37.195470" lon="128.836974" sectionIndex="0" pointIndex="1378" originalElevation="1012.0" isOriginalElevationFromOSM="false" isAnchor="false"><ele>1010.5</ele></trkpt>
<trkpt lat="37.195510" lon="128.836949" sectionIndex="0" pointIndex="1379" originalElevation="1012.0" isOriginalElevationFromOSM="false" isAnchor="false"><ele>1010.1</ele></trkpt>
<trkpt lat="37.195551" lon="128.836923" sectionIndex="0" pointIndex="1380" originalElevation="1012.0" isOriginalElevationFromOSM="false" isAnchor="false"><ele>1009.5</ele></trkpt>
<trkpt lat="37.195591" lon="128.836897" sectionIndex="0" pointIndex="1381" originalElevation="1012.0" isOriginalElevationFromOSM="false" isAnchor="false"><ele>1008.9</ele></trkpt>
<trkpt lat="37.195631" lon="128.836872" sectionIndex="0" pointIndex="1382" originalElevation="1012.0" isOriginalElevationFromOSM="false" isAnchor="false"><ele>1008.2</ele></trkpt>
<trkpt lat="37.195671" lon="128.836846" sectionIndex="0" pointIndex="1383" originalElevation="1012.0" isOriginalElevationFromOSM="false" isAnchor="false"><ele>1007.5</ele></trkpt>
<trkpt lat="37.195711" lon="128.836821" sectionIndex="0" pointIndex="1384" originalElevation="1012.0" isOriginalElevationFromOSM="false" isAnchor="false"><ele>1006.7</ele></trkpt>
<trkpt lat="37.195751" lon="128.836795" sectionIndex="0" pointIndex="1385" originalElevation="1012.0" isOriginalElevationFromOSM="false" isAnchor="false"><ele>1005.8</ele></trkpt>
<trkpt lat="37.195791" lon="128.836769" sectionIndex="0" pointIndex="1386" originalElevation="1012.0" isOriginalElevationFromOSM="false" isAnchor="false"><ele>1004.9</ele></trkpt>
<trkpt lat="37.195791" lon="128.836769" sectionIndex="0" pointIndex="1387" originalElevation="1012.0" isOriginalElevationFromOSM="false" isAnchor="false"><ele>1004.0</ele></trkpt>
<trkpt lat="37.195836" lon="128.836775" sectionIndex="0" pointIndex="1388" originalElevation="995.0" isOriginalElevationFromOSM="false" isAnchor="false"><ele>1003.0</ele></trkpt>
<trkpt lat="37.195880" lon="128.836780" sectionIndex="0" pointIndex="1389" originalElevation="995.0" isOriginalElevationFromOSM="false" isAnchor="false"><ele>1002.1</ele></trkpt>
<trkpt lat="37.195925" lon="128.836786" sectionIndex="0" pointIndex="1390" originalElevation="995.0" isOriginalElevationFromOSM="false" isAnchor="false"><ele>1001.2</ele></trkpt>
<trkpt lat="37.195970" lon="128.836792" sectionIndex="0" pointIndex="1391" originalElevation="995.0" isOriginalElevationFromOSM="false" isAnchor="false"><ele>1000.3</ele></trkpt>
<trkpt lat="37.196015" lon="128.836797" sectionIndex="0" pointIndex="1392" originalElevation="995.0" isOriginalElevationFromOSM="false" isAnchor="false"><ele>999.5</ele></trkpt>
<trkpt lat="37.196059" lon="128.836803" sectionIndex="0" pointIndex="1393" originalElevation="995.0" isOriginalElevationFromOSM="false" isAnchor="false"><ele>998.8</ele></trkpt>
<trkpt lat="37.196104" lon="128.836808" sectionIndex="0" pointIndex="1394" originalElevation="995.0" isOriginalElevationFromOSM="false" isAnchor="false"><ele>998.0</ele></trkpt>
<trkpt lat="37.196149" lon="128.836814" sectionIndex="0" pointIndex="1395" originalElevation="995.0" isOriginalElevationFromOSM="false" isAnchor="false"><ele>997.3</ele></trkpt>
<trkpt lat="37.196194" lon="128.836819" sectionIndex="0" pointIndex="1396" originalElevation="995.0" isOriginalElevationFromOSM="false" isAnchor="false"><ele>996.6</ele></trkpt>
<trkpt lat="37.196238" lon="128.836825" sectionIndex="0" pointIndex="1397" originalElevation="995.0" isOriginalElevationFromOSM="false" isAnchor="false"><ele>996.0</ele></trkpt>
<trkpt lat="37.196283" lon="128.836830" sectionIndex="0" pointIndex="1398" originalElevation="995.0" isOriginalElevationFromOSM="false" isAnchor="false"><ele>995.4</ele></trkpt>
<trkpt lat="37.196328" lon="128.836836" sectionIndex="0" pointIndex="1399" originalElevation="995.0" isOriginalElevationFromOSM="false" isAnchor="false"><ele>994.9</ele></trkpt>
<trkpt lat="37.196373" lon="128.836842" sectionIndex="0" pointIndex="1400" originalElevation="995.0" isOriginalElevationFromOSM="false" isAnchor="false"><ele>994.4</ele></trkpt>
<trkpt lat="37.196417" lon="128.836847" sectionIndex="0" pointIndex="1401" originalElevation="995.0" isOriginalElevationFromOSM="false" isAnchor="false"><ele>993.8</ele></trkpt>
<trkpt lat="37.196462" lon="128.836853" sectionIndex="0" pointIndex="1402" originalElevation="995.0" isOriginalElevationFromOSM="false" isAnchor="false"><ele>993.3</ele></trkpt>
<trkpt lat="37.196507" lon="128.836858" sectionIndex="0" pointIndex="1403" originalElevation="995.0" isOriginalElevationFromOSM="false" isAnchor="false"><ele>992.7</ele></trkpt>
<trkpt lat="37.196552" lon="128.836864" sectionIndex="0" pointIndex="1404" originalElevation="995.0" isOriginalElevationFromOSM="false" isAnchor="false"><ele>992.2</ele></trkpt>
<trkpt lat="37.196554" lon="128.836864" sectionIndex="0" pointIndex="1405" originalElevation="995.0" isOriginalElevationFromOSM="false" isAnchor="false"><ele>991.6</ele></trkpt>
<trkpt lat="37.196554" lon="128.836864" sectionIndex="0" pointIndex="1406" originalElevation="995.0" isOriginalElevationFromOSM="false" isAnchor="false"><ele>991.0</ele></trkpt>
<trkpt lat="37.196597" lon="128.836847" sectionIndex="0" pointIndex="1407" originalElevation="995.0" isOriginalElevationFromOSM="false" isAnchor="false"><ele>990.3</ele></trkpt>
<trkpt lat="37.196640" lon="128.836831" sectionIndex="0" pointIndex="1408" originalElevation="995.0" isOriginalElevationFromOSM="false" isAnchor="false"><ele>989.6</ele></trkpt>
<trkpt lat="37.196683" lon="128.836814" sectionIndex="0" pointIndex="1409" originalElevation="985.0" isOriginalElevationFromOSM="false" isAnchor="false"><ele>989.0</ele></trkpt>
<trkpt lat="37.196726" lon="128.836798" sectionIndex="0" pointIndex="1410" originalElevation="985.0" isOriginalElevationFromOSM="false" isAnchor="false"><ele>988.4</ele></trkpt>
<trkpt lat="37.196769" lon="128.836781" sectionIndex="0" pointIndex="1411" originalElevation="985.0" isOriginalElevationFromOSM="false" isAnchor="false"><ele>987.9</ele></trkpt>
<trkpt lat="37.196812" lon="128.836765" sectionIndex="0" pointIndex="1412" originalElevation="985.0" isOriginalElevationFromOSM="false" isAnchor="false"><ele>987.5</ele></trkpt>
<trkpt lat="37.196855" lon="128.836748" sectionIndex="0" pointIndex="1413" originalElevation="985.0" isOriginalElevationFromOSM="false" isAnchor="false"><ele>987.1</ele></trkpt>
<trkpt lat="37.196898" lon="128.836732" sectionIndex="0" pointIndex="1414" originalElevation="985.0" isOriginalElevationFromOSM="false" isAnchor="false"><ele>986.9</ele></trkpt>
<trkpt lat="37.196934" lon="128.836718" sectionIndex="0" pointIndex="1415" originalElevation="985.0" isOriginalElevationFromOSM="false" isAnchor="false"><ele>986.7</ele></trkpt>
<trkpt lat="37.196934" lon="128.836718" sectionIndex="0" pointIndex="1416" originalElevation="985.0" isOriginalElevationFromOSM="false" isAnchor="false"><ele>986.7</ele></trkpt>
<trkpt lat="37.196901" lon="128.836680" sectionIndex="0" pointIndex="1417" originalElevation="985.0" isOriginalElevationFromOSM="false" isAnchor="false"><ele>986.9</ele></trkpt>
<trkpt lat="37.196867" lon="128.836642" sectionIndex="0" pointIndex="1418" originalElevation="977.0" isOriginalElevationFromOSM="false" isAnchor="false"><ele>987.2</ele></trkpt>
<trkpt lat="37.196834" lon="128.836605" sectionIndex="0" pointIndex="1419" originalElevation="977.0" isOriginalElevationFromOSM="false" isAnchor="false"><ele>987.6</ele></trkpt>
<trkpt lat="37.196801" lon="128.836567" sectionIndex="0" pointIndex="1420" originalElevation="977.0" isOriginalElevationFromOSM="false" isAnchor="false"><ele>988.2</ele></trkpt>
<trkpt lat="37.196767" lon="128.836529" sectionIndex="0" pointIndex="1421" originalElevation="977.0" isOriginalElevationFromOSM="false" isAnchor="false"><ele>988.9</ele></trkpt>
<trkpt lat="37.196734" lon="128.836492" sectionIndex="0" pointIndex="1422" originalElevation="977.0" isOriginalElevationFromOSM="false" isAnchor="false"><ele>989.7</ele></trkpt>
<trkpt lat="37.196700" lon="128.836454" sectionIndex="0" pointIndex="1423" originalElevation="977.0" isOriginalElevationFromOSM="false" isAnchor="false"><ele>990.6</ele></trkpt>
<trkpt lat="37.196667" lon="128.836416" sectionIndex="0" pointIndex="1424" originalElevation="1002.0" isOriginalElevationFromOSM="false" isAnchor="false"><ele>991.6</ele></trkpt>
<trkpt lat="37.196633" lon="128.836379" sectionIndex="0" pointIndex="1425" originalElevation="1002.0" isOriginalElevationFromOSM="false" isAnchor="false"><ele>992.5</ele></trkpt>
<trkpt lat="37.196600" lon="128.836341" sectionIndex="0" pointIndex="1426" originalElevation="1002.0" isOriginalElevationFromOSM="false" isAnchor="false"><ele>993.3</ele></trkpt>
<trkpt lat="37.196566" lon="128.836303" sectionIndex="0" pointIndex="1427" originalElevation="1002.0" isOriginalElevationFromOSM="false" isAnchor="false"><ele>994.0</ele></trkpt>
<trkpt lat="37.196533" lon="128.836265" sectionIndex="0" pointIndex="1428" originalElevation="1002.0" isOriginalElevationFromOSM="false" isAnchor="false"><ele>994.5</ele></trkpt>
<trkpt lat="37.196499" lon="128.836228" sectionIndex="0" pointIndex="1429" originalElevation="1002.0" isOriginalElevationFromOSM="false" isAnchor="false"><ele>995.2</ele></trkpt>
<trkpt lat="37.196466" lon="128.836190" sectionIndex="0" pointIndex="1430" originalElevation="1002.0" isOriginalElevationFromOSM="false" isAnchor="false"><ele>995.6</ele></trkpt>
<trkpt lat="37.196432" lon="128.836152" sectionIndex="0" pointIndex="1431" originalElevation="1002.0" isOriginalElevationFromOSM="false" isAnchor="false"><ele>996.0</ele></trkpt>
<trkpt lat="37.196399" lon="128.836115" sectionIndex="0" pointIndex="1432" originalElevation="1002.0" isOriginalElevationFromOSM="false" isAnchor="false"><ele>996.2</ele></trkpt>
<trkpt lat="37.196365" lon="128.836077" sectionIndex="0" pointIndex="1433" originalElevation="1002.0" isOriginalElevationFromOSM="false" isAnchor="false"><ele>996.3</ele></trkpt>
<trkpt lat="37.196332" lon="128.836039" sectionIndex="0" pointIndex="1434" originalElevation="1002.0" isOriginalElevationFromOSM="false" isAnchor="false"><ele>996.4</ele></trkpt>
<trkpt lat="37.196299" lon="128.836001" sectionIndex="0" pointIndex="1435" originalElevation="1002.0" isOriginalElevationFromOSM="false" isAnchor="false"><ele>996.3</ele></trkpt>
<trkpt lat="37.196265" lon="128.835964" sectionIndex="0" pointIndex="1436" originalElevation="1002.0" isOriginalElevationFromOSM="false" isAnchor="false"><ele>996.4</ele></trkpt>
<trkpt lat="37.196232" lon="128.835926" sectionIndex="0" pointIndex="1437" originalElevation="1002.0" isOriginalElevationFromOSM="false" isAnchor="false"><ele>996.5</ele></trkpt>
<trkpt lat="37.196198" lon="128.835888" sectionIndex="0" pointIndex="1438" originalElevation="1002.0" isOriginalElevationFromOSM="false" isAnchor="false"><ele>996.6</ele></trkpt>
<trkpt lat="37.196165" lon="128.835851" sectionIndex="0" pointIndex="1439" originalElevation="1002.0" isOriginalElevationFromOSM="false" isAnchor="false"><ele>996.9</ele></trkpt>
<trkpt lat="37.196131" lon="128.835813" sectionIndex="0" pointIndex="1440" originalElevation="972.0" isOriginalElevationFromOSM="false" isAnchor="false"><ele>997.2</ele></trkpt>
<trkpt lat="37.196113" lon="128.835793" sectionIndex="0" pointIndex="1441" originalElevation="972.0" isOriginalElevationFromOSM="false" isAnchor="false"><ele>997.6</ele></trkpt>
<trkpt lat="37.196113" lon="128.835793" sectionIndex="0" pointIndex="1442" originalElevation="972.0" isOriginalElevationFromOSM="false" isAnchor="false"><ele>998.3</ele></trkpt>
<trkpt lat="37.196074" lon="128.835821" sectionIndex="0" pointIndex="1443" originalElevation="972.0" isOriginalElevationFromOSM="false" isAnchor="false"><ele>999.2</ele></trkpt>
<trkpt lat="37.196035" lon="128.835849" sectionIndex="0" pointIndex="1444" originalElevation="1002.0" isOriginalElevationFromOSM="false" isAnchor="false"><ele>1000.3</ele></trkpt>
<trkpt lat="37.195996" lon="128.835877" sectionIndex="0" pointIndex="1445" originalElevation="1002.0" isOriginalElevationFromOSM="false" isAnchor="false"><ele>1001.6</ele></trkpt>
<trkpt lat="37.195957" lon="128.835905" sectionIndex="0" pointIndex="1446" originalElevation="1002.0" isOriginalElevationFromOSM="false" isAnchor="false"><ele>1003.1</ele></trkpt>
<trkpt lat="37.195918" lon="128.835933" sectionIndex="0" pointIndex="1447" originalElevation="1002.0" isOriginalElevationFromOSM="false" isAnchor="false"><ele>1004.6</ele></trkpt>
<trkpt lat="37.195912" lon="128.835937" sectionIndex="0" pointIndex="1448" originalElevation="1002.0" isOriginalElevationFromOSM="false" isAnchor="false"><ele>1006.1</ele></trkpt>
<trkpt lat="37.195912" lon="128.835937" sectionIndex="0" pointIndex="1449" originalElevation="1002.0" isOriginalElevationFromOSM="false" isAnchor="false"><ele>1007.7</ele></trkpt>
<trkpt lat="37.195867" lon="128.835937" sectionIndex="0" pointIndex="1450" originalElevation="1002.0" isOriginalElevationFromOSM="false" isAnchor="false"><ele>1009.2</ele></trkpt>
<trkpt lat="37.195822" lon="128.835937" sectionIndex="0" pointIndex="1451" originalElevation="1027.0" isOriginalElevationFromOSM="false" isAnchor="false"><ele>1010.6</ele></trkpt>
<trkpt lat="37.195777" lon="128.835937" sectionIndex="0" pointIndex="1452" originalElevation="1027.0" isOriginalElevationFromOSM="false" isAnchor="false"><ele>1011.9</ele></trkpt>
<trkpt lat="37.195732" lon="128.835937" sectionIndex="0" pointIndex="1453" originalElevation="1027.0" isOriginalElevationFromOSM="false" isAnchor="false"><ele>1013.0</ele></trkpt>
<trkpt lat="37.195687" lon="128.835937" sectionIndex="0" pointIndex="1454" originalElevation="1027.0" isOriginalElevationFromOSM="false" isAnchor="false"><ele>1013.9</ele></trkpt>
<trkpt lat="37.195642" lon="128.835937" sectionIndex="0" pointIndex="1455" originalElevation="1027.0" isOriginalElevationFromOSM="false" isAnchor="false"><ele>1014.5</ele></trkpt>
<trkpt lat="37.195597" lon="128.835937" sectionIndex="0" pointIndex="1456" originalElevation="1027.0" isOriginalElevationFromOSM="false" isAnchor="false"><ele>1015.1</ele></trkpt>
<trkpt lat="37.195569" lon="128.835937" sectionIndex="0" pointIndex="1457" originalElevation="1027.0" isOriginalElevationFromOSM="false" isAnchor="false"><ele>1015.3</ele></trkpt>
<trkpt lat="37.195569" lon="128.835937" sectionIndex="0" pointIndex="1458" originalElevation="1027.0" isOriginalElevationFromOSM="false" isAnchor="false"><ele>1015.3</ele></trkpt>
<trkpt lat="37.195531" lon="128.835906" sectionIndex="0" pointIndex="1459" originalElevation="1027.0" isOriginalElevationFromOSM="false" isAnchor="false"><ele>1015.2</ele></trkpt>
<trkpt lat="37.195493" lon="128.835876" sectionIndex="0" pointIndex="1460" originalElevation="1027.0" isOriginalElevationFromOSM="false" isAnchor="false"><ele>1014.7</ele></trkpt>
<trkpt lat="37.195455" lon="128.835845" sectionIndex="0" pointIndex="1461" originalElevation="1027.0" isOriginalElevationFromOSM="false" isAnchor="false"><ele>1014.2</ele></trkpt>
<trkpt lat="37.195418" lon="128.835814" sectionIndex="0" pointIndex="1462" originalElevation="1002.0" isOriginalElevationFromOSM="false" isAnchor="false"><ele>1013.5</ele></trkpt>
<trkpt lat="37.195380" lon="128.835784" sectionIndex="0" pointIndex="1463" originalElevation="1002.0" isOriginalElevationFromOSM="false" isAnchor="false"><ele>1012.9</ele></trkpt>
<trkpt lat="37.195342" lon="128.835753" sectionIndex="0" pointIndex="1464" originalElevation="1002.0" isOriginalElevationFromOSM="false" isAnchor="false"><ele>1012.3</ele></trkpt>
<trkpt lat="37.195304" lon="128.835722" sectionIndex="0" pointIndex="1465" originalElevation="1002.0" isOriginalElevationFromOSM="false" isAnchor="false"><ele>1011.8</ele></trkpt>
<trkpt lat="37.195267" lon="128.835691" sectionIndex="0" pointIndex="1466" originalElevation="1002.0" isOriginalElevationFromOSM="false" isAnchor="false"><ele>1011.4</ele></trkpt>
<trkpt lat="37.195229" lon="128.835661" sectionIndex="0" pointIndex="1467" originalElevation="1002.0" isOriginalElevationFromOSM="false" isAnchor="false"><ele>1010.9</ele></trkpt>
<trkpt lat="37.195191" lon="128.835630" sectionIndex="0" pointIndex="1468" originalElevation="1002.0" isOriginalElevationFromOSM="false" isAnchor="false"><ele>1010.7</ele></trkpt>
<trkpt lat="37.195154" lon="128.835599" sectionIndex="0" pointIndex="1469" originalElevation="1002.0" isOriginalElevationFromOSM="false" isAnchor="false"><ele>1010.7</ele></trkpt>
<trkpt lat="37.195116" lon="128.835568" sectionIndex="0" pointIndex="1470" originalElevation="1002.0" isOriginalElevationFromOSM="false" isAnchor="false"><ele>1010.8</ele></trkpt>
<trkpt lat="37.195078" lon="128.835538" sectionIndex="0" pointIndex="1471" originalElevation="1002.0" isOriginalElevationFromOSM="false" isAnchor="false"><ele>1011.1</ele></trkpt>
<trkpt lat="37.195040" lon="128.835507" sectionIndex="0" pointIndex="1472" originalElevation="1002.0" isOriginalElevationFromOSM="false" isAnchor="false"><ele>1011.5</ele></trkpt>
<trkpt lat="37.195003" lon="128.835476" sectionIndex="0" pointIndex="1473" originalElevation="1002.0" isOriginalElevationFromOSM="false" isAnchor="false"><ele>1012.1</ele></trkpt>
<trkpt lat="37.194965" lon="128.835446" sectionIndex="0" pointIndex="1474" originalElevation="1021.0" isOriginalElevationFromOSM="false" isAnchor="false"><ele>1012.8</ele></trkpt>
<trkpt lat="37.194927" lon="128.835415" sectionIndex="0" pointIndex="1475" originalElevation="1021.0" isOriginalElevationFromOSM="false" isAnchor="false"><ele>1013.5</ele></trkpt>
<trkpt lat="37.194890" lon="128.835384" sectionIndex="0" pointIndex="1476" originalElevation="1021.0" isOriginalElevationFromOSM="false" isAnchor="false"><ele>1014.3</ele></trkpt>
<trkpt lat="37.194852" lon="128.835353" sectionIndex="0" pointIndex="1477" originalElevation="1021.0" isOriginalElevationFromOSM="false" isAnchor="false"><ele>1015.1</ele></trkpt>
<trkpt lat="37.194814" lon="128.835323" sectionIndex="0" pointIndex="1478" originalElevation="1021.0" isOriginalElevationFromOSM="false" isAnchor="false"><ele>1016.0</ele></trkpt>
<trkpt lat="37.194776" lon="128.835292" sectionIndex="0" pointIndex="1479" originalElevation="1021.0" isOriginalElevationFromOSM="false" isAnchor="false"><ele>1016.8</ele></trkpt>
<trkpt lat="37.194739" lon="128.835261" sectionIndex="0" pointIndex="1480" originalElevation="1021.0" isOriginalElevationFromOSM="false" isAnchor="false"><ele>1017.6</ele></trkpt>
<trkpt lat="37.194701" lon="128.835230" sectionIndex="0" pointIndex="1481" originalElevation="1021.0" isOriginalElevationFromOSM="false" isAnchor="false"><ele>1018.3</ele></trkpt>
<trkpt lat="37.194663" lon="128.835200" sectionIndex="0" pointIndex="1482" originalElevation="1021.0" isOriginalElevationFromOSM="false" isAnchor="false"><ele>1019.0</ele></trkpt>
<trkpt lat="37.194626" lon="128.835169" sectionIndex="0" pointIndex="1483" originalElevation="1021.0" isOriginalElevationFromOSM="false" isAnchor="false"><ele>1019.7</ele></trkpt>
<trkpt lat="37.194588" lon="128.835138" sectionIndex="0" pointIndex="1484" originalElevation="1021.0" isOriginalElevationFromOSM="false" isAnchor="false"><ele>1020.2</ele></trkpt>
<trkpt lat="37.194550" lon="128.835108" sectionIndex="0" pointIndex="1485" originalElevation="1021.0" isOriginalElevationFromOSM="false" isAnchor="false"><ele>1020.8</ele></trkpt>
<trkpt lat="37.194529" lon="128.835090" sectionIndex="0" pointIndex="1486" originalElevation="1021.0" isOriginalElevationFromOSM="false" isAnchor="false"><ele>1021.3</ele></trkpt>
<trkpt lat="37.194529" lon="128.835090" sectionIndex="0" pointIndex="1487" originalElevation="1021.0" isOriginalElevationFromOSM="false" isAnchor="false"><ele>1021.8</ele></trkpt>
<trkpt lat="37.194486" lon="128.835105" sectionIndex="0" pointIndex="1488" originalElevation="1021.0" isOriginalElevationFromOSM="false" isAnchor="false"><ele>1022.3</ele></trkpt>
<trkpt lat="37.194442" lon="128.835119" sectionIndex="0" pointIndex="1489" originalElevation="1021.0" isOriginalElevationFromOSM="false" isAnchor="false"><ele>1022.8</ele></trkpt>
<trkpt lat="37.194399" lon="128.835134" sectionIndex="0" pointIndex="1490" originalElevation="1021.0" isOriginalElevationFromOSM="false" isAnchor="false"><ele>1023.2</ele></trkpt>
<trkpt lat="37.194355" lon="128.835148" sectionIndex="0" pointIndex="1491" originalElevation="1021.0" isOriginalElevationFromOSM="false" isAnchor="false"><ele>1023.7</ele></trkpt>
<trkpt lat="37.194312" lon="128.835163" sectionIndex="0" pointIndex="1492" originalElevation="1021.0" isOriginalElevationFromOSM="false" isAnchor="false"><ele>1024.1</ele></trkpt>
<trkpt lat="37.194268" lon="128.835177" sectionIndex="0" pointIndex="1493" originalElevation="1021.0" isOriginalElevationFromOSM="false" isAnchor="false"><ele>1024.6</ele></trkpt>
<trkpt lat="37.194225" lon="128.835192" sectionIndex="0" pointIndex="1494" originalElevation="1021.0" isOriginalElevationFromOSM="false" isAnchor="false"><ele>1025.2</ele></trkpt>
<trkpt lat="37.194181" lon="128.835206" sectionIndex="0" pointIndex="1495" originalElevation="1021.0" isOriginalElevationFromOSM="false" isAnchor="false"><ele>1025.7</ele></trkpt>
<trkpt lat="37.194138" lon="128.835221" sectionIndex="0" pointIndex="1496" originalElevation="1031.0" isOriginalElevationFromOSM="false" isAnchor="false"><ele>1026.3</ele></trkpt>
<trkpt lat="37.194123" lon="128.835226" sectionIndex="0" pointIndex="1497" originalElevation="1031.0" isOriginalElevationFromOSM="false" isAnchor="false"><ele>1026.8</ele></trkpt>
<trkpt lat="37.194123" lon="128.835226" sectionIndex="0" pointIndex="1498" originalElevation="1031.0" isOriginalElevationFromOSM="false" isAnchor="false"><ele>1027.4</ele></trkpt>
<trkpt lat="37.194086" lon="128.835259" sectionIndex="0" pointIndex="1499" originalElevation="1031.0" isOriginalElevationFromOSM="false" isAnchor="false"><ele>1027.9</ele></trkpt>
<trkpt lat="37.194049" lon="128.835291" sectionIndex="0" pointIndex="1500" originalElevation="1031.0" isOriginalElevationFromOSM="false" isAnchor="false"><ele>1028.3</ele></trkpt>
<trkpt lat="37.194013" lon="128.835324" sectionIndex="0" pointIndex="1501" originalElevation="1031.0" isOriginalElevationFromOSM="false" isAnchor="false"><ele>1028.8</ele></trkpt>
<trkpt lat="37.193976" lon="128.835357" sectionIndex="0" pointIndex="1502" originalElevation="1031.0" isOriginalElevationFromOSM="false" isAnchor="false"><ele>1029.2</ele></trkpt>
<trkpt lat="37.193940" lon="128.835390" sectionIndex="0" pointIndex="1503" originalElevation="1031.0" isOriginalElevationFromOSM="false" isAnchor="false"><ele>1029.6</ele></trkpt>
<trkpt lat="37.193903" lon="128.835423" sectionIndex="0" pointIndex="1504" originalElevation="1031.0" isOriginalElevationFromOSM="false" isAnchor="false"><ele>1029.9</ele></trkpt>
<trkpt lat="37.193867" lon="128.835456" sectionIndex="0" pointIndex="1505" originalElevation="1031.0" isOriginalElevationFromOSM="false" isAnchor="false"><ele>1030.3</ele></trkpt>
<trkpt lat="37.193830" lon="128.835488" sectionIndex="0" pointIndex="1506" originalElevation="1031.0" isOriginalElevationFromOSM="false" isAnchor="false"><ele>1030.8</ele></trkpt>
<trkpt lat="37.193793" lon="128.835521" sectionIndex="0" pointIndex="1507" originalElevation="1031.0" isOriginalElevationFromOSM="false" isAnchor="false"><ele>1031.4</ele></trkpt>
<trkpt lat="37.193757" lon="128.835554" sectionIndex="0" pointIndex="1508" originalElevation="1031.0" isOriginalElevationFromOSM="false" isAnchor="false"><ele>1032.0</ele></trkpt>
<trkpt lat="37.193720" lon="128.835587" sectionIndex="0" pointIndex="1509" originalElevation="1031.0" isOriginalElevationFromOSM="false" isAnchor="false"><ele>1032.6</ele></trkpt>
<trkpt lat="37.193684" lon="128.835620" sectionIndex="0" pointIndex="1510" originalElevation="1031.0" isOriginalElevationFromOSM="false" isAnchor="false"><ele>1033.3</ele></trkpt>
<trkpt lat="37.193647" lon="128.835653" sectionIndex="0" pointIndex="1511" originalElevation="1031.0" isOriginalElevationFromOSM="false" isAnchor="false"><ele>1034.2</ele></trkpt>
<trkpt lat="37.193610" lon="128.835685" sectionIndex="0" pointIndex="1512" originalElevation="1031.0" isOriginalElevationFromOSM="false" isAnchor="false"><ele>1035.1</ele></trkpt>
<trkpt lat="37.193574" lon="128.835718" sectionIndex="0" pointIndex="1513" originalElevation="1031.0" isOriginalElevationFromOSM="false" isAnchor="false"><ele>1036.1</ele></trkpt>
<trkpt lat="37.193537" lon="128.835751" sectionIndex="0" pointIndex="1514" originalElevation="1031.0" isOriginalElevationFromOSM="false" isAnchor="false"><ele>1037.1</ele></trkpt>
<trkpt lat="37.193507" lon="128.835778" sectionIndex="0" pointIndex="1515" originalElevation="1031.0" isOriginalElevationFromOSM="false" isAnchor="false"><ele>1038.2</ele></trkpt>
<trkpt lat="37.193507" lon="128.835778" sectionIndex="0" pointIndex="1516" originalElevation="1031.0" isOriginalElevationFromOSM="false" isAnchor="false"><ele>1039.5</ele></trkpt>
<trkpt lat="37.193462" lon="128.835783" sectionIndex="0" pointIndex="1517" originalElevation="1031.0" isOriginalElevationFromOSM="false" isAnchor="false"><ele>1040.7</ele></trkpt>
<trkpt lat="37.193417" lon="128.835787" sectionIndex="0" pointIndex="1518" originalElevation="1031.0" isOriginalElevationFromOSM="false" isAnchor="false"><ele>1042.1</ele></trkpt>
<trkpt lat="37.193372" lon="128.835792" sectionIndex="0" pointIndex="1519" originalElevation="1031.0" isOriginalElevationFromOSM="false" isAnchor="false"><ele>1043.4</ele></trkpt>
<trkpt lat="37.193328" lon="128.835796" sectionIndex="0" pointIndex="1520" originalElevation="1059.0" isOriginalElevationFromOSM="false" isAnchor="false"><ele>1044.6</ele></trkpt>
<trkpt lat="37.193283" lon="128.835801" sectionIndex="0" pointIndex="1521" originalElevation="1059.0" isOriginalElevationFromOSM="false" isAnchor="false"><ele>1045.9</ele></trkpt>
<trkpt lat="37.193238" lon="128.835806" sectionIndex="0" pointIndex="1522" originalElevation="1059.0" isOriginalElevationFromOSM="false" isAnchor="false"><ele>1047.0</ele></trkpt>
<trkpt lat="37.193193" lon="128.835810" sectionIndex="0" pointIndex="1523" originalElevation="1059.0" isOriginalElevationFromOSM="false" isAnchor="false"><ele>1048.0</ele></trkpt>
<trkpt lat="37.193148" lon="128.835815" sectionIndex="0" pointIndex="1524" originalElevation="1059.0" isOriginalElevationFromOSM="false" isAnchor="false"><ele>1049.0</ele></trkpt>
<trkpt lat="37.193103" lon="128.835819" sectionIndex="0" pointIndex="1525" originalElevation="1059.0" isOriginalElevationFromOSM="false" isAnchor="false"><ele>1049.8</ele></trkpt>
<trkpt lat="37.193059" lon="128.835824" sectionIndex="0" pointIndex="1526" originalElevation="1059.0" isOriginalElevationFromOSM="false" isAnchor="false"><ele>1050.5</ele></trkpt>
<trkpt lat="37.193014" lon="128.835828" sectionIndex="0" pointIndex="1527" originalElevation="1059.0" isOriginalElevationFromOSM="false" isAnchor="false"><ele>1051.1</ele></trkpt>
<trkpt lat="37.192969" lon="128.835833" sectionIndex="0" pointIndex="1528" originalElevation="1059.0" isOriginalElevationFromOSM="false" isAnchor="false"><ele>1051.5</ele></trkpt>
<trkpt lat="37.192924" lon="128.835837" sectionIndex="0" pointIndex="1529" originalElevation="1049.0" isOriginalElevationFromOSM="false" isAnchor="false"><ele>1051.9</ele></trkpt>
<trkpt lat="37.192879" lon="128.835842" sectionIndex="0" pointIndex="1530" originalElevation="1049.0" isOriginalElevationFromOSM="false" isAnchor="false"><ele>1052.2</ele></trkpt>
<trkpt lat="37.192834" lon="128.835846" sectionIndex="0" pointIndex="1531" originalElevation="1049.0" isOriginalElevationFromOSM="false" isAnchor="false"><ele>1052.4</ele></trkpt>
<trkpt lat="37.192790" lon="128.835851" sectionIndex="0" pointIndex="1532" originalElevation="1049.0" isOriginalElevationFromOSM="false" isAnchor="false"><ele>1052.6</ele></trkpt>
<trkpt lat="37.192745" lon="128.835855" sectionIndex="0" pointIndex="1533" originalElevation="1049.0" isOriginalElevationFromOSM="false" isAnchor="false"><ele>1052.7</ele></trkpt>
<trkpt lat="37.192700" lon="128.835860" sectionIndex="0" pointIndex="1534" originalElevation="1049.0" isOriginalElevationFromOSM="false" isAnchor="false"><ele>1052.9</ele></trkpt>
<trkpt lat="37.192655" lon="128.835864" sectionIndex="0" pointIndex="1535" originalElevation="1049.0" isOriginalElevationFromOSM="false" isAnchor="false"><ele>1053.0</ele></trkpt>
<trkpt lat="37.192610" lon="128.835869" sectionIndex="0" pointIndex="1536" originalElevation="1049.0" isOriginalElevationFromOSM="false" isAnchor="false"><ele>1053.0</ele></trkpt>
<trkpt lat="37.192566" lon="128.835873" sectionIndex="0" pointIndex="1537" originalElevation="1049.0" isOriginalElevationFromOSM="false" isAnchor="false"><ele>1053.1</ele></trkpt>
<trkpt lat="37.192521" lon="128.835878" sectionIndex="0" pointIndex="1538" originalElevation="1049.0" isOriginalElevationFromOSM="false" isAnchor="false"><ele>1053.2</ele></trkpt>
<trkpt lat="37.192476" lon="128.835882" sectionIndex="0" pointIndex="1539" originalElevation="1056.0" isOriginalElevationFromOSM="false" isAnchor="false"><ele>1053.3</ele></trkpt>
<trkpt lat="37.192431" lon="128.835887" sectionIndex="0" pointIndex="1540" originalElevation="1056.0" isOriginalElevationFromOSM="false" isAnchor="false"><ele>1053.5</ele></trkpt>
<trkpt lat="37.192386" lon="128.835891" sectionIndex="0" pointIndex="1541" originalElevation="1056.0" isOriginalElevationFromOSM="false" isAnchor="false"><ele>1053.7</ele></trkpt>
<trkpt lat="37.192341" lon="128.835896" sectionIndex="0" pointIndex="1542" originalElevation="1056.0" isOriginalElevationFromOSM="false" isAnchor="false"><ele>1054.0</ele></trkpt>
<trkpt lat="37.192297" lon="128.835900" sectionIndex="0" pointIndex="1543" originalElevation="1056.0" isOriginalElevationFromOSM="false" isAnchor="false"><ele>1054.2</ele></trkpt>
<trkpt lat="37.192252" lon="128.835905" sectionIndex="0" pointIndex="1544" originalElevation="1056.0" isOriginalElevationFromOSM="false" isAnchor="false"><ele>1054.5</ele></trkpt>
<trkpt lat="37.192207" lon="128.835909" sectionIndex="0" pointIndex="1545" originalElevation="1056.0" isOriginalElevationFromOSM="false" isAnchor="false"><ele>1054.9</ele></trkpt>
<trkpt lat="37.192162" lon="128.835914" sectionIndex="0" pointIndex="1546" originalElevation="1056.0" isOriginalElevationFromOSM="false" isAnchor="false"><ele>1055.3</ele></trkpt>
<trkpt lat="37.192117" lon="128.835918" sectionIndex="0" pointIndex="1547" originalElevation="1056.0" isOriginalElevationFromOSM="false" isAnchor="false"><ele>1055.7</ele></trkpt>
<trkpt lat="37.192073" lon="128.835923" sectionIndex="0" pointIndex="1548" originalElevation="1056.0" isOriginalElevationFromOSM="false" isAnchor="false"><ele>1056.0</ele></trkpt>
<trkpt lat="37.192028" lon="128.835928" sectionIndex="0" pointIndex="1549" originalElevation="1056.0" isOriginalElevationFromOSM="false" isAnchor="false"><ele>1056.4</ele></trkpt>
<trkpt lat="37.191983" lon="128.835932" sectionIndex="0" pointIndex="1550" originalElevation="1056.0" isOriginalElevationFromOSM="false" isAnchor="false"><ele>1056.8</ele></trkpt>
<trkpt lat="37.191938" lon="128.835937" sectionIndex="0" pointIndex="1551" originalElevation="1056.0" isOriginalElevationFromOSM="false" isAnchor="false"><ele>1057.2</ele></trkpt>
<trkpt lat="37.191893" lon="128.835941" sectionIndex="0" pointIndex="1552" originalElevation="1056.0" isOriginalElevationFromOSM="false" isAnchor="false"><ele>1057.7</ele></trkpt>
<trkpt lat="37.191848" lon="128.835946" sectionIndex="0" pointIndex="1553" originalElevation="1056.0" isOriginalElevationFromOSM="false" isAnchor="false"><ele>1058.2</ele></trkpt>
<trkpt lat="37.191804" lon="128.835950" sectionIndex="0" pointIndex="1554" originalElevation="1056.0" isOriginalElevationFromOSM="false" isAnchor="false"><ele>1058.7</ele></trkpt>
<trkpt lat="37.191759" lon="128.835955" sectionIndex="0" pointIndex="1555" originalElevation="1056.0" isOriginalElevationFromOSM="false" isAnchor="false"><ele>1059.1</ele></trkpt>
<trkpt lat="37.191725" lon="128.835958" sectionIndex="0" pointIndex="1556" originalElevation="1056.0" isOriginalElevationFromOSM="false" isAnchor="false"><ele>1059.6</ele></trkpt>
<trkpt lat="37.191725" lon="128.835958" sectionIndex="0" pointIndex="1557" originalElevation="1056.0" isOriginalElevationFromOSM="false" isAnchor="false"><ele>1060.2</ele></trkpt>
<trkpt lat="37.191686" lon="128.835984" sectionIndex="0" pointIndex="1558" originalElevation="1056.0" isOriginalElevationFromOSM="false" isAnchor="false"><ele>1060.7</ele></trkpt>
<trkpt lat="37.191646" lon="128.836010" sectionIndex="0" pointIndex="1559" originalElevation="1066.0" isOriginalElevationFromOSM="false" isAnchor="false"><ele>1061.3</ele></trkpt>
<trkpt lat="37.191606" lon="128.836036" sectionIndex="0" pointIndex="1560" originalElevation="1066.0" isOriginalElevationFromOSM="false" isAnchor="false"><ele>1061.8</ele></trkpt>
<trkpt lat="37.191566" lon="128.836061" sectionIndex="0" pointIndex="1561" originalElevation="1066.0" isOriginalElevationFromOSM="false" isAnchor="false"><ele>1062.4</ele></trkpt>
<trkpt lat="37.191526" lon="128.836087" sectionIndex="0" pointIndex="1562" originalElevation="1066.0" isOriginalElevationFromOSM="false" isAnchor="false"><ele>1062.9</ele></trkpt>
<trkpt lat="37.191486" lon="128.836113" sectionIndex="0" pointIndex="1563" originalElevation="1066.0" isOriginalElevationFromOSM="false" isAnchor="false"><ele>1063.3</ele></trkpt>
<trkpt lat="37.191446" lon="128.836139" sectionIndex="0" pointIndex="1564" originalElevation="1066.0" isOriginalElevationFromOSM="false" isAnchor="false"><ele>1063.8</ele></trkpt>
<trkpt lat="37.191406" lon="128.836165" sectionIndex="0" pointIndex="1565" originalElevation="1066.0" isOriginalElevationFromOSM="false" isAnchor="false"><ele>1064.3</ele></trkpt>
<trkpt lat="37.191366" lon="128.836191" sectionIndex="0" pointIndex="1566" originalElevation="1066.0" isOriginalElevationFromOSM="false" isAnchor="false"><ele>1064.8</ele></trkpt>
<trkpt lat="37.191326" lon="128.836217" sectionIndex="0" pointIndex="1567" originalElevation="1066.0" isOriginalElevationFromOSM="false" isAnchor="false"><ele>1065.3</ele></trkpt>
<trkpt lat="37.191286" lon="128.836243" sectionIndex="0" pointIndex="1568" originalElevation="1066.0" isOriginalElevationFromOSM="false" isAnchor="false"><ele>1065.8</ele></trkpt>
<trkpt lat="37.191246" lon="128.836268" sectionIndex="0" pointIndex="1569" originalElevation="1066.0" isOriginalElevationFromOSM="false" isAnchor="false"><ele>1066.3</ele></trkpt>
<trkpt lat="37.191206" lon="128.836294" sectionIndex="0" pointIndex="1570" originalElevation="1066.0" isOriginalElevationFromOSM="false" isAnchor="false"><ele>1066.6</ele></trkpt>
<trkpt lat="37.191166" lon="128.836320" sectionIndex="0" pointIndex="1571" originalElevation="1066.0" isOriginalElevationFromOSM="false" isAnchor="false"><ele>1066.8</ele></trkpt>
<trkpt lat="37.191126" lon="128.836346" sectionIndex="0" pointIndex="1572" originalElevation="1066.0" isOriginalElevationFromOSM="false" isAnchor="false"><ele>1067.1</ele></trkpt>
<trkpt lat="37.191086" lon="128.836372" sectionIndex="0" pointIndex="1573" originalElevation="1066.0" isOriginalElevationFromOSM="false" isAnchor="false"><ele>1067.3</ele></trkpt>
<trkpt lat="37.191046" lon="128.836398" sectionIndex="0" pointIndex="1574" originalElevation="1066.0" isOriginalElevationFromOSM="false" isAnchor="false"><ele>1067.4</ele></trkpt>
<trkpt lat="37.191006" lon="128.836424" sectionIndex="0" pointIndex="1575" originalElevation="1066.0" isOriginalElevationFromOSM="false" isAnchor="false"><ele>1067.5</ele></trkpt>
<trkpt lat="37.190966" lon="128.836449" sectionIndex="0" pointIndex="1576" originalElevation="1066.0" isOriginalElevationFromOSM="false" isAnchor="false"><ele>1067.4</ele></trkpt>
<trkpt lat="37.190926" lon="128.836475" sectionIndex="0" pointIndex="1577" originalElevation="1066.0" isOriginalElevationFromOSM="false" isAnchor="false"><ele>1067.3</ele></trkpt>
<trkpt lat="37.190886" lon="128.836501" sectionIndex="0" pointIndex="1578" originalElevation="1066.0" isOriginalElevationFromOSM="false" isAnchor="false"><ele>1067.2</ele></trkpt>
<trkpt lat="37.190846" lon="128.836527" sectionIndex="0" pointIndex="1579" originalElevation="1066.0" isOriginalElevationFromOSM="false" isAnchor="false"><ele>1066.9</ele></trkpt>
<trkpt lat="37.190808" lon="128.836552" sectionIndex="0" pointIndex="1580" originalElevation="1080.0" isOriginalElevationFromOSM="false" isAnchor="false"><ele>1066.5</ele></trkpt>
<trkpt lat="37.190808" lon="128.836552" sectionIndex="0" pointIndex="1581" originalElevation="1080.0" isOriginalElevationFromOSM="false" isAnchor="false"><ele>1066.0</ele></trkpt>
<trkpt lat="37.190774" lon="128.836589" sectionIndex="0" pointIndex="1582" originalElevation="1080.0" isOriginalElevationFromOSM="false" isAnchor="false"><ele>1065.4</ele></trkpt>
<trkpt lat="37.190739" lon="128.836625" sectionIndex="0" pointIndex="1583" originalElevation="1080.0" isOriginalElevationFromOSM="false" isAnchor="false"><ele>1064.8</ele></trkpt>
<trkpt lat="37.190705" lon="128.836662" sectionIndex="0" pointIndex="1584" originalElevation="1080.0" isOriginalElevationFromOSM="false" isAnchor="false"><ele>1064.0</ele></trkpt>
<trkpt lat="37.190671" lon="128.836699" sectionIndex="0" pointIndex="1585" originalElevation="1054.0" isOriginalElevationFromOSM="false" isAnchor="false"><ele>1063.2</ele></trkpt>
<trkpt lat="37.190637" lon="128.836735" sectionIndex="0" pointIndex="1586" originalElevation="1054.0" isOriginalElevationFromOSM="false" isAnchor="false"><ele>1062.3</ele></trkpt>
<trkpt lat="37.190603" lon="128.836772" sectionIndex="0" pointIndex="1587" originalElevation="1054.0" isOriginalElevationFromOSM="false" isAnchor="false"><ele>1061.4</ele></trkpt>
<trkpt lat="37.190569" lon="128.836809" sectionIndex="0" pointIndex="1588" originalElevation="1054.0" isOriginalElevationFromOSM="false" isAnchor="false"><ele>1060.6</ele></trkpt>
<trkpt lat="37.190534" lon="128.836845" sectionIndex="0" pointIndex="1589" originalElevation="1054.0" isOriginalElevationFromOSM="false" isAnchor="false"><ele>1059.7</ele></trkpt>
<trkpt lat="37.190500" lon="128.836882" sectionIndex="0" pointIndex="1590" originalElevation="1054.0" isOriginalElevationFromOSM="false" isAnchor="false"><ele>1058.8</ele></trkpt>
<trkpt lat="37.190466" lon="128.836919" sectionIndex="0" pointIndex="1591" originalElevation="1054.0" isOriginalElevationFromOSM="false" isAnchor="false"><ele>1058.1</ele></trkpt>
<trkpt lat="37.190432" lon="128.836955" sectionIndex="0" pointIndex="1592" originalElevation="1054.0" isOriginalElevationFromOSM="false" isAnchor="false"><ele>1057.5</ele></trkpt>
<trkpt lat="37.190398" lon="128.836992" sectionIndex="0" pointIndex="1593" originalElevation="1054.0" isOriginalElevationFromOSM="false" isAnchor="false"><ele>1056.9</ele></trkpt>
<trkpt lat="37.190363" lon="128.837029" sectionIndex="0" pointIndex="1594" originalElevation="1054.0" isOriginalElevationFromOSM="false" isAnchor="false"><ele>1056.6</ele></trkpt>
<trkpt lat="37.190357" lon="128.837035" sectionIndex="0" pointIndex="1595" originalElevation="1054.0" isOriginalElevationFromOSM="false" isAnchor="false"><ele>1056.3</ele></trkpt>
<trkpt lat="37.190357" lon="128.837035" sectionIndex="0" pointIndex="1596" originalElevation="1054.0" isOriginalElevationFromOSM="false" isAnchor="false"><ele>1056.1</ele></trkpt>
<trkpt lat="37.190317" lon="128.837059" sectionIndex="0" pointIndex="1597" originalElevation="1054.0" isOriginalElevationFromOSM="false" isAnchor="false"><ele>1056.0</ele></trkpt>
<trkpt lat="37.190276" lon="128.837084" sectionIndex="0" pointIndex="1598" originalElevation="1054.0" isOriginalElevationFromOSM="false" isAnchor="false"><ele>1056.0</ele></trkpt>
<trkpt lat="37.190236" lon="128.837108" sectionIndex="0" pointIndex="1599" originalElevation="1054.0" isOriginalElevationFromOSM="false" isAnchor="false"><ele>1056.2</ele></trkpt>
<trkpt lat="37.190195" lon="128.837133" sectionIndex="0" pointIndex="1600" originalElevation="1054.0" isOriginalElevationFromOSM="false" isAnchor="false"><ele>1056.5</ele></trkpt>
<trkpt lat="37.190155" lon="128.837157" sectionIndex="0" pointIndex="1601" originalElevation="1054.0" isOriginalElevationFromOSM="false" isAnchor="false"><ele>1057.1</ele></trkpt>
<trkpt lat="37.190114" lon="128.837181" sectionIndex="0" pointIndex="1602" originalElevation="1054.0" isOriginalElevationFromOSM="false" isAnchor="false"><ele>1057.7</ele></trkpt>
<trkpt lat="37.190093" lon="128.837194" sectionIndex="0" pointIndex="1603" originalElevation="1054.0" isOriginalElevationFromOSM="false" isAnchor="false"><ele>1058.4</ele></trkpt>
<trkpt lat="37.190093" lon="128.837194" sectionIndex="0" pointIndex="1604" originalElevation="1054.0" isOriginalElevationFromOSM="false" isAnchor="false"><ele>1059.1</ele></trkpt>
<trkpt lat="37.190049" lon="128.837181" sectionIndex="0" pointIndex="1605" originalElevation="1054.0" isOriginalElevationFromOSM="false" isAnchor="false"><ele>1059.8</ele></trkpt>
<trkpt lat="37.190005" lon="128.837167" sectionIndex="0" pointIndex="1606" originalElevation="1054.0" isOriginalElevationFromOSM="false" isAnchor="false"><ele>1060.6</ele></trkpt>
<trkpt lat="37.189962" lon="128.837154" sectionIndex="0" pointIndex="1607" originalElevation="1068.0" isOriginalElevationFromOSM="false" isAnchor="false"><ele>1061.4</ele></trkpt>
<trkpt lat="37.189918" lon="128.837140" sectionIndex="0" pointIndex="1608" originalElevation="1068.0" isOriginalElevationFromOSM="false" isAnchor="false"><ele>1062.2</ele></trkpt>
<trkpt lat="37.189874" lon="128.837126" sectionIndex="0" pointIndex="1609" originalElevation="1068.0" isOriginalElevationFromOSM="false" isAnchor="false"><ele>1062.9</ele></trkpt>
<trkpt lat="37.189831" lon="128.837113" sectionIndex="0" pointIndex="1610" originalElevation="1068.0" isOriginalElevationFromOSM="false" isAnchor="false"><ele>1063.6</ele></trkpt>
<trkpt lat="37.189787" lon="128.837099" sectionIndex="0" pointIndex="1611" originalElevation="1068.0" isOriginalElevationFromOSM="false" isAnchor="false"><ele>1064.3</ele></trkpt>
<trkpt lat="37.189744" lon="128.837085" sectionIndex="0" pointIndex="1612" originalElevation="1068.0" isOriginalElevationFromOSM="false" isAnchor="false"><ele>1064.8</ele></trkpt>
<trkpt lat="37.189700" lon="128.837072" sectionIndex="0" pointIndex="1613" originalElevation="1068.0" isOriginalElevationFromOSM="false" isAnchor="false"><ele>1065.2</ele></trkpt>
<trkpt lat="37.189656" lon="128.837058" sectionIndex="0" pointIndex="1614" originalElevation="1068.0" isOriginalElevationFromOSM="false" isAnchor="false"><ele>1065.4</ele></trkpt>
<trkpt lat="37.189613" lon="128.837044" sectionIndex="0" pointIndex="1615" originalElevation="1068.0" isOriginalElevationFromOSM="false" isAnchor="false"><ele>1065.6</ele></trkpt>
<trkpt lat="37.189592" lon="128.837038" sectionIndex="0" pointIndex="1616" originalElevation="1068.0" isOriginalElevationFromOSM="false" isAnchor="false"><ele>1065.6</ele></trkpt>
<trkpt lat="37.189592" lon="128.837038" sectionIndex="0" pointIndex="1617" originalElevation="1068.0" isOriginalElevationFromOSM="false" isAnchor="false"><ele>1065.6</ele></trkpt>
<trkpt lat="37.189571" lon="128.837088" sectionIndex="0" pointIndex="1618" originalElevation="1068.0" isOriginalElevationFromOSM="false" isAnchor="false"><ele>1065.3</ele></trkpt>
<trkpt lat="37.189550" lon="128.837138" sectionIndex="0" pointIndex="1619" originalElevation="1068.0" isOriginalElevationFromOSM="false" isAnchor="false"><ele>1065.0</ele></trkpt>
<trkpt lat="37.189529" lon="128.837188" sectionIndex="0" pointIndex="1620" originalElevation="1068.0" isOriginalElevationFromOSM="false" isAnchor="false"><ele>1064.5</ele></trkpt>
<trkpt lat="37.189508" lon="128.837237" sectionIndex="0" pointIndex="1621" originalElevation="1068.0" isOriginalElevationFromOSM="false" isAnchor="false"><ele>1063.9</ele></trkpt>
<trkpt lat="37.189487" lon="128.837287" sectionIndex="0" pointIndex="1622" originalElevation="1068.0" isOriginalElevationFromOSM="false" isAnchor="false"><ele>1063.2</ele></trkpt>
<trkpt lat="37.189466" lon="128.837337" sectionIndex="0" pointIndex="1623" originalElevation="1068.0" isOriginalElevationFromOSM="false" isAnchor="false"><ele>1062.6</ele></trkpt>
<trkpt lat="37.189444" lon="128.837387" sectionIndex="0" pointIndex="1624" originalElevation="1068.0" isOriginalElevationFromOSM="false" isAnchor="false"><ele>1061.9</ele></trkpt>
<trkpt lat="37.189423" lon="128.837437" sectionIndex="0" pointIndex="1625" originalElevation="1068.0" isOriginalElevationFromOSM="false" isAnchor="false"><ele>1061.2</ele></trkpt>
<trkpt lat="37.189402" lon="128.837487" sectionIndex="0" pointIndex="1626" originalElevation="1068.0" isOriginalElevationFromOSM="false" isAnchor="false"><ele>1060.6</ele></trkpt>
<trkpt lat="37.189381" lon="128.837537" sectionIndex="0" pointIndex="1627" originalElevation="1050.0" isOriginalElevationFromOSM="false" isAnchor="false"><ele>1060.1</ele></trkpt>
<trkpt lat="37.189360" lon="128.837586" sectionIndex="0" pointIndex="1628" originalElevation="1050.0" isOriginalElevationFromOSM="false" isAnchor="false"><ele>1059.5</ele></trkpt>
<trkpt lat="37.189339" lon="128.837636" sectionIndex="0" pointIndex="1629" originalElevation="1050.0" isOriginalElevationFromOSM="false" isAnchor="false"><ele>1059.0</ele></trkpt>
<trkpt lat="37.189318" lon="128.837686" sectionIndex="0" pointIndex="1630" originalElevation="1050.0" isOriginalElevationFromOSM="false" isAnchor="false"><ele>1058.5</ele></trkpt>
<trkpt lat="37.189297" lon="128.837736" sectionIndex="0" pointIndex="1631" originalElevation="1050.0" isOriginalElevationFromOSM="false" isAnchor="false"><ele>1058.2</ele></trkpt>
<trkpt lat="37.189276" lon="128.837786" sectionIndex="0" pointIndex="1632" originalElevation="1050.0" isOriginalElevationFromOSM="false" isAnchor="false"><ele>1057.9</ele></trkpt>
<trkpt lat="37.189255" lon="128.837836" sectionIndex="0" pointIndex="1633" originalElevation="1050.0" isOriginalElevationFromOSM="false" isAnchor="false"><ele>1057.7</ele></trkpt>
<trkpt lat="37.189234" lon="128.837885" sectionIndex="0" pointIndex="1634" originalElevation="1050.0" isOriginalElevationFromOSM="false" isAnchor="false"><ele>1057.6</ele></trkpt>
<trkpt lat="37.189212" lon="128.837935" sectionIndex="0" pointIndex="1635" originalElevation="1050.0" isOriginalElevationFromOSM="false" isAnchor="false"><ele>1057.5</ele></trkpt>
<trkpt lat="37.189191" lon="128.837985" sectionIndex="0" pointIndex="1636" originalElevation="1050.0" isOriginalElevationFromOSM="false" isAnchor="false"><ele>1057.5</ele></trkpt>
<trkpt lat="37.189170" lon="128.838035" sectionIndex="0" pointIndex="1637" originalElevation="1050.0" isOriginalElevationFromOSM="false" isAnchor="false"><ele>1057.4</ele></trkpt>
<trkpt lat="37.189149" lon="128.838085" sectionIndex="0" pointIndex="1638" originalElevation="1075.0" isOriginalElevationFromOSM="false" isAnchor="false"><ele>1057.4</ele></trkpt>
<trkpt lat="37.189128" lon="128.838135" sectionIndex="0" pointIndex="1639" originalElevation="1075.0" isOriginalElevationFromOSM="false" isAnchor="false"><ele>1057.3</ele></trkpt>
<trkpt lat="37.189107" lon="128.838185" sectionIndex="0" pointIndex="1640" originalElevation="1075.0" isOriginalElevationFromOSM="false" isAnchor="false"><ele>1057.1</ele></trkpt>
<trkpt lat="37.189086" lon="128.838234" sectionIndex="0" pointIndex="1641" originalElevation="1075.0" isOriginalElevationFromOSM="false" isAnchor="false"><ele>1056.9</ele></trkpt>
<trkpt lat="37.189065" lon="128.838284" sectionIndex="0" pointIndex="1642" originalElevation="1075.0" isOriginalElevationFromOSM="false" isAnchor="false"><ele>1056.6</ele></trkpt>
<trkpt lat="37.189044" lon="128.838334" sectionIndex="0" pointIndex="1643" originalElevation="1050.0" isOriginalElevationFromOSM="false" isAnchor="false"><ele>1056.3</ele></trkpt>
<trkpt lat="37.189023" lon="128.838384" sectionIndex="0" pointIndex="1644" originalElevation="1050.0" isOriginalElevationFromOSM="false" isAnchor="false"><ele>1055.9</ele></trkpt>
<trkpt lat="37.189001" lon="128.838434" sectionIndex="0" pointIndex="1645" originalElevation="1050.0" isOriginalElevationFromOSM="false" isAnchor="false"><ele>1055.5</ele></trkpt>
<trkpt lat="37.188980" lon="128.838484" sectionIndex="0" pointIndex="1646" originalElevation="1050.0" isOriginalElevationFromOSM="false" isAnchor="false"><ele>1055.0</ele></trkpt>
<trkpt lat="37.188959" lon="128.838533" sectionIndex="0" pointIndex="1647" originalElevation="1050.0" isOriginalElevationFromOSM="false" isAnchor="false"><ele>1054.5</ele></trkpt>
<trkpt lat="37.188938" lon="128.838583" sectionIndex="0" pointIndex="1648" originalElevation="1050.0" isOriginalElevationFromOSM="false" isAnchor="false"><ele>1053.9</ele></trkpt>
<trkpt lat="37.188917" lon="128.838633" sectionIndex="0" pointIndex="1649" originalElevation="1050.0" isOriginalElevationFromOSM="false" isAnchor="false"><ele>1053.4</ele></trkpt>
<trkpt lat="37.188896" lon="128.838683" sectionIndex="0" pointIndex="1650" originalElevation="1050.0" isOriginalElevationFromOSM="false" isAnchor="false"><ele>1053.0</ele></trkpt>
<trkpt lat="37.188883" lon="128.838713" sectionIndex="0" pointIndex="1651" originalElevation="1050.0" isOriginalElevationFromOSM="false" isAnchor="false"><ele>1052.6</ele></trkpt>
<trkpt lat="37.188883" lon="128.838713" sectionIndex="0" pointIndex="1652" originalElevation="1050.0" isOriginalElevationFromOSM="false" isAnchor="false"><ele>1052.4</ele></trkpt>
<trkpt lat="37.188839" lon="128.838721" sectionIndex="0" pointIndex="1653" originalElevation="1050.0" isOriginalElevationFromOSM="false" isAnchor="false"><ele>1052.2</ele></trkpt>
<trkpt lat="37.188794" lon="128.838728" sectionIndex="0" pointIndex="1654" originalElevation="1050.0" isOriginalElevationFromOSM="false" isAnchor="false"><ele>1052.0</ele></trkpt>
<trkpt lat="37.188750" lon="128.838736" sectionIndex="0" pointIndex="1655" originalElevation="1050.0" isOriginalElevationFromOSM="false" isAnchor="false"><ele>1051.9</ele></trkpt>
<trkpt lat="37.188705" lon="128.838743" sectionIndex="0" pointIndex="1656" originalElevation="1050.0" isOriginalElevationFromOSM="false" isAnchor="false"><ele>1052.0</ele></trkpt>
<trkpt lat="37.188661" lon="128.838751" sectionIndex="0" pointIndex="1657" originalElevation="1050.0" isOriginalElevationFromOSM="false" isAnchor="false"><ele>1052.2</ele></trkpt>
<trkpt lat="37.188616" lon="128.838759" sectionIndex="0" pointIndex="1658" originalElevation="1050.0" isOriginalElevationFromOSM="false" isAnchor="false"><ele>1052.5</ele></trkpt>
<trkpt lat="37.188571" lon="128.838766" sectionIndex="0" pointIndex="1659" originalElevation="1050.0" isOriginalElevationFromOSM="false" isAnchor="false"><ele>1053.1</ele></trkpt>
<trkpt lat="37.188527" lon="128.838774" sectionIndex="0" pointIndex="1660" originalElevation="1050.0" isOriginalElevationFromOSM="false" isAnchor="false"><ele>1053.7</ele></trkpt>
<trkpt lat="37.188482" lon="128.838781" sectionIndex="0" pointIndex="1661" originalElevation="1050.0" isOriginalElevationFromOSM="false" isAnchor="false"><ele>1054.4</ele></trkpt>
<trkpt lat="37.188438" lon="128.838789" sectionIndex="0" pointIndex="1662" originalElevation="1050.0" isOriginalElevationFromOSM="false" isAnchor="false"><ele>1055.1</ele></trkpt>
<trkpt lat="37.188393" lon="128.838797" sectionIndex="0" pointIndex="1663" originalElevation="1050.0" isOriginalElevationFromOSM="false" isAnchor="false"><ele>1055.8</ele></trkpt>
<trkpt lat="37.188349" lon="128.838804" sectionIndex="0" pointIndex="1664" originalElevation="1050.0" isOriginalElevationFromOSM="false" isAnchor="false"><ele>1056.6</ele></trkpt>
<trkpt lat="37.188304" lon="128.838812" sectionIndex="0" pointIndex="1665" originalElevation="1064.0" isOriginalElevationFromOSM="false" isAnchor="false"><ele>1057.4</ele></trkpt>
<trkpt lat="37.188260" lon="128.838819" sectionIndex="0" pointIndex="1666" originalElevation="1064.0" isOriginalElevationFromOSM="false" isAnchor="false"><ele>1058.2</ele></trkpt>
<trkpt lat="37.188224" lon="128.838825" sectionIndex="0" pointIndex="1667" originalElevation="1064.0" isOriginalElevationFromOSM="false" isAnchor="false"><ele>1058.9</ele></trkpt>
<trkpt lat="37.188224" lon="128.838825" sectionIndex="0" pointIndex="1668" originalElevation="1064.0" isOriginalElevationFromOSM="false" isAnchor="false"><ele>1059.6</ele></trkpt>
<trkpt lat="37.188182" lon="128.838848" sectionIndex="0" pointIndex="1669" originalElevation="1064.0" isOriginalElevationFromOSM="false" isAnchor="false"><ele>1060.0</ele></trkpt>
<trkpt lat="37.188141" lon="128.838871" sectionIndex="0" pointIndex="1670" originalElevation="1064.0" isOriginalElevationFromOSM="false" isAnchor="false"><ele>1060.3</ele></trkpt>
<trkpt lat="37.188100" lon="128.838893" sectionIndex="0" pointIndex="1671" originalElevation="1064.0" isOriginalElevationFromOSM="false" isAnchor="false"><ele>1060.5</ele></trkpt>
<trkpt lat="37.188059" lon="128.838916" sectionIndex="0" pointIndex="1672" originalElevation="1064.0" isOriginalElevationFromOSM="false" isAnchor="false"><ele>1060.4</ele></trkpt>
<trkpt lat="37.188018" lon="128.838939" sectionIndex="0" pointIndex="1673" originalElevation="1064.0" isOriginalElevationFromOSM="false" isAnchor="false"><ele>1060.2</ele></trkpt>
<trkpt lat="37.187976" lon="128.838961" sectionIndex="0" pointIndex="1674" originalElevation="1064.0" isOriginalElevationFromOSM="false" isAnchor="false"><ele>1059.8</ele></trkpt>
<trkpt lat="37.187935" lon="128.838984" sectionIndex="0" pointIndex="1675" originalElevation="1064.0" isOriginalElevationFromOSM="false" isAnchor="false"><ele>1059.3</ele></trkpt>
<trkpt lat="37.187894" lon="128.839007" sectionIndex="0" pointIndex="1676" originalElevation="1064.0" isOriginalElevationFromOSM="false" isAnchor="false"><ele>1058.4</ele></trkpt>
<trkpt lat="37.187853" lon="128.839029" sectionIndex="0" pointIndex="1677" originalElevation="1064.0" isOriginalElevationFromOSM="false" isAnchor="false"><ele>1057.4</ele></trkpt>
<trkpt lat="37.187812" lon="128.839052" sectionIndex="0" pointIndex="1678" originalElevation="1064.0" isOriginalElevationFromOSM="false" isAnchor="false"><ele>1056.3</ele></trkpt>
<trkpt lat="37.187770" lon="128.839074" sectionIndex="0" pointIndex="1679" originalElevation="1064.0" isOriginalElevationFromOSM="false" isAnchor="false"><ele>1055.0</ele></trkpt>
<trkpt lat="37.187729" lon="128.839097" sectionIndex="0" pointIndex="1680" originalElevation="1064.0" isOriginalElevationFromOSM="false" isAnchor="false"><ele>1053.6</ele></trkpt>
<trkpt lat="37.187688" lon="128.839120" sectionIndex="0" pointIndex="1681" originalElevation="1064.0" isOriginalElevationFromOSM="false" isAnchor="false"><ele>1052.0</ele></trkpt>
<trkpt lat="37.187647" lon="128.839142" sectionIndex="0" pointIndex="1682" originalElevation="1064.0" isOriginalElevationFromOSM="false" isAnchor="false"><ele>1050.3</ele></trkpt>
<trkpt lat="37.187647" lon="128.839142" sectionIndex="0" pointIndex="1683" originalElevation="1064.0" isOriginalElevationFromOSM="false" isAnchor="false"><ele>1048.7</ele></trkpt>
<trkpt lat="37.187632" lon="128.839196" sectionIndex="0" pointIndex="1684" originalElevation="1030.0" isOriginalElevationFromOSM="false" isAnchor="false"><ele>1047.1</ele></trkpt>
<trkpt lat="37.187618" lon="128.839249" sectionIndex="0" pointIndex="1685" originalElevation="1030.0" isOriginalElevationFromOSM="false" isAnchor="false"><ele>1045.6</ele></trkpt>
<trkpt lat="37.187603" lon="128.839302" sectionIndex="0" pointIndex="1686" originalElevation="1030.0" isOriginalElevationFromOSM="false" isAnchor="false"><ele>1044.2</ele></trkpt>
<trkpt lat="37.187588" lon="128.839356" sectionIndex="0" pointIndex="1687" originalElevation="1030.0" isOriginalElevationFromOSM="false" isAnchor="false"><ele>1042.9</ele></trkpt>
<trkpt lat="37.187574" lon="128.839409" sectionIndex="0" pointIndex="1688" originalElevation="1030.0" isOriginalElevationFromOSM="false" isAnchor="false"><ele>1041.8</ele></trkpt>
<trkpt lat="37.187559" lon="128.839462" sectionIndex="0" pointIndex="1689" originalElevation="1030.0" isOriginalElevationFromOSM="false" isAnchor="false"><ele>1041.0</ele></trkpt>
<trkpt lat="37.187544" lon="128.839516" sectionIndex="0" pointIndex="1690" originalElevation="1030.0" isOriginalElevationFromOSM="false" isAnchor="false"><ele>1040.3</ele></trkpt>
<trkpt lat="37.187530" lon="128.839569" sectionIndex="0" pointIndex="1691" originalElevation="1030.0" isOriginalElevationFromOSM="false" isAnchor="false"><ele>1039.8</ele></trkpt>
<trkpt lat="37.187515" lon="128.839623" sectionIndex="0" pointIndex="1692" originalElevation="1030.0" isOriginalElevationFromOSM="false" isAnchor="false"><ele>1039.5</ele></trkpt>
<trkpt lat="37.187501" lon="128.839676" sectionIndex="0" pointIndex="1693" originalElevation="1030.0" isOriginalElevationFromOSM="false" isAnchor="false"><ele>1039.6</ele></trkpt>
<trkpt lat="37.187486" lon="128.839729" sectionIndex="0" pointIndex="1694" originalElevation="1042.0" isOriginalElevationFromOSM="false" isAnchor="false"><ele>1039.8</ele></trkpt>
<trkpt lat="37.187471" lon="128.839783" sectionIndex="0" pointIndex="1695" originalElevation="1042.0" isOriginalElevationFromOSM="false" isAnchor="false"><ele>1040.3</ele></trkpt>
<trkpt lat="37.187457" lon="128.839836" sectionIndex="0" pointIndex="1696" originalElevation="1042.0" isOriginalElevationFromOSM="false" isAnchor="false"><ele>1041.0</ele></trkpt>
<trkpt lat="37.187442" lon="128.839889" sectionIndex="0" pointIndex="1697" originalElevation="1042.0" isOriginalElevationFromOSM="false" isAnchor="false"><ele>1041.9</ele></trkpt>
<trkpt lat="37.187427" lon="128.839943" sectionIndex="0" pointIndex="1698" originalElevation="1042.0" isOriginalElevationFromOSM="false" isAnchor="false"><ele>1043.0</ele></trkpt>
<trkpt lat="37.187413" lon="128.839996" sectionIndex="0" pointIndex="1699" originalElevation="1042.0" isOriginalElevationFromOSM="false" isAnchor="false"><ele>1044.2</ele></trkpt>
<trkpt lat="37.187398" lon="128.840050" sectionIndex="0" pointIndex="1700" originalElevation="1049.0" isOriginalElevationFromOSM="false" isAnchor="false"><ele>1046.0</ele></trkpt>
<trkpt lat="37.187387" lon="128.840089" sectionIndex="0" pointIndex="1701" originalElevation="1049.0" isOriginalElevationFromOSM="false" isAnchor="false"><ele>1047.9</ele></trkpt>
<trkpt lat="37.187390" lon="128.840090" sectionIndex="0" pointIndex="1702" originalElevation="1036.0" isOriginalElevationFromOSM="false" isAnchor="false"><ele>1050.0</ele></trkpt>
<trkpt lat="37.187290" lon="128.840080" sectionIndex="0" pointIndex="1703" originalElevation="1049.0" isOriginalElevationFromOSM="false" isAnchor="false"><ele>1052.5</ele></trkpt>
<trkpt lat="37.187250" lon="128.839930" sectionIndex="0" pointIndex="1704" originalElevation="1049.0" isOriginalElevationFromOSM="false" isAnchor="false"><ele>1055.2</ele></trkpt>
<trkpt lat="37.187000" lon="128.839690" sectionIndex="0" pointIndex="1705" originalElevation="1049.0" isOriginalElevationFromOSM="false" isAnchor="false"><ele>1058.1</ele></trkpt>
<trkpt lat="37.186780" lon="128.839690" sectionIndex="0" pointIndex="1706" originalElevation="1049.0" isOriginalElevationFromOSM="false" isAnchor="false"><ele>1061.0</ele></trkpt>
<trkpt lat="37.186520" lon="128.839260" sectionIndex="0" pointIndex="1707" originalElevation="1042.0" isOriginalElevationFromOSM="false" isAnchor="false"><ele>1064.3</ele></trkpt>
<trkpt lat="37.186220" lon="128.839050" sectionIndex="0" pointIndex="1708" originalElevation="1065.0" isOriginalElevationFromOSM="false" isAnchor="false"><ele>1067.6</ele></trkpt>
<trkpt lat="37.186040" lon="128.838870" sectionIndex="0" pointIndex="1709" originalElevation="1065.0" isOriginalElevationFromOSM="false" isAnchor="false"><ele>1071.3</ele></trkpt>
<trkpt lat="37.185910" lon="128.838810" sectionIndex="0" pointIndex="1710" originalElevation="1065.0" isOriginalElevationFromOSM="false" isAnchor="false"><ele>1075.1</ele></trkpt>
<trkpt lat="37.185510" lon="128.838300" sectionIndex="0" pointIndex="1711" originalElevation="1079.0" isOriginalElevationFromOSM="false" isAnchor="false"><ele>1079.0</ele></trkpt>
<trkpt lat="37.185200" lon="128.838070" sectionIndex="0" pointIndex="1712" originalElevation="1079.0" isOriginalElevationFromOSM="false" isAnchor="false"><ele>1083.2</ele></trkpt>
<trkpt lat="37.185030" lon="128.838030" sectionIndex="0" pointIndex="1713" originalElevation="1079.0" isOriginalElevationFromOSM="false" isAnchor="false"><ele>1087.6</ele></trkpt>
<trkpt lat="37.184870" lon="128.837850" sectionIndex="0" pointIndex="1714" originalElevation="1079.0" isOriginalElevationFromOSM="false" isAnchor="false"><ele>1092.0</ele></trkpt>
<trkpt lat="37.184670" lon="128.837800" sectionIndex="0" pointIndex="1715" originalElevation="1109.0" isOriginalElevationFromOSM="false" isAnchor="false"><ele>1096.6</ele></trkpt>
<trkpt lat="37.184540" lon="128.837520" sectionIndex="0" pointIndex="1716" originalElevation="1107.0" isOriginalElevationFromOSM="false" isAnchor="false"><ele>1101.3</ele></trkpt>
<trkpt lat="37.184120" lon="128.837170" sectionIndex="0" pointIndex="1717" originalElevation="1107.0" isOriginalElevationFromOSM="false" isAnchor="false"><ele>1106.0</ele></trkpt>
<trkpt lat="37.183910" lon="128.837190" sectionIndex="0" pointIndex="1718" originalElevation="1135.0" isOriginalElevationFromOSM="false" isAnchor="false"><ele>1110.8</ele></trkpt>
<trkpt lat="37.183760" lon="128.837100" sectionIndex="0" pointIndex="1719" originalElevation="1135.0" isOriginalElevationFromOSM="false" isAnchor="false"><ele>1115.5</ele></trkpt>
<trkpt lat="37.183850" lon="128.836990" sectionIndex="0" pointIndex="1720" originalElevation="1135.0" isOriginalElevationFromOSM="false" isAnchor="false"><ele>1120.2</ele></trkpt>
<trkpt lat="37.184220" lon="128.836860" sectionIndex="0" pointIndex="1721" originalElevation="1107.0" isOriginalElevationFromOSM="false" isAnchor="false"><ele>1125.0</ele></trkpt>
<trkpt lat="37.184270" lon="128.836770" sectionIndex="0" pointIndex="1722" originalElevation="1117.0" isOriginalElevationFromOSM="false" isAnchor="false"><ele>1129.8</ele></trkpt>
<trkpt lat="37.184220" lon="128.836710" sectionIndex="0" pointIndex="1723" originalElevation="1117.0" isOriginalElevationFromOSM="false" isAnchor="false"><ele>1134.8</ele></trkpt>
<trkpt lat="37.183830" lon="128.836610" sectionIndex="0" pointIndex="1724" originalElevation="1134.0" isOriginalElevationFromOSM="false" isAnchor="false"><ele>1139.5</ele></trkpt>
<trkpt lat="37.183700" lon="128.836590" sectionIndex="0" pointIndex="1725" originalElevation="1134.0" isOriginalElevationFromOSM="false" isAnchor="false"><ele>1144.3</ele></trkpt>
<trkpt lat="37.183600" lon="128.836540" sectionIndex="0" pointIndex="1726" originalElevation="1134.0" isOriginalElevationFromOSM="false" isAnchor="false"><ele>1149.1</ele></trkpt>
<trkpt lat="37.183070" lon="128.836480" sectionIndex="0" pointIndex="1727" originalElevation="1160.0" isOriginalElevationFromOSM="false" isAnchor="false"><ele>1153.8</ele></trkpt>
<trkpt lat="37.182720" lon="128.836200" sectionIndex="0" pointIndex="1728" originalElevation="1160.0" isOriginalElevationFromOSM="false" isAnchor="false"><ele>1158.4</ele></trkpt>
<trkpt lat="37.182540" lon="128.836080" sectionIndex="0" pointIndex="1729" originalElevation="1160.0" isOriginalElevationFromOSM="false" isAnchor="false"><ele>1163.0</ele></trkpt>
<trkpt lat="37.182220" lon="128.836240" sectionIndex="0" pointIndex="1730" originalElevation="1187.0" isOriginalElevationFromOSM="false" isAnchor="false"><ele>1167.6</ele></trkpt>
<trkpt lat="37.182090" lon="128.836230" sectionIndex="0" pointIndex="1731" originalElevation="1187.0" isOriginalElevationFromOSM="false" isAnchor="false"><ele>1172.0</ele></trkpt>
<trkpt lat="37.182030" lon="128.836060" sectionIndex="0" pointIndex="1732" originalElevation="1187.0" isOriginalElevationFromOSM="false" isAnchor="false"><ele>1176.5</ele></trkpt>
<trkpt lat="37.181890" lon="128.836220" sectionIndex="0" pointIndex="1733" originalElevation="1187.0" isOriginalElevationFromOSM="false" isAnchor="false"><ele>1180.8</ele></trkpt>
<trkpt lat="37.181690" lon="128.836290" sectionIndex="0" pointIndex="1734" originalElevation="1187.0" isOriginalElevationFromOSM="false" isAnchor="false"><ele>1184.8</ele></trkpt>
<trkpt lat="37.181710" lon="128.836030" sectionIndex="0" pointIndex="1735" originalElevation="1187.0" isOriginalElevationFromOSM="false" isAnchor="false"><ele>1189.0</ele></trkpt>
<trkpt lat="37.181640" lon="128.835970" sectionIndex="0" pointIndex="1736" originalElevation="1187.0" isOriginalElevationFromOSM="false" isAnchor="false"><ele>1193.1</ele></trkpt>
<trkpt lat="37.181450" lon="128.836140" sectionIndex="0" pointIndex="1737" originalElevation="1210.0" isOriginalElevationFromOSM="false" isAnchor="false"><ele>1197.5</ele></trkpt>
<trkpt lat="37.181380" lon="128.836050" sectionIndex="0" pointIndex="1738" originalElevation="1210.0" isOriginalElevationFromOSM="false" isAnchor="false"><ele>1201.7</ele></trkpt>
<trkpt lat="37.181300" lon="128.836140" sectionIndex="0" pointIndex="1739" originalElevation="1210.0" isOriginalElevationFromOSM="false" isAnchor="false"><ele>1205.8</ele></trkpt>
<trkpt lat="37.181150" lon="128.836120" sectionIndex="0" pointIndex="1740" originalElevation="1210.0" isOriginalElevationFromOSM="false" isAnchor="false"><ele>1209.9</ele></trkpt>
<trkpt lat="37.181010" lon="128.835750" sectionIndex="0" pointIndex="1741" originalElevation="1207.0" isOriginalElevationFromOSM="false" isAnchor="false"><ele>1214.0</ele></trkpt>
<trkpt lat="37.180840" lon="128.835670" sectionIndex="0" pointIndex="1742" originalElevation="1207.0" isOriginalElevationFromOSM="false" isAnchor="false"><ele>1218.2</ele></trkpt>
<trkpt lat="37.180790" lon="128.835530" sectionIndex="0" pointIndex="1743" originalElevation="1207.0" isOriginalElevationFromOSM="false" isAnchor="false"><ele>1222.4</ele></trkpt>
<trkpt lat="37.180690" lon="128.835520" sectionIndex="0" pointIndex="1744" originalElevation="1207.0" isOriginalElevationFromOSM="false" isAnchor="false"><ele>1226.8</ele></trkpt>
<trkpt lat="37.180340" lon="128.835640" sectionIndex="0" pointIndex="1745" originalElevation="1229.0" isOriginalElevationFromOSM="false" isAnchor="false"><ele>1231.4</ele></trkpt>
<trkpt lat="37.179980" lon="128.835550" sectionIndex="0" pointIndex="1746" originalElevation="1229.0" isOriginalElevationFromOSM="false" isAnchor="false"><ele>1235.8</ele></trkpt>
<trkpt lat="37.179730" lon="128.835400" sectionIndex="0" pointIndex="1747" originalElevation="1255.0" isOriginalElevationFromOSM="false" isAnchor="false"><ele>1240.3</ele></trkpt>
<trkpt lat="37.179850" lon="128.835210" sectionIndex="0" pointIndex="1748" originalElevation="1229.0" isOriginalElevationFromOSM="false" isAnchor="false"><ele>1245.1</ele></trkpt>
<trkpt lat="37.179860" lon="128.834940" sectionIndex="0" pointIndex="1749" originalElevation="1242.0" isOriginalElevationFromOSM="false" isAnchor="false"><ele>1250.1</ele></trkpt>
<trkpt lat="37.179630" lon="128.834720" sectionIndex="0" pointIndex="1750" originalElevation="1264.0" isOriginalElevationFromOSM="false" isAnchor="false"><ele>1255.0</ele></trkpt>
<trkpt lat="37.179470" lon="128.834720" sectionIndex="0" pointIndex="1751" originalElevation="1264.0" isOriginalElevationFromOSM="false" isAnchor="false"><ele>1260.0</ele></trkpt>
<trkpt lat="37.179530" lon="128.834300" sectionIndex="0" pointIndex="1752" originalElevation="1282.0" isOriginalElevationFromOSM="false" isAnchor="false"><ele>1265.0</ele></trkpt>
<trkpt lat="37.179530" lon="128.834300" sectionIndex="0" pointIndex="1753" originalElevation="1273.0" isOriginalElevationFromOSM="false" isAnchor="false"><ele>1269.8</ele></trkpt>
<trkpt lat="37.179350" lon="128.834380" sectionIndex="0" pointIndex="1754" originalElevation="1264.0" isOriginalElevationFromOSM="false" isAnchor="false"><ele>1274.6</ele></trkpt>
<trkpt lat="37.179300" lon="128.834100" sectionIndex="0" pointIndex="1755" originalElevation="1282.0" isOriginalElevationFromOSM="false" isAnchor="false"><ele>1279.3</ele></trkpt>
<trkpt lat="37.179190" lon="128.834130" sectionIndex="0" pointIndex="1756" originalElevation="1282.0" isOriginalElevationFromOSM="false" isAnchor="false"><ele>1284.0</ele></trkpt>
<trkpt lat="37.179060" lon="128.833840" sectionIndex="0" pointIndex="1757" originalElevation="1282.0" isOriginalElevationFromOSM="false" isAnchor="false"><ele>1288.5</ele></trkpt>
<trkpt lat="37.178810" lon="128.834100" sectionIndex="0" pointIndex="1758" originalElevation="1309.0" isOriginalElevationFromOSM="false" isAnchor="false"><ele>1292.9</ele></trkpt>
<trkpt lat="37.178670" lon="128.833950" sectionIndex="0" pointIndex="1759" originalElevation="1309.0" isOriginalElevationFromOSM="false" isAnchor="false"><ele>1297.0</ele></trkpt>
<trkpt lat="37.178440" lon="128.834250" sectionIndex="0" pointIndex="1760" originalElevation="1309.0" isOriginalElevationFromOSM="false" isAnchor="false"><ele>1301.0</ele></trkpt>
<trkpt lat="37.178440" lon="128.834390" sectionIndex="0" pointIndex="1761" originalElevation="1302.0" isOriginalElevationFromOSM="false" isAnchor="false"><ele>1304.6</ele></trkpt>
<trkpt lat="37.178260" lon="128.834610" sectionIndex="0" pointIndex="1762" originalElevation="1302.0" isOriginalElevationFromOSM="false" isAnchor="false"><ele>1308.0</ele></trkpt>
<trkpt lat="37.178100" lon="128.834560" sectionIndex="0" pointIndex="1763" originalElevation="1333.0" isOriginalElevationFromOSM="false" isAnchor="false"><ele>1310.8</ele></trkpt>
<trkpt lat="37.177990" lon="128.835040" sectionIndex="0" pointIndex="1764" originalElevation="1333.0" isOriginalElevationFromOSM="false" isAnchor="false"><ele>1313.6</ele></trkpt>
<trkpt lat="37.177750" lon="128.835360" sectionIndex="0" pointIndex="1765" originalElevation="1326.0" isOriginalElevationFromOSM="false" isAnchor="false"><ele>1316.1</ele></trkpt>
<trkpt lat="37.177600" lon="128.835240" sectionIndex="0" pointIndex="1766" originalElevation="1326.0" isOriginalElevationFromOSM="false" isAnchor="false"><ele>1318.3</ele></trkpt>
<trkpt lat="37.177550" lon="128.835340" sectionIndex="0" pointIndex="1767" originalElevation="1326.0" isOriginalElevationFromOSM="false" isAnchor="false"><ele>1320.4</ele></trkpt>
<trkpt lat="37.177470" lon="128.835740" sectionIndex="0" pointIndex="1768" originalElevation="1326.0" isOriginalElevationFromOSM="false" isAnchor="false"><ele>1322.1</ele></trkpt>
<trkpt lat="37.177410" lon="128.835760" sectionIndex="0" pointIndex="1769" originalElevation="1326.0" isOriginalElevationFromOSM="false" isAnchor="false"><ele>1323.8</ele></trkpt>
<trkpt lat="37.177330" lon="128.835580" sectionIndex="0" pointIndex="1770" originalElevation="1331.0" isOriginalElevationFromOSM="false" isAnchor="false"><ele>1325.5</ele></trkpt>
<trkpt lat="37.177210" lon="128.835530" sectionIndex="0" pointIndex="1771" originalElevation="1331.0" isOriginalElevationFromOSM="false" isAnchor="false"><ele>1326.9</ele></trkpt>
<trkpt lat="37.177250" lon="128.835750" sectionIndex="0" pointIndex="1772" originalElevation="1331.0" isOriginalElevationFromOSM="false" isAnchor="false"><ele>1328.3</ele></trkpt>
<trkpt lat="37.177110" lon="128.835720" sectionIndex="0" pointIndex="1773" originalElevation="1331.0" isOriginalElevationFromOSM="false" isAnchor="false"><ele>1329.6</ele></trkpt>
<trkpt lat="37.177060" lon="128.835650" sectionIndex="0" pointIndex="1774" originalElevation="1331.0" isOriginalElevationFromOSM="false" isAnchor="false"><ele>1330.8</ele></trkpt>
<trkpt lat="37.176920" lon="128.835550" sectionIndex="0" pointIndex="1775" originalElevation="1331.0" isOriginalElevationFromOSM="false" isAnchor="false"><ele>1332.1</ele></trkpt>
<trkpt lat="37.176740" lon="128.835480" sectionIndex="0" pointIndex="1776" originalElevation="1331.0" isOriginalElevationFromOSM="false" isAnchor="false"><ele>1333.5</ele></trkpt>
<trkpt lat="37.176530" lon="128.835330" sectionIndex="0" pointIndex="1777" originalElevation="1331.0" isOriginalElevationFromOSM="false" isAnchor="false"><ele>1335.0</ele></trkpt>
<trkpt lat="37.176390" lon="128.835180" sectionIndex="0" pointIndex="1778" originalElevation="1309.0" isOriginalElevationFromOSM="false" isAnchor="false"><ele>1336.7</ele></trkpt>
<trkpt lat="37.176250" lon="128.834920" sectionIndex="0" pointIndex="1779" originalElevation="1325.0" isOriginalElevationFromOSM="false" isAnchor="false"><ele>1338.3</ele></trkpt>
<trkpt lat="37.176250" lon="128.834920" sectionIndex="0" pointIndex="1780" originalElevation="1325.0" isOriginalElevationFromOSM="false" isAnchor="false"><ele>1340.1</ele></trkpt>
<trkpt lat="37.176110" lon="128.834660" sectionIndex="0" pointIndex="1781" originalElevation="1341.0" isOriginalElevationFromOSM="false" isAnchor="false"><ele>1342.1</ele></trkpt>
<trkpt lat="37.175940" lon="128.834350" sectionIndex="0" pointIndex="1782" originalElevation="1341.0" isOriginalElevationFromOSM="false" isAnchor="false"><ele>1344.2</ele></trkpt>
<trkpt lat="37.175970" lon="128.834330" sectionIndex="0" pointIndex="1783" originalElevation="1341.0" isOriginalElevationFromOSM="false" isAnchor="false"><ele>1346.5</ele></trkpt>
<trkpt lat="37.175950" lon="128.834110" sectionIndex="0" pointIndex="1784" originalElevation="1359.0" isOriginalElevationFromOSM="false" isAnchor="false"><ele>1348.7</ele></trkpt>
<trkpt lat="37.175990" lon="128.833940" sectionIndex="0" pointIndex="1785" originalElevation="1359.0" isOriginalElevationFromOSM="false" isAnchor="false"><ele>1351.1</ele></trkpt>
<trkpt lat="37.176080" lon="128.833750" sectionIndex="0" pointIndex="1786" originalElevation="1359.0" isOriginalElevationFromOSM="false" isAnchor="false"><ele>1353.5</ele></trkpt>
<trkpt lat="37.176130" lon="128.833600" sectionIndex="0" pointIndex="1787" originalElevation="1359.0" isOriginalElevationFromOSM="false" isAnchor="false"><ele>1356.0</ele></trkpt>
<trkpt lat="37.176150" lon="128.833440" sectionIndex="0" pointIndex="1788" originalElevation="1361.0" isOriginalElevationFromOSM="false" isAnchor="false"><ele>1358.6</ele></trkpt>
<trkpt lat="37.176200" lon="128.833290" sectionIndex="0" pointIndex="1789" originalElevation="1361.0" isOriginalElevationFromOSM="false" isAnchor="false"><ele>1361.2</ele></trkpt>
<trkpt lat="37.176220" lon="128.832860" sectionIndex="0" pointIndex="1790" originalElevation="1361.0" isOriginalElevationFromOSM="false" isAnchor="false"><ele>1364.0</ele></trkpt>
<trkpt lat="37.176210" lon="128.832430" sectionIndex="0" pointIndex="1791" originalElevation="1368.0" isOriginalElevationFromOSM="false" isAnchor="false"><ele>1366.4</ele></trkpt>
<trkpt lat="37.176370" lon="128.832030" sectionIndex="0" pointIndex="1792" originalElevation="1368.0" isOriginalElevationFromOSM="false" isAnchor="false"><ele>1369.0</ele></trkpt>
<trkpt lat="37.176330" lon="128.831860" sectionIndex="0" pointIndex="1793" originalElevation="1368.0" isOriginalElevationFromOSM="false" isAnchor="false"><ele>1371.6</ele></trkpt>
<trkpt lat="37.176260" lon="128.831680" sectionIndex="0" pointIndex="1794" originalElevation="1379.0" isOriginalElevationFromOSM="false" isAnchor="false"><ele>1374.2</ele></trkpt>
<trkpt lat="37.176290" lon="128.831600" sectionIndex="0" pointIndex="1795" originalElevation="1379.0" isOriginalElevationFromOSM="false" isAnchor="false"><ele>1376.7</ele></trkpt>
<trkpt lat="37.176230" lon="128.831400" sectionIndex="0" pointIndex="1796" originalElevation="1379.0" isOriginalElevationFromOSM="false" isAnchor="false"><ele>1379.2</ele></trkpt>
<trkpt lat="37.176260" lon="128.831330" sectionIndex="0" pointIndex="1797" originalElevation="1379.0" isOriginalElevationFromOSM="false" isAnchor="false"><ele>1381.6</ele></trkpt>
<trkpt lat="37.176230" lon="128.831200" sectionIndex="0" pointIndex="1798" originalElevation="1379.0" isOriginalElevationFromOSM="false" isAnchor="false"><ele>1383.9</ele></trkpt>
<trkpt lat="37.176250" lon="128.831090" sectionIndex="0" pointIndex="1799" originalElevation="1379.0" isOriginalElevationFromOSM="false" isAnchor="false"><ele>1386.2</ele></trkpt>
<trkpt lat="37.176250" lon="128.830990" sectionIndex="0" pointIndex="1800" originalElevation="1379.0" isOriginalElevationFromOSM="false" isAnchor="false"><ele>1388.3</ele></trkpt>
<trkpt lat="37.176320" lon="128.830770" sectionIndex="0" pointIndex="1801" originalElevation="1399.0" isOriginalElevationFromOSM="false" isAnchor="false"><ele>1390.4</ele></trkpt>
<trkpt lat="37.176290" lon="128.830490" sectionIndex="0" pointIndex="1802" originalElevation="1399.0" isOriginalElevationFromOSM="false" isAnchor="false"><ele>1392.4</ele></trkpt>
<trkpt lat="37.176100" lon="128.830310" sectionIndex="0" pointIndex="1803" originalElevation="1399.0" isOriginalElevationFromOSM="false" isAnchor="false"><ele>1394.2</ele></trkpt>
<trkpt lat="37.175860" lon="128.830030" sectionIndex="0" pointIndex="1804" originalElevation="1420.0" isOriginalElevationFromOSM="false" isAnchor="false"><ele>1396.0</ele></trkpt>
<trkpt lat="37.175710" lon="128.829740" sectionIndex="0" pointIndex="1805" originalElevation="1420.0" isOriginalElevationFromOSM="false" isAnchor="false"><ele>1397.6</ele></trkpt>
<trkpt lat="37.175630" lon="128.829530" sectionIndex="0" pointIndex="1806" originalElevation="1384.0" isOriginalElevationFromOSM="false" isAnchor="false"><ele>1399.1</ele></trkpt>
<trkpt lat="37.175380" lon="128.829190" sectionIndex="0" pointIndex="1807" originalElevation="1404.0" isOriginalElevationFromOSM="false" isAnchor="false"><ele>1400.2</ele></trkpt>
<trkpt lat="37.175290" lon="128.829030" sectionIndex="0" pointIndex="1808" originalElevation="1404.0" isOriginalElevationFromOSM="false" isAnchor="false"><ele>1401.2</ele></trkpt>
<trkpt lat="37.175200" lon="128.828670" sectionIndex="0" pointIndex="1809" originalElevation="1404.0" isOriginalElevationFromOSM="false" isAnchor="false"><ele>1402.1</ele></trkpt>
<trkpt lat="37.175190" lon="128.828480" sectionIndex="0" pointIndex="1810" originalElevation="1404.0" isOriginalElevationFromOSM="false" isAnchor="false"><ele>1402.6</ele></trkpt>
<trkpt lat="37.175210" lon="128.828350" sectionIndex="0" pointIndex="1811" originalElevation="1408.0" isOriginalElevationFromOSM="false" isAnchor="false"><ele>1402.8</ele></trkpt>
<trkpt lat="37.175180" lon="128.828140" sectionIndex="0" pointIndex="1812" originalElevation="1408.0" isOriginalElevationFromOSM="false" isAnchor="false"><ele>1402.8</ele></trkpt>
<trkpt lat="37.175160" lon="128.827940" sectionIndex="0" pointIndex="1813" originalElevation="1408.0" isOriginalElevationFromOSM="false" isAnchor="false"><ele>1402.5</ele></trkpt>
<trkpt lat="37.175160" lon="128.827600" sectionIndex="0" pointIndex="1814" originalElevation="1408.5" isOriginalElevationFromOSM="false" isAnchor="false"><ele>1402.2</ele></trkpt>
<trkpt lat="37.175160" lon="128.827600" sectionIndex="0" pointIndex="1815" originalElevation="1408.5" isOriginalElevationFromOSM="false" isAnchor="false"><ele>1401.6</ele></trkpt>
<trkpt lat="37.175160" lon="128.827540" sectionIndex="0" pointIndex="1816" originalElevation="1409.0" isOriginalElevationFromOSM="false" isAnchor="false"><ele>1400.8</ele></trkpt>
<trkpt lat="37.175120" lon="128.827380" sectionIndex="0" pointIndex="1817" originalElevation="1409.0" isOriginalElevationFromOSM="false" isAnchor="false"><ele>1399.7</ele></trkpt>
<trkpt lat="37.175010" lon="128.826650" sectionIndex="0" pointIndex="1818" originalElevation="1405.0" isOriginalElevationFromOSM="false" isAnchor="false"><ele>1398.3</ele></trkpt>
<trkpt lat="37.175020" lon="128.826520" sectionIndex="0" pointIndex="1819" originalElevation="1405.0" isOriginalElevationFromOSM="false" isAnchor="false"><ele>1396.9</ele></trkpt>
<trkpt lat="37.175090" lon="128.826380" sectionIndex="0" pointIndex="1820" originalElevation="1405.0" isOriginalElevationFromOSM="false" isAnchor="false"><ele>1395.1</ele></trkpt>
<trkpt lat="37.175120" lon="128.826100" sectionIndex="0" pointIndex="1821" originalElevation="1405.0" isOriginalElevationFromOSM="false" isAnchor="false"><ele>1393.3</ele></trkpt>
<trkpt lat="37.175240" lon="128.825750" sectionIndex="0" pointIndex="1822" originalElevation="1389.0" isOriginalElevationFromOSM="false" isAnchor="false"><ele>1391.6</ele></trkpt>
<trkpt lat="37.175360" lon="128.825450" sectionIndex="0" pointIndex="1823" originalElevation="1389.0" isOriginalElevationFromOSM="false" isAnchor="false"><ele>1389.6</ele></trkpt>
<trkpt lat="37.175470" lon="128.825280" sectionIndex="0" pointIndex="1824" originalElevation="1389.0" isOriginalElevationFromOSM="false" isAnchor="false"><ele>1387.6</ele></trkpt>
<trkpt lat="37.175520" lon="128.825220" sectionIndex="0" pointIndex="1825" originalElevation="1389.0" isOriginalElevationFromOSM="false" isAnchor="false"><ele>1385.6</ele></trkpt>
<trkpt lat="37.175580" lon="128.825120" sectionIndex="0" pointIndex="1826" originalElevation="1364.0" isOriginalElevationFromOSM="false" isAnchor="false"><ele>1383.5</ele></trkpt>
<trkpt lat="37.175640" lon="128.825060" sectionIndex="0" pointIndex="1827" originalElevation="1364.0" isOriginalElevationFromOSM="false" isAnchor="false"><ele>1381.5</ele></trkpt>
<trkpt lat="37.175680" lon="128.824980" sectionIndex="0" pointIndex="1828" originalElevation="1364.0" isOriginalElevationFromOSM="false" isAnchor="false"><ele>1379.5</ele></trkpt>
<trkpt lat="37.175700" lon="128.824870" sectionIndex="0" pointIndex="1829" originalElevation="1381.0" isOriginalElevationFromOSM="false" isAnchor="false"><ele>1377.5</ele></trkpt>
<trkpt lat="37.175750" lon="128.824770" sectionIndex="0" pointIndex="1830" originalElevation="1381.0" isOriginalElevationFromOSM="false" isAnchor="false"><ele>1375.6</ele></trkpt>
<trkpt lat="37.175750" lon="128.824580" sectionIndex="0" pointIndex="1831" originalElevation="1381.0" isOriginalElevationFromOSM="false" isAnchor="false"><ele>1373.8</ele></trkpt>
<trkpt lat="37.175770" lon="128.824450" sectionIndex="0" pointIndex="1832" originalElevation="1381.0" isOriginalElevationFromOSM="false" isAnchor="false"><ele>1372.2</ele></trkpt>
<trkpt lat="37.175790" lon="128.824240" sectionIndex="0" pointIndex="1833" originalElevation="1366.0" isOriginalElevationFromOSM="false" isAnchor="false"><ele>1370.6</ele></trkpt>
<trkpt lat="37.175850" lon="128.824000" sectionIndex="0" pointIndex="1834" originalElevation="1366.0" isOriginalElevationFromOSM="false" isAnchor="false"><ele>1369.1</ele></trkpt>
<trkpt lat="37.175840" lon="128.823850" sectionIndex="0" pointIndex="1835" originalElevation="1366.0" isOriginalElevationFromOSM="false" isAnchor="false"><ele>1367.8</ele></trkpt>
<trkpt lat="37.175850" lon="128.823720" sectionIndex="0" pointIndex="1836" originalElevation="1366.0" isOriginalElevationFromOSM="false" isAnchor="false"><ele>1366.6</ele></trkpt>
<trkpt lat="37.175910" lon="128.823520" sectionIndex="0" pointIndex="1837" originalElevation="1366.0" isOriginalElevationFromOSM="false" isAnchor="false"><ele>1365.5</ele></trkpt>
<trkpt lat="37.175920" lon="128.823280" sectionIndex="0" pointIndex="1838" originalElevation="1357.0" isOriginalElevationFromOSM="false" isAnchor="false"><ele>1364.6</ele></trkpt>
<trkpt lat="37.175920" lon="128.823040" sectionIndex="0" pointIndex="1839" originalElevation="1357.0" isOriginalElevationFromOSM="false" isAnchor="false"><ele>1363.8</ele></trkpt>
<trkpt lat="37.175940" lon="128.822610" sectionIndex="0" pointIndex="1840" originalElevation="1356.0" isOriginalElevationFromOSM="false" isAnchor="false"><ele>1363.1</ele></trkpt>
<trkpt lat="37.175930" lon="128.822370" sectionIndex="0" pointIndex="1841" originalElevation="1356.0" isOriginalElevationFromOSM="false" isAnchor="false"><ele>1362.6</ele></trkpt>
<trkpt lat="37.175880" lon="128.822220" sectionIndex="0" pointIndex="1842" originalElevation="1356.0" isOriginalElevationFromOSM="false" isAnchor="false"><ele>1362.5</ele></trkpt>
<trkpt lat="37.175750" lon="128.822040" sectionIndex="0" pointIndex="1843" originalElevation="1356.0" isOriginalElevationFromOSM="false" isAnchor="false"><ele>1362.4</ele></trkpt>
<trkpt lat="37.175720" lon="128.821940" sectionIndex="0" pointIndex="1844" originalElevation="1356.0" isOriginalElevationFromOSM="false" isAnchor="false"><ele>1362.4</ele></trkpt>
<trkpt lat="37.175750" lon="128.821850" sectionIndex="0" pointIndex="1845" originalElevation="1356.0" isOriginalElevationFromOSM="false" isAnchor="false"><ele>1362.5</ele></trkpt>
<trkpt lat="37.175840" lon="128.821670" sectionIndex="0" pointIndex="1846" originalElevation="1364.0" isOriginalElevationFromOSM="false" isAnchor="false"><ele>1362.7</ele></trkpt>
<trkpt lat="37.175910" lon="128.821630" sectionIndex="0" pointIndex="1847" originalElevation="1364.0" isOriginalElevationFromOSM="false" isAnchor="false"><ele>1363.1</ele></trkpt>
<trkpt lat="37.175970" lon="128.821550" sectionIndex="0" pointIndex="1848" originalElevation="1364.0" isOriginalElevationFromOSM="false" isAnchor="false"><ele>1363.5</ele></trkpt>
<trkpt lat="37.176050" lon="128.821480" sectionIndex="0" pointIndex="1849" originalElevation="1364.0" isOriginalElevationFromOSM="false" isAnchor="false"><ele>1364.1</ele></trkpt>
<trkpt lat="37.176140" lon="128.821450" sectionIndex="0" pointIndex="1850" originalElevation="1364.0" isOriginalElevationFromOSM="false" isAnchor="false"><ele>1364.7</ele></trkpt>
<trkpt lat="37.176310" lon="128.821410" sectionIndex="0" pointIndex="1851" originalElevation="1364.0" isOriginalElevationFromOSM="false" isAnchor="false"><ele>1365.4</ele></trkpt>
<trkpt lat="37.176390" lon="128.821410" sectionIndex="0" pointIndex="1852" originalElevation="1364.0" isOriginalElevationFromOSM="false" isAnchor="false"><ele>1366.1</ele></trkpt>
<trkpt lat="37.176440" lon="128.821310" sectionIndex="0" pointIndex="1853" originalElevation="1364.0" isOriginalElevationFromOSM="false" isAnchor="false"><ele>1366.8</ele></trkpt>
<trkpt lat="37.176500" lon="128.821250" sectionIndex="0" pointIndex="1854" originalElevation="1364.0" isOriginalElevationFromOSM="false" isAnchor="false"><ele>1367.5</ele></trkpt>
<trkpt lat="37.176550" lon="128.821150" sectionIndex="0" pointIndex="1855" originalElevation="1364.0" isOriginalElevationFromOSM="false" isAnchor="false"><ele>1368.3</ele></trkpt>
<trkpt lat="37.176710" lon="128.820860" sectionIndex="0" pointIndex="1856" originalElevation="1376.0" isOriginalElevationFromOSM="false" isAnchor="false"><ele>1368.9</ele></trkpt>
<trkpt lat="37.176780" lon="128.820760" sectionIndex="0" pointIndex="1857" originalElevation="1376.0" isOriginalElevationFromOSM="false" isAnchor="false"><ele>1369.4</ele></trkpt>
<trkpt lat="37.176880" lon="128.820650" sectionIndex="0" pointIndex="1858" originalElevation="1376.0" isOriginalElevationFromOSM="false" isAnchor="false"><ele>1369.8</ele></trkpt>
<trkpt lat="37.176960" lon="128.820590" sectionIndex="0" pointIndex="1859" originalElevation="1376.0" isOriginalElevationFromOSM="false" isAnchor="false"><ele>1370.1</ele></trkpt>
<trkpt lat="37.177090" lon="128.820530" sectionIndex="0" pointIndex="1860" originalElevation="1376.0" isOriginalElevationFromOSM="false" isAnchor="false"><ele>1370.3</ele></trkpt>
<trkpt lat="37.177160" lon="128.820490" sectionIndex="0" pointIndex="1861" originalElevation="1376.0" isOriginalElevationFromOSM="false" isAnchor="false"><ele>1370.3</ele></trkpt>
<trkpt lat="37.177210" lon="128.820470" sectionIndex="0" pointIndex="1862" originalElevation="1376.0" isOriginalElevationFromOSM="false" isAnchor="false"><ele>1370.2</ele></trkpt>
<trkpt lat="37.177420" lon="128.820460" sectionIndex="0" pointIndex="1863" originalElevation="1371.0" isOriginalElevationFromOSM="false" isAnchor="false"><ele>1369.9</ele></trkpt>
<trkpt lat="37.177570" lon="128.820440" sectionIndex="0" pointIndex="1864" originalElevation="1371.0" isOriginalElevationFromOSM="false" isAnchor="false"><ele>1369.6</ele></trkpt>
<trkpt lat="37.177620" lon="128.820460" sectionIndex="0" pointIndex="1865" originalElevation="1371.0" isOriginalElevationFromOSM="false" isAnchor="false"><ele>1368.9</ele></trkpt>
<trkpt lat="37.177730" lon="128.820540" sectionIndex="0" pointIndex="1866" originalElevation="1371.0" isOriginalElevationFromOSM="false" isAnchor="false"><ele>1368.1</ele></trkpt>
<trkpt lat="37.177810" lon="128.820560" sectionIndex="0" pointIndex="1867" originalElevation="1371.0" isOriginalElevationFromOSM="false" isAnchor="false"><ele>1367.2</ele></trkpt>
<trkpt lat="37.177880" lon="128.820610" sectionIndex="0" pointIndex="1868" originalElevation="1371.0" isOriginalElevationFromOSM="false" isAnchor="false"><ele>1366.0</ele></trkpt>
<trkpt lat="37.177930" lon="128.820600" sectionIndex="0" pointIndex="1869" originalElevation="1371.0" isOriginalElevationFromOSM="false" isAnchor="false"><ele>1364.7</ele></trkpt>
<trkpt lat="37.177970" lon="128.820540" sectionIndex="0" pointIndex="1870" originalElevation="1371.0" isOriginalElevationFromOSM="false" isAnchor="false"><ele>1363.2</ele></trkpt>
<trkpt lat="37.178030" lon="128.820490" sectionIndex="0" pointIndex="1871" originalElevation="1371.0" isOriginalElevationFromOSM="false" isAnchor="false"><ele>1361.6</ele></trkpt>
<trkpt lat="37.178200" lon="128.820450" sectionIndex="0" pointIndex="1872" originalElevation="1356.0" isOriginalElevationFromOSM="false" isAnchor="false"><ele>1359.8</ele></trkpt>
<trkpt lat="37.178380" lon="128.820470" sectionIndex="0" pointIndex="1873" originalElevation="1356.0" isOriginalElevationFromOSM="false" isAnchor="false"><ele>1357.8</ele></trkpt>
<trkpt lat="37.178460" lon="128.820520" sectionIndex="0" pointIndex="1874" originalElevation="1356.0" isOriginalElevationFromOSM="false" isAnchor="false"><ele>1355.7</ele></trkpt>
<trkpt lat="37.178590" lon="128.820530" sectionIndex="0" pointIndex="1875" originalElevation="1356.0" isOriginalElevationFromOSM="false" isAnchor="false"><ele>1353.6</ele></trkpt>
<trkpt lat="37.178690" lon="128.820470" sectionIndex="0" pointIndex="1876" originalElevation="1356.0" isOriginalElevationFromOSM="false" isAnchor="false"><ele>1351.2</ele></trkpt>
<trkpt lat="37.178820" lon="128.820440" sectionIndex="0" pointIndex="1877" originalElevation="1356.0" isOriginalElevationFromOSM="false" isAnchor="false"><ele>1348.8</ele></trkpt>
<trkpt lat="37.178930" lon="128.820440" sectionIndex="0" pointIndex="1878" originalElevation="1356.0" isOriginalElevationFromOSM="false" isAnchor="false"><ele>1346.3</ele></trkpt>
<trkpt lat="37.178930" lon="128.820440" sectionIndex="0" pointIndex="1879" originalElevation="1356.0" isOriginalElevationFromOSM="false" isAnchor="false"><ele>1343.8</ele></trkpt>
<trkpt lat="37.179100" lon="128.820050" sectionIndex="0" pointIndex="1880" originalElevation="1334.0" isOriginalElevationFromOSM="false" isAnchor="false"><ele>1341.3</ele></trkpt>
<trkpt lat="37.179140" lon="128.819830" sectionIndex="0" pointIndex="1881" originalElevation="1334.0" isOriginalElevationFromOSM="false" isAnchor="false"><ele>1338.7</ele></trkpt>
<trkpt lat="37.179220" lon="128.819540" sectionIndex="0" pointIndex="1882" originalElevation="1334.0" isOriginalElevationFromOSM="false" isAnchor="false"><ele>1336.2</ele></trkpt>
<trkpt lat="37.179370" lon="128.819290" sectionIndex="0" pointIndex="1883" originalElevation="1325.0" isOriginalElevationFromOSM="false" isAnchor="false"><ele>1333.8</ele></trkpt>
<trkpt lat="37.179570" lon="128.819190" sectionIndex="0" pointIndex="1884" originalElevation="1325.0" isOriginalElevationFromOSM="false" isAnchor="false"><ele>1331.4</ele></trkpt>
<trkpt lat="37.179710" lon="128.819070" sectionIndex="0" pointIndex="1885" originalElevation="1325.0" isOriginalElevationFromOSM="false" isAnchor="false"><ele>1329.1</ele></trkpt>
<trkpt lat="37.179770" lon="128.818980" sectionIndex="0" pointIndex="1886" originalElevation="1325.0" isOriginalElevationFromOSM="false" isAnchor="false"><ele>1326.9</ele></trkpt>
<trkpt lat="37.179820" lon="128.818870" sectionIndex="0" pointIndex="1887" originalElevation="1325.0" isOriginalElevationFromOSM="false" isAnchor="false"><ele>1324.6</ele></trkpt>
<trkpt lat="37.179950" lon="128.818750" sectionIndex="0" pointIndex="1888" originalElevation="1320.0" isOriginalElevationFromOSM="false" isAnchor="false"><ele>1322.6</ele></trkpt>
<trkpt lat="37.180250" lon="128.818610" sectionIndex="0" pointIndex="1889" originalElevation="1320.0" isOriginalElevationFromOSM="false" isAnchor="false"><ele>1320.6</ele></trkpt>
<trkpt lat="37.180360" lon="128.818530" sectionIndex="0" pointIndex="1890" originalElevation="1320.0" isOriginalElevationFromOSM="false" isAnchor="false"><ele>1318.7</ele></trkpt>
<trkpt lat="37.180540" lon="128.818460" sectionIndex="0" pointIndex="1891" originalElevation="1305.0" isOriginalElevationFromOSM="false" isAnchor="false"><ele>1316.8</ele></trkpt>
<trkpt lat="37.180670" lon="128.818320" sectionIndex="0" pointIndex="1892" originalElevation="1305.0" isOriginalElevationFromOSM="false" isAnchor="false"><ele>1315.0</ele></trkpt>
<trkpt lat="37.180810" lon="128.818220" sectionIndex="0" pointIndex="1893" originalElevation="1308.5" isOriginalElevationFromOSM="false" isAnchor="false"><ele>1313.3</ele></trkpt>
<trkpt lat="37.180810" lon="128.818220" sectionIndex="0" pointIndex="1894" originalElevation="1308.5" isOriginalElevationFromOSM="false" isAnchor="false"><ele>1311.7</ele></trkpt>
<trkpt lat="37.180860" lon="128.818180" sectionIndex="0" pointIndex="1895" originalElevation="1312.0" isOriginalElevationFromOSM="false" isAnchor="false"><ele>1310.1</ele></trkpt>
<trkpt lat="37.181050" lon="128.818180" sectionIndex="0" pointIndex="1896" originalElevation="1312.0" isOriginalElevationFromOSM="false" isAnchor="false"><ele>1308.6</ele></trkpt>
<trkpt lat="37.181150" lon="128.818190" sectionIndex="0" pointIndex="1897" originalElevation="1312.0" isOriginalElevationFromOSM="false" isAnchor="false"><ele>1307.4</ele></trkpt>
<trkpt lat="37.181290" lon="128.818070" sectionIndex="0" pointIndex="1898" originalElevation="1312.0" isOriginalElevationFromOSM="false" isAnchor="false"><ele>1306.2</ele></trkpt>
<trkpt lat="37.181340" lon="128.818020" sectionIndex="0" pointIndex="1899" originalElevation="1312.0" isOriginalElevationFromOSM="false" isAnchor="false"><ele>1305.2</ele></trkpt>
<trkpt lat="37.181340" lon="128.818020" sectionIndex="0" pointIndex="1900" originalElevation="1312.0" isOriginalElevationFromOSM="false" isAnchor="false"><ele>1304.3</ele></trkpt>
<trkpt lat="37.181380" lon="128.817970" sectionIndex="0" pointIndex="1901" originalElevation="1312.0" isOriginalElevationFromOSM="false" isAnchor="false"><ele>1303.5</ele></trkpt>
<trkpt lat="37.181380" lon="128.817970" sectionIndex="0" pointIndex="1902" originalElevation="1290.0" isOriginalElevationFromOSM="false" isAnchor="false"><ele>1302.8</ele></trkpt>
<trkpt lat="37.181412" lon="128.818010" sectionIndex="0" pointIndex="1903" originalElevation="1290.0" isOriginalElevationFromOSM="false" isAnchor="false"><ele>1302.3</ele></trkpt>
<trkpt lat="37.181444" lon="128.818049" sectionIndex="0" pointIndex="1904" originalElevation="1290.0" isOriginalElevationFromOSM="false" isAnchor="false"><ele>1302.0</ele></trkpt>
<trkpt lat="37.181467" lon="128.818078" sectionIndex="0" pointIndex="1905" originalElevation="1290.0" isOriginalElevationFromOSM="false" isAnchor="false"><ele>1301.9</ele></trkpt>
<trkpt lat="37.181467" lon="128.818078" sectionIndex="0" pointIndex="1906" originalElevation="1290.0" isOriginalElevationFromOSM="false" isAnchor="false"><ele>1302.0</ele></trkpt>
<trkpt lat="37.181502" lon="128.818043" sectionIndex="0" pointIndex="1907" originalElevation="1290.0" isOriginalElevationFromOSM="false" isAnchor="false"><ele>1302.4</ele></trkpt>
<trkpt lat="37.181538" lon="128.818008" sectionIndex="0" pointIndex="1908" originalElevation="1290.0" isOriginalElevationFromOSM="false" isAnchor="false"><ele>1303.0</ele></trkpt>
<trkpt lat="37.181573" lon="128.817973" sectionIndex="0" pointIndex="1909" originalElevation="1290.0" isOriginalElevationFromOSM="false" isAnchor="false"><ele>1303.7</ele></trkpt>
<trkpt lat="37.181608" lon="128.817937" sectionIndex="0" pointIndex="1910" originalElevation="1290.0" isOriginalElevationFromOSM="false" isAnchor="false"><ele>1304.6</ele></trkpt>
<trkpt lat="37.181643" lon="128.817902" sectionIndex="0" pointIndex="1911" originalElevation="1290.0" isOriginalElevationFromOSM="false" isAnchor="false"><ele>1305.6</ele></trkpt>
<trkpt lat="37.181678" lon="128.817867" sectionIndex="0" pointIndex="1912" originalElevation="1319.0" isOriginalElevationFromOSM="false" isAnchor="false"><ele>1306.7</ele></trkpt>
<trkpt lat="37.181713" lon="128.817832" sectionIndex="0" pointIndex="1913" originalElevation="1319.0" isOriginalElevationFromOSM="false" isAnchor="false"><ele>1307.9</ele></trkpt>
<trkpt lat="37.181748" lon="128.817796" sectionIndex="0" pointIndex="1914" originalElevation="1319.0" isOriginalElevationFromOSM="false" isAnchor="false"><ele>1309.0</ele></trkpt>
<trkpt lat="37.181783" lon="128.817761" sectionIndex="0" pointIndex="1915" originalElevation="1319.0" isOriginalElevationFromOSM="false" isAnchor="false"><ele>1310.0</ele></trkpt>
<trkpt lat="37.181819" lon="128.817726" sectionIndex="0" pointIndex="1916" originalElevation="1319.0" isOriginalElevationFromOSM="false" isAnchor="false"><ele>1310.9</ele></trkpt>
<trkpt lat="37.181854" lon="128.817691" sectionIndex="0" pointIndex="1917" originalElevation="1319.0" isOriginalElevationFromOSM="false" isAnchor="false"><ele>1311.8</ele></trkpt>
<trkpt lat="37.181889" lon="128.817655" sectionIndex="0" pointIndex="1918" originalElevation="1319.0" isOriginalElevationFromOSM="false" isAnchor="false"><ele>1312.6</ele></trkpt>
<trkpt lat="37.181923" lon="128.817621" sectionIndex="0" pointIndex="1919" originalElevation="1319.0" isOriginalElevationFromOSM="false" isAnchor="false"><ele>1313.5</ele></trkpt>
<trkpt lat="37.181923" lon="128.817621" sectionIndex="0" pointIndex="1920" originalElevation="1319.0" isOriginalElevationFromOSM="false" isAnchor="false"><ele>1314.3</ele></trkpt>
<trkpt lat="37.181967" lon="128.817607" sectionIndex="0" pointIndex="1921" originalElevation="1319.0" isOriginalElevationFromOSM="false" isAnchor="false"><ele>1314.9</ele></trkpt>
<trkpt lat="37.182011" lon="128.817594" sectionIndex="0" pointIndex="1922" originalElevation="1319.0" isOriginalElevationFromOSM="false" isAnchor="false"><ele>1315.4</ele></trkpt>
<trkpt lat="37.182054" lon="128.817580" sectionIndex="0" pointIndex="1923" originalElevation="1319.0" isOriginalElevationFromOSM="false" isAnchor="false"><ele>1315.9</ele></trkpt>
<trkpt lat="37.182098" lon="128.817567" sectionIndex="0" pointIndex="1924" originalElevation="1319.0" isOriginalElevationFromOSM="false" isAnchor="false"><ele>1316.3</ele></trkpt>
<trkpt lat="37.182142" lon="128.817553" sectionIndex="0" pointIndex="1925" originalElevation="1319.0" isOriginalElevationFromOSM="false" isAnchor="false"><ele>1316.8</ele></trkpt>
<trkpt lat="37.182185" lon="128.817539" sectionIndex="0" pointIndex="1926" originalElevation="1319.0" isOriginalElevationFromOSM="false" isAnchor="false"><ele>1317.3</ele></trkpt>
<trkpt lat="37.182229" lon="128.817526" sectionIndex="0" pointIndex="1927" originalElevation="1319.0" isOriginalElevationFromOSM="false" isAnchor="false"><ele>1317.9</ele></trkpt>
<trkpt lat="37.182272" lon="128.817512" sectionIndex="0" pointIndex="1928" originalElevation="1319.0" isOriginalElevationFromOSM="false" isAnchor="false"><ele>1318.4</ele></trkpt>
<trkpt lat="37.182316" lon="128.817499" sectionIndex="0" pointIndex="1929" originalElevation="1301.0" isOriginalElevationFromOSM="false" isAnchor="false"><ele>1319.1</ele></trkpt>
<trkpt lat="37.182360" lon="128.817485" sectionIndex="0" pointIndex="1930" originalElevation="1301.0" isOriginalElevationFromOSM="false" isAnchor="false"><ele>1319.9</ele></trkpt>
<trkpt lat="37.182403" lon="128.817471" sectionIndex="0" pointIndex="1931" originalElevation="1301.0" isOriginalElevationFromOSM="false" isAnchor="false"><ele>1320.8</ele></trkpt>
<trkpt lat="37.182447" lon="128.817458" sectionIndex="0" pointIndex="1932" originalElevation="1301.0" isOriginalElevationFromOSM="false" isAnchor="false"><ele>1321.9</ele></trkpt>
<trkpt lat="37.182491" lon="128.817444" sectionIndex="0" pointIndex="1933" originalElevation="1301.0" isOriginalElevationFromOSM="false" isAnchor="false"><ele>1323.1</ele></trkpt>
<trkpt lat="37.182534" lon="128.817431" sectionIndex="0" pointIndex="1934" originalElevation="1335.0" isOriginalElevationFromOSM="false" isAnchor="false"><ele>1324.5</ele></trkpt>
<trkpt lat="37.182578" lon="128.817417" sectionIndex="0" pointIndex="1935" originalElevation="1335.0" isOriginalElevationFromOSM="false" isAnchor="false"><ele>1326.0</ele></trkpt>
<trkpt lat="37.182622" lon="128.817404" sectionIndex="0" pointIndex="1936" originalElevation="1335.0" isOriginalElevationFromOSM="false" isAnchor="false"><ele>1327.5</ele></trkpt>
<trkpt lat="37.182665" lon="128.817390" sectionIndex="0" pointIndex="1937" originalElevation="1335.0" isOriginalElevationFromOSM="false" isAnchor="false"><ele>1329.0</ele></trkpt>
<trkpt lat="37.182708" lon="128.817377" sectionIndex="0" pointIndex="1938" originalElevation="1335.0" isOriginalElevationFromOSM="false" isAnchor="false"><ele>1330.4</ele></trkpt>
<trkpt lat="37.182701" lon="128.817374" sectionIndex="0" pointIndex="1939" originalElevation="1338.0" isOriginalElevationFromOSM="false" isAnchor="false"><ele>1331.8</ele></trkpt>
<trkpt lat="37.182690" lon="128.817370" sectionIndex="0" pointIndex="1940" originalElevation="1343.0" isOriginalElevationFromOSM="false" isAnchor="false"><ele>1333.0</ele></trkpt>
<trkpt lat="37.182630" lon="128.817230" sectionIndex="0" pointIndex="1941" originalElevation="1343.0" isOriginalElevationFromOSM="false" isAnchor="false"><ele>1334.1</ele></trkpt>
<trkpt lat="37.182600" lon="128.817120" sectionIndex="0" pointIndex="1942" originalElevation="1343.0" isOriginalElevationFromOSM="false" isAnchor="false"><ele>1334.9</ele></trkpt>
<trkpt lat="37.182600" lon="128.816970" sectionIndex="0" pointIndex="1943" originalElevation="1343.0" isOriginalElevationFromOSM="false" isAnchor="false"><ele>1335.5</ele></trkpt>
<trkpt lat="37.182740" lon="128.816790" sectionIndex="0" pointIndex="1944" originalElevation="1339.0" isOriginalElevationFromOSM="false" isAnchor="false"><ele>1335.9</ele></trkpt>
<trkpt lat="37.182740" lon="128.816790" sectionIndex="0" pointIndex="1945" originalElevation="1339.0" isOriginalElevationFromOSM="false" isAnchor="false"><ele>1336.0</ele></trkpt>
<trkpt lat="37.183080" lon="128.816560" sectionIndex="0" pointIndex="1946" originalElevation="1335.0" isOriginalElevationFromOSM="false" isAnchor="false"><ele>1335.9</ele></trkpt>
<trkpt lat="37.183130" lon="128.816500" sectionIndex="0" pointIndex="1947" originalElevation="1340.5" isOriginalElevationFromOSM="false" isAnchor="false"><ele>1335.5</ele></trkpt>
<trkpt lat="37.183130" lon="128.816500" sectionIndex="0" pointIndex="1948" originalElevation="1340.5" isOriginalElevationFromOSM="false" isAnchor="false"><ele>1334.7</ele></trkpt>
<trkpt lat="37.183280" lon="128.816340" sectionIndex="0" pointIndex="1949" originalElevation="1346.0" isOriginalElevationFromOSM="false" isAnchor="false"><ele>1333.6</ele></trkpt>
<trkpt lat="37.183320" lon="128.816140" sectionIndex="0" pointIndex="1950" originalElevation="1346.0" isOriginalElevationFromOSM="false" isAnchor="false"><ele>1332.0</ele></trkpt>
<trkpt lat="37.183640" lon="128.816080" sectionIndex="0" pointIndex="1951" originalElevation="1346.0" isOriginalElevationFromOSM="false" isAnchor="false"><ele>1330.2</ele></trkpt>
<trkpt lat="37.183980" lon="128.816240" sectionIndex="0" pointIndex="1952" originalElevation="1346.0" isOriginalElevationFromOSM="false" isAnchor="false"><ele>1328.2</ele></trkpt>
<trkpt lat="37.184390" lon="128.816640" sectionIndex="0" pointIndex="1953" originalElevation="1328.0" isOriginalElevationFromOSM="false" isAnchor="false"><ele>1326.0</ele></trkpt>
<trkpt lat="37.184410" lon="128.816640" sectionIndex="0" pointIndex="1954" originalElevation="1328.0" isOriginalElevationFromOSM="false" isAnchor="false"><ele>1323.5</ele></trkpt>
<trkpt lat="37.184410" lon="128.816640" sectionIndex="0" pointIndex="1955" originalElevation="1328.0" isOriginalElevationFromOSM="false" isAnchor="false"><ele>1320.9</ele></trkpt>
<trkpt lat="37.184550" lon="128.816670" sectionIndex="0" pointIndex="1956" originalElevation="1328.0" isOriginalElevationFromOSM="false" isAnchor="false"><ele>1318.1</ele></trkpt>
<trkpt lat="37.184850" lon="128.816800" sectionIndex="0" pointIndex="1957" originalElevation="1303.0" isOriginalElevationFromOSM="false" isAnchor="false"><ele>1315.1</ele></trkpt>
<trkpt lat="37.185050" lon="128.816870" sectionIndex="0" pointIndex="1958" originalElevation="1315.0" isOriginalElevationFromOSM="false" isAnchor="false"><ele>1312.1</ele></trkpt>
<trkpt lat="37.185100" lon="128.816800" sectionIndex="0" pointIndex="1959" originalElevation="1303.0" isOriginalElevationFromOSM="false" isAnchor="false"><ele>1309.1</ele></trkpt>
<trkpt lat="37.185000" lon="128.816220" sectionIndex="0" pointIndex="1960" originalElevation="1303.0" isOriginalElevationFromOSM="false" isAnchor="false"><ele>1306.0</ele></trkpt>
<trkpt lat="37.185150" lon="128.816150" sectionIndex="0" pointIndex="1961" originalElevation="1303.0" isOriginalElevationFromOSM="false" isAnchor="false"><ele>1302.8</ele></trkpt>
<trkpt lat="37.185200" lon="128.815960" sectionIndex="0" pointIndex="1962" originalElevation="1289.0" isOriginalElevationFromOSM="false" isAnchor="false"><ele>1299.8</ele></trkpt>
<trkpt lat="37.185180" lon="128.815850" sectionIndex="0" pointIndex="1963" originalElevation="1289.0" isOriginalElevationFromOSM="false" isAnchor="false"><ele>1296.8</ele></trkpt>
<trkpt lat="37.184980" lon="128.815710" sectionIndex="0" pointIndex="1964" originalElevation="1289.0" isOriginalElevationFromOSM="false" isAnchor="false"><ele>1293.8</ele></trkpt>
<trkpt lat="37.185050" lon="128.815320" sectionIndex="0" pointIndex="1965" originalElevation="1289.0" isOriginalElevationFromOSM="false" isAnchor="false"><ele>1290.8</ele></trkpt>
<trkpt lat="37.185130" lon="128.815230" sectionIndex="0" pointIndex="1966" originalElevation="1289.0" isOriginalElevationFromOSM="false" isAnchor="false"><ele>1287.7</ele></trkpt>
<trkpt lat="37.185240" lon="128.815240" sectionIndex="0" pointIndex="1967" originalElevation="1289.0" isOriginalElevationFromOSM="false" isAnchor="false"><ele>1284.7</ele></trkpt>
<trkpt lat="37.185390" lon="128.815410" sectionIndex="0" pointIndex="1968" originalElevation="1289.0" isOriginalElevationFromOSM="false" isAnchor="false"><ele>1281.6</ele></trkpt>
<trkpt lat="37.185690" lon="128.815360" sectionIndex="0" pointIndex="1969" originalElevation="1276.0" isOriginalElevationFromOSM="false" isAnchor="false"><ele>1278.6</ele></trkpt>
<trkpt lat="37.185830" lon="128.815360" sectionIndex="0" pointIndex="1970" originalElevation="1276.0" isOriginalElevationFromOSM="false" isAnchor="false"><ele>1275.7</ele></trkpt>
<trkpt lat="37.185910" lon="128.815230" sectionIndex="0" pointIndex="1971" originalElevation="1276.0" isOriginalElevationFromOSM="false" isAnchor="false"><ele>1272.8</ele></trkpt>
<trkpt lat="37.185890" lon="128.815000" sectionIndex="0" pointIndex="1972" originalElevation="1265.0" isOriginalElevationFromOSM="false" isAnchor="false"><ele>1269.8</ele></trkpt>
<trkpt lat="37.185790" lon="128.814770" sectionIndex="0" pointIndex="1973" originalElevation="1265.0" isOriginalElevationFromOSM="false" isAnchor="false"><ele>1266.9</ele></trkpt>
<trkpt lat="37.185610" lon="128.814640" sectionIndex="0" pointIndex="1974" originalElevation="1278.0" isOriginalElevationFromOSM="false" isAnchor="false"><ele>1263.9</ele></trkpt>
<trkpt lat="37.185360" lon="128.814190" sectionIndex="0" pointIndex="1975" originalElevation="1258.0" isOriginalElevationFromOSM="false" isAnchor="false"><ele>1260.9</ele></trkpt>
<trkpt lat="37.185750" lon="128.814270" sectionIndex="0" pointIndex="1976" originalElevation="1244.0" isOriginalElevationFromOSM="false" isAnchor="false"><ele>1257.9</ele></trkpt>
<trkpt lat="37.186240" lon="128.814380" sectionIndex="0" pointIndex="1977" originalElevation="1265.0" isOriginalElevationFromOSM="false" isAnchor="false"><ele>1255.0</ele></trkpt>
<trkpt lat="37.186480" lon="128.814500" sectionIndex="0" pointIndex="1978" originalElevation="1265.0" isOriginalElevationFromOSM="false" isAnchor="false"><ele>1252.2</ele></trkpt>
<trkpt lat="37.186510" lon="128.814490" sectionIndex="0" pointIndex="1979" originalElevation="1265.0" isOriginalElevationFromOSM="false" isAnchor="false"><ele>1249.2</ele></trkpt>
<trkpt lat="37.186160" lon="128.813970" sectionIndex="0" pointIndex="1980" originalElevation="1244.0" isOriginalElevationFromOSM="false" isAnchor="false"><ele>1246.2</ele></trkpt>
<trkpt lat="37.186100" lon="128.813850" sectionIndex="0" pointIndex="1981" originalElevation="1232.5" isOriginalElevationFromOSM="false" isAnchor="false"><ele>1243.3</ele></trkpt>
<trkpt lat="37.186100" lon="128.813850" sectionIndex="0" pointIndex="1982" originalElevation="1232.5" isOriginalElevationFromOSM="false" isAnchor="false"><ele>1240.4</ele></trkpt>
<trkpt lat="37.185910" lon="128.813430" sectionIndex="0" pointIndex="1983" originalElevation="1221.0" isOriginalElevationFromOSM="false" isAnchor="false"><ele>1237.5</ele></trkpt>
<trkpt lat="37.185760" lon="128.813230" sectionIndex="0" pointIndex="1984" originalElevation="1221.0" isOriginalElevationFromOSM="false" isAnchor="false"><ele>1234.7</ele></trkpt>
<trkpt lat="37.185670" lon="128.813030" sectionIndex="0" pointIndex="1985" originalElevation="1232.0" isOriginalElevationFromOSM="false" isAnchor="false"><ele>1232.1</ele></trkpt>
<trkpt lat="37.185660" lon="128.812980" sectionIndex="0" pointIndex="1986" originalElevation="1232.0" isOriginalElevationFromOSM="false" isAnchor="false"><ele>1229.5</ele></trkpt>
<trkpt lat="37.185700" lon="128.812970" sectionIndex="0" pointIndex="1987" originalElevation="1221.0" isOriginalElevationFromOSM="false" isAnchor="false"><ele>1226.9</ele></trkpt>
<trkpt lat="37.186060" lon="128.813010" sectionIndex="0" pointIndex="1988" originalElevation="1221.0" isOriginalElevationFromOSM="false" isAnchor="false"><ele>1224.3</ele></trkpt>
<trkpt lat="37.186170" lon="128.813110" sectionIndex="0" pointIndex="1989" originalElevation="1221.0" isOriginalElevationFromOSM="false" isAnchor="false"><ele>1221.7</ele></trkpt>
<trkpt lat="37.186340" lon="128.813150" sectionIndex="0" pointIndex="1990" originalElevation="1221.0" isOriginalElevationFromOSM="false" isAnchor="false"><ele>1219.0</ele></trkpt>
<trkpt lat="37.186510" lon="128.813240" sectionIndex="0" pointIndex="1991" originalElevation="1221.0" isOriginalElevationFromOSM="false" isAnchor="false"><ele>1216.6</ele></trkpt>
<trkpt lat="37.186990" lon="128.813650" sectionIndex="0" pointIndex="1992" originalElevation="1231.0" isOriginalElevationFromOSM="false" isAnchor="false"><ele>1214.2</ele></trkpt>
<trkpt lat="37.187190" lon="128.813750" sectionIndex="0" pointIndex="1993" originalElevation="1231.0" isOriginalElevationFromOSM="false" isAnchor="false"><ele>1211.7</ele></trkpt>
<trkpt lat="37.187430" lon="128.813740" sectionIndex="0" pointIndex="1994" originalElevation="1209.0" isOriginalElevationFromOSM="false" isAnchor="false"><ele>1209.1</ele></trkpt>
<trkpt lat="37.187380" lon="128.813330" sectionIndex="0" pointIndex="1995" originalElevation="1191.0" isOriginalElevationFromOSM="false" isAnchor="false"><ele>1206.7</ele></trkpt>
<trkpt lat="37.187220" lon="128.812840" sectionIndex="0" pointIndex="1996" originalElevation="1208.0" isOriginalElevationFromOSM="false" isAnchor="false"><ele>1204.5</ele></trkpt>
<trkpt lat="37.187040" lon="128.812490" sectionIndex="0" pointIndex="1997" originalElevation="1196.0" isOriginalElevationFromOSM="false" isAnchor="false"><ele>1202.2</ele></trkpt>
<trkpt lat="37.186990" lon="128.812360" sectionIndex="0" pointIndex="1998" originalElevation="1196.0" isOriginalElevationFromOSM="false" isAnchor="false"><ele>1200.0</ele></trkpt>
<trkpt lat="37.187070" lon="128.812300" sectionIndex="0" pointIndex="1999" originalElevation="1196.0" isOriginalElevationFromOSM="false" isAnchor="false"><ele>1197.8</ele></trkpt>
<trkpt lat="37.187200" lon="128.812380" sectionIndex="0" pointIndex="2000" originalElevation="1196.0" isOriginalElevationFromOSM="false" isAnchor="false"><ele>1195.5</ele></trkpt>
<trkpt lat="37.187600" lon="128.812750" sectionIndex="0" pointIndex="2001" originalElevation="1191.0" isOriginalElevationFromOSM="false" isAnchor="false"><ele>1193.3</ele></trkpt>
<trkpt lat="37.187870" lon="128.812940" sectionIndex="0" pointIndex="2002" originalElevation="1191.0" isOriginalElevationFromOSM="false" isAnchor="false"><ele>1191.0</ele></trkpt>
<trkpt lat="37.188320" lon="128.813210" sectionIndex="0" pointIndex="2003" originalElevation="1171.0" isOriginalElevationFromOSM="false" isAnchor="false"><ele>1189.0</ele></trkpt>
<trkpt lat="37.188650" lon="128.813470" sectionIndex="0" pointIndex="2004" originalElevation="1171.0" isOriginalElevationFromOSM="false" isAnchor="false"><ele>1187.0</ele></trkpt>
<trkpt lat="37.188720" lon="128.813680" sectionIndex="0" pointIndex="2005" originalElevation="1184.0" isOriginalElevationFromOSM="false" isAnchor="false"><ele>1184.8</ele></trkpt>
<trkpt lat="37.188730" lon="128.813990" sectionIndex="0" pointIndex="2006" originalElevation="1184.0" isOriginalElevationFromOSM="false" isAnchor="false"><ele>1182.5</ele></trkpt>
<trkpt lat="37.188700" lon="128.814090" sectionIndex="0" pointIndex="2007" originalElevation="1184.0" isOriginalElevationFromOSM="false" isAnchor="false"><ele>1180.3</ele></trkpt>
<trkpt lat="37.188700" lon="128.814090" sectionIndex="0" pointIndex="2008" originalElevation="1184.0" isOriginalElevationFromOSM="false" isAnchor="false"><ele>1177.9</ele></trkpt>
<trkpt lat="37.188680" lon="128.814130" sectionIndex="0" pointIndex="2009" originalElevation="1184.0" isOriginalElevationFromOSM="false" isAnchor="false"><ele>1175.4</ele></trkpt>
<trkpt lat="37.188830" lon="128.814270" sectionIndex="0" pointIndex="2010" originalElevation="1184.0" isOriginalElevationFromOSM="false" isAnchor="false"><ele>1173.0</ele></trkpt>
<trkpt lat="37.188900" lon="128.814510" sectionIndex="0" pointIndex="2011" originalElevation="1195.0" isOriginalElevationFromOSM="false" isAnchor="false"><ele>1170.6</ele></trkpt>
<trkpt lat="37.189060" lon="128.814580" sectionIndex="0" pointIndex="2012" originalElevation="1176.0" isOriginalElevationFromOSM="false" isAnchor="false"><ele>1167.9</ele></trkpt>
<trkpt lat="37.189270" lon="128.814540" sectionIndex="0" pointIndex="2013" originalElevation="1176.0" isOriginalElevationFromOSM="false" isAnchor="false"><ele>1165.0</ele></trkpt>
<trkpt lat="37.189510" lon="128.814250" sectionIndex="0" pointIndex="2014" originalElevation="1155.0" isOriginalElevationFromOSM="false" isAnchor="false"><ele>1162.0</ele></trkpt>
<trkpt lat="37.190050" lon="128.813500" sectionIndex="0" pointIndex="2015" originalElevation="1154.0" isOriginalElevationFromOSM="false" isAnchor="false"><ele>1158.8</ele></trkpt>
<trkpt lat="37.190240" lon="128.813510" sectionIndex="0" pointIndex="2016" originalElevation="1154.0" isOriginalElevationFromOSM="false" isAnchor="false"><ele>1155.5</ele></trkpt>
<trkpt lat="37.190390" lon="128.814000" sectionIndex="0" pointIndex="2017" originalElevation="1154.0" isOriginalElevationFromOSM="false" isAnchor="false"><ele>1152.2</ele></trkpt>
<trkpt lat="37.190440" lon="128.814540" sectionIndex="0" pointIndex="2018" originalElevation="1162.0" isOriginalElevationFromOSM="false" isAnchor="false"><ele>1148.7</ele></trkpt>
<trkpt lat="37.190730" lon="128.814540" sectionIndex="0" pointIndex="2019" originalElevation="1153.0" isOriginalElevationFromOSM="false" isAnchor="false"><ele>1145.4</ele></trkpt>
<trkpt lat="37.190930" lon="128.814240" sectionIndex="0" pointIndex="2020" originalElevation="1129.0" isOriginalElevationFromOSM="false" isAnchor="false"><ele>1142.3</ele></trkpt>
<trkpt lat="37.191020" lon="128.814240" sectionIndex="0" pointIndex="2021" originalElevation="1129.0" isOriginalElevationFromOSM="false" isAnchor="false"><ele>1139.2</ele></trkpt>
<trkpt lat="37.191130" lon="128.814050" sectionIndex="0" pointIndex="2022" originalElevation="1129.0" isOriginalElevationFromOSM="false" isAnchor="false"><ele>1136.2</ele></trkpt>
<trkpt lat="37.191130" lon="128.813880" sectionIndex="0" pointIndex="2023" originalElevation="1129.0" isOriginalElevationFromOSM="false" isAnchor="false"><ele>1133.2</ele></trkpt>
<trkpt lat="37.191170" lon="128.813790" sectionIndex="0" pointIndex="2024" originalElevation="1129.0" isOriginalElevationFromOSM="false" isAnchor="false"><ele>1130.3</ele></trkpt>
<trkpt lat="37.191130" lon="128.813680" sectionIndex="0" pointIndex="2025" originalElevation="1129.0" isOriginalElevationFromOSM="false" isAnchor="false"><ele>1127.6</ele></trkpt>
<trkpt lat="37.191200" lon="128.813500" sectionIndex="0" pointIndex="2026" originalElevation="1129.0" isOriginalElevationFromOSM="false" isAnchor="false"><ele>1125.2</ele></trkpt>
<trkpt lat="37.191370" lon="128.813480" sectionIndex="0" pointIndex="2027" originalElevation="1115.0" isOriginalElevationFromOSM="false" isAnchor="false"><ele>1122.9</ele></trkpt>
<trkpt lat="37.191510" lon="128.813410" sectionIndex="0" pointIndex="2028" originalElevation="1102.0" isOriginalElevationFromOSM="false" isAnchor="false"><ele>1120.9</ele></trkpt>
<trkpt lat="37.191630" lon="128.813480" sectionIndex="0" pointIndex="2029" originalElevation="1102.0" isOriginalElevationFromOSM="false" isAnchor="false"><ele>1119.2</ele></trkpt>
<trkpt lat="37.191690" lon="128.813480" sectionIndex="0" pointIndex="2030" originalElevation="1102.0" isOriginalElevationFromOSM="false" isAnchor="false"><ele>1117.8</ele></trkpt>
<trkpt lat="37.191690" lon="128.813480" sectionIndex="0" pointIndex="2031" originalElevation="1102.0" isOriginalElevationFromOSM="false" isAnchor="false"><ele>1116.7</ele></trkpt>
<trkpt lat="37.192020" lon="128.813470" sectionIndex="0" pointIndex="2032" originalElevation="1102.0" isOriginalElevationFromOSM="false" isAnchor="false"><ele>1115.7</ele></trkpt>
<trkpt lat="37.192160" lon="128.813340" sectionIndex="0" pointIndex="2033" originalElevation="1102.0" isOriginalElevationFromOSM="false" isAnchor="false"><ele>1114.8</ele></trkpt>
<trkpt lat="37.192310" lon="128.813350" sectionIndex="0" pointIndex="2034" originalElevation="1102.0" isOriginalElevationFromOSM="false" isAnchor="false"><ele>1114.1</ele></trkpt>
<trkpt lat="37.192640" lon="128.813600" sectionIndex="0" pointIndex="2035" originalElevation="1139.0" isOriginalElevationFromOSM="false" isAnchor="false"><ele>1113.5</ele></trkpt>
<trkpt lat="37.192760" lon="128.813610" sectionIndex="0" pointIndex="2036" originalElevation="1139.0" isOriginalElevationFromOSM="false" isAnchor="false"><ele>1113.2</ele></trkpt>
<trkpt lat="37.192840" lon="128.813500" sectionIndex="0" pointIndex="2037" originalElevation="1139.0" isOriginalElevationFromOSM="false" isAnchor="false"><ele>1112.9</ele></trkpt>
<trkpt lat="37.192920" lon="128.813210" sectionIndex="0" pointIndex="2038" originalElevation="1103.0" isOriginalElevationFromOSM="false" isAnchor="false"><ele>1112.7</ele></trkpt>
<trkpt lat="37.193020" lon="128.813110" sectionIndex="0" pointIndex="2039" originalElevation="1103.0" isOriginalElevationFromOSM="false" isAnchor="false"><ele>1112.5</ele></trkpt>
<trkpt lat="37.193220" lon="128.813180" sectionIndex="0" pointIndex="2040" originalElevation="1108.0" isOriginalElevationFromOSM="false" isAnchor="false"><ele>1112.3</ele></trkpt>
<trkpt lat="37.193370" lon="128.813110" sectionIndex="0" pointIndex="2041" originalElevation="1108.0" isOriginalElevationFromOSM="false" isAnchor="false"><ele>1112.4</ele></trkpt>
<trkpt lat="37.193620" lon="128.813260" sectionIndex="0" pointIndex="2042" originalElevation="1108.0" isOriginalElevationFromOSM="false" isAnchor="false"><ele>1112.5</ele></trkpt>
<trkpt lat="37.193660" lon="128.813390" sectionIndex="0" pointIndex="2043" originalElevation="1108.0" isOriginalElevationFromOSM="false" isAnchor="false"><ele>1112.8</ele></trkpt>
<trkpt lat="37.193770" lon="128.813460" sectionIndex="0" pointIndex="2044" originalElevation="1108.0" isOriginalElevationFromOSM="false" isAnchor="false"><ele>1113.3</ele></trkpt>
<trkpt lat="37.193950" lon="128.813400" sectionIndex="0" pointIndex="2045" originalElevation="1108.0" isOriginalElevationFromOSM="false" isAnchor="false"><ele>1113.9</ele></trkpt>
<trkpt lat="37.194070" lon="128.813480" sectionIndex="0" pointIndex="2046" originalElevation="1113.0" isOriginalElevationFromOSM="false" isAnchor="false"><ele>1114.6</ele></trkpt>
<trkpt lat="37.194190" lon="128.813410" sectionIndex="0" pointIndex="2047" originalElevation="1113.0" isOriginalElevationFromOSM="false" isAnchor="false"><ele>1115.4</ele></trkpt>
<trkpt lat="37.194240" lon="128.813240" sectionIndex="0" pointIndex="2048" originalElevation="1113.0" isOriginalElevationFromOSM="false" isAnchor="false"><ele>1116.4</ele></trkpt>
<trkpt lat="37.194280" lon="128.813190" sectionIndex="0" pointIndex="2049" originalElevation="1113.0" isOriginalElevationFromOSM="false" isAnchor="false"><ele>1117.6</ele></trkpt>
<trkpt lat="37.194380" lon="128.813210" sectionIndex="0" pointIndex="2050" originalElevation="1113.0" isOriginalElevationFromOSM="false" isAnchor="false"><ele>1118.9</ele></trkpt>
<trkpt lat="37.194400" lon="128.813090" sectionIndex="0" pointIndex="2051" originalElevation="1113.0" isOriginalElevationFromOSM="false" isAnchor="false"><ele>1120.2</ele></trkpt>
<trkpt lat="37.194490" lon="128.812940" sectionIndex="0" pointIndex="2052" originalElevation="1113.0" isOriginalElevationFromOSM="false" isAnchor="false"><ele>1121.8</ele></trkpt>
<trkpt lat="37.194560" lon="128.813000" sectionIndex="0" pointIndex="2053" originalElevation="1113.0" isOriginalElevationFromOSM="false" isAnchor="false"><ele>1123.4</ele></trkpt>
<trkpt lat="37.194640" lon="128.812900" sectionIndex="0" pointIndex="2054" originalElevation="1113.0" isOriginalElevationFromOSM="false" isAnchor="false"><ele>1125.3</ele></trkpt>
<trkpt lat="37.194700" lon="128.813050" sectionIndex="0" pointIndex="2055" originalElevation="1113.0" isOriginalElevationFromOSM="false" isAnchor="false"><ele>1127.5</ele></trkpt>
<trkpt lat="37.194850" lon="128.813210" sectionIndex="0" pointIndex="2056" originalElevation="1141.0" isOriginalElevationFromOSM="false" isAnchor="false"><ele>1129.4</ele></trkpt>
<trkpt lat="37.194870" lon="128.813060" sectionIndex="0" pointIndex="2057" originalElevation="1141.0" isOriginalElevationFromOSM="false" isAnchor="false"><ele>1131.5</ele></trkpt>
<trkpt lat="37.194920" lon="128.812940" sectionIndex="0" pointIndex="2058" originalElevation="1141.0" isOriginalElevationFromOSM="false" isAnchor="false"><ele>1133.6</ele></trkpt>
<trkpt lat="37.195030" lon="128.812920" sectionIndex="0" pointIndex="2059" originalElevation="1141.0" isOriginalElevationFromOSM="false" isAnchor="false"><ele>1135.7</ele></trkpt>
<trkpt lat="37.195160" lon="128.812960" sectionIndex="0" pointIndex="2060" originalElevation="1141.0" isOriginalElevationFromOSM="false" isAnchor="false"><ele>1137.7</ele></trkpt>
<trkpt lat="37.195380" lon="128.812990" sectionIndex="0" pointIndex="2061" originalElevation="1141.0" isOriginalElevationFromOSM="false" isAnchor="false"><ele>1139.6</ele></trkpt>
<trkpt lat="37.195640" lon="128.813160" sectionIndex="0" pointIndex="2062" originalElevation="1141.0" isOriginalElevationFromOSM="false" isAnchor="false"><ele>1141.4</ele></trkpt>
<trkpt lat="37.195760" lon="128.813160" sectionIndex="0" pointIndex="2063" originalElevation="1151.0" isOriginalElevationFromOSM="false" isAnchor="false"><ele>1143.1</ele></trkpt>
<trkpt lat="37.195860" lon="128.813140" sectionIndex="0" pointIndex="2064" originalElevation="1151.0" isOriginalElevationFromOSM="false" isAnchor="false"><ele>1144.6</ele></trkpt>
<trkpt lat="37.195990" lon="128.813240" sectionIndex="0" pointIndex="2065" originalElevation="1151.0" isOriginalElevationFromOSM="false" isAnchor="false"><ele>1146.0</ele></trkpt>
<trkpt lat="37.196140" lon="128.813240" sectionIndex="0" pointIndex="2066" originalElevation="1151.0" isOriginalElevationFromOSM="false" isAnchor="false"><ele>1147.3</ele></trkpt>
<trkpt lat="37.196460" lon="128.813490" sectionIndex="0" pointIndex="2067" originalElevation="1173.0" isOriginalElevationFromOSM="false" isAnchor="false"><ele>1148.4</ele></trkpt>
<trkpt lat="37.196590" lon="128.813690" sectionIndex="0" pointIndex="2068" originalElevation="1139.0" isOriginalElevationFromOSM="false" isAnchor="false"><ele>1149.2</ele></trkpt>
<trkpt lat="37.196660" lon="128.813970" sectionIndex="0" pointIndex="2069" originalElevation="1139.0" isOriginalElevationFromOSM="false" isAnchor="false"><ele>1150.2</ele></trkpt>
<trkpt lat="37.196500" lon="128.814730" sectionIndex="0" pointIndex="2070" originalElevation="1174.0" isOriginalElevationFromOSM="false" isAnchor="false"><ele>1151.0</ele></trkpt>
<trkpt lat="37.196540" lon="128.815060" sectionIndex="0" pointIndex="2071" originalElevation="1129.0" isOriginalElevationFromOSM="false" isAnchor="false"><ele>1151.7</ele></trkpt>
<trkpt lat="37.196310" lon="128.815350" sectionIndex="0" pointIndex="2072" originalElevation="1158.0" isOriginalElevationFromOSM="false" isAnchor="false"><ele>1152.1</ele></trkpt>
<trkpt lat="37.196180" lon="128.815470" sectionIndex="0" pointIndex="2073" originalElevation="1158.0" isOriginalElevationFromOSM="false" isAnchor="false"><ele>1152.5</ele></trkpt>
<trkpt lat="37.196070" lon="128.815720" sectionIndex="0" pointIndex="2074" originalElevation="1158.0" isOriginalElevationFromOSM="false" isAnchor="false"><ele>1152.7</ele></trkpt>
<trkpt lat="37.195990" lon="128.815700" sectionIndex="0" pointIndex="2075" originalElevation="1158.0" isOriginalElevationFromOSM="false" isAnchor="false"><ele>1152.9</ele></trkpt>
<trkpt lat="37.195930" lon="128.815860" sectionIndex="0" pointIndex="2076" originalElevation="1158.0" isOriginalElevationFromOSM="false" isAnchor="false"><ele>1153.0</ele></trkpt>
<trkpt lat="37.195910" lon="128.816010" sectionIndex="0" pointIndex="2077" originalElevation="1150.0" isOriginalElevationFromOSM="false" isAnchor="false"><ele>1152.9</ele></trkpt>
<trkpt lat="37.195790" lon="128.816220" sectionIndex="0" pointIndex="2078" originalElevation="1150.0" isOriginalElevationFromOSM="false" isAnchor="false"><ele>1152.8</ele></trkpt>
<trkpt lat="37.195820" lon="128.816970" sectionIndex="0" pointIndex="2079" originalElevation="1155.0" isOriginalElevationFromOSM="false" isAnchor="false"><ele>1152.5</ele></trkpt>
<trkpt lat="37.195860" lon="128.817100" sectionIndex="0" pointIndex="2080" originalElevation="1155.0" isOriginalElevationFromOSM="false" isAnchor="false"><ele>1152.3</ele></trkpt>
<trkpt lat="37.196190" lon="128.817510" sectionIndex="0" pointIndex="2081" originalElevation="1155.0" isOriginalElevationFromOSM="false" isAnchor="false"><ele>1152.0</ele></trkpt>
<trkpt lat="37.196540" lon="128.817550" sectionIndex="0" pointIndex="2082" originalElevation="1136.0" isOriginalElevationFromOSM="false" isAnchor="false"><ele>1151.6</ele></trkpt>
<trkpt lat="37.196650" lon="128.817650" sectionIndex="0" pointIndex="2083" originalElevation="1136.0" isOriginalElevationFromOSM="false" isAnchor="false"><ele>1151.0</ele></trkpt>
<trkpt lat="37.196970" lon="128.817710" sectionIndex="0" pointIndex="2084" originalElevation="1169.0" isOriginalElevationFromOSM="false" isAnchor="false"><ele>1150.4</ele></trkpt>
<trkpt lat="37.197170" lon="128.817690" sectionIndex="0" pointIndex="2085" originalElevation="1169.0" isOriginalElevationFromOSM="false" isAnchor="false"><ele>1149.8</ele></trkpt>
<trkpt lat="37.197270" lon="128.817910" sectionIndex="0" pointIndex="2086" originalElevation="1169.0" isOriginalElevationFromOSM="false" isAnchor="false"><ele>1148.7</ele></trkpt>
<trkpt lat="37.197320" lon="128.817980" sectionIndex="0" pointIndex="2087" originalElevation="1154.5" isOriginalElevationFromOSM="false" isAnchor="false"><ele>1147.9</ele></trkpt>
<trkpt lat="37.197320" lon="128.817980" sectionIndex="0" pointIndex="2088" originalElevation="1154.5" isOriginalElevationFromOSM="false" isAnchor="false"><ele>1146.8</ele></trkpt>
<trkpt lat="37.197580" lon="128.818290" sectionIndex="0" pointIndex="2089" originalElevation="1140.0" isOriginalElevationFromOSM="false" isAnchor="false"><ele>1145.6</ele></trkpt>
<trkpt lat="37.197640" lon="128.818410" sectionIndex="0" pointIndex="2090" originalElevation="1140.0" isOriginalElevationFromOSM="false" isAnchor="false"><ele>1144.3</ele></trkpt>
<trkpt lat="37.197830" lon="128.818480" sectionIndex="0" pointIndex="2091" originalElevation="1140.0" isOriginalElevationFromOSM="false" isAnchor="false"><ele>1143.0</ele></trkpt>
<trkpt lat="37.198260" lon="128.818320" sectionIndex="0" pointIndex="2092" originalElevation="1131.0" isOriginalElevationFromOSM="false" isAnchor="false"><ele>1141.7</ele></trkpt>
<trkpt lat="37.198450" lon="128.818280" sectionIndex="0" pointIndex="2093" originalElevation="1131.0" isOriginalElevationFromOSM="false" isAnchor="false"><ele>1140.1</ele></trkpt>
<trkpt lat="37.198770" lon="128.818450" sectionIndex="0" pointIndex="2094" originalElevation="1131.0" isOriginalElevationFromOSM="false" isAnchor="false"><ele>1138.6</ele></trkpt>
<trkpt lat="37.199090" lon="128.818540" sectionIndex="0" pointIndex="2095" originalElevation="1147.0" isOriginalElevationFromOSM="false" isAnchor="false"><ele>1137.0</ele></trkpt>
<trkpt lat="37.199160" lon="128.818540" sectionIndex="0" pointIndex="2096" originalElevation="1147.0" isOriginalElevationFromOSM="false" isAnchor="false"><ele>1135.3</ele></trkpt>
<trkpt lat="37.199190" lon="128.818590" sectionIndex="0" pointIndex="2097" originalElevation="1147.0" isOriginalElevationFromOSM="false" isAnchor="false"><ele>1133.3</ele></trkpt>
<trkpt lat="37.199240" lon="128.818600" sectionIndex="0" pointIndex="2098" originalElevation="1147.0" isOriginalElevationFromOSM="false" isAnchor="false"><ele>1131.4</ele></trkpt>
<trkpt lat="37.199240" lon="128.818330" sectionIndex="0" pointIndex="2099" originalElevation="1122.0" isOriginalElevationFromOSM="false" isAnchor="false"><ele>1129.3</ele></trkpt>
<trkpt lat="37.199300" lon="128.818340" sectionIndex="0" pointIndex="2100" originalElevation="1122.0" isOriginalElevationFromOSM="false" isAnchor="false"><ele>1127.0</ele></trkpt>
<trkpt lat="37.199270" lon="128.818190" sectionIndex="0" pointIndex="2101" originalElevation="1122.0" isOriginalElevationFromOSM="false" isAnchor="false"><ele>1124.5</ele></trkpt>
<trkpt lat="37.199310" lon="128.818160" sectionIndex="0" pointIndex="2102" originalElevation="1122.0" isOriginalElevationFromOSM="false" isAnchor="false"><ele>1121.9</ele></trkpt>
<trkpt lat="37.199490" lon="128.818280" sectionIndex="0" pointIndex="2103" originalElevation="1122.0" isOriginalElevationFromOSM="false" isAnchor="false"><ele>1119.2</ele></trkpt>
<trkpt lat="37.199640" lon="128.818440" sectionIndex="0" pointIndex="2104" originalElevation="1122.0" isOriginalElevationFromOSM="false" isAnchor="false"><ele>1116.5</ele></trkpt>
<trkpt lat="37.199600" lon="128.818170" sectionIndex="0" pointIndex="2105" originalElevation="1122.0" isOriginalElevationFromOSM="false" isAnchor="false"><ele>1113.7</ele></trkpt>
<trkpt lat="37.199710" lon="128.818140" sectionIndex="0" pointIndex="2106" originalElevation="1122.0" isOriginalElevationFromOSM="false" isAnchor="false"><ele>1110.8</ele></trkpt>
<trkpt lat="37.199680" lon="128.818030" sectionIndex="0" pointIndex="2107" originalElevation="1122.0" isOriginalElevationFromOSM="false" isAnchor="false"><ele>1107.8</ele></trkpt>
<trkpt lat="37.200070" lon="128.818010" sectionIndex="0" pointIndex="2108" originalElevation="1094.0" isOriginalElevationFromOSM="false" isAnchor="false"><ele>1104.9</ele></trkpt>
<trkpt lat="37.200330" lon="128.818510" sectionIndex="0" pointIndex="2109" originalElevation="1108.0" isOriginalElevationFromOSM="false" isAnchor="false"><ele>1101.9</ele></trkpt>
<trkpt lat="37.200410" lon="128.818610" sectionIndex="0" pointIndex="2110" originalElevation="1108.0" isOriginalElevationFromOSM="false" isAnchor="false"><ele>1098.7</ele></trkpt>
<trkpt lat="37.200550" lon="128.818650" sectionIndex="0" pointIndex="2111" originalElevation="1108.0" isOriginalElevationFromOSM="false" isAnchor="false"><ele>1095.4</ele></trkpt>
<trkpt lat="37.200700" lon="128.818610" sectionIndex="0" pointIndex="2112" originalElevation="1077.0" isOriginalElevationFromOSM="false" isAnchor="false"><ele>1092.1</ele></trkpt>
<trkpt lat="37.200900" lon="128.818720" sectionIndex="0" pointIndex="2113" originalElevation="1077.0" isOriginalElevationFromOSM="false" isAnchor="false"><ele>1088.8</ele></trkpt>
<trkpt lat="37.201010" lon="128.818920" sectionIndex="0" pointIndex="2114" originalElevation="1077.0" isOriginalElevationFromOSM="false" isAnchor="false"><ele>1085.7</ele></trkpt>
<trkpt lat="37.201030" lon="128.818980" sectionIndex="0" pointIndex="2115" originalElevation="1077.0" isOriginalElevationFromOSM="false" isAnchor="false"><ele>1082.8</ele></trkpt>
<trkpt lat="37.201410" lon="128.819180" sectionIndex="0" pointIndex="2116" originalElevation="1077.0" isOriginalElevationFromOSM="false" isAnchor="false"><ele>1079.9</ele></trkpt>
<trkpt lat="37.201700" lon="128.819520" sectionIndex="0" pointIndex="2117" originalElevation="1062.0" isOriginalElevationFromOSM="false" isAnchor="false"><ele>1077.1</ele></trkpt>
<trkpt lat="37.201850" lon="128.819960" sectionIndex="0" pointIndex="2118" originalElevation="1062.0" isOriginalElevationFromOSM="false" isAnchor="false"><ele>1074.4</ele></trkpt>
<trkpt lat="37.201890" lon="128.820220" sectionIndex="0" pointIndex="2119" originalElevation="1070.0" isOriginalElevationFromOSM="false" isAnchor="false"><ele>1071.8</ele></trkpt>
<trkpt lat="37.201980" lon="128.820460" sectionIndex="0" pointIndex="2120" originalElevation="1070.0" isOriginalElevationFromOSM="false" isAnchor="false"><ele>1069.3</ele></trkpt>
<trkpt lat="37.202000" lon="128.820730" sectionIndex="0" pointIndex="2121" originalElevation="1070.0" isOriginalElevationFromOSM="false" isAnchor="false"><ele>1066.9</ele></trkpt>
<trkpt lat="37.202000" lon="128.820960" sectionIndex="0" pointIndex="2122" originalElevation="1070.0" isOriginalElevationFromOSM="false" isAnchor="false"><ele>1064.7</ele></trkpt>
<trkpt lat="37.202060" lon="128.821380" sectionIndex="0" pointIndex="2123" originalElevation="1075.0" isOriginalElevationFromOSM="false" isAnchor="false"><ele>1062.5</ele></trkpt>
<trkpt lat="37.202120" lon="128.821540" sectionIndex="0" pointIndex="2124" originalElevation="1075.0" isOriginalElevationFromOSM="false" isAnchor="false"><ele>1060.6</ele></trkpt>
<trkpt lat="37.202390" lon="128.821660" sectionIndex="0" pointIndex="2125" originalElevation="1047.0" isOriginalElevationFromOSM="false" isAnchor="false"><ele>1058.7</ele></trkpt>
<trkpt lat="37.202520" lon="128.821750" sectionIndex="0" pointIndex="2126" originalElevation="1047.0" isOriginalElevationFromOSM="false" isAnchor="false"><ele>1056.9</ele></trkpt>
<trkpt lat="37.202620" lon="128.821740" sectionIndex="0" pointIndex="2127" originalElevation="1047.0" isOriginalElevationFromOSM="false" isAnchor="false"><ele>1055.3</ele></trkpt>
<trkpt lat="37.202620" lon="128.821740" sectionIndex="0" pointIndex="2128" originalElevation="1047.0" isOriginalElevationFromOSM="false" isAnchor="false"><ele>1053.9</ele></trkpt>
<trkpt lat="37.202640" lon="128.821660" sectionIndex="0" pointIndex="2129" originalElevation="1047.0" isOriginalElevationFromOSM="false" isAnchor="false"><ele>1052.6</ele></trkpt>
<trkpt lat="37.202580" lon="128.821370" sectionIndex="0" pointIndex="2130" originalElevation="1047.0" isOriginalElevationFromOSM="false" isAnchor="false"><ele>1051.4</ele></trkpt>
<trkpt lat="37.202550" lon="128.821000" sectionIndex="0" pointIndex="2131" originalElevation="1047.0" isOriginalElevationFromOSM="false" isAnchor="false"><ele>1050.3</ele></trkpt>
<trkpt lat="37.202590" lon="128.820520" sectionIndex="0" pointIndex="2132" originalElevation="1044.0" isOriginalElevationFromOSM="false" isAnchor="false"><ele>1049.3</ele></trkpt>
<trkpt lat="37.202650" lon="128.820340" sectionIndex="0" pointIndex="2133" originalElevation="1044.0" isOriginalElevationFromOSM="false" isAnchor="false"><ele>1048.5</ele></trkpt>
<trkpt lat="37.202700" lon="128.820290" sectionIndex="0" pointIndex="2134" originalElevation="1044.0" isOriginalElevationFromOSM="false" isAnchor="false"><ele>1047.9</ele></trkpt>
<trkpt lat="37.202900" lon="128.820510" sectionIndex="0" pointIndex="2135" originalElevation="1044.0" isOriginalElevationFromOSM="false" isAnchor="false"><ele>1047.2</ele></trkpt>
<trkpt lat="37.203050" lon="128.820710" sectionIndex="0" pointIndex="2136" originalElevation="1044.0" isOriginalElevationFromOSM="false" isAnchor="false"><ele>1046.5</ele></trkpt>
<trkpt lat="37.203050" lon="128.820810" sectionIndex="0" pointIndex="2137" originalElevation="1044.0" isOriginalElevationFromOSM="false" isAnchor="false"><ele>1045.9</ele></trkpt>
<trkpt lat="37.203000" lon="128.820890" sectionIndex="0" pointIndex="2138" originalElevation="1044.0" isOriginalElevationFromOSM="false" isAnchor="false"><ele>1045.2</ele></trkpt>
<trkpt lat="37.202950" lon="128.821300" sectionIndex="0" pointIndex="2139" originalElevation="1047.0" isOriginalElevationFromOSM="false" isAnchor="false"><ele>1044.6</ele></trkpt>
<trkpt lat="37.202980" lon="128.821460" sectionIndex="0" pointIndex="2140" originalElevation="1047.0" isOriginalElevationFromOSM="false" isAnchor="false"><ele>1043.9</ele></trkpt>
<trkpt lat="37.203050" lon="128.821590" sectionIndex="0" pointIndex="2141" originalElevation="1047.0" isOriginalElevationFromOSM="false" isAnchor="false"><ele>1043.3</ele></trkpt>
<trkpt lat="37.203120" lon="128.821690" sectionIndex="0" pointIndex="2142" originalElevation="1047.0" isOriginalElevationFromOSM="false" isAnchor="false"><ele>1042.7</ele></trkpt>
<trkpt lat="37.203170" lon="128.821850" sectionIndex="0" pointIndex="2143" originalElevation="1045.0" isOriginalElevationFromOSM="false" isAnchor="false"><ele>1042.0</ele></trkpt>
<trkpt lat="37.203280" lon="128.821980" sectionIndex="0" pointIndex="2144" originalElevation="1045.0" isOriginalElevationFromOSM="false" isAnchor="false"><ele>1041.1</ele></trkpt>
<trkpt lat="37.203390" lon="128.821960" sectionIndex="0" pointIndex="2145" originalElevation="1045.0" isOriginalElevationFromOSM="false" isAnchor="false"><ele>1040.2</ele></trkpt>
<trkpt lat="37.203480" lon="128.821950" sectionIndex="0" pointIndex="2146" originalElevation="1045.0" isOriginalElevationFromOSM="false" isAnchor="false"><ele>1039.1</ele></trkpt>
<trkpt lat="37.203570" lon="128.822030" sectionIndex="0" pointIndex="2147" originalElevation="1045.0" isOriginalElevationFromOSM="false" isAnchor="false"><ele>1037.8</ele></trkpt>
<trkpt lat="37.203670" lon="128.822080" sectionIndex="0" pointIndex="2148" originalElevation="1045.0" isOriginalElevationFromOSM="false" isAnchor="false"><ele>1036.3</ele></trkpt>
<trkpt lat="37.203740" lon="128.822100" sectionIndex="0" pointIndex="2149" originalElevation="1045.0" isOriginalElevationFromOSM="false" isAnchor="false"><ele>1034.7</ele></trkpt>
<trkpt lat="37.203930" lon="128.822080" sectionIndex="0" pointIndex="2150" originalElevation="1045.0" isOriginalElevationFromOSM="false" isAnchor="false"><ele>1032.9</ele></trkpt>
<trkpt lat="37.204120" lon="128.822170" sectionIndex="0" pointIndex="2151" originalElevation="1022.0" isOriginalElevationFromOSM="false" isAnchor="false"><ele>1031.1</ele></trkpt>
<trkpt lat="37.204120" lon="128.822170" sectionIndex="0" pointIndex="2152" originalElevation="1022.0" isOriginalElevationFromOSM="false" isAnchor="false"><ele>1029.1</ele></trkpt>
<trkpt lat="37.204280" lon="128.822140" sectionIndex="0" pointIndex="2153" originalElevation="1022.0" isOriginalElevationFromOSM="false" isAnchor="false"><ele>1027.1</ele></trkpt>
<trkpt lat="37.204470" lon="128.822080" sectionIndex="0" pointIndex="2154" originalElevation="1022.0" isOriginalElevationFromOSM="false" isAnchor="false"><ele>1025.0</ele></trkpt>
<trkpt lat="37.204650" lon="128.822160" sectionIndex="0" pointIndex="2155" originalElevation="1022.0" isOriginalElevationFromOSM="false" isAnchor="false"><ele>1022.6</ele></trkpt>
<trkpt lat="37.204680" lon="128.822250" sectionIndex="0" pointIndex="2156" originalElevation="1022.0" isOriginalElevationFromOSM="false" isAnchor="false"><ele>1020.1</ele></trkpt>
<trkpt lat="37.204650" lon="128.822490" sectionIndex="0" pointIndex="2157" originalElevation="1022.0" isOriginalElevationFromOSM="false" isAnchor="false"><ele>1017.5</ele></trkpt>
<trkpt lat="37.204750" lon="128.822440" sectionIndex="0" pointIndex="2158" originalElevation="1022.0" isOriginalElevationFromOSM="false" isAnchor="false"><ele>1014.9</ele></trkpt>
<trkpt lat="37.204820" lon="128.822410" sectionIndex="0" pointIndex="2159" originalElevation="1022.0" isOriginalElevationFromOSM="false" isAnchor="false"><ele>1012.0</ele></trkpt>
<trkpt lat="37.204760" lon="128.822590" sectionIndex="0" pointIndex="2160" originalElevation="1022.0" isOriginalElevationFromOSM="false" isAnchor="false"><ele>1009.1</ele></trkpt>
<trkpt lat="37.204810" lon="128.822650" sectionIndex="0" pointIndex="2161" originalElevation="1022.0" isOriginalElevationFromOSM="false" isAnchor="false"><ele>1006.1</ele></trkpt>
<trkpt lat="37.205120" lon="128.822490" sectionIndex="0" pointIndex="2162" originalElevation="991.0" isOriginalElevationFromOSM="false" isAnchor="false"><ele>1002.9</ele></trkpt>
<trkpt lat="37.205270" lon="128.822510" sectionIndex="0" pointIndex="2163" originalElevation="991.0" isOriginalElevationFromOSM="false" isAnchor="false"><ele>999.6</ele></trkpt>
<trkpt lat="37.205280" lon="128.822640" sectionIndex="0" pointIndex="2164" originalElevation="991.0" isOriginalElevationFromOSM="false" isAnchor="false"><ele>996.2</ele></trkpt>
<trkpt lat="37.205270" lon="128.822710" sectionIndex="0" pointIndex="2165" originalElevation="994.0" isOriginalElevationFromOSM="false" isAnchor="false"><ele>992.6</ele></trkpt>
<trkpt lat="37.205310" lon="128.822970" sectionIndex="0" pointIndex="2166" originalElevation="994.0" isOriginalElevationFromOSM="false" isAnchor="false"><ele>989.0</ele></trkpt>
<trkpt lat="37.205440" lon="128.823260" sectionIndex="0" pointIndex="2167" originalElevation="994.0" isOriginalElevationFromOSM="false" isAnchor="false"><ele>985.5</ele></trkpt>
<trkpt lat="37.205530" lon="128.823370" sectionIndex="0" pointIndex="2168" originalElevation="994.0" isOriginalElevationFromOSM="false" isAnchor="false"><ele>981.8</ele></trkpt>
<trkpt lat="37.205610" lon="128.823450" sectionIndex="0" pointIndex="2169" originalElevation="994.0" isOriginalElevationFromOSM="false" isAnchor="false"><ele>978.1</ele></trkpt>
<trkpt lat="37.205670" lon="128.823470" sectionIndex="0" pointIndex="2170" originalElevation="965.0" isOriginalElevationFromOSM="false" isAnchor="false"><ele>974.4</ele></trkpt>
<trkpt lat="37.205840" lon="128.823430" sectionIndex="0" pointIndex="2171" originalElevation="965.0" isOriginalElevationFromOSM="false" isAnchor="false"><ele>970.7</ele></trkpt>
<trkpt lat="37.206060" lon="128.823250" sectionIndex="0" pointIndex="2172" originalElevation="965.0" isOriginalElevationFromOSM="false" isAnchor="false"><ele>967.2</ele></trkpt>
<trkpt lat="37.206270" lon="128.823270" sectionIndex="0" pointIndex="2173" originalElevation="965.0" isOriginalElevationFromOSM="false" isAnchor="false"><ele>963.7</ele></trkpt>
<trkpt lat="37.206510" lon="128.823190" sectionIndex="0" pointIndex="2174" originalElevation="951.0" isOriginalElevationFromOSM="false" isAnchor="false"><ele>960.4</ele></trkpt>
<trkpt lat="37.207010" lon="128.823100" sectionIndex="0" pointIndex="2175" originalElevation="951.0" isOriginalElevationFromOSM="false" isAnchor="false"><ele>957.3</ele></trkpt>
<trkpt lat="37.207080" lon="128.823070" sectionIndex="0" pointIndex="2176" originalElevation="951.0" isOriginalElevationFromOSM="false" isAnchor="false"><ele>954.3</ele></trkpt>
<trkpt lat="37.207150" lon="128.823170" sectionIndex="0" pointIndex="2177" originalElevation="951.0" isOriginalElevationFromOSM="false" isAnchor="false"><ele>951.6</ele></trkpt>
<trkpt lat="37.207150" lon="128.823170" sectionIndex="0" pointIndex="2178" originalElevation="932.0" isOriginalElevationFromOSM="false" isAnchor="false"><ele>949.4</ele></trkpt>
<trkpt lat="37.207192" lon="128.823189" sectionIndex="0" pointIndex="2179" originalElevation="932.0" isOriginalElevationFromOSM="false" isAnchor="false"><ele>947.4</ele></trkpt>
<trkpt lat="37.207235" lon="128.823208" sectionIndex="0" pointIndex="2180" originalElevation="932.0" isOriginalElevationFromOSM="false" isAnchor="false"><ele>945.6</ele></trkpt>
<trkpt lat="37.207277" lon="128.823226" sectionIndex="0" pointIndex="2181" originalElevation="932.0" isOriginalElevationFromOSM="false" isAnchor="false"><ele>944.1</ele></trkpt>
<trkpt lat="37.207320" lon="128.823245" sectionIndex="0" pointIndex="2182" originalElevation="932.0" isOriginalElevationFromOSM="false" isAnchor="false"><ele>942.9</ele></trkpt>
<trkpt lat="37.207362" lon="128.823264" sectionIndex="0" pointIndex="2183" originalElevation="932.0" isOriginalElevationFromOSM="false" isAnchor="false"><ele>942.0</ele></trkpt>
<trkpt lat="37.207404" lon="128.823283" sectionIndex="0" pointIndex="2184" originalElevation="932.0" isOriginalElevationFromOSM="false" isAnchor="false"><ele>941.3</ele></trkpt>
<trkpt lat="37.207447" lon="128.823302" sectionIndex="0" pointIndex="2185" originalElevation="932.0" isOriginalElevationFromOSM="false" isAnchor="false"><ele>940.8</ele></trkpt>
<trkpt lat="37.207489" lon="128.823321" sectionIndex="0" pointIndex="2186" originalElevation="932.0" isOriginalElevationFromOSM="false" isAnchor="false"><ele>940.7</ele></trkpt>
<trkpt lat="37.207532" lon="128.823339" sectionIndex="0" pointIndex="2187" originalElevation="945.0" isOriginalElevationFromOSM="false" isAnchor="false"><ele>940.7</ele></trkpt>
<trkpt lat="37.207574" lon="128.823358" sectionIndex="0" pointIndex="2188" originalElevation="945.0" isOriginalElevationFromOSM="false" isAnchor="false"><ele>940.9</ele></trkpt>
<trkpt lat="37.207616" lon="128.823377" sectionIndex="0" pointIndex="2189" originalElevation="945.0" isOriginalElevationFromOSM="false" isAnchor="false"><ele>941.1</ele></trkpt>
<trkpt lat="37.207659" lon="128.823396" sectionIndex="0" pointIndex="2190" originalElevation="945.0" isOriginalElevationFromOSM="false" isAnchor="false"><ele>941.5</ele></trkpt>
<trkpt lat="37.207701" lon="128.823415" sectionIndex="0" pointIndex="2191" originalElevation="945.0" isOriginalElevationFromOSM="false" isAnchor="false"><ele>941.9</ele></trkpt>
<trkpt lat="37.207744" lon="128.823433" sectionIndex="0" pointIndex="2192" originalElevation="945.0" isOriginalElevationFromOSM="false" isAnchor="false"><ele>942.3</ele></trkpt>
<trkpt lat="37.207786" lon="128.823452" sectionIndex="0" pointIndex="2193" originalElevation="945.0" isOriginalElevationFromOSM="false" isAnchor="false"><ele>942.7</ele></trkpt>
<trkpt lat="37.207828" lon="128.823471" sectionIndex="0" pointIndex="2194" originalElevation="945.0" isOriginalElevationFromOSM="false" isAnchor="false"><ele>943.2</ele></trkpt>
<trkpt lat="37.207863" lon="128.823486" sectionIndex="0" pointIndex="2195" originalElevation="945.0" isOriginalElevationFromOSM="false" isAnchor="false"><ele>943.7</ele></trkpt>
<trkpt lat="37.207863" lon="128.823486" sectionIndex="0" pointIndex="2196" originalElevation="945.0" isOriginalElevationFromOSM="false" isAnchor="false"><ele>944.2</ele></trkpt>
<trkpt lat="37.207867" lon="128.823543" sectionIndex="0" pointIndex="2197" originalElevation="945.0" isOriginalElevationFromOSM="false" isAnchor="false"><ele>944.7</ele></trkpt>
<trkpt lat="37.207871" lon="128.823599" sectionIndex="0" pointIndex="2198" originalElevation="945.0" isOriginalElevationFromOSM="false" isAnchor="false"><ele>945.1</ele></trkpt>
<trkpt lat="37.207875" lon="128.823655" sectionIndex="0" pointIndex="2199" originalElevation="945.0" isOriginalElevationFromOSM="false" isAnchor="false"><ele>945.6</ele></trkpt>
<trkpt lat="37.207879" lon="128.823711" sectionIndex="0" pointIndex="2200" originalElevation="945.0" isOriginalElevationFromOSM="false" isAnchor="false"><ele>946.0</ele></trkpt>
<trkpt lat="37.207882" lon="128.823768" sectionIndex="0" pointIndex="2201" originalElevation="945.0" isOriginalElevationFromOSM="false" isAnchor="false"><ele>946.5</ele></trkpt>
<trkpt lat="37.207886" lon="128.823824" sectionIndex="0" pointIndex="2202" originalElevation="945.0" isOriginalElevationFromOSM="false" isAnchor="false"><ele>947.0</ele></trkpt>
<trkpt lat="37.207890" lon="128.823880" sectionIndex="0" pointIndex="2203" originalElevation="945.0" isOriginalElevationFromOSM="false" isAnchor="false"><ele>947.4</ele></trkpt>
<trkpt lat="37.207894" lon="128.823936" sectionIndex="0" pointIndex="2204" originalElevation="945.0" isOriginalElevationFromOSM="false" isAnchor="false"><ele>947.9</ele></trkpt>
<trkpt lat="37.207898" lon="128.823992" sectionIndex="0" pointIndex="2205" originalElevation="945.0" isOriginalElevationFromOSM="false" isAnchor="false"><ele>948.4</ele></trkpt>
<trkpt lat="37.207902" lon="128.824049" sectionIndex="0" pointIndex="2206" originalElevation="945.0" isOriginalElevationFromOSM="false" isAnchor="false"><ele>949.0</ele></trkpt>
<trkpt lat="37.207906" lon="128.824105" sectionIndex="0" pointIndex="2207" originalElevation="945.0" isOriginalElevationFromOSM="false" isAnchor="false"><ele>949.6</ele></trkpt>
<trkpt lat="37.207910" lon="128.824161" sectionIndex="0" pointIndex="2208" originalElevation="945.0" isOriginalElevationFromOSM="false" isAnchor="false"><ele>950.2</ele></trkpt>
<trkpt lat="37.207914" lon="128.824217" sectionIndex="0" pointIndex="2209" originalElevation="956.0" isOriginalElevationFromOSM="false" isAnchor="false"><ele>950.8</ele></trkpt>
<trkpt lat="37.207918" lon="128.824274" sectionIndex="0" pointIndex="2210" originalElevation="956.0" isOriginalElevationFromOSM="false" isAnchor="false"><ele>951.4</ele></trkpt>
<trkpt lat="37.207922" lon="128.824330" sectionIndex="0" pointIndex="2211" originalElevation="956.0" isOriginalElevationFromOSM="false" isAnchor="false"><ele>952.0</ele></trkpt>
<trkpt lat="37.207924" lon="128.824354" sectionIndex="0" pointIndex="2212" originalElevation="956.0" isOriginalElevationFromOSM="false" isAnchor="false"><ele>952.5</ele></trkpt>
<trkpt lat="37.207924" lon="128.824354" sectionIndex="0" pointIndex="2213" originalElevation="956.0" isOriginalElevationFromOSM="false" isAnchor="false"><ele>953.1</ele></trkpt>
<trkpt lat="37.207943" lon="128.824405" sectionIndex="0" pointIndex="2214" originalElevation="956.0" isOriginalElevationFromOSM="false" isAnchor="false"><ele>953.5</ele></trkpt>
<trkpt lat="37.207961" lon="128.824457" sectionIndex="0" pointIndex="2215" originalElevation="956.0" isOriginalElevationFromOSM="false" isAnchor="false"><ele>954.0</ele></trkpt>
<trkpt lat="37.207980" lon="128.824508" sectionIndex="0" pointIndex="2216" originalElevation="956.0" isOriginalElevationFromOSM="false" isAnchor="false"><ele>954.3</ele></trkpt>
<trkpt lat="37.207998" lon="128.824560" sectionIndex="0" pointIndex="2217" originalElevation="956.0" isOriginalElevationFromOSM="false" isAnchor="false"><ele>954.6</ele></trkpt>
<trkpt lat="37.208017" lon="128.824611" sectionIndex="0" pointIndex="2218" originalElevation="956.0" isOriginalElevationFromOSM="false" isAnchor="false"><ele>954.9</ele></trkpt>
<trkpt lat="37.208035" lon="128.824662" sectionIndex="0" pointIndex="2219" originalElevation="956.0" isOriginalElevationFromOSM="false" isAnchor="false"><ele>955.1</ele></trkpt>
<trkpt lat="37.208054" lon="128.824714" sectionIndex="0" pointIndex="2220" originalElevation="956.0" isOriginalElevationFromOSM="false" isAnchor="false"><ele>955.3</ele></trkpt>
<trkpt lat="37.208073" lon="128.824765" sectionIndex="0" pointIndex="2221" originalElevation="956.0" isOriginalElevationFromOSM="false" isAnchor="false"><ele>955.4</ele></trkpt>
<trkpt lat="37.208091" lon="128.824817" sectionIndex="0" pointIndex="2222" originalElevation="956.0" isOriginalElevationFromOSM="false" isAnchor="false"><ele>955.5</ele></trkpt>
<trkpt lat="37.208110" lon="128.824868" sectionIndex="0" pointIndex="2223" originalElevation="956.0" isOriginalElevationFromOSM="false" isAnchor="false"><ele>955.6</ele></trkpt>
<trkpt lat="37.208128" lon="128.824919" sectionIndex="0" pointIndex="2224" originalElevation="956.0" isOriginalElevationFromOSM="false" isAnchor="false"><ele>955.6</ele></trkpt>
<trkpt lat="37.208147" lon="128.824971" sectionIndex="0" pointIndex="2225" originalElevation="956.0" isOriginalElevationFromOSM="false" isAnchor="false"><ele>955.5</ele></trkpt>
<trkpt lat="37.208165" lon="128.825022" sectionIndex="0" pointIndex="2226" originalElevation="955.0" isOriginalElevationFromOSM="false" isAnchor="false"><ele>955.5</ele></trkpt>
<trkpt lat="37.208184" lon="128.825074" sectionIndex="0" pointIndex="2227" originalElevation="955.0" isOriginalElevationFromOSM="false" isAnchor="false"><ele>955.4</ele></trkpt>
<trkpt lat="37.208203" lon="128.825125" sectionIndex="0" pointIndex="2228" originalElevation="955.0" isOriginalElevationFromOSM="false" isAnchor="false"><ele>955.4</ele></trkpt>
<trkpt lat="37.208221" lon="128.825177" sectionIndex="0" pointIndex="2229" originalElevation="955.0" isOriginalElevationFromOSM="false" isAnchor="false"><ele>955.3</ele></trkpt>
<trkpt lat="37.208240" lon="128.825228" sectionIndex="0" pointIndex="2230" originalElevation="955.0" isOriginalElevationFromOSM="false" isAnchor="false"><ele>955.3</ele></trkpt>
<trkpt lat="37.208249" lon="128.825253" sectionIndex="0" pointIndex="2231" originalElevation="955.0" isOriginalElevationFromOSM="false" isAnchor="false"><ele>955.2</ele></trkpt>
<trkpt lat="37.208249" lon="128.825253" sectionIndex="0" pointIndex="2232" originalElevation="955.0" isOriginalElevationFromOSM="false" isAnchor="false"><ele>955.2</ele></trkpt>
<trkpt lat="37.208211" lon="128.825283" sectionIndex="0" pointIndex="2233" originalElevation="955.0" isOriginalElevationFromOSM="false" isAnchor="false"><ele>955.1</ele></trkpt>
<trkpt lat="37.208173" lon="128.825313" sectionIndex="0" pointIndex="2234" originalElevation="955.0" isOriginalElevationFromOSM="false" isAnchor="false"><ele>955.1</ele></trkpt>
<trkpt lat="37.208135" lon="128.825344" sectionIndex="0" pointIndex="2235" originalElevation="955.0" isOriginalElevationFromOSM="false" isAnchor="false"><ele>955.1</ele></trkpt>
<trkpt lat="37.208097" lon="128.825374" sectionIndex="0" pointIndex="2236" originalElevation="955.0" isOriginalElevationFromOSM="false" isAnchor="false"><ele>955.1</ele></trkpt>
<trkpt lat="37.208059" lon="128.825404" sectionIndex="0" pointIndex="2237" originalElevation="955.0" isOriginalElevationFromOSM="false" isAnchor="false"><ele>955.0</ele></trkpt>
<trkpt lat="37.208021" lon="128.825434" sectionIndex="0" pointIndex="2238" originalElevation="955.0" isOriginalElevationFromOSM="false" isAnchor="false"><ele>955.0</ele></trkpt>
<trkpt lat="37.207995" lon="128.825456" sectionIndex="0" pointIndex="2239" originalElevation="955.0" isOriginalElevationFromOSM="false" isAnchor="false"><ele>955.1</ele></trkpt>
<trkpt lat="37.207995" lon="128.825456" sectionIndex="0" pointIndex="2240" originalElevation="955.0" isOriginalElevationFromOSM="false" isAnchor="false"><ele>955.3</ele></trkpt>
<trkpt lat="37.207950" lon="128.825459" sectionIndex="0" pointIndex="2241" originalElevation="955.0" isOriginalElevationFromOSM="false" isAnchor="false"><ele>955.5</ele></trkpt>
<trkpt lat="37.207905" lon="128.825462" sectionIndex="0" pointIndex="2242" originalElevation="955.0" isOriginalElevationFromOSM="false" isAnchor="false"><ele>955.7</ele></trkpt>
<trkpt lat="37.207860" lon="128.825466" sectionIndex="0" pointIndex="2243" originalElevation="955.0" isOriginalElevationFromOSM="false" isAnchor="false"><ele>956.0</ele></trkpt>
<trkpt lat="37.207815" lon="128.825469" sectionIndex="0" pointIndex="2244" originalElevation="955.0" isOriginalElevationFromOSM="false" isAnchor="false"><ele>956.4</ele></trkpt>
<trkpt lat="37.207770" lon="128.825473" sectionIndex="0" pointIndex="2245" originalElevation="955.0" isOriginalElevationFromOSM="false" isAnchor="false"><ele>956.8</ele></trkpt>
<trkpt lat="37.207725" lon="128.825476" sectionIndex="0" pointIndex="2246" originalElevation="955.0" isOriginalElevationFromOSM="false" isAnchor="false"><ele>957.3</ele></trkpt>
<trkpt lat="37.207680" lon="128.825479" sectionIndex="0" pointIndex="2247" originalElevation="955.0" isOriginalElevationFromOSM="false" isAnchor="false"><ele>957.9</ele></trkpt>
<trkpt lat="37.207635" lon="128.825483" sectionIndex="0" pointIndex="2248" originalElevation="955.0" isOriginalElevationFromOSM="false" isAnchor="false"><ele>958.5</ele></trkpt>
<trkpt lat="37.207591" lon="128.825486" sectionIndex="0" pointIndex="2249" originalElevation="955.0" isOriginalElevationFromOSM="false" isAnchor="false"><ele>959.2</ele></trkpt>
<trkpt lat="37.207588" lon="128.825486" sectionIndex="0" pointIndex="2250" originalElevation="955.0" isOriginalElevationFromOSM="false" isAnchor="false"><ele>960.0</ele></trkpt>
<trkpt lat="37.207588" lon="128.825486" sectionIndex="0" pointIndex="2251" originalElevation="955.0" isOriginalElevationFromOSM="false" isAnchor="false"><ele>960.8</ele></trkpt>
<trkpt lat="37.207544" lon="128.825472" sectionIndex="0" pointIndex="2252" originalElevation="955.0" isOriginalElevationFromOSM="false" isAnchor="false"><ele>961.7</ele></trkpt>
<trkpt lat="37.207501" lon="128.825457" sectionIndex="0" pointIndex="2253" originalElevation="955.0" isOriginalElevationFromOSM="false" isAnchor="false"><ele>962.6</ele></trkpt>
<trkpt lat="37.207458" lon="128.825443" sectionIndex="0" pointIndex="2254" originalElevation="971.0" isOriginalElevationFromOSM="false" isAnchor="false"><ele>963.4</ele></trkpt>
<trkpt lat="37.207414" lon="128.825428" sectionIndex="0" pointIndex="2255" originalElevation="971.0" isOriginalElevationFromOSM="false" isAnchor="false"><ele>964.3</ele></trkpt>
<trkpt lat="37.207371" lon="128.825414" sectionIndex="0" pointIndex="2256" originalElevation="971.0" isOriginalElevationFromOSM="false" isAnchor="false"><ele>965.1</ele></trkpt>
<trkpt lat="37.207327" lon="128.825399" sectionIndex="0" pointIndex="2257" originalElevation="971.0" isOriginalElevationFromOSM="false" isAnchor="false"><ele>965.8</ele></trkpt>
<trkpt lat="37.207284" lon="128.825385" sectionIndex="0" pointIndex="2258" originalElevation="971.0" isOriginalElevationFromOSM="false" isAnchor="false"><ele>966.4</ele></trkpt>
<trkpt lat="37.207260" lon="128.825377" sectionIndex="0" pointIndex="2259" originalElevation="971.0" isOriginalElevationFromOSM="false" isAnchor="false"><ele>967.0</ele></trkpt>
<trkpt lat="37.207260" lon="128.825377" sectionIndex="0" pointIndex="2260" originalElevation="971.0" isOriginalElevationFromOSM="false" isAnchor="false"><ele>967.4</ele></trkpt>
<trkpt lat="37.207230" lon="128.825419" sectionIndex="0" pointIndex="2261" originalElevation="971.0" isOriginalElevationFromOSM="false" isAnchor="false"><ele>967.7</ele></trkpt>
<trkpt lat="37.207200" lon="128.825461" sectionIndex="0" pointIndex="2262" originalElevation="971.0" isOriginalElevationFromOSM="false" isAnchor="false"><ele>967.9</ele></trkpt>
<trkpt lat="37.207170" lon="128.825503" sectionIndex="0" pointIndex="2263" originalElevation="971.0" isOriginalElevationFromOSM="false" isAnchor="false"><ele>968.0</ele></trkpt>
<trkpt lat="37.207145" lon="128.825537" sectionIndex="0" pointIndex="2264" originalElevation="971.0" isOriginalElevationFromOSM="false" isAnchor="false"><ele>968.0</ele></trkpt>
<trkpt lat="37.207145" lon="128.825537" sectionIndex="0" pointIndex="2265" originalElevation="971.0" isOriginalElevationFromOSM="false" isAnchor="false"><ele>967.9</ele></trkpt>
<trkpt lat="37.207144" lon="128.825594" sectionIndex="0" pointIndex="2266" originalElevation="971.0" isOriginalElevationFromOSM="false" isAnchor="false"><ele>967.6</ele></trkpt>
<trkpt lat="37.207144" lon="128.825650" sectionIndex="0" pointIndex="2267" originalElevation="971.0" isOriginalElevationFromOSM="false" isAnchor="false"><ele>967.3</ele></trkpt>
<trkpt lat="37.207144" lon="128.825707" sectionIndex="0" pointIndex="2268" originalElevation="971.0" isOriginalElevationFromOSM="false" isAnchor="false"><ele>966.8</ele></trkpt>
<trkpt lat="37.207144" lon="128.825763" sectionIndex="0" pointIndex="2269" originalElevation="971.0" isOriginalElevationFromOSM="false" isAnchor="false"><ele>966.3</ele></trkpt>
<trkpt lat="37.207143" lon="128.825820" sectionIndex="0" pointIndex="2270" originalElevation="971.0" isOriginalElevationFromOSM="false" isAnchor="false"><ele>965.6</ele></trkpt>
<trkpt lat="37.207143" lon="128.825876" sectionIndex="0" pointIndex="2271" originalElevation="960.0" isOriginalElevationFromOSM="false" isAnchor="false"><ele>964.9</ele></trkpt>
<trkpt lat="37.207143" lon="128.825933" sectionIndex="0" pointIndex="2272" originalElevation="960.0" isOriginalElevationFromOSM="false" isAnchor="false"><ele>964.1</ele></trkpt>
<trkpt lat="37.207143" lon="128.825937" sectionIndex="0" pointIndex="2273" originalElevation="960.0" isOriginalElevationFromOSM="false" isAnchor="false"><ele>963.4</ele></trkpt>
<trkpt lat="37.207143" lon="128.825937" sectionIndex="0" pointIndex="2274" originalElevation="960.0" isOriginalElevationFromOSM="false" isAnchor="false"><ele>962.6</ele></trkpt>
<trkpt lat="37.207186" lon="128.825950" sectionIndex="0" pointIndex="2275" originalElevation="960.0" isOriginalElevationFromOSM="false" isAnchor="false"><ele>962.0</ele></trkpt>
<trkpt lat="37.207230" lon="128.825963" sectionIndex="0" pointIndex="2276" originalElevation="960.0" isOriginalElevationFromOSM="false" isAnchor="false"><ele>961.3</ele></trkpt>
<trkpt lat="37.207274" lon="128.825976" sectionIndex="0" pointIndex="2277" originalElevation="960.0" isOriginalElevationFromOSM="false" isAnchor="false"><ele>960.7</ele></trkpt>
<trkpt lat="37.207318" lon="128.825989" sectionIndex="0" pointIndex="2278" originalElevation="960.0" isOriginalElevationFromOSM="false" isAnchor="false"><ele>960.1</ele></trkpt>
<trkpt lat="37.207361" lon="128.826002" sectionIndex="0" pointIndex="2279" originalElevation="960.0" isOriginalElevationFromOSM="false" isAnchor="false"><ele>959.5</ele></trkpt>
<trkpt lat="37.207405" lon="128.826015" sectionIndex="0" pointIndex="2280" originalElevation="960.0" isOriginalElevationFromOSM="false" isAnchor="false"><ele>958.9</ele></trkpt>
<trkpt lat="37.207449" lon="128.826028" sectionIndex="0" pointIndex="2281" originalElevation="960.0" isOriginalElevationFromOSM="false" isAnchor="false"><ele>958.4</ele></trkpt>
<trkpt lat="37.207493" lon="128.826041" sectionIndex="0" pointIndex="2282" originalElevation="960.0" isOriginalElevationFromOSM="false" isAnchor="false"><ele>957.9</ele></trkpt>
<trkpt lat="37.207537" lon="128.826054" sectionIndex="0" pointIndex="2283" originalElevation="953.0" isOriginalElevationFromOSM="false" isAnchor="false"><ele>957.4</ele></trkpt>
<trkpt lat="37.207568" lon="128.826063" sectionIndex="0" pointIndex="2284" originalElevation="953.0" isOriginalElevationFromOSM="false" isAnchor="false"><ele>957.0</ele></trkpt>
<trkpt lat="37.207568" lon="128.826063" sectionIndex="0" pointIndex="2285" originalElevation="953.0" isOriginalElevationFromOSM="false" isAnchor="false"><ele>956.6</ele></trkpt>
<trkpt lat="37.207585" lon="128.826011" sectionIndex="0" pointIndex="2286" originalElevation="953.0" isOriginalElevationFromOSM="false" isAnchor="false"><ele>956.2</ele></trkpt>
<trkpt lat="37.207601" lon="128.825959" sectionIndex="0" pointIndex="2287" originalElevation="953.0" isOriginalElevationFromOSM="false" isAnchor="false"><ele>955.9</ele></trkpt>
<trkpt lat="37.207618" lon="128.825906" sectionIndex="0" pointIndex="2288" originalElevation="953.0" isOriginalElevationFromOSM="false" isAnchor="false"><ele>955.7</ele></trkpt>
<trkpt lat="37.207630" lon="128.825870" sectionIndex="0" pointIndex="2289" originalElevation="953.0" isOriginalElevationFromOSM="false" isAnchor="false"><ele>955.4</ele></trkpt>
</trkseg>
</trk>
</gpx>