<?xml version="1.0" encoding="UTF-8"?>
<gpx version="1.1" creator="Runruun Standard GPX Engine" xmlns="http://www.topografix.com/GPX/1/1">
  <metadata>
    <name>dynafit_taebaek_trari_32k_T</name>
  </metadata>
  <trk>
    <name>dynafit_taebaek_trari_32k_T</name>
    <trkseg>
      <trkpt lat="37.133181" lon="128.961554">
        <ele>711.8</ele>
      </trkpt>
      <trkpt lat="37.133165" lon="128.961517">
        <ele>711.8</ele>
      </trkpt>
      <trkpt lat="37.133122" lon="128.961502">
        <ele>711.8</ele>
      </trkpt>
      <trkpt lat="37.133079" lon="128.961486">
        <ele>711.8</ele>
      </trkpt>
      <trkpt lat="37.133036" lon="128.961470">
        <ele>711.8</ele>
      </trkpt>
      <trkpt lat="37.132992" lon="128.961455">
        <ele>711.8</ele>
      </trkpt>
      <trkpt lat="37.132949" lon="128.961439">
        <ele>711.8</ele>
      </trkpt>
      <trkpt lat="37.132906" lon="128.961424">
        <ele>711.8</ele>
      </trkpt>
      <trkpt lat="37.132863" lon="128.961408">
        <ele>711.9</ele>
      </trkpt>
      <trkpt lat="37.132819" lon="128.961393">
        <ele>712.0</ele>
      </trkpt>
      <trkpt lat="37.132776" lon="128.961378">
        <ele>712.1</ele>
      </trkpt>
      <trkpt lat="37.132733" lon="128.961362">
        <ele>712.2</ele>
      </trkpt>
      <trkpt lat="37.132689" lon="128.961347">
        <ele>712.4</ele>
      </trkpt>
      <trkpt lat="37.132646" lon="128.961333">
        <ele>712.8</ele>
      </trkpt>
      <trkpt lat="37.132602" lon="128.961319">
        <ele>713.1</ele>
      </trkpt>
      <trkpt lat="37.132559" lon="128.961305">
        <ele>713.5</ele>
      </trkpt>
      <trkpt lat="37.132515" lon="128.961291">
        <ele>713.8</ele>
      </trkpt>
      <trkpt lat="37.132472" lon="128.961277">
        <ele>714.1</ele>
      </trkpt>
      <trkpt lat="37.132428" lon="128.961263">
        <ele>714.5</ele>
      </trkpt>
      <trkpt lat="37.132385" lon="128.961249">
        <ele>714.8</ele>
      </trkpt>
      <trkpt lat="37.132341" lon="128.961235">
        <ele>715.2</ele>
      </trkpt>
      <trkpt lat="37.132298" lon="128.961220">
        <ele>715.5</ele>
      </trkpt>
      <trkpt lat="37.132256" lon="128.961203">
        <ele>715.8</ele>
      </trkpt>
      <trkpt lat="37.132225" lon="128.961161">
        <ele>716.2</ele>
      </trkpt>
      <trkpt lat="37.132186" lon="128.961136">
        <ele>716.7</ele>
      </trkpt>
      <trkpt lat="37.132144" lon="128.961116">
        <ele>717.2</ele>
      </trkpt>
      <trkpt lat="37.132102" lon="128.961096">
        <ele>717.7</ele>
      </trkpt>
      <trkpt lat="37.132060" lon="128.961076">
        <ele>718.2</ele>
      </trkpt>
      <trkpt lat="37.132018" lon="128.961056">
        <ele>718.7</ele>
      </trkpt>
      <trkpt lat="37.131976" lon="128.961036">
        <ele>719.2</ele>
      </trkpt>
      <trkpt lat="37.131934" lon="128.961016">
        <ele>719.7</ele>
      </trkpt>
      <trkpt lat="37.131892" lon="128.960996">
        <ele>720.2</ele>
      </trkpt>
      <trkpt lat="37.131850" lon="128.960976">
        <ele>720.8</ele>
      </trkpt>
      <trkpt lat="37.131808" lon="128.960956">
        <ele>721.3</ele>
      </trkpt>
      <trkpt lat="37.131797" lon="128.960904">
        <ele>721.3</ele>
      </trkpt>
      <trkpt lat="37.131774" lon="128.960855">
        <ele>721.8</ele>
      </trkpt>
      <trkpt lat="37.131741" lon="128.960819">
        <ele>722.3</ele>
      </trkpt>
      <trkpt lat="37.131699" lon="128.960800">
        <ele>722.4</ele>
      </trkpt>
      <trkpt lat="37.131654" lon="128.960801">
        <ele>722.9</ele>
      </trkpt>
      <trkpt lat="37.131612" lon="128.960819">
        <ele>723.0</ele>
      </trkpt>
      <trkpt lat="37.131575" lon="128.960849">
        <ele>723.3</ele>
      </trkpt>
      <trkpt lat="37.131531" lon="128.960862">
        <ele>723.6</ele>
      </trkpt>
      <trkpt lat="37.131487" lon="128.960875">
        <ele>723.8</ele>
      </trkpt>
      <trkpt lat="37.131443" lon="128.960889">
        <ele>724.0</ele>
      </trkpt>
      <trkpt lat="37.131400" lon="128.960902">
        <ele>724.2</ele>
      </trkpt>
      <trkpt lat="37.131356" lon="128.960903">
        <ele>724.4</ele>
      </trkpt>
      <trkpt lat="37.131311" lon="128.960894">
        <ele>724.6</ele>
      </trkpt>
      <trkpt lat="37.131267" lon="128.960885">
        <ele>724.9</ele>
      </trkpt>
      <trkpt lat="37.131222" lon="128.960876">
        <ele>725.1</ele>
      </trkpt>
      <trkpt lat="37.131178" lon="128.960867">
        <ele>725.3</ele>
      </trkpt>
      <trkpt lat="37.131134" lon="128.960857">
        <ele>725.5</ele>
      </trkpt>
      <trkpt lat="37.131091" lon="128.960841">
        <ele>725.7</ele>
      </trkpt>
      <trkpt lat="37.131049" lon="128.960821">
        <ele>726.1</ele>
      </trkpt>
      <trkpt lat="37.131007" lon="128.960799">
        <ele>726.4</ele>
      </trkpt>
      <trkpt lat="37.130966" lon="128.960777">
        <ele>726.8</ele>
      </trkpt>
      <trkpt lat="37.130925" lon="128.960755">
        <ele>727.2</ele>
      </trkpt>
      <trkpt lat="37.130883" lon="128.960733">
        <ele>727.5</ele>
      </trkpt>
      <trkpt lat="37.130842" lon="128.960711">
        <ele>727.9</ele>
      </trkpt>
      <trkpt lat="37.130800" lon="128.960689">
        <ele>728.3</ele>
      </trkpt>
      <trkpt lat="37.130759" lon="128.960667">
        <ele>728.6</ele>
      </trkpt>
      <trkpt lat="37.130717" lon="128.960645">
        <ele>729.0</ele>
      </trkpt>
      <trkpt lat="37.130676" lon="128.960623">
        <ele>729.4</ele>
      </trkpt>
      <trkpt lat="37.130635" lon="128.960601">
        <ele>729.7</ele>
      </trkpt>
      <trkpt lat="37.130593" lon="128.960579">
        <ele>730.1</ele>
      </trkpt>
      <trkpt lat="37.130552" lon="128.960557">
        <ele>730.5</ele>
      </trkpt>
      <trkpt lat="37.130510" lon="128.960536">
        <ele>730.8</ele>
      </trkpt>
      <trkpt lat="37.130469" lon="128.960514">
        <ele>731.2</ele>
      </trkpt>
      <trkpt lat="37.130428" lon="128.960492">
        <ele>731.6</ele>
      </trkpt>
      <trkpt lat="37.130386" lon="128.960470">
        <ele>731.9</ele>
      </trkpt>
      <trkpt lat="37.130345" lon="128.960448">
        <ele>732.3</ele>
      </trkpt>
      <trkpt lat="37.130303" lon="128.960426">
        <ele>732.7</ele>
      </trkpt>
      <trkpt lat="37.130262" lon="128.960404">
        <ele>733.0</ele>
      </trkpt>
      <trkpt lat="37.130220" lon="128.960382">
        <ele>733.4</ele>
      </trkpt>
      <trkpt lat="37.130179" lon="128.960360">
        <ele>733.8</ele>
      </trkpt>
      <trkpt lat="37.130138" lon="128.960338">
        <ele>734.1</ele>
      </trkpt>
      <trkpt lat="37.130096" lon="128.960316">
        <ele>734.5</ele>
      </trkpt>
      <trkpt lat="37.130055" lon="128.960294">
        <ele>734.9</ele>
      </trkpt>
      <trkpt lat="37.130013" lon="128.960272">
        <ele>735.3</ele>
      </trkpt>
      <trkpt lat="37.129972" lon="128.960250">
        <ele>735.6</ele>
      </trkpt>
      <trkpt lat="37.129931" lon="128.960228">
        <ele>736.0</ele>
      </trkpt>
      <trkpt lat="37.129889" lon="128.960206">
        <ele>736.4</ele>
      </trkpt>
      <trkpt lat="37.129848" lon="128.960184">
        <ele>736.7</ele>
      </trkpt>
      <trkpt lat="37.129806" lon="128.960162">
        <ele>737.1</ele>
      </trkpt>
      <trkpt lat="37.129765" lon="128.960140">
        <ele>737.5</ele>
      </trkpt>
      <trkpt lat="37.129723" lon="128.960118">
        <ele>737.8</ele>
      </trkpt>
      <trkpt lat="37.129682" lon="128.960096">
        <ele>738.2</ele>
      </trkpt>
      <trkpt lat="37.129641" lon="128.960074">
        <ele>738.6</ele>
      </trkpt>
      <trkpt lat="37.129599" lon="128.960052">
        <ele>738.9</ele>
      </trkpt>
      <trkpt lat="37.129558" lon="128.960030">
        <ele>739.3</ele>
      </trkpt>
      <trkpt lat="37.129516" lon="128.960008">
        <ele>739.7</ele>
      </trkpt>
      <trkpt lat="37.129475" lon="128.959986">
        <ele>740.0</ele>
      </trkpt>
      <trkpt lat="37.129434" lon="128.959965">
        <ele>740.4</ele>
      </trkpt>
      <trkpt lat="37.129392" lon="128.959943">
        <ele>740.8</ele>
      </trkpt>
      <trkpt lat="37.129351" lon="128.959921">
        <ele>741.1</ele>
      </trkpt>
      <trkpt lat="37.129309" lon="128.959899">
        <ele>741.5</ele>
      </trkpt>
      <trkpt lat="37.129264" lon="128.959895">
        <ele>741.8</ele>
      </trkpt>
      <trkpt lat="37.129220" lon="128.959890">
        <ele>742.2</ele>
      </trkpt>
      <trkpt lat="37.129175" lon="128.959886">
        <ele>742.5</ele>
      </trkpt>
      <trkpt lat="37.129130" lon="128.959882">
        <ele>742.8</ele>
      </trkpt>
      <trkpt lat="37.129085" lon="128.959878">
        <ele>743.2</ele>
      </trkpt>
      <trkpt lat="37.129040" lon="128.959874">
        <ele>743.5</ele>
      </trkpt>
      <trkpt lat="37.128995" lon="128.959869">
        <ele>743.8</ele>
      </trkpt>
      <trkpt lat="37.128951" lon="128.959865">
        <ele>744.2</ele>
      </trkpt>
      <trkpt lat="37.128906" lon="128.959861">
        <ele>744.5</ele>
      </trkpt>
      <trkpt lat="37.128861" lon="128.959857">
        <ele>744.8</ele>
      </trkpt>
      <trkpt lat="37.128816" lon="128.959852">
        <ele>745.2</ele>
      </trkpt>
      <trkpt lat="37.128771" lon="128.959848">
        <ele>745.5</ele>
      </trkpt>
      <trkpt lat="37.128726" lon="128.959844">
        <ele>745.8</ele>
      </trkpt>
      <trkpt lat="37.128681" lon="128.959840">
        <ele>746.2</ele>
      </trkpt>
      <trkpt lat="37.128637" lon="128.959835">
        <ele>746.5</ele>
      </trkpt>
      <trkpt lat="37.128592" lon="128.959831">
        <ele>746.8</ele>
      </trkpt>
      <trkpt lat="37.128547" lon="128.959827">
        <ele>747.2</ele>
      </trkpt>
      <trkpt lat="37.128502" lon="128.959823">
        <ele>747.5</ele>
      </trkpt>
      <trkpt lat="37.128457" lon="128.959818">
        <ele>747.8</ele>
      </trkpt>
      <trkpt lat="37.128412" lon="128.959814">
        <ele>748.2</ele>
      </trkpt>
      <trkpt lat="37.128368" lon="128.959810">
        <ele>748.5</ele>
      </trkpt>
      <trkpt lat="37.128323" lon="128.959806">
        <ele>748.8</ele>
      </trkpt>
      <trkpt lat="37.128278" lon="128.959802">
        <ele>749.2</ele>
      </trkpt>
      <trkpt lat="37.128233" lon="128.959797">
        <ele>749.5</ele>
      </trkpt>
      <trkpt lat="37.128188" lon="128.959793">
        <ele>749.8</ele>
      </trkpt>
      <trkpt lat="37.128152" lon="128.959768">
        <ele>749.7</ele>
      </trkpt>
      <trkpt lat="37.128125" lon="128.959723">
        <ele>749.2</ele>
      </trkpt>
      <trkpt lat="37.128098" lon="128.959678">
        <ele>748.7</ele>
      </trkpt>
      <trkpt lat="37.128071" lon="128.959633">
        <ele>748.2</ele>
      </trkpt>
      <trkpt lat="37.128044" lon="128.959588">
        <ele>747.6</ele>
      </trkpt>
      <trkpt lat="37.128017" lon="128.959543">
        <ele>747.1</ele>
      </trkpt>
      <trkpt lat="37.127989" lon="128.959499">
        <ele>746.6</ele>
      </trkpt>
      <trkpt lat="37.127962" lon="128.959454">
        <ele>746.1</ele>
      </trkpt>
      <trkpt lat="37.127920" lon="128.959448">
        <ele>746.3</ele>
      </trkpt>
      <trkpt lat="37.127875" lon="128.959447">
        <ele>746.5</ele>
      </trkpt>
      <trkpt lat="37.127830" lon="128.959447">
        <ele>746.8</ele>
      </trkpt>
      <trkpt lat="37.127785" lon="128.959446">
        <ele>747.1</ele>
      </trkpt>
      <trkpt lat="37.127740" lon="128.959446">
        <ele>747.4</ele>
      </trkpt>
      <trkpt lat="37.127695" lon="128.959446">
        <ele>747.7</ele>
      </trkpt>
      <trkpt lat="37.127650" lon="128.959445">
        <ele>748.0</ele>
      </trkpt>
      <trkpt lat="37.127605" lon="128.959445">
        <ele>748.3</ele>
      </trkpt>
      <trkpt lat="37.127560" lon="128.959444">
        <ele>748.6</ele>
      </trkpt>
      <trkpt lat="37.127515" lon="128.959444">
        <ele>748.9</ele>
      </trkpt>
      <trkpt lat="37.127470" lon="128.959444">
        <ele>749.2</ele>
      </trkpt>
      <trkpt lat="37.127425" lon="128.959443">
        <ele>749.5</ele>
      </trkpt>
      <trkpt lat="37.127380" lon="128.959443">
        <ele>749.8</ele>
      </trkpt>
      <trkpt lat="37.127335" lon="128.959442">
        <ele>750.0</ele>
      </trkpt>
      <trkpt lat="37.127290" lon="128.959442">
        <ele>750.3</ele>
      </trkpt>
      <trkpt lat="37.127245" lon="128.959441">
        <ele>750.6</ele>
      </trkpt>
      <trkpt lat="37.127200" lon="128.959441">
        <ele>750.9</ele>
      </trkpt>
      <trkpt lat="37.127155" lon="128.959441">
        <ele>751.2</ele>
      </trkpt>
      <trkpt lat="37.127110" lon="128.959440">
        <ele>751.5</ele>
      </trkpt>
      <trkpt lat="37.127065" lon="128.959440">
        <ele>751.8</ele>
      </trkpt>
      <trkpt lat="37.127020" lon="128.959439">
        <ele>752.1</ele>
      </trkpt>
      <trkpt lat="37.126975" lon="128.959439">
        <ele>752.4</ele>
      </trkpt>
      <trkpt lat="37.126930" lon="128.959439">
        <ele>752.7</ele>
      </trkpt>
      <trkpt lat="37.126885" lon="128.959438">
        <ele>753.0</ele>
      </trkpt>
      <trkpt lat="37.126840" lon="128.959438">
        <ele>753.3</ele>
      </trkpt>
      <trkpt lat="37.126795" lon="128.959437">
        <ele>753.6</ele>
      </trkpt>
      <trkpt lat="37.126752" lon="128.959431">
        <ele>753.8</ele>
      </trkpt>
      <trkpt lat="37.126719" lon="128.959393">
        <ele>754.2</ele>
      </trkpt>
      <trkpt lat="37.126686" lon="128.959355">
        <ele>754.5</ele>
      </trkpt>
      <trkpt lat="37.126653" lon="128.959316">
        <ele>754.8</ele>
      </trkpt>
      <trkpt lat="37.126620" lon="128.959278">
        <ele>755.1</ele>
      </trkpt>
      <trkpt lat="37.126588" lon="128.959240">
        <ele>755.5</ele>
      </trkpt>
      <trkpt lat="37.126555" lon="128.959201">
        <ele>755.8</ele>
      </trkpt>
      <trkpt lat="37.126522" lon="128.959163">
        <ele>756.1</ele>
      </trkpt>
      <trkpt lat="37.126489" lon="128.959124">
        <ele>756.4</ele>
      </trkpt>
      <trkpt lat="37.126456" lon="128.959086">
        <ele>756.8</ele>
      </trkpt>
      <trkpt lat="37.126423" lon="128.959048">
        <ele>757.1</ele>
      </trkpt>
      <trkpt lat="37.126390" lon="128.959009">
        <ele>757.4</ele>
      </trkpt>
      <trkpt lat="37.126357" lon="128.958971">
        <ele>757.7</ele>
      </trkpt>
      <trkpt lat="37.126324" lon="128.958932">
        <ele>758.1</ele>
      </trkpt>
      <trkpt lat="37.126291" lon="128.958894">
        <ele>758.4</ele>
      </trkpt>
      <trkpt lat="37.126258" lon="128.958856">
        <ele>758.7</ele>
      </trkpt>
      <trkpt lat="37.126225" lon="128.958817">
        <ele>759.0</ele>
      </trkpt>
      <trkpt lat="37.126192" lon="128.958779">
        <ele>759.4</ele>
      </trkpt>
      <trkpt lat="37.126159" lon="128.958741">
        <ele>759.7</ele>
      </trkpt>
      <trkpt lat="37.126126" lon="128.958702">
        <ele>760.0</ele>
      </trkpt>
      <trkpt lat="37.126093" lon="128.958664">
        <ele>760.3</ele>
      </trkpt>
      <trkpt lat="37.126060" lon="128.958625">
        <ele>760.7</ele>
      </trkpt>
      <trkpt lat="37.126027" lon="128.958587">
        <ele>761.0</ele>
      </trkpt>
      <trkpt lat="37.125994" lon="128.958549">
        <ele>761.3</ele>
      </trkpt>
      <trkpt lat="37.125962" lon="128.958510">
        <ele>761.6</ele>
      </trkpt>
      <trkpt lat="37.125929" lon="128.958472">
        <ele>762.0</ele>
      </trkpt>
      <trkpt lat="37.125896" lon="128.958434">
        <ele>762.3</ele>
      </trkpt>
      <trkpt lat="37.125863" lon="128.958395">
        <ele>762.6</ele>
      </trkpt>
      <trkpt lat="37.125830" lon="128.958357">
        <ele>762.9</ele>
      </trkpt>
      <trkpt lat="37.125797" lon="128.958318">
        <ele>763.3</ele>
      </trkpt>
      <trkpt lat="37.125764" lon="128.958280">
        <ele>763.6</ele>
      </trkpt>
      <trkpt lat="37.125731" lon="128.958242">
        <ele>763.9</ele>
      </trkpt>
      <trkpt lat="37.125698" lon="128.958203">
        <ele>764.2</ele>
      </trkpt>
      <trkpt lat="37.125679" lon="128.958165">
        <ele>764.5</ele>
      </trkpt>
      <trkpt lat="37.125683" lon="128.958159">
        <ele>762.6</ele>
      </trkpt>
      <trkpt lat="37.125651" lon="128.958148">
        <ele>761.2</ele>
      </trkpt>
      <trkpt lat="37.125618" lon="128.958110">
        <ele>761.4</ele>
      </trkpt>
      <trkpt lat="37.125585" lon="128.958071">
        <ele>761.6</ele>
      </trkpt>
      <trkpt lat="37.125552" lon="128.958033">
        <ele>761.9</ele>
      </trkpt>
      <trkpt lat="37.125519" lon="128.957995">
        <ele>762.1</ele>
      </trkpt>
      <trkpt lat="37.125486" lon="128.957956">
        <ele>762.4</ele>
      </trkpt>
      <trkpt lat="37.125453" lon="128.957918">
        <ele>762.6</ele>
      </trkpt>
      <trkpt lat="37.125420" lon="128.957880">
        <ele>762.8</ele>
      </trkpt>
      <trkpt lat="37.125387" lon="128.957841">
        <ele>763.1</ele>
      </trkpt>
      <trkpt lat="37.125354" lon="128.957803">
        <ele>763.3</ele>
      </trkpt>
      <trkpt lat="37.125321" lon="128.957764">
        <ele>763.6</ele>
      </trkpt>
      <trkpt lat="37.125288" lon="128.957726">
        <ele>763.8</ele>
      </trkpt>
      <trkpt lat="37.125255" lon="128.957688">
        <ele>764.0</ele>
      </trkpt>
      <trkpt lat="37.125222" lon="128.957649">
        <ele>764.3</ele>
      </trkpt>
      <trkpt lat="37.125188" lon="128.957616">
        <ele>764.5</ele>
      </trkpt>
      <trkpt lat="37.125144" lon="128.957629">
        <ele>764.7</ele>
      </trkpt>
      <trkpt lat="37.125101" lon="128.957642">
        <ele>765.0</ele>
      </trkpt>
      <trkpt lat="37.125057" lon="128.957655">
        <ele>765.2</ele>
      </trkpt>
      <trkpt lat="37.125013" lon="128.957668">
        <ele>765.4</ele>
      </trkpt>
      <trkpt lat="37.124969" lon="128.957681">
        <ele>765.6</ele>
      </trkpt>
      <trkpt lat="37.124926" lon="128.957694">
        <ele>765.9</ele>
      </trkpt>
      <trkpt lat="37.124884" lon="128.957692">
        <ele>766.1</ele>
      </trkpt>
      <trkpt lat="37.124844" lon="128.957665">
        <ele>766.2</ele>
      </trkpt>
      <trkpt lat="37.124804" lon="128.957638">
        <ele>766.4</ele>
      </trkpt>
      <trkpt lat="37.124765" lon="128.957611">
        <ele>766.6</ele>
      </trkpt>
      <trkpt lat="37.124725" lon="128.957585">
        <ele>766.8</ele>
      </trkpt>
      <trkpt lat="37.124686" lon="128.957558">
        <ele>767.0</ele>
      </trkpt>
      <trkpt lat="37.124646" lon="128.957531">
        <ele>767.1</ele>
      </trkpt>
      <trkpt lat="37.124606" lon="128.957504">
        <ele>767.3</ele>
      </trkpt>
      <trkpt lat="37.124567" lon="128.957478">
        <ele>767.5</ele>
      </trkpt>
      <trkpt lat="37.124527" lon="128.957451">
        <ele>767.7</ele>
      </trkpt>
      <trkpt lat="37.124488" lon="128.957424">
        <ele>767.8</ele>
      </trkpt>
      <trkpt lat="37.124448" lon="128.957398">
        <ele>768.0</ele>
      </trkpt>
      <trkpt lat="37.124408" lon="128.957371">
        <ele>768.2</ele>
      </trkpt>
      <trkpt lat="37.124369" lon="128.957344">
        <ele>768.4</ele>
      </trkpt>
      <trkpt lat="37.124330" lon="128.957316">
        <ele>768.6</ele>
      </trkpt>
      <trkpt lat="37.124293" lon="128.957284">
        <ele>769.2</ele>
      </trkpt>
      <trkpt lat="37.124256" lon="128.957252">
        <ele>769.8</ele>
      </trkpt>
      <trkpt lat="37.124219" lon="128.957220">
        <ele>770.4</ele>
      </trkpt>
      <trkpt lat="37.124182" lon="128.957188">
        <ele>771.0</ele>
      </trkpt>
      <trkpt lat="37.124145" lon="128.957156">
        <ele>771.6</ele>
      </trkpt>
      <trkpt lat="37.124112" lon="128.957119">
        <ele>772.4</ele>
      </trkpt>
      <trkpt lat="37.124086" lon="128.957072">
        <ele>773.6</ele>
      </trkpt>
      <trkpt lat="37.124061" lon="128.957026">
        <ele>774.9</ele>
      </trkpt>
      <trkpt lat="37.124036" lon="128.956979">
        <ele>776.2</ele>
      </trkpt>
      <trkpt lat="37.124011" lon="128.956932">
        <ele>777.4</ele>
      </trkpt>
      <trkpt lat="37.123984" lon="128.956898">
        <ele>778.5</ele>
      </trkpt>
      <trkpt lat="37.123947" lon="128.956930">
        <ele>778.5</ele>
      </trkpt>
      <trkpt lat="37.123960" lon="128.956919">
        <ele>777.6</ele>
      </trkpt>
      <trkpt lat="37.123985" lon="128.956884">
        <ele>776.7</ele>
      </trkpt>
      <trkpt lat="37.123961" lon="128.956837">
        <ele>777.6</ele>
      </trkpt>
      <trkpt lat="37.123936" lon="128.956790">
        <ele>778.6</ele>
      </trkpt>
      <trkpt lat="37.123913" lon="128.956741">
        <ele>779.4</ele>
      </trkpt>
      <trkpt lat="37.123890" lon="128.956693">
        <ele>780.1</ele>
      </trkpt>
      <trkpt lat="37.123867" lon="128.956644">
        <ele>780.9</ele>
      </trkpt>
      <trkpt lat="37.123844" lon="128.956596">
        <ele>781.7</ele>
      </trkpt>
      <trkpt lat="37.123822" lon="128.956547">
        <ele>782.5</ele>
      </trkpt>
      <trkpt lat="37.123799" lon="128.956498">
        <ele>783.3</ele>
      </trkpt>
      <trkpt lat="37.123776" lon="128.956450">
        <ele>784.0</ele>
      </trkpt>
      <trkpt lat="37.123753" lon="128.956401">
        <ele>784.8</ele>
      </trkpt>
      <trkpt lat="37.123730" lon="128.956353">
        <ele>785.6</ele>
      </trkpt>
      <trkpt lat="37.123707" lon="128.956305">
        <ele>786.4</ele>
      </trkpt>
      <trkpt lat="37.123681" lon="128.956259">
        <ele>786.8</ele>
      </trkpt>
      <trkpt lat="37.123654" lon="128.956213">
        <ele>787.3</ele>
      </trkpt>
      <trkpt lat="37.123628" lon="128.956167">
        <ele>787.8</ele>
      </trkpt>
      <trkpt lat="37.123602" lon="128.956121">
        <ele>788.3</ele>
      </trkpt>
      <trkpt lat="37.123576" lon="128.956075">
        <ele>788.8</ele>
      </trkpt>
      <trkpt lat="37.123550" lon="128.956030">
        <ele>789.3</ele>
      </trkpt>
      <trkpt lat="37.123523" lon="128.955984">
        <ele>789.8</ele>
      </trkpt>
      <trkpt lat="37.123497" lon="128.955938">
        <ele>790.3</ele>
      </trkpt>
      <trkpt lat="37.123469" lon="128.955894">
        <ele>790.6</ele>
      </trkpt>
      <trkpt lat="37.123441" lon="128.955850">
        <ele>791.0</ele>
      </trkpt>
      <trkpt lat="37.123413" lon="128.955806">
        <ele>791.4</ele>
      </trkpt>
      <trkpt lat="37.123384" lon="128.955762">
        <ele>791.7</ele>
      </trkpt>
      <trkpt lat="37.123356" lon="128.955718">
        <ele>792.1</ele>
      </trkpt>
      <trkpt lat="37.123328" lon="128.955674">
        <ele>792.4</ele>
      </trkpt>
      <trkpt lat="37.123300" lon="128.955631">
        <ele>792.8</ele>
      </trkpt>
      <trkpt lat="37.123261" lon="128.955602">
        <ele>793.4</ele>
      </trkpt>
      <trkpt lat="37.123222" lon="128.955574">
        <ele>794.0</ele>
      </trkpt>
      <trkpt lat="37.123183" lon="128.955546">
        <ele>794.6</ele>
      </trkpt>
      <trkpt lat="37.123144" lon="128.955517">
        <ele>795.3</ele>
      </trkpt>
      <trkpt lat="37.123105" lon="128.955489">
        <ele>795.9</ele>
      </trkpt>
      <trkpt lat="37.123066" lon="128.955461">
        <ele>796.5</ele>
      </trkpt>
      <trkpt lat="37.123027" lon="128.955432">
        <ele>797.1</ele>
      </trkpt>
      <trkpt lat="37.122989" lon="128.955404">
        <ele>797.7</ele>
      </trkpt>
      <trkpt lat="37.122950" lon="128.955376">
        <ele>798.3</ele>
      </trkpt>
      <trkpt lat="37.122911" lon="128.955347">
        <ele>798.9</ele>
      </trkpt>
      <trkpt lat="37.122881" lon="128.955306">
        <ele>798.9</ele>
      </trkpt>
      <trkpt lat="37.122852" lon="128.955262">
        <ele>798.8</ele>
      </trkpt>
      <trkpt lat="37.122824" lon="128.955219">
        <ele>798.7</ele>
      </trkpt>
      <trkpt lat="37.122795" lon="128.955175">
        <ele>798.6</ele>
      </trkpt>
      <trkpt lat="37.122767" lon="128.955131">
        <ele>798.4</ele>
      </trkpt>
      <trkpt lat="37.122738" lon="128.955088">
        <ele>798.3</ele>
      </trkpt>
      <trkpt lat="37.122710" lon="128.955044">
        <ele>798.2</ele>
      </trkpt>
      <trkpt lat="37.122681" lon="128.955001">
        <ele>798.1</ele>
      </trkpt>
      <trkpt lat="37.122652" lon="128.954957">
        <ele>798.0</ele>
      </trkpt>
      <trkpt lat="37.122624" lon="128.954914">
        <ele>797.9</ele>
      </trkpt>
      <trkpt lat="37.122595" lon="128.954870">
        <ele>797.8</ele>
      </trkpt>
      <trkpt lat="37.122567" lon="128.954827">
        <ele>797.6</ele>
      </trkpt>
      <trkpt lat="37.122538" lon="128.954783">
        <ele>797.5</ele>
      </trkpt>
      <trkpt lat="37.122517" lon="128.954733">
        <ele>797.6</ele>
      </trkpt>
      <trkpt lat="37.122498" lon="128.954682">
        <ele>797.7</ele>
      </trkpt>
      <trkpt lat="37.122479" lon="128.954631">
        <ele>797.8</ele>
      </trkpt>
      <trkpt lat="37.122460" lon="128.954580">
        <ele>797.9</ele>
      </trkpt>
      <trkpt lat="37.122441" lon="128.954529">
        <ele>798.0</ele>
      </trkpt>
      <trkpt lat="37.122422" lon="128.954478">
        <ele>798.1</ele>
      </trkpt>
      <trkpt lat="37.122403" lon="128.954427">
        <ele>798.2</ele>
      </trkpt>
      <trkpt lat="37.122384" lon="128.954376">
        <ele>798.3</ele>
      </trkpt>
      <trkpt lat="37.122365" lon="128.954325">
        <ele>798.4</ele>
      </trkpt>
      <trkpt lat="37.122345" lon="128.954274">
        <ele>798.5</ele>
      </trkpt>
      <trkpt lat="37.122326" lon="128.954223">
        <ele>798.5</ele>
      </trkpt>
      <trkpt lat="37.122307" lon="128.954172">
        <ele>798.6</ele>
      </trkpt>
      <trkpt lat="37.122288" lon="128.954121">
        <ele>798.7</ele>
      </trkpt>
      <trkpt lat="37.122269" lon="128.954070">
        <ele>798.8</ele>
      </trkpt>
      <trkpt lat="37.122250" lon="128.954019">
        <ele>798.9</ele>
      </trkpt>
      <trkpt lat="37.122226" lon="128.953973">
        <ele>799.2</ele>
      </trkpt>
      <trkpt lat="37.122190" lon="128.953938">
        <ele>799.8</ele>
      </trkpt>
      <trkpt lat="37.122155" lon="128.953903">
        <ele>800.4</ele>
      </trkpt>
      <trkpt lat="37.122120" lon="128.953868">
        <ele>801.0</ele>
      </trkpt>
      <trkpt lat="37.122084" lon="128.953833">
        <ele>801.6</ele>
      </trkpt>
      <trkpt lat="37.122050" lon="128.953797">
        <ele>802.1</ele>
      </trkpt>
      <trkpt lat="37.122017" lon="128.953759">
        <ele>802.5</ele>
      </trkpt>
      <trkpt lat="37.121983" lon="128.953721">
        <ele>802.8</ele>
      </trkpt>
      <trkpt lat="37.121950" lon="128.953683">
        <ele>803.2</ele>
      </trkpt>
      <trkpt lat="37.121917" lon="128.953645">
        <ele>803.6</ele>
      </trkpt>
      <trkpt lat="37.121883" lon="128.953607">
        <ele>803.9</ele>
      </trkpt>
      <trkpt lat="37.121850" lon="128.953570">
        <ele>804.3</ele>
      </trkpt>
      <trkpt lat="37.121817" lon="128.953532">
        <ele>804.6</ele>
      </trkpt>
      <trkpt lat="37.121784" lon="128.953494">
        <ele>805.0</ele>
      </trkpt>
      <trkpt lat="37.121750" lon="128.953456">
        <ele>805.3</ele>
      </trkpt>
      <trkpt lat="37.121717" lon="128.953418">
        <ele>805.7</ele>
      </trkpt>
      <trkpt lat="37.121684" lon="128.953380">
        <ele>806.0</ele>
      </trkpt>
      <trkpt lat="37.121650" lon="128.953342">
        <ele>806.4</ele>
      </trkpt>
      <trkpt lat="37.121617" lon="128.953304">
        <ele>806.7</ele>
      </trkpt>
      <trkpt lat="37.121584" lon="128.953266">
        <ele>807.1</ele>
      </trkpt>
      <trkpt lat="37.121551" lon="128.953228">
        <ele>807.4</ele>
      </trkpt>
      <trkpt lat="37.121517" lon="128.953191">
        <ele>807.9</ele>
      </trkpt>
      <trkpt lat="37.121483" lon="128.953154">
        <ele>808.4</ele>
      </trkpt>
      <trkpt lat="37.121449" lon="128.953116">
        <ele>808.9</ele>
      </trkpt>
      <trkpt lat="37.121416" lon="128.953079">
        <ele>809.4</ele>
      </trkpt>
      <trkpt lat="37.121382" lon="128.953042">
        <ele>809.9</ele>
      </trkpt>
      <trkpt lat="37.121348" lon="128.953005">
        <ele>810.2</ele>
      </trkpt>
      <trkpt lat="37.121313" lon="128.952969">
        <ele>810.4</ele>
      </trkpt>
      <trkpt lat="37.121279" lon="128.952933">
        <ele>810.6</ele>
      </trkpt>
      <trkpt lat="37.121244" lon="128.952896">
        <ele>810.8</ele>
      </trkpt>
      <trkpt lat="37.121210" lon="128.952860">
        <ele>811.0</ele>
      </trkpt>
      <trkpt lat="37.121175" lon="128.952824">
        <ele>811.2</ele>
      </trkpt>
      <trkpt lat="37.121141" lon="128.952788">
        <ele>811.4</ele>
      </trkpt>
      <trkpt lat="37.121107" lon="128.952752">
        <ele>811.6</ele>
      </trkpt>
      <trkpt lat="37.121072" lon="128.952715">
        <ele>811.8</ele>
      </trkpt>
      <trkpt lat="37.121038" lon="128.952679">
        <ele>812.0</ele>
      </trkpt>
      <trkpt lat="37.121003" lon="128.952643">
        <ele>812.2</ele>
      </trkpt>
      <trkpt lat="37.120969" lon="128.952607">
        <ele>812.4</ele>
      </trkpt>
      <trkpt lat="37.120933" lon="128.952572">
        <ele>812.8</ele>
      </trkpt>
      <trkpt lat="37.120896" lon="128.952540">
        <ele>813.4</ele>
      </trkpt>
      <trkpt lat="37.120860" lon="128.952507">
        <ele>813.9</ele>
      </trkpt>
      <trkpt lat="37.120823" lon="128.952475">
        <ele>814.5</ele>
      </trkpt>
      <trkpt lat="37.120786" lon="128.952442">
        <ele>815.1</ele>
      </trkpt>
      <trkpt lat="37.120749" lon="128.952410">
        <ele>815.7</ele>
      </trkpt>
      <trkpt lat="37.120713" lon="128.952377">
        <ele>816.2</ele>
      </trkpt>
      <trkpt lat="37.120676" lon="128.952345">
        <ele>816.8</ele>
      </trkpt>
      <trkpt lat="37.120639" lon="128.952312">
        <ele>817.4</ele>
      </trkpt>
      <trkpt lat="37.120602" lon="128.952280">
        <ele>818.0</ele>
      </trkpt>
      <trkpt lat="37.120566" lon="128.952247">
        <ele>818.5</ele>
      </trkpt>
      <trkpt lat="37.120529" lon="128.952214">
        <ele>819.1</ele>
      </trkpt>
      <trkpt lat="37.120495" lon="128.952177">
        <ele>819.5</ele>
      </trkpt>
      <trkpt lat="37.120461" lon="128.952140">
        <ele>820.0</ele>
      </trkpt>
      <trkpt lat="37.120427" lon="128.952103">
        <ele>820.4</ele>
      </trkpt>
      <trkpt lat="37.120393" lon="128.952066">
        <ele>820.8</ele>
      </trkpt>
      <trkpt lat="37.120358" lon="128.952032">
        <ele>821.2</ele>
      </trkpt>
      <trkpt lat="37.120323" lon="128.951997">
        <ele>821.6</ele>
      </trkpt>
      <trkpt lat="37.120287" lon="128.951962">
        <ele>821.9</ele>
      </trkpt>
      <trkpt lat="37.120252" lon="128.951927">
        <ele>822.3</ele>
      </trkpt>
      <trkpt lat="37.120216" lon="128.951892">
        <ele>822.6</ele>
      </trkpt>
      <trkpt lat="37.120181" lon="128.951857">
        <ele>823.0</ele>
      </trkpt>
      <trkpt lat="37.120146" lon="128.951823">
        <ele>823.4</ele>
      </trkpt>
      <trkpt lat="37.120110" lon="128.951788">
        <ele>823.7</ele>
      </trkpt>
      <trkpt lat="37.120075" lon="128.951753">
        <ele>824.1</ele>
      </trkpt>
      <trkpt lat="37.120040" lon="128.951718">
        <ele>824.4</ele>
      </trkpt>
      <trkpt lat="37.120004" lon="128.951683">
        <ele>824.8</ele>
      </trkpt>
      <trkpt lat="37.119969" lon="128.951649">
        <ele>825.2</ele>
      </trkpt>
      <trkpt lat="37.119934" lon="128.951614">
        <ele>825.5</ele>
      </trkpt>
      <trkpt lat="37.119898" lon="128.951579">
        <ele>825.9</ele>
      </trkpt>
      <trkpt lat="37.119863" lon="128.951544">
        <ele>826.2</ele>
      </trkpt>
      <trkpt lat="37.119827" lon="128.951509">
        <ele>826.6</ele>
      </trkpt>
      <trkpt lat="37.119792" lon="128.951474">
        <ele>826.9</ele>
      </trkpt>
      <trkpt lat="37.119757" lon="128.951440">
        <ele>827.3</ele>
      </trkpt>
      <trkpt lat="37.119721" lon="128.951405">
        <ele>827.7</ele>
      </trkpt>
      <trkpt lat="37.119686" lon="128.951370">
        <ele>828.0</ele>
      </trkpt>
      <trkpt lat="37.119651" lon="128.951335">
        <ele>828.4</ele>
      </trkpt>
      <trkpt lat="37.119615" lon="128.951300">
        <ele>828.7</ele>
      </trkpt>
      <trkpt lat="37.119580" lon="128.951266">
        <ele>829.1</ele>
      </trkpt>
      <trkpt lat="37.119545" lon="128.951230">
        <ele>829.4</ele>
      </trkpt>
      <trkpt lat="37.119507" lon="128.951200">
        <ele>829.9</ele>
      </trkpt>
      <trkpt lat="37.119469" lon="128.951170">
        <ele>830.3</ele>
      </trkpt>
      <trkpt lat="37.119432" lon="128.951139">
        <ele>830.7</ele>
      </trkpt>
      <trkpt lat="37.119394" lon="128.951107">
        <ele>831.1</ele>
      </trkpt>
      <trkpt lat="37.119357" lon="128.951076">
        <ele>831.5</ele>
      </trkpt>
      <trkpt lat="37.119320" lon="128.951044">
        <ele>832.0</ele>
      </trkpt>
      <trkpt lat="37.119282" lon="128.951013">
        <ele>832.4</ele>
      </trkpt>
      <trkpt lat="37.119245" lon="128.950981">
        <ele>832.8</ele>
      </trkpt>
      <trkpt lat="37.119208" lon="128.950950">
        <ele>833.2</ele>
      </trkpt>
      <trkpt lat="37.119170" lon="128.950919">
        <ele>833.6</ele>
      </trkpt>
      <trkpt lat="37.119133" lon="128.950887">
        <ele>834.0</ele>
      </trkpt>
      <trkpt lat="37.119096" lon="128.950856">
        <ele>834.5</ele>
      </trkpt>
      <trkpt lat="37.119058" lon="128.950824">
        <ele>834.9</ele>
      </trkpt>
      <trkpt lat="37.119021" lon="128.950793">
        <ele>835.3</ele>
      </trkpt>
      <trkpt lat="37.118984" lon="128.950761">
        <ele>835.7</ele>
      </trkpt>
      <trkpt lat="37.118946" lon="128.950730">
        <ele>836.1</ele>
      </trkpt>
      <trkpt lat="37.118909" lon="128.950699">
        <ele>836.5</ele>
      </trkpt>
      <trkpt lat="37.118870" lon="128.950671">
        <ele>836.8</ele>
      </trkpt>
      <trkpt lat="37.118831" lon="128.950643">
        <ele>837.0</ele>
      </trkpt>
      <trkpt lat="37.118792" lon="128.950615">
        <ele>837.3</ele>
      </trkpt>
      <trkpt lat="37.118752" lon="128.950587">
        <ele>837.5</ele>
      </trkpt>
      <trkpt lat="37.118713" lon="128.950560">
        <ele>837.8</ele>
      </trkpt>
      <trkpt lat="37.118674" lon="128.950532">
        <ele>838.1</ele>
      </trkpt>
      <trkpt lat="37.118635" lon="128.950504">
        <ele>838.3</ele>
      </trkpt>
      <trkpt lat="37.118596" lon="128.950476">
        <ele>838.6</ele>
      </trkpt>
      <trkpt lat="37.118557" lon="128.950448">
        <ele>838.8</ele>
      </trkpt>
      <trkpt lat="37.118518" lon="128.950421">
        <ele>839.1</ele>
      </trkpt>
      <trkpt lat="37.118479" lon="128.950393">
        <ele>839.3</ele>
      </trkpt>
      <trkpt lat="37.118440" lon="128.950365">
        <ele>839.6</ele>
      </trkpt>
      <trkpt lat="37.118400" lon="128.950337">
        <ele>839.9</ele>
      </trkpt>
      <trkpt lat="37.118361" lon="128.950309">
        <ele>840.1</ele>
      </trkpt>
      <trkpt lat="37.118322" lon="128.950281">
        <ele>840.4</ele>
      </trkpt>
      <trkpt lat="37.118283" lon="128.950254">
        <ele>840.8</ele>
      </trkpt>
      <trkpt lat="37.118244" lon="128.950226">
        <ele>841.5</ele>
      </trkpt>
      <trkpt lat="37.118205" lon="128.950198">
        <ele>842.2</ele>
      </trkpt>
      <trkpt lat="37.118166" lon="128.950170">
        <ele>842.8</ele>
      </trkpt>
      <trkpt lat="37.118127" lon="128.950142">
        <ele>843.5</ele>
      </trkpt>
      <trkpt lat="37.118088" lon="128.950114">
        <ele>844.2</ele>
      </trkpt>
      <trkpt lat="37.118049" lon="128.950086">
        <ele>844.8</ele>
      </trkpt>
      <trkpt lat="37.118009" lon="128.950058">
        <ele>845.5</ele>
      </trkpt>
      <trkpt lat="37.117970" lon="128.950031">
        <ele>846.2</ele>
      </trkpt>
      <trkpt lat="37.117931" lon="128.950003">
        <ele>846.9</ele>
      </trkpt>
      <trkpt lat="37.117891" lon="128.949977">
        <ele>847.9</ele>
      </trkpt>
      <trkpt lat="37.117851" lon="128.949951">
        <ele>848.8</ele>
      </trkpt>
      <trkpt lat="37.117812" lon="128.949925">
        <ele>849.7</ele>
      </trkpt>
      <trkpt lat="37.117772" lon="128.949898">
        <ele>850.6</ele>
      </trkpt>
      <trkpt lat="37.117732" lon="128.949872">
        <ele>851.5</ele>
      </trkpt>
      <trkpt lat="37.117692" lon="128.949846">
        <ele>852.4</ele>
      </trkpt>
      <trkpt lat="37.117652" lon="128.949820">
        <ele>853.4</ele>
      </trkpt>
      <trkpt lat="37.117613" lon="128.949793">
        <ele>854.3</ele>
      </trkpt>
      <trkpt lat="37.117573" lon="128.949767">
        <ele>855.2</ele>
      </trkpt>
      <trkpt lat="37.117533" lon="128.949741">
        <ele>856.1</ele>
      </trkpt>
      <trkpt lat="37.117493" lon="128.949715">
        <ele>857.0</ele>
      </trkpt>
      <trkpt lat="37.117453" lon="128.949688">
        <ele>857.9</ele>
      </trkpt>
      <trkpt lat="37.117414" lon="128.949662">
        <ele>858.9</ele>
      </trkpt>
      <trkpt lat="37.117374" lon="128.949636">
        <ele>859.8</ele>
      </trkpt>
      <trkpt lat="37.117334" lon="128.949610">
        <ele>860.7</ele>
      </trkpt>
      <trkpt lat="37.117296" lon="128.949585">
        <ele>856.9</ele>
      </trkpt>
      <trkpt lat="37.117256" lon="128.949558">
        <ele>857.5</ele>
      </trkpt>
      <trkpt lat="37.117216" lon="128.949532">
        <ele>858.2</ele>
      </trkpt>
      <trkpt lat="37.117176" lon="128.949506">
        <ele>858.8</ele>
      </trkpt>
      <trkpt lat="37.117137" lon="128.949480">
        <ele>859.5</ele>
      </trkpt>
      <trkpt lat="37.117097" lon="128.949454">
        <ele>860.1</ele>
      </trkpt>
      <trkpt lat="37.117057" lon="128.949428">
        <ele>860.8</ele>
      </trkpt>
      <trkpt lat="37.117030" lon="128.949386">
        <ele>861.0</ele>
      </trkpt>
      <trkpt lat="37.117012" lon="128.949335">
        <ele>860.9</ele>
      </trkpt>
      <trkpt lat="37.116993" lon="128.949283">
        <ele>860.8</ele>
      </trkpt>
      <trkpt lat="37.116974" lon="128.949232">
        <ele>860.7</ele>
      </trkpt>
      <trkpt lat="37.116956" lon="128.949181">
        <ele>860.7</ele>
      </trkpt>
      <trkpt lat="37.116937" lon="128.949129">
        <ele>860.6</ele>
      </trkpt>
      <trkpt lat="37.116918" lon="128.949078">
        <ele>860.5</ele>
      </trkpt>
      <trkpt lat="37.116886" lon="128.949053">
        <ele>860.9</ele>
      </trkpt>
      <trkpt lat="37.116841" lon="128.949052">
        <ele>861.6</ele>
      </trkpt>
      <trkpt lat="37.116796" lon="128.949052">
        <ele>862.3</ele>
      </trkpt>
      <trkpt lat="37.116751" lon="128.949051">
        <ele>863.0</ele>
      </trkpt>
      <trkpt lat="37.116706" lon="128.949051">
        <ele>863.7</ele>
      </trkpt>
      <trkpt lat="37.116661" lon="128.949051">
        <ele>864.4</ele>
      </trkpt>
      <trkpt lat="37.116616" lon="128.949050">
        <ele>865.1</ele>
      </trkpt>
      <trkpt lat="37.116571" lon="128.949050">
        <ele>865.8</ele>
      </trkpt>
      <trkpt lat="37.116526" lon="128.949049">
        <ele>866.6</ele>
      </trkpt>
      <trkpt lat="37.116485" lon="128.949035">
        <ele>867.1</ele>
      </trkpt>
      <trkpt lat="37.116451" lon="128.948999">
        <ele>867.4</ele>
      </trkpt>
      <trkpt lat="37.116417" lon="128.948962">
        <ele>867.7</ele>
      </trkpt>
      <trkpt lat="37.116388" lon="128.948919">
        <ele>867.9</ele>
      </trkpt>
      <trkpt lat="37.116361" lon="128.948874">
        <ele>868.0</ele>
      </trkpt>
      <trkpt lat="37.116334" lon="128.948829">
        <ele>868.2</ele>
      </trkpt>
      <trkpt lat="37.116308" lon="128.948783">
        <ele>868.3</ele>
      </trkpt>
      <trkpt lat="37.116281" lon="128.948738">
        <ele>868.4</ele>
      </trkpt>
      <trkpt lat="37.116254" lon="128.948693">
        <ele>868.6</ele>
      </trkpt>
      <trkpt lat="37.116227" lon="128.948648">
        <ele>868.7</ele>
      </trkpt>
      <trkpt lat="37.116199" lon="128.948604">
        <ele>868.8</ele>
      </trkpt>
      <trkpt lat="37.116166" lon="128.948565">
        <ele>869.0</ele>
      </trkpt>
      <trkpt lat="37.116133" lon="128.948527">
        <ele>869.2</ele>
      </trkpt>
      <trkpt lat="37.116101" lon="128.948488">
        <ele>869.4</ele>
      </trkpt>
      <trkpt lat="37.116068" lon="128.948450">
        <ele>869.6</ele>
      </trkpt>
      <trkpt lat="37.116035" lon="128.948411">
        <ele>869.8</ele>
      </trkpt>
      <trkpt lat="37.116002" lon="128.948373">
        <ele>870.0</ele>
      </trkpt>
      <trkpt lat="37.115962" lon="128.948349">
        <ele>870.7</ele>
      </trkpt>
      <trkpt lat="37.115920" lon="128.948328">
        <ele>871.5</ele>
      </trkpt>
      <trkpt lat="37.115878" lon="128.948306">
        <ele>872.2</ele>
      </trkpt>
      <trkpt lat="37.115837" lon="128.948284">
        <ele>873.0</ele>
      </trkpt>
      <trkpt lat="37.115795" lon="128.948263">
        <ele>873.8</ele>
      </trkpt>
      <trkpt lat="37.115754" lon="128.948241">
        <ele>874.6</ele>
      </trkpt>
      <trkpt lat="37.115712" lon="128.948220">
        <ele>875.4</ele>
      </trkpt>
      <trkpt lat="37.115671" lon="128.948198">
        <ele>876.1</ele>
      </trkpt>
      <trkpt lat="37.115629" lon="128.948177">
        <ele>876.9</ele>
      </trkpt>
      <trkpt lat="37.115588" lon="128.948155">
        <ele>877.7</ele>
      </trkpt>
      <trkpt lat="37.115546" lon="128.948133">
        <ele>878.5</ele>
      </trkpt>
      <trkpt lat="37.115505" lon="128.948112">
        <ele>879.3</ele>
      </trkpt>
      <trkpt lat="37.115463" lon="128.948090">
        <ele>880.0</ele>
      </trkpt>
      <trkpt lat="37.115421" lon="128.948069">
        <ele>880.8</ele>
      </trkpt>
      <trkpt lat="37.115376" lon="128.948071">
        <ele>881.4</ele>
      </trkpt>
      <trkpt lat="37.115332" lon="128.948074">
        <ele>882.1</ele>
      </trkpt>
      <trkpt lat="37.115287" lon="128.948076">
        <ele>882.8</ele>
      </trkpt>
      <trkpt lat="37.115242" lon="128.948078">
        <ele>883.7</ele>
      </trkpt>
      <trkpt lat="37.115197" lon="128.948081">
        <ele>884.5</ele>
      </trkpt>
      <trkpt lat="37.115152" lon="128.948083">
        <ele>885.4</ele>
      </trkpt>
      <trkpt lat="37.115107" lon="128.948085">
        <ele>886.3</ele>
      </trkpt>
      <trkpt lat="37.115062" lon="128.948088">
        <ele>887.2</ele>
      </trkpt>
      <trkpt lat="37.115017" lon="128.948090">
        <ele>888.1</ele>
      </trkpt>
      <trkpt lat="37.114972" lon="128.948093">
        <ele>888.9</ele>
      </trkpt>
      <trkpt lat="37.114927" lon="128.948095">
        <ele>889.8</ele>
      </trkpt>
      <trkpt lat="37.114882" lon="128.948098">
        <ele>890.7</ele>
      </trkpt>
      <trkpt lat="37.114837" lon="128.948100">
        <ele>891.6</ele>
      </trkpt>
      <trkpt lat="37.114792" lon="128.948102">
        <ele>892.4</ele>
      </trkpt>
      <trkpt lat="37.114748" lon="128.948101">
        <ele>893.3</ele>
      </trkpt>
      <trkpt lat="37.114703" lon="128.948093">
        <ele>894.3</ele>
      </trkpt>
      <trkpt lat="37.114659" lon="128.948085">
        <ele>895.3</ele>
      </trkpt>
      <trkpt lat="37.114614" lon="128.948076">
        <ele>896.3</ele>
      </trkpt>
      <trkpt lat="37.114573" lon="128.948055">
        <ele>897.0</ele>
      </trkpt>
      <trkpt lat="37.114532" lon="128.948031">
        <ele>897.6</ele>
      </trkpt>
      <trkpt lat="37.114492" lon="128.948006">
        <ele>898.2</ele>
      </trkpt>
      <trkpt lat="37.114451" lon="128.947982">
        <ele>898.8</ele>
      </trkpt>
      <trkpt lat="37.114411" lon="128.947958">
        <ele>899.4</ele>
      </trkpt>
      <trkpt lat="37.114370" lon="128.947934">
        <ele>900.0</ele>
      </trkpt>
      <trkpt lat="37.114329" lon="128.947910">
        <ele>900.6</ele>
      </trkpt>
      <trkpt lat="37.114289" lon="128.947885">
        <ele>901.2</ele>
      </trkpt>
      <trkpt lat="37.114248" lon="128.947861">
        <ele>901.8</ele>
      </trkpt>
      <trkpt lat="37.114207" lon="128.947837">
        <ele>902.4</ele>
      </trkpt>
      <trkpt lat="37.114167" lon="128.947813">
        <ele>903.0</ele>
      </trkpt>
      <trkpt lat="37.114124" lon="128.947797">
        <ele>903.6</ele>
      </trkpt>
      <trkpt lat="37.114081" lon="128.947780">
        <ele>904.2</ele>
      </trkpt>
      <trkpt lat="37.114038" lon="128.947764">
        <ele>904.8</ele>
      </trkpt>
      <trkpt lat="37.113995" lon="128.947748">
        <ele>905.4</ele>
      </trkpt>
      <trkpt lat="37.113952" lon="128.947732">
        <ele>906.0</ele>
      </trkpt>
      <trkpt lat="37.113908" lon="128.947715">
        <ele>906.5</ele>
      </trkpt>
      <trkpt lat="37.113865" lon="128.947699">
        <ele>907.1</ele>
      </trkpt>
      <trkpt lat="37.113822" lon="128.947683">
        <ele>907.7</ele>
      </trkpt>
      <trkpt lat="37.113779" lon="128.947667">
        <ele>908.3</ele>
      </trkpt>
      <trkpt lat="37.113736" lon="128.947650">
        <ele>908.9</ele>
      </trkpt>
      <trkpt lat="37.113693" lon="128.947634">
        <ele>909.5</ele>
      </trkpt>
      <trkpt lat="37.113651" lon="128.947616">
        <ele>910.0</ele>
      </trkpt>
      <trkpt lat="37.113614" lon="128.947584">
        <ele>910.2</ele>
      </trkpt>
      <trkpt lat="37.113576" lon="128.947552">
        <ele>910.4</ele>
      </trkpt>
      <trkpt lat="37.113539" lon="128.947521">
        <ele>910.6</ele>
      </trkpt>
      <trkpt lat="37.113502" lon="128.947490">
        <ele>911.0</ele>
      </trkpt>
      <trkpt lat="37.113464" lon="128.947460">
        <ele>911.9</ele>
      </trkpt>
      <trkpt lat="37.113425" lon="128.947430">
        <ele>912.9</ele>
      </trkpt>
      <trkpt lat="37.113387" lon="128.947400">
        <ele>913.8</ele>
      </trkpt>
      <trkpt lat="37.113349" lon="128.947370">
        <ele>914.8</ele>
      </trkpt>
      <trkpt lat="37.113311" lon="128.947341">
        <ele>915.7</ele>
      </trkpt>
      <trkpt lat="37.113273" lon="128.947311">
        <ele>916.6</ele>
      </trkpt>
      <trkpt lat="37.113234" lon="128.947281">
        <ele>917.6</ele>
      </trkpt>
      <trkpt lat="37.113196" lon="128.947251">
        <ele>918.5</ele>
      </trkpt>
      <trkpt lat="37.113158" lon="128.947222">
        <ele>919.4</ele>
      </trkpt>
      <trkpt lat="37.113120" lon="128.947192">
        <ele>920.4</ele>
      </trkpt>
      <trkpt lat="37.113082" lon="128.947162">
        <ele>921.3</ele>
      </trkpt>
      <trkpt lat="37.113040" lon="128.947142">
        <ele>922.2</ele>
      </trkpt>
      <trkpt lat="37.112997" lon="128.947124">
        <ele>923.0</ele>
      </trkpt>
      <trkpt lat="37.112955" lon="128.947106">
        <ele>923.8</ele>
      </trkpt>
      <trkpt lat="37.112912" lon="128.947088">
        <ele>924.6</ele>
      </trkpt>
      <trkpt lat="37.112870" lon="128.947070">
        <ele>925.4</ele>
      </trkpt>
      <trkpt lat="37.112827" lon="128.947052">
        <ele>926.2</ele>
      </trkpt>
      <trkpt lat="37.112784" lon="128.947033">
        <ele>927.1</ele>
      </trkpt>
      <trkpt lat="37.112743" lon="128.947012">
        <ele>927.8</ele>
      </trkpt>
      <trkpt lat="37.112703" lon="128.946986">
        <ele>928.4</ele>
      </trkpt>
      <trkpt lat="37.112663" lon="128.946960">
        <ele>928.9</ele>
      </trkpt>
      <trkpt lat="37.112623" lon="128.946935">
        <ele>929.5</ele>
      </trkpt>
      <trkpt lat="37.112583" lon="128.946909">
        <ele>930.1</ele>
      </trkpt>
      <trkpt lat="37.112543" lon="128.946883">
        <ele>930.7</ele>
      </trkpt>
      <trkpt lat="37.112507" lon="128.946850">
        <ele>931.4</ele>
      </trkpt>
      <trkpt lat="37.112473" lon="128.946813">
        <ele>932.2</ele>
      </trkpt>
      <trkpt lat="37.112438" lon="128.946777">
        <ele>933.0</ele>
      </trkpt>
      <trkpt lat="37.112404" lon="128.946741">
        <ele>933.7</ele>
      </trkpt>
      <trkpt lat="37.112369" lon="128.946705">
        <ele>934.5</ele>
      </trkpt>
      <trkpt lat="37.112340" lon="128.946663">
        <ele>935.4</ele>
      </trkpt>
      <trkpt lat="37.112313" lon="128.946617">
        <ele>936.3</ele>
      </trkpt>
      <trkpt lat="37.112287" lon="128.946572">
        <ele>937.2</ele>
      </trkpt>
      <trkpt lat="37.112260" lon="128.946526">
        <ele>938.1</ele>
      </trkpt>
      <trkpt lat="37.112234" lon="128.946481">
        <ele>939.0</ele>
      </trkpt>
      <trkpt lat="37.112207" lon="128.946435">
        <ele>939.9</ele>
      </trkpt>
      <trkpt lat="37.112181" lon="128.946390">
        <ele>940.8</ele>
      </trkpt>
      <trkpt lat="37.112154" lon="128.946344">
        <ele>941.7</ele>
      </trkpt>
      <trkpt lat="37.112127" lon="128.946299">
        <ele>942.6</ele>
      </trkpt>
      <trkpt lat="37.112101" lon="128.946253">
        <ele>943.5</ele>
      </trkpt>
      <trkpt lat="37.112074" lon="128.946208">
        <ele>944.4</ele>
      </trkpt>
      <trkpt lat="37.112048" lon="128.946162">
        <ele>945.3</ele>
      </trkpt>
      <trkpt lat="37.112021" lon="128.946117">
        <ele>946.0</ele>
      </trkpt>
      <trkpt lat="37.111994" lon="128.946072">
        <ele>946.2</ele>
      </trkpt>
      <trkpt lat="37.111966" lon="128.946028">
        <ele>946.4</ele>
      </trkpt>
      <trkpt lat="37.111938" lon="128.945983">
        <ele>946.6</ele>
      </trkpt>
      <trkpt lat="37.111911" lon="128.945938">
        <ele>946.8</ele>
      </trkpt>
      <trkpt lat="37.111883" lon="128.945894">
        <ele>947.0</ele>
      </trkpt>
      <trkpt lat="37.111856" lon="128.945849">
        <ele>947.2</ele>
      </trkpt>
      <trkpt lat="37.111828" lon="128.945805">
        <ele>947.4</ele>
      </trkpt>
      <trkpt lat="37.111801" lon="128.945760">
        <ele>947.6</ele>
      </trkpt>
      <trkpt lat="37.111773" lon="128.945715">
        <ele>947.8</ele>
      </trkpt>
      <trkpt lat="37.111746" lon="128.945671">
        <ele>948.0</ele>
      </trkpt>
      <trkpt lat="37.111718" lon="128.945626">
        <ele>948.2</ele>
      </trkpt>
      <trkpt lat="37.111689" lon="128.945583">
        <ele>948.5</ele>
      </trkpt>
      <trkpt lat="37.111656" lon="128.945546">
        <ele>949.3</ele>
      </trkpt>
      <trkpt lat="37.111622" lon="128.945508">
        <ele>950.0</ele>
      </trkpt>
      <trkpt lat="37.111589" lon="128.945470">
        <ele>950.8</ele>
      </trkpt>
      <trkpt lat="37.111555" lon="128.945433">
        <ele>951.6</ele>
      </trkpt>
      <trkpt lat="37.111522" lon="128.945395">
        <ele>952.4</ele>
      </trkpt>
      <trkpt lat="37.111488" lon="128.945357">
        <ele>953.1</ele>
      </trkpt>
      <trkpt lat="37.111455" lon="128.945320">
        <ele>953.9</ele>
      </trkpt>
      <trkpt lat="37.111422" lon="128.945282">
        <ele>954.7</ele>
      </trkpt>
      <trkpt lat="37.111388" lon="128.945244">
        <ele>955.5</ele>
      </trkpt>
      <trkpt lat="37.111355" lon="128.945207">
        <ele>956.2</ele>
      </trkpt>
      <trkpt lat="37.111321" lon="128.945169">
        <ele>957.0</ele>
      </trkpt>
      <trkpt lat="37.111288" lon="128.945131">
        <ele>957.8</ele>
      </trkpt>
      <trkpt lat="37.111254" lon="128.945095">
        <ele>958.6</ele>
      </trkpt>
      <trkpt lat="37.111218" lon="128.945060">
        <ele>959.4</ele>
      </trkpt>
      <trkpt lat="37.111182" lon="128.945026">
        <ele>960.2</ele>
      </trkpt>
      <trkpt lat="37.111147" lon="128.944991">
        <ele>961.0</ele>
      </trkpt>
      <trkpt lat="37.111111" lon="128.944957">
        <ele>961.8</ele>
      </trkpt>
      <trkpt lat="37.111076" lon="128.944922">
        <ele>962.7</ele>
      </trkpt>
      <trkpt lat="37.111040" lon="128.944887">
        <ele>963.5</ele>
      </trkpt>
      <trkpt lat="37.111005" lon="128.944853">
        <ele>964.3</ele>
      </trkpt>
      <trkpt lat="37.110969" lon="128.944818">
        <ele>965.1</ele>
      </trkpt>
      <trkpt lat="37.110934" lon="128.944784">
        <ele>965.9</ele>
      </trkpt>
      <trkpt lat="37.110898" lon="128.944749">
        <ele>966.8</ele>
      </trkpt>
      <trkpt lat="37.110863" lon="128.944715">
        <ele>967.6</ele>
      </trkpt>
      <trkpt lat="37.110827" lon="128.944680">
        <ele>968.4</ele>
      </trkpt>
      <trkpt lat="37.110786" lon="128.944660">
        <ele>968.8</ele>
      </trkpt>
      <trkpt lat="37.110743" lon="128.944641">
        <ele>969.1</ele>
      </trkpt>
      <trkpt lat="37.110701" lon="128.944622">
        <ele>969.5</ele>
      </trkpt>
      <trkpt lat="37.110658" lon="128.944604">
        <ele>969.8</ele>
      </trkpt>
      <trkpt lat="37.110616" lon="128.944585">
        <ele>970.2</ele>
      </trkpt>
      <trkpt lat="37.110573" lon="128.944567">
        <ele>970.5</ele>
      </trkpt>
      <trkpt lat="37.110531" lon="128.944548">
        <ele>970.8</ele>
      </trkpt>
      <trkpt lat="37.110488" lon="128.944529">
        <ele>971.2</ele>
      </trkpt>
      <trkpt lat="37.110446" lon="128.944511">
        <ele>971.5</ele>
      </trkpt>
      <trkpt lat="37.110404" lon="128.944492">
        <ele>971.9</ele>
      </trkpt>
      <trkpt lat="37.110361" lon="128.944473">
        <ele>972.2</ele>
      </trkpt>
      <trkpt lat="37.110319" lon="128.944455">
        <ele>972.5</ele>
      </trkpt>
      <trkpt lat="37.110276" lon="128.944436">
        <ele>972.9</ele>
      </trkpt>
      <trkpt lat="37.110234" lon="128.944418">
        <ele>973.2</ele>
      </trkpt>
      <trkpt lat="37.110191" lon="128.944399">
        <ele>973.6</ele>
      </trkpt>
      <trkpt lat="37.110149" lon="128.944380">
        <ele>973.9</ele>
      </trkpt>
      <trkpt lat="37.110106" lon="128.944362">
        <ele>974.2</ele>
      </trkpt>
      <trkpt lat="37.110064" lon="128.944343">
        <ele>974.6</ele>
      </trkpt>
      <trkpt lat="37.110022" lon="128.944325">
        <ele>974.9</ele>
      </trkpt>
      <trkpt lat="37.109982" lon="128.944297">
        <ele>975.1</ele>
      </trkpt>
      <trkpt lat="37.109944" lon="128.944267">
        <ele>975.3</ele>
      </trkpt>
      <trkpt lat="37.109906" lon="128.944237">
        <ele>975.5</ele>
      </trkpt>
      <trkpt lat="37.109868" lon="128.944207">
        <ele>975.7</ele>
      </trkpt>
      <trkpt lat="37.109831" lon="128.944176">
        <ele>976.3</ele>
      </trkpt>
      <trkpt lat="37.109794" lon="128.944144">
        <ele>977.7</ele>
      </trkpt>
      <trkpt lat="37.109757" lon="128.944112">
        <ele>979.0</ele>
      </trkpt>
      <trkpt lat="37.109720" lon="128.944080">
        <ele>980.4</ele>
      </trkpt>
      <trkpt lat="37.109683" lon="128.944048">
        <ele>981.7</ele>
      </trkpt>
      <trkpt lat="37.109646" lon="128.944016">
        <ele>983.0</ele>
      </trkpt>
      <trkpt lat="37.109609" lon="128.943984">
        <ele>984.4</ele>
      </trkpt>
      <trkpt lat="37.109572" lon="128.943952">
        <ele>985.7</ele>
      </trkpt>
      <trkpt lat="37.109535" lon="128.943920">
        <ele>987.1</ele>
      </trkpt>
      <trkpt lat="37.109498" lon="128.943888">
        <ele>988.4</ele>
      </trkpt>
      <trkpt lat="37.109461" lon="128.943856">
        <ele>989.7</ele>
      </trkpt>
      <trkpt lat="37.109420" lon="128.943832">
        <ele>990.4</ele>
      </trkpt>
      <trkpt lat="37.109379" lon="128.943809">
        <ele>991.1</ele>
      </trkpt>
      <trkpt lat="37.109338" lon="128.943786">
        <ele>991.7</ele>
      </trkpt>
      <trkpt lat="37.109297" lon="128.943763">
        <ele>992.3</ele>
      </trkpt>
      <trkpt lat="37.109256" lon="128.943740">
        <ele>993.0</ele>
      </trkpt>
      <trkpt lat="37.109215" lon="128.943717">
        <ele>993.6</ele>
      </trkpt>
      <trkpt lat="37.109173" lon="128.943695">
        <ele>994.3</ele>
      </trkpt>
      <trkpt lat="37.109132" lon="128.943672">
        <ele>994.9</ele>
      </trkpt>
      <trkpt lat="37.109091" lon="128.943649">
        <ele>995.5</ele>
      </trkpt>
      <trkpt lat="37.109050" lon="128.943626">
        <ele>996.2</ele>
      </trkpt>
      <trkpt lat="37.109009" lon="128.943603">
        <ele>996.8</ele>
      </trkpt>
      <trkpt lat="37.108968" lon="128.943580">
        <ele>997.5</ele>
      </trkpt>
      <trkpt lat="37.108932" lon="128.943548">
        <ele>998.1</ele>
      </trkpt>
      <trkpt lat="37.108901" lon="128.943507">
        <ele>998.8</ele>
      </trkpt>
      <trkpt lat="37.108871" lon="128.943466">
        <ele>999.4</ele>
      </trkpt>
      <trkpt lat="37.108840" lon="128.943424">
        <ele>1000.1</ele>
      </trkpt>
      <trkpt lat="37.108809" lon="128.943383">
        <ele>1000.8</ele>
      </trkpt>
      <trkpt lat="37.108779" lon="128.943342">
        <ele>1001.4</ele>
      </trkpt>
      <trkpt lat="37.108748" lon="128.943301">
        <ele>1002.1</ele>
      </trkpt>
      <trkpt lat="37.108717" lon="128.943259">
        <ele>1002.7</ele>
      </trkpt>
      <trkpt lat="37.108687" lon="128.943218">
        <ele>1003.4</ele>
      </trkpt>
      <trkpt lat="37.108656" lon="128.943177">
        <ele>1004.1</ele>
      </trkpt>
      <trkpt lat="37.108625" lon="128.943136">
        <ele>1004.7</ele>
      </trkpt>
      <trkpt lat="37.108595" lon="128.943095">
        <ele>1005.4</ele>
      </trkpt>
      <trkpt lat="37.108569" lon="128.943049">
        <ele>1005.3</ele>
      </trkpt>
      <trkpt lat="37.108544" lon="128.943002">
        <ele>1005.1</ele>
      </trkpt>
      <trkpt lat="37.108519" lon="128.942955">
        <ele>1004.9</ele>
      </trkpt>
      <trkpt lat="37.108494" lon="128.942908">
        <ele>1004.6</ele>
      </trkpt>
      <trkpt lat="37.108469" lon="128.942861">
        <ele>1004.4</ele>
      </trkpt>
      <trkpt lat="37.108444" lon="128.942814">
        <ele>1004.2</ele>
      </trkpt>
      <trkpt lat="37.108419" lon="128.942767">
        <ele>1003.9</ele>
      </trkpt>
      <trkpt lat="37.108394" lon="128.942720">
        <ele>1003.7</ele>
      </trkpt>
      <trkpt lat="37.108370" lon="128.942673">
        <ele>1003.5</ele>
      </trkpt>
      <trkpt lat="37.108345" lon="128.942626">
        <ele>1003.2</ele>
      </trkpt>
      <trkpt lat="37.108320" lon="128.942579">
        <ele>1003.0</ele>
      </trkpt>
      <trkpt lat="37.108295" lon="128.942532">
        <ele>1002.9</ele>
      </trkpt>
      <trkpt lat="37.108273" lon="128.942483">
        <ele>1004.1</ele>
      </trkpt>
      <trkpt lat="37.108250" lon="128.942434">
        <ele>1005.3</ele>
      </trkpt>
      <trkpt lat="37.108228" lon="128.942385">
        <ele>1006.6</ele>
      </trkpt>
      <trkpt lat="37.108205" lon="128.942337">
        <ele>1007.8</ele>
      </trkpt>
      <trkpt lat="37.108183" lon="128.942288">
        <ele>1009.0</ele>
      </trkpt>
      <trkpt lat="37.108160" lon="128.942239">
        <ele>1010.3</ele>
      </trkpt>
      <trkpt lat="37.108138" lon="128.942190">
        <ele>1011.5</ele>
      </trkpt>
      <trkpt lat="37.108115" lon="128.942141">
        <ele>1012.7</ele>
      </trkpt>
      <trkpt lat="37.108093" lon="128.942092">
        <ele>1014.0</ele>
      </trkpt>
      <trkpt lat="37.108070" lon="128.942044">
        <ele>1015.2</ele>
      </trkpt>
      <trkpt lat="37.108048" lon="128.941995">
        <ele>1016.5</ele>
      </trkpt>
      <trkpt lat="37.108025" lon="128.941946">
        <ele>1017.7</ele>
      </trkpt>
      <trkpt lat="37.108003" lon="128.941897">
        <ele>1018.9</ele>
      </trkpt>
      <trkpt lat="37.107980" lon="128.941848">
        <ele>1020.2</ele>
      </trkpt>
      <trkpt lat="37.107958" lon="128.941800">
        <ele>1021.4</ele>
      </trkpt>
      <trkpt lat="37.107935" lon="128.941751">
        <ele>1022.6</ele>
      </trkpt>
      <trkpt lat="37.107913" lon="128.941702">
        <ele>1023.9</ele>
      </trkpt>
      <trkpt lat="37.107890" lon="128.941653">
        <ele>1025.1</ele>
      </trkpt>
      <trkpt lat="37.107868" lon="128.941604">
        <ele>1026.3</ele>
      </trkpt>
      <trkpt lat="37.107845" lon="128.941555">
        <ele>1027.6</ele>
      </trkpt>
      <trkpt lat="37.107823" lon="128.941507">
        <ele>1028.8</ele>
      </trkpt>
      <trkpt lat="37.107800" lon="128.941458">
        <ele>1030.1</ele>
      </trkpt>
      <trkpt lat="37.107778" lon="128.941409">
        <ele>1031.3</ele>
      </trkpt>
      <trkpt lat="37.107762" lon="128.941357">
        <ele>1032.3</ele>
      </trkpt>
      <trkpt lat="37.107754" lon="128.941302">
        <ele>1033.1</ele>
      </trkpt>
      <trkpt lat="37.107746" lon="128.941246">
        <ele>1033.9</ele>
      </trkpt>
      <trkpt lat="37.107738" lon="128.941191">
        <ele>1034.7</ele>
      </trkpt>
      <trkpt lat="37.107730" lon="128.941135">
        <ele>1035.5</ele>
      </trkpt>
      <trkpt lat="37.107722" lon="128.941080">
        <ele>1036.3</ele>
      </trkpt>
      <trkpt lat="37.107711" lon="128.941025">
        <ele>1037.2</ele>
      </trkpt>
      <trkpt lat="37.107696" lon="128.940972">
        <ele>1038.0</ele>
      </trkpt>
      <trkpt lat="37.107681" lon="128.940919">
        <ele>1038.8</ele>
      </trkpt>
      <trkpt lat="37.107666" lon="128.940866">
        <ele>1039.6</ele>
      </trkpt>
      <trkpt lat="37.107651" lon="128.940813">
        <ele>1040.5</ele>
      </trkpt>
      <trkpt lat="37.107636" lon="128.940760">
        <ele>1041.3</ele>
      </trkpt>
      <trkpt lat="37.107621" lon="128.940707">
        <ele>1042.1</ele>
      </trkpt>
      <trkpt lat="37.107605" lon="128.940653">
        <ele>1043.0</ele>
      </trkpt>
      <trkpt lat="37.107590" lon="128.940600">
        <ele>1043.8</ele>
      </trkpt>
      <trkpt lat="37.107575" lon="128.940547">
        <ele>1044.6</ele>
      </trkpt>
      <trkpt lat="37.107558" lon="128.940495">
        <ele>1045.8</ele>
      </trkpt>
      <trkpt lat="37.107539" lon="128.940444">
        <ele>1047.2</ele>
      </trkpt>
      <trkpt lat="37.107519" lon="128.940394">
        <ele>1048.7</ele>
      </trkpt>
      <trkpt lat="37.107500" lon="128.940343">
        <ele>1050.2</ele>
      </trkpt>
      <trkpt lat="37.107481" lon="128.940292">
        <ele>1051.6</ele>
      </trkpt>
      <trkpt lat="37.107461" lon="128.940241">
        <ele>1053.1</ele>
      </trkpt>
      <trkpt lat="37.107442" lon="128.940190">
        <ele>1054.6</ele>
      </trkpt>
      <trkpt lat="37.107423" lon="128.940139">
        <ele>1056.0</ele>
      </trkpt>
      <trkpt lat="37.107403" lon="128.940088">
        <ele>1057.5</ele>
      </trkpt>
      <trkpt lat="37.107384" lon="128.940037">
        <ele>1059.0</ele>
      </trkpt>
      <trkpt lat="37.107356" lon="128.939996">
        <ele>1060.0</ele>
      </trkpt>
      <trkpt lat="37.107317" lon="128.939968">
        <ele>1060.4</ele>
      </trkpt>
      <trkpt lat="37.107278" lon="128.939940">
        <ele>1060.9</ele>
      </trkpt>
      <trkpt lat="37.107239" lon="128.939913">
        <ele>1061.4</ele>
      </trkpt>
      <trkpt lat="37.107200" lon="128.939885">
        <ele>1061.8</ele>
      </trkpt>
      <trkpt lat="37.107161" lon="128.939857">
        <ele>1062.3</ele>
      </trkpt>
      <trkpt lat="37.107122" lon="128.939829">
        <ele>1062.7</ele>
      </trkpt>
      <trkpt lat="37.107083" lon="128.939801">
        <ele>1063.2</ele>
      </trkpt>
      <trkpt lat="37.107043" lon="128.939773">
        <ele>1063.6</ele>
      </trkpt>
      <trkpt lat="37.107008" lon="128.939741">
        <ele>1064.2</ele>
      </trkpt>
      <trkpt lat="37.106988" lon="128.939690">
        <ele>1065.1</ele>
      </trkpt>
      <trkpt lat="37.106968" lon="128.939640">
        <ele>1066.1</ele>
      </trkpt>
      <trkpt lat="37.106955" lon="128.939587">
        <ele>1067.1</ele>
      </trkpt>
      <trkpt lat="37.106947" lon="128.939531">
        <ele>1068.3</ele>
      </trkpt>
      <trkpt lat="37.106939" lon="128.939476">
        <ele>1069.4</ele>
      </trkpt>
      <trkpt lat="37.106931" lon="128.939420">
        <ele>1070.5</ele>
      </trkpt>
      <trkpt lat="37.106923" lon="128.939365">
        <ele>1071.7</ele>
      </trkpt>
      <trkpt lat="37.106902" lon="128.939316">
        <ele>1071.8</ele>
      </trkpt>
      <trkpt lat="37.106877" lon="128.939269">
        <ele>1071.5</ele>
      </trkpt>
      <trkpt lat="37.106849" lon="128.939244">
        <ele>1071.3</ele>
      </trkpt>
      <trkpt lat="37.106812" lon="128.939276">
        <ele>1071.3</ele>
      </trkpt>
      <trkpt lat="37.106838" lon="128.939253">
        <ele>1071.6</ele>
      </trkpt>
      <trkpt lat="37.106848" lon="128.939214">
        <ele>1071.8</ele>
      </trkpt>
      <trkpt lat="37.106823" lon="128.939168">
        <ele>1071.7</ele>
      </trkpt>
      <trkpt lat="37.106797" lon="128.939121">
        <ele>1071.7</ele>
      </trkpt>
      <trkpt lat="37.106772" lon="128.939074">
        <ele>1071.6</ele>
      </trkpt>
      <trkpt lat="37.106747" lon="128.939028">
        <ele>1071.6</ele>
      </trkpt>
      <trkpt lat="37.106722" lon="128.938981">
        <ele>1071.5</ele>
      </trkpt>
      <trkpt lat="37.106697" lon="128.938934">
        <ele>1071.4</ele>
      </trkpt>
      <trkpt lat="37.106671" lon="128.938887">
        <ele>1071.4</ele>
      </trkpt>
      <trkpt lat="37.106646" lon="128.938841">
        <ele>1071.3</ele>
      </trkpt>
      <trkpt lat="37.106632" lon="128.938791">
        <ele>1071.5</ele>
      </trkpt>
      <trkpt lat="37.106641" lon="128.938736">
        <ele>1071.9</ele>
      </trkpt>
      <trkpt lat="37.106650" lon="128.938681">
        <ele>1072.4</ele>
      </trkpt>
      <trkpt lat="37.106659" lon="128.938626">
        <ele>1072.9</ele>
      </trkpt>
      <trkpt lat="37.106668" lon="128.938570">
        <ele>1073.4</ele>
      </trkpt>
      <trkpt lat="37.106677" lon="128.938515">
        <ele>1073.9</ele>
      </trkpt>
      <trkpt lat="37.106686" lon="128.938460">
        <ele>1074.3</ele>
      </trkpt>
      <trkpt lat="37.106695" lon="128.938405">
        <ele>1074.8</ele>
      </trkpt>
      <trkpt lat="37.106704" lon="128.938349">
        <ele>1075.3</ele>
      </trkpt>
      <trkpt lat="37.106713" lon="128.938294">
        <ele>1075.8</ele>
      </trkpt>
      <trkpt lat="37.106723" lon="128.938239">
        <ele>1076.5</ele>
      </trkpt>
      <trkpt lat="37.106733" lon="128.938184">
        <ele>1077.5</ele>
      </trkpt>
      <trkpt lat="37.106743" lon="128.938129">
        <ele>1078.5</ele>
      </trkpt>
      <trkpt lat="37.106754" lon="128.938075">
        <ele>1079.4</ele>
      </trkpt>
      <trkpt lat="37.106764" lon="128.938020">
        <ele>1080.4</ele>
      </trkpt>
      <trkpt lat="37.106775" lon="128.937965">
        <ele>1081.4</ele>
      </trkpt>
      <trkpt lat="37.106785" lon="128.937910">
        <ele>1082.3</ele>
      </trkpt>
      <trkpt lat="37.106795" lon="128.937855">
        <ele>1083.3</ele>
      </trkpt>
      <trkpt lat="37.106806" lon="128.937800">
        <ele>1084.2</ele>
      </trkpt>
      <trkpt lat="37.106816" lon="128.937745">
        <ele>1085.2</ele>
      </trkpt>
      <trkpt lat="37.106827" lon="128.937691">
        <ele>1086.2</ele>
      </trkpt>
      <trkpt lat="37.106837" lon="128.937636">
        <ele>1087.1</ele>
      </trkpt>
      <trkpt lat="37.106847" lon="128.937581">
        <ele>1088.1</ele>
      </trkpt>
      <trkpt lat="37.106858" lon="128.937526">
        <ele>1089.1</ele>
      </trkpt>
      <trkpt lat="37.106868" lon="128.937471">
        <ele>1090.0</ele>
      </trkpt>
      <trkpt lat="37.106879" lon="128.937416">
        <ele>1091.0</ele>
      </trkpt>
      <trkpt lat="37.106889" lon="128.937361">
        <ele>1092.0</ele>
      </trkpt>
      <trkpt lat="37.106899" lon="128.937307">
        <ele>1092.9</ele>
      </trkpt>
      <trkpt lat="37.106910" lon="128.937252">
        <ele>1093.9</ele>
      </trkpt>
      <trkpt lat="37.106920" lon="128.937197">
        <ele>1094.9</ele>
      </trkpt>
      <trkpt lat="37.106931" lon="128.937142">
        <ele>1095.8</ele>
      </trkpt>
      <trkpt lat="37.106941" lon="128.937087">
        <ele>1096.8</ele>
      </trkpt>
      <trkpt lat="37.106951" lon="128.937032">
        <ele>1097.8</ele>
      </trkpt>
      <trkpt lat="37.106962" lon="128.936978">
        <ele>1098.5</ele>
      </trkpt>
      <trkpt lat="37.106973" lon="128.936923">
        <ele>1099.2</ele>
      </trkpt>
      <trkpt lat="37.106984" lon="128.936868">
        <ele>1099.9</ele>
      </trkpt>
      <trkpt lat="37.106995" lon="128.936814">
        <ele>1100.6</ele>
      </trkpt>
      <trkpt lat="37.107006" lon="128.936759">
        <ele>1101.2</ele>
      </trkpt>
      <trkpt lat="37.107018" lon="128.936704">
        <ele>1101.9</ele>
      </trkpt>
      <trkpt lat="37.107029" lon="128.936650">
        <ele>1102.6</ele>
      </trkpt>
      <trkpt lat="37.107040" lon="128.936595">
        <ele>1103.3</ele>
      </trkpt>
      <trkpt lat="37.107051" lon="128.936540">
        <ele>1104.0</ele>
      </trkpt>
      <trkpt lat="37.107061" lon="128.936486">
        <ele>1104.7</ele>
      </trkpt>
      <trkpt lat="37.107070" lon="128.936430">
        <ele>1105.4</ele>
      </trkpt>
      <trkpt lat="37.107078" lon="128.936375">
        <ele>1106.1</ele>
      </trkpt>
      <trkpt lat="37.107087" lon="128.936319">
        <ele>1106.8</ele>
      </trkpt>
      <trkpt lat="37.107095" lon="128.936264">
        <ele>1107.5</ele>
      </trkpt>
      <trkpt lat="37.107104" lon="128.936209">
        <ele>1108.2</ele>
      </trkpt>
      <trkpt lat="37.107112" lon="128.936153">
        <ele>1108.8</ele>
      </trkpt>
      <trkpt lat="37.107121" lon="128.936098">
        <ele>1109.5</ele>
      </trkpt>
      <trkpt lat="37.107129" lon="128.936043">
        <ele>1110.2</ele>
      </trkpt>
      <trkpt lat="37.107148" lon="128.935991">
        <ele>1110.8</ele>
      </trkpt>
      <trkpt lat="37.107166" lon="128.935940">
        <ele>1111.3</ele>
      </trkpt>
      <trkpt lat="37.107174" lon="128.935885">
        <ele>1111.8</ele>
      </trkpt>
      <trkpt lat="37.107182" lon="128.935829">
        <ele>1112.3</ele>
      </trkpt>
      <trkpt lat="37.107200" lon="128.935777">
        <ele>1112.5</ele>
      </trkpt>
      <trkpt lat="37.107218" lon="128.935726">
        <ele>1112.6</ele>
      </trkpt>
      <trkpt lat="37.107236" lon="128.935674">
        <ele>1112.8</ele>
      </trkpt>
      <trkpt lat="37.107235" lon="128.935620">
        <ele>1113.0</ele>
      </trkpt>
      <trkpt lat="37.107228" lon="128.935564">
        <ele>1113.3</ele>
      </trkpt>
      <trkpt lat="37.107220" lon="128.935508">
        <ele>1113.5</ele>
      </trkpt>
      <trkpt lat="37.107213" lon="128.935453">
        <ele>1113.8</ele>
      </trkpt>
      <trkpt lat="37.107203" lon="128.935398">
        <ele>1114.1</ele>
      </trkpt>
      <trkpt lat="37.107194" lon="128.935343">
        <ele>1114.4</ele>
      </trkpt>
      <trkpt lat="37.107184" lon="128.935288">
        <ele>1114.6</ele>
      </trkpt>
      <trkpt lat="37.107174" lon="128.935232">
        <ele>1114.9</ele>
      </trkpt>
      <trkpt lat="37.107165" lon="128.935177">
        <ele>1115.2</ele>
      </trkpt>
      <trkpt lat="37.107156" lon="128.935122">
        <ele>1115.5</ele>
      </trkpt>
      <trkpt lat="37.107151" lon="128.935066">
        <ele>1116.0</ele>
      </trkpt>
      <trkpt lat="37.107146" lon="128.935010">
        <ele>1116.5</ele>
      </trkpt>
      <trkpt lat="37.107141" lon="128.934954">
        <ele>1117.0</ele>
      </trkpt>
      <trkpt lat="37.107136" lon="128.934898">
        <ele>1117.4</ele>
      </trkpt>
      <trkpt lat="37.107131" lon="128.934842">
        <ele>1117.9</ele>
      </trkpt>
      <trkpt lat="37.107118" lon="128.934788">
        <ele>1118.5</ele>
      </trkpt>
      <trkpt lat="37.107103" lon="128.934735">
        <ele>1119.2</ele>
      </trkpt>
      <trkpt lat="37.107087" lon="128.934682">
        <ele>1119.8</ele>
      </trkpt>
      <trkpt lat="37.107072" lon="128.934629">
        <ele>1120.5</ele>
      </trkpt>
      <trkpt lat="37.107057" lon="128.934576">
        <ele>1121.2</ele>
      </trkpt>
      <trkpt lat="37.107048" lon="128.934521">
        <ele>1121.8</ele>
      </trkpt>
      <trkpt lat="37.107046" lon="128.934465">
        <ele>1122.3</ele>
      </trkpt>
      <trkpt lat="37.107044" lon="128.934409">
        <ele>1122.9</ele>
      </trkpt>
      <trkpt lat="37.107042" lon="128.934352">
        <ele>1123.5</ele>
      </trkpt>
      <trkpt lat="37.107041" lon="128.934296">
        <ele>1124.1</ele>
      </trkpt>
      <trkpt lat="37.107039" lon="128.934240">
        <ele>1124.6</ele>
      </trkpt>
      <trkpt lat="37.107037" lon="128.934183">
        <ele>1125.2</ele>
      </trkpt>
      <trkpt lat="37.107035" lon="128.934127">
        <ele>1125.8</ele>
      </trkpt>
      <trkpt lat="37.107033" lon="128.934071">
        <ele>1126.4</ele>
      </trkpt>
      <trkpt lat="37.107031" lon="128.934014">
        <ele>1126.9</ele>
      </trkpt>
      <trkpt lat="37.107025" lon="128.933959">
        <ele>1127.4</ele>
      </trkpt>
      <trkpt lat="37.107012" lon="128.933905">
        <ele>1127.6</ele>
      </trkpt>
      <trkpt lat="37.106999" lon="128.933851">
        <ele>1127.8</ele>
      </trkpt>
      <trkpt lat="37.106986" lon="128.933797">
        <ele>1128.1</ele>
      </trkpt>
      <trkpt lat="37.106973" lon="128.933743">
        <ele>1128.3</ele>
      </trkpt>
      <trkpt lat="37.106960" lon="128.933689">
        <ele>1128.5</ele>
      </trkpt>
      <trkpt lat="37.106947" lon="128.933635">
        <ele>1128.8</ele>
      </trkpt>
      <trkpt lat="37.106934" lon="128.933581">
        <ele>1129.0</ele>
      </trkpt>
      <trkpt lat="37.106920" lon="128.933527">
        <ele>1129.2</ele>
      </trkpt>
      <trkpt lat="37.106907" lon="128.933473">
        <ele>1129.4</ele>
      </trkpt>
      <trkpt lat="37.106894" lon="128.933420">
        <ele>1129.7</ele>
      </trkpt>
      <trkpt lat="37.106895" lon="128.933367">
        <ele>1130.5</ele>
      </trkpt>
      <trkpt lat="37.106913" lon="128.933315">
        <ele>1132.3</ele>
      </trkpt>
      <trkpt lat="37.106931" lon="128.933263">
        <ele>1134.0</ele>
      </trkpt>
      <trkpt lat="37.106949" lon="128.933212">
        <ele>1135.7</ele>
      </trkpt>
      <trkpt lat="37.106967" lon="128.933160">
        <ele>1137.4</ele>
      </trkpt>
      <trkpt lat="37.106985" lon="128.933108">
        <ele>1139.1</ele>
      </trkpt>
      <trkpt lat="37.107003" lon="128.933057">
        <ele>1140.8</ele>
      </trkpt>
      <trkpt lat="37.107021" lon="128.933005">
        <ele>1142.5</ele>
      </trkpt>
      <trkpt lat="37.107041" lon="128.932955">
        <ele>1144.3</ele>
      </trkpt>
      <trkpt lat="37.107067" lon="128.932909">
        <ele>1146.1</ele>
      </trkpt>
      <trkpt lat="37.107093" lon="128.932863">
        <ele>1148.0</ele>
      </trkpt>
      <trkpt lat="37.107119" lon="128.932816">
        <ele>1149.8</ele>
      </trkpt>
      <trkpt lat="37.107145" lon="128.932770">
        <ele>1151.7</ele>
      </trkpt>
      <trkpt lat="37.107170" lon="128.932724">
        <ele>1153.5</ele>
      </trkpt>
      <trkpt lat="37.107150" lon="128.932673">
        <ele>1154.2</ele>
      </trkpt>
      <trkpt lat="37.107131" lon="128.932622">
        <ele>1154.9</ele>
      </trkpt>
      <trkpt lat="37.107112" lon="128.932571">
        <ele>1155.6</ele>
      </trkpt>
      <trkpt lat="37.107134" lon="128.932534">
        <ele>1157.1</ele>
      </trkpt>
      <trkpt lat="37.107170" lon="128.932501">
        <ele>1158.9</ele>
      </trkpt>
      <trkpt lat="37.107200" lon="128.932465">
        <ele>1160.7</ele>
      </trkpt>
      <trkpt lat="37.107188" lon="128.932410">
        <ele>1161.9</ele>
      </trkpt>
      <trkpt lat="37.107176" lon="128.932356">
        <ele>1163.0</ele>
      </trkpt>
      <trkpt lat="37.107176" lon="128.932304">
        <ele>1164.4</ele>
      </trkpt>
      <trkpt lat="37.107198" lon="128.932255">
        <ele>1166.0</ele>
      </trkpt>
      <trkpt lat="37.107221" lon="128.932206">
        <ele>1167.5</ele>
      </trkpt>
      <trkpt lat="37.107243" lon="128.932157">
        <ele>1169.1</ele>
      </trkpt>
      <trkpt lat="37.107265" lon="128.932108">
        <ele>1170.7</ele>
      </trkpt>
      <trkpt lat="37.107287" lon="128.932059">
        <ele>1172.3</ele>
      </trkpt>
      <trkpt lat="37.107310" lon="128.932010">
        <ele>1173.9</ele>
      </trkpt>
      <trkpt lat="37.107332" lon="128.931961">
        <ele>1175.5</ele>
      </trkpt>
      <trkpt lat="37.107354" lon="128.931912">
        <ele>1177.0</ele>
      </trkpt>
      <trkpt lat="37.107373" lon="128.931862">
        <ele>1178.6</ele>
      </trkpt>
      <trkpt lat="37.107377" lon="128.931805">
        <ele>1179.8</ele>
      </trkpt>
      <trkpt lat="37.107380" lon="128.931749">
        <ele>1181.1</ele>
      </trkpt>
      <trkpt lat="37.107384" lon="128.931693">
        <ele>1182.4</ele>
      </trkpt>
      <trkpt lat="37.107388" lon="128.931637">
        <ele>1183.7</ele>
      </trkpt>
      <trkpt lat="37.107383" lon="128.931581">
        <ele>1185.1</ele>
      </trkpt>
      <trkpt lat="37.107375" lon="128.931526">
        <ele>1186.6</ele>
      </trkpt>
      <trkpt lat="37.107367" lon="128.931470">
        <ele>1188.1</ele>
      </trkpt>
      <trkpt lat="37.107359" lon="128.931415">
        <ele>1189.6</ele>
      </trkpt>
      <trkpt lat="37.107367" lon="128.931360">
        <ele>1191.0</ele>
      </trkpt>
      <trkpt lat="37.107380" lon="128.931306">
        <ele>1192.3</ele>
      </trkpt>
      <trkpt lat="37.107393" lon="128.931252">
        <ele>1193.6</ele>
      </trkpt>
      <trkpt lat="37.107409" lon="128.931200">
        <ele>1194.8</ele>
      </trkpt>
      <trkpt lat="37.107429" lon="128.931150">
        <ele>1195.7</ele>
      </trkpt>
      <trkpt lat="37.107450" lon="128.931100">
        <ele>1196.6</ele>
      </trkpt>
      <trkpt lat="37.107471" lon="128.931050">
        <ele>1197.5</ele>
      </trkpt>
      <trkpt lat="37.107492" lon="128.931000">
        <ele>1198.5</ele>
      </trkpt>
      <trkpt lat="37.107513" lon="128.930950">
        <ele>1199.4</ele>
      </trkpt>
      <trkpt lat="37.107534" lon="128.930900">
        <ele>1200.3</ele>
      </trkpt>
      <trkpt lat="37.107555" lon="128.930850">
        <ele>1201.2</ele>
      </trkpt>
      <trkpt lat="37.107575" lon="128.930800">
        <ele>1202.1</ele>
      </trkpt>
      <trkpt lat="37.107596" lon="128.930750">
        <ele>1203.0</ele>
      </trkpt>
      <trkpt lat="37.107617" lon="128.930700">
        <ele>1203.9</ele>
      </trkpt>
      <trkpt lat="37.107638" lon="128.930650">
        <ele>1204.8</ele>
      </trkpt>
      <trkpt lat="37.107658" lon="128.930600">
        <ele>1205.6</ele>
      </trkpt>
      <trkpt lat="37.107675" lon="128.930548">
        <ele>1205.9</ele>
      </trkpt>
      <trkpt lat="37.107692" lon="128.930495">
        <ele>1206.2</ele>
      </trkpt>
      <trkpt lat="37.107708" lon="128.930443">
        <ele>1206.5</ele>
      </trkpt>
      <trkpt lat="37.107725" lon="128.930391">
        <ele>1206.9</ele>
      </trkpt>
      <trkpt lat="37.107723" lon="128.930338">
        <ele>1207.3</ele>
      </trkpt>
      <trkpt lat="37.107707" lon="128.930285">
        <ele>1207.8</ele>
      </trkpt>
      <trkpt lat="37.107690" lon="128.930235">
        <ele>1208.4</ele>
      </trkpt>
      <trkpt lat="37.107647" lon="128.930217">
        <ele>1209.3</ele>
      </trkpt>
      <trkpt lat="37.107604" lon="128.930200">
        <ele>1210.2</ele>
      </trkpt>
      <trkpt lat="37.107562" lon="128.930182">
        <ele>1211.1</ele>
      </trkpt>
      <trkpt lat="37.107519" lon="128.930165">
        <ele>1212.1</ele>
      </trkpt>
      <trkpt lat="37.107476" lon="128.930147">
        <ele>1213.0</ele>
      </trkpt>
      <trkpt lat="37.107433" lon="128.930130">
        <ele>1213.9</ele>
      </trkpt>
      <trkpt lat="37.107389" lon="128.930130">
        <ele>1215.1</ele>
      </trkpt>
      <trkpt lat="37.107344" lon="128.930133">
        <ele>1216.3</ele>
      </trkpt>
      <trkpt lat="37.107299" lon="128.930136">
        <ele>1217.5</ele>
      </trkpt>
      <trkpt lat="37.107254" lon="128.930139">
        <ele>1218.7</ele>
      </trkpt>
      <trkpt lat="37.107209" lon="128.930141">
        <ele>1219.9</ele>
      </trkpt>
      <trkpt lat="37.107164" lon="128.930144">
        <ele>1221.1</ele>
      </trkpt>
      <trkpt lat="37.107119" lon="128.930147">
        <ele>1222.3</ele>
      </trkpt>
      <trkpt lat="37.107075" lon="128.930135">
        <ele>1223.7</ele>
      </trkpt>
      <trkpt lat="37.107032" lon="128.930123">
        <ele>1225.1</ele>
      </trkpt>
      <trkpt lat="37.106988" lon="128.930110">
        <ele>1226.6</ele>
      </trkpt>
      <trkpt lat="37.106944" lon="128.930098">
        <ele>1228.0</ele>
      </trkpt>
      <trkpt lat="37.106900" lon="128.930086">
        <ele>1229.4</ele>
      </trkpt>
      <trkpt lat="37.106856" lon="128.930073">
        <ele>1230.9</ele>
      </trkpt>
      <trkpt lat="37.106812" lon="128.930061">
        <ele>1232.3</ele>
      </trkpt>
      <trkpt lat="37.106770" lon="128.930068">
        <ele>1233.1</ele>
      </trkpt>
      <trkpt lat="37.106730" lon="128.930092">
        <ele>1233.4</ele>
      </trkpt>
      <trkpt lat="37.106689" lon="128.930117">
        <ele>1233.7</ele>
      </trkpt>
      <trkpt lat="37.106648" lon="128.930141">
        <ele>1233.9</ele>
      </trkpt>
      <trkpt lat="37.106608" lon="128.930166">
        <ele>1234.2</ele>
      </trkpt>
      <trkpt lat="37.106567" lon="128.930190">
        <ele>1234.4</ele>
      </trkpt>
      <trkpt lat="37.106524" lon="128.930195">
        <ele>1234.9</ele>
      </trkpt>
      <trkpt lat="37.106485" lon="128.930170">
        <ele>1236.1</ele>
      </trkpt>
      <trkpt lat="37.106448" lon="128.930138">
        <ele>1237.6</ele>
      </trkpt>
      <trkpt lat="37.106410" lon="128.930109">
        <ele>1239.1</ele>
      </trkpt>
      <trkpt lat="37.106370" lon="128.930081">
        <ele>1240.5</ele>
      </trkpt>
      <trkpt lat="37.106331" lon="128.930054">
        <ele>1242.0</ele>
      </trkpt>
      <trkpt lat="37.106302" lon="128.930019">
        <ele>1243.2</ele>
      </trkpt>
      <trkpt lat="37.106302" lon="128.929963">
        <ele>1244.1</ele>
      </trkpt>
      <trkpt lat="37.106303" lon="128.929906">
        <ele>1244.9</ele>
      </trkpt>
      <trkpt lat="37.106288" lon="128.929856">
        <ele>1245.8</ele>
      </trkpt>
      <trkpt lat="37.106262" lon="128.929810">
        <ele>1246.8</ele>
      </trkpt>
      <trkpt lat="37.106224" lon="128.929783">
        <ele>1248.1</ele>
      </trkpt>
      <trkpt lat="37.106183" lon="128.929760">
        <ele>1249.4</ele>
      </trkpt>
      <trkpt lat="37.106142" lon="128.929736">
        <ele>1250.8</ele>
      </trkpt>
      <trkpt lat="37.106101" lon="128.929713">
        <ele>1252.1</ele>
      </trkpt>
      <trkpt lat="37.106060" lon="128.929690">
        <ele>1253.4</ele>
      </trkpt>
      <trkpt lat="37.106031" lon="128.929647">
        <ele>1255.0</ele>
      </trkpt>
      <trkpt lat="37.106004" lon="128.929602">
        <ele>1256.6</ele>
      </trkpt>
      <trkpt lat="37.105976" lon="128.929558">
        <ele>1258.2</ele>
      </trkpt>
      <trkpt lat="37.105938" lon="128.929551">
        <ele>1259.4</ele>
      </trkpt>
      <trkpt lat="37.105903" lon="128.929583">
        <ele>1259.8</ele>
      </trkpt>
      <trkpt lat="37.105871" lon="128.929622">
        <ele>1259.8</ele>
      </trkpt>
      <trkpt lat="37.105830" lon="128.929638">
        <ele>1260.2</ele>
      </trkpt>
      <trkpt lat="37.105786" lon="128.929643">
        <ele>1260.8</ele>
      </trkpt>
      <trkpt lat="37.105743" lon="128.929658">
        <ele>1260.6</ele>
      </trkpt>
      <trkpt lat="37.105699" lon="128.929674">
        <ele>1260.5</ele>
      </trkpt>
      <trkpt lat="37.105665" lon="128.929638">
        <ele>1261.7</ele>
      </trkpt>
      <trkpt lat="37.105630" lon="128.929603">
        <ele>1262.9</ele>
      </trkpt>
      <trkpt lat="37.105591" lon="128.929575">
        <ele>1264.1</ele>
      </trkpt>
      <trkpt lat="37.105550" lon="128.929554">
        <ele>1265.1</ele>
      </trkpt>
      <trkpt lat="37.105508" lon="128.929533">
        <ele>1266.1</ele>
      </trkpt>
      <trkpt lat="37.105466" lon="128.929513">
        <ele>1267.1</ele>
      </trkpt>
      <trkpt lat="37.105424" lon="128.929492">
        <ele>1268.2</ele>
      </trkpt>
      <trkpt lat="37.105388" lon="128.929460">
        <ele>1269.7</ele>
      </trkpt>
      <trkpt lat="37.105352" lon="128.929425">
        <ele>1271.2</ele>
      </trkpt>
      <trkpt lat="37.105316" lon="128.929391">
        <ele>1272.8</ele>
      </trkpt>
      <trkpt lat="37.105281" lon="128.929357">
        <ele>1274.4</ele>
      </trkpt>
      <trkpt lat="37.105244" lon="128.929324">
        <ele>1276.0</ele>
      </trkpt>
      <trkpt lat="37.105204" lon="128.929300">
        <ele>1277.4</ele>
      </trkpt>
      <trkpt lat="37.105164" lon="128.929274">
        <ele>1278.9</ele>
      </trkpt>
      <trkpt lat="37.105144" lon="128.929224">
        <ele>1281.1</ele>
      </trkpt>
      <trkpt lat="37.105123" lon="128.929174">
        <ele>1283.3</ele>
      </trkpt>
      <trkpt lat="37.105106" lon="128.929122">
        <ele>1285.2</ele>
      </trkpt>
      <trkpt lat="37.105090" lon="128.929069">
        <ele>1286.9</ele>
      </trkpt>
      <trkpt lat="37.105075" lon="128.929016">
        <ele>1288.5</ele>
      </trkpt>
      <trkpt lat="37.105059" lon="128.928963">
        <ele>1290.2</ele>
      </trkpt>
      <trkpt lat="37.105037" lon="128.928915">
        <ele>1291.9</ele>
      </trkpt>
      <trkpt lat="37.105008" lon="128.928872">
        <ele>1293.5</ele>
      </trkpt>
      <trkpt lat="37.104980" lon="128.928828">
        <ele>1295.1</ele>
      </trkpt>
      <trkpt lat="37.104957" lon="128.928780">
        <ele>1296.4</ele>
      </trkpt>
      <trkpt lat="37.104935" lon="128.928730">
        <ele>1297.7</ele>
      </trkpt>
      <trkpt lat="37.104910" lon="128.928684">
        <ele>1298.9</ele>
      </trkpt>
      <trkpt lat="37.104880" lon="128.928642">
        <ele>1300.2</ele>
      </trkpt>
      <trkpt lat="37.104848" lon="128.928603">
        <ele>1301.3</ele>
      </trkpt>
      <trkpt lat="37.104813" lon="128.928567">
        <ele>1302.3</ele>
      </trkpt>
      <trkpt lat="37.104771" lon="128.928548">
        <ele>1302.9</ele>
      </trkpt>
      <trkpt lat="37.104728" lon="128.928529">
        <ele>1303.5</ele>
      </trkpt>
      <trkpt lat="37.104686" lon="128.928510">
        <ele>1304.1</ele>
      </trkpt>
      <trkpt lat="37.104644" lon="128.928491">
        <ele>1304.7</ele>
      </trkpt>
      <trkpt lat="37.104601" lon="128.928472">
        <ele>1305.3</ele>
      </trkpt>
      <trkpt lat="37.104559" lon="128.928453">
        <ele>1306.0</ele>
      </trkpt>
      <trkpt lat="37.104530" lon="128.928418">
        <ele>1307.0</ele>
      </trkpt>
      <trkpt lat="37.104519" lon="128.928364">
        <ele>1308.8</ele>
      </trkpt>
      <trkpt lat="37.104508" lon="128.928309">
        <ele>1310.5</ele>
      </trkpt>
      <trkpt lat="37.104485" lon="128.928261">
        <ele>1311.5</ele>
      </trkpt>
      <trkpt lat="37.104462" lon="128.928212">
        <ele>1312.6</ele>
      </trkpt>
      <trkpt lat="37.104439" lon="128.928164">
        <ele>1313.6</ele>
      </trkpt>
      <trkpt lat="37.104415" lon="128.928116">
        <ele>1314.7</ele>
      </trkpt>
      <trkpt lat="37.104393" lon="128.928067">
        <ele>1315.8</ele>
      </trkpt>
      <trkpt lat="37.104373" lon="128.928017">
        <ele>1317.1</ele>
      </trkpt>
      <trkpt lat="37.104353" lon="128.927966">
        <ele>1318.5</ele>
      </trkpt>
      <trkpt lat="37.104332" lon="128.927916">
        <ele>1319.8</ele>
      </trkpt>
      <trkpt lat="37.104312" lon="128.927866">
        <ele>1321.1</ele>
      </trkpt>
      <trkpt lat="37.104292" lon="128.927815">
        <ele>1322.4</ele>
      </trkpt>
      <trkpt lat="37.104285" lon="128.927762">
        <ele>1323.7</ele>
      </trkpt>
      <trkpt lat="37.104289" lon="128.927706">
        <ele>1324.9</ele>
      </trkpt>
      <trkpt lat="37.104293" lon="128.927649">
        <ele>1326.1</ele>
      </trkpt>
      <trkpt lat="37.104290" lon="128.927594">
        <ele>1327.4</ele>
      </trkpt>
      <trkpt lat="37.104279" lon="128.927539">
        <ele>1328.8</ele>
      </trkpt>
      <trkpt lat="37.104269" lon="128.927484">
        <ele>1330.1</ele>
      </trkpt>
      <trkpt lat="37.104249" lon="128.927438">
        <ele>1331.3</ele>
      </trkpt>
      <trkpt lat="37.104211" lon="128.927407">
        <ele>1332.1</ele>
      </trkpt>
      <trkpt lat="37.104174" lon="128.927375">
        <ele>1332.9</ele>
      </trkpt>
      <trkpt lat="37.104137" lon="128.927344">
        <ele>1333.7</ele>
      </trkpt>
      <trkpt lat="37.104099" lon="128.927312">
        <ele>1334.5</ele>
      </trkpt>
      <trkpt lat="37.104065" lon="128.927276">
        <ele>1335.2</ele>
      </trkpt>
      <trkpt lat="37.104038" lon="128.927232">
        <ele>1335.8</ele>
      </trkpt>
      <trkpt lat="37.104010" lon="128.927188">
        <ele>1336.3</ele>
      </trkpt>
      <trkpt lat="37.103982" lon="128.927143">
        <ele>1336.8</ele>
      </trkpt>
      <trkpt lat="37.103954" lon="128.927099">
        <ele>1337.4</ele>
      </trkpt>
      <trkpt lat="37.103925" lon="128.927056">
        <ele>1337.9</ele>
      </trkpt>
      <trkpt lat="37.103892" lon="128.927018">
        <ele>1338.5</ele>
      </trkpt>
      <trkpt lat="37.103859" lon="128.926980">
        <ele>1339.1</ele>
      </trkpt>
      <trkpt lat="37.103826" lon="128.926942">
        <ele>1339.7</ele>
      </trkpt>
      <trkpt lat="37.103792" lon="128.926904">
        <ele>1340.2</ele>
      </trkpt>
      <trkpt lat="37.103759" lon="128.926866">
        <ele>1340.8</ele>
      </trkpt>
      <trkpt lat="37.103726" lon="128.926829">
        <ele>1341.4</ele>
      </trkpt>
      <trkpt lat="37.103690" lon="128.926794">
        <ele>1342.0</ele>
      </trkpt>
      <trkpt lat="37.103654" lon="128.926760">
        <ele>1342.7</ele>
      </trkpt>
      <trkpt lat="37.103618" lon="128.926726">
        <ele>1343.3</ele>
      </trkpt>
      <trkpt lat="37.103583" lon="128.926691">
        <ele>1343.9</ele>
      </trkpt>
      <trkpt lat="37.103547" lon="128.926657">
        <ele>1344.6</ele>
      </trkpt>
      <trkpt lat="37.103517" lon="128.926618">
        <ele>1345.2</ele>
      </trkpt>
      <trkpt lat="37.103498" lon="128.926566">
        <ele>1345.9</ele>
      </trkpt>
      <trkpt lat="37.103480" lon="128.926515">
        <ele>1346.7</ele>
      </trkpt>
      <trkpt lat="37.103461" lon="128.926464">
        <ele>1347.4</ele>
      </trkpt>
      <trkpt lat="37.103443" lon="128.926412">
        <ele>1348.1</ele>
      </trkpt>
      <trkpt lat="37.103427" lon="128.926359">
        <ele>1348.9</ele>
      </trkpt>
      <trkpt lat="37.103414" lon="128.926306">
        <ele>1349.9</ele>
      </trkpt>
      <trkpt lat="37.103401" lon="128.926252">
        <ele>1350.8</ele>
      </trkpt>
      <trkpt lat="37.103388" lon="128.926198">
        <ele>1351.8</ele>
      </trkpt>
      <trkpt lat="37.103375" lon="128.926144">
        <ele>1352.7</ele>
      </trkpt>
      <trkpt lat="37.103355" lon="128.926093">
        <ele>1353.5</ele>
      </trkpt>
      <trkpt lat="37.103334" lon="128.926043">
        <ele>1354.2</ele>
      </trkpt>
      <trkpt lat="37.103314" lon="128.925993">
        <ele>1354.9</ele>
      </trkpt>
      <trkpt lat="37.103293" lon="128.925943">
        <ele>1355.7</ele>
      </trkpt>
      <trkpt lat="37.103279" lon="128.925890">
        <ele>1356.2</ele>
      </trkpt>
      <trkpt lat="37.103269" lon="128.925835">
        <ele>1356.5</ele>
      </trkpt>
      <trkpt lat="37.103258" lon="128.925780">
        <ele>1356.8</ele>
      </trkpt>
      <trkpt lat="37.103241" lon="128.925728">
        <ele>1356.4</ele>
      </trkpt>
      <trkpt lat="37.103223" lon="128.925676">
        <ele>1356.1</ele>
      </trkpt>
      <trkpt lat="37.103206" lon="128.925624">
        <ele>1355.8</ele>
      </trkpt>
      <trkpt lat="37.103188" lon="128.925573">
        <ele>1355.4</ele>
      </trkpt>
      <trkpt lat="37.103165" lon="128.925525">
        <ele>1355.2</ele>
      </trkpt>
      <trkpt lat="37.103137" lon="128.925480">
        <ele>1355.1</ele>
      </trkpt>
      <trkpt lat="37.103110" lon="128.925436">
        <ele>1355.0</ele>
      </trkpt>
      <trkpt lat="37.103082" lon="128.925391">
        <ele>1354.8</ele>
      </trkpt>
      <trkpt lat="37.103055" lon="128.925347">
        <ele>1354.7</ele>
      </trkpt>
      <trkpt lat="37.103027" lon="128.925302">
        <ele>1354.6</ele>
      </trkpt>
      <trkpt lat="37.102999" lon="128.925258">
        <ele>1354.4</ele>
      </trkpt>
      <trkpt lat="37.102972" lon="128.925213">
        <ele>1354.3</ele>
      </trkpt>
      <trkpt lat="37.102945" lon="128.925168">
        <ele>1355.1</ele>
      </trkpt>
      <trkpt lat="37.102918" lon="128.925123">
        <ele>1355.9</ele>
      </trkpt>
      <trkpt lat="37.102891" lon="128.925077">
        <ele>1356.8</ele>
      </trkpt>
      <trkpt lat="37.102865" lon="128.925032">
        <ele>1357.6</ele>
      </trkpt>
      <trkpt lat="37.102838" lon="128.924987">
        <ele>1358.5</ele>
      </trkpt>
      <trkpt lat="37.102811" lon="128.924942">
        <ele>1359.3</ele>
      </trkpt>
      <trkpt lat="37.102784" lon="128.924896">
        <ele>1360.1</ele>
      </trkpt>
      <trkpt lat="37.102757" lon="128.924851">
        <ele>1361.0</ele>
      </trkpt>
      <trkpt lat="37.102730" lon="128.924806">
        <ele>1361.8</ele>
      </trkpt>
      <trkpt lat="37.102704" lon="128.924760">
        <ele>1362.7</ele>
      </trkpt>
      <trkpt lat="37.102677" lon="128.924715">
        <ele>1363.5</ele>
      </trkpt>
      <trkpt lat="37.102650" lon="128.924670">
        <ele>1364.3</ele>
      </trkpt>
      <trkpt lat="37.102623" lon="128.924625">
        <ele>1365.2</ele>
      </trkpt>
      <trkpt lat="37.102596" lon="128.924579">
        <ele>1366.0</ele>
      </trkpt>
      <trkpt lat="37.102570" lon="128.924534">
        <ele>1366.9</ele>
      </trkpt>
      <trkpt lat="37.102543" lon="128.924489">
        <ele>1367.7</ele>
      </trkpt>
      <trkpt lat="37.102516" lon="128.924444">
        <ele>1368.6</ele>
      </trkpt>
      <trkpt lat="37.102489" lon="128.924398">
        <ele>1369.4</ele>
      </trkpt>
      <trkpt lat="37.102462" lon="128.924353">
        <ele>1370.2</ele>
      </trkpt>
      <trkpt lat="37.102424" lon="128.924332">
        <ele>1371.1</ele>
      </trkpt>
      <trkpt lat="37.102379" lon="128.924321">
        <ele>1372.0</ele>
      </trkpt>
      <trkpt lat="37.102335" lon="128.924310">
        <ele>1372.8</ele>
      </trkpt>
      <trkpt lat="37.102291" lon="128.924299">
        <ele>1373.7</ele>
      </trkpt>
      <trkpt lat="37.102247" lon="128.924288">
        <ele>1374.5</ele>
      </trkpt>
      <trkpt lat="37.102203" lon="128.924278">
        <ele>1375.4</ele>
      </trkpt>
      <trkpt lat="37.102159" lon="128.924267">
        <ele>1376.3</ele>
      </trkpt>
      <trkpt lat="37.102130" lon="128.924229">
        <ele>1377.4</ele>
      </trkpt>
      <trkpt lat="37.102106" lon="128.924181">
        <ele>1378.6</ele>
      </trkpt>
      <trkpt lat="37.102083" lon="128.924133">
        <ele>1379.8</ele>
      </trkpt>
      <trkpt lat="37.102059" lon="128.924085">
        <ele>1381.1</ele>
      </trkpt>
      <trkpt lat="37.102036" lon="128.924037">
        <ele>1382.3</ele>
      </trkpt>
      <trkpt lat="37.102012" lon="128.923989">
        <ele>1383.5</ele>
      </trkpt>
      <trkpt lat="37.101985" lon="128.923944">
        <ele>1384.7</ele>
      </trkpt>
      <trkpt lat="37.101947" lon="128.923916">
        <ele>1386.0</ele>
      </trkpt>
      <trkpt lat="37.101908" lon="128.923887">
        <ele>1387.3</ele>
      </trkpt>
      <trkpt lat="37.101870" lon="128.923858">
        <ele>1388.6</ele>
      </trkpt>
      <trkpt lat="37.101828" lon="128.923836">
        <ele>1389.9</ele>
      </trkpt>
      <trkpt lat="37.101786" lon="128.923818">
        <ele>1391.4</ele>
      </trkpt>
      <trkpt lat="37.101743" lon="128.923800">
        <ele>1392.9</ele>
      </trkpt>
      <trkpt lat="37.101699" lon="128.923788">
        <ele>1393.6</ele>
      </trkpt>
      <trkpt lat="37.101655" lon="128.923777">
        <ele>1393.9</ele>
      </trkpt>
      <trkpt lat="37.101611" lon="128.923766">
        <ele>1394.3</ele>
      </trkpt>
      <trkpt lat="37.101567" lon="128.923755">
        <ele>1394.7</ele>
      </trkpt>
      <trkpt lat="37.101523" lon="128.923744">
        <ele>1395.1</ele>
      </trkpt>
      <trkpt lat="37.101479" lon="128.923734">
        <ele>1395.5</ele>
      </trkpt>
      <trkpt lat="37.101434" lon="128.923723">
        <ele>1395.9</ele>
      </trkpt>
      <trkpt lat="37.101390" lon="128.923712">
        <ele>1396.2</ele>
      </trkpt>
      <trkpt lat="37.101346" lon="128.923701">
        <ele>1396.6</ele>
      </trkpt>
      <trkpt lat="37.101302" lon="128.923691">
        <ele>1397.0</ele>
      </trkpt>
      <trkpt lat="37.101258" lon="128.923680">
        <ele>1397.4</ele>
      </trkpt>
      <trkpt lat="37.101214" lon="128.923669">
        <ele>1397.8</ele>
      </trkpt>
      <trkpt lat="37.101198" lon="128.923620">
        <ele>1398.4</ele>
      </trkpt>
      <trkpt lat="37.101181" lon="128.923568">
        <ele>1399.0</ele>
      </trkpt>
      <trkpt lat="37.101159" lon="128.923519">
        <ele>1399.5</ele>
      </trkpt>
      <trkpt lat="37.101137" lon="128.923469">
        <ele>1400.1</ele>
      </trkpt>
      <trkpt lat="37.101129" lon="128.923416">
        <ele>1400.5</ele>
      </trkpt>
      <trkpt lat="37.101131" lon="128.923360">
        <ele>1401.0</ele>
      </trkpt>
      <trkpt lat="37.101132" lon="128.923303">
        <ele>1401.4</ele>
      </trkpt>
      <trkpt lat="37.101134" lon="128.923247">
        <ele>1401.8</ele>
      </trkpt>
      <trkpt lat="37.101136" lon="128.923191">
        <ele>1402.2</ele>
      </trkpt>
      <trkpt lat="37.101135" lon="128.923134">
        <ele>1402.5</ele>
      </trkpt>
      <trkpt lat="37.101134" lon="128.923078">
        <ele>1402.7</ele>
      </trkpt>
      <trkpt lat="37.101138" lon="128.923022">
        <ele>1403.0</ele>
      </trkpt>
      <trkpt lat="37.101144" lon="128.922966">
        <ele>1403.4</ele>
      </trkpt>
      <trkpt lat="37.101148" lon="128.922910">
        <ele>1403.7</ele>
      </trkpt>
      <trkpt lat="37.101150" lon="128.922854">
        <ele>1403.9</ele>
      </trkpt>
      <trkpt lat="37.101153" lon="128.922797">
        <ele>1404.2</ele>
      </trkpt>
      <trkpt lat="37.101155" lon="128.922741">
        <ele>1404.5</ele>
      </trkpt>
      <trkpt lat="37.101157" lon="128.922685">
        <ele>1404.7</ele>
      </trkpt>
      <trkpt lat="37.101159" lon="128.922628">
        <ele>1405.0</ele>
      </trkpt>
      <trkpt lat="37.101157" lon="128.922572">
        <ele>1405.5</ele>
      </trkpt>
      <trkpt lat="37.101154" lon="128.922516">
        <ele>1406.0</ele>
      </trkpt>
      <trkpt lat="37.101151" lon="128.922459">
        <ele>1406.5</ele>
      </trkpt>
      <trkpt lat="37.101149" lon="128.922403">
        <ele>1407.1</ele>
      </trkpt>
      <trkpt lat="37.101146" lon="128.922347">
        <ele>1407.6</ele>
      </trkpt>
      <trkpt lat="37.101142" lon="128.922291">
        <ele>1408.1</ele>
      </trkpt>
      <trkpt lat="37.101128" lon="128.922237">
        <ele>1408.9</ele>
      </trkpt>
      <trkpt lat="37.101114" lon="128.922184">
        <ele>1409.6</ele>
      </trkpt>
      <trkpt lat="37.101101" lon="128.922130">
        <ele>1410.3</ele>
      </trkpt>
      <trkpt lat="37.101087" lon="128.922076">
        <ele>1411.1</ele>
      </trkpt>
      <trkpt lat="37.101073" lon="128.922022">
        <ele>1411.8</ele>
      </trkpt>
      <trkpt lat="37.101064" lon="128.921967">
        <ele>1412.6</ele>
      </trkpt>
      <trkpt lat="37.101057" lon="128.921912">
        <ele>1413.4</ele>
      </trkpt>
      <trkpt lat="37.101050" lon="128.921856">
        <ele>1414.2</ele>
      </trkpt>
      <trkpt lat="37.101032" lon="128.921804">
        <ele>1417.8</ele>
      </trkpt>
      <trkpt lat="37.101001" lon="128.921796">
        <ele>1419.3</ele>
      </trkpt>
      <trkpt lat="37.100959" lon="128.921818">
        <ele>1419.3</ele>
      </trkpt>
      <trkpt lat="37.100918" lon="128.921840">
        <ele>1419.3</ele>
      </trkpt>
      <trkpt lat="37.100895" lon="128.921852">
        <ele>1419.0</ele>
      </trkpt>
      <trkpt lat="37.100936" lon="128.921830">
        <ele>1417.9</ele>
      </trkpt>
      <trkpt lat="37.100978" lon="128.921808">
        <ele>1416.8</ele>
      </trkpt>
      <trkpt lat="37.101019" lon="128.921786">
        <ele>1415.7</ele>
      </trkpt>
      <trkpt lat="37.101010" lon="128.921738">
        <ele>1416.5</ele>
      </trkpt>
      <trkpt lat="37.100993" lon="128.921686">
        <ele>1417.6</ele>
      </trkpt>
      <trkpt lat="37.100976" lon="128.921634">
        <ele>1418.7</ele>
      </trkpt>
      <trkpt lat="37.100957" lon="128.921583">
        <ele>1419.9</ele>
      </trkpt>
      <trkpt lat="37.100935" lon="128.921534">
        <ele>1421.4</ele>
      </trkpt>
      <trkpt lat="37.100913" lon="128.921485">
        <ele>1422.8</ele>
      </trkpt>
      <trkpt lat="37.100891" lon="128.921435">
        <ele>1424.2</ele>
      </trkpt>
      <trkpt lat="37.100870" lon="128.921386">
        <ele>1425.7</ele>
      </trkpt>
      <trkpt lat="37.100848" lon="128.921337">
        <ele>1427.1</ele>
      </trkpt>
      <trkpt lat="37.100825" lon="128.921288">
        <ele>1428.5</ele>
      </trkpt>
      <trkpt lat="37.100799" lon="128.921242">
        <ele>1429.4</ele>
      </trkpt>
      <trkpt lat="37.100772" lon="128.921197">
        <ele>1430.4</ele>
      </trkpt>
      <trkpt lat="37.100746" lon="128.921151">
        <ele>1431.3</ele>
      </trkpt>
      <trkpt lat="37.100719" lon="128.921106">
        <ele>1432.3</ele>
      </trkpt>
      <trkpt lat="37.100693" lon="128.921060">
        <ele>1433.2</ele>
      </trkpt>
      <trkpt lat="37.100666" lon="128.921015">
        <ele>1434.2</ele>
      </trkpt>
      <trkpt lat="37.100642" lon="128.920968">
        <ele>1435.4</ele>
      </trkpt>
      <trkpt lat="37.100617" lon="128.920920">
        <ele>1436.7</ele>
      </trkpt>
      <trkpt lat="37.100593" lon="128.920873">
        <ele>1438.0</ele>
      </trkpt>
      <trkpt lat="37.100568" lon="128.920826">
        <ele>1439.3</ele>
      </trkpt>
      <trkpt lat="37.100543" lon="128.920780">
        <ele>1440.6</ele>
      </trkpt>
      <trkpt lat="37.100508" lon="128.920744">
        <ele>1441.6</ele>
      </trkpt>
      <trkpt lat="37.100473" lon="128.920709">
        <ele>1442.6</ele>
      </trkpt>
      <trkpt lat="37.100438" lon="128.920674">
        <ele>1443.6</ele>
      </trkpt>
      <trkpt lat="37.100411" lon="128.920629">
        <ele>1444.9</ele>
      </trkpt>
      <trkpt lat="37.100381" lon="128.920588">
        <ele>1446.0</ele>
      </trkpt>
      <trkpt lat="37.100349" lon="128.920548">
        <ele>1447.2</ele>
      </trkpt>
      <trkpt lat="37.100317" lon="128.920508">
        <ele>1448.3</ele>
      </trkpt>
      <trkpt lat="37.100285" lon="128.920468">
        <ele>1449.5</ele>
      </trkpt>
      <trkpt lat="37.100254" lon="128.920429">
        <ele>1450.6</ele>
      </trkpt>
      <trkpt lat="37.100222" lon="128.920389">
        <ele>1451.8</ele>
      </trkpt>
      <trkpt lat="37.100189" lon="128.920351">
        <ele>1452.8</ele>
      </trkpt>
      <trkpt lat="37.100154" lon="128.920314">
        <ele>1453.8</ele>
      </trkpt>
      <trkpt lat="37.100120" lon="128.920278">
        <ele>1454.7</ele>
      </trkpt>
      <trkpt lat="37.100085" lon="128.920242">
        <ele>1455.7</ele>
      </trkpt>
      <trkpt lat="37.100048" lon="128.920210">
        <ele>1456.3</ele>
      </trkpt>
      <trkpt lat="37.100010" lon="128.920181">
        <ele>1456.6</ele>
      </trkpt>
      <trkpt lat="37.099971" lon="128.920152">
        <ele>1457.0</ele>
      </trkpt>
      <trkpt lat="37.099933" lon="128.920122">
        <ele>1457.4</ele>
      </trkpt>
      <trkpt lat="37.099895" lon="128.920093">
        <ele>1457.7</ele>
      </trkpt>
      <trkpt lat="37.099854" lon="128.920070">
        <ele>1457.6</ele>
      </trkpt>
      <trkpt lat="37.099812" lon="128.920048">
        <ele>1457.4</ele>
      </trkpt>
      <trkpt lat="37.099771" lon="128.920027">
        <ele>1457.2</ele>
      </trkpt>
      <trkpt lat="37.099729" lon="128.920005">
        <ele>1457.0</ele>
      </trkpt>
      <trkpt lat="37.099688" lon="128.919983">
        <ele>1456.8</ele>
      </trkpt>
      <trkpt lat="37.099646" lon="128.919961">
        <ele>1456.6</ele>
      </trkpt>
      <trkpt lat="37.099605" lon="128.919940">
        <ele>1456.4</ele>
      </trkpt>
      <trkpt lat="37.099563" lon="128.919918">
        <ele>1456.2</ele>
      </trkpt>
      <trkpt lat="37.099522" lon="128.919896">
        <ele>1456.0</ele>
      </trkpt>
      <trkpt lat="37.099495" lon="128.919851">
        <ele>1456.9</ele>
      </trkpt>
      <trkpt lat="37.099468" lon="128.919806">
        <ele>1457.8</ele>
      </trkpt>
      <trkpt lat="37.099441" lon="128.919761">
        <ele>1458.6</ele>
      </trkpt>
      <trkpt lat="37.099411" lon="128.919719">
        <ele>1459.4</ele>
      </trkpt>
      <trkpt lat="37.099382" lon="128.919676">
        <ele>1460.2</ele>
      </trkpt>
      <trkpt lat="37.099353" lon="128.919633">
        <ele>1461.0</ele>
      </trkpt>
      <trkpt lat="37.099326" lon="128.919587">
        <ele>1462.0</ele>
      </trkpt>
      <trkpt lat="37.099300" lon="128.919542">
        <ele>1463.0</ele>
      </trkpt>
      <trkpt lat="37.099273" lon="128.919497">
        <ele>1464.0</ele>
      </trkpt>
      <trkpt lat="37.099246" lon="128.919451">
        <ele>1465.0</ele>
      </trkpt>
      <trkpt lat="37.099219" lon="128.919406">
        <ele>1466.0</ele>
      </trkpt>
      <trkpt lat="37.099186" lon="128.919370">
        <ele>1466.7</ele>
      </trkpt>
      <trkpt lat="37.099148" lon="128.919339">
        <ele>1467.3</ele>
      </trkpt>
      <trkpt lat="37.099110" lon="128.919309">
        <ele>1467.9</ele>
      </trkpt>
      <trkpt lat="37.099072" lon="128.919278">
        <ele>1468.5</ele>
      </trkpt>
      <trkpt lat="37.099031" lon="128.919257">
        <ele>1468.8</ele>
      </trkpt>
      <trkpt lat="37.098989" lon="128.919236">
        <ele>1469.2</ele>
      </trkpt>
      <trkpt lat="37.098947" lon="128.919215">
        <ele>1469.6</ele>
      </trkpt>
      <trkpt lat="37.098904" lon="128.919200">
        <ele>1469.7</ele>
      </trkpt>
      <trkpt lat="37.098860" lon="128.919193">
        <ele>1469.6</ele>
      </trkpt>
      <trkpt lat="37.098815" lon="128.919186">
        <ele>1469.4</ele>
      </trkpt>
      <trkpt lat="37.098770" lon="128.919180">
        <ele>1469.2</ele>
      </trkpt>
      <trkpt lat="37.098726" lon="128.919173">
        <ele>1469.0</ele>
      </trkpt>
      <trkpt lat="37.098682" lon="128.919162">
        <ele>1469.3</ele>
      </trkpt>
      <trkpt lat="37.098638" lon="128.919151">
        <ele>1469.5</ele>
      </trkpt>
      <trkpt lat="37.098594" lon="128.919140">
        <ele>1469.8</ele>
      </trkpt>
      <trkpt lat="37.098549" lon="128.919129">
        <ele>1470.1</ele>
      </trkpt>
      <trkpt lat="37.098505" lon="128.919117">
        <ele>1470.3</ele>
      </trkpt>
      <trkpt lat="37.098461" lon="128.919106">
        <ele>1470.6</ele>
      </trkpt>
      <trkpt lat="37.098417" lon="128.919095">
        <ele>1470.9</ele>
      </trkpt>
      <trkpt lat="37.098373" lon="128.919083">
        <ele>1471.1</ele>
      </trkpt>
      <trkpt lat="37.098329" lon="128.919072">
        <ele>1471.4</ele>
      </trkpt>
      <trkpt lat="37.098285" lon="128.919061">
        <ele>1471.7</ele>
      </trkpt>
      <trkpt lat="37.098242" lon="128.919065">
        <ele>1471.8</ele>
      </trkpt>
      <trkpt lat="37.098200" lon="128.919085">
        <ele>1471.7</ele>
      </trkpt>
      <trkpt lat="37.098158" lon="128.919106">
        <ele>1471.7</ele>
      </trkpt>
      <trkpt lat="37.098117" lon="128.919127">
        <ele>1471.6</ele>
      </trkpt>
      <trkpt lat="37.098075" lon="128.919147">
        <ele>1471.6</ele>
      </trkpt>
      <trkpt lat="37.098033" lon="128.919168">
        <ele>1471.5</ele>
      </trkpt>
      <trkpt lat="37.097992" lon="128.919192">
        <ele>1471.7</ele>
      </trkpt>
      <trkpt lat="37.097951" lon="128.919215">
        <ele>1471.9</ele>
      </trkpt>
      <trkpt lat="37.097909" lon="128.919225">
        <ele>1472.5</ele>
      </trkpt>
      <trkpt lat="37.097864" lon="128.919217">
        <ele>1473.5</ele>
      </trkpt>
      <trkpt lat="37.097820" lon="128.919209">
        <ele>1474.6</ele>
      </trkpt>
      <trkpt lat="37.097775" lon="128.919200">
        <ele>1475.7</ele>
      </trkpt>
      <trkpt lat="37.097732" lon="128.919186">
        <ele>1476.9</ele>
      </trkpt>
      <trkpt lat="37.097688" lon="128.919172">
        <ele>1478.2</ele>
      </trkpt>
      <trkpt lat="37.097646" lon="128.919154">
        <ele>1479.6</ele>
      </trkpt>
      <trkpt lat="37.097604" lon="128.919134">
        <ele>1481.1</ele>
      </trkpt>
      <trkpt lat="37.097562" lon="128.919113">
        <ele>1482.5</ele>
      </trkpt>
      <trkpt lat="37.097520" lon="128.919093">
        <ele>1484.0</ele>
      </trkpt>
      <trkpt lat="37.097478" lon="128.919074">
        <ele>1485.4</ele>
      </trkpt>
      <trkpt lat="37.097434" lon="128.919060">
        <ele>1486.9</ele>
      </trkpt>
      <trkpt lat="37.097390" lon="128.919047">
        <ele>1488.3</ele>
      </trkpt>
      <trkpt lat="37.097347" lon="128.919033">
        <ele>1489.7</ele>
      </trkpt>
      <trkpt lat="37.097303" lon="128.919021">
        <ele>1491.1</ele>
      </trkpt>
      <trkpt lat="37.097259" lon="128.919011">
        <ele>1492.4</ele>
      </trkpt>
      <trkpt lat="37.097214" lon="128.919001">
        <ele>1493.6</ele>
      </trkpt>
      <trkpt lat="37.097170" lon="128.918991">
        <ele>1494.9</ele>
      </trkpt>
      <trkpt lat="37.097126" lon="128.918981">
        <ele>1496.2</ele>
      </trkpt>
      <trkpt lat="37.097083" lon="128.918963">
        <ele>1497.5</ele>
      </trkpt>
      <trkpt lat="37.097041" lon="128.918943">
        <ele>1498.9</ele>
      </trkpt>
      <trkpt lat="37.097020" lon="128.918899">
        <ele>1500.5</ele>
      </trkpt>
      <trkpt lat="37.097007" lon="128.918845">
        <ele>1502.1</ele>
      </trkpt>
      <trkpt lat="37.096994" lon="128.918791">
        <ele>1503.7</ele>
      </trkpt>
      <trkpt lat="37.096970" lon="128.918745">
        <ele>1505.2</ele>
      </trkpt>
      <trkpt lat="37.096940" lon="128.918703">
        <ele>1506.7</ele>
      </trkpt>
      <trkpt lat="37.096908" lon="128.918664">
        <ele>1508.2</ele>
      </trkpt>
      <trkpt lat="37.096873" lon="128.918628">
        <ele>1509.6</ele>
      </trkpt>
      <trkpt lat="37.096837" lon="128.918595">
        <ele>1511.0</ele>
      </trkpt>
      <trkpt lat="37.096806" lon="128.918555">
        <ele>1512.5</ele>
      </trkpt>
      <trkpt lat="37.096772" lon="128.918520">
        <ele>1513.7</ele>
      </trkpt>
      <trkpt lat="37.096730" lon="128.918499">
        <ele>1514.8</ele>
      </trkpt>
      <trkpt lat="37.096706" lon="128.918464">
        <ele>1515.9</ele>
      </trkpt>
      <trkpt lat="37.096711" lon="128.918408">
        <ele>1516.9</ele>
      </trkpt>
      <trkpt lat="37.096715" lon="128.918352">
        <ele>1517.9</ele>
      </trkpt>
      <trkpt lat="37.096706" lon="128.918298">
        <ele>1519.3</ele>
      </trkpt>
      <trkpt lat="37.096674" lon="128.918258">
        <ele>1520.5</ele>
      </trkpt>
      <trkpt lat="37.096644" lon="128.918216">
        <ele>1521.6</ele>
      </trkpt>
      <trkpt lat="37.096616" lon="128.918172">
        <ele>1522.5</ele>
      </trkpt>
      <trkpt lat="37.096610" lon="128.918126">
        <ele>1523.6</ele>
      </trkpt>
      <trkpt lat="37.096632" lon="128.918077">
        <ele>1524.9</ele>
      </trkpt>
      <trkpt lat="37.096639" lon="128.918022">
        <ele>1526.3</ele>
      </trkpt>
      <trkpt lat="37.096641" lon="128.917966">
        <ele>1527.6</ele>
      </trkpt>
      <trkpt lat="37.096643" lon="128.917910">
        <ele>1528.9</ele>
      </trkpt>
      <trkpt lat="37.096645" lon="128.917854">
        <ele>1530.3</ele>
      </trkpt>
      <trkpt lat="37.096647" lon="128.917797">
        <ele>1531.6</ele>
      </trkpt>
      <trkpt lat="37.096649" lon="128.917741">
        <ele>1532.9</ele>
      </trkpt>
      <trkpt lat="37.096644" lon="128.917687">
        <ele>1534.1</ele>
      </trkpt>
      <trkpt lat="37.096614" lon="128.917645">
        <ele>1534.9</ele>
      </trkpt>
      <trkpt lat="37.096582" lon="128.917606">
        <ele>1535.6</ele>
      </trkpt>
      <trkpt lat="37.096553" lon="128.917565">
        <ele>1536.2</ele>
      </trkpt>
      <trkpt lat="37.096545" lon="128.917510">
        <ele>1537.2</ele>
      </trkpt>
      <trkpt lat="37.096537" lon="128.917454">
        <ele>1538.3</ele>
      </trkpt>
      <trkpt lat="37.096516" lon="128.917405">
        <ele>1538.7</ele>
      </trkpt>
      <trkpt lat="37.096494" lon="128.917355">
        <ele>1539.2</ele>
      </trkpt>
      <trkpt lat="37.096473" lon="128.917306">
        <ele>1539.7</ele>
      </trkpt>
      <trkpt lat="37.096451" lon="128.917257">
        <ele>1540.1</ele>
      </trkpt>
      <trkpt lat="37.096423" lon="128.917214">
        <ele>1540.3</ele>
      </trkpt>
      <trkpt lat="37.096390" lon="128.917175">
        <ele>1540.4</ele>
      </trkpt>
      <trkpt lat="37.096357" lon="128.917137">
        <ele>1540.5</ele>
      </trkpt>
      <trkpt lat="37.096333" lon="128.917091">
        <ele>1540.7</ele>
      </trkpt>
      <trkpt lat="37.096314" lon="128.917039">
        <ele>1541.1</ele>
      </trkpt>
      <trkpt lat="37.096296" lon="128.916988">
        <ele>1541.5</ele>
      </trkpt>
      <trkpt lat="37.096281" lon="128.916935">
        <ele>1542.0</ele>
      </trkpt>
      <trkpt lat="37.096274" lon="128.916879">
        <ele>1542.6</ele>
      </trkpt>
      <trkpt lat="37.096268" lon="128.916824">
        <ele>1543.3</ele>
      </trkpt>
      <trkpt lat="37.096257" lon="128.916778">
        <ele>1543.6</ele>
      </trkpt>
      <trkpt lat="37.096218" lon="128.916800">
        <ele>1542.0</ele>
      </trkpt>
      <trkpt lat="37.096225" lon="128.916820">
        <ele>1542.2</ele>
      </trkpt>
      <trkpt lat="37.096240" lon="128.916786">
        <ele>1543.2</ele>
      </trkpt>
      <trkpt lat="37.096282" lon="128.916763">
        <ele>1544.3</ele>
      </trkpt>
      <trkpt lat="37.096322" lon="128.916739">
        <ele>1545.3</ele>
      </trkpt>
      <trkpt lat="37.096363" lon="128.916715">
        <ele>1546.2</ele>
      </trkpt>
      <trkpt lat="37.096403" lon="128.916691">
        <ele>1547.2</ele>
      </trkpt>
      <trkpt lat="37.096446" lon="128.916674">
        <ele>1548.1</ele>
      </trkpt>
      <trkpt lat="37.096491" lon="128.916668">
        <ele>1548.8</ele>
      </trkpt>
      <trkpt lat="37.096535" lon="128.916662">
        <ele>1549.5</ele>
      </trkpt>
      <trkpt lat="37.096580" lon="128.916656">
        <ele>1550.2</ele>
      </trkpt>
      <trkpt lat="37.096625" lon="128.916650">
        <ele>1550.9</ele>
      </trkpt>
      <trkpt lat="37.096664" lon="128.916630">
        <ele>1551.0</ele>
      </trkpt>
      <trkpt lat="37.096696" lon="128.916590">
        <ele>1550.2</ele>
      </trkpt>
      <trkpt lat="37.096727" lon="128.916550">
        <ele>1549.4</ele>
      </trkpt>
      <trkpt lat="37.096759" lon="128.916510">
        <ele>1548.6</ele>
      </trkpt>
      <trkpt lat="37.096791" lon="128.916470">
        <ele>1547.8</ele>
      </trkpt>
      <trkpt lat="37.096822" lon="128.916430">
        <ele>1547.0</ele>
      </trkpt>
      <trkpt lat="37.096864" lon="128.916421">
        <ele>1546.7</ele>
      </trkpt>
      <trkpt lat="37.096909" lon="128.916421">
        <ele>1546.5</ele>
      </trkpt>
      <trkpt lat="37.096953" lon="128.916412">
        <ele>1546.2</ele>
      </trkpt>
      <trkpt lat="37.096998" lon="128.916403">
        <ele>1546.0</ele>
      </trkpt>
      <trkpt lat="37.097041" lon="128.916389">
        <ele>1545.7</ele>
      </trkpt>
      <trkpt lat="37.097078" lon="128.916358">
        <ele>1545.0</ele>
      </trkpt>
      <trkpt lat="37.097116" lon="128.916327">
        <ele>1544.4</ele>
      </trkpt>
      <trkpt lat="37.097156" lon="128.916303">
        <ele>1543.9</ele>
      </trkpt>
      <trkpt lat="37.097200" lon="128.916290">
        <ele>1543.6</ele>
      </trkpt>
      <trkpt lat="37.097244" lon="128.916292">
        <ele>1543.5</ele>
      </trkpt>
      <trkpt lat="37.097288" lon="128.916300">
        <ele>1543.5</ele>
      </trkpt>
      <trkpt lat="37.097333" lon="128.916303">
        <ele>1543.5</ele>
      </trkpt>
      <trkpt lat="37.097378" lon="128.916297">
        <ele>1543.4</ele>
      </trkpt>
      <trkpt lat="37.097423" lon="128.916291">
        <ele>1543.3</ele>
      </trkpt>
      <trkpt lat="37.097467" lon="128.916302">
        <ele>1543.4</ele>
      </trkpt>
      <trkpt lat="37.097511" lon="128.916314">
        <ele>1543.5</ele>
      </trkpt>
      <trkpt lat="37.097555" lon="128.916307">
        <ele>1543.9</ele>
      </trkpt>
      <trkpt lat="37.097600" lon="128.916301">
        <ele>1544.2</ele>
      </trkpt>
      <trkpt lat="37.097644" lon="128.916294">
        <ele>1544.6</ele>
      </trkpt>
      <trkpt lat="37.097689" lon="128.916287">
        <ele>1545.0</ele>
      </trkpt>
      <trkpt lat="37.097734" lon="128.916282">
        <ele>1545.4</ele>
      </trkpt>
      <trkpt lat="37.097778" lon="128.916293">
        <ele>1546.0</ele>
      </trkpt>
      <trkpt lat="37.097822" lon="128.916304">
        <ele>1546.6</ele>
      </trkpt>
      <trkpt lat="37.097865" lon="128.916320">
        <ele>1547.2</ele>
      </trkpt>
      <trkpt lat="37.097908" lon="128.916337">
        <ele>1547.9</ele>
      </trkpt>
      <trkpt lat="37.097952" lon="128.916332">
        <ele>1548.3</ele>
      </trkpt>
      <trkpt lat="37.097996" lon="128.916322">
        <ele>1548.7</ele>
      </trkpt>
      <trkpt lat="37.098040" lon="128.916312">
        <ele>1549.0</ele>
      </trkpt>
      <trkpt lat="37.098085" lon="128.916302">
        <ele>1549.4</ele>
      </trkpt>
      <trkpt lat="37.098129" lon="128.916292">
        <ele>1549.8</ele>
      </trkpt>
      <trkpt lat="37.098172" lon="128.916274">
        <ele>1550.2</ele>
      </trkpt>
      <trkpt lat="37.098214" lon="128.916256">
        <ele>1550.6</ele>
      </trkpt>
      <trkpt lat="37.098256" lon="128.916236">
        <ele>1551.0</ele>
      </trkpt>
      <trkpt lat="37.098297" lon="128.916212">
        <ele>1551.4</ele>
      </trkpt>
      <trkpt lat="37.098337" lon="128.916187">
        <ele>1551.7</ele>
      </trkpt>
      <trkpt lat="37.098378" lon="128.916164">
        <ele>1552.0</ele>
      </trkpt>
      <trkpt lat="37.098422" lon="128.916153">
        <ele>1552.4</ele>
      </trkpt>
      <trkpt lat="37.098466" lon="128.916142">
        <ele>1552.8</ele>
      </trkpt>
      <trkpt lat="37.098510" lon="128.916131">
        <ele>1553.1</ele>
      </trkpt>
      <trkpt lat="37.098554" lon="128.916120">
        <ele>1553.5</ele>
      </trkpt>
      <trkpt lat="37.098593" lon="128.916092">
        <ele>1553.9</ele>
      </trkpt>
      <trkpt lat="37.098634" lon="128.916069">
        <ele>1554.3</ele>
      </trkpt>
      <trkpt lat="37.098676" lon="128.916048">
        <ele>1554.7</ele>
      </trkpt>
      <trkpt lat="37.098713" lon="128.916019">
        <ele>1555.1</ele>
      </trkpt>
      <trkpt lat="37.098743" lon="128.915977">
        <ele>1555.4</ele>
      </trkpt>
      <trkpt lat="37.098782" lon="128.915952">
        <ele>1555.9</ele>
      </trkpt>
      <trkpt lat="37.098826" lon="128.915944">
        <ele>1556.4</ele>
      </trkpt>
      <trkpt lat="37.098871" lon="128.915939">
        <ele>1556.9</ele>
      </trkpt>
      <trkpt lat="37.098916" lon="128.915935">
        <ele>1557.4</ele>
      </trkpt>
      <trkpt lat="37.098961" lon="128.915930">
        <ele>1557.9</ele>
      </trkpt>
      <trkpt lat="37.099006" lon="128.915926">
        <ele>1558.4</ele>
      </trkpt>
      <trkpt lat="37.099050" lon="128.915921">
        <ele>1559.0</ele>
      </trkpt>
      <trkpt lat="37.099095" lon="128.915930">
        <ele>1559.4</ele>
      </trkpt>
      <trkpt lat="37.099139" lon="128.915941">
        <ele>1559.8</ele>
      </trkpt>
      <trkpt lat="37.099179" lon="128.915966">
        <ele>1559.4</ele>
      </trkpt>
      <trkpt lat="37.099219" lon="128.915991">
        <ele>1558.9</ele>
      </trkpt>
      <trkpt lat="37.099250" lon="128.916031">
        <ele>1558.3</ele>
      </trkpt>
      <trkpt lat="37.099276" lon="128.916076">
        <ele>1557.6</ele>
      </trkpt>
      <trkpt lat="37.099295" lon="128.916127">
        <ele>1556.8</ele>
      </trkpt>
      <trkpt lat="37.099328" lon="128.916161">
        <ele>1556.0</ele>
      </trkpt>
      <trkpt lat="37.099369" lon="128.916185">
        <ele>1555.3</ele>
      </trkpt>
      <trkpt lat="37.099410" lon="128.916208">
        <ele>1554.5</ele>
      </trkpt>
      <trkpt lat="37.099440" lon="128.916248">
        <ele>1553.8</ele>
      </trkpt>
      <trkpt lat="37.099466" lon="128.916294">
        <ele>1553.1</ele>
      </trkpt>
      <trkpt lat="37.099492" lon="128.916340">
        <ele>1552.5</ele>
      </trkpt>
      <trkpt lat="37.099525" lon="128.916329">
        <ele>1552.1</ele>
      </trkpt>
      <trkpt lat="37.099561" lon="128.916295">
        <ele>1551.8</ele>
      </trkpt>
      <trkpt lat="37.099598" lon="128.916262">
        <ele>1551.5</ele>
      </trkpt>
      <trkpt lat="37.099637" lon="128.916238">
        <ele>1551.0</ele>
      </trkpt>
      <trkpt lat="37.099681" lon="128.916226">
        <ele>1550.4</ele>
      </trkpt>
      <trkpt lat="37.099725" lon="128.916214">
        <ele>1549.8</ele>
      </trkpt>
      <trkpt lat="37.099769" lon="128.916201">
        <ele>1549.2</ele>
      </trkpt>
      <trkpt lat="37.099813" lon="128.916189">
        <ele>1548.6</ele>
      </trkpt>
      <trkpt lat="37.099857" lon="128.916185">
        <ele>1547.8</ele>
      </trkpt>
      <trkpt lat="37.099902" lon="128.916187">
        <ele>1547.0</ele>
      </trkpt>
      <trkpt lat="37.099947" lon="128.916188">
        <ele>1546.1</ele>
      </trkpt>
      <trkpt lat="37.099992" lon="128.916190">
        <ele>1545.3</ele>
      </trkpt>
      <trkpt lat="37.100037" lon="128.916192">
        <ele>1544.4</ele>
      </trkpt>
      <trkpt lat="37.100081" lon="128.916204">
        <ele>1542.9</ele>
      </trkpt>
      <trkpt lat="37.100124" lon="128.916219">
        <ele>1541.3</ele>
      </trkpt>
      <trkpt lat="37.100167" lon="128.916234">
        <ele>1539.6</ele>
      </trkpt>
      <trkpt lat="37.100210" lon="128.916229">
        <ele>1538.3</ele>
      </trkpt>
      <trkpt lat="37.100253" lon="128.916211">
        <ele>1537.1</ele>
      </trkpt>
      <trkpt lat="37.100295" lon="128.916192">
        <ele>1535.9</ele>
      </trkpt>
      <trkpt lat="37.100339" lon="128.916182">
        <ele>1534.5</ele>
      </trkpt>
      <trkpt lat="37.100384" lon="128.916179">
        <ele>1533.0</ele>
      </trkpt>
      <trkpt lat="37.100429" lon="128.916176">
        <ele>1531.5</ele>
      </trkpt>
      <trkpt lat="37.100472" lon="128.916166">
        <ele>1530.1</ele>
      </trkpt>
      <trkpt lat="37.100509" lon="128.916134">
        <ele>1529.5</ele>
      </trkpt>
      <trkpt lat="37.100548" lon="128.916106">
        <ele>1528.7</ele>
      </trkpt>
      <trkpt lat="37.100590" lon="128.916086">
        <ele>1527.6</ele>
      </trkpt>
      <trkpt lat="37.100629" lon="128.916060">
        <ele>1526.8</ele>
      </trkpt>
      <trkpt lat="37.100665" lon="128.916025">
        <ele>1526.3</ele>
      </trkpt>
      <trkpt lat="37.100705" lon="128.916001">
        <ele>1525.5</ele>
      </trkpt>
      <trkpt lat="37.100746" lon="128.915977">
        <ele>1524.7</ele>
      </trkpt>
      <trkpt lat="37.100790" lon="128.915981">
        <ele>1523.2</ele>
      </trkpt>
      <trkpt lat="37.100835" lon="128.915980">
        <ele>1521.8</ele>
      </trkpt>
      <trkpt lat="37.100879" lon="128.915971">
        <ele>1520.5</ele>
      </trkpt>
      <trkpt lat="37.100923" lon="128.915963">
        <ele>1519.1</ele>
      </trkpt>
      <trkpt lat="37.100968" lon="128.915963">
        <ele>1517.7</ele>
      </trkpt>
      <trkpt lat="37.101009" lon="128.915940">
        <ele>1516.8</ele>
      </trkpt>
      <trkpt lat="37.101049" lon="128.915914">
        <ele>1515.9</ele>
      </trkpt>
      <trkpt lat="37.101089" lon="128.915889">
        <ele>1515.1</ele>
      </trkpt>
      <trkpt lat="37.101133" lon="128.915881">
        <ele>1513.8</ele>
      </trkpt>
      <trkpt lat="37.101178" lon="128.915875">
        <ele>1512.4</ele>
      </trkpt>
      <trkpt lat="37.101223" lon="128.915869">
        <ele>1511.0</ele>
      </trkpt>
      <trkpt lat="37.101267" lon="128.915864">
        <ele>1509.7</ele>
      </trkpt>
      <trkpt lat="37.101310" lon="128.915850">
        <ele>1508.4</ele>
      </trkpt>
      <trkpt lat="37.101350" lon="128.915824">
        <ele>1507.4</ele>
      </trkpt>
      <trkpt lat="37.101395" lon="128.915826">
        <ele>1506.0</ele>
      </trkpt>
      <trkpt lat="37.101436" lon="128.915812">
        <ele>1504.4</ele>
      </trkpt>
      <trkpt lat="37.101476" lon="128.915787">
        <ele>1502.8</ele>
      </trkpt>
      <trkpt lat="37.101520" lon="128.915774">
        <ele>1501.2</ele>
      </trkpt>
      <trkpt lat="37.101564" lon="128.915761">
        <ele>1499.7</ele>
      </trkpt>
      <trkpt lat="37.101607" lon="128.915748">
        <ele>1498.1</ele>
      </trkpt>
      <trkpt lat="37.101647" lon="128.915721">
        <ele>1496.9</ele>
      </trkpt>
      <trkpt lat="37.101686" lon="128.915694">
        <ele>1495.8</ele>
      </trkpt>
      <trkpt lat="37.101725" lon="128.915666">
        <ele>1494.6</ele>
      </trkpt>
      <trkpt lat="37.101766" lon="128.915645">
        <ele>1493.5</ele>
      </trkpt>
      <trkpt lat="37.101811" lon="128.915645">
        <ele>1492.6</ele>
      </trkpt>
      <trkpt lat="37.101853" lon="128.915663">
        <ele>1491.6</ele>
      </trkpt>
      <trkpt lat="37.101898" lon="128.915664">
        <ele>1490.8</ele>
      </trkpt>
      <trkpt lat="37.101941" lon="128.915655">
        <ele>1489.8</ele>
      </trkpt>
      <trkpt lat="37.101983" lon="128.915635">
        <ele>1488.8</ele>
      </trkpt>
      <trkpt lat="37.102025" lon="128.915614">
        <ele>1487.8</ele>
      </trkpt>
      <trkpt lat="37.102068" lon="128.915597">
        <ele>1486.8</ele>
      </trkpt>
      <trkpt lat="37.102112" lon="128.915586">
        <ele>1485.9</ele>
      </trkpt>
      <trkpt lat="37.102156" lon="128.915576">
        <ele>1485.0</ele>
      </trkpt>
      <trkpt lat="37.102196" lon="128.915554">
        <ele>1484.2</ele>
      </trkpt>
      <trkpt lat="37.102238" lon="128.915544">
        <ele>1483.2</ele>
      </trkpt>
      <trkpt lat="37.102276" lon="128.915519">
        <ele>1482.4</ele>
      </trkpt>
      <trkpt lat="37.102306" lon="128.915478">
        <ele>1481.7</ele>
      </trkpt>
      <trkpt lat="37.102347" lon="128.915456">
        <ele>1480.8</ele>
      </trkpt>
      <trkpt lat="37.102389" lon="128.915434">
        <ele>1480.0</ele>
      </trkpt>
      <trkpt lat="37.102433" lon="128.915423">
        <ele>1479.2</ele>
      </trkpt>
      <trkpt lat="37.102476" lon="128.915424">
        <ele>1478.4</ele>
      </trkpt>
      <trkpt lat="37.102518" lon="128.915443">
        <ele>1477.5</ele>
      </trkpt>
      <trkpt lat="37.102560" lon="128.915443">
        <ele>1476.7</ele>
      </trkpt>
      <trkpt lat="37.102603" lon="128.915439">
        <ele>1476.0</ele>
      </trkpt>
      <trkpt lat="37.102647" lon="128.915453">
        <ele>1475.2</ele>
      </trkpt>
      <trkpt lat="37.102687" lon="128.915438">
        <ele>1474.5</ele>
      </trkpt>
      <trkpt lat="37.102728" lon="128.915420">
        <ele>1473.8</ele>
      </trkpt>
      <trkpt lat="37.102772" lon="128.915428">
        <ele>1473.0</ele>
      </trkpt>
      <trkpt lat="37.102817" lon="128.915430">
        <ele>1472.2</ele>
      </trkpt>
      <trkpt lat="37.102862" lon="128.915424">
        <ele>1471.3</ele>
      </trkpt>
      <trkpt lat="37.102906" lon="128.915418">
        <ele>1470.5</ele>
      </trkpt>
      <trkpt lat="37.102951" lon="128.915416">
        <ele>1469.7</ele>
      </trkpt>
      <trkpt lat="37.102996" lon="128.915421">
        <ele>1468.9</ele>
      </trkpt>
      <trkpt lat="37.103041" lon="128.915425">
        <ele>1468.1</ele>
      </trkpt>
      <trkpt lat="37.103085" lon="128.915430">
        <ele>1467.3</ele>
      </trkpt>
      <trkpt lat="37.103130" lon="128.915427">
        <ele>1466.5</ele>
      </trkpt>
      <trkpt lat="37.103173" lon="128.915415">
        <ele>1465.8</ele>
      </trkpt>
      <trkpt lat="37.103214" lon="128.915391">
        <ele>1465.3</ele>
      </trkpt>
      <trkpt lat="37.103259" lon="128.915396">
        <ele>1464.4</ele>
      </trkpt>
      <trkpt lat="37.103304" lon="128.915393">
        <ele>1463.7</ele>
      </trkpt>
      <trkpt lat="37.103348" lon="128.915399">
        <ele>1462.8</ele>
      </trkpt>
      <trkpt lat="37.103390" lon="128.915417">
        <ele>1461.8</ele>
      </trkpt>
      <trkpt lat="37.103435" lon="128.915420">
        <ele>1460.7</ele>
      </trkpt>
      <trkpt lat="37.103473" lon="128.915394">
        <ele>1460.2</ele>
      </trkpt>
      <trkpt lat="37.103511" lon="128.915363">
        <ele>1459.8</ele>
      </trkpt>
      <trkpt lat="37.103548" lon="128.915332">
        <ele>1459.5</ele>
      </trkpt>
      <trkpt lat="37.103592" lon="128.915322">
        <ele>1458.7</ele>
      </trkpt>
      <trkpt lat="37.103637" lon="128.915313">
        <ele>1458.0</ele>
      </trkpt>
      <trkpt lat="37.103681" lon="128.915303">
        <ele>1457.2</ele>
      </trkpt>
      <trkpt lat="37.103725" lon="128.915292">
        <ele>1456.5</ele>
      </trkpt>
      <trkpt lat="37.103769" lon="128.915278">
        <ele>1455.9</ele>
      </trkpt>
      <trkpt lat="37.103812" lon="128.915265">
        <ele>1455.3</ele>
      </trkpt>
      <trkpt lat="37.103856" lon="128.915252">
        <ele>1454.7</ele>
      </trkpt>
      <trkpt lat="37.103900" lon="128.915239">
        <ele>1454.1</ele>
      </trkpt>
      <trkpt lat="37.103941" lon="128.915217">
        <ele>1453.7</ele>
      </trkpt>
      <trkpt lat="37.103982" lon="128.915195">
        <ele>1453.3</ele>
      </trkpt>
      <trkpt lat="37.104027" lon="128.915185">
        <ele>1452.7</ele>
      </trkpt>
      <trkpt lat="37.104071" lon="128.915178">
        <ele>1452.0</ele>
      </trkpt>
      <trkpt lat="37.104115" lon="128.915176">
        <ele>1451.2</ele>
      </trkpt>
      <trkpt lat="37.104158" lon="128.915192">
        <ele>1449.8</ele>
      </trkpt>
      <trkpt lat="37.104202" lon="128.915208">
        <ele>1448.3</ele>
      </trkpt>
      <trkpt lat="37.104243" lon="128.915230">
        <ele>1446.7</ele>
      </trkpt>
      <trkpt lat="37.104284" lon="128.915254">
        <ele>1445.0</ele>
      </trkpt>
      <trkpt lat="37.104327" lon="128.915257">
        <ele>1443.6</ele>
      </trkpt>
      <trkpt lat="37.104371" lon="128.915247">
        <ele>1442.3</ele>
      </trkpt>
      <trkpt lat="37.104412" lon="128.915226">
        <ele>1441.4</ele>
      </trkpt>
      <trkpt lat="37.104450" lon="128.915197">
        <ele>1440.8</ele>
      </trkpt>
      <trkpt lat="37.104490" lon="128.915172">
        <ele>1440.0</ele>
      </trkpt>
      <trkpt lat="37.104533" lon="128.915157">
        <ele>1439.0</ele>
      </trkpt>
      <trkpt lat="37.104577" lon="128.915141">
        <ele>1438.0</ele>
      </trkpt>
      <trkpt lat="37.104620" lon="128.915125">
        <ele>1437.0</ele>
      </trkpt>
      <trkpt lat="37.104660" lon="128.915100">
        <ele>1436.2</ele>
      </trkpt>
      <trkpt lat="37.104700" lon="128.915075">
        <ele>1435.5</ele>
      </trkpt>
      <trkpt lat="37.104742" lon="128.915054">
        <ele>1434.6</ele>
      </trkpt>
      <trkpt lat="37.104785" lon="128.915039">
        <ele>1433.6</ele>
      </trkpt>
      <trkpt lat="37.104828" lon="128.915023">
        <ele>1432.5</ele>
      </trkpt>
      <trkpt lat="37.104871" lon="128.915008">
        <ele>1431.5</ele>
      </trkpt>
      <trkpt lat="37.104915" lon="128.914992">
        <ele>1430.5</ele>
      </trkpt>
      <trkpt lat="37.104957" lon="128.914974">
        <ele>1428.9</ele>
      </trkpt>
      <trkpt lat="37.105000" lon="128.914956">
        <ele>1427.1</ele>
      </trkpt>
      <trkpt lat="37.105041" lon="128.914935">
        <ele>1425.4</ele>
      </trkpt>
      <trkpt lat="37.105080" lon="128.914906">
        <ele>1423.7</ele>
      </trkpt>
      <trkpt lat="37.105119" lon="128.914877">
        <ele>1421.9</ele>
      </trkpt>
      <trkpt lat="37.105151" lon="128.914838">
        <ele>1420.5</ele>
      </trkpt>
      <trkpt lat="37.105179" lon="128.914794">
        <ele>1419.2</ele>
      </trkpt>
      <trkpt lat="37.105206" lon="128.914749">
        <ele>1417.9</ele>
      </trkpt>
      <trkpt lat="37.105232" lon="128.914703">
        <ele>1416.5</ele>
      </trkpt>
      <trkpt lat="37.105276" lon="128.914690">
        <ele>1415.1</ele>
      </trkpt>
      <trkpt lat="37.105320" lon="128.914684">
        <ele>1413.7</ele>
      </trkpt>
      <trkpt lat="37.105363" lon="128.914678">
        <ele>1412.2</ele>
      </trkpt>
      <trkpt lat="37.105398" lon="128.914643">
        <ele>1411.1</ele>
      </trkpt>
      <trkpt lat="37.105433" lon="128.914608">
        <ele>1409.9</ele>
      </trkpt>
      <trkpt lat="37.105468" lon="128.914573">
        <ele>1408.7</ele>
      </trkpt>
      <trkpt lat="37.105502" lon="128.914536">
        <ele>1407.6</ele>
      </trkpt>
      <trkpt lat="37.105529" lon="128.914492">
        <ele>1406.8</ele>
      </trkpt>
      <trkpt lat="37.105557" lon="128.914447">
        <ele>1406.0</ele>
      </trkpt>
      <trkpt lat="37.105584" lon="128.914402">
        <ele>1405.2</ele>
      </trkpt>
      <trkpt lat="37.105615" lon="128.914361">
        <ele>1404.4</ele>
      </trkpt>
      <trkpt lat="37.105647" lon="128.914322">
        <ele>1403.6</ele>
      </trkpt>
      <trkpt lat="37.105679" lon="128.914282">
        <ele>1402.9</ele>
      </trkpt>
      <trkpt lat="37.105717" lon="128.914253">
        <ele>1402.0</ele>
      </trkpt>
      <trkpt lat="37.105760" lon="128.914236">
        <ele>1401.1</ele>
      </trkpt>
      <trkpt lat="37.105805" lon="128.914236">
        <ele>1400.2</ele>
      </trkpt>
      <trkpt lat="37.105850" lon="128.914230">
        <ele>1399.2</ele>
      </trkpt>
      <trkpt lat="37.105894" lon="128.914224">
        <ele>1398.2</ele>
      </trkpt>
      <trkpt lat="37.105938" lon="128.914235">
        <ele>1396.8</ele>
      </trkpt>
      <trkpt lat="37.105983" lon="128.914245">
        <ele>1395.5</ele>
      </trkpt>
      <trkpt lat="37.106027" lon="128.914245">
        <ele>1394.2</ele>
      </trkpt>
      <trkpt lat="37.106069" lon="128.914225">
        <ele>1393.4</ele>
      </trkpt>
      <trkpt lat="37.106095" lon="128.914180">
        <ele>1392.5</ele>
      </trkpt>
      <trkpt lat="37.106117" lon="128.914132">
        <ele>1391.6</ele>
      </trkpt>
      <trkpt lat="37.106127" lon="128.914077">
        <ele>1389.9</ele>
      </trkpt>
      <trkpt lat="37.106138" lon="128.914022">
        <ele>1388.2</ele>
      </trkpt>
      <trkpt lat="37.106156" lon="128.913972">
        <ele>1386.5</ele>
      </trkpt>
      <trkpt lat="37.106183" lon="128.913927">
        <ele>1384.8</ele>
      </trkpt>
      <trkpt lat="37.106210" lon="128.913882">
        <ele>1383.0</ele>
      </trkpt>
      <trkpt lat="37.106255" lon="128.913874">
        <ele>1381.9</ele>
      </trkpt>
      <trkpt lat="37.106299" lon="128.913870">
        <ele>1380.8</ele>
      </trkpt>
      <trkpt lat="37.106344" lon="128.913875">
        <ele>1380.1</ele>
      </trkpt>
      <trkpt lat="37.106389" lon="128.913880">
        <ele>1379.4</ele>
      </trkpt>
      <trkpt lat="37.106418" lon="128.913839">
        <ele>1377.9</ele>
      </trkpt>
      <trkpt lat="37.106446" lon="128.913794">
        <ele>1376.3</ele>
      </trkpt>
      <trkpt lat="37.106467" lon="128.913745">
        <ele>1375.0</ele>
      </trkpt>
      <trkpt lat="37.106486" lon="128.913694">
        <ele>1373.7</ele>
      </trkpt>
      <trkpt lat="37.106506" lon="128.913643">
        <ele>1372.4</ele>
      </trkpt>
      <trkpt lat="37.106540" lon="128.913607">
        <ele>1371.2</ele>
      </trkpt>
      <trkpt lat="37.106575" lon="128.913572">
        <ele>1370.0</ele>
      </trkpt>
      <trkpt lat="37.106609" lon="128.913536">
        <ele>1368.9</ele>
      </trkpt>
      <trkpt lat="37.106627" lon="128.913484">
        <ele>1367.9</ele>
      </trkpt>
      <trkpt lat="37.106634" lon="128.913429">
        <ele>1366.9</ele>
      </trkpt>
      <trkpt lat="37.106643" lon="128.913374">
        <ele>1365.8</ele>
      </trkpt>
      <trkpt lat="37.106667" lon="128.913326">
        <ele>1364.5</ele>
      </trkpt>
      <trkpt lat="37.106702" lon="128.913291">
        <ele>1361.8</ele>
      </trkpt>
      <trkpt lat="37.106737" lon="128.913256">
        <ele>1359.2</ele>
      </trkpt>
      <trkpt lat="37.106767" lon="128.913213">
        <ele>1356.5</ele>
      </trkpt>
      <trkpt lat="37.106795" lon="128.913169">
        <ele>1353.9</ele>
      </trkpt>
      <trkpt lat="37.106823" lon="128.913126">
        <ele>1351.3</ele>
      </trkpt>
      <trkpt lat="37.106855" lon="128.913087">
        <ele>1348.8</ele>
      </trkpt>
      <trkpt lat="37.106895" lon="128.913060">
        <ele>1346.7</ele>
      </trkpt>
      <trkpt lat="37.106937" lon="128.913052">
        <ele>1345.1</ele>
      </trkpt>
      <trkpt lat="37.106982" lon="128.913057">
        <ele>1343.9</ele>
      </trkpt>
      <trkpt lat="37.107011" lon="128.913026">
        <ele>1342.2</ele>
      </trkpt>
      <trkpt lat="37.107032" lon="128.912976">
        <ele>1340.3</ele>
      </trkpt>
      <trkpt lat="37.107053" lon="128.912926">
        <ele>1338.4</ele>
      </trkpt>
      <trkpt lat="37.107074" lon="128.912877">
        <ele>1336.5</ele>
      </trkpt>
      <trkpt lat="37.107095" lon="128.912827">
        <ele>1334.5</ele>
      </trkpt>
      <trkpt lat="37.107117" lon="128.912777">
        <ele>1332.6</ele>
      </trkpt>
      <trkpt lat="37.107138" lon="128.912727">
        <ele>1330.7</ele>
      </trkpt>
      <trkpt lat="37.107159" lon="128.912677">
        <ele>1328.8</ele>
      </trkpt>
      <trkpt lat="37.107190" lon="128.912637">
        <ele>1327.2</ele>
      </trkpt>
      <trkpt lat="37.107223" lon="128.912599">
        <ele>1325.6</ele>
      </trkpt>
      <trkpt lat="37.107256" lon="128.912561">
        <ele>1324.0</ele>
      </trkpt>
      <trkpt lat="37.107289" lon="128.912522">
        <ele>1322.4</ele>
      </trkpt>
      <trkpt lat="37.107322" lon="128.912484">
        <ele>1320.8</ele>
      </trkpt>
      <trkpt lat="37.107355" lon="128.912445">
        <ele>1319.2</ele>
      </trkpt>
      <trkpt lat="37.107387" lon="128.912407">
        <ele>1317.7</ele>
      </trkpt>
      <trkpt lat="37.107416" lon="128.912364">
        <ele>1315.8</ele>
      </trkpt>
      <trkpt lat="37.107441" lon="128.912317">
        <ele>1313.7</ele>
      </trkpt>
      <trkpt lat="37.107466" lon="128.912270">
        <ele>1311.6</ele>
      </trkpt>
      <trkpt lat="37.107496" lon="128.912228">
        <ele>1309.4</ele>
      </trkpt>
      <trkpt lat="37.107526" lon="128.912186">
        <ele>1307.2</ele>
      </trkpt>
      <trkpt lat="37.107560" lon="128.912151">
        <ele>1305.0</ele>
      </trkpt>
      <trkpt lat="37.107598" lon="128.912120">
        <ele>1302.7</ele>
      </trkpt>
      <trkpt lat="37.107636" lon="128.912089">
        <ele>1300.5</ele>
      </trkpt>
      <trkpt lat="37.107673" lon="128.912058">
        <ele>1298.2</ele>
      </trkpt>
      <trkpt lat="37.107711" lon="128.912027">
        <ele>1296.0</ele>
      </trkpt>
      <trkpt lat="37.107749" lon="128.911996">
        <ele>1293.8</ele>
      </trkpt>
      <trkpt lat="37.107778" lon="128.911954">
        <ele>1291.7</ele>
      </trkpt>
      <trkpt lat="37.107808" lon="128.911911">
        <ele>1289.7</ele>
      </trkpt>
      <trkpt lat="37.107832" lon="128.911865">
        <ele>1287.8</ele>
      </trkpt>
      <trkpt lat="37.107848" lon="128.911812">
        <ele>1286.0</ele>
      </trkpt>
      <trkpt lat="37.107864" lon="128.911760">
        <ele>1284.3</ele>
      </trkpt>
      <trkpt lat="37.107880" lon="128.911707">
        <ele>1282.6</ele>
      </trkpt>
      <trkpt lat="37.107913" lon="128.911668">
        <ele>1280.9</ele>
      </trkpt>
      <trkpt lat="37.107954" lon="128.911661">
        <ele>1280.0</ele>
      </trkpt>
      <trkpt lat="37.107994" lon="128.911639">
        <ele>1278.7</ele>
      </trkpt>
      <trkpt lat="37.108031" lon="128.911607">
        <ele>1277.2</ele>
      </trkpt>
      <trkpt lat="37.108068" lon="128.911576">
        <ele>1275.7</ele>
      </trkpt>
      <trkpt lat="37.108106" lon="128.911545">
        <ele>1274.2</ele>
      </trkpt>
      <trkpt lat="37.108141" lon="128.911510">
        <ele>1272.6</ele>
      </trkpt>
      <trkpt lat="37.108179" lon="128.911482">
        <ele>1271.4</ele>
      </trkpt>
      <trkpt lat="37.108213" lon="128.911444">
        <ele>1270.1</ele>
      </trkpt>
      <trkpt lat="37.108246" lon="128.911406">
        <ele>1268.8</ele>
      </trkpt>
      <trkpt lat="37.108279" lon="128.911368">
        <ele>1267.5</ele>
      </trkpt>
      <trkpt lat="37.108312" lon="128.911330">
        <ele>1266.2</ele>
      </trkpt>
      <trkpt lat="37.108346" lon="128.911292">
        <ele>1264.9</ele>
      </trkpt>
      <trkpt lat="37.108385" lon="128.911266">
        <ele>1263.3</ele>
      </trkpt>
      <trkpt lat="37.108425" lon="128.911240">
        <ele>1261.6</ele>
      </trkpt>
      <trkpt lat="37.108465" lon="128.911214">
        <ele>1260.0</ele>
      </trkpt>
      <trkpt lat="37.108504" lon="128.911186">
        <ele>1258.4</ele>
      </trkpt>
      <trkpt lat="37.108533" lon="128.911143">
        <ele>1257.0</ele>
      </trkpt>
      <trkpt lat="37.108562" lon="128.911099">
        <ele>1255.7</ele>
      </trkpt>
      <trkpt lat="37.108590" lon="128.911056">
        <ele>1254.4</ele>
      </trkpt>
      <trkpt lat="37.108620" lon="128.911014">
        <ele>1253.1</ele>
      </trkpt>
      <trkpt lat="37.108653" lon="128.910975">
        <ele>1251.8</ele>
      </trkpt>
      <trkpt lat="37.108686" lon="128.910937">
        <ele>1250.6</ele>
      </trkpt>
      <trkpt lat="37.108699" lon="128.910883">
        <ele>1249.8</ele>
      </trkpt>
      <trkpt lat="37.108711" lon="128.910829">
        <ele>1249.0</ele>
      </trkpt>
      <trkpt lat="37.108737" lon="128.910785">
        <ele>1248.2</ele>
      </trkpt>
      <trkpt lat="37.108769" lon="128.910745">
        <ele>1247.4</ele>
      </trkpt>
      <trkpt lat="37.108801" lon="128.910705">
        <ele>1246.6</ele>
      </trkpt>
      <trkpt lat="37.108790" lon="128.910677">
        <ele>1246.7</ele>
      </trkpt>
      <trkpt lat="37.108760" lon="128.910690">
        <ele>1247.0</ele>
      </trkpt>
      <trkpt lat="37.108775" lon="128.910670">
        <ele>1246.5</ele>
      </trkpt>
      <trkpt lat="37.108814" lon="128.910684">
        <ele>1246.3</ele>
      </trkpt>
      <trkpt lat="37.108808" lon="128.910628">
        <ele>1245.9</ele>
      </trkpt>
      <trkpt lat="37.108803" lon="128.910572">
        <ele>1245.6</ele>
      </trkpt>
      <trkpt lat="37.108798" lon="128.910516">
        <ele>1245.2</ele>
      </trkpt>
      <trkpt lat="37.108792" lon="128.910460">
        <ele>1244.9</ele>
      </trkpt>
      <trkpt lat="37.108787" lon="128.910404">
        <ele>1244.5</ele>
      </trkpt>
      <trkpt lat="37.108778" lon="128.910349">
        <ele>1244.1</ele>
      </trkpt>
      <trkpt lat="37.108768" lon="128.910294">
        <ele>1243.6</ele>
      </trkpt>
      <trkpt lat="37.108766" lon="128.910238">
        <ele>1243.0</ele>
      </trkpt>
      <trkpt lat="37.108759" lon="128.910182">
        <ele>1242.5</ele>
      </trkpt>
      <trkpt lat="37.108755" lon="128.910126">
        <ele>1242.1</ele>
      </trkpt>
      <trkpt lat="37.108756" lon="128.910070">
        <ele>1241.6</ele>
      </trkpt>
      <trkpt lat="37.108757" lon="128.910013">
        <ele>1241.1</ele>
      </trkpt>
      <trkpt lat="37.108755" lon="128.909957">
        <ele>1240.6</ele>
      </trkpt>
      <trkpt lat="37.108751" lon="128.909901">
        <ele>1240.1</ele>
      </trkpt>
      <trkpt lat="37.108747" lon="128.909845">
        <ele>1239.5</ele>
      </trkpt>
      <trkpt lat="37.108742" lon="128.909789">
        <ele>1239.0</ele>
      </trkpt>
      <trkpt lat="37.108761" lon="128.909738">
        <ele>1239.0</ele>
      </trkpt>
      <trkpt lat="37.108787" lon="128.909692">
        <ele>1239.3</ele>
      </trkpt>
      <trkpt lat="37.108814" lon="128.909647">
        <ele>1239.6</ele>
      </trkpt>
      <trkpt lat="37.108839" lon="128.909600">
        <ele>1239.9</ele>
      </trkpt>
      <trkpt lat="37.108859" lon="128.909550">
        <ele>1240.2</ele>
      </trkpt>
      <trkpt lat="37.108866" lon="128.909496">
        <ele>1240.1</ele>
      </trkpt>
      <trkpt lat="37.108876" lon="128.909444">
        <ele>1240.2</ele>
      </trkpt>
      <trkpt lat="37.108901" lon="128.909397">
        <ele>1240.7</ele>
      </trkpt>
      <trkpt lat="37.108907" lon="128.909343">
        <ele>1240.7</ele>
      </trkpt>
      <trkpt lat="37.108909" lon="128.909286">
        <ele>1240.6</ele>
      </trkpt>
      <trkpt lat="37.108916" lon="128.909231">
        <ele>1240.6</ele>
      </trkpt>
      <trkpt lat="37.108926" lon="128.909176">
        <ele>1240.7</ele>
      </trkpt>
      <trkpt lat="37.108942" lon="128.909123">
        <ele>1240.5</ele>
      </trkpt>
      <trkpt lat="37.108967" lon="128.909076">
        <ele>1240.4</ele>
      </trkpt>
      <trkpt lat="37.108992" lon="128.909029">
        <ele>1240.4</ele>
      </trkpt>
      <trkpt lat="37.109017" lon="128.908982">
        <ele>1240.3</ele>
      </trkpt>
      <trkpt lat="37.109042" lon="128.908936">
        <ele>1240.2</ele>
      </trkpt>
      <trkpt lat="37.109067" lon="128.908889">
        <ele>1240.1</ele>
      </trkpt>
      <trkpt lat="37.109092" lon="128.908842">
        <ele>1240.1</ele>
      </trkpt>
      <trkpt lat="37.109117" lon="128.908795">
        <ele>1240.0</ele>
      </trkpt>
      <trkpt lat="37.109157" lon="128.908769">
        <ele>1239.3</ele>
      </trkpt>
      <trkpt lat="37.109196" lon="128.908742">
        <ele>1238.6</ele>
      </trkpt>
      <trkpt lat="37.109236" lon="128.908715">
        <ele>1237.9</ele>
      </trkpt>
      <trkpt lat="37.109275" lon="128.908688">
        <ele>1237.2</ele>
      </trkpt>
      <trkpt lat="37.109313" lon="128.908657">
        <ele>1236.3</ele>
      </trkpt>
      <trkpt lat="37.109351" lon="128.908627">
        <ele>1235.5</ele>
      </trkpt>
      <trkpt lat="37.109388" lon="128.908596">
        <ele>1234.6</ele>
      </trkpt>
      <trkpt lat="37.109426" lon="128.908565">
        <ele>1233.7</ele>
      </trkpt>
      <trkpt lat="37.109463" lon="128.908534">
        <ele>1232.9</ele>
      </trkpt>
      <trkpt lat="37.109501" lon="128.908503">
        <ele>1232.0</ele>
      </trkpt>
      <trkpt lat="37.109539" lon="128.908472">
        <ele>1231.1</ele>
      </trkpt>
      <trkpt lat="37.109576" lon="128.908441">
        <ele>1230.2</ele>
      </trkpt>
      <trkpt lat="37.109614" lon="128.908410">
        <ele>1229.4</ele>
      </trkpt>
      <trkpt lat="37.109652" lon="128.908379">
        <ele>1228.5</ele>
      </trkpt>
      <trkpt lat="37.109689" lon="128.908349">
        <ele>1227.6</ele>
      </trkpt>
      <trkpt lat="37.109727" lon="128.908318">
        <ele>1226.7</ele>
      </trkpt>
      <trkpt lat="37.109755" lon="128.908277">
        <ele>1225.6</ele>
      </trkpt>
      <trkpt lat="37.109773" lon="128.908225">
        <ele>1224.2</ele>
      </trkpt>
      <trkpt lat="37.109794" lon="128.908176">
        <ele>1222.8</ele>
      </trkpt>
      <trkpt lat="37.109829" lon="128.908141">
        <ele>1222.0</ele>
      </trkpt>
      <trkpt lat="37.109864" lon="128.908107">
        <ele>1221.1</ele>
      </trkpt>
      <trkpt lat="37.109904" lon="128.908080">
        <ele>1220.6</ele>
      </trkpt>
      <trkpt lat="37.109945" lon="128.908056">
        <ele>1220.2</ele>
      </trkpt>
      <trkpt lat="37.109975" lon="128.908017">
        <ele>1219.4</ele>
      </trkpt>
      <trkpt lat="37.109999" lon="128.907969">
        <ele>1218.5</ele>
      </trkpt>
      <trkpt lat="37.110023" lon="128.907922">
        <ele>1217.4</ele>
      </trkpt>
      <trkpt lat="37.110049" lon="128.907876">
        <ele>1216.0</ele>
      </trkpt>
      <trkpt lat="37.110075" lon="128.907830">
        <ele>1214.6</ele>
      </trkpt>
      <trkpt lat="37.110103" lon="128.907786">
        <ele>1213.2</ele>
      </trkpt>
      <trkpt lat="37.110142" lon="128.907759">
        <ele>1212.0</ele>
      </trkpt>
      <trkpt lat="37.110181" lon="128.907731">
        <ele>1210.9</ele>
      </trkpt>
      <trkpt lat="37.110220" lon="128.907704">
        <ele>1209.7</ele>
      </trkpt>
      <trkpt lat="37.110257" lon="128.907671">
        <ele>1208.8</ele>
      </trkpt>
      <trkpt lat="37.110293" lon="128.907637">
        <ele>1208.0</ele>
      </trkpt>
      <trkpt lat="37.110329" lon="128.907603">
        <ele>1207.2</ele>
      </trkpt>
      <trkpt lat="37.110365" lon="128.907569">
        <ele>1206.4</ele>
      </trkpt>
      <trkpt lat="37.110399" lon="128.907533">
        <ele>1205.5</ele>
      </trkpt>
      <trkpt lat="37.110428" lon="128.907490">
        <ele>1204.3</ele>
      </trkpt>
      <trkpt lat="37.110456" lon="128.907446">
        <ele>1203.1</ele>
      </trkpt>
      <trkpt lat="37.110484" lon="128.907402">
        <ele>1201.8</ele>
      </trkpt>
      <trkpt lat="37.110511" lon="128.907357">
        <ele>1200.6</ele>
      </trkpt>
      <trkpt lat="37.110538" lon="128.907311">
        <ele>1199.4</ele>
      </trkpt>
      <trkpt lat="37.110563" lon="128.907265">
        <ele>1198.2</ele>
      </trkpt>
      <trkpt lat="37.110587" lon="128.907217">
        <ele>1197.2</ele>
      </trkpt>
      <trkpt lat="37.110610" lon="128.907169">
        <ele>1196.2</ele>
      </trkpt>
      <trkpt lat="37.110642" lon="128.907131">
        <ele>1195.5</ele>
      </trkpt>
      <trkpt lat="37.110679" lon="128.907099">
        <ele>1195.1</ele>
      </trkpt>
      <trkpt lat="37.110716" lon="128.907066">
        <ele>1194.7</ele>
      </trkpt>
      <trkpt lat="37.110749" lon="128.907028">
        <ele>1194.6</ele>
      </trkpt>
      <trkpt lat="37.110788" lon="128.907002">
        <ele>1194.5</ele>
      </trkpt>
      <trkpt lat="37.110830" lon="128.906982">
        <ele>1194.5</ele>
      </trkpt>
      <trkpt lat="37.110869" lon="128.906954">
        <ele>1193.5</ele>
      </trkpt>
      <trkpt lat="37.110907" lon="128.906924">
        <ele>1192.2</ele>
      </trkpt>
      <trkpt lat="37.110944" lon="128.906893">
        <ele>1190.8</ele>
      </trkpt>
      <trkpt lat="37.110984" lon="128.906868">
        <ele>1189.5</ele>
      </trkpt>
      <trkpt lat="37.111029" lon="128.906863">
        <ele>1188.0</ele>
      </trkpt>
      <trkpt lat="37.111069" lon="128.906839">
        <ele>1186.8</ele>
      </trkpt>
      <trkpt lat="37.111110" lon="128.906815">
        <ele>1185.6</ele>
      </trkpt>
      <trkpt lat="37.111151" lon="128.906792">
        <ele>1184.3</ele>
      </trkpt>
      <trkpt lat="37.111194" lon="128.906777">
        <ele>1183.1</ele>
      </trkpt>
      <trkpt lat="37.111237" lon="128.906761">
        <ele>1181.8</ele>
      </trkpt>
      <trkpt lat="37.111277" lon="128.906736">
        <ele>1180.7</ele>
      </trkpt>
      <trkpt lat="37.111317" lon="128.906710">
        <ele>1179.6</ele>
      </trkpt>
      <trkpt lat="37.111354" lon="128.906678">
        <ele>1178.3</ele>
      </trkpt>
      <trkpt lat="37.111389" lon="128.906643">
        <ele>1176.8</ele>
      </trkpt>
      <trkpt lat="37.111424" lon="128.906607">
        <ele>1175.4</ele>
      </trkpt>
      <trkpt lat="37.111450" lon="128.906561">
        <ele>1173.6</ele>
      </trkpt>
      <trkpt lat="37.111476" lon="128.906515">
        <ele>1171.9</ele>
      </trkpt>
      <trkpt lat="37.111501" lon="128.906468">
        <ele>1170.2</ele>
      </trkpt>
      <trkpt lat="37.111522" lon="128.906418">
        <ele>1168.9</ele>
      </trkpt>
      <trkpt lat="37.111543" lon="128.906369">
        <ele>1167.7</ele>
      </trkpt>
      <trkpt lat="37.111563" lon="128.906319">
        <ele>1166.4</ele>
      </trkpt>
      <trkpt lat="37.111592" lon="128.906275">
        <ele>1165.5</ele>
      </trkpt>
      <trkpt lat="37.111623" lon="128.906235">
        <ele>1164.8</ele>
      </trkpt>
      <trkpt lat="37.111649" lon="128.906191">
        <ele>1164.0</ele>
      </trkpt>
      <trkpt lat="37.111662" lon="128.906137">
        <ele>1163.2</ele>
      </trkpt>
      <trkpt lat="37.111677" lon="128.906083">
        <ele>1162.2</ele>
      </trkpt>
      <trkpt lat="37.111696" lon="128.906033">
        <ele>1161.0</ele>
      </trkpt>
      <trkpt lat="37.111716" lon="128.905982">
        <ele>1159.8</ele>
      </trkpt>
      <trkpt lat="37.111736" lon="128.905932">
        <ele>1158.6</ele>
      </trkpt>
      <trkpt lat="37.111756" lon="128.905881">
        <ele>1157.3</ele>
      </trkpt>
      <trkpt lat="37.111776" lon="128.905831">
        <ele>1156.1</ele>
      </trkpt>
      <trkpt lat="37.111796" lon="128.905780">
        <ele>1154.9</ele>
      </trkpt>
      <trkpt lat="37.111816" lon="128.905729">
        <ele>1153.7</ele>
      </trkpt>
      <trkpt lat="37.111836" lon="128.905679">
        <ele>1152.5</ele>
      </trkpt>
      <trkpt lat="37.111849" lon="128.905625">
        <ele>1151.5</ele>
      </trkpt>
      <trkpt lat="37.111863" lon="128.905572">
        <ele>1150.6</ele>
      </trkpt>
      <trkpt lat="37.111877" lon="128.905518">
        <ele>1149.7</ele>
      </trkpt>
      <trkpt lat="37.111891" lon="128.905464">
        <ele>1148.8</ele>
      </trkpt>
      <trkpt lat="37.111905" lon="128.905411">
        <ele>1147.9</ele>
      </trkpt>
      <trkpt lat="37.111919" lon="128.905357">
        <ele>1147.0</ele>
      </trkpt>
      <trkpt lat="37.111933" lon="128.905303">
        <ele>1146.1</ele>
      </trkpt>
      <trkpt lat="37.111947" lon="128.905250">
        <ele>1145.2</ele>
      </trkpt>
      <trkpt lat="37.111961" lon="128.905196">
        <ele>1144.2</ele>
      </trkpt>
      <trkpt lat="37.111975" lon="128.905143">
        <ele>1143.3</ele>
      </trkpt>
      <trkpt lat="37.111996" lon="128.905093">
        <ele>1143.2</ele>
      </trkpt>
      <trkpt lat="37.112019" lon="128.905044">
        <ele>1143.2</ele>
      </trkpt>
      <trkpt lat="37.112041" lon="128.904995">
        <ele>1143.1</ele>
      </trkpt>
      <trkpt lat="37.112063" lon="128.904946">
        <ele>1143.1</ele>
      </trkpt>
      <trkpt lat="37.112085" lon="128.904897">
        <ele>1143.0</ele>
      </trkpt>
      <trkpt lat="37.112107" lon="128.904848">
        <ele>1143.0</ele>
      </trkpt>
      <trkpt lat="37.112129" lon="128.904799">
        <ele>1142.9</ele>
      </trkpt>
      <trkpt lat="37.112151" lon="128.904750">
        <ele>1142.8</ele>
      </trkpt>
      <trkpt lat="37.112173" lon="128.904700">
        <ele>1142.8</ele>
      </trkpt>
      <trkpt lat="37.112195" lon="128.904651">
        <ele>1142.7</ele>
      </trkpt>
      <trkpt lat="37.112217" lon="128.904602">
        <ele>1142.7</ele>
      </trkpt>
      <trkpt lat="37.112240" lon="128.904553">
        <ele>1142.6</ele>
      </trkpt>
      <trkpt lat="37.112262" lon="128.904504">
        <ele>1142.6</ele>
      </trkpt>
      <trkpt lat="37.112284" lon="128.904455">
        <ele>1142.5</ele>
      </trkpt>
      <trkpt lat="37.112306" lon="128.904406">
        <ele>1142.4</ele>
      </trkpt>
      <trkpt lat="37.112328" lon="128.904357">
        <ele>1142.4</ele>
      </trkpt>
      <trkpt lat="37.112350" lon="128.904308">
        <ele>1142.3</ele>
      </trkpt>
      <trkpt lat="37.112368" lon="128.904256">
        <ele>1142.3</ele>
      </trkpt>
      <trkpt lat="37.112380" lon="128.904202">
        <ele>1142.3</ele>
      </trkpt>
      <trkpt lat="37.112392" lon="128.904148">
        <ele>1142.3</ele>
      </trkpt>
      <trkpt lat="37.112404" lon="128.904093">
        <ele>1142.3</ele>
      </trkpt>
      <trkpt lat="37.112417" lon="128.904039">
        <ele>1142.3</ele>
      </trkpt>
      <trkpt lat="37.112429" lon="128.903985">
        <ele>1142.3</ele>
      </trkpt>
      <trkpt lat="37.112441" lon="128.903931">
        <ele>1142.3</ele>
      </trkpt>
      <trkpt lat="37.112453" lon="128.903876">
        <ele>1142.3</ele>
      </trkpt>
      <trkpt lat="37.112465" lon="128.903822">
        <ele>1142.3</ele>
      </trkpt>
      <trkpt lat="37.112478" lon="128.903768">
        <ele>1142.3</ele>
      </trkpt>
      <trkpt lat="37.112490" lon="128.903714">
        <ele>1142.3</ele>
      </trkpt>
      <trkpt lat="37.112502" lon="128.903659">
        <ele>1142.3</ele>
      </trkpt>
      <trkpt lat="37.112517" lon="128.903606">
        <ele>1142.0</ele>
      </trkpt>
      <trkpt lat="37.112534" lon="128.903554">
        <ele>1141.3</ele>
      </trkpt>
      <trkpt lat="37.112551" lon="128.903502">
        <ele>1140.6</ele>
      </trkpt>
      <trkpt lat="37.112568" lon="128.903450">
        <ele>1139.9</ele>
      </trkpt>
      <trkpt lat="37.112586" lon="128.903398">
        <ele>1139.2</ele>
      </trkpt>
      <trkpt lat="37.112603" lon="128.903346">
        <ele>1138.5</ele>
      </trkpt>
      <trkpt lat="37.112620" lon="128.903293">
        <ele>1137.8</ele>
      </trkpt>
      <trkpt lat="37.112637" lon="128.903241">
        <ele>1137.1</ele>
      </trkpt>
      <trkpt lat="37.112655" lon="128.903189">
        <ele>1136.4</ele>
      </trkpt>
      <trkpt lat="37.112672" lon="128.903137">
        <ele>1135.7</ele>
      </trkpt>
      <trkpt lat="37.112689" lon="128.903085">
        <ele>1135.0</ele>
      </trkpt>
      <trkpt lat="37.112706" lon="128.903033">
        <ele>1134.3</ele>
      </trkpt>
      <trkpt lat="37.112724" lon="128.902981">
        <ele>1133.6</ele>
      </trkpt>
      <trkpt lat="37.112741" lon="128.902929">
        <ele>1132.9</ele>
      </trkpt>
      <trkpt lat="37.112758" lon="128.902877">
        <ele>1132.3</ele>
      </trkpt>
      <trkpt lat="37.112775" lon="128.902825">
        <ele>1131.6</ele>
      </trkpt>
      <trkpt lat="37.112793" lon="128.902773">
        <ele>1130.9</ele>
      </trkpt>
      <trkpt lat="37.112810" lon="128.902721">
        <ele>1130.2</ele>
      </trkpt>
      <trkpt lat="37.112827" lon="128.902669">
        <ele>1129.5</ele>
      </trkpt>
      <trkpt lat="37.112844" lon="128.902617">
        <ele>1128.8</ele>
      </trkpt>
      <trkpt lat="37.112862" lon="128.902564">
        <ele>1128.1</ele>
      </trkpt>
      <trkpt lat="37.112879" lon="128.902512">
        <ele>1127.4</ele>
      </trkpt>
      <trkpt lat="37.112896" lon="128.902460">
        <ele>1126.7</ele>
      </trkpt>
      <trkpt lat="37.112913" lon="128.902408">
        <ele>1126.0</ele>
      </trkpt>
      <trkpt lat="37.112930" lon="128.902356">
        <ele>1125.4</ele>
      </trkpt>
      <trkpt lat="37.112947" lon="128.902304">
        <ele>1124.9</ele>
      </trkpt>
      <trkpt lat="37.112964" lon="128.902251">
        <ele>1124.3</ele>
      </trkpt>
      <trkpt lat="37.112980" lon="128.902199">
        <ele>1123.8</ele>
      </trkpt>
      <trkpt lat="37.112997" lon="128.902147">
        <ele>1123.3</ele>
      </trkpt>
      <trkpt lat="37.113014" lon="128.902094">
        <ele>1122.7</ele>
      </trkpt>
      <trkpt lat="37.113031" lon="128.902042">
        <ele>1122.2</ele>
      </trkpt>
      <trkpt lat="37.113048" lon="128.901990">
        <ele>1121.7</ele>
      </trkpt>
      <trkpt lat="37.113064" lon="128.901937">
        <ele>1121.1</ele>
      </trkpt>
      <trkpt lat="37.113081" lon="128.901885">
        <ele>1120.6</ele>
      </trkpt>
      <trkpt lat="37.113098" lon="128.901833">
        <ele>1120.1</ele>
      </trkpt>
      <trkpt lat="37.113107" lon="128.901778">
        <ele>1120.2</ele>
      </trkpt>
      <trkpt lat="37.113115" lon="128.901722">
        <ele>1120.5</ele>
      </trkpt>
      <trkpt lat="37.113123" lon="128.901667">
        <ele>1120.8</ele>
      </trkpt>
      <trkpt lat="37.113131" lon="128.901611">
        <ele>1121.1</ele>
      </trkpt>
      <trkpt lat="37.113139" lon="128.901556">
        <ele>1121.4</ele>
      </trkpt>
      <trkpt lat="37.113147" lon="128.901500">
        <ele>1121.7</ele>
      </trkpt>
      <trkpt lat="37.113155" lon="128.901445">
        <ele>1122.0</ele>
      </trkpt>
      <trkpt lat="37.113163" lon="128.901389">
        <ele>1122.3</ele>
      </trkpt>
      <trkpt lat="37.113171" lon="128.901334">
        <ele>1122.5</ele>
      </trkpt>
      <trkpt lat="37.113179" lon="128.901278">
        <ele>1122.8</ele>
      </trkpt>
      <trkpt lat="37.113187" lon="128.901223">
        <ele>1123.1</ele>
      </trkpt>
      <trkpt lat="37.113196" lon="128.901167">
        <ele>1123.6</ele>
      </trkpt>
      <trkpt lat="37.113206" lon="128.901113">
        <ele>1124.5</ele>
      </trkpt>
      <trkpt lat="37.113216" lon="128.901058">
        <ele>1125.4</ele>
      </trkpt>
      <trkpt lat="37.113226" lon="128.901003">
        <ele>1126.2</ele>
      </trkpt>
      <trkpt lat="37.113237" lon="128.900948">
        <ele>1127.1</ele>
      </trkpt>
      <trkpt lat="37.113247" lon="128.900893">
        <ele>1128.0</ele>
      </trkpt>
      <trkpt lat="37.113257" lon="128.900838">
        <ele>1128.9</ele>
      </trkpt>
      <trkpt lat="37.113267" lon="128.900783">
        <ele>1129.7</ele>
      </trkpt>
      <trkpt lat="37.113262" lon="128.900727">
        <ele>1130.6</ele>
      </trkpt>
      <trkpt lat="37.113255" lon="128.900672">
        <ele>1131.4</ele>
      </trkpt>
      <trkpt lat="37.113248" lon="128.900616">
        <ele>1132.2</ele>
      </trkpt>
      <trkpt lat="37.113242" lon="128.900560">
        <ele>1133.1</ele>
      </trkpt>
      <trkpt lat="37.113248" lon="128.900504">
        <ele>1134.5</ele>
      </trkpt>
      <trkpt lat="37.113242" lon="128.900450">
        <ele>1135.2</ele>
      </trkpt>
      <trkpt lat="37.113228" lon="128.900396">
        <ele>1135.5</ele>
      </trkpt>
      <trkpt lat="37.113215" lon="128.900342">
        <ele>1135.9</ele>
      </trkpt>
      <trkpt lat="37.113201" lon="128.900288">
        <ele>1136.2</ele>
      </trkpt>
      <trkpt lat="37.113187" lon="128.900235">
        <ele>1136.5</ele>
      </trkpt>
      <trkpt lat="37.113174" lon="128.900181">
        <ele>1136.8</ele>
      </trkpt>
      <trkpt lat="37.113160" lon="128.900127">
        <ele>1137.2</ele>
      </trkpt>
      <trkpt lat="37.113168" lon="128.900076">
        <ele>1138.6</ele>
      </trkpt>
      <trkpt lat="37.113189" lon="128.900026">
        <ele>1140.8</ele>
      </trkpt>
      <trkpt lat="37.113209" lon="128.899976">
        <ele>1142.9</ele>
      </trkpt>
      <trkpt lat="37.113237" lon="128.899932">
        <ele>1145.1</ele>
      </trkpt>
      <trkpt lat="37.113269" lon="128.899892">
        <ele>1147.3</ele>
      </trkpt>
      <trkpt lat="37.113290" lon="128.899843">
        <ele>1149.1</ele>
      </trkpt>
      <trkpt lat="37.113306" lon="128.899791">
        <ele>1150.8</ele>
      </trkpt>
      <trkpt lat="37.113322" lon="128.899738">
        <ele>1152.4</ele>
      </trkpt>
      <trkpt lat="37.113327" lon="128.899682">
        <ele>1153.2</ele>
      </trkpt>
      <trkpt lat="37.113331" lon="128.899626">
        <ele>1154.1</ele>
      </trkpt>
      <trkpt lat="37.113336" lon="128.899570">
        <ele>1155.0</ele>
      </trkpt>
      <trkpt lat="37.113339" lon="128.899514">
        <ele>1155.8</ele>
      </trkpt>
      <trkpt lat="37.113341" lon="128.899457">
        <ele>1156.5</ele>
      </trkpt>
      <trkpt lat="37.113344" lon="128.899401">
        <ele>1157.1</ele>
      </trkpt>
      <trkpt lat="37.113346" lon="128.899345">
        <ele>1157.8</ele>
      </trkpt>
      <trkpt lat="37.113363" lon="128.899293">
        <ele>1158.6</ele>
      </trkpt>
      <trkpt lat="37.113381" lon="128.899241">
        <ele>1159.5</ele>
      </trkpt>
      <trkpt lat="37.113407" lon="128.899196">
        <ele>1160.4</ele>
      </trkpt>
      <trkpt lat="37.113438" lon="128.899155">
        <ele>1161.3</ele>
      </trkpt>
      <trkpt lat="37.113468" lon="128.899113">
        <ele>1162.3</ele>
      </trkpt>
      <trkpt lat="37.113499" lon="128.899072">
        <ele>1163.2</ele>
      </trkpt>
      <trkpt lat="37.113529" lon="128.899031">
        <ele>1164.1</ele>
      </trkpt>
      <trkpt lat="37.113560" lon="128.898989">
        <ele>1165.0</ele>
      </trkpt>
      <trkpt lat="37.113591" lon="128.898948">
        <ele>1166.0</ele>
      </trkpt>
      <trkpt lat="37.113614" lon="128.898901">
        <ele>1166.8</ele>
      </trkpt>
      <trkpt lat="37.113627" lon="128.898847">
        <ele>1167.6</ele>
      </trkpt>
      <trkpt lat="37.113641" lon="128.898794">
        <ele>1168.4</ele>
      </trkpt>
      <trkpt lat="37.113655" lon="128.898740">
        <ele>1169.2</ele>
      </trkpt>
      <trkpt lat="37.113666" lon="128.898685">
        <ele>1169.9</ele>
      </trkpt>
      <trkpt lat="37.113676" lon="128.898630">
        <ele>1170.6</ele>
      </trkpt>
      <trkpt lat="37.113685" lon="128.898575">
        <ele>1171.3</ele>
      </trkpt>
      <trkpt lat="37.113675" lon="128.898523">
        <ele>1171.8</ele>
      </trkpt>
      <trkpt lat="37.113656" lon="128.898471">
        <ele>1172.1</ele>
      </trkpt>
      <trkpt lat="37.113638" lon="128.898420">
        <ele>1172.5</ele>
      </trkpt>
      <trkpt lat="37.113614" lon="128.898372">
        <ele>1172.5</ele>
      </trkpt>
      <trkpt lat="37.113590" lon="128.898324">
        <ele>1172.5</ele>
      </trkpt>
      <trkpt lat="37.113566" lon="128.898277">
        <ele>1172.5</ele>
      </trkpt>
      <trkpt lat="37.113544" lon="128.898228">
        <ele>1172.5</ele>
      </trkpt>
      <trkpt lat="37.113524" lon="128.898177">
        <ele>1172.4</ele>
      </trkpt>
      <trkpt lat="37.113505" lon="128.898126">
        <ele>1172.3</ele>
      </trkpt>
      <trkpt lat="37.113477" lon="128.898083">
        <ele>1172.2</ele>
      </trkpt>
      <trkpt lat="37.113445" lon="128.898043">
        <ele>1172.1</ele>
      </trkpt>
      <trkpt lat="37.113430" lon="128.897994">
        <ele>1172.1</ele>
      </trkpt>
      <trkpt lat="37.113427" lon="128.897937">
        <ele>1172.3</ele>
      </trkpt>
      <trkpt lat="37.113432" lon="128.897882">
        <ele>1172.3</ele>
      </trkpt>
      <trkpt lat="37.113440" lon="128.897826">
        <ele>1172.3</ele>
      </trkpt>
      <trkpt lat="37.113447" lon="128.897770">
        <ele>1172.3</ele>
      </trkpt>
      <trkpt lat="37.113454" lon="128.897715">
        <ele>1172.3</ele>
      </trkpt>
      <trkpt lat="37.113451" lon="128.897659">
        <ele>1172.4</ele>
      </trkpt>
      <trkpt lat="37.113447" lon="128.897602">
        <ele>1172.5</ele>
      </trkpt>
      <trkpt lat="37.113443" lon="128.897546">
        <ele>1172.4</ele>
      </trkpt>
      <trkpt lat="37.113436" lon="128.897490">
        <ele>1172.1</ele>
      </trkpt>
      <trkpt lat="37.113430" lon="128.897435">
        <ele>1171.8</ele>
      </trkpt>
      <trkpt lat="37.113429" lon="128.897378">
        <ele>1171.0</ele>
      </trkpt>
      <trkpt lat="37.113427" lon="128.897322">
        <ele>1170.3</ele>
      </trkpt>
      <trkpt lat="37.113426" lon="128.897266">
        <ele>1169.6</ele>
      </trkpt>
      <trkpt lat="37.113429" lon="128.897211">
        <ele>1168.8</ele>
      </trkpt>
      <trkpt lat="37.113450" lon="128.897161">
        <ele>1167.9</ele>
      </trkpt>
      <trkpt lat="37.113471" lon="128.897111">
        <ele>1167.1</ele>
      </trkpt>
      <trkpt lat="37.113492" lon="128.897061">
        <ele>1166.2</ele>
      </trkpt>
      <trkpt lat="37.113485" lon="128.897016">
        <ele>1165.8</ele>
      </trkpt>
      <trkpt lat="37.113454" lon="128.896976">
        <ele>1165.8</ele>
      </trkpt>
      <trkpt lat="37.113470" lon="128.896997">
        <ele>1165.8</ele>
      </trkpt>
      <trkpt lat="37.113501" lon="128.897037">
        <ele>1165.8</ele>
      </trkpt>
      <trkpt lat="37.113532" lon="128.896998">
        <ele>1165.1</ele>
      </trkpt>
      <trkpt lat="37.113563" lon="128.896956">
        <ele>1164.5</ele>
      </trkpt>
      <trkpt lat="37.113593" lon="128.896915">
        <ele>1163.8</ele>
      </trkpt>
      <trkpt lat="37.113621" lon="128.896871">
        <ele>1163.1</ele>
      </trkpt>
      <trkpt lat="37.113643" lon="128.896822">
        <ele>1162.3</ele>
      </trkpt>
      <trkpt lat="37.113664" lon="128.896772">
        <ele>1161.6</ele>
      </trkpt>
      <trkpt lat="37.113675" lon="128.896718">
        <ele>1161.0</ele>
      </trkpt>
      <trkpt lat="37.113685" lon="128.896663">
        <ele>1160.4</ele>
      </trkpt>
      <trkpt lat="37.113695" lon="128.896608">
        <ele>1159.8</ele>
      </trkpt>
      <trkpt lat="37.113700" lon="128.896552">
        <ele>1159.4</ele>
      </trkpt>
      <trkpt lat="37.113699" lon="128.896496">
        <ele>1159.2</ele>
      </trkpt>
      <trkpt lat="37.113700" lon="128.896439">
        <ele>1158.9</ele>
      </trkpt>
      <trkpt lat="37.113704" lon="128.896383">
        <ele>1158.6</ele>
      </trkpt>
      <trkpt lat="37.113708" lon="128.896327">
        <ele>1158.3</ele>
      </trkpt>
      <trkpt lat="37.113710" lon="128.896271">
        <ele>1158.0</ele>
      </trkpt>
      <trkpt lat="37.113686" lon="128.896224">
        <ele>1157.4</ele>
      </trkpt>
      <trkpt lat="37.113670" lon="128.896175">
        <ele>1157.0</ele>
      </trkpt>
      <trkpt lat="37.113684" lon="128.896121">
        <ele>1156.9</ele>
      </trkpt>
      <trkpt lat="37.113697" lon="128.896067">
        <ele>1156.8</ele>
      </trkpt>
      <trkpt lat="37.113711" lon="128.896014">
        <ele>1156.7</ele>
      </trkpt>
      <trkpt lat="37.113724" lon="128.895960">
        <ele>1156.6</ele>
      </trkpt>
      <trkpt lat="37.113740" lon="128.895908">
        <ele>1156.6</ele>
      </trkpt>
      <trkpt lat="37.113769" lon="128.895864">
        <ele>1157.0</ele>
      </trkpt>
      <trkpt lat="37.113798" lon="128.895821">
        <ele>1157.3</ele>
      </trkpt>
      <trkpt lat="37.113826" lon="128.895777">
        <ele>1157.7</ele>
      </trkpt>
      <trkpt lat="37.113864" lon="128.895748">
        <ele>1158.5</ele>
      </trkpt>
      <trkpt lat="37.113904" lon="128.895722">
        <ele>1159.4</ele>
      </trkpt>
      <trkpt lat="37.113942" lon="128.895693">
        <ele>1160.2</ele>
      </trkpt>
      <trkpt lat="37.113974" lon="128.895653">
        <ele>1161.1</ele>
      </trkpt>
      <trkpt lat="37.113997" lon="128.895605">
        <ele>1161.8</ele>
      </trkpt>
      <trkpt lat="37.114021" lon="128.895557">
        <ele>1162.6</ele>
      </trkpt>
      <trkpt lat="37.114054" lon="128.895520">
        <ele>1163.6</ele>
      </trkpt>
      <trkpt lat="37.114093" lon="128.895493">
        <ele>1164.8</ele>
      </trkpt>
      <trkpt lat="37.114137" lon="128.895482">
        <ele>1166.0</ele>
      </trkpt>
      <trkpt lat="37.114179" lon="128.895466">
        <ele>1166.9</ele>
      </trkpt>
      <trkpt lat="37.114213" lon="128.895429">
        <ele>1166.5</ele>
      </trkpt>
      <trkpt lat="37.114242" lon="128.895387">
        <ele>1166.3</ele>
      </trkpt>
      <trkpt lat="37.114265" lon="128.895338">
        <ele>1166.3</ele>
      </trkpt>
      <trkpt lat="37.114287" lon="128.895290">
        <ele>1166.3</ele>
      </trkpt>
      <trkpt lat="37.114314" lon="128.895245">
        <ele>1166.3</ele>
      </trkpt>
      <trkpt lat="37.114343" lon="128.895201">
        <ele>1166.4</ele>
      </trkpt>
      <trkpt lat="37.114371" lon="128.895157">
        <ele>1166.4</ele>
      </trkpt>
      <trkpt lat="37.114399" lon="128.895113">
        <ele>1166.5</ele>
      </trkpt>
      <trkpt lat="37.114428" lon="128.895070">
        <ele>1166.6</ele>
      </trkpt>
      <trkpt lat="37.114458" lon="128.895028">
        <ele>1166.7</ele>
      </trkpt>
      <trkpt lat="37.114489" lon="128.894988">
        <ele>1166.7</ele>
      </trkpt>
      <trkpt lat="37.114526" lon="128.894955">
        <ele>1166.2</ele>
      </trkpt>
      <trkpt lat="37.114563" lon="128.894923">
        <ele>1165.6</ele>
      </trkpt>
      <trkpt lat="37.114604" lon="128.894903">
        <ele>1165.2</ele>
      </trkpt>
      <trkpt lat="37.114649" lon="128.894897">
        <ele>1164.8</ele>
      </trkpt>
      <trkpt lat="37.114694" lon="128.894897">
        <ele>1164.4</ele>
      </trkpt>
      <trkpt lat="37.114736" lon="128.894883">
        <ele>1164.1</ele>
      </trkpt>
      <trkpt lat="37.114772" lon="128.894851">
        <ele>1163.8</ele>
      </trkpt>
      <trkpt lat="37.114803" lon="128.894810">
        <ele>1163.5</ele>
      </trkpt>
      <trkpt lat="37.114848" lon="128.894810">
        <ele>1163.4</ele>
      </trkpt>
      <trkpt lat="37.114892" lon="128.894802">
        <ele>1163.2</ele>
      </trkpt>
      <trkpt lat="37.114931" lon="128.894776">
        <ele>1162.9</ele>
      </trkpt>
      <trkpt lat="37.114965" lon="128.894739">
        <ele>1162.7</ele>
      </trkpt>
      <trkpt lat="37.115000" lon="128.894703">
        <ele>1162.5</ele>
      </trkpt>
      <trkpt lat="37.115034" lon="128.894667">
        <ele>1162.3</ele>
      </trkpt>
      <trkpt lat="37.115066" lon="128.894628">
        <ele>1161.8</ele>
      </trkpt>
      <trkpt lat="37.115098" lon="128.894588">
        <ele>1161.2</ele>
      </trkpt>
      <trkpt lat="37.115130" lon="128.894548">
        <ele>1160.5</ele>
      </trkpt>
      <trkpt lat="37.115163" lon="128.894509">
        <ele>1159.9</ele>
      </trkpt>
      <trkpt lat="37.115201" lon="128.894481">
        <ele>1159.2</ele>
      </trkpt>
      <trkpt lat="37.115240" lon="128.894453">
        <ele>1158.5</ele>
      </trkpt>
      <trkpt lat="37.115279" lon="128.894424">
        <ele>1157.9</ele>
      </trkpt>
      <trkpt lat="37.115321" lon="128.894404">
        <ele>1157.1</ele>
      </trkpt>
      <trkpt lat="37.115364" lon="128.894391">
        <ele>1156.3</ele>
      </trkpt>
      <trkpt lat="37.115408" lon="128.894378">
        <ele>1155.5</ele>
      </trkpt>
      <trkpt lat="37.115452" lon="128.894365">
        <ele>1154.7</ele>
      </trkpt>
      <trkpt lat="37.115496" lon="128.894355">
        <ele>1153.8</ele>
      </trkpt>
      <trkpt lat="37.115541" lon="128.894356">
        <ele>1152.8</ele>
      </trkpt>
      <trkpt lat="37.115586" lon="128.894358">
        <ele>1151.9</ele>
      </trkpt>
      <trkpt lat="37.115631" lon="128.894359">
        <ele>1150.9</ele>
      </trkpt>
      <trkpt lat="37.115676" lon="128.894360">
        <ele>1149.9</ele>
      </trkpt>
      <trkpt lat="37.115721" lon="128.894361">
        <ele>1148.9</ele>
      </trkpt>
      <trkpt lat="37.115765" lon="128.894357">
        <ele>1148.1</ele>
      </trkpt>
      <trkpt lat="37.115809" lon="128.894342">
        <ele>1147.4</ele>
      </trkpt>
      <trkpt lat="37.115852" lon="128.894328">
        <ele>1146.7</ele>
      </trkpt>
      <trkpt lat="37.115895" lon="128.894313">
        <ele>1146.0</ele>
      </trkpt>
      <trkpt lat="37.115939" lon="128.894298">
        <ele>1145.3</ele>
      </trkpt>
      <trkpt lat="37.115983" lon="128.894287">
        <ele>1144.6</ele>
      </trkpt>
      <trkpt lat="37.116028" lon="128.894285">
        <ele>1143.6</ele>
      </trkpt>
      <trkpt lat="37.116073" lon="128.894284">
        <ele>1142.7</ele>
      </trkpt>
      <trkpt lat="37.116116" lon="128.894280">
        <ele>1141.8</ele>
      </trkpt>
      <trkpt lat="37.116131" lon="128.894282">
        <ele>1141.8</ele>
      </trkpt>
      <trkpt lat="37.116169" lon="128.894310">
        <ele>1140.7</ele>
      </trkpt>
      <trkpt lat="37.116207" lon="128.894341">
        <ele>1139.5</ele>
      </trkpt>
      <trkpt lat="37.116245" lon="128.894372">
        <ele>1138.3</ele>
      </trkpt>
      <trkpt lat="37.116282" lon="128.894403">
        <ele>1137.1</ele>
      </trkpt>
      <trkpt lat="37.116318" lon="128.894437">
        <ele>1135.8</ele>
      </trkpt>
      <trkpt lat="37.116354" lon="128.894471">
        <ele>1134.5</ele>
      </trkpt>
      <trkpt lat="37.116389" lon="128.894506">
        <ele>1133.1</ele>
      </trkpt>
      <trkpt lat="37.116425" lon="128.894540">
        <ele>1131.8</ele>
      </trkpt>
      <trkpt lat="37.116460" lon="128.894575">
        <ele>1130.5</ele>
      </trkpt>
      <trkpt lat="37.116481" lon="128.894623">
        <ele>1129.2</ele>
      </trkpt>
      <trkpt lat="37.116500" lon="128.894675">
        <ele>1127.8</ele>
      </trkpt>
      <trkpt lat="37.116518" lon="128.894726">
        <ele>1126.5</ele>
      </trkpt>
      <trkpt lat="37.116536" lon="128.894778">
        <ele>1125.2</ele>
      </trkpt>
      <trkpt lat="37.116575" lon="128.894804">
        <ele>1123.8</ele>
      </trkpt>
      <trkpt lat="37.116616" lon="128.894827">
        <ele>1122.5</ele>
      </trkpt>
      <trkpt lat="37.116655" lon="128.894852">
        <ele>1121.1</ele>
      </trkpt>
      <trkpt lat="37.116685" lon="128.894895">
        <ele>1119.5</ele>
      </trkpt>
      <trkpt lat="37.116720" lon="128.894928">
        <ele>1117.9</ele>
      </trkpt>
      <trkpt lat="37.116759" lon="128.894958">
        <ele>1116.4</ele>
      </trkpt>
      <trkpt lat="37.116797" lon="128.894987">
        <ele>1114.8</ele>
      </trkpt>
      <trkpt lat="37.116836" lon="128.895016">
        <ele>1113.3</ele>
      </trkpt>
      <trkpt lat="37.116875" lon="128.895042">
        <ele>1111.8</ele>
      </trkpt>
      <trkpt lat="37.116920" lon="128.895051">
        <ele>1110.5</ele>
      </trkpt>
      <trkpt lat="37.116964" lon="128.895058">
        <ele>1109.2</ele>
      </trkpt>
      <trkpt lat="37.117008" lon="128.895046">
        <ele>1108.4</ele>
      </trkpt>
      <trkpt lat="37.117052" lon="128.895034">
        <ele>1107.7</ele>
      </trkpt>
      <trkpt lat="37.117096" lon="128.895024">
        <ele>1106.9</ele>
      </trkpt>
      <trkpt lat="37.117140" lon="128.895037">
        <ele>1105.5</ele>
      </trkpt>
      <trkpt lat="37.117183" lon="128.895050">
        <ele>1104.1</ele>
      </trkpt>
      <trkpt lat="37.117227" lon="128.895063">
        <ele>1102.7</ele>
      </trkpt>
      <trkpt lat="37.117271" lon="128.895076">
        <ele>1101.4</ele>
      </trkpt>
      <trkpt lat="37.117314" lon="128.895090">
        <ele>1100.0</ele>
      </trkpt>
      <trkpt lat="37.117358" lon="128.895105">
        <ele>1098.6</ele>
      </trkpt>
      <trkpt lat="37.117401" lon="128.895121">
        <ele>1097.2</ele>
      </trkpt>
      <trkpt lat="37.117417" lon="128.895165">
        <ele>1095.7</ele>
      </trkpt>
      <trkpt lat="37.117423" lon="128.895221">
        <ele>1094.2</ele>
      </trkpt>
      <trkpt lat="37.117429" lon="128.895277">
        <ele>1092.8</ele>
      </trkpt>
      <trkpt lat="37.117458" lon="128.895319">
        <ele>1091.1</ele>
      </trkpt>
      <trkpt lat="37.117488" lon="128.895362">
        <ele>1089.4</ele>
      </trkpt>
      <trkpt lat="37.117527" lon="128.895380">
        <ele>1087.9</ele>
      </trkpt>
      <trkpt lat="37.117572" lon="128.895384">
        <ele>1086.6</ele>
      </trkpt>
      <trkpt lat="37.117616" lon="128.895379">
        <ele>1085.4</ele>
      </trkpt>
      <trkpt lat="37.117660" lon="128.895366">
        <ele>1084.3</ele>
      </trkpt>
      <trkpt lat="37.117704" lon="128.895353">
        <ele>1083.2</ele>
      </trkpt>
      <trkpt lat="37.117747" lon="128.895341">
        <ele>1082.1</ele>
      </trkpt>
      <trkpt lat="37.117792" lon="128.895337">
        <ele>1080.8</ele>
      </trkpt>
      <trkpt lat="37.117837" lon="128.895337">
        <ele>1079.5</ele>
      </trkpt>
      <trkpt lat="37.117882" lon="128.895337">
        <ele>1078.1</ele>
      </trkpt>
      <trkpt lat="37.117927" lon="128.895337">
        <ele>1076.8</ele>
      </trkpt>
      <trkpt lat="37.117972" lon="128.895337">
        <ele>1075.4</ele>
      </trkpt>
      <trkpt lat="37.118010" lon="128.895358">
        <ele>1073.9</ele>
      </trkpt>
      <trkpt lat="37.118042" lon="128.895397">
        <ele>1072.2</ele>
      </trkpt>
      <trkpt lat="37.118069" lon="128.895442">
        <ele>1070.7</ele>
      </trkpt>
      <trkpt lat="37.118091" lon="128.895491">
        <ele>1069.4</ele>
      </trkpt>
      <trkpt lat="37.118114" lon="128.895540">
        <ele>1068.1</ele>
      </trkpt>
      <trkpt lat="37.118136" lon="128.895589">
        <ele>1066.9</ele>
      </trkpt>
      <trkpt lat="37.118178" lon="128.895609">
        <ele>1065.5</ele>
      </trkpt>
      <trkpt lat="37.118220" lon="128.895628">
        <ele>1064.1</ele>
      </trkpt>
      <trkpt lat="37.118262" lon="128.895647">
        <ele>1062.7</ele>
      </trkpt>
      <trkpt lat="37.118306" lon="128.895648">
        <ele>1061.4</ele>
      </trkpt>
      <trkpt lat="37.118351" lon="128.895642">
        <ele>1060.2</ele>
      </trkpt>
      <trkpt lat="37.118396" lon="128.895636">
        <ele>1059.0</ele>
      </trkpt>
      <trkpt lat="37.118425" lon="128.895678">
        <ele>1057.6</ele>
      </trkpt>
      <trkpt lat="37.118450" lon="128.895724">
        <ele>1056.3</ele>
      </trkpt>
      <trkpt lat="37.118470" lon="128.895775">
        <ele>1055.1</ele>
      </trkpt>
      <trkpt lat="37.118489" lon="128.895826">
        <ele>1054.0</ele>
      </trkpt>
      <trkpt lat="37.118524" lon="128.895843">
        <ele>1052.8</ele>
      </trkpt>
      <trkpt lat="37.118568" lon="128.895834">
        <ele>1051.6</ele>
      </trkpt>
      <trkpt lat="37.118608" lon="128.895809">
        <ele>1050.6</ele>
      </trkpt>
      <trkpt lat="37.118646" lon="128.895779">
        <ele>1049.6</ele>
      </trkpt>
      <trkpt lat="37.118676" lon="128.895737">
        <ele>1048.9</ele>
      </trkpt>
      <trkpt lat="37.118705" lon="128.895695">
        <ele>1048.3</ele>
      </trkpt>
      <trkpt lat="37.118735" lon="128.895652">
        <ele>1047.6</ele>
      </trkpt>
      <trkpt lat="37.118768" lon="128.895618">
        <ele>1046.7</ele>
      </trkpt>
      <trkpt lat="37.118813" lon="128.895618">
        <ele>1045.2</ele>
      </trkpt>
      <trkpt lat="37.118852" lon="128.895637">
        <ele>1043.8</ele>
      </trkpt>
      <trkpt lat="37.118885" lon="128.895675">
        <ele>1042.5</ele>
      </trkpt>
      <trkpt lat="37.118905" lon="128.895726">
        <ele>1041.6</ele>
      </trkpt>
      <trkpt lat="37.118925" lon="128.895776">
        <ele>1040.8</ele>
      </trkpt>
      <trkpt lat="37.118949" lon="128.895823">
        <ele>1039.5</ele>
      </trkpt>
      <trkpt lat="37.118979" lon="128.895865">
        <ele>1037.7</ele>
      </trkpt>
      <trkpt lat="37.119009" lon="128.895908">
        <ele>1035.8</ele>
      </trkpt>
      <trkpt lat="37.119039" lon="128.895950">
        <ele>1034.0</ele>
      </trkpt>
      <trkpt lat="37.119070" lon="128.895991">
        <ele>1032.2</ele>
      </trkpt>
      <trkpt lat="37.119102" lon="128.896029">
        <ele>1030.3</ele>
      </trkpt>
      <trkpt lat="37.119135" lon="128.896068">
        <ele>1028.5</ele>
      </trkpt>
      <trkpt lat="37.119168" lon="128.896106">
        <ele>1026.7</ele>
      </trkpt>
      <trkpt lat="37.119199" lon="128.896147">
        <ele>1024.9</ele>
      </trkpt>
      <trkpt lat="37.119228" lon="128.896190">
        <ele>1023.4</ele>
      </trkpt>
      <trkpt lat="37.119257" lon="128.896233">
        <ele>1021.8</ele>
      </trkpt>
      <trkpt lat="37.119286" lon="128.896276">
        <ele>1020.3</ele>
      </trkpt>
      <trkpt lat="37.119320" lon="128.896311">
        <ele>1018.8</ele>
      </trkpt>
      <trkpt lat="37.119360" lon="128.896335">
        <ele>1017.6</ele>
      </trkpt>
      <trkpt lat="37.119405" lon="128.896339">
        <ele>1016.8</ele>
      </trkpt>
      <trkpt lat="37.119449" lon="128.896351">
        <ele>1015.8</ele>
      </trkpt>
      <trkpt lat="37.119489" lon="128.896374">
        <ele>1014.5</ele>
      </trkpt>
      <trkpt lat="37.119524" lon="128.896409">
        <ele>1013.3</ele>
      </trkpt>
      <trkpt lat="37.119548" lon="128.896456">
        <ele>1012.3</ele>
      </trkpt>
      <trkpt lat="37.119569" lon="128.896506">
        <ele>1011.3</ele>
      </trkpt>
      <trkpt lat="37.119590" lon="128.896556">
        <ele>1010.4</ele>
      </trkpt>
      <trkpt lat="37.119610" lon="128.896607">
        <ele>1009.4</ele>
      </trkpt>
      <trkpt lat="37.119631" lon="128.896657">
        <ele>1008.5</ele>
      </trkpt>
      <trkpt lat="37.119661" lon="128.896672">
        <ele>1007.9</ele>
      </trkpt>
      <trkpt lat="37.119702" lon="128.896648">
        <ele>1007.7</ele>
      </trkpt>
      <trkpt lat="37.119743" lon="128.896629">
        <ele>1007.4</ele>
      </trkpt>
      <trkpt lat="37.119787" lon="128.896641">
        <ele>1006.8</ele>
      </trkpt>
      <trkpt lat="37.119831" lon="128.896654">
        <ele>1006.1</ele>
      </trkpt>
      <trkpt lat="37.119870" lon="128.896681">
        <ele>1005.5</ele>
      </trkpt>
      <trkpt lat="37.119908" lon="128.896710">
        <ele>1005.0</ele>
      </trkpt>
      <trkpt lat="37.119947" lon="128.896739">
        <ele>1004.4</ele>
      </trkpt>
      <trkpt lat="37.119985" lon="128.896768">
        <ele>1003.9</ele>
      </trkpt>
      <trkpt lat="37.120024" lon="128.896797">
        <ele>1003.3</ele>
      </trkpt>
      <trkpt lat="37.120063" lon="128.896825">
        <ele>1002.8</ele>
      </trkpt>
      <trkpt lat="37.120107" lon="128.896837">
        <ele>1002.9</ele>
      </trkpt>
      <trkpt lat="37.120151" lon="128.896847">
        <ele>1003.0</ele>
      </trkpt>
      <trkpt lat="37.120185" lon="128.896811">
        <ele>1003.3</ele>
      </trkpt>
      <trkpt lat="37.120219" lon="128.896774">
        <ele>1003.6</ele>
      </trkpt>
      <trkpt lat="37.120254" lon="128.896738">
        <ele>1003.8</ele>
      </trkpt>
      <trkpt lat="37.120288" lon="128.896702">
        <ele>1004.1</ele>
      </trkpt>
      <trkpt lat="37.120323" lon="128.896665">
        <ele>1004.4</ele>
      </trkpt>
      <trkpt lat="37.120361" lon="128.896636">
        <ele>1004.5</ele>
      </trkpt>
      <trkpt lat="37.120402" lon="128.896614">
        <ele>1004.4</ele>
      </trkpt>
      <trkpt lat="37.120443" lon="128.896592">
        <ele>1004.3</ele>
      </trkpt>
      <trkpt lat="37.120485" lon="128.896572">
        <ele>1004.3</ele>
      </trkpt>
      <trkpt lat="37.120529" lon="128.896561">
        <ele>1004.0</ele>
      </trkpt>
      <trkpt lat="37.120573" lon="128.896549">
        <ele>1003.8</ele>
      </trkpt>
      <trkpt lat="37.120614" lon="128.896526">
        <ele>1003.4</ele>
      </trkpt>
      <trkpt lat="37.120655" lon="128.896502">
        <ele>1003.1</ele>
      </trkpt>
      <trkpt lat="37.120697" lon="128.896482">
        <ele>1002.6</ele>
      </trkpt>
      <trkpt lat="37.120739" lon="128.896463">
        <ele>1002.1</ele>
      </trkpt>
      <trkpt lat="37.120782" lon="128.896445">
        <ele>1001.5</ele>
      </trkpt>
      <trkpt lat="37.120824" lon="128.896426">
        <ele>1001.0</ele>
      </trkpt>
      <trkpt lat="37.120867" lon="128.896408">
        <ele>1000.5</ele>
      </trkpt>
      <trkpt lat="37.120911" lon="128.896397">
        <ele>999.9</ele>
      </trkpt>
      <trkpt lat="37.120955" lon="128.896387">
        <ele>999.3</ele>
      </trkpt>
      <trkpt lat="37.120999" lon="128.896376">
        <ele>998.8</ele>
      </trkpt>
      <trkpt lat="37.121043" lon="128.896365">
        <ele>998.2</ele>
      </trkpt>
      <trkpt lat="37.121084" lon="128.896380">
        <ele>997.8</ele>
      </trkpt>
      <trkpt lat="37.121122" lon="128.896408">
        <ele>997.4</ele>
      </trkpt>
      <trkpt lat="37.121161" lon="128.896437">
        <ele>997.0</ele>
      </trkpt>
      <trkpt lat="37.121200" lon="128.896466">
        <ele>996.6</ele>
      </trkpt>
      <trkpt lat="37.121238" lon="128.896495">
        <ele>996.3</ele>
      </trkpt>
      <trkpt lat="37.121277" lon="128.896524">
        <ele>995.9</ele>
      </trkpt>
      <trkpt lat="37.121316" lon="128.896553">
        <ele>995.5</ele>
      </trkpt>
      <trkpt lat="37.121354" lon="128.896582">
        <ele>995.2</ele>
      </trkpt>
      <trkpt lat="37.121393" lon="128.896611">
        <ele>994.8</ele>
      </trkpt>
      <trkpt lat="37.121431" lon="128.896640">
        <ele>994.4</ele>
      </trkpt>
      <trkpt lat="37.121470" lon="128.896668">
        <ele>994.0</ele>
      </trkpt>
      <trkpt lat="37.121509" lon="128.896697">
        <ele>993.7</ele>
      </trkpt>
      <trkpt lat="37.121547" lon="128.896726">
        <ele>993.3</ele>
      </trkpt>
      <trkpt lat="37.121586" lon="128.896755">
        <ele>992.9</ele>
      </trkpt>
      <trkpt lat="37.121625" lon="128.896784">
        <ele>992.6</ele>
      </trkpt>
      <trkpt lat="37.121663" lon="128.896813">
        <ele>992.2</ele>
      </trkpt>
      <trkpt lat="37.121685" lon="128.896856">
        <ele>992.0</ele>
      </trkpt>
      <trkpt lat="37.121691" lon="128.896911">
        <ele>992.1</ele>
      </trkpt>
      <trkpt lat="37.121697" lon="128.896967">
        <ele>992.1</ele>
      </trkpt>
      <trkpt lat="37.121704" lon="128.897023">
        <ele>992.1</ele>
      </trkpt>
      <trkpt lat="37.121710" lon="128.897079">
        <ele>992.2</ele>
      </trkpt>
      <trkpt lat="37.121716" lon="128.897135">
        <ele>992.2</ele>
      </trkpt>
      <trkpt lat="37.121722" lon="128.897191">
        <ele>992.2</ele>
      </trkpt>
      <trkpt lat="37.121728" lon="128.897247">
        <ele>992.3</ele>
      </trkpt>
      <trkpt lat="37.121739" lon="128.897301">
        <ele>992.2</ele>
      </trkpt>
      <trkpt lat="37.121756" lon="128.897353">
        <ele>991.8</ele>
      </trkpt>
      <trkpt lat="37.121774" lon="128.897405">
        <ele>991.4</ele>
      </trkpt>
      <trkpt lat="37.121792" lon="128.897456">
        <ele>991.0</ele>
      </trkpt>
      <trkpt lat="37.121812" lon="128.897507">
        <ele>990.2</ele>
      </trkpt>
      <trkpt lat="37.121831" lon="128.897558">
        <ele>989.4</ele>
      </trkpt>
      <trkpt lat="37.121851" lon="128.897608">
        <ele>988.6</ele>
      </trkpt>
      <trkpt lat="37.121882" lon="128.897649">
        <ele>987.6</ele>
      </trkpt>
      <trkpt lat="37.121916" lon="128.897686">
        <ele>986.5</ele>
      </trkpt>
      <trkpt lat="37.121949" lon="128.897724">
        <ele>985.3</ele>
      </trkpt>
      <trkpt lat="37.121981" lon="128.897764">
        <ele>984.3</ele>
      </trkpt>
      <trkpt lat="37.122012" lon="128.897804">
        <ele>983.3</ele>
      </trkpt>
      <trkpt lat="37.122044" lon="128.897844">
        <ele>982.3</ele>
      </trkpt>
      <trkpt lat="37.122085" lon="128.897867">
        <ele>981.2</ele>
      </trkpt>
      <trkpt lat="37.122126" lon="128.897890">
        <ele>980.0</ele>
      </trkpt>
      <trkpt lat="37.122167" lon="128.897912">
        <ele>978.9</ele>
      </trkpt>
      <trkpt lat="37.122208" lon="128.897935">
        <ele>977.8</ele>
      </trkpt>
      <trkpt lat="37.122249" lon="128.897959">
        <ele>976.7</ele>
      </trkpt>
      <trkpt lat="37.122289" lon="128.897984">
        <ele>975.7</ele>
      </trkpt>
      <trkpt lat="37.122330" lon="128.898009">
        <ele>974.7</ele>
      </trkpt>
      <trkpt lat="37.122370" lon="128.898034">
        <ele>973.6</ele>
      </trkpt>
      <trkpt lat="37.122411" lon="128.898058">
        <ele>972.6</ele>
      </trkpt>
      <trkpt lat="37.122442" lon="128.898097">
        <ele>971.8</ele>
      </trkpt>
      <trkpt lat="37.122469" lon="128.898142">
        <ele>971.0</ele>
      </trkpt>
      <trkpt lat="37.122497" lon="128.898186">
        <ele>970.2</ele>
      </trkpt>
      <trkpt lat="37.122524" lon="128.898231">
        <ele>969.4</ele>
      </trkpt>
      <trkpt lat="37.122552" lon="128.898276">
        <ele>968.6</ele>
      </trkpt>
      <trkpt lat="37.122579" lon="128.898320">
        <ele>967.9</ele>
      </trkpt>
      <trkpt lat="37.122603" lon="128.898367">
        <ele>966.9</ele>
      </trkpt>
      <trkpt lat="37.122619" lon="128.898420">
        <ele>965.3</ele>
      </trkpt>
      <trkpt lat="37.122635" lon="128.898473">
        <ele>963.7</ele>
      </trkpt>
      <trkpt lat="37.122651" lon="128.898526">
        <ele>962.1</ele>
      </trkpt>
      <trkpt lat="37.122668" lon="128.898577">
        <ele>960.6</ele>
      </trkpt>
      <trkpt lat="37.122695" lon="128.898623">
        <ele>959.0</ele>
      </trkpt>
      <trkpt lat="37.122721" lon="128.898668">
        <ele>957.4</ele>
      </trkpt>
      <trkpt lat="37.122750" lon="128.898711">
        <ele>956.0</ele>
      </trkpt>
      <trkpt lat="37.122786" lon="128.898745">
        <ele>954.9</ele>
      </trkpt>
      <trkpt lat="37.122822" lon="128.898780">
        <ele>953.8</ele>
      </trkpt>
      <trkpt lat="37.122857" lon="128.898814">
        <ele>952.7</ele>
      </trkpt>
      <trkpt lat="37.122893" lon="128.898849">
        <ele>951.6</ele>
      </trkpt>
      <trkpt lat="37.122928" lon="128.898883">
        <ele>950.5</ele>
      </trkpt>
      <trkpt lat="37.122964" lon="128.898917">
        <ele>949.4</ele>
      </trkpt>
      <trkpt lat="37.123000" lon="128.898952">
        <ele>948.3</ele>
      </trkpt>
      <trkpt lat="37.123035" lon="128.898986">
        <ele>947.2</ele>
      </trkpt>
      <trkpt lat="37.123066" lon="128.899024">
        <ele>946.2</ele>
      </trkpt>
      <trkpt lat="37.123079" lon="128.899079">
        <ele>945.7</ele>
      </trkpt>
      <trkpt lat="37.123092" lon="128.899133">
        <ele>945.2</ele>
      </trkpt>
      <trkpt lat="37.123108" lon="128.899185">
        <ele>944.7</ele>
      </trkpt>
      <trkpt lat="37.123124" lon="128.899238">
        <ele>944.2</ele>
      </trkpt>
      <trkpt lat="37.123139" lon="128.899291">
        <ele>943.8</ele>
      </trkpt>
      <trkpt lat="37.123164" lon="128.899336">
        <ele>943.4</ele>
      </trkpt>
      <trkpt lat="37.123200" lon="128.899370">
        <ele>943.1</ele>
      </trkpt>
      <trkpt lat="37.123230" lon="128.899411">
        <ele>942.8</ele>
      </trkpt>
      <trkpt lat="37.123259" lon="128.899455">
        <ele>942.6</ele>
      </trkpt>
      <trkpt lat="37.123287" lon="128.899498">
        <ele>942.3</ele>
      </trkpt>
      <trkpt lat="37.123328" lon="128.899492">
        <ele>942.7</ele>
      </trkpt>
      <trkpt lat="37.123371" lon="128.899477">
        <ele>943.2</ele>
      </trkpt>
      <trkpt lat="37.123415" lon="128.899481">
        <ele>943.9</ele>
      </trkpt>
      <trkpt lat="37.123459" lon="128.899491">
        <ele>944.7</ele>
      </trkpt>
      <trkpt lat="37.123504" lon="128.899489">
        <ele>945.6</ele>
      </trkpt>
      <trkpt lat="37.123548" lon="128.899486">
        <ele>946.6</ele>
      </trkpt>
      <trkpt lat="37.123593" lon="128.899483">
        <ele>947.5</ele>
      </trkpt>
      <trkpt lat="37.123637" lon="128.899494">
        <ele>948.4</ele>
      </trkpt>
      <trkpt lat="37.123675" lon="128.899524">
        <ele>949.3</ele>
      </trkpt>
      <trkpt lat="37.123713" lon="128.899554">
        <ele>950.2</ele>
      </trkpt>
      <trkpt lat="37.123749" lon="128.899589">
        <ele>951.2</ele>
      </trkpt>
      <trkpt lat="37.123793" lon="128.899593">
        <ele>952.2</ele>
      </trkpt>
      <trkpt lat="37.123822" lon="128.899552">
        <ele>952.6</ele>
      </trkpt>
      <trkpt lat="37.123850" lon="128.899508">
        <ele>952.9</ele>
      </trkpt>
      <trkpt lat="37.123878" lon="128.899464">
        <ele>953.2</ele>
      </trkpt>
      <trkpt lat="37.123908" lon="128.899424">
        <ele>953.6</ele>
      </trkpt>
      <trkpt lat="37.123951" lon="128.899406">
        <ele>954.3</ele>
      </trkpt>
      <trkpt lat="37.123994" lon="128.899392">
        <ele>955.0</ele>
      </trkpt>
      <trkpt lat="37.124039" lon="128.899395">
        <ele>955.9</ele>
      </trkpt>
      <trkpt lat="37.124081" lon="128.899406">
        <ele>956.7</ele>
      </trkpt>
      <trkpt lat="37.124117" lon="128.899441">
        <ele>957.7</ele>
      </trkpt>
      <trkpt lat="37.124152" lon="128.899475">
        <ele>958.6</ele>
      </trkpt>
      <trkpt lat="37.124188" lon="128.899510">
        <ele>959.5</ele>
      </trkpt>
      <trkpt lat="37.124227" lon="128.899535">
        <ele>960.1</ele>
      </trkpt>
      <trkpt lat="37.124269" lon="128.899555">
        <ele>960.7</ele>
      </trkpt>
      <trkpt lat="37.124311" lon="128.899575">
        <ele>961.2</ele>
      </trkpt>
      <trkpt lat="37.124353" lon="128.899595">
        <ele>961.7</ele>
      </trkpt>
      <trkpt lat="37.124395" lon="128.899616">
        <ele>962.2</ele>
      </trkpt>
      <trkpt lat="37.124437" lon="128.899636">
        <ele>962.7</ele>
      </trkpt>
      <trkpt lat="37.124466" lon="128.899677">
        <ele>963.9</ele>
      </trkpt>
      <trkpt lat="37.124494" lon="128.899716">
        <ele>965.0</ele>
      </trkpt>
      <trkpt lat="37.124506" lon="128.899747">
        <ele>964.9</ele>
      </trkpt>
      <trkpt lat="37.124539" lon="128.899785">
        <ele>965.7</ele>
      </trkpt>
      <trkpt lat="37.124574" lon="128.899822">
        <ele>966.6</ele>
      </trkpt>
      <trkpt lat="37.124603" lon="128.899864">
        <ele>967.5</ele>
      </trkpt>
      <trkpt lat="37.124627" lon="128.899911">
        <ele>968.5</ele>
      </trkpt>
      <trkpt lat="37.124651" lon="128.899959">
        <ele>969.5</ele>
      </trkpt>
      <trkpt lat="37.124677" lon="128.900005">
        <ele>970.4</ele>
      </trkpt>
      <trkpt lat="37.124709" lon="128.900044">
        <ele>970.8</ele>
      </trkpt>
      <trkpt lat="37.124742" lon="128.900082">
        <ele>971.3</ele>
      </trkpt>
      <trkpt lat="37.124775" lon="128.900121">
        <ele>971.7</ele>
      </trkpt>
      <trkpt lat="37.124808" lon="128.900159">
        <ele>972.1</ele>
      </trkpt>
      <trkpt lat="37.124843" lon="128.900194">
        <ele>972.7</ele>
      </trkpt>
      <trkpt lat="37.124880" lon="128.900226">
        <ele>973.5</ele>
      </trkpt>
      <trkpt lat="37.124917" lon="128.900258">
        <ele>974.2</ele>
      </trkpt>
      <trkpt lat="37.124954" lon="128.900290">
        <ele>974.9</ele>
      </trkpt>
      <trkpt lat="37.124987" lon="128.900328">
        <ele>975.2</ele>
      </trkpt>
      <trkpt lat="37.125019" lon="128.900368">
        <ele>975.5</ele>
      </trkpt>
      <trkpt lat="37.125051" lon="128.900407">
        <ele>975.7</ele>
      </trkpt>
      <trkpt lat="37.125082" lon="128.900448">
        <ele>975.9</ele>
      </trkpt>
      <trkpt lat="37.125113" lon="128.900489">
        <ele>976.1</ele>
      </trkpt>
      <trkpt lat="37.125144" lon="128.900530">
        <ele>976.3</ele>
      </trkpt>
      <trkpt lat="37.125183" lon="128.900558">
        <ele>976.5</ele>
      </trkpt>
      <trkpt lat="37.125222" lon="128.900586">
        <ele>976.6</ele>
      </trkpt>
      <trkpt lat="37.125261" lon="128.900614">
        <ele>976.8</ele>
      </trkpt>
      <trkpt lat="37.125304" lon="128.900630">
        <ele>976.8</ele>
      </trkpt>
      <trkpt lat="37.125344" lon="128.900654">
        <ele>977.1</ele>
      </trkpt>
      <trkpt lat="37.125378" lon="128.900690">
        <ele>977.6</ele>
      </trkpt>
      <trkpt lat="37.125412" lon="128.900727">
        <ele>978.2</ele>
      </trkpt>
      <trkpt lat="37.125447" lon="128.900763">
        <ele>978.8</ele>
      </trkpt>
      <trkpt lat="37.125481" lon="128.900800">
        <ele>979.4</ele>
      </trkpt>
      <trkpt lat="37.125515" lon="128.900836">
        <ele>980.0</ele>
      </trkpt>
      <trkpt lat="37.125538" lon="128.900881">
        <ele>980.4</ele>
      </trkpt>
      <trkpt lat="37.125549" lon="128.900936">
        <ele>980.7</ele>
      </trkpt>
      <trkpt lat="37.125561" lon="128.900990">
        <ele>981.0</ele>
      </trkpt>
      <trkpt lat="37.125585" lon="128.901038">
        <ele>981.7</ele>
      </trkpt>
      <trkpt lat="37.125610" lon="128.901085">
        <ele>982.4</ele>
      </trkpt>
      <trkpt lat="37.125634" lon="128.901132">
        <ele>983.1</ele>
      </trkpt>
      <trkpt lat="37.125659" lon="128.901180">
        <ele>983.8</ele>
      </trkpt>
      <trkpt lat="37.125683" lon="128.901227">
        <ele>984.4</ele>
      </trkpt>
      <trkpt lat="37.125708" lon="128.901274">
        <ele>985.1</ele>
      </trkpt>
      <trkpt lat="37.125732" lon="128.901322">
        <ele>985.8</ele>
      </trkpt>
      <trkpt lat="37.125756" lon="128.901369">
        <ele>986.5</ele>
      </trkpt>
      <trkpt lat="37.125790" lon="128.901406">
        <ele>987.6</ele>
      </trkpt>
      <trkpt lat="37.125824" lon="128.901443">
        <ele>988.6</ele>
      </trkpt>
      <trkpt lat="37.125860" lon="128.901477">
        <ele>989.7</ele>
      </trkpt>
      <trkpt lat="37.125900" lon="128.901502">
        <ele>990.5</ele>
      </trkpt>
      <trkpt lat="37.125940" lon="128.901527">
        <ele>991.3</ele>
      </trkpt>
      <trkpt lat="37.125981" lon="128.901552">
        <ele>992.1</ele>
      </trkpt>
      <trkpt lat="37.126021" lon="128.901577">
        <ele>992.9</ele>
      </trkpt>
      <trkpt lat="37.126061" lon="128.901602">
        <ele>993.8</ele>
      </trkpt>
      <trkpt lat="37.126101" lon="128.901627">
        <ele>994.6</ele>
      </trkpt>
      <trkpt lat="37.126142" lon="128.901652">
        <ele>995.4</ele>
      </trkpt>
      <trkpt lat="37.126181" lon="128.901680">
        <ele>996.2</ele>
      </trkpt>
      <trkpt lat="37.126215" lon="128.901717">
        <ele>997.2</ele>
      </trkpt>
      <trkpt lat="37.126249" lon="128.901753">
        <ele>998.1</ele>
      </trkpt>
      <trkpt lat="37.126279" lon="128.901794">
        <ele>999.6</ele>
      </trkpt>
      <trkpt lat="37.126307" lon="128.901839">
        <ele>1001.3</ele>
      </trkpt>
      <trkpt lat="37.126335" lon="128.901883">
        <ele>1003.0</ele>
      </trkpt>
      <trkpt lat="37.126363" lon="128.901927">
        <ele>1004.7</ele>
      </trkpt>
      <trkpt lat="37.126391" lon="128.901971">
        <ele>1006.4</ele>
      </trkpt>
      <trkpt lat="37.126419" lon="128.902015">
        <ele>1008.1</ele>
      </trkpt>
      <trkpt lat="37.126447" lon="128.902060">
        <ele>1009.8</ele>
      </trkpt>
      <trkpt lat="37.126475" lon="128.902104">
        <ele>1011.6</ele>
      </trkpt>
      <trkpt lat="37.126503" lon="128.902148">
        <ele>1013.3</ele>
      </trkpt>
      <trkpt lat="37.126531" lon="128.902192">
        <ele>1015.0</ele>
      </trkpt>
      <trkpt lat="37.126559" lon="128.902236">
        <ele>1016.7</ele>
      </trkpt>
      <trkpt lat="37.126587" lon="128.902280">
        <ele>1018.4</ele>
      </trkpt>
      <trkpt lat="37.126615" lon="128.902325">
        <ele>1020.1</ele>
      </trkpt>
      <trkpt lat="37.126647" lon="128.902363">
        <ele>1021.8</ele>
      </trkpt>
      <trkpt lat="37.126684" lon="128.902395">
        <ele>1023.4</ele>
      </trkpt>
      <trkpt lat="37.126721" lon="128.902427">
        <ele>1025.0</ele>
      </trkpt>
      <trkpt lat="37.126758" lon="128.902459">
        <ele>1026.7</ele>
      </trkpt>
      <trkpt lat="37.126796" lon="128.902491">
        <ele>1028.3</ele>
      </trkpt>
      <trkpt lat="37.126833" lon="128.902522">
        <ele>1029.9</ele>
      </trkpt>
      <trkpt lat="37.126870" lon="128.902554">
        <ele>1031.5</ele>
      </trkpt>
      <trkpt lat="37.126907" lon="128.902586">
        <ele>1033.1</ele>
      </trkpt>
      <trkpt lat="37.126945" lon="128.902615">
        <ele>1034.7</ele>
      </trkpt>
      <trkpt lat="37.126988" lon="128.902634">
        <ele>1036.2</ele>
      </trkpt>
      <trkpt lat="37.127030" lon="128.902653">
        <ele>1037.6</ele>
      </trkpt>
      <trkpt lat="37.127072" lon="128.902672">
        <ele>1039.1</ele>
      </trkpt>
      <trkpt lat="37.127115" lon="128.902691">
        <ele>1040.5</ele>
      </trkpt>
      <trkpt lat="37.127157" lon="128.902710">
        <ele>1042.0</ele>
      </trkpt>
      <trkpt lat="37.127199" lon="128.902729">
        <ele>1043.4</ele>
      </trkpt>
      <trkpt lat="37.127242" lon="128.902748">
        <ele>1044.9</ele>
      </trkpt>
      <trkpt lat="37.127285" lon="128.902763">
        <ele>1046.5</ele>
      </trkpt>
      <trkpt lat="37.127328" lon="128.902778">
        <ele>1048.1</ele>
      </trkpt>
      <trkpt lat="37.127372" lon="128.902792">
        <ele>1049.7</ele>
      </trkpt>
      <trkpt lat="37.127415" lon="128.902807">
        <ele>1051.4</ele>
      </trkpt>
      <trkpt lat="37.127458" lon="128.902822">
        <ele>1053.0</ele>
      </trkpt>
      <trkpt lat="37.127502" lon="128.902837">
        <ele>1054.6</ele>
      </trkpt>
      <trkpt lat="37.127545" lon="128.902852">
        <ele>1056.3</ele>
      </trkpt>
      <trkpt lat="37.127589" lon="128.902867">
        <ele>1057.9</ele>
      </trkpt>
      <trkpt lat="37.127632" lon="128.902882">
        <ele>1059.5</ele>
      </trkpt>
      <trkpt lat="37.127675" lon="128.902897">
        <ele>1061.1</ele>
      </trkpt>
      <trkpt lat="37.127719" lon="128.902911">
        <ele>1062.8</ele>
      </trkpt>
      <trkpt lat="37.127762" lon="128.902926">
        <ele>1064.4</ele>
      </trkpt>
      <trkpt lat="37.127805" lon="128.902941">
        <ele>1066.0</ele>
      </trkpt>
      <trkpt lat="37.127847" lon="128.902960">
        <ele>1067.7</ele>
      </trkpt>
      <trkpt lat="37.127882" lon="128.902996">
        <ele>1069.8</ele>
      </trkpt>
      <trkpt lat="37.127917" lon="128.903032">
        <ele>1071.9</ele>
      </trkpt>
      <trkpt lat="37.127951" lon="128.903068">
        <ele>1074.0</ele>
      </trkpt>
      <trkpt lat="37.127981" lon="128.903110">
        <ele>1076.2</ele>
      </trkpt>
      <trkpt lat="37.128007" lon="128.903155">
        <ele>1078.3</ele>
      </trkpt>
      <trkpt lat="37.128034" lon="128.903201">
        <ele>1080.5</ele>
      </trkpt>
      <trkpt lat="37.128060" lon="128.903246">
        <ele>1082.7</ele>
      </trkpt>
      <trkpt lat="37.128087" lon="128.903292">
        <ele>1084.8</ele>
      </trkpt>
      <trkpt lat="37.128114" lon="128.903337">
        <ele>1087.0</ele>
      </trkpt>
      <trkpt lat="37.128140" lon="128.903383">
        <ele>1089.2</ele>
      </trkpt>
      <trkpt lat="37.128167" lon="128.903428">
        <ele>1091.3</ele>
      </trkpt>
      <trkpt lat="37.128193" lon="128.903474">
        <ele>1093.5</ele>
      </trkpt>
      <trkpt lat="37.128220" lon="128.903519">
        <ele>1095.7</ele>
      </trkpt>
      <trkpt lat="37.128246" lon="128.903565">
        <ele>1097.8</ele>
      </trkpt>
      <trkpt lat="37.128261" lon="128.903618">
        <ele>1099.6</ele>
      </trkpt>
      <trkpt lat="37.128276" lon="128.903672">
        <ele>1101.3</ele>
      </trkpt>
      <trkpt lat="37.128290" lon="128.903725">
        <ele>1103.0</ele>
      </trkpt>
      <trkpt lat="37.128305" lon="128.903778">
        <ele>1104.7</ele>
      </trkpt>
      <trkpt lat="37.128323" lon="128.903830">
        <ele>1106.5</ele>
      </trkpt>
      <trkpt lat="37.128345" lon="128.903879">
        <ele>1108.2</ele>
      </trkpt>
      <trkpt lat="37.128367" lon="128.903928">
        <ele>1110.0</ele>
      </trkpt>
      <trkpt lat="37.128389" lon="128.903977">
        <ele>1111.8</ele>
      </trkpt>
      <trkpt lat="37.128411" lon="128.904026">
        <ele>1113.5</ele>
      </trkpt>
      <trkpt lat="37.128450" lon="128.904050">
        <ele>1115.3</ele>
      </trkpt>
      <trkpt lat="37.128493" lon="128.904069">
        <ele>1117.2</ele>
      </trkpt>
      <trkpt lat="37.128535" lon="128.904087">
        <ele>1119.0</ele>
      </trkpt>
      <trkpt lat="37.128580" lon="128.904088">
        <ele>1120.5</ele>
      </trkpt>
      <trkpt lat="37.128625" lon="128.904085">
        <ele>1121.9</ele>
      </trkpt>
      <trkpt lat="37.128670" lon="128.904082">
        <ele>1123.3</ele>
      </trkpt>
      <trkpt lat="37.128715" lon="128.904079">
        <ele>1124.7</ele>
      </trkpt>
      <trkpt lat="37.128757" lon="128.904097">
        <ele>1126.7</ele>
      </trkpt>
      <trkpt lat="37.128799" lon="128.904116">
        <ele>1128.6</ele>
      </trkpt>
      <trkpt lat="37.128842" lon="128.904135">
        <ele>1130.6</ele>
      </trkpt>
      <trkpt lat="37.128884" lon="128.904154">
        <ele>1132.5</ele>
      </trkpt>
      <trkpt lat="37.128928" lon="128.904166">
        <ele>1134.2</ele>
      </trkpt>
      <trkpt lat="37.128972" lon="128.904179">
        <ele>1135.8</ele>
      </trkpt>
      <trkpt lat="37.129016" lon="128.904191">
        <ele>1137.4</ele>
      </trkpt>
      <trkpt lat="37.129059" lon="128.904203">
        <ele>1139.0</ele>
      </trkpt>
      <trkpt lat="37.129101" lon="128.904226">
        <ele>1140.3</ele>
      </trkpt>
      <trkpt lat="37.129142" lon="128.904249">
        <ele>1141.5</ele>
      </trkpt>
      <trkpt lat="37.129183" lon="128.904272">
        <ele>1142.8</ele>
      </trkpt>
      <trkpt lat="37.129224" lon="128.904295">
        <ele>1144.0</ele>
      </trkpt>
      <trkpt lat="37.129265" lon="128.904318">
        <ele>1145.3</ele>
      </trkpt>
      <trkpt lat="37.129306" lon="128.904341">
        <ele>1146.5</ele>
      </trkpt>
      <trkpt lat="37.129347" lon="128.904364">
        <ele>1147.8</ele>
      </trkpt>
      <trkpt lat="37.129388" lon="128.904387">
        <ele>1149.0</ele>
      </trkpt>
      <trkpt lat="37.129429" lon="128.904409">
        <ele>1150.3</ele>
      </trkpt>
      <trkpt lat="37.129470" lon="128.904432">
        <ele>1151.5</ele>
      </trkpt>
      <trkpt lat="37.129511" lon="128.904455">
        <ele>1152.8</ele>
      </trkpt>
      <trkpt lat="37.129550" lon="128.904484">
        <ele>1154.2</ele>
      </trkpt>
      <trkpt lat="37.129587" lon="128.904516">
        <ele>1155.8</ele>
      </trkpt>
      <trkpt lat="37.129624" lon="128.904548">
        <ele>1157.4</ele>
      </trkpt>
      <trkpt lat="37.129660" lon="128.904581">
        <ele>1159.0</ele>
      </trkpt>
      <trkpt lat="37.129697" lon="128.904613">
        <ele>1160.6</ele>
      </trkpt>
      <trkpt lat="37.129730" lon="128.904650">
        <ele>1162.3</ele>
      </trkpt>
      <trkpt lat="37.129752" lon="128.904699">
        <ele>1164.1</ele>
      </trkpt>
      <trkpt lat="37.129774" lon="128.904748">
        <ele>1165.8</ele>
      </trkpt>
      <trkpt lat="37.129797" lon="128.904798">
        <ele>1167.6</ele>
      </trkpt>
      <trkpt lat="37.129831" lon="128.904833">
        <ele>1169.8</ele>
      </trkpt>
      <trkpt lat="37.129868" lon="128.904866">
        <ele>1172.0</ele>
      </trkpt>
      <trkpt lat="37.129904" lon="128.904899">
        <ele>1174.2</ele>
      </trkpt>
      <trkpt lat="37.129947" lon="128.904916">
        <ele>1176.4</ele>
      </trkpt>
      <trkpt lat="37.129990" lon="128.904933">
        <ele>1178.5</ele>
      </trkpt>
      <trkpt lat="37.130030" lon="128.904958">
        <ele>1179.2</ele>
      </trkpt>
      <trkpt lat="37.130070" lon="128.904983">
        <ele>1179.8</ele>
      </trkpt>
      <trkpt lat="37.130115" lon="128.904986">
        <ele>1179.4</ele>
      </trkpt>
      <trkpt lat="37.130160" lon="128.904989">
        <ele>1179.0</ele>
      </trkpt>
      <trkpt lat="37.130204" lon="128.904998">
        <ele>1178.6</ele>
      </trkpt>
      <trkpt lat="37.130246" lon="128.905016">
        <ele>1178.0</ele>
      </trkpt>
      <trkpt lat="37.130289" lon="128.905029">
        <ele>1177.4</ele>
      </trkpt>
      <trkpt lat="37.130334" lon="128.905025">
        <ele>1177.1</ele>
      </trkpt>
      <trkpt lat="37.130375" lon="128.905041">
        <ele>1176.4</ele>
      </trkpt>
      <trkpt lat="37.130414" lon="128.905069">
        <ele>1175.4</ele>
      </trkpt>
      <trkpt lat="37.130455" lon="128.905091">
        <ele>1174.6</ele>
      </trkpt>
      <trkpt lat="37.130499" lon="128.905104">
        <ele>1173.9</ele>
      </trkpt>
      <trkpt lat="37.130541" lon="128.905122">
        <ele>1173.3</ele>
      </trkpt>
      <trkpt lat="37.130578" lon="128.905154">
        <ele>1172.6</ele>
      </trkpt>
      <trkpt lat="37.130615" lon="128.905186">
        <ele>1171.8</ele>
      </trkpt>
      <trkpt lat="37.130652" lon="128.905217">
        <ele>1171.1</ele>
      </trkpt>
      <trkpt lat="37.130690" lon="128.905249">
        <ele>1170.3</ele>
      </trkpt>
      <trkpt lat="37.130718" lon="128.905292">
        <ele>1169.6</ele>
      </trkpt>
      <trkpt lat="37.130747" lon="128.905336">
        <ele>1168.8</ele>
      </trkpt>
      <trkpt lat="37.130775" lon="128.905380">
        <ele>1168.0</ele>
      </trkpt>
      <trkpt lat="37.130813" lon="128.905407">
        <ele>1167.9</ele>
      </trkpt>
      <trkpt lat="37.130855" lon="128.905428">
        <ele>1168.0</ele>
      </trkpt>
      <trkpt lat="37.130896" lon="128.905450">
        <ele>1168.1</ele>
      </trkpt>
      <trkpt lat="37.130938" lon="128.905471">
        <ele>1168.2</ele>
      </trkpt>
      <trkpt lat="37.130980" lon="128.905491">
        <ele>1168.4</ele>
      </trkpt>
      <trkpt lat="37.131024" lon="128.905504">
        <ele>1168.9</ele>
      </trkpt>
      <trkpt lat="37.131067" lon="128.905517">
        <ele>1169.3</ele>
      </trkpt>
      <trkpt lat="37.131111" lon="128.905530">
        <ele>1169.8</ele>
      </trkpt>
      <trkpt lat="37.131155" lon="128.905543">
        <ele>1170.3</ele>
      </trkpt>
      <trkpt lat="37.131199" lon="128.905556">
        <ele>1170.8</ele>
      </trkpt>
      <trkpt lat="37.131243" lon="128.905568">
        <ele>1171.3</ele>
      </trkpt>
      <trkpt lat="37.131287" lon="128.905569">
        <ele>1172.0</ele>
      </trkpt>
      <trkpt lat="37.131332" lon="128.905571">
        <ele>1172.6</ele>
      </trkpt>
      <trkpt lat="37.131377" lon="128.905572">
        <ele>1173.3</ele>
      </trkpt>
      <trkpt lat="37.131422" lon="128.905573">
        <ele>1173.9</ele>
      </trkpt>
      <trkpt lat="37.131467" lon="128.905575">
        <ele>1174.6</ele>
      </trkpt>
      <trkpt lat="37.131512" lon="128.905576">
        <ele>1175.2</ele>
      </trkpt>
      <trkpt lat="37.131557" lon="128.905581">
        <ele>1175.9</ele>
      </trkpt>
      <trkpt lat="37.131602" lon="128.905585">
        <ele>1176.6</ele>
      </trkpt>
      <trkpt lat="37.131643" lon="128.905607">
        <ele>1177.3</ele>
      </trkpt>
      <trkpt lat="37.131681" lon="128.905635">
        <ele>1178.1</ele>
      </trkpt>
      <trkpt lat="37.131720" lon="128.905664">
        <ele>1178.9</ele>
      </trkpt>
      <trkpt lat="37.131759" lon="128.905692">
        <ele>1179.7</ele>
      </trkpt>
      <trkpt lat="37.131799" lon="128.905714">
        <ele>1180.5</ele>
      </trkpt>
      <trkpt lat="37.131844" lon="128.905719">
        <ele>1181.0</ele>
      </trkpt>
      <trkpt lat="37.131889" lon="128.905723">
        <ele>1181.6</ele>
      </trkpt>
      <trkpt lat="37.131933" lon="128.905718">
        <ele>1182.1</ele>
      </trkpt>
      <trkpt lat="37.131977" lon="128.905705">
        <ele>1182.6</ele>
      </trkpt>
      <trkpt lat="37.132021" lon="128.905692">
        <ele>1183.2</ele>
      </trkpt>
      <trkpt lat="37.132063" lon="128.905672">
        <ele>1183.8</ele>
      </trkpt>
      <trkpt lat="37.132104" lon="128.905649">
        <ele>1184.5</ele>
      </trkpt>
      <trkpt lat="37.132145" lon="128.905626">
        <ele>1185.1</ele>
      </trkpt>
      <trkpt lat="37.132184" lon="128.905598">
        <ele>1185.9</ele>
      </trkpt>
      <trkpt lat="37.132222" lon="128.905568">
        <ele>1186.6</ele>
      </trkpt>
      <trkpt lat="37.132260" lon="128.905538">
        <ele>1187.4</ele>
      </trkpt>
      <trkpt lat="37.132294" lon="128.905501">
        <ele>1188.2</ele>
      </trkpt>
      <trkpt lat="37.132327" lon="128.905464">
        <ele>1189.0</ele>
      </trkpt>
      <trkpt lat="37.132360" lon="128.905425">
        <ele>1189.9</ele>
      </trkpt>
      <trkpt lat="37.132385" lon="128.905378">
        <ele>1191.0</ele>
      </trkpt>
      <trkpt lat="37.132410" lon="128.905331">
        <ele>1192.0</ele>
      </trkpt>
      <trkpt lat="37.132435" lon="128.905285">
        <ele>1193.1</ele>
      </trkpt>
      <trkpt lat="37.132462" lon="128.905240">
        <ele>1194.1</ele>
      </trkpt>
      <trkpt lat="37.132490" lon="128.905196">
        <ele>1195.1</ele>
      </trkpt>
      <trkpt lat="37.132519" lon="128.905152">
        <ele>1196.1</ele>
      </trkpt>
      <trkpt lat="37.132552" lon="128.905115">
        <ele>1196.7</ele>
      </trkpt>
      <trkpt lat="37.132587" lon="128.905079">
        <ele>1197.1</ele>
      </trkpt>
      <trkpt lat="37.132626" lon="128.905050">
        <ele>1197.3</ele>
      </trkpt>
      <trkpt lat="37.132666" lon="128.905026">
        <ele>1197.4</ele>
      </trkpt>
      <trkpt lat="37.132707" lon="128.905001">
        <ele>1197.5</ele>
      </trkpt>
      <trkpt lat="37.132734" lon="128.905027">
        <ele>1197.5</ele>
      </trkpt>
      <trkpt lat="37.132737" lon="128.905034">
        <ele>1197.4</ele>
      </trkpt>
      <trkpt lat="37.132727" lon="128.904989">
        <ele>1197.3</ele>
      </trkpt>
      <trkpt lat="37.132768" lon="128.904964">
        <ele>1197.5</ele>
      </trkpt>
      <trkpt lat="37.132812" lon="128.904971">
        <ele>1197.6</ele>
      </trkpt>
      <trkpt lat="37.132857" lon="128.904980">
        <ele>1197.7</ele>
      </trkpt>
      <trkpt lat="37.132901" lon="128.904989">
        <ele>1197.7</ele>
      </trkpt>
      <trkpt lat="37.132945" lon="128.904998">
        <ele>1197.8</ele>
      </trkpt>
      <trkpt lat="37.132990" lon="128.905007">
        <ele>1197.9</ele>
      </trkpt>
      <trkpt lat="37.133034" lon="128.905016">
        <ele>1198.0</ele>
      </trkpt>
      <trkpt lat="37.133079" lon="128.905025">
        <ele>1198.1</ele>
      </trkpt>
      <trkpt lat="37.133123" lon="128.905033">
        <ele>1198.2</ele>
      </trkpt>
      <trkpt lat="37.133167" lon="128.905042">
        <ele>1198.2</ele>
      </trkpt>
      <trkpt lat="37.133212" lon="128.905052">
        <ele>1198.2</ele>
      </trkpt>
      <trkpt lat="37.133255" lon="128.905065">
        <ele>1197.9</ele>
      </trkpt>
      <trkpt lat="37.133299" lon="128.905078">
        <ele>1197.5</ele>
      </trkpt>
      <trkpt lat="37.133343" lon="128.905091">
        <ele>1197.1</ele>
      </trkpt>
      <trkpt lat="37.133387" lon="128.905103">
        <ele>1196.8</ele>
      </trkpt>
      <trkpt lat="37.133432" lon="128.905106">
        <ele>1196.4</ele>
      </trkpt>
      <trkpt lat="37.133477" lon="128.905109">
        <ele>1196.0</ele>
      </trkpt>
      <trkpt lat="37.133522" lon="128.905111">
        <ele>1195.7</ele>
      </trkpt>
      <trkpt lat="37.133567" lon="128.905110">
        <ele>1195.4</ele>
      </trkpt>
      <trkpt lat="37.133612" lon="128.905109">
        <ele>1195.1</ele>
      </trkpt>
      <trkpt lat="37.133656" lon="128.905108">
        <ele>1194.9</ele>
      </trkpt>
      <trkpt lat="37.133701" lon="128.905100">
        <ele>1194.9</ele>
      </trkpt>
      <trkpt lat="37.133745" lon="128.905088">
        <ele>1195.0</ele>
      </trkpt>
      <trkpt lat="37.133789" lon="128.905077">
        <ele>1195.1</ele>
      </trkpt>
      <trkpt lat="37.133833" lon="128.905065">
        <ele>1195.2</ele>
      </trkpt>
      <trkpt lat="37.133877" lon="128.905054">
        <ele>1195.3</ele>
      </trkpt>
      <trkpt lat="37.133921" lon="128.905042">
        <ele>1195.5</ele>
      </trkpt>
      <trkpt lat="37.133964" lon="128.905025">
        <ele>1195.6</ele>
      </trkpt>
      <trkpt lat="37.134006" lon="128.905006">
        <ele>1195.8</ele>
      </trkpt>
      <trkpt lat="37.134048" lon="128.904986">
        <ele>1195.9</ele>
      </trkpt>
      <trkpt lat="37.134089" lon="128.904963">
        <ele>1195.9</ele>
      </trkpt>
      <trkpt lat="37.134127" lon="128.904934">
        <ele>1195.7</ele>
      </trkpt>
      <trkpt lat="37.134166" lon="128.904905">
        <ele>1195.4</ele>
      </trkpt>
      <trkpt lat="37.134204" lon="128.904875">
        <ele>1195.2</ele>
      </trkpt>
      <trkpt lat="37.134243" lon="128.904846">
        <ele>1194.9</ele>
      </trkpt>
      <trkpt lat="37.134281" lon="128.904817">
        <ele>1194.7</ele>
      </trkpt>
      <trkpt lat="37.134321" lon="128.904792">
        <ele>1194.6</ele>
      </trkpt>
      <trkpt lat="37.134364" lon="128.904774">
        <ele>1194.7</ele>
      </trkpt>
      <trkpt lat="37.134407" lon="128.904757">
        <ele>1194.9</ele>
      </trkpt>
      <trkpt lat="37.134450" lon="128.904742">
        <ele>1195.2</ele>
      </trkpt>
      <trkpt lat="37.134493" lon="128.904727">
        <ele>1195.6</ele>
      </trkpt>
      <trkpt lat="37.134537" lon="128.904712">
        <ele>1195.9</ele>
      </trkpt>
      <trkpt lat="37.134580" lon="128.904697">
        <ele>1196.3</ele>
      </trkpt>
      <trkpt lat="37.134623" lon="128.904682">
        <ele>1196.6</ele>
      </trkpt>
      <trkpt lat="37.134667" lon="128.904668">
        <ele>1197.0</ele>
      </trkpt>
      <trkpt lat="37.134711" lon="128.904656">
        <ele>1197.5</ele>
      </trkpt>
      <trkpt lat="37.134755" lon="128.904645">
        <ele>1198.0</ele>
      </trkpt>
      <trkpt lat="37.134799" lon="128.904633">
        <ele>1198.5</ele>
      </trkpt>
      <trkpt lat="37.134843" lon="128.904625">
        <ele>1199.1</ele>
      </trkpt>
      <trkpt lat="37.134888" lon="128.904617">
        <ele>1199.6</ele>
      </trkpt>
      <trkpt lat="37.134932" lon="128.904608">
        <ele>1200.1</ele>
      </trkpt>
      <trkpt lat="37.134976" lon="128.904595">
        <ele>1200.3</ele>
      </trkpt>
      <trkpt lat="37.135020" lon="128.904582">
        <ele>1200.4</ele>
      </trkpt>
      <trkpt lat="37.135064" lon="128.904570">
        <ele>1200.6</ele>
      </trkpt>
      <trkpt lat="37.135107" lon="128.904557">
        <ele>1200.8</ele>
      </trkpt>
      <trkpt lat="37.135151" lon="128.904543">
        <ele>1201.0</ele>
      </trkpt>
      <trkpt lat="37.135192" lon="128.904520">
        <ele>1201.3</ele>
      </trkpt>
      <trkpt lat="37.135231" lon="128.904494">
        <ele>1201.7</ele>
      </trkpt>
      <trkpt lat="37.135261" lon="128.904452">
        <ele>1202.4</ele>
      </trkpt>
      <trkpt lat="37.135291" lon="128.904410">
        <ele>1203.2</ele>
      </trkpt>
      <trkpt lat="37.135300" lon="128.904355">
        <ele>1204.5</ele>
      </trkpt>
      <trkpt lat="37.135318" lon="128.904305">
        <ele>1205.6</ele>
      </trkpt>
      <trkpt lat="37.135343" lon="128.904259">
        <ele>1206.7</ele>
      </trkpt>
      <trkpt lat="37.135379" lon="128.904226">
        <ele>1207.4</ele>
      </trkpt>
      <trkpt lat="37.135416" lon="128.904192">
        <ele>1208.2</ele>
      </trkpt>
      <trkpt lat="37.135435" lon="128.904146">
        <ele>1208.8</ele>
      </trkpt>
      <trkpt lat="37.135441" lon="128.904090">
        <ele>1209.3</ele>
      </trkpt>
      <trkpt lat="37.135447" lon="128.904034">
        <ele>1209.9</ele>
      </trkpt>
      <trkpt lat="37.135454" lon="128.903978">
        <ele>1210.4</ele>
      </trkpt>
      <trkpt lat="37.135484" lon="128.903940">
        <ele>1211.0</ele>
      </trkpt>
      <trkpt lat="37.135520" lon="128.903907">
        <ele>1211.6</ele>
      </trkpt>
      <trkpt lat="37.135548" lon="128.903864">
        <ele>1212.3</ele>
      </trkpt>
      <trkpt lat="37.135571" lon="128.903816">
        <ele>1213.0</ele>
      </trkpt>
      <trkpt lat="37.135594" lon="128.903768">
        <ele>1213.8</ele>
      </trkpt>
      <trkpt lat="37.135617" lon="128.903719">
        <ele>1214.6</ele>
      </trkpt>
      <trkpt lat="37.135638" lon="128.903669">
        <ele>1215.7</ele>
      </trkpt>
      <trkpt lat="37.135660" lon="128.903620">
        <ele>1216.8</ele>
      </trkpt>
      <trkpt lat="37.135681" lon="128.903570">
        <ele>1217.9</ele>
      </trkpt>
      <trkpt lat="37.135703" lon="128.903520">
        <ele>1219.0</ele>
      </trkpt>
      <trkpt lat="37.135724" lon="128.903471">
        <ele>1220.1</ele>
      </trkpt>
      <trkpt lat="37.135745" lon="128.903421">
        <ele>1221.2</ele>
      </trkpt>
      <trkpt lat="37.135767" lon="128.903371">
        <ele>1222.3</ele>
      </trkpt>
      <trkpt lat="37.135788" lon="128.903322">
        <ele>1223.4</ele>
      </trkpt>
      <trkpt lat="37.135822" lon="128.903286">
        <ele>1222.8</ele>
      </trkpt>
      <trkpt lat="37.135857" lon="128.903251">
        <ele>1222.1</ele>
      </trkpt>
      <trkpt lat="37.135893" lon="128.903216">
        <ele>1221.4</ele>
      </trkpt>
      <trkpt lat="37.135932" lon="128.903189">
        <ele>1220.5</ele>
      </trkpt>
      <trkpt lat="37.135974" lon="128.903169">
        <ele>1219.7</ele>
      </trkpt>
      <trkpt lat="37.136016" lon="128.903149">
        <ele>1218.8</ele>
      </trkpt>
      <trkpt lat="37.136058" lon="128.903130">
        <ele>1217.9</ele>
      </trkpt>
      <trkpt lat="37.136100" lon="128.903110">
        <ele>1217.0</ele>
      </trkpt>
      <trkpt lat="37.136138" lon="128.903083">
        <ele>1216.2</ele>
      </trkpt>
      <trkpt lat="37.136170" lon="128.903043">
        <ele>1215.4</ele>
      </trkpt>
      <trkpt lat="37.136202" lon="128.903003">
        <ele>1214.7</ele>
      </trkpt>
      <trkpt lat="37.136234" lon="128.902964">
        <ele>1213.9</ele>
      </trkpt>
      <trkpt lat="37.136270" lon="128.902931">
        <ele>1213.3</ele>
      </trkpt>
      <trkpt lat="37.136311" lon="128.902907">
        <ele>1212.9</ele>
      </trkpt>
      <trkpt lat="37.136351" lon="128.902882">
        <ele>1212.5</ele>
      </trkpt>
      <trkpt lat="37.136393" lon="128.902867">
        <ele>1212.2</ele>
      </trkpt>
      <trkpt lat="37.136438" lon="128.902865">
        <ele>1212.0</ele>
      </trkpt>
      <trkpt lat="37.136483" lon="128.902864">
        <ele>1211.8</ele>
      </trkpt>
      <trkpt lat="37.136528" lon="128.902863">
        <ele>1211.6</ele>
      </trkpt>
      <trkpt lat="37.136573" lon="128.902865">
        <ele>1211.4</ele>
      </trkpt>
      <trkpt lat="37.136618" lon="128.902874">
        <ele>1211.0</ele>
      </trkpt>
      <trkpt lat="37.136662" lon="128.902882">
        <ele>1210.7</ele>
      </trkpt>
      <trkpt lat="37.136706" lon="128.902891">
        <ele>1210.3</ele>
      </trkpt>
      <trkpt lat="37.136751" lon="128.902899">
        <ele>1210.0</ele>
      </trkpt>
      <trkpt lat="37.136795" lon="128.902907">
        <ele>1209.6</ele>
      </trkpt>
      <trkpt lat="37.136840" lon="128.902913">
        <ele>1209.0</ele>
      </trkpt>
      <trkpt lat="37.136885" lon="128.902919">
        <ele>1208.4</ele>
      </trkpt>
      <trkpt lat="37.136929" lon="128.902926">
        <ele>1207.9</ele>
      </trkpt>
      <trkpt lat="37.136974" lon="128.902932">
        <ele>1207.3</ele>
      </trkpt>
      <trkpt lat="37.137019" lon="128.902939">
        <ele>1206.7</ele>
      </trkpt>
      <trkpt lat="37.137063" lon="128.902945">
        <ele>1206.2</ele>
      </trkpt>
      <trkpt lat="37.137108" lon="128.902949">
        <ele>1205.6</ele>
      </trkpt>
      <trkpt lat="37.137153" lon="128.902952">
        <ele>1205.1</ele>
      </trkpt>
      <trkpt lat="37.137198" lon="128.902954">
        <ele>1204.6</ele>
      </trkpt>
      <trkpt lat="37.137243" lon="128.902957">
        <ele>1204.1</ele>
      </trkpt>
      <trkpt lat="37.137288" lon="128.902960">
        <ele>1203.6</ele>
      </trkpt>
      <trkpt lat="37.137333" lon="128.902962">
        <ele>1203.1</ele>
      </trkpt>
      <trkpt lat="37.137378" lon="128.902965">
        <ele>1202.5</ele>
      </trkpt>
      <trkpt lat="37.137423" lon="128.902968">
        <ele>1202.0</ele>
      </trkpt>
      <trkpt lat="37.137467" lon="128.902965">
        <ele>1201.6</ele>
      </trkpt>
      <trkpt lat="37.137512" lon="128.902959">
        <ele>1201.2</ele>
      </trkpt>
      <trkpt lat="37.137557" lon="128.902952">
        <ele>1200.8</ele>
      </trkpt>
      <trkpt lat="37.137601" lon="128.902943">
        <ele>1200.5</ele>
      </trkpt>
      <trkpt lat="37.137644" lon="128.902925">
        <ele>1200.5</ele>
      </trkpt>
      <trkpt lat="37.137687" lon="128.902908">
        <ele>1200.5</ele>
      </trkpt>
      <trkpt lat="37.137729" lon="128.902890">
        <ele>1200.5</ele>
      </trkpt>
      <trkpt lat="37.137772" lon="128.902873">
        <ele>1200.4</ele>
      </trkpt>
      <trkpt lat="37.137815" lon="128.902856">
        <ele>1200.4</ele>
      </trkpt>
      <trkpt lat="37.137858" lon="128.902838">
        <ele>1200.4</ele>
      </trkpt>
      <trkpt lat="37.137900" lon="128.902821">
        <ele>1200.4</ele>
      </trkpt>
      <trkpt lat="37.137943" lon="128.902803">
        <ele>1200.4</ele>
      </trkpt>
      <trkpt lat="37.137986" lon="128.902786">
        <ele>1200.4</ele>
      </trkpt>
      <trkpt lat="37.138029" lon="128.902768">
        <ele>1200.4</ele>
      </trkpt>
      <trkpt lat="37.138071" lon="128.902751">
        <ele>1200.4</ele>
      </trkpt>
      <trkpt lat="37.138114" lon="128.902733">
        <ele>1200.4</ele>
      </trkpt>
      <trkpt lat="37.138157" lon="128.902716">
        <ele>1200.3</ele>
      </trkpt>
      <trkpt lat="37.138200" lon="128.902698">
        <ele>1200.3</ele>
      </trkpt>
      <trkpt lat="37.138242" lon="128.902681">
        <ele>1200.3</ele>
      </trkpt>
      <trkpt lat="37.138285" lon="128.902663">
        <ele>1200.3</ele>
      </trkpt>
      <trkpt lat="37.138328" lon="128.902648">
        <ele>1200.4</ele>
      </trkpt>
      <trkpt lat="37.138373" lon="128.902638">
        <ele>1200.6</ele>
      </trkpt>
      <trkpt lat="37.138417" lon="128.902628">
        <ele>1200.8</ele>
      </trkpt>
      <trkpt lat="37.138461" lon="128.902617">
        <ele>1201.0</ele>
      </trkpt>
      <trkpt lat="37.138505" lon="128.902607">
        <ele>1201.2</ele>
      </trkpt>
      <trkpt lat="37.138549" lon="128.902597">
        <ele>1201.4</ele>
      </trkpt>
      <trkpt lat="37.138594" lon="128.902587">
        <ele>1201.6</ele>
      </trkpt>
      <trkpt lat="37.138637" lon="128.902575">
        <ele>1202.0</ele>
      </trkpt>
      <trkpt lat="37.138680" lon="128.902558">
        <ele>1202.5</ele>
      </trkpt>
      <trkpt lat="37.138723" lon="128.902541">
        <ele>1203.1</ele>
      </trkpt>
      <trkpt lat="37.138766" lon="128.902524">
        <ele>1203.7</ele>
      </trkpt>
      <trkpt lat="37.138810" lon="128.902511">
        <ele>1204.1</ele>
      </trkpt>
      <trkpt lat="37.138854" lon="128.902497">
        <ele>1204.5</ele>
      </trkpt>
      <trkpt lat="37.138896" lon="128.902479">
        <ele>1204.9</ele>
      </trkpt>
      <trkpt lat="37.138935" lon="128.902452">
        <ele>1205.1</ele>
      </trkpt>
      <trkpt lat="37.138975" lon="128.902425">
        <ele>1205.3</ele>
      </trkpt>
      <trkpt lat="37.139014" lon="128.902397">
        <ele>1205.5</ele>
      </trkpt>
      <trkpt lat="37.139050" lon="128.902363">
        <ele>1206.0</ele>
      </trkpt>
      <trkpt lat="37.139086" lon="128.902329">
        <ele>1206.4</ele>
      </trkpt>
      <trkpt lat="37.139122" lon="128.902296">
        <ele>1206.8</ele>
      </trkpt>
      <trkpt lat="37.139156" lon="128.902259">
        <ele>1207.2</ele>
      </trkpt>
      <trkpt lat="37.139187" lon="128.902219">
        <ele>1207.6</ele>
      </trkpt>
      <trkpt lat="37.139218" lon="128.902178">
        <ele>1208.1</ele>
      </trkpt>
      <trkpt lat="37.139250" lon="128.902138">
        <ele>1208.5</ele>
      </trkpt>
      <trkpt lat="37.139281" lon="128.902097">
        <ele>1209.0</ele>
      </trkpt>
      <trkpt lat="37.139312" lon="128.902057">
        <ele>1209.4</ele>
      </trkpt>
      <trkpt lat="37.139346" lon="128.902020">
        <ele>1210.1</ele>
      </trkpt>
      <trkpt lat="37.139381" lon="128.901984">
        <ele>1210.8</ele>
      </trkpt>
      <trkpt lat="37.139416" lon="128.901948">
        <ele>1211.5</ele>
      </trkpt>
      <trkpt lat="37.139454" lon="128.901919">
        <ele>1212.3</ele>
      </trkpt>
      <trkpt lat="37.139494" lon="128.901895">
        <ele>1213.1</ele>
      </trkpt>
      <trkpt lat="37.139535" lon="128.901870">
        <ele>1214.0</ele>
      </trkpt>
      <trkpt lat="37.139575" lon="128.901846">
        <ele>1214.8</ele>
      </trkpt>
      <trkpt lat="37.139610" lon="128.901809">
        <ele>1216.1</ele>
      </trkpt>
      <trkpt lat="37.139644" lon="128.901772">
        <ele>1217.5</ele>
      </trkpt>
      <trkpt lat="37.139678" lon="128.901736">
        <ele>1218.8</ele>
      </trkpt>
      <trkpt lat="37.139712" lon="128.901699">
        <ele>1220.1</ele>
      </trkpt>
      <trkpt lat="37.139751" lon="128.901674">
        <ele>1221.3</ele>
      </trkpt>
      <trkpt lat="37.139795" lon="128.901660">
        <ele>1222.2</ele>
      </trkpt>
      <trkpt lat="37.139838" lon="128.901646">
        <ele>1223.1</ele>
      </trkpt>
      <trkpt lat="37.139883" lon="128.901641">
        <ele>1223.9</ele>
      </trkpt>
      <trkpt lat="37.139928" lon="128.901639">
        <ele>1224.7</ele>
      </trkpt>
      <trkpt lat="37.139973" lon="128.901636">
        <ele>1225.4</ele>
      </trkpt>
      <trkpt lat="37.140017" lon="128.901629">
        <ele>1225.7</ele>
      </trkpt>
      <trkpt lat="37.140062" lon="128.901622">
        <ele>1226.1</ele>
      </trkpt>
      <trkpt lat="37.140106" lon="128.901611">
        <ele>1226.4</ele>
      </trkpt>
      <trkpt lat="37.140149" lon="128.901595">
        <ele>1226.6</ele>
      </trkpt>
      <trkpt lat="37.140192" lon="128.901579">
        <ele>1226.8</ele>
      </trkpt>
      <trkpt lat="37.140235" lon="128.901562">
        <ele>1227.0</ele>
      </trkpt>
      <trkpt lat="37.140272" lon="128.901531">
        <ele>1227.6</ele>
      </trkpt>
      <trkpt lat="37.140310" lon="128.901500">
        <ele>1228.1</ele>
      </trkpt>
      <trkpt lat="37.140348" lon="128.901469">
        <ele>1228.7</ele>
      </trkpt>
      <trkpt lat="37.140385" lon="128.901438">
        <ele>1229.2</ele>
      </trkpt>
      <trkpt lat="37.140423" lon="128.901408">
        <ele>1229.8</ele>
      </trkpt>
      <trkpt lat="37.140461" lon="128.901377">
        <ele>1230.3</ele>
      </trkpt>
      <trkpt lat="37.140498" lon="128.901346">
        <ele>1230.9</ele>
      </trkpt>
      <trkpt lat="37.140536" lon="128.901315">
        <ele>1231.4</ele>
      </trkpt>
      <trkpt lat="37.140565" lon="128.901272">
        <ele>1232.4</ele>
      </trkpt>
      <trkpt lat="37.140592" lon="128.901227">
        <ele>1233.4</ele>
      </trkpt>
      <trkpt lat="37.140620" lon="128.901183">
        <ele>1234.5</ele>
      </trkpt>
      <trkpt lat="37.140647" lon="128.901138">
        <ele>1235.5</ele>
      </trkpt>
      <trkpt lat="37.140674" lon="128.901093">
        <ele>1236.5</ele>
      </trkpt>
      <trkpt lat="37.140708" lon="128.901056">
        <ele>1237.6</ele>
      </trkpt>
      <trkpt lat="37.140744" lon="128.901022">
        <ele>1238.8</ele>
      </trkpt>
      <trkpt lat="37.140779" lon="128.900988">
        <ele>1240.0</ele>
      </trkpt>
      <trkpt lat="37.140811" lon="128.900951">
        <ele>1241.1</ele>
      </trkpt>
      <trkpt lat="37.140814" lon="128.900895">
        <ele>1241.9</ele>
      </trkpt>
      <trkpt lat="37.140818" lon="128.900838">
        <ele>1242.7</ele>
      </trkpt>
      <trkpt lat="37.140821" lon="128.900782">
        <ele>1243.5</ele>
      </trkpt>
      <trkpt lat="37.140824" lon="128.900726">
        <ele>1244.3</ele>
      </trkpt>
      <trkpt lat="37.140832" lon="128.900671">
        <ele>1244.9</ele>
      </trkpt>
      <trkpt lat="37.140852" lon="128.900621">
        <ele>1245.3</ele>
      </trkpt>
      <trkpt lat="37.140872" lon="128.900570">
        <ele>1245.6</ele>
      </trkpt>
      <trkpt lat="37.140892" lon="128.900519">
        <ele>1246.0</ele>
      </trkpt>
      <trkpt lat="37.140911" lon="128.900469">
        <ele>1246.3</ele>
      </trkpt>
      <trkpt lat="37.140951" lon="128.900443">
        <ele>1246.6</ele>
      </trkpt>
      <trkpt lat="37.140991" lon="128.900417">
        <ele>1246.9</ele>
      </trkpt>
      <trkpt lat="37.141031" lon="128.900391">
        <ele>1247.2</ele>
      </trkpt>
      <trkpt lat="37.141071" lon="128.900365">
        <ele>1247.5</ele>
      </trkpt>
      <trkpt lat="37.141111" lon="128.900339">
        <ele>1247.8</ele>
      </trkpt>
      <trkpt lat="37.141142" lon="128.900299">
        <ele>1248.5</ele>
      </trkpt>
      <trkpt lat="37.141171" lon="128.900256">
        <ele>1249.3</ele>
      </trkpt>
      <trkpt lat="37.141200" lon="128.900213">
        <ele>1250.2</ele>
      </trkpt>
      <trkpt lat="37.141242" lon="128.900198">
        <ele>1250.6</ele>
      </trkpt>
      <trkpt lat="37.141285" lon="128.900186">
        <ele>1251.1</ele>
      </trkpt>
      <trkpt lat="37.141322" lon="128.900153">
        <ele>1251.7</ele>
      </trkpt>
      <trkpt lat="37.141358" lon="128.900120">
        <ele>1252.4</ele>
      </trkpt>
      <trkpt lat="37.141395" lon="128.900088">
        <ele>1253.1</ele>
      </trkpt>
      <trkpt lat="37.141431" lon="128.900055">
        <ele>1253.8</ele>
      </trkpt>
      <trkpt lat="37.141468" lon="128.900022">
        <ele>1254.4</ele>
      </trkpt>
      <trkpt lat="37.141504" lon="128.899989">
        <ele>1255.1</ele>
      </trkpt>
      <trkpt lat="37.141541" lon="128.899956">
        <ele>1255.8</ele>
      </trkpt>
      <trkpt lat="37.141577" lon="128.899923">
        <ele>1256.4</ele>
      </trkpt>
      <trkpt lat="37.141614" lon="128.899890">
        <ele>1257.1</ele>
      </trkpt>
      <trkpt lat="37.141651" lon="128.899857">
        <ele>1257.8</ele>
      </trkpt>
      <trkpt lat="37.141688" lon="128.899826">
        <ele>1258.0</ele>
      </trkpt>
      <trkpt lat="37.141725" lon="128.899795">
        <ele>1258.1</ele>
      </trkpt>
      <trkpt lat="37.141763" lon="128.899763">
        <ele>1258.3</ele>
      </trkpt>
      <trkpt lat="37.141800" lon="128.899732">
        <ele>1258.4</ele>
      </trkpt>
      <trkpt lat="37.141837" lon="128.899700">
        <ele>1258.6</ele>
      </trkpt>
      <trkpt lat="37.141875" lon="128.899669">
        <ele>1258.8</ele>
      </trkpt>
      <trkpt lat="37.141912" lon="128.899638">
        <ele>1258.9</ele>
      </trkpt>
      <trkpt lat="37.141949" lon="128.899606">
        <ele>1259.1</ele>
      </trkpt>
      <trkpt lat="37.141987" lon="128.899575">
        <ele>1259.2</ele>
      </trkpt>
      <trkpt lat="37.142024" lon="128.899543">
        <ele>1259.4</ele>
      </trkpt>
      <trkpt lat="37.142061" lon="128.899512">
        <ele>1259.6</ele>
      </trkpt>
      <trkpt lat="37.142099" lon="128.899481">
        <ele>1259.7</ele>
      </trkpt>
      <trkpt lat="37.142136" lon="128.899449">
        <ele>1259.9</ele>
      </trkpt>
      <trkpt lat="37.142173" lon="128.899418">
        <ele>1260.0</ele>
      </trkpt>
      <trkpt lat="37.142211" lon="128.899386">
        <ele>1260.2</ele>
      </trkpt>
      <trkpt lat="37.142248" lon="128.899355">
        <ele>1260.4</ele>
      </trkpt>
      <trkpt lat="37.142285" lon="128.899323">
        <ele>1260.7</ele>
      </trkpt>
      <trkpt lat="37.142322" lon="128.899291">
        <ele>1261.7</ele>
      </trkpt>
      <trkpt lat="37.142359" lon="128.899258">
        <ele>1262.7</ele>
      </trkpt>
      <trkpt lat="37.142396" lon="128.899226">
        <ele>1263.7</ele>
      </trkpt>
      <trkpt lat="37.142433" lon="128.899194">
        <ele>1264.7</ele>
      </trkpt>
      <trkpt lat="37.142469" lon="128.899161">
        <ele>1265.7</ele>
      </trkpt>
      <trkpt lat="37.142507" lon="128.899131">
        <ele>1266.6</ele>
      </trkpt>
      <trkpt lat="37.142549" lon="128.899111">
        <ele>1266.8</ele>
      </trkpt>
      <trkpt lat="37.142591" lon="128.899091">
        <ele>1267.1</ele>
      </trkpt>
      <trkpt lat="37.142633" lon="128.899071">
        <ele>1267.3</ele>
      </trkpt>
      <trkpt lat="37.142677" lon="128.899058">
        <ele>1267.7</ele>
      </trkpt>
      <trkpt lat="37.142721" lon="128.899045">
        <ele>1268.0</ele>
      </trkpt>
      <trkpt lat="37.142764" lon="128.899031">
        <ele>1268.3</ele>
      </trkpt>
      <trkpt lat="37.142808" lon="128.899018">
        <ele>1268.6</ele>
      </trkpt>
      <trkpt lat="37.142852" lon="128.899005">
        <ele>1269.0</ele>
      </trkpt>
      <trkpt lat="37.142892" lon="128.898979">
        <ele>1269.2</ele>
      </trkpt>
      <trkpt lat="37.142935" lon="128.898966">
        <ele>1269.6</ele>
      </trkpt>
      <trkpt lat="37.142979" lon="128.898959">
        <ele>1270.1</ele>
      </trkpt>
      <trkpt lat="37.143024" lon="128.898953">
        <ele>1270.6</ele>
      </trkpt>
      <trkpt lat="37.143069" lon="128.898947">
        <ele>1271.0</ele>
      </trkpt>
      <trkpt lat="37.143114" lon="128.898945">
        <ele>1271.6</ele>
      </trkpt>
      <trkpt lat="37.143158" lon="128.898950">
        <ele>1272.1</ele>
      </trkpt>
      <trkpt lat="37.143203" lon="128.898954">
        <ele>1272.7</ele>
      </trkpt>
      <trkpt lat="37.143248" lon="128.898959">
        <ele>1273.3</ele>
      </trkpt>
      <trkpt lat="37.143289" lon="128.898982">
        <ele>1274.3</ele>
      </trkpt>
      <trkpt lat="37.143329" lon="128.899006">
        <ele>1275.2</ele>
      </trkpt>
      <trkpt lat="37.143370" lon="128.899031">
        <ele>1276.2</ele>
      </trkpt>
      <trkpt lat="37.143411" lon="128.899055">
        <ele>1277.2</ele>
      </trkpt>
      <trkpt lat="37.143454" lon="128.899068">
        <ele>1278.3</ele>
      </trkpt>
      <trkpt lat="37.143498" lon="128.899078">
        <ele>1279.5</ele>
      </trkpt>
      <trkpt lat="37.143543" lon="128.899088">
        <ele>1280.6</ele>
      </trkpt>
      <trkpt lat="37.143587" lon="128.899097">
        <ele>1281.7</ele>
      </trkpt>
      <trkpt lat="37.143631" lon="128.899109">
        <ele>1282.8</ele>
      </trkpt>
      <trkpt lat="37.143674" lon="128.899126">
        <ele>1283.7</ele>
      </trkpt>
      <trkpt lat="37.143716" lon="128.899143">
        <ele>1284.6</ele>
      </trkpt>
      <trkpt lat="37.143759" lon="128.899160">
        <ele>1285.5</ele>
      </trkpt>
      <trkpt lat="37.143802" lon="128.899178">
        <ele>1286.5</ele>
      </trkpt>
      <trkpt lat="37.143845" lon="128.899195">
        <ele>1287.4</ele>
      </trkpt>
      <trkpt lat="37.143888" lon="128.899212">
        <ele>1288.3</ele>
      </trkpt>
      <trkpt lat="37.143931" lon="128.899229">
        <ele>1289.2</ele>
      </trkpt>
      <trkpt lat="37.143973" lon="128.899246">
        <ele>1290.2</ele>
      </trkpt>
      <trkpt lat="37.144016" lon="128.899263">
        <ele>1291.1</ele>
      </trkpt>
      <trkpt lat="37.144059" lon="128.899280">
        <ele>1292.0</ele>
      </trkpt>
      <trkpt lat="37.144102" lon="128.899298">
        <ele>1292.9</ele>
      </trkpt>
      <trkpt lat="37.144123" lon="128.899329">
        <ele>1293.5</ele>
      </trkpt>
      <trkpt lat="37.144110" lon="128.899383">
        <ele>1293.5</ele>
      </trkpt>
      <trkpt lat="37.144109" lon="128.899387">
        <ele>1293.0</ele>
      </trkpt>
      <trkpt lat="37.144122" lon="128.899333">
        <ele>1292.0</ele>
      </trkpt>
      <trkpt lat="37.144151" lon="128.899317">
        <ele>1292.0</ele>
      </trkpt>
      <trkpt lat="37.144194" lon="128.899335">
        <ele>1292.8</ele>
      </trkpt>
      <trkpt lat="37.144235" lon="128.899356">
        <ele>1293.5</ele>
      </trkpt>
      <trkpt lat="37.144271" lon="128.899389">
        <ele>1293.6</ele>
      </trkpt>
      <trkpt lat="37.144308" lon="128.899423">
        <ele>1293.7</ele>
      </trkpt>
      <trkpt lat="37.144344" lon="128.899456">
        <ele>1293.7</ele>
      </trkpt>
      <trkpt lat="37.144381" lon="128.899487">
        <ele>1293.9</ele>
      </trkpt>
      <trkpt lat="37.144426" lon="128.899487">
        <ele>1294.6</ele>
      </trkpt>
      <trkpt lat="37.144471" lon="128.899487">
        <ele>1295.3</ele>
      </trkpt>
      <trkpt lat="37.144513" lon="128.899491">
        <ele>1296.0</ele>
      </trkpt>
      <trkpt lat="37.144532" lon="128.899542">
        <ele>1295.8</ele>
      </trkpt>
      <trkpt lat="37.144550" lon="128.899594">
        <ele>1295.7</ele>
      </trkpt>
      <trkpt lat="37.144569" lon="128.899645">
        <ele>1295.5</ele>
      </trkpt>
      <trkpt lat="37.144587" lon="128.899697">
        <ele>1295.4</ele>
      </trkpt>
      <trkpt lat="37.144610" lon="128.899745">
        <ele>1295.4</ele>
      </trkpt>
      <trkpt lat="37.144635" lon="128.899792">
        <ele>1295.5</ele>
      </trkpt>
      <trkpt lat="37.144659" lon="128.899840">
        <ele>1295.6</ele>
      </trkpt>
      <trkpt lat="37.144684" lon="128.899887">
        <ele>1295.8</ele>
      </trkpt>
      <trkpt lat="37.144714" lon="128.899928">
        <ele>1296.1</ele>
      </trkpt>
      <trkpt lat="37.144748" lon="128.899965">
        <ele>1296.6</ele>
      </trkpt>
      <trkpt lat="37.144782" lon="128.900001">
        <ele>1297.2</ele>
      </trkpt>
      <trkpt lat="37.144819" lon="128.900033">
        <ele>1297.7</ele>
      </trkpt>
      <trkpt lat="37.144861" lon="128.900054">
        <ele>1298.3</ele>
      </trkpt>
      <trkpt lat="37.144904" lon="128.900047">
        <ele>1299.5</ele>
      </trkpt>
      <trkpt lat="37.144947" lon="128.900031">
        <ele>1300.9</ele>
      </trkpt>
      <trkpt lat="37.144980" lon="128.899999">
        <ele>1302.0</ele>
      </trkpt>
      <trkpt lat="37.145004" lon="128.899951">
        <ele>1302.9</ele>
      </trkpt>
      <trkpt lat="37.145023" lon="128.899900">
        <ele>1302.9</ele>
      </trkpt>
      <trkpt lat="37.145042" lon="128.899849">
        <ele>1302.9</ele>
      </trkpt>
      <trkpt lat="37.145061" lon="128.899798">
        <ele>1302.8</ele>
      </trkpt>
      <trkpt lat="37.145086" lon="128.899751">
        <ele>1302.8</ele>
      </trkpt>
      <trkpt lat="37.145111" lon="128.899704">
        <ele>1302.8</ele>
      </trkpt>
      <trkpt lat="37.145148" lon="128.899680">
        <ele>1302.6</ele>
      </trkpt>
      <trkpt lat="37.145192" lon="128.899667">
        <ele>1302.4</ele>
      </trkpt>
      <trkpt lat="37.145236" lon="128.899654">
        <ele>1302.2</ele>
      </trkpt>
      <trkpt lat="37.145279" lon="128.899641">
        <ele>1301.9</ele>
      </trkpt>
      <trkpt lat="37.145323" lon="128.899628">
        <ele>1301.7</ele>
      </trkpt>
      <trkpt lat="37.145367" lon="128.899615">
        <ele>1301.4</ele>
      </trkpt>
      <trkpt lat="37.145411" lon="128.899603">
        <ele>1301.2</ele>
      </trkpt>
      <trkpt lat="37.145455" lon="128.899590">
        <ele>1301.0</ele>
      </trkpt>
      <trkpt lat="37.145498" lon="128.899577">
        <ele>1300.7</ele>
      </trkpt>
      <trkpt lat="37.145542" lon="128.899564">
        <ele>1300.5</ele>
      </trkpt>
      <trkpt lat="37.145586" lon="128.899551">
        <ele>1300.2</ele>
      </trkpt>
      <trkpt lat="37.145630" lon="128.899539">
        <ele>1300.0</ele>
      </trkpt>
      <trkpt lat="37.145674" lon="128.899527">
        <ele>1299.8</ele>
      </trkpt>
      <trkpt lat="37.145718" lon="128.899521">
        <ele>1299.5</ele>
      </trkpt>
      <trkpt lat="37.145763" lon="128.899514">
        <ele>1299.3</ele>
      </trkpt>
      <trkpt lat="37.145808" lon="128.899508">
        <ele>1299.0</ele>
      </trkpt>
      <trkpt lat="37.145852" lon="128.899501">
        <ele>1298.8</ele>
      </trkpt>
      <trkpt lat="37.145897" lon="128.899495">
        <ele>1298.5</ele>
      </trkpt>
      <trkpt lat="37.145942" lon="128.899489">
        <ele>1298.3</ele>
      </trkpt>
      <trkpt lat="37.145986" lon="128.899482">
        <ele>1298.0</ele>
      </trkpt>
      <trkpt lat="37.146031" lon="128.899487">
        <ele>1297.8</ele>
      </trkpt>
      <trkpt lat="37.146076" lon="128.899493">
        <ele>1297.5</ele>
      </trkpt>
      <trkpt lat="37.146121" lon="128.899498">
        <ele>1297.3</ele>
      </trkpt>
      <trkpt lat="37.146165" lon="128.899504">
        <ele>1297.0</ele>
      </trkpt>
      <trkpt lat="37.146210" lon="128.899509">
        <ele>1296.7</ele>
      </trkpt>
      <trkpt lat="37.146255" lon="128.899515">
        <ele>1296.5</ele>
      </trkpt>
      <trkpt lat="37.146300" lon="128.899520">
        <ele>1296.2</ele>
      </trkpt>
      <trkpt lat="37.146344" lon="128.899526">
        <ele>1296.0</ele>
      </trkpt>
      <trkpt lat="37.146389" lon="128.899533">
        <ele>1295.7</ele>
      </trkpt>
      <trkpt lat="37.146433" lon="128.899547">
        <ele>1295.4</ele>
      </trkpt>
      <trkpt lat="37.146476" lon="128.899560">
        <ele>1295.1</ele>
      </trkpt>
      <trkpt lat="37.146520" lon="128.899573">
        <ele>1294.8</ele>
      </trkpt>
      <trkpt lat="37.146564" lon="128.899586">
        <ele>1294.5</ele>
      </trkpt>
      <trkpt lat="37.146607" lon="128.899599">
        <ele>1294.2</ele>
      </trkpt>
      <trkpt lat="37.146651" lon="128.899613">
        <ele>1293.9</ele>
      </trkpt>
      <trkpt lat="37.146695" lon="128.899626">
        <ele>1293.6</ele>
      </trkpt>
      <trkpt lat="37.146734" lon="128.899652">
        <ele>1293.4</ele>
      </trkpt>
      <trkpt lat="37.146773" lon="128.899681">
        <ele>1293.2</ele>
      </trkpt>
      <trkpt lat="37.146811" lon="128.899711">
        <ele>1293.1</ele>
      </trkpt>
      <trkpt lat="37.146849" lon="128.899741">
        <ele>1292.9</ele>
      </trkpt>
      <trkpt lat="37.146887" lon="128.899770">
        <ele>1292.8</ele>
      </trkpt>
      <trkpt lat="37.146926" lon="128.899800">
        <ele>1292.6</ele>
      </trkpt>
      <trkpt lat="37.146964" lon="128.899829">
        <ele>1292.5</ele>
      </trkpt>
      <trkpt lat="37.147003" lon="128.899857">
        <ele>1292.4</ele>
      </trkpt>
      <trkpt lat="37.147042" lon="128.899885">
        <ele>1292.3</ele>
      </trkpt>
      <trkpt lat="37.147081" lon="128.899913">
        <ele>1292.2</ele>
      </trkpt>
      <trkpt lat="37.147120" lon="128.899941">
        <ele>1292.0</ele>
      </trkpt>
      <trkpt lat="37.147159" lon="128.899969">
        <ele>1291.9</ele>
      </trkpt>
      <trkpt lat="37.147198" lon="128.899997">
        <ele>1291.8</ele>
      </trkpt>
      <trkpt lat="37.147237" lon="128.900025">
        <ele>1291.7</ele>
      </trkpt>
      <trkpt lat="37.147277" lon="128.900053">
        <ele>1291.6</ele>
      </trkpt>
      <trkpt lat="37.147316" lon="128.900078">
        <ele>1291.5</ele>
      </trkpt>
      <trkpt lat="37.147361" lon="128.900088">
        <ele>1291.6</ele>
      </trkpt>
      <trkpt lat="37.147405" lon="128.900097">
        <ele>1291.7</ele>
      </trkpt>
      <trkpt lat="37.147450" lon="128.900104">
        <ele>1291.8</ele>
      </trkpt>
      <trkpt lat="37.147494" lon="128.900103">
        <ele>1291.8</ele>
      </trkpt>
      <trkpt lat="37.147539" lon="128.900101">
        <ele>1291.8</ele>
      </trkpt>
      <trkpt lat="37.147584" lon="128.900093">
        <ele>1291.4</ele>
      </trkpt>
      <trkpt lat="37.147629" lon="128.900086">
        <ele>1291.1</ele>
      </trkpt>
      <trkpt lat="37.147673" lon="128.900078">
        <ele>1290.8</ele>
      </trkpt>
      <trkpt lat="37.147717" lon="128.900068">
        <ele>1290.5</ele>
      </trkpt>
      <trkpt lat="37.147758" lon="128.900044">
        <ele>1290.2</ele>
      </trkpt>
      <trkpt lat="37.147798" lon="128.900020">
        <ele>1289.9</ele>
      </trkpt>
      <trkpt lat="37.147839" lon="128.899996">
        <ele>1289.6</ele>
      </trkpt>
      <trkpt lat="37.147880" lon="128.899972">
        <ele>1289.3</ele>
      </trkpt>
      <trkpt lat="37.147920" lon="128.899948">
        <ele>1289.0</ele>
      </trkpt>
      <trkpt lat="37.147961" lon="128.899924">
        <ele>1288.7</ele>
      </trkpt>
      <trkpt lat="37.148002" lon="128.899900">
        <ele>1288.4</ele>
      </trkpt>
      <trkpt lat="37.148041" lon="128.899872">
        <ele>1288.0</ele>
      </trkpt>
      <trkpt lat="37.148079" lon="128.899843">
        <ele>1287.6</ele>
      </trkpt>
      <trkpt lat="37.148118" lon="128.899813">
        <ele>1287.1</ele>
      </trkpt>
      <trkpt lat="37.148153" lon="128.899779">
        <ele>1286.8</ele>
      </trkpt>
      <trkpt lat="37.148188" lon="128.899743">
        <ele>1286.5</ele>
      </trkpt>
      <trkpt lat="37.148223" lon="128.899707">
        <ele>1286.3</ele>
      </trkpt>
      <trkpt lat="37.148257" lon="128.899671">
        <ele>1286.0</ele>
      </trkpt>
      <trkpt lat="37.148287" lon="128.899652">
        <ele>1285.7</ele>
      </trkpt>
      <trkpt lat="37.148294" lon="128.899708">
        <ele>1285.4</ele>
      </trkpt>
      <trkpt lat="37.148300" lon="128.899764">
        <ele>1285.1</ele>
      </trkpt>
      <trkpt lat="37.148307" lon="128.899819">
        <ele>1284.8</ele>
      </trkpt>
      <trkpt lat="37.148313" lon="128.899875">
        <ele>1284.5</ele>
      </trkpt>
      <trkpt lat="37.148320" lon="128.899931">
        <ele>1284.2</ele>
      </trkpt>
      <trkpt lat="37.148326" lon="128.899987">
        <ele>1283.9</ele>
      </trkpt>
      <trkpt lat="37.148333" lon="128.900043">
        <ele>1283.6</ele>
      </trkpt>
      <trkpt lat="37.148339" lon="128.900098">
        <ele>1283.3</ele>
      </trkpt>
      <trkpt lat="37.148346" lon="128.900154">
        <ele>1282.9</ele>
      </trkpt>
      <trkpt lat="37.148352" lon="128.900210">
        <ele>1282.6</ele>
      </trkpt>
      <trkpt lat="37.148359" lon="128.900266">
        <ele>1282.2</ele>
      </trkpt>
      <trkpt lat="37.148367" lon="128.900321">
        <ele>1281.6</ele>
      </trkpt>
      <trkpt lat="37.148375" lon="128.900377">
        <ele>1281.0</ele>
      </trkpt>
      <trkpt lat="37.148382" lon="128.900433">
        <ele>1280.4</ele>
      </trkpt>
      <trkpt lat="37.148385" lon="128.900489">
        <ele>1279.8</ele>
      </trkpt>
      <trkpt lat="37.148389" lon="128.900545">
        <ele>1279.2</ele>
      </trkpt>
      <trkpt lat="37.148392" lon="128.900601">
        <ele>1278.7</ele>
      </trkpt>
      <trkpt lat="37.148396" lon="128.900658">
        <ele>1278.1</ele>
      </trkpt>
      <trkpt lat="37.148400" lon="128.900714">
        <ele>1277.6</ele>
      </trkpt>
      <trkpt lat="37.148403" lon="128.900770">
        <ele>1277.0</ele>
      </trkpt>
      <trkpt lat="37.148397" lon="128.900826">
        <ele>1276.5</ele>
      </trkpt>
      <trkpt lat="37.148390" lon="128.900882">
        <ele>1276.0</ele>
      </trkpt>
      <trkpt lat="37.148384" lon="128.900938">
        <ele>1275.5</ele>
      </trkpt>
      <trkpt lat="37.148377" lon="128.900993">
        <ele>1275.0</ele>
      </trkpt>
      <trkpt lat="37.148371" lon="128.901049">
        <ele>1274.5</ele>
      </trkpt>
      <trkpt lat="37.148365" lon="128.901105">
        <ele>1273.9</ele>
      </trkpt>
      <trkpt lat="37.148355" lon="128.901160">
        <ele>1273.3</ele>
      </trkpt>
      <trkpt lat="37.148345" lon="128.901215">
        <ele>1272.6</ele>
      </trkpt>
      <trkpt lat="37.148334" lon="128.901270">
        <ele>1271.8</ele>
      </trkpt>
      <trkpt lat="37.148324" lon="128.901325">
        <ele>1271.1</ele>
      </trkpt>
      <trkpt lat="37.148313" lon="128.901380">
        <ele>1270.4</ele>
      </trkpt>
      <trkpt lat="37.148308" lon="128.901435">
        <ele>1269.7</ele>
      </trkpt>
      <trkpt lat="37.148309" lon="128.901491">
        <ele>1268.9</ele>
      </trkpt>
      <trkpt lat="37.148311" lon="128.901548">
        <ele>1268.2</ele>
      </trkpt>
      <trkpt lat="37.148314" lon="128.901604">
        <ele>1267.5</ele>
      </trkpt>
      <trkpt lat="37.148330" lon="128.901656">
        <ele>1267.6</ele>
      </trkpt>
      <trkpt lat="37.148346" lon="128.901709">
        <ele>1267.6</ele>
      </trkpt>
      <trkpt lat="37.148363" lon="128.901761">
        <ele>1267.7</ele>
      </trkpt>
      <trkpt lat="37.148379" lon="128.901814">
        <ele>1267.8</ele>
      </trkpt>
      <trkpt lat="37.148395" lon="128.901867">
        <ele>1267.8</ele>
      </trkpt>
      <trkpt lat="37.148412" lon="128.901919">
        <ele>1267.9</ele>
      </trkpt>
      <trkpt lat="37.148428" lon="128.901972">
        <ele>1268.0</ele>
      </trkpt>
      <trkpt lat="37.148432" lon="128.902027">
        <ele>1268.4</ele>
      </trkpt>
      <trkpt lat="37.148431" lon="128.902083">
        <ele>1268.9</ele>
      </trkpt>
      <trkpt lat="37.148430" lon="128.902140">
        <ele>1269.4</ele>
      </trkpt>
      <trkpt lat="37.148429" lon="128.902196">
        <ele>1270.0</ele>
      </trkpt>
      <trkpt lat="37.148428" lon="128.902253">
        <ele>1270.5</ele>
      </trkpt>
      <trkpt lat="37.148427" lon="128.902309">
        <ele>1271.1</ele>
      </trkpt>
      <trkpt lat="37.148426" lon="128.902365">
        <ele>1271.6</ele>
      </trkpt>
      <trkpt lat="37.148425" lon="128.902422">
        <ele>1272.1</ele>
      </trkpt>
      <trkpt lat="37.148423" lon="128.902478">
        <ele>1272.7</ele>
      </trkpt>
      <trkpt lat="37.148422" lon="128.902534">
        <ele>1273.2</ele>
      </trkpt>
      <trkpt lat="37.148421" lon="128.902591">
        <ele>1273.7</ele>
      </trkpt>
      <trkpt lat="37.148420" lon="128.902647">
        <ele>1274.3</ele>
      </trkpt>
      <trkpt lat="37.148419" lon="128.902704">
        <ele>1274.8</ele>
      </trkpt>
      <trkpt lat="37.148418" lon="128.902760">
        <ele>1275.3</ele>
      </trkpt>
      <trkpt lat="37.148417" lon="128.902816">
        <ele>1275.9</ele>
      </trkpt>
      <trkpt lat="37.148414" lon="128.902873">
        <ele>1276.5</ele>
      </trkpt>
      <trkpt lat="37.148407" lon="128.902928">
        <ele>1277.1</ele>
      </trkpt>
      <trkpt lat="37.148399" lon="128.902984">
        <ele>1277.8</ele>
      </trkpt>
      <trkpt lat="37.148391" lon="128.903039">
        <ele>1278.5</ele>
      </trkpt>
      <trkpt lat="37.148383" lon="128.903095">
        <ele>1279.1</ele>
      </trkpt>
      <trkpt lat="37.148376" lon="128.903151">
        <ele>1279.8</ele>
      </trkpt>
      <trkpt lat="37.148368" lon="128.903206">
        <ele>1280.5</ele>
      </trkpt>
      <trkpt lat="37.148360" lon="128.903262">
        <ele>1281.1</ele>
      </trkpt>
      <trkpt lat="37.148353" lon="128.903317">
        <ele>1281.8</ele>
      </trkpt>
      <trkpt lat="37.148345" lon="128.903373">
        <ele>1282.5</ele>
      </trkpt>
      <trkpt lat="37.148337" lon="128.903428">
        <ele>1283.1</ele>
      </trkpt>
      <trkpt lat="37.148330" lon="128.903484">
        <ele>1283.8</ele>
      </trkpt>
      <trkpt lat="37.148331" lon="128.903537">
        <ele>1284.5</ele>
      </trkpt>
      <trkpt lat="37.148356" lon="128.903584">
        <ele>1285.0</ele>
      </trkpt>
      <trkpt lat="37.148382" lon="128.903631">
        <ele>1285.6</ele>
      </trkpt>
      <trkpt lat="37.148407" lon="128.903677">
        <ele>1286.1</ele>
      </trkpt>
      <trkpt lat="37.148432" lon="128.903724">
        <ele>1286.7</ele>
      </trkpt>
      <trkpt lat="37.148457" lon="128.903771">
        <ele>1287.2</ele>
      </trkpt>
      <trkpt lat="37.148482" lon="128.903817">
        <ele>1287.8</ele>
      </trkpt>
      <trkpt lat="37.148508" lon="128.903864">
        <ele>1288.3</ele>
      </trkpt>
      <trkpt lat="37.148533" lon="128.903911">
        <ele>1288.9</ele>
      </trkpt>
      <trkpt lat="37.148558" lon="128.903958">
        <ele>1289.4</ele>
      </trkpt>
      <trkpt lat="37.148579" lon="128.904007">
        <ele>1290.1</ele>
      </trkpt>
      <trkpt lat="37.148589" lon="128.904062">
        <ele>1291.1</ele>
      </trkpt>
      <trkpt lat="37.148599" lon="128.904117">
        <ele>1292.1</ele>
      </trkpt>
      <trkpt lat="37.148609" lon="128.904172">
        <ele>1293.1</ele>
      </trkpt>
      <trkpt lat="37.148619" lon="128.904227">
        <ele>1294.1</ele>
      </trkpt>
      <trkpt lat="37.148629" lon="128.904282">
        <ele>1295.1</ele>
      </trkpt>
      <trkpt lat="37.148640" lon="128.904336">
        <ele>1296.1</ele>
      </trkpt>
      <trkpt lat="37.148657" lon="128.904385">
        <ele>1297.1</ele>
      </trkpt>
      <trkpt lat="37.148696" lon="128.904414">
        <ele>1298.4</ele>
      </trkpt>
      <trkpt lat="37.148734" lon="128.904443">
        <ele>1299.6</ele>
      </trkpt>
      <trkpt lat="37.148765" lon="128.904482">
        <ele>1300.9</ele>
      </trkpt>
      <trkpt lat="37.148792" lon="128.904527">
        <ele>1302.3</ele>
      </trkpt>
      <trkpt lat="37.148819" lon="128.904572">
        <ele>1303.7</ele>
      </trkpt>
      <trkpt lat="37.148834" lon="128.904623">
        <ele>1304.9</ele>
      </trkpt>
      <trkpt lat="37.148838" lon="128.904679">
        <ele>1306.0</ele>
      </trkpt>
      <trkpt lat="37.148842" lon="128.904736">
        <ele>1307.1</ele>
      </trkpt>
      <trkpt lat="37.148846" lon="128.904792">
        <ele>1308.2</ele>
      </trkpt>
      <trkpt lat="37.148850" lon="128.904848">
        <ele>1309.2</ele>
      </trkpt>
      <trkpt lat="37.148854" lon="128.904904">
        <ele>1310.3</ele>
      </trkpt>
      <trkpt lat="37.148858" lon="128.904960">
        <ele>1311.4</ele>
      </trkpt>
      <trkpt lat="37.148862" lon="128.905017">
        <ele>1312.5</ele>
      </trkpt>
      <trkpt lat="37.148866" lon="128.905073">
        <ele>1313.6</ele>
      </trkpt>
      <trkpt lat="37.148857" lon="128.905127">
        <ele>1315.2</ele>
      </trkpt>
      <trkpt lat="37.148841" lon="128.905180">
        <ele>1317.1</ele>
      </trkpt>
      <trkpt lat="37.148826" lon="128.905233">
        <ele>1319.0</ele>
      </trkpt>
      <trkpt lat="37.148810" lon="128.905286">
        <ele>1320.9</ele>
      </trkpt>
      <trkpt lat="37.148770" lon="128.905271">
        <ele>1321.0</ele>
      </trkpt>
      <trkpt lat="37.148727" lon="128.905251">
        <ele>1321.0</ele>
      </trkpt>
      <trkpt lat="37.148758" lon="128.905265">
        <ele>1319.1</ele>
      </trkpt>
      <trkpt lat="37.148800" lon="128.905285">
        <ele>1317.0</ele>
      </trkpt>
      <trkpt lat="37.148797" lon="128.905331">
        <ele>1317.1</ele>
      </trkpt>
      <trkpt lat="37.148781" lon="128.905384">
        <ele>1317.9</ele>
      </trkpt>
      <trkpt lat="37.148766" lon="128.905436">
        <ele>1318.6</ele>
      </trkpt>
      <trkpt lat="37.148750" lon="128.905489">
        <ele>1319.4</ele>
      </trkpt>
      <trkpt lat="37.148735" lon="128.905542">
        <ele>1320.1</ele>
      </trkpt>
      <trkpt lat="37.148719" lon="128.905595">
        <ele>1320.9</ele>
      </trkpt>
      <trkpt lat="37.148705" lon="128.905649">
        <ele>1321.9</ele>
      </trkpt>
      <trkpt lat="37.148690" lon="128.905702">
        <ele>1322.9</ele>
      </trkpt>
      <trkpt lat="37.148675" lon="128.905755">
        <ele>1323.9</ele>
      </trkpt>
      <trkpt lat="37.148661" lon="128.905809">
        <ele>1325.0</ele>
      </trkpt>
      <trkpt lat="37.148646" lon="128.905862">
        <ele>1326.0</ele>
      </trkpt>
      <trkpt lat="37.148631" lon="128.905915">
        <ele>1327.0</ele>
      </trkpt>
      <trkpt lat="37.148608" lon="128.905963">
        <ele>1328.1</ele>
      </trkpt>
      <trkpt lat="37.148584" lon="128.906011">
        <ele>1329.1</ele>
      </trkpt>
      <trkpt lat="37.148560" lon="128.906059">
        <ele>1330.1</ele>
      </trkpt>
      <trkpt lat="37.148539" lon="128.906108">
        <ele>1331.1</ele>
      </trkpt>
      <trkpt lat="37.148520" lon="128.906160">
        <ele>1332.0</ele>
      </trkpt>
      <trkpt lat="37.148502" lon="128.906212">
        <ele>1332.9</ele>
      </trkpt>
      <trkpt lat="37.148484" lon="128.906263">
        <ele>1333.8</ele>
      </trkpt>
      <trkpt lat="37.148466" lon="128.906315">
        <ele>1334.7</ele>
      </trkpt>
      <trkpt lat="37.148448" lon="128.906366">
        <ele>1335.6</ele>
      </trkpt>
      <trkpt lat="37.148429" lon="128.906418">
        <ele>1336.5</ele>
      </trkpt>
      <trkpt lat="37.148411" lon="128.906469">
        <ele>1337.4</ele>
      </trkpt>
      <trkpt lat="37.148393" lon="128.906521">
        <ele>1338.3</ele>
      </trkpt>
      <trkpt lat="37.148375" lon="128.906573">
        <ele>1339.2</ele>
      </trkpt>
      <trkpt lat="37.148357" lon="128.906624">
        <ele>1340.1</ele>
      </trkpt>
      <trkpt lat="37.148338" lon="128.906676">
        <ele>1340.9</ele>
      </trkpt>
      <trkpt lat="37.148320" lon="128.906727">
        <ele>1341.8</ele>
      </trkpt>
      <trkpt lat="37.148302" lon="128.906779">
        <ele>1342.7</ele>
      </trkpt>
      <trkpt lat="37.148284" lon="128.906831">
        <ele>1343.6</ele>
      </trkpt>
      <trkpt lat="37.148266" lon="128.906882">
        <ele>1344.5</ele>
      </trkpt>
      <trkpt lat="37.148247" lon="128.906934">
        <ele>1345.4</ele>
      </trkpt>
      <trkpt lat="37.148229" lon="128.906985">
        <ele>1346.3</ele>
      </trkpt>
      <trkpt lat="37.148211" lon="128.907037">
        <ele>1347.2</ele>
      </trkpt>
      <trkpt lat="37.148202" lon="128.907092">
        <ele>1347.8</ele>
      </trkpt>
      <trkpt lat="37.148197" lon="128.907148">
        <ele>1348.3</ele>
      </trkpt>
      <trkpt lat="37.148193" lon="128.907204">
        <ele>1348.8</ele>
      </trkpt>
      <trkpt lat="37.148188" lon="128.907260">
        <ele>1349.3</ele>
      </trkpt>
      <trkpt lat="37.148184" lon="128.907316">
        <ele>1349.8</ele>
      </trkpt>
      <trkpt lat="37.148179" lon="128.907372">
        <ele>1350.3</ele>
      </trkpt>
      <trkpt lat="37.148190" lon="128.907426">
        <ele>1351.2</ele>
      </trkpt>
      <trkpt lat="37.148206" lon="128.907478">
        <ele>1352.3</ele>
      </trkpt>
      <trkpt lat="37.148223" lon="128.907531">
        <ele>1353.3</ele>
      </trkpt>
      <trkpt lat="37.148239" lon="128.907583">
        <ele>1354.4</ele>
      </trkpt>
      <trkpt lat="37.148250" lon="128.907637">
        <ele>1355.1</ele>
      </trkpt>
      <trkpt lat="37.148254" lon="128.907693">
        <ele>1355.3</ele>
      </trkpt>
      <trkpt lat="37.148257" lon="128.907750">
        <ele>1355.5</ele>
      </trkpt>
      <trkpt lat="37.148261" lon="128.907806">
        <ele>1355.6</ele>
      </trkpt>
      <trkpt lat="37.148264" lon="128.907862">
        <ele>1355.8</ele>
      </trkpt>
      <trkpt lat="37.148266" lon="128.907918">
        <ele>1356.0</ele>
      </trkpt>
      <trkpt lat="37.148257" lon="128.907974">
        <ele>1355.6</ele>
      </trkpt>
      <trkpt lat="37.148248" lon="128.908029">
        <ele>1355.3</ele>
      </trkpt>
      <trkpt lat="37.148240" lon="128.908084">
        <ele>1355.0</ele>
      </trkpt>
      <trkpt lat="37.148231" lon="128.908140">
        <ele>1354.7</ele>
      </trkpt>
      <trkpt lat="37.148223" lon="128.908195">
        <ele>1354.4</ele>
      </trkpt>
      <trkpt lat="37.148214" lon="128.908250">
        <ele>1354.1</ele>
      </trkpt>
      <trkpt lat="37.148197" lon="128.908302">
        <ele>1353.7</ele>
      </trkpt>
      <trkpt lat="37.148176" lon="128.908352">
        <ele>1353.2</ele>
      </trkpt>
      <trkpt lat="37.148155" lon="128.908402">
        <ele>1352.7</ele>
      </trkpt>
      <trkpt lat="37.148134" lon="128.908452">
        <ele>1352.3</ele>
      </trkpt>
      <trkpt lat="37.148113" lon="128.908502">
        <ele>1351.8</ele>
      </trkpt>
      <trkpt lat="37.148115" lon="128.908558">
        <ele>1352.3</ele>
      </trkpt>
      <trkpt lat="37.148117" lon="128.908614">
        <ele>1352.8</ele>
      </trkpt>
      <trkpt lat="37.148119" lon="128.908671">
        <ele>1353.3</ele>
      </trkpt>
      <trkpt lat="37.148121" lon="128.908727">
        <ele>1353.8</ele>
      </trkpt>
      <trkpt lat="37.148124" lon="128.908783">
        <ele>1354.2</ele>
      </trkpt>
      <trkpt lat="37.148126" lon="128.908840">
        <ele>1354.7</ele>
      </trkpt>
      <trkpt lat="37.148128" lon="128.908896">
        <ele>1355.2</ele>
      </trkpt>
      <trkpt lat="37.148130" lon="128.908953">
        <ele>1355.7</ele>
      </trkpt>
      <trkpt lat="37.148132" lon="128.909009">
        <ele>1356.2</ele>
      </trkpt>
      <trkpt lat="37.148134" lon="128.909065">
        <ele>1356.7</ele>
      </trkpt>
      <trkpt lat="37.148136" lon="128.909122">
        <ele>1357.2</ele>
      </trkpt>
      <trkpt lat="37.148138" lon="128.909178">
        <ele>1357.7</ele>
      </trkpt>
      <trkpt lat="37.148140" lon="128.909234">
        <ele>1358.1</ele>
      </trkpt>
      <trkpt lat="37.148147" lon="128.909289">
        <ele>1358.5</ele>
      </trkpt>
      <trkpt lat="37.148167" lon="128.909340">
        <ele>1358.6</ele>
      </trkpt>
      <trkpt lat="37.148186" lon="128.909391">
        <ele>1358.6</ele>
      </trkpt>
      <trkpt lat="37.148206" lon="128.909442">
        <ele>1358.7</ele>
      </trkpt>
      <trkpt lat="37.148225" lon="128.909492">
        <ele>1358.7</ele>
      </trkpt>
      <trkpt lat="37.148246" lon="128.909542">
        <ele>1358.8</ele>
      </trkpt>
      <trkpt lat="37.148275" lon="128.909586">
        <ele>1358.3</ele>
      </trkpt>
      <trkpt lat="37.148303" lon="128.909629">
        <ele>1357.9</ele>
      </trkpt>
      <trkpt lat="37.148332" lon="128.909673">
        <ele>1357.4</ele>
      </trkpt>
      <trkpt lat="37.148361" lon="128.909716">
        <ele>1357.0</ele>
      </trkpt>
      <trkpt lat="37.148389" lon="128.909760">
        <ele>1356.5</ele>
      </trkpt>
      <trkpt lat="37.148418" lon="128.909803">
        <ele>1356.1</ele>
      </trkpt>
      <trkpt lat="37.148447" lon="128.909847">
        <ele>1355.6</ele>
      </trkpt>
      <trkpt lat="37.148475" lon="128.909890">
        <ele>1355.2</ele>
      </trkpt>
      <trkpt lat="37.148505" lon="128.909933">
        <ele>1354.7</ele>
      </trkpt>
      <trkpt lat="37.148538" lon="128.909971">
        <ele>1353.9</ele>
      </trkpt>
      <trkpt lat="37.148571" lon="128.910009">
        <ele>1353.2</ele>
      </trkpt>
      <trkpt lat="37.148604" lon="128.910047">
        <ele>1352.4</ele>
      </trkpt>
      <trkpt lat="37.148637" lon="128.910086">
        <ele>1351.7</ele>
      </trkpt>
      <trkpt lat="37.148658" lon="128.910134">
        <ele>1351.1</ele>
      </trkpt>
      <trkpt lat="37.148675" lon="128.910186">
        <ele>1350.4</ele>
      </trkpt>
      <trkpt lat="37.148692" lon="128.910239">
        <ele>1349.8</ele>
      </trkpt>
      <trkpt lat="37.148708" lon="128.910291">
        <ele>1349.2</ele>
      </trkpt>
      <trkpt lat="37.148725" lon="128.910344">
        <ele>1348.6</ele>
      </trkpt>
      <trkpt lat="37.148742" lon="128.910396">
        <ele>1348.0</ele>
      </trkpt>
      <trkpt lat="37.148759" lon="128.910448">
        <ele>1347.4</ele>
      </trkpt>
      <trkpt lat="37.148775" lon="128.910501">
        <ele>1346.7</ele>
      </trkpt>
      <trkpt lat="37.148792" lon="128.910553">
        <ele>1346.1</ele>
      </trkpt>
      <trkpt lat="37.148812" lon="128.910604">
        <ele>1345.7</ele>
      </trkpt>
      <trkpt lat="37.148834" lon="128.910652">
        <ele>1345.6</ele>
      </trkpt>
      <trkpt lat="37.148857" lon="128.910701">
        <ele>1345.5</ele>
      </trkpt>
      <trkpt lat="37.148880" lon="128.910750">
        <ele>1345.4</ele>
      </trkpt>
      <trkpt lat="37.148902" lon="128.910799">
        <ele>1345.3</ele>
      </trkpt>
      <trkpt lat="37.148925" lon="128.910847">
        <ele>1345.1</ele>
      </trkpt>
      <trkpt lat="37.148948" lon="128.910896">
        <ele>1345.0</ele>
      </trkpt>
      <trkpt lat="37.148970" lon="128.910945">
        <ele>1344.9</ele>
      </trkpt>
      <trkpt lat="37.148992" lon="128.910994">
        <ele>1344.8</ele>
      </trkpt>
      <trkpt lat="37.149006" lon="128.911048">
        <ele>1344.5</ele>
      </trkpt>
      <trkpt lat="37.149021" lon="128.911101">
        <ele>1344.2</ele>
      </trkpt>
      <trkpt lat="37.149036" lon="128.911154">
        <ele>1343.9</ele>
      </trkpt>
      <trkpt lat="37.149051" lon="128.911207">
        <ele>1343.6</ele>
      </trkpt>
      <trkpt lat="37.149073" lon="128.911255">
        <ele>1343.8</ele>
      </trkpt>
      <trkpt lat="37.149101" lon="128.911300">
        <ele>1344.4</ele>
      </trkpt>
      <trkpt lat="37.149129" lon="128.911344">
        <ele>1344.9</ele>
      </trkpt>
      <trkpt lat="37.149159" lon="128.911386">
        <ele>1344.8</ele>
      </trkpt>
      <trkpt lat="37.149190" lon="128.911427">
        <ele>1344.6</ele>
      </trkpt>
      <trkpt lat="37.149221" lon="128.911468">
        <ele>1344.4</ele>
      </trkpt>
      <trkpt lat="37.149248" lon="128.911512">
        <ele>1344.2</ele>
      </trkpt>
      <trkpt lat="37.149264" lon="128.911564">
        <ele>1343.7</ele>
      </trkpt>
      <trkpt lat="37.149281" lon="128.911617">
        <ele>1343.2</ele>
      </trkpt>
      <trkpt lat="37.149297" lon="128.911669">
        <ele>1342.7</ele>
      </trkpt>
      <trkpt lat="37.149307" lon="128.911724">
        <ele>1341.6</ele>
      </trkpt>
      <trkpt lat="37.149317" lon="128.911780">
        <ele>1340.5</ele>
      </trkpt>
      <trkpt lat="37.149326" lon="128.911835">
        <ele>1339.5</ele>
      </trkpt>
      <trkpt lat="37.149341" lon="128.911888">
        <ele>1338.5</ele>
      </trkpt>
      <trkpt lat="37.149357" lon="128.911941">
        <ele>1337.5</ele>
      </trkpt>
      <trkpt lat="37.149373" lon="128.911993">
        <ele>1336.6</ele>
      </trkpt>
      <trkpt lat="37.149403" lon="128.912035">
        <ele>1335.8</ele>
      </trkpt>
      <trkpt lat="37.149433" lon="128.912077">
        <ele>1335.0</ele>
      </trkpt>
      <trkpt lat="37.149464" lon="128.912119">
        <ele>1334.3</ele>
      </trkpt>
      <trkpt lat="37.149495" lon="128.912159">
        <ele>1333.7</ele>
      </trkpt>
      <trkpt lat="37.149527" lon="128.912198">
        <ele>1333.2</ele>
      </trkpt>
      <trkpt lat="37.149559" lon="128.912238">
        <ele>1332.6</ele>
      </trkpt>
      <trkpt lat="37.149592" lon="128.912277">
        <ele>1332.1</ele>
      </trkpt>
      <trkpt lat="37.149626" lon="128.912313">
        <ele>1331.7</ele>
      </trkpt>
      <trkpt lat="37.149664" lon="128.912343">
        <ele>1331.4</ele>
      </trkpt>
      <trkpt lat="37.149703" lon="128.912372">
        <ele>1331.2</ele>
      </trkpt>
      <trkpt lat="37.149741" lon="128.912402">
        <ele>1330.9</ele>
      </trkpt>
      <trkpt lat="37.149779" lon="128.912431">
        <ele>1330.7</ele>
      </trkpt>
      <trkpt lat="37.149817" lon="128.912461">
        <ele>1330.4</ele>
      </trkpt>
      <trkpt lat="37.149856" lon="128.912490">
        <ele>1330.1</ele>
      </trkpt>
      <trkpt lat="37.149894" lon="128.912520">
        <ele>1329.9</ele>
      </trkpt>
      <trkpt lat="37.149930" lon="128.912554">
        <ele>1329.1</ele>
      </trkpt>
      <trkpt lat="37.149964" lon="128.912590">
        <ele>1328.3</ele>
      </trkpt>
      <trkpt lat="37.149999" lon="128.912626">
        <ele>1327.4</ele>
      </trkpt>
      <trkpt lat="37.150036" lon="128.912657">
        <ele>1326.7</ele>
      </trkpt>
      <trkpt lat="37.150079" lon="128.912675">
        <ele>1326.3</ele>
      </trkpt>
      <trkpt lat="37.150121" lon="128.912694">
        <ele>1325.9</ele>
      </trkpt>
      <trkpt lat="37.150164" lon="128.912712">
        <ele>1325.5</ele>
      </trkpt>
      <trkpt lat="37.150204" lon="128.912737">
        <ele>1325.2</ele>
      </trkpt>
      <trkpt lat="37.150244" lon="128.912763">
        <ele>1324.9</ele>
      </trkpt>
      <trkpt lat="37.150284" lon="128.912789">
        <ele>1324.7</ele>
      </trkpt>
      <trkpt lat="37.150324" lon="128.912813">
        <ele>1324.5</ele>
      </trkpt>
      <trkpt lat="37.150366" lon="128.912835">
        <ele>1324.5</ele>
      </trkpt>
      <trkpt lat="37.150407" lon="128.912857">
        <ele>1324.5</ele>
      </trkpt>
      <trkpt lat="37.150449" lon="128.912879">
        <ele>1324.5</ele>
      </trkpt>
      <trkpt lat="37.150488" lon="128.912904">
        <ele>1324.5</ele>
      </trkpt>
      <trkpt lat="37.150518" lon="128.912947">
        <ele>1324.4</ele>
      </trkpt>
      <trkpt lat="37.150548" lon="128.912989">
        <ele>1324.3</ele>
      </trkpt>
      <trkpt lat="37.150583" lon="128.913018">
        <ele>1324.5</ele>
      </trkpt>
      <trkpt lat="37.150627" lon="128.913027">
        <ele>1325.1</ele>
      </trkpt>
      <trkpt lat="37.150672" lon="128.913036">
        <ele>1325.6</ele>
      </trkpt>
      <trkpt lat="37.150716" lon="128.913039">
        <ele>1326.1</ele>
      </trkpt>
      <trkpt lat="37.150760" lon="128.913028">
        <ele>1326.4</ele>
      </trkpt>
      <trkpt lat="37.150804" lon="128.913017">
        <ele>1326.7</ele>
      </trkpt>
      <trkpt lat="37.150849" lon="128.913007">
        <ele>1327.1</ele>
      </trkpt>
      <trkpt lat="37.150893" lon="128.912996">
        <ele>1327.4</ele>
      </trkpt>
      <trkpt lat="37.150937" lon="128.912985">
        <ele>1327.7</ele>
      </trkpt>
      <trkpt lat="37.150981" lon="128.912974">
        <ele>1328.0</ele>
      </trkpt>
      <trkpt lat="37.151025" lon="128.912965">
        <ele>1328.3</ele>
      </trkpt>
      <trkpt lat="37.151070" lon="128.912964">
        <ele>1328.4</ele>
      </trkpt>
      <trkpt lat="37.151115" lon="128.912964">
        <ele>1328.6</ele>
      </trkpt>
      <trkpt lat="37.151160" lon="128.912963">
        <ele>1328.7</ele>
      </trkpt>
      <trkpt lat="37.151205" lon="128.912963">
        <ele>1328.8</ele>
      </trkpt>
      <trkpt lat="37.151250" lon="128.912962">
        <ele>1329.0</ele>
      </trkpt>
      <trkpt lat="37.151294" lon="128.912973">
        <ele>1329.2</ele>
      </trkpt>
      <trkpt lat="37.151337" lon="128.912989">
        <ele>1329.4</ele>
      </trkpt>
      <trkpt lat="37.151380" lon="128.913005">
        <ele>1329.6</ele>
      </trkpt>
      <trkpt lat="37.151423" lon="128.913021">
        <ele>1329.9</ele>
      </trkpt>
      <trkpt lat="37.151466" lon="128.913038">
        <ele>1330.1</ele>
      </trkpt>
      <trkpt lat="37.151508" lon="128.913056">
        <ele>1330.3</ele>
      </trkpt>
      <trkpt lat="37.151549" lon="128.913081">
        <ele>1330.2</ele>
      </trkpt>
      <trkpt lat="37.151589" lon="128.913106">
        <ele>1330.2</ele>
      </trkpt>
      <trkpt lat="37.151630" lon="128.913130">
        <ele>1330.1</ele>
      </trkpt>
      <trkpt lat="37.151670" lon="128.913155">
        <ele>1330.1</ele>
      </trkpt>
      <trkpt lat="37.151711" lon="128.913179">
        <ele>1330.1</ele>
      </trkpt>
      <trkpt lat="37.151751" lon="128.913204">
        <ele>1330.0</ele>
      </trkpt>
      <trkpt lat="37.151750" lon="128.913248">
        <ele>1330.0</ele>
      </trkpt>
      <trkpt lat="37.151767" lon="128.913214">
        <ele>1330.0</ele>
      </trkpt>
      <trkpt lat="37.151808" lon="128.913238">
        <ele>1330.0</ele>
      </trkpt>
      <trkpt lat="37.151848" lon="128.913263">
        <ele>1330.0</ele>
      </trkpt>
      <trkpt lat="37.151889" lon="128.913287">
        <ele>1330.0</ele>
      </trkpt>
      <trkpt lat="37.151929" lon="128.913312">
        <ele>1330.0</ele>
      </trkpt>
      <trkpt lat="37.151970" lon="128.913336">
        <ele>1330.0</ele>
      </trkpt>
      <trkpt lat="37.152010" lon="128.913361">
        <ele>1330.0</ele>
      </trkpt>
      <trkpt lat="37.152049" lon="128.913390">
        <ele>1330.0</ele>
      </trkpt>
      <trkpt lat="37.152087" lon="128.913421">
        <ele>1329.9</ele>
      </trkpt>
      <trkpt lat="37.152125" lon="128.913451">
        <ele>1329.9</ele>
      </trkpt>
      <trkpt lat="37.152162" lon="128.913481">
        <ele>1329.8</ele>
      </trkpt>
      <trkpt lat="37.152200" lon="128.913511">
        <ele>1329.8</ele>
      </trkpt>
      <trkpt lat="37.152238" lon="128.913542">
        <ele>1329.7</ele>
      </trkpt>
      <trkpt lat="37.152276" lon="128.913572">
        <ele>1329.7</ele>
      </trkpt>
      <trkpt lat="37.152314" lon="128.913602">
        <ele>1329.6</ele>
      </trkpt>
      <trkpt lat="37.152352" lon="128.913633">
        <ele>1329.6</ele>
      </trkpt>
      <trkpt lat="37.152390" lon="128.913663">
        <ele>1329.5</ele>
      </trkpt>
      <trkpt lat="37.152428" lon="128.913693">
        <ele>1329.5</ele>
      </trkpt>
      <trkpt lat="37.152466" lon="128.913723">
        <ele>1329.4</ele>
      </trkpt>
      <trkpt lat="37.152504" lon="128.913754">
        <ele>1329.4</ele>
      </trkpt>
      <trkpt lat="37.152542" lon="128.913784">
        <ele>1329.3</ele>
      </trkpt>
      <trkpt lat="37.152580" lon="128.913814">
        <ele>1329.3</ele>
      </trkpt>
      <trkpt lat="37.152618" lon="128.913845">
        <ele>1329.2</ele>
      </trkpt>
      <trkpt lat="37.152656" lon="128.913875">
        <ele>1329.2</ele>
      </trkpt>
      <trkpt lat="37.152694" lon="128.913905">
        <ele>1329.2</ele>
      </trkpt>
      <trkpt lat="37.152732" lon="128.913935">
        <ele>1329.1</ele>
      </trkpt>
      <trkpt lat="37.152769" lon="128.913966">
        <ele>1329.1</ele>
      </trkpt>
      <trkpt lat="37.152807" lon="128.913996">
        <ele>1329.0</ele>
      </trkpt>
      <trkpt lat="37.152847" lon="128.914022">
        <ele>1329.4</ele>
      </trkpt>
      <trkpt lat="37.152888" lon="128.914046">
        <ele>1330.0</ele>
      </trkpt>
      <trkpt lat="37.152928" lon="128.914070">
        <ele>1330.6</ele>
      </trkpt>
      <trkpt lat="37.152969" lon="128.914095">
        <ele>1331.1</ele>
      </trkpt>
      <trkpt lat="37.153010" lon="128.914119">
        <ele>1331.7</ele>
      </trkpt>
      <trkpt lat="37.153050" lon="128.914144">
        <ele>1332.2</ele>
      </trkpt>
      <trkpt lat="37.153091" lon="128.914168">
        <ele>1332.8</ele>
      </trkpt>
      <trkpt lat="37.153131" lon="128.914193">
        <ele>1333.3</ele>
      </trkpt>
      <trkpt lat="37.153172" lon="128.914217">
        <ele>1333.9</ele>
      </trkpt>
      <trkpt lat="37.153212" lon="128.914241">
        <ele>1334.4</ele>
      </trkpt>
      <trkpt lat="37.153253" lon="128.914266">
        <ele>1335.0</ele>
      </trkpt>
      <trkpt lat="37.153293" lon="128.914290">
        <ele>1335.6</ele>
      </trkpt>
      <trkpt lat="37.153329" lon="128.914323">
        <ele>1335.7</ele>
      </trkpt>
      <trkpt lat="37.153361" lon="128.914363">
        <ele>1335.4</ele>
      </trkpt>
      <trkpt lat="37.153393" lon="128.914403">
        <ele>1335.2</ele>
      </trkpt>
      <trkpt lat="37.153424" lon="128.914443">
        <ele>1334.9</ele>
      </trkpt>
      <trkpt lat="37.153456" lon="128.914483">
        <ele>1334.7</ele>
      </trkpt>
      <trkpt lat="37.153488" lon="128.914523">
        <ele>1334.5</ele>
      </trkpt>
      <trkpt lat="37.153520" lon="128.914563">
        <ele>1334.2</ele>
      </trkpt>
      <trkpt lat="37.153552" lon="128.914602">
        <ele>1334.0</ele>
      </trkpt>
      <trkpt lat="37.153584" lon="128.914642">
        <ele>1333.7</ele>
      </trkpt>
      <trkpt lat="37.153615" lon="128.914682">
        <ele>1333.5</ele>
      </trkpt>
      <trkpt lat="37.153647" lon="128.914722">
        <ele>1333.3</ele>
      </trkpt>
      <trkpt lat="37.153679" lon="128.914762">
        <ele>1333.0</ele>
      </trkpt>
      <trkpt lat="37.153711" lon="128.914802">
        <ele>1332.8</ele>
      </trkpt>
      <trkpt lat="37.153743" lon="128.914842">
        <ele>1332.5</ele>
      </trkpt>
      <trkpt lat="37.153774" lon="128.914881">
        <ele>1332.3</ele>
      </trkpt>
      <trkpt lat="37.153806" lon="128.914921">
        <ele>1332.1</ele>
      </trkpt>
      <trkpt lat="37.153838" lon="128.914961">
        <ele>1331.8</ele>
      </trkpt>
      <trkpt lat="37.153872" lon="128.914998">
        <ele>1331.6</ele>
      </trkpt>
      <trkpt lat="37.153907" lon="128.915034">
        <ele>1331.4</ele>
      </trkpt>
      <trkpt lat="37.153941" lon="128.915070">
        <ele>1331.2</ele>
      </trkpt>
      <trkpt lat="37.153976" lon="128.915106">
        <ele>1331.0</ele>
      </trkpt>
      <trkpt lat="37.154010" lon="128.915142">
        <ele>1330.8</ele>
      </trkpt>
      <trkpt lat="37.154045" lon="128.915178">
        <ele>1330.6</ele>
      </trkpt>
      <trkpt lat="37.154079" lon="128.915215">
        <ele>1330.4</ele>
      </trkpt>
      <trkpt lat="37.154114" lon="128.915251">
        <ele>1330.2</ele>
      </trkpt>
      <trkpt lat="37.154149" lon="128.915287">
        <ele>1330.0</ele>
      </trkpt>
      <trkpt lat="37.154183" lon="128.915323">
        <ele>1329.8</ele>
      </trkpt>
      <trkpt lat="37.154218" lon="128.915359">
        <ele>1329.6</ele>
      </trkpt>
      <trkpt lat="37.154252" lon="128.915395">
        <ele>1329.4</ele>
      </trkpt>
      <trkpt lat="37.154288" lon="128.915401">
        <ele>1329.4</ele>
      </trkpt>
      <trkpt lat="37.154325" lon="128.915369">
        <ele>1329.8</ele>
      </trkpt>
      <trkpt lat="37.154362" lon="128.915337">
        <ele>1330.1</ele>
      </trkpt>
      <trkpt lat="37.154399" lon="128.915305">
        <ele>1330.4</ele>
      </trkpt>
      <trkpt lat="37.154437" lon="128.915274">
        <ele>1330.8</ele>
      </trkpt>
      <trkpt lat="37.154457" lon="128.915224">
        <ele>1331.1</ele>
      </trkpt>
      <trkpt lat="37.154474" lon="128.915172">
        <ele>1331.4</ele>
      </trkpt>
      <trkpt lat="37.154491" lon="128.915120">
        <ele>1331.8</ele>
      </trkpt>
      <trkpt lat="37.154508" lon="128.915068">
        <ele>1332.1</ele>
      </trkpt>
      <trkpt lat="37.154526" lon="128.915016">
        <ele>1332.4</ele>
      </trkpt>
      <trkpt lat="37.154543" lon="128.914964">
        <ele>1332.8</ele>
      </trkpt>
      <trkpt lat="37.154583" lon="128.914968">
        <ele>1332.7</ele>
      </trkpt>
      <trkpt lat="37.154627" lon="128.914980">
        <ele>1332.7</ele>
      </trkpt>
      <trkpt lat="37.154671" lon="128.914992">
        <ele>1332.6</ele>
      </trkpt>
      <trkpt lat="37.154715" lon="128.915004">
        <ele>1332.5</ele>
      </trkpt>
      <trkpt lat="37.154759" lon="128.915016">
        <ele>1332.4</ele>
      </trkpt>
      <trkpt lat="37.154803" lon="128.915028">
        <ele>1332.4</ele>
      </trkpt>
      <trkpt lat="37.154847" lon="128.915040">
        <ele>1332.3</ele>
      </trkpt>
      <trkpt lat="37.154890" lon="128.915053">
        <ele>1332.2</ele>
      </trkpt>
      <trkpt lat="37.154934" lon="128.915065">
        <ele>1332.2</ele>
      </trkpt>
      <trkpt lat="37.154978" lon="128.915077">
        <ele>1332.1</ele>
      </trkpt>
      <trkpt lat="37.155022" lon="128.915089">
        <ele>1332.0</ele>
      </trkpt>
      <trkpt lat="37.155066" lon="128.915102">
        <ele>1332.3</ele>
      </trkpt>
      <trkpt lat="37.155110" lon="128.915114">
        <ele>1332.7</ele>
      </trkpt>
      <trkpt lat="37.155154" lon="128.915127">
        <ele>1333.1</ele>
      </trkpt>
      <trkpt lat="37.155198" lon="128.915139">
        <ele>1333.5</ele>
      </trkpt>
      <trkpt lat="37.155241" lon="128.915152">
        <ele>1333.9</ele>
      </trkpt>
      <trkpt lat="37.155285" lon="128.915165">
        <ele>1334.3</ele>
      </trkpt>
      <trkpt lat="37.155329" lon="128.915177">
        <ele>1334.6</ele>
      </trkpt>
      <trkpt lat="37.155373" lon="128.915190">
        <ele>1335.0</ele>
      </trkpt>
      <trkpt lat="37.155417" lon="128.915202">
        <ele>1335.4</ele>
      </trkpt>
      <trkpt lat="37.155461" lon="128.915215">
        <ele>1335.8</ele>
      </trkpt>
      <trkpt lat="37.155504" lon="128.915228">
        <ele>1336.2</ele>
      </trkpt>
      <trkpt lat="37.155548" lon="128.915240">
        <ele>1336.6</ele>
      </trkpt>
      <trkpt lat="37.155592" lon="128.915254">
        <ele>1337.1</ele>
      </trkpt>
      <trkpt lat="37.155635" lon="128.915268">
        <ele>1337.7</ele>
      </trkpt>
      <trkpt lat="37.155679" lon="128.915283">
        <ele>1338.4</ele>
      </trkpt>
      <trkpt lat="37.155722" lon="128.915297">
        <ele>1339.1</ele>
      </trkpt>
      <trkpt lat="37.155766" lon="128.915312">
        <ele>1339.8</ele>
      </trkpt>
      <trkpt lat="37.155809" lon="128.915326">
        <ele>1340.5</ele>
      </trkpt>
      <trkpt lat="37.155853" lon="128.915341">
        <ele>1341.1</ele>
      </trkpt>
      <trkpt lat="37.155896" lon="128.915356">
        <ele>1341.8</ele>
      </trkpt>
      <trkpt lat="37.155940" lon="128.915363">
        <ele>1343.0</ele>
      </trkpt>
      <trkpt lat="37.155984" lon="128.915352">
        <ele>1345.4</ele>
      </trkpt>
      <trkpt lat="37.156028" lon="128.915341">
        <ele>1347.8</ele>
      </trkpt>
      <trkpt lat="37.156066" lon="128.915326">
        <ele>1350.0</ele>
      </trkpt>
      <trkpt lat="37.156058" lon="128.915270">
        <ele>1350.0</ele>
      </trkpt>
      <trkpt lat="37.156066" lon="128.915324">
        <ele>1345.6</ele>
      </trkpt>
      <trkpt lat="37.156105" lon="128.915323">
        <ele>1345.8</ele>
      </trkpt>
      <trkpt lat="37.156149" lon="128.915313">
        <ele>1346.8</ele>
      </trkpt>
      <trkpt lat="37.156193" lon="128.915302">
        <ele>1347.8</ele>
      </trkpt>
      <trkpt lat="37.156238" lon="128.915292">
        <ele>1348.7</ele>
      </trkpt>
      <trkpt lat="37.156282" lon="128.915281">
        <ele>1349.7</ele>
      </trkpt>
      <trkpt lat="37.156312" lon="128.915245">
        <ele>1350.0</ele>
      </trkpt>
      <trkpt lat="37.156337" lon="128.915198">
        <ele>1350.0</ele>
      </trkpt>
      <trkpt lat="37.156362" lon="128.915151">
        <ele>1350.0</ele>
      </trkpt>
      <trkpt lat="37.156387" lon="128.915104">
        <ele>1350.0</ele>
      </trkpt>
      <trkpt lat="37.156411" lon="128.915057">
        <ele>1350.0</ele>
      </trkpt>
      <trkpt lat="37.156436" lon="128.915010">
        <ele>1350.0</ele>
      </trkpt>
      <trkpt lat="37.156461" lon="128.914962">
        <ele>1350.0</ele>
      </trkpt>
      <trkpt lat="37.156486" lon="128.914915">
        <ele>1350.0</ele>
      </trkpt>
      <trkpt lat="37.156511" lon="128.914868">
        <ele>1350.0</ele>
      </trkpt>
      <trkpt lat="37.156535" lon="128.914821">
        <ele>1350.0</ele>
      </trkpt>
      <trkpt lat="37.156570" lon="128.914785">
        <ele>1350.3</ele>
      </trkpt>
      <trkpt lat="37.156605" lon="128.914751">
        <ele>1350.6</ele>
      </trkpt>
      <trkpt lat="37.156641" lon="128.914716">
        <ele>1350.8</ele>
      </trkpt>
      <trkpt lat="37.156676" lon="128.914682">
        <ele>1351.1</ele>
      </trkpt>
      <trkpt lat="37.156712" lon="128.914647">
        <ele>1351.4</ele>
      </trkpt>
      <trkpt lat="37.156747" lon="128.914613">
        <ele>1351.7</ele>
      </trkpt>
      <trkpt lat="37.156783" lon="128.914578">
        <ele>1352.0</ele>
      </trkpt>
      <trkpt lat="37.156819" lon="128.914545">
        <ele>1352.6</ele>
      </trkpt>
      <trkpt lat="37.156856" lon="128.914511">
        <ele>1353.1</ele>
      </trkpt>
      <trkpt lat="37.156892" lon="128.914478">
        <ele>1353.6</ele>
      </trkpt>
      <trkpt lat="37.156928" lon="128.914445">
        <ele>1354.1</ele>
      </trkpt>
      <trkpt lat="37.156964" lon="128.914411">
        <ele>1354.6</ele>
      </trkpt>
      <trkpt lat="37.157001" lon="128.914378">
        <ele>1355.1</ele>
      </trkpt>
      <trkpt lat="37.157041" lon="128.914353">
        <ele>1355.8</ele>
      </trkpt>
      <trkpt lat="37.157083" lon="128.914334">
        <ele>1356.7</ele>
      </trkpt>
      <trkpt lat="37.157125" lon="128.914315">
        <ele>1357.6</ele>
      </trkpt>
      <trkpt lat="37.157167" lon="128.914295">
        <ele>1358.5</ele>
      </trkpt>
      <trkpt lat="37.157210" lon="128.914276">
        <ele>1359.4</ele>
      </trkpt>
      <trkpt lat="37.157252" lon="128.914257">
        <ele>1360.2</ele>
      </trkpt>
      <trkpt lat="37.157294" lon="128.914237">
        <ele>1361.1</ele>
      </trkpt>
      <trkpt lat="37.157336" lon="128.914218">
        <ele>1362.0</ele>
      </trkpt>
      <trkpt lat="37.157374" lon="128.914190">
        <ele>1362.9</ele>
      </trkpt>
      <trkpt lat="37.157407" lon="128.914151">
        <ele>1363.7</ele>
      </trkpt>
      <trkpt lat="37.157440" lon="128.914113">
        <ele>1364.5</ele>
      </trkpt>
      <trkpt lat="37.157473" lon="128.914074">
        <ele>1365.4</ele>
      </trkpt>
      <trkpt lat="37.157505" lon="128.914035">
        <ele>1366.2</ele>
      </trkpt>
      <trkpt lat="37.157538" lon="128.913997">
        <ele>1367.1</ele>
      </trkpt>
      <trkpt lat="37.157571" lon="128.913958">
        <ele>1367.9</ele>
      </trkpt>
      <trkpt lat="37.157604" lon="128.913919">
        <ele>1368.7</ele>
      </trkpt>
      <trkpt lat="37.157632" lon="128.913877">
        <ele>1369.5</ele>
      </trkpt>
      <trkpt lat="37.157652" lon="128.913827">
        <ele>1370.0</ele>
      </trkpt>
      <trkpt lat="37.157673" lon="128.913776">
        <ele>1370.5</ele>
      </trkpt>
      <trkpt lat="37.157693" lon="128.913726">
        <ele>1371.0</ele>
      </trkpt>
      <trkpt lat="37.157712" lon="128.913675">
        <ele>1371.5</ele>
      </trkpt>
      <trkpt lat="37.157710" lon="128.913619">
        <ele>1371.0</ele>
      </trkpt>
      <trkpt lat="37.157709" lon="128.913562">
        <ele>1370.4</ele>
      </trkpt>
      <trkpt lat="37.157707" lon="128.913506">
        <ele>1369.9</ele>
      </trkpt>
      <trkpt lat="37.157706" lon="128.913449">
        <ele>1369.4</ele>
      </trkpt>
      <trkpt lat="37.157704" lon="128.913393">
        <ele>1368.8</ele>
      </trkpt>
      <trkpt lat="37.157703" lon="128.913337">
        <ele>1368.3</ele>
      </trkpt>
      <trkpt lat="37.157701" lon="128.913280">
        <ele>1367.8</ele>
      </trkpt>
      <trkpt lat="37.157700" lon="128.913224">
        <ele>1367.3</ele>
      </trkpt>
      <trkpt lat="37.157698" lon="128.913167">
        <ele>1366.7</ele>
      </trkpt>
      <trkpt lat="37.157697" lon="128.913111">
        <ele>1366.2</ele>
      </trkpt>
      <trkpt lat="37.157714" lon="128.913064">
        <ele>1366.3</ele>
      </trkpt>
      <trkpt lat="37.157745" lon="128.913022">
        <ele>1366.9</ele>
      </trkpt>
      <trkpt lat="37.157775" lon="128.912981">
        <ele>1367.4</ele>
      </trkpt>
      <trkpt lat="37.157806" lon="128.912940">
        <ele>1368.0</ele>
      </trkpt>
      <trkpt lat="37.157837" lon="128.912898">
        <ele>1368.5</ele>
      </trkpt>
      <trkpt lat="37.157867" lon="128.912857">
        <ele>1369.1</ele>
      </trkpt>
      <trkpt lat="37.157898" lon="128.912816">
        <ele>1369.6</ele>
      </trkpt>
      <trkpt lat="37.157928" lon="128.912774">
        <ele>1370.2</ele>
      </trkpt>
      <trkpt lat="37.157959" lon="128.912733">
        <ele>1370.8</ele>
      </trkpt>
      <trkpt lat="37.157990" lon="128.912692">
        <ele>1371.3</ele>
      </trkpt>
      <trkpt lat="37.158020" lon="128.912650">
        <ele>1371.9</ele>
      </trkpt>
      <trkpt lat="37.158051" lon="128.912609">
        <ele>1372.4</ele>
      </trkpt>
      <trkpt lat="37.158082" lon="128.912568">
        <ele>1373.0</ele>
      </trkpt>
      <trkpt lat="37.158113" lon="128.912528">
        <ele>1373.5</ele>
      </trkpt>
      <trkpt lat="37.158157" lon="128.912516">
        <ele>1374.6</ele>
      </trkpt>
      <trkpt lat="37.158201" lon="128.912504">
        <ele>1375.7</ele>
      </trkpt>
      <trkpt lat="37.158245" lon="128.912493">
        <ele>1376.8</ele>
      </trkpt>
      <trkpt lat="37.158289" lon="128.912481">
        <ele>1377.9</ele>
      </trkpt>
      <trkpt lat="37.158333" lon="128.912469">
        <ele>1378.9</ele>
      </trkpt>
      <trkpt lat="37.158377" lon="128.912458">
        <ele>1380.0</ele>
      </trkpt>
      <trkpt lat="37.158418" lon="128.912439">
        <ele>1380.7</ele>
      </trkpt>
      <trkpt lat="37.158450" lon="128.912400">
        <ele>1380.5</ele>
      </trkpt>
      <trkpt lat="37.158483" lon="128.912361">
        <ele>1380.3</ele>
      </trkpt>
      <trkpt lat="37.158516" lon="128.912322">
        <ele>1380.0</ele>
      </trkpt>
      <trkpt lat="37.158548" lon="128.912284">
        <ele>1379.8</ele>
      </trkpt>
      <trkpt lat="37.158581" lon="128.912245">
        <ele>1379.6</ele>
      </trkpt>
      <trkpt lat="37.158614" lon="128.912206">
        <ele>1379.3</ele>
      </trkpt>
      <trkpt lat="37.158646" lon="128.912167">
        <ele>1379.1</ele>
      </trkpt>
      <trkpt lat="37.158679" lon="128.912128">
        <ele>1378.9</ele>
      </trkpt>
      <trkpt lat="37.158712" lon="128.912091">
        <ele>1378.5</ele>
      </trkpt>
      <trkpt lat="37.158746" lon="128.912054">
        <ele>1377.9</ele>
      </trkpt>
      <trkpt lat="37.158780" lon="128.912017">
        <ele>1377.4</ele>
      </trkpt>
      <trkpt lat="37.158815" lon="128.911980">
        <ele>1376.9</ele>
      </trkpt>
      <trkpt lat="37.158849" lon="128.911943">
        <ele>1376.3</ele>
      </trkpt>
      <trkpt lat="37.158883" lon="128.911906">
        <ele>1375.8</ele>
      </trkpt>
      <trkpt lat="37.158917" lon="128.911870">
        <ele>1375.3</ele>
      </trkpt>
      <trkpt lat="37.158951" lon="128.911833">
        <ele>1374.8</ele>
      </trkpt>
      <trkpt lat="37.158986" lon="128.911802">
        <ele>1375.7</ele>
      </trkpt>
      <trkpt lat="37.159026" lon="128.911803">
        <ele>1384.8</ele>
      </trkpt>
      <trkpt lat="37.159034" lon="128.911753">
        <ele>1384.4</ele>
      </trkpt>
      <trkpt lat="37.159025" lon="128.911808">
        <ele>1375.3</ele>
      </trkpt>
      <trkpt lat="37.159068" lon="128.911819">
        <ele>1375.9</ele>
      </trkpt>
      <trkpt lat="37.159113" lon="128.911828">
        <ele>1376.8</ele>
      </trkpt>
      <trkpt lat="37.159157" lon="128.911837">
        <ele>1377.7</ele>
      </trkpt>
      <trkpt lat="37.159201" lon="128.911846">
        <ele>1378.5</ele>
      </trkpt>
      <trkpt lat="37.159246" lon="128.911855">
        <ele>1379.4</ele>
      </trkpt>
      <trkpt lat="37.159290" lon="128.911864">
        <ele>1380.3</ele>
      </trkpt>
      <trkpt lat="37.159334" lon="128.911873">
        <ele>1381.2</ele>
      </trkpt>
      <trkpt lat="37.159379" lon="128.911882">
        <ele>1382.1</ele>
      </trkpt>
      <trkpt lat="37.159423" lon="128.911891">
        <ele>1383.0</ele>
      </trkpt>
      <trkpt lat="37.159468" lon="128.911900">
        <ele>1383.9</ele>
      </trkpt>
      <trkpt lat="37.159512" lon="128.911909">
        <ele>1384.8</ele>
      </trkpt>
      <trkpt lat="37.159553" lon="128.911885">
        <ele>1384.4</ele>
      </trkpt>
      <trkpt lat="37.159594" lon="128.911861">
        <ele>1384.0</ele>
      </trkpt>
      <trkpt lat="37.159634" lon="128.911837">
        <ele>1383.6</ele>
      </trkpt>
      <trkpt lat="37.159676" lon="128.911816">
        <ele>1383.3</ele>
      </trkpt>
      <trkpt lat="37.159718" lon="128.911795">
        <ele>1383.1</ele>
      </trkpt>
      <trkpt lat="37.159759" lon="128.911774">
        <ele>1382.8</ele>
      </trkpt>
      <trkpt lat="37.159801" lon="128.911754">
        <ele>1382.6</ele>
      </trkpt>
      <trkpt lat="37.159843" lon="128.911733">
        <ele>1382.3</ele>
      </trkpt>
      <trkpt lat="37.159885" lon="128.911712">
        <ele>1382.1</ele>
      </trkpt>
      <trkpt lat="37.159927" lon="128.911691">
        <ele>1381.8</ele>
      </trkpt>
      <trkpt lat="37.159969" lon="128.911671">
        <ele>1381.6</ele>
      </trkpt>
      <trkpt lat="37.160009" lon="128.911682">
        <ele>1382.1</ele>
      </trkpt>
      <trkpt lat="37.160048" lon="128.911709">
        <ele>1383.1</ele>
      </trkpt>
      <trkpt lat="37.160088" lon="128.911736">
        <ele>1384.0</ele>
      </trkpt>
      <trkpt lat="37.160127" lon="128.911763">
        <ele>1384.9</ele>
      </trkpt>
      <trkpt lat="37.160167" lon="128.911790">
        <ele>1385.9</ele>
      </trkpt>
      <trkpt lat="37.160207" lon="128.911816">
        <ele>1386.8</ele>
      </trkpt>
      <trkpt lat="37.160246" lon="128.911843">
        <ele>1387.7</ele>
      </trkpt>
      <trkpt lat="37.160288" lon="128.911860">
        <ele>1388.3</ele>
      </trkpt>
      <trkpt lat="37.160333" lon="128.911860">
        <ele>1388.2</ele>
      </trkpt>
      <trkpt lat="37.160378" lon="128.911860">
        <ele>1388.1</ele>
      </trkpt>
      <trkpt lat="37.160423" lon="128.911860">
        <ele>1388.0</ele>
      </trkpt>
      <trkpt lat="37.160468" lon="128.911860">
        <ele>1387.9</ele>
      </trkpt>
      <trkpt lat="37.160513" lon="128.911860">
        <ele>1387.8</ele>
      </trkpt>
      <trkpt lat="37.160539" lon="128.911905">
        <ele>1388.9</ele>
      </trkpt>
      <trkpt lat="37.160564" lon="128.911952">
        <ele>1390.1</ele>
      </trkpt>
      <trkpt lat="37.160590" lon="128.911998">
        <ele>1391.3</ele>
      </trkpt>
      <trkpt lat="37.160607" lon="128.912049">
        <ele>1392.5</ele>
      </trkpt>
      <trkpt lat="37.160620" lon="128.912103">
        <ele>1393.7</ele>
      </trkpt>
      <trkpt lat="37.160633" lon="128.912157">
        <ele>1394.8</ele>
      </trkpt>
      <trkpt lat="37.160645" lon="128.912212">
        <ele>1396.0</ele>
      </trkpt>
      <trkpt lat="37.160658" lon="128.912266">
        <ele>1397.2</ele>
      </trkpt>
      <trkpt lat="37.160670" lon="128.912320">
        <ele>1398.3</ele>
      </trkpt>
      <trkpt lat="37.160683" lon="128.912374">
        <ele>1399.5</ele>
      </trkpt>
      <trkpt lat="37.160695" lon="128.912428">
        <ele>1400.7</ele>
      </trkpt>
      <trkpt lat="37.160708" lon="128.912483">
        <ele>1401.8</ele>
      </trkpt>
      <trkpt lat="37.160720" lon="128.912537">
        <ele>1403.0</ele>
      </trkpt>
      <trkpt lat="37.160733" lon="128.912591">
        <ele>1404.2</ele>
      </trkpt>
      <trkpt lat="37.160745" lon="128.912645">
        <ele>1405.3</ele>
      </trkpt>
      <trkpt lat="37.160758" lon="128.912699">
        <ele>1406.5</ele>
      </trkpt>
      <trkpt lat="37.160771" lon="128.912753">
        <ele>1407.7</ele>
      </trkpt>
      <trkpt lat="37.160783" lon="128.912808">
        <ele>1408.8</ele>
      </trkpt>
      <trkpt lat="37.160796" lon="128.912862">
        <ele>1410.0</ele>
      </trkpt>
      <trkpt lat="37.160808" lon="128.912916">
        <ele>1411.1</ele>
      </trkpt>
      <trkpt lat="37.160821" lon="128.912970">
        <ele>1412.3</ele>
      </trkpt>
      <trkpt lat="37.160833" lon="128.913024">
        <ele>1413.5</ele>
      </trkpt>
      <trkpt lat="37.160846" lon="128.913079">
        <ele>1414.6</ele>
      </trkpt>
      <trkpt lat="37.160858" lon="128.913133">
        <ele>1415.8</ele>
      </trkpt>
      <trkpt lat="37.160871" lon="128.913187">
        <ele>1417.0</ele>
      </trkpt>
      <trkpt lat="37.160883" lon="128.913241">
        <ele>1418.1</ele>
      </trkpt>
      <trkpt lat="37.160896" lon="128.913295">
        <ele>1419.3</ele>
      </trkpt>
      <trkpt lat="37.160918" lon="128.913344">
        <ele>1420.6</ele>
      </trkpt>
      <trkpt lat="37.160941" lon="128.913393">
        <ele>1421.9</ele>
      </trkpt>
      <trkpt lat="37.160964" lon="128.913441">
        <ele>1423.1</ele>
      </trkpt>
      <trkpt lat="37.160988" lon="128.913489">
        <ele>1424.4</ele>
      </trkpt>
      <trkpt lat="37.161011" lon="128.913537">
        <ele>1425.7</ele>
      </trkpt>
      <trkpt lat="37.161036" lon="128.913583">
        <ele>1426.9</ele>
      </trkpt>
      <trkpt lat="37.161075" lon="128.913611">
        <ele>1427.3</ele>
      </trkpt>
      <trkpt lat="37.161114" lon="128.913639">
        <ele>1427.8</ele>
      </trkpt>
      <trkpt lat="37.161153" lon="128.913667">
        <ele>1428.3</ele>
      </trkpt>
      <trkpt lat="37.161192" lon="128.913696">
        <ele>1428.8</ele>
      </trkpt>
      <trkpt lat="37.161231" lon="128.913724">
        <ele>1429.3</ele>
      </trkpt>
      <trkpt lat="37.161270" lon="128.913752">
        <ele>1429.8</ele>
      </trkpt>
      <trkpt lat="37.161309" lon="128.913780">
        <ele>1430.2</ele>
      </trkpt>
      <trkpt lat="37.161348" lon="128.913808">
        <ele>1430.7</ele>
      </trkpt>
      <trkpt lat="37.161387" lon="128.913836">
        <ele>1431.2</ele>
      </trkpt>
      <trkpt lat="37.161426" lon="128.913865">
        <ele>1431.7</ele>
      </trkpt>
      <trkpt lat="37.161465" lon="128.913893">
        <ele>1432.2</ele>
      </trkpt>
      <trkpt lat="37.161508" lon="128.913904">
        <ele>1432.1</ele>
      </trkpt>
      <trkpt lat="37.161553" lon="128.913910">
        <ele>1431.9</ele>
      </trkpt>
      <trkpt lat="37.161598" lon="128.913915">
        <ele>1431.7</ele>
      </trkpt>
      <trkpt lat="37.161642" lon="128.913921">
        <ele>1431.5</ele>
      </trkpt>
      <trkpt lat="37.161687" lon="128.913926">
        <ele>1431.2</ele>
      </trkpt>
      <trkpt lat="37.161732" lon="128.913932">
        <ele>1431.0</ele>
      </trkpt>
      <trkpt lat="37.161775" lon="128.913917">
        <ele>1430.5</ele>
      </trkpt>
      <trkpt lat="37.161818" lon="128.913901">
        <ele>1429.9</ele>
      </trkpt>
      <trkpt lat="37.161862" lon="128.913886">
        <ele>1429.4</ele>
      </trkpt>
      <trkpt lat="37.161905" lon="128.913870">
        <ele>1428.8</ele>
      </trkpt>
      <trkpt lat="37.161948" lon="128.913855">
        <ele>1428.3</ele>
      </trkpt>
      <trkpt lat="37.161993" lon="128.913849">
        <ele>1428.0</ele>
      </trkpt>
      <trkpt lat="37.162038" lon="128.913843">
        <ele>1427.8</ele>
      </trkpt>
      <trkpt lat="37.162082" lon="128.913837">
        <ele>1427.5</ele>
      </trkpt>
      <trkpt lat="37.162127" lon="128.913831">
        <ele>1427.3</ele>
      </trkpt>
      <trkpt lat="37.162172" lon="128.913825">
        <ele>1427.0</ele>
      </trkpt>
      <trkpt lat="37.162217" lon="128.913825">
        <ele>1427.0</ele>
      </trkpt>
      <trkpt lat="37.162262" lon="128.913827">
        <ele>1426.9</ele>
      </trkpt>
      <trkpt lat="37.162306" lon="128.913828">
        <ele>1426.9</ele>
      </trkpt>
      <trkpt lat="37.162351" lon="128.913829">
        <ele>1426.9</ele>
      </trkpt>
      <trkpt lat="37.162396" lon="128.913831">
        <ele>1426.8</ele>
      </trkpt>
      <trkpt lat="37.162436" lon="128.913839">
        <ele>1426.8</ele>
      </trkpt>
      <trkpt lat="37.162452" lon="128.913833">
        <ele>1426.8</ele>
      </trkpt>
      <trkpt lat="37.162497" lon="128.913839">
        <ele>1426.5</ele>
      </trkpt>
      <trkpt lat="37.162534" lon="128.913862">
        <ele>1426.2</ele>
      </trkpt>
      <trkpt lat="37.162553" lon="128.913913">
        <ele>1427.0</ele>
      </trkpt>
      <trkpt lat="37.162571" lon="128.913965">
        <ele>1427.9</ele>
      </trkpt>
      <trkpt lat="37.162589" lon="128.914016">
        <ele>1428.7</ele>
      </trkpt>
      <trkpt lat="37.162608" lon="128.914068">
        <ele>1429.6</ele>
      </trkpt>
      <trkpt lat="37.162626" lon="128.914119">
        <ele>1430.4</ele>
      </trkpt>
      <trkpt lat="37.162644" lon="128.914171">
        <ele>1431.3</ele>
      </trkpt>
      <trkpt lat="37.162663" lon="128.914222">
        <ele>1432.1</ele>
      </trkpt>
      <trkpt lat="37.162681" lon="128.914274">
        <ele>1432.9</ele>
      </trkpt>
      <trkpt lat="37.162699" lon="128.914325">
        <ele>1433.8</ele>
      </trkpt>
      <trkpt lat="37.162718" lon="128.914377">
        <ele>1434.6</ele>
      </trkpt>
      <trkpt lat="37.162736" lon="128.914429">
        <ele>1435.5</ele>
      </trkpt>
      <trkpt lat="37.162754" lon="128.914480">
        <ele>1436.3</ele>
      </trkpt>
      <trkpt lat="37.162772" lon="128.914532">
        <ele>1437.1</ele>
      </trkpt>
      <trkpt lat="37.162791" lon="128.914583">
        <ele>1438.0</ele>
      </trkpt>
      <trkpt lat="37.162809" lon="128.914635">
        <ele>1438.8</ele>
      </trkpt>
      <trkpt lat="37.162827" lon="128.914686">
        <ele>1439.7</ele>
      </trkpt>
      <trkpt lat="37.162846" lon="128.914738">
        <ele>1440.5</ele>
      </trkpt>
      <trkpt lat="37.162864" lon="128.914789">
        <ele>1441.3</ele>
      </trkpt>
      <trkpt lat="37.162882" lon="128.914841">
        <ele>1442.2</ele>
      </trkpt>
      <trkpt lat="37.162901" lon="128.914892">
        <ele>1443.0</ele>
      </trkpt>
      <trkpt lat="37.162919" lon="128.914944">
        <ele>1443.9</ele>
      </trkpt>
      <trkpt lat="37.162937" lon="128.914995">
        <ele>1444.7</ele>
      </trkpt>
      <trkpt lat="37.162956" lon="128.915047">
        <ele>1445.5</ele>
      </trkpt>
      <trkpt lat="37.162974" lon="128.915098">
        <ele>1446.4</ele>
      </trkpt>
      <trkpt lat="37.162992" lon="128.915150">
        <ele>1447.2</ele>
      </trkpt>
      <trkpt lat="37.163010" lon="128.915202">
        <ele>1448.1</ele>
      </trkpt>
      <trkpt lat="37.163029" lon="128.915253">
        <ele>1448.9</ele>
      </trkpt>
      <trkpt lat="37.163047" lon="128.915305">
        <ele>1449.8</ele>
      </trkpt>
      <trkpt lat="37.163065" lon="128.915356">
        <ele>1450.6</ele>
      </trkpt>
      <trkpt lat="37.163084" lon="128.915408">
        <ele>1451.4</ele>
      </trkpt>
      <trkpt lat="37.163102" lon="128.915459">
        <ele>1452.3</ele>
      </trkpt>
      <trkpt lat="37.163120" lon="128.915511">
        <ele>1453.1</ele>
      </trkpt>
      <trkpt lat="37.163139" lon="128.915562">
        <ele>1454.0</ele>
      </trkpt>
      <trkpt lat="37.163157" lon="128.915614">
        <ele>1454.8</ele>
      </trkpt>
      <trkpt lat="37.163191" lon="128.915650">
        <ele>1455.3</ele>
      </trkpt>
      <trkpt lat="37.163226" lon="128.915686">
        <ele>1455.7</ele>
      </trkpt>
      <trkpt lat="37.163260" lon="128.915723">
        <ele>1456.2</ele>
      </trkpt>
      <trkpt lat="37.163295" lon="128.915759">
        <ele>1456.6</ele>
      </trkpt>
      <trkpt lat="37.163329" lon="128.915795">
        <ele>1457.1</ele>
      </trkpt>
      <trkpt lat="37.163364" lon="128.915832">
        <ele>1457.6</ele>
      </trkpt>
      <trkpt lat="37.163398" lon="128.915868">
        <ele>1458.0</ele>
      </trkpt>
      <trkpt lat="37.163432" lon="128.915904">
        <ele>1458.5</ele>
      </trkpt>
      <trkpt lat="37.163467" lon="128.915940">
        <ele>1458.9</ele>
      </trkpt>
      <trkpt lat="37.163501" lon="128.915977">
        <ele>1459.4</ele>
      </trkpt>
      <trkpt lat="37.163536" lon="128.916013">
        <ele>1459.9</ele>
      </trkpt>
      <trkpt lat="37.163570" lon="128.916049">
        <ele>1460.3</ele>
      </trkpt>
      <trkpt lat="37.163605" lon="128.916086">
        <ele>1460.8</ele>
      </trkpt>
      <trkpt lat="37.163639" lon="128.916122">
        <ele>1461.2</ele>
      </trkpt>
      <trkpt lat="37.163674" lon="128.916158">
        <ele>1461.7</ele>
      </trkpt>
      <trkpt lat="37.163708" lon="128.916194">
        <ele>1462.2</ele>
      </trkpt>
      <trkpt lat="37.163734" lon="128.916240">
        <ele>1463.0</ele>
      </trkpt>
      <trkpt lat="37.163755" lon="128.916289">
        <ele>1464.1</ele>
      </trkpt>
      <trkpt lat="37.163777" lon="128.916338">
        <ele>1465.2</ele>
      </trkpt>
      <trkpt lat="37.163799" lon="128.916388">
        <ele>1466.3</ele>
      </trkpt>
      <trkpt lat="37.163821" lon="128.916437">
        <ele>1467.4</ele>
      </trkpt>
      <trkpt lat="37.163842" lon="128.916487">
        <ele>1468.5</ele>
      </trkpt>
      <trkpt lat="37.163864" lon="128.916536">
        <ele>1469.6</ele>
      </trkpt>
      <trkpt lat="37.163886" lon="128.916585">
        <ele>1470.7</ele>
      </trkpt>
      <trkpt lat="37.163907" lon="128.916635">
        <ele>1471.8</ele>
      </trkpt>
      <trkpt lat="37.163886" lon="128.916679">
        <ele>1473.1</ele>
      </trkpt>
      <trkpt lat="37.163855" lon="128.916716">
        <ele>1474.4</ele>
      </trkpt>
      <trkpt lat="37.163811" lon="128.916709">
        <ele>1475.6</ele>
      </trkpt>
      <trkpt lat="37.163780" lon="128.916689">
        <ele>1476.5</ele>
      </trkpt>
      <trkpt lat="37.163786" lon="128.916634">
        <ele>1476.5</ele>
      </trkpt>
      <trkpt lat="37.163783" lon="128.916665">
        <ele>1476.0</ele>
      </trkpt>
      <trkpt lat="37.163765" lon="128.916702">
        <ele>1475.8</ele>
      </trkpt>
      <trkpt lat="37.163722" lon="128.916690">
        <ele>1476.5</ele>
      </trkpt>
      <trkpt lat="37.163684" lon="128.916660">
        <ele>1476.4</ele>
      </trkpt>
      <trkpt lat="37.163645" lon="128.916630">
        <ele>1476.3</ele>
      </trkpt>
      <trkpt lat="37.163607" lon="128.916600">
        <ele>1476.2</ele>
      </trkpt>
      <trkpt lat="37.163569" lon="128.916570">
        <ele>1476.1</ele>
      </trkpt>
      <trkpt lat="37.163531" lon="128.916540">
        <ele>1476.1</ele>
      </trkpt>
      <trkpt lat="37.163493" lon="128.916522">
        <ele>1476.3</ele>
      </trkpt>
      <trkpt lat="37.163455" lon="128.916553">
        <ele>1477.9</ele>
      </trkpt>
      <trkpt lat="37.163444" lon="128.916591">
        <ele>1479.1</ele>
      </trkpt>
      <trkpt lat="37.163468" lon="128.916638">
        <ele>1479.9</ele>
      </trkpt>
      <trkpt lat="37.163492" lon="128.916686">
        <ele>1480.6</ele>
      </trkpt>
      <trkpt lat="37.163516" lon="128.916734">
        <ele>1481.4</ele>
      </trkpt>
      <trkpt lat="37.163526" lon="128.916788">
        <ele>1482.1</ele>
      </trkpt>
      <trkpt lat="37.163534" lon="128.916844">
        <ele>1482.8</ele>
      </trkpt>
      <trkpt lat="37.163542" lon="128.916900">
        <ele>1483.5</ele>
      </trkpt>
      <trkpt lat="37.163549" lon="128.916955">
        <ele>1484.2</ele>
      </trkpt>
      <trkpt lat="37.163557" lon="128.917011">
        <ele>1484.9</ele>
      </trkpt>
      <trkpt lat="37.163564" lon="128.917066">
        <ele>1485.6</ele>
      </trkpt>
      <trkpt lat="37.163572" lon="128.917122">
        <ele>1486.3</ele>
      </trkpt>
      <trkpt lat="37.163577" lon="128.917178">
        <ele>1487.0</ele>
      </trkpt>
      <trkpt lat="37.163573" lon="128.917234">
        <ele>1487.9</ele>
      </trkpt>
      <trkpt lat="37.163569" lon="128.917290">
        <ele>1488.9</ele>
      </trkpt>
      <trkpt lat="37.163564" lon="128.917346">
        <ele>1489.8</ele>
      </trkpt>
      <trkpt lat="37.163560" lon="128.917402">
        <ele>1490.8</ele>
      </trkpt>
      <trkpt lat="37.163526" lon="128.917372">
        <ele>1491.3</ele>
      </trkpt>
      <trkpt lat="37.163491" lon="128.917337">
        <ele>1491.8</ele>
      </trkpt>
      <trkpt lat="37.163456" lon="128.917301">
        <ele>1492.3</ele>
      </trkpt>
      <trkpt lat="37.163421" lon="128.917266">
        <ele>1492.8</ele>
      </trkpt>
      <trkpt lat="37.163385" lon="128.917232">
        <ele>1493.3</ele>
      </trkpt>
      <trkpt lat="37.163348" lon="128.917200">
        <ele>1494.0</ele>
      </trkpt>
      <trkpt lat="37.163311" lon="128.917168">
        <ele>1494.6</ele>
      </trkpt>
      <trkpt lat="37.163273" lon="128.917137">
        <ele>1495.3</ele>
      </trkpt>
      <trkpt lat="37.163236" lon="128.917105">
        <ele>1495.9</ele>
      </trkpt>
      <trkpt lat="37.163199" lon="128.917074">
        <ele>1496.6</ele>
      </trkpt>
      <trkpt lat="37.163162" lon="128.917042">
        <ele>1497.2</ele>
      </trkpt>
      <trkpt lat="37.163124" lon="128.917011">
        <ele>1497.9</ele>
      </trkpt>
      <trkpt lat="37.163087" lon="128.916979">
        <ele>1498.5</ele>
      </trkpt>
      <trkpt lat="37.163050" lon="128.916947">
        <ele>1499.2</ele>
      </trkpt>
      <trkpt lat="37.163012" lon="128.916916">
        <ele>1499.8</ele>
      </trkpt>
      <trkpt lat="37.162973" lon="128.916890">
        <ele>1500.4</ele>
      </trkpt>
      <trkpt lat="37.162933" lon="128.916864">
        <ele>1500.9</ele>
      </trkpt>
      <trkpt lat="37.162893" lon="128.916838">
        <ele>1501.5</ele>
      </trkpt>
      <trkpt lat="37.162853" lon="128.916812">
        <ele>1502.0</ele>
      </trkpt>
      <trkpt lat="37.162813" lon="128.916786">
        <ele>1502.6</ele>
      </trkpt>
      <trkpt lat="37.162773" lon="128.916759">
        <ele>1503.1</ele>
      </trkpt>
      <trkpt lat="37.162733" lon="128.916733">
        <ele>1503.6</ele>
      </trkpt>
      <trkpt lat="37.162694" lon="128.916707">
        <ele>1504.2</ele>
      </trkpt>
      <trkpt lat="37.162654" lon="128.916681">
        <ele>1504.7</ele>
      </trkpt>
      <trkpt lat="37.162614" lon="128.916655">
        <ele>1505.3</ele>
      </trkpt>
      <trkpt lat="37.162574" lon="128.916629">
        <ele>1505.8</ele>
      </trkpt>
      <trkpt lat="37.162534" lon="128.916602">
        <ele>1506.4</ele>
      </trkpt>
      <trkpt lat="37.162494" lon="128.916576">
        <ele>1506.9</ele>
      </trkpt>
      <trkpt lat="37.162455" lon="128.916550">
        <ele>1507.4</ele>
      </trkpt>
      <trkpt lat="37.162415" lon="128.916524">
        <ele>1508.0</ele>
      </trkpt>
      <trkpt lat="37.162375" lon="128.916498">
        <ele>1508.5</ele>
      </trkpt>
      <trkpt lat="37.162335" lon="128.916472">
        <ele>1509.1</ele>
      </trkpt>
      <trkpt lat="37.162295" lon="128.916446">
        <ele>1509.6</ele>
      </trkpt>
      <trkpt lat="37.162257" lon="128.916416">
        <ele>1509.9</ele>
      </trkpt>
      <trkpt lat="37.162225" lon="128.916377">
        <ele>1509.5</ele>
      </trkpt>
      <trkpt lat="37.162192" lon="128.916338">
        <ele>1509.1</ele>
      </trkpt>
      <trkpt lat="37.162160" lon="128.916299">
        <ele>1508.8</ele>
      </trkpt>
      <trkpt lat="37.162127" lon="128.916260">
        <ele>1508.4</ele>
      </trkpt>
      <trkpt lat="37.162095" lon="128.916221">
        <ele>1508.0</ele>
      </trkpt>
      <trkpt lat="37.162062" lon="128.916182">
        <ele>1507.6</ele>
      </trkpt>
      <trkpt lat="37.162030" lon="128.916143">
        <ele>1507.2</ele>
      </trkpt>
      <trkpt lat="37.161997" lon="128.916105">
        <ele>1506.9</ele>
      </trkpt>
      <trkpt lat="37.161962" lon="128.916068">
        <ele>1506.7</ele>
      </trkpt>
      <trkpt lat="37.161928" lon="128.916046">
        <ele>1506.9</ele>
      </trkpt>
      <trkpt lat="37.161893" lon="128.916081">
        <ele>1509.0</ele>
      </trkpt>
      <trkpt lat="37.161892" lon="128.916126">
        <ele>1510.5</ele>
      </trkpt>
      <trkpt lat="37.161911" lon="128.916178">
        <ele>1511.6</ele>
      </trkpt>
      <trkpt lat="37.161929" lon="128.916229">
        <ele>1512.7</ele>
      </trkpt>
      <trkpt lat="37.161954" lon="128.916275">
        <ele>1513.4</ele>
      </trkpt>
      <trkpt lat="37.161983" lon="128.916319">
        <ele>1513.9</ele>
      </trkpt>
      <trkpt lat="37.162011" lon="128.916363">
        <ele>1514.5</ele>
      </trkpt>
      <trkpt lat="37.162039" lon="128.916407">
        <ele>1515.0</ele>
      </trkpt>
      <trkpt lat="37.162067" lon="128.916451">
        <ele>1515.6</ele>
      </trkpt>
      <trkpt lat="37.162095" lon="128.916495">
        <ele>1516.1</ele>
      </trkpt>
      <trkpt lat="37.162124" lon="128.916539">
        <ele>1516.7</ele>
      </trkpt>
      <trkpt lat="37.162152" lon="128.916583">
        <ele>1517.3</ele>
      </trkpt>
      <trkpt lat="37.162180" lon="128.916627">
        <ele>1517.8</ele>
      </trkpt>
      <trkpt lat="37.162208" lon="128.916671">
        <ele>1518.4</ele>
      </trkpt>
      <trkpt lat="37.162236" lon="128.916715">
        <ele>1518.9</ele>
      </trkpt>
      <trkpt lat="37.162265" lon="128.916759">
        <ele>1519.5</ele>
      </trkpt>
      <trkpt lat="37.162293" lon="128.916803">
        <ele>1520.0</ele>
      </trkpt>
      <trkpt lat="37.162318" lon="128.916849">
        <ele>1520.6</ele>
      </trkpt>
      <trkpt lat="37.162340" lon="128.916898">
        <ele>1521.1</ele>
      </trkpt>
      <trkpt lat="37.162362" lon="128.916947">
        <ele>1521.7</ele>
      </trkpt>
      <trkpt lat="37.162384" lon="128.916997">
        <ele>1522.3</ele>
      </trkpt>
      <trkpt lat="37.162406" lon="128.917046">
        <ele>1522.8</ele>
      </trkpt>
      <trkpt lat="37.162428" lon="128.917095">
        <ele>1523.4</ele>
      </trkpt>
      <trkpt lat="37.162446" lon="128.917147">
        <ele>1524.2</ele>
      </trkpt>
      <trkpt lat="37.162464" lon="128.917199">
        <ele>1525.0</ele>
      </trkpt>
      <trkpt lat="37.162481" lon="128.917251">
        <ele>1525.7</ele>
      </trkpt>
      <trkpt lat="37.162481" lon="128.917307">
        <ele>1527.1</ele>
      </trkpt>
      <trkpt lat="37.162479" lon="128.917363">
        <ele>1528.4</ele>
      </trkpt>
      <trkpt lat="37.162466" lon="128.917414">
        <ele>1529.6</ele>
      </trkpt>
      <trkpt lat="37.162436" lon="128.917456">
        <ele>1530.3</ele>
      </trkpt>
      <trkpt lat="37.162406" lon="128.917498">
        <ele>1531.1</ele>
      </trkpt>
      <trkpt lat="37.162376" lon="128.917539">
        <ele>1531.9</ele>
      </trkpt>
      <trkpt lat="37.162345" lon="128.917581">
        <ele>1532.6</ele>
      </trkpt>
      <trkpt lat="37.162315" lon="128.917623">
        <ele>1533.4</ele>
      </trkpt>
      <trkpt lat="37.162282" lon="128.917651">
        <ele>1535.0</ele>
      </trkpt>
      <trkpt lat="37.162239" lon="128.917635">
        <ele>1539.3</ele>
      </trkpt>
      <trkpt lat="37.162216" lon="128.917645">
        <ele>1539.8</ele>
      </trkpt>
      <trkpt lat="37.162189" lon="128.917617">
        <ele>1536.9</ele>
      </trkpt>
      <trkpt lat="37.162146" lon="128.917601">
        <ele>1538.2</ele>
      </trkpt>
      <trkpt lat="37.162102" lon="128.917585">
        <ele>1539.5</ele>
      </trkpt>
      <trkpt lat="37.162059" lon="128.917570">
        <ele>1540.8</ele>
      </trkpt>
      <trkpt lat="37.162015" lon="128.917559">
        <ele>1541.7</ele>
      </trkpt>
      <trkpt lat="37.161971" lon="128.917550">
        <ele>1542.2</ele>
      </trkpt>
      <trkpt lat="37.161926" lon="128.917542">
        <ele>1542.8</ele>
      </trkpt>
      <trkpt lat="37.161882" lon="128.917534">
        <ele>1543.4</ele>
      </trkpt>
      <trkpt lat="37.161837" lon="128.917525">
        <ele>1544.0</ele>
      </trkpt>
      <trkpt lat="37.161793" lon="128.917517">
        <ele>1544.6</ele>
      </trkpt>
      <trkpt lat="37.161748" lon="128.917509">
        <ele>1545.1</ele>
      </trkpt>
      <trkpt lat="37.161704" lon="128.917500">
        <ele>1545.7</ele>
      </trkpt>
      <trkpt lat="37.161660" lon="128.917492">
        <ele>1546.3</ele>
      </trkpt>
      <trkpt lat="37.161615" lon="128.917484">
        <ele>1546.9</ele>
      </trkpt>
      <trkpt lat="37.161571" lon="128.917475">
        <ele>1547.4</ele>
      </trkpt>
      <trkpt lat="37.161526" lon="128.917467">
        <ele>1548.0</ele>
      </trkpt>
      <trkpt lat="37.161482" lon="128.917459">
        <ele>1548.6</ele>
      </trkpt>
      <trkpt lat="37.161437" lon="128.917450">
        <ele>1549.2</ele>
      </trkpt>
      <trkpt lat="37.161393" lon="128.917442">
        <ele>1549.7</ele>
      </trkpt>
      <trkpt lat="37.161348" lon="128.917434">
        <ele>1550.3</ele>
      </trkpt>
      <trkpt lat="37.161308" lon="128.917451">
        <ele>1550.7</ele>
      </trkpt>
      <trkpt lat="37.161269" lon="128.917479">
        <ele>1550.9</ele>
      </trkpt>
      <trkpt lat="37.161230" lon="128.917508">
        <ele>1551.1</ele>
      </trkpt>
      <trkpt lat="37.161192" lon="128.917537">
        <ele>1551.4</ele>
      </trkpt>
      <trkpt lat="37.161153" lon="128.917566">
        <ele>1551.6</ele>
      </trkpt>
      <trkpt lat="37.161114" lon="128.917594">
        <ele>1551.9</ele>
      </trkpt>
      <trkpt lat="37.161076" lon="128.917623">
        <ele>1552.1</ele>
      </trkpt>
      <trkpt lat="37.161039" lon="128.917635">
        <ele>1552.0</ele>
      </trkpt>
      <trkpt lat="37.161008" lon="128.917594">
        <ele>1550.9</ele>
      </trkpt>
      <trkpt lat="37.160977" lon="128.917553">
        <ele>1549.8</ele>
      </trkpt>
      <trkpt lat="37.160947" lon="128.917512">
        <ele>1548.7</ele>
      </trkpt>
      <trkpt lat="37.160916" lon="128.917471">
        <ele>1547.6</ele>
      </trkpt>
      <trkpt lat="37.160885" lon="128.917429">
        <ele>1546.5</ele>
      </trkpt>
      <trkpt lat="37.160854" lon="128.917388">
        <ele>1545.4</ele>
      </trkpt>
      <trkpt lat="37.160824" lon="128.917347">
        <ele>1544.3</ele>
      </trkpt>
      <trkpt lat="37.160793" lon="128.917306">
        <ele>1543.2</ele>
      </trkpt>
      <trkpt lat="37.160762" lon="128.917265">
        <ele>1542.1</ele>
      </trkpt>
      <trkpt lat="37.160731" lon="128.917223">
        <ele>1541.0</ele>
      </trkpt>
      <trkpt lat="37.160701" lon="128.917182">
        <ele>1539.9</ele>
      </trkpt>
      <trkpt lat="37.160670" lon="128.917141">
        <ele>1538.8</ele>
      </trkpt>
      <trkpt lat="37.160639" lon="128.917100">
        <ele>1537.7</ele>
      </trkpt>
      <trkpt lat="37.160611" lon="128.917056">
        <ele>1532.3</ele>
      </trkpt>
      <trkpt lat="37.160584" lon="128.917011">
        <ele>1526.1</ele>
      </trkpt>
      <trkpt lat="37.160556" lon="128.916973">
        <ele>1520.5</ele>
      </trkpt>
      <trkpt lat="37.160523" lon="128.917007">
        <ele>1520.8</ele>
      </trkpt>
      <trkpt lat="37.160558" lon="128.916971">
        <ele>1533.6</ele>
      </trkpt>
      <trkpt lat="37.160533" lon="128.916927">
        <ele>1532.8</ele>
      </trkpt>
      <trkpt lat="37.160505" lon="128.916882">
        <ele>1531.6</ele>
      </trkpt>
      <trkpt lat="37.160478" lon="128.916837">
        <ele>1530.3</ele>
      </trkpt>
      <trkpt lat="37.160450" lon="128.916793">
        <ele>1529.1</ele>
      </trkpt>
      <trkpt lat="37.160423" lon="128.916748">
        <ele>1527.8</ele>
      </trkpt>
      <trkpt lat="37.160395" lon="128.916703">
        <ele>1526.6</ele>
      </trkpt>
      <trkpt lat="37.160368" lon="128.916659">
        <ele>1525.4</ele>
      </trkpt>
      <trkpt lat="37.160340" lon="128.916614">
        <ele>1524.1</ele>
      </trkpt>
      <trkpt lat="37.160313" lon="128.916569">
        <ele>1522.9</ele>
      </trkpt>
      <trkpt lat="37.160286" lon="128.916525">
        <ele>1521.7</ele>
      </trkpt>
      <trkpt lat="37.160257" lon="128.916483">
        <ele>1520.4</ele>
      </trkpt>
      <trkpt lat="37.160212" lon="128.916486">
        <ele>1519.4</ele>
      </trkpt>
      <trkpt lat="37.160167" lon="128.916489">
        <ele>1518.3</ele>
      </trkpt>
      <trkpt lat="37.160122" lon="128.916493">
        <ele>1517.2</ele>
      </trkpt>
      <trkpt lat="37.160077" lon="128.916496">
        <ele>1516.2</ele>
      </trkpt>
      <trkpt lat="37.160032" lon="128.916499">
        <ele>1515.1</ele>
      </trkpt>
      <trkpt lat="37.159987" lon="128.916502">
        <ele>1514.0</ele>
      </trkpt>
      <trkpt lat="37.159944" lon="128.916495">
        <ele>1512.6</ele>
      </trkpt>
      <trkpt lat="37.159905" lon="128.916467">
        <ele>1510.2</ele>
      </trkpt>
      <trkpt lat="37.159866" lon="128.916439">
        <ele>1507.9</ele>
      </trkpt>
      <trkpt lat="37.159827" lon="128.916411">
        <ele>1505.6</ele>
      </trkpt>
      <trkpt lat="37.159788" lon="128.916384">
        <ele>1503.2</ele>
      </trkpt>
      <trkpt lat="37.159749" lon="128.916356">
        <ele>1500.9</ele>
      </trkpt>
      <trkpt lat="37.159710" lon="128.916328">
        <ele>1498.6</ele>
      </trkpt>
      <trkpt lat="37.159671" lon="128.916301">
        <ele>1496.2</ele>
      </trkpt>
      <trkpt lat="37.159627" lon="128.916316">
        <ele>1494.0</ele>
      </trkpt>
      <trkpt lat="37.159584" lon="128.916330">
        <ele>1491.7</ele>
      </trkpt>
      <trkpt lat="37.159540" lon="128.916344">
        <ele>1489.5</ele>
      </trkpt>
      <trkpt lat="37.159496" lon="128.916358">
        <ele>1487.3</ele>
      </trkpt>
      <trkpt lat="37.159453" lon="128.916372">
        <ele>1485.0</ele>
      </trkpt>
      <trkpt lat="37.159415" lon="128.916400">
        <ele>1482.8</ele>
      </trkpt>
      <trkpt lat="37.159379" lon="128.916434">
        <ele>1480.5</ele>
      </trkpt>
      <trkpt lat="37.159343" lon="128.916468">
        <ele>1478.2</ele>
      </trkpt>
      <trkpt lat="37.159307" lon="128.916502">
        <ele>1475.9</ele>
      </trkpt>
      <trkpt lat="37.159271" lon="128.916536">
        <ele>1473.7</ele>
      </trkpt>
      <trkpt lat="37.159235" lon="128.916570">
        <ele>1471.4</ele>
      </trkpt>
      <trkpt lat="37.159199" lon="128.916604">
        <ele>1469.1</ele>
      </trkpt>
      <trkpt lat="37.159163" lon="128.916638">
        <ele>1466.8</ele>
      </trkpt>
      <trkpt lat="37.159127" lon="128.916672">
        <ele>1464.6</ele>
      </trkpt>
      <trkpt lat="37.159091" lon="128.916706">
        <ele>1462.3</ele>
      </trkpt>
      <trkpt lat="37.159056" lon="128.916740">
        <ele>1460.0</ele>
      </trkpt>
      <trkpt lat="37.159020" lon="128.916774">
        <ele>1457.8</ele>
      </trkpt>
      <trkpt lat="37.158984" lon="128.916808">
        <ele>1455.5</ele>
      </trkpt>
      <trkpt lat="37.158948" lon="128.916842">
        <ele>1453.2</ele>
      </trkpt>
      <trkpt lat="37.158912" lon="128.916876">
        <ele>1450.9</ele>
      </trkpt>
      <trkpt lat="37.158874" lon="128.916898">
        <ele>1448.8</ele>
      </trkpt>
      <trkpt lat="37.158829" lon="128.916891">
        <ele>1447.1</ele>
      </trkpt>
      <trkpt lat="37.158784" lon="128.916885">
        <ele>1445.4</ele>
      </trkpt>
      <trkpt lat="37.158740" lon="128.916878">
        <ele>1443.7</ele>
      </trkpt>
      <trkpt lat="37.158695" lon="128.916871">
        <ele>1442.0</ele>
      </trkpt>
      <trkpt lat="37.158650" lon="128.916864">
        <ele>1440.3</ele>
      </trkpt>
      <trkpt lat="37.158606" lon="128.916858">
        <ele>1438.6</ele>
      </trkpt>
      <trkpt lat="37.158561" lon="128.916851">
        <ele>1436.9</ele>
      </trkpt>
      <trkpt lat="37.158516" lon="128.916844">
        <ele>1435.2</ele>
      </trkpt>
      <trkpt lat="37.158472" lon="128.916837">
        <ele>1433.5</ele>
      </trkpt>
      <trkpt lat="37.158427" lon="128.916831">
        <ele>1431.8</ele>
      </trkpt>
      <trkpt lat="37.158382" lon="128.916824">
        <ele>1430.1</ele>
      </trkpt>
      <trkpt lat="37.158338" lon="128.916817">
        <ele>1428.4</ele>
      </trkpt>
      <trkpt lat="37.158293" lon="128.916810">
        <ele>1426.7</ele>
      </trkpt>
      <trkpt lat="37.158249" lon="128.916804">
        <ele>1425.0</ele>
      </trkpt>
      <trkpt lat="37.158204" lon="128.916797">
        <ele>1423.4</ele>
      </trkpt>
      <trkpt lat="37.158159" lon="128.916790">
        <ele>1421.7</ele>
      </trkpt>
      <trkpt lat="37.158115" lon="128.916783">
        <ele>1420.0</ele>
      </trkpt>
      <trkpt lat="37.158070" lon="128.916777">
        <ele>1418.3</ele>
      </trkpt>
      <trkpt lat="37.158025" lon="128.916770">
        <ele>1416.6</ele>
      </trkpt>
      <trkpt lat="37.157981" lon="128.916763">
        <ele>1414.9</ele>
      </trkpt>
      <trkpt lat="37.157936" lon="128.916756">
        <ele>1413.2</ele>
      </trkpt>
      <trkpt lat="37.157891" lon="128.916750">
        <ele>1411.5</ele>
      </trkpt>
      <trkpt lat="37.157847" lon="128.916744">
        <ele>1410.0</ele>
      </trkpt>
      <trkpt lat="37.157802" lon="128.916740">
        <ele>1408.8</ele>
      </trkpt>
      <trkpt lat="37.157757" lon="128.916736">
        <ele>1407.5</ele>
      </trkpt>
      <trkpt lat="37.157712" lon="128.916731">
        <ele>1406.2</ele>
      </trkpt>
      <trkpt lat="37.157667" lon="128.916727">
        <ele>1405.0</ele>
      </trkpt>
      <trkpt lat="37.157622" lon="128.916722">
        <ele>1403.7</ele>
      </trkpt>
      <trkpt lat="37.157579" lon="128.916734">
        <ele>1402.1</ele>
      </trkpt>
      <trkpt lat="37.157537" lon="128.916754">
        <ele>1400.2</ele>
      </trkpt>
      <trkpt lat="37.157495" lon="128.916774">
        <ele>1398.4</ele>
      </trkpt>
      <trkpt lat="37.157453" lon="128.916793">
        <ele>1396.5</ele>
      </trkpt>
      <trkpt lat="37.157411" lon="128.916813">
        <ele>1394.7</ele>
      </trkpt>
      <trkpt lat="37.157369" lon="128.916832">
        <ele>1392.8</ele>
      </trkpt>
      <trkpt lat="37.157324" lon="128.916839">
        <ele>1390.9</ele>
      </trkpt>
      <trkpt lat="37.157279" lon="128.916847">
        <ele>1389.0</ele>
      </trkpt>
      <trkpt lat="37.157235" lon="128.916855">
        <ele>1387.0</ele>
      </trkpt>
      <trkpt lat="37.157190" lon="128.916863">
        <ele>1385.1</ele>
      </trkpt>
      <trkpt lat="37.157146" lon="128.916871">
        <ele>1383.2</ele>
      </trkpt>
      <trkpt lat="37.157101" lon="128.916879">
        <ele>1381.2</ele>
      </trkpt>
      <trkpt lat="37.157057" lon="128.916887">
        <ele>1379.3</ele>
      </trkpt>
      <trkpt lat="37.157019" lon="128.916860">
        <ele>1374.6</ele>
      </trkpt>
      <trkpt lat="37.156983" lon="128.916827">
        <ele>1369.5</ele>
      </trkpt>
      <trkpt lat="37.156947" lon="128.916793">
        <ele>1364.3</ele>
      </trkpt>
      <trkpt lat="37.156940" lon="128.916796">
        <ele>1372.5</ele>
      </trkpt>
      <trkpt lat="37.156911" lon="128.916761">
        <ele>1374.2</ele>
      </trkpt>
      <trkpt lat="37.156875" lon="128.916728">
        <ele>1373.0</ele>
      </trkpt>
      <trkpt lat="37.156838" lon="128.916695">
        <ele>1371.7</ele>
      </trkpt>
      <trkpt lat="37.156802" lon="128.916662">
        <ele>1370.4</ele>
      </trkpt>
      <trkpt lat="37.156765" lon="128.916629">
        <ele>1369.2</ele>
      </trkpt>
      <trkpt lat="37.156729" lon="128.916596">
        <ele>1367.9</ele>
      </trkpt>
      <trkpt lat="37.156692" lon="128.916563">
        <ele>1366.7</ele>
      </trkpt>
      <trkpt lat="37.156656" lon="128.916530">
        <ele>1365.4</ele>
      </trkpt>
      <trkpt lat="37.156619" lon="128.916497">
        <ele>1364.2</ele>
      </trkpt>
      <trkpt lat="37.156601" lon="128.916449">
        <ele>1363.5</ele>
      </trkpt>
      <trkpt lat="37.156591" lon="128.916394">
        <ele>1363.0</ele>
      </trkpt>
      <trkpt lat="37.156581" lon="128.916339">
        <ele>1362.5</ele>
      </trkpt>
      <trkpt lat="37.156571" lon="128.916284">
        <ele>1362.1</ele>
      </trkpt>
      <trkpt lat="37.156561" lon="128.916229">
        <ele>1361.6</ele>
      </trkpt>
      <trkpt lat="37.156551" lon="128.916174">
        <ele>1361.1</ele>
      </trkpt>
      <trkpt lat="37.156541" lon="128.916119">
        <ele>1360.6</ele>
      </trkpt>
      <trkpt lat="37.156531" lon="128.916064">
        <ele>1360.2</ele>
      </trkpt>
      <trkpt lat="37.156521" lon="128.916009">
        <ele>1359.7</ele>
      </trkpt>
      <trkpt lat="37.156506" lon="128.915960">
        <ele>1359.1</ele>
      </trkpt>
      <trkpt lat="37.156462" lon="128.915946">
        <ele>1358.1</ele>
      </trkpt>
      <trkpt lat="37.156418" lon="128.915933">
        <ele>1357.0</ele>
      </trkpt>
      <trkpt lat="37.156375" lon="128.915919">
        <ele>1355.9</ele>
      </trkpt>
      <trkpt lat="37.156331" lon="128.915905">
        <ele>1354.8</ele>
      </trkpt>
      <trkpt lat="37.156288" lon="128.915892">
        <ele>1353.7</ele>
      </trkpt>
      <trkpt lat="37.156244" lon="128.915878">
        <ele>1352.6</ele>
      </trkpt>
      <trkpt lat="37.156200" lon="128.915864">
        <ele>1351.6</ele>
      </trkpt>
      <trkpt lat="37.156159" lon="128.915845">
        <ele>1350.5</ele>
      </trkpt>
      <trkpt lat="37.156121" lon="128.915814">
        <ele>1349.6</ele>
      </trkpt>
      <trkpt lat="37.156084" lon="128.915783">
        <ele>1348.6</ele>
      </trkpt>
      <trkpt lat="37.156046" lon="128.915752">
        <ele>1347.7</ele>
      </trkpt>
      <trkpt lat="37.156009" lon="128.915720">
        <ele>1346.8</ele>
      </trkpt>
      <trkpt lat="37.155971" lon="128.915689">
        <ele>1345.8</ele>
      </trkpt>
      <trkpt lat="37.155934" lon="128.915658">
        <ele>1344.9</ele>
      </trkpt>
      <trkpt lat="37.155897" lon="128.915627">
        <ele>1344.0</ele>
      </trkpt>
      <trkpt lat="37.155859" lon="128.915595">
        <ele>1343.0</ele>
      </trkpt>
      <trkpt lat="37.155822" lon="128.915564">
        <ele>1342.1</ele>
      </trkpt>
      <trkpt lat="37.155784" lon="128.915533">
        <ele>1341.2</ele>
      </trkpt>
      <trkpt lat="37.155747" lon="128.915502">
        <ele>1340.2</ele>
      </trkpt>
      <trkpt lat="37.155709" lon="128.915470">
        <ele>1339.3</ele>
      </trkpt>
      <trkpt lat="37.155668" lon="128.915447">
        <ele>1338.9</ele>
      </trkpt>
      <trkpt lat="37.155627" lon="128.915424">
        <ele>1338.4</ele>
      </trkpt>
      <trkpt lat="37.155586" lon="128.915402">
        <ele>1338.0</ele>
      </trkpt>
      <trkpt lat="37.155545" lon="128.915379">
        <ele>1337.5</ele>
      </trkpt>
      <trkpt lat="37.155504" lon="128.915356">
        <ele>1337.1</ele>
      </trkpt>
      <trkpt lat="37.155463" lon="128.915333">
        <ele>1336.7</ele>
      </trkpt>
      <trkpt lat="37.155422" lon="128.915310">
        <ele>1336.2</ele>
      </trkpt>
      <trkpt lat="37.155381" lon="128.915287">
        <ele>1335.8</ele>
      </trkpt>
      <trkpt lat="37.155340" lon="128.915264">
        <ele>1335.3</ele>
      </trkpt>
      <trkpt lat="37.155298" lon="128.915241">
        <ele>1334.9</ele>
      </trkpt>
      <trkpt lat="37.155257" lon="128.915218">
        <ele>1334.5</ele>
      </trkpt>
      <trkpt lat="37.155216" lon="128.915195">
        <ele>1334.0</ele>
      </trkpt>
      <trkpt lat="37.155175" lon="128.915172">
        <ele>1333.6</ele>
      </trkpt>
      <trkpt lat="37.155134" lon="128.915150">
        <ele>1333.1</ele>
      </trkpt>
      <trkpt lat="37.155093" lon="128.915127">
        <ele>1332.7</ele>
      </trkpt>
      <trkpt lat="37.155052" lon="128.915104">
        <ele>1332.2</ele>
      </trkpt>
      <trkpt lat="37.155048" lon="128.915097">
        <ele>1332.4</ele>
      </trkpt>
      <trkpt lat="37.155092" lon="128.915109">
        <ele>1333.3</ele>
      </trkpt>
      <trkpt lat="37.155136" lon="128.915122">
        <ele>1334.2</ele>
      </trkpt>
      <trkpt lat="37.155180" lon="128.915134">
        <ele>1335.2</ele>
      </trkpt>
      <trkpt lat="37.155224" lon="128.915147">
        <ele>1336.1</ele>
      </trkpt>
      <trkpt lat="37.155256" lon="128.915169">
        <ele>1336.8</ele>
      </trkpt>
      <trkpt lat="37.155246" lon="128.915154">
        <ele>1333.9</ele>
      </trkpt>
      <trkpt lat="37.155203" lon="128.915141">
        <ele>1333.5</ele>
      </trkpt>
      <trkpt lat="37.155159" lon="128.915128">
        <ele>1333.1</ele>
      </trkpt>
      <trkpt lat="37.155115" lon="128.915116">
        <ele>1332.8</ele>
      </trkpt>
      <trkpt lat="37.155071" lon="128.915103">
        <ele>1332.4</ele>
      </trkpt>
      <trkpt lat="37.155027" lon="128.915091">
        <ele>1332.0</ele>
      </trkpt>
      <trkpt lat="37.154983" lon="128.915078">
        <ele>1332.1</ele>
      </trkpt>
      <trkpt lat="37.154939" lon="128.915066">
        <ele>1332.1</ele>
      </trkpt>
      <trkpt lat="37.154896" lon="128.915054">
        <ele>1332.2</ele>
      </trkpt>
      <trkpt lat="37.154852" lon="128.915042">
        <ele>1332.3</ele>
      </trkpt>
      <trkpt lat="37.154808" lon="128.915030">
        <ele>1332.4</ele>
      </trkpt>
      <trkpt lat="37.154764" lon="128.915018">
        <ele>1332.4</ele>
      </trkpt>
      <trkpt lat="37.154720" lon="128.915005">
        <ele>1332.5</ele>
      </trkpt>
      <trkpt lat="37.154676" lon="128.914993">
        <ele>1332.6</ele>
      </trkpt>
      <trkpt lat="37.154632" lon="128.914981">
        <ele>1332.7</ele>
      </trkpt>
      <trkpt lat="37.154588" lon="128.914969">
        <ele>1332.7</ele>
      </trkpt>
      <trkpt lat="37.154545" lon="128.914958">
        <ele>1332.8</ele>
      </trkpt>
      <trkpt lat="37.154544" lon="128.915014">
        <ele>1332.5</ele>
      </trkpt>
      <trkpt lat="37.154543" lon="128.915071">
        <ele>1332.3</ele>
      </trkpt>
      <trkpt lat="37.154542" lon="128.915127">
        <ele>1332.0</ele>
      </trkpt>
      <trkpt lat="37.154551" lon="128.915182">
        <ele>1331.6</ele>
      </trkpt>
      <trkpt lat="37.154562" lon="128.915237">
        <ele>1331.2</ele>
      </trkpt>
      <trkpt lat="37.154572" lon="128.915292">
        <ele>1330.7</ele>
      </trkpt>
      <trkpt lat="37.154585" lon="128.915346">
        <ele>1330.3</ele>
      </trkpt>
      <trkpt lat="37.154598" lon="128.915400">
        <ele>1330.0</ele>
      </trkpt>
      <trkpt lat="37.154612" lon="128.915454">
        <ele>1329.7</ele>
      </trkpt>
      <trkpt lat="37.154625" lon="128.915507">
        <ele>1329.4</ele>
      </trkpt>
      <trkpt lat="37.154639" lon="128.915561">
        <ele>1329.1</ele>
      </trkpt>
      <trkpt lat="37.154657" lon="128.915613">
        <ele>1328.9</ele>
      </trkpt>
      <trkpt lat="37.154677" lon="128.915663">
        <ele>1328.7</ele>
      </trkpt>
      <trkpt lat="37.154697" lon="128.915714">
        <ele>1328.5</ele>
      </trkpt>
      <trkpt lat="37.154725" lon="128.915758">
        <ele>1328.4</ele>
      </trkpt>
      <trkpt lat="37.154753" lon="128.915802">
        <ele>1328.3</ele>
      </trkpt>
      <trkpt lat="37.154785" lon="128.915841">
        <ele>1328.0</ele>
      </trkpt>
      <trkpt lat="37.154821" lon="128.915875">
        <ele>1327.5</ele>
      </trkpt>
      <trkpt lat="37.154857" lon="128.915909">
        <ele>1326.9</ele>
      </trkpt>
      <trkpt lat="37.154896" lon="128.915936">
        <ele>1326.9</ele>
      </trkpt>
      <trkpt lat="37.154937" lon="128.915961">
        <ele>1327.0</ele>
      </trkpt>
      <trkpt lat="37.154977" lon="128.915986">
        <ele>1327.1</ele>
      </trkpt>
      <trkpt lat="37.155017" lon="128.916011">
        <ele>1327.2</ele>
      </trkpt>
      <trkpt lat="37.155057" lon="128.916036">
        <ele>1327.3</ele>
      </trkpt>
      <trkpt lat="37.155098" lon="128.916061">
        <ele>1327.4</ele>
      </trkpt>
      <trkpt lat="37.155138" lon="128.916087">
        <ele>1327.5</ele>
      </trkpt>
      <trkpt lat="37.155178" lon="128.916112">
        <ele>1327.6</ele>
      </trkpt>
      <trkpt lat="37.155218" lon="128.916137">
        <ele>1327.7</ele>
      </trkpt>
      <trkpt lat="37.155259" lon="128.916162">
        <ele>1327.8</ele>
      </trkpt>
      <trkpt lat="37.155299" lon="128.916187">
        <ele>1327.9</ele>
      </trkpt>
      <trkpt lat="37.155339" lon="128.916212">
        <ele>1328.0</ele>
      </trkpt>
      <trkpt lat="37.155379" lon="128.916237">
        <ele>1328.0</ele>
      </trkpt>
      <trkpt lat="37.155420" lon="128.916263">
        <ele>1328.1</ele>
      </trkpt>
      <trkpt lat="37.155460" lon="128.916288">
        <ele>1328.2</ele>
      </trkpt>
      <trkpt lat="37.155500" lon="128.916314">
        <ele>1328.4</ele>
      </trkpt>
      <trkpt lat="37.155538" lon="128.916343">
        <ele>1328.7</ele>
      </trkpt>
      <trkpt lat="37.155577" lon="128.916371">
        <ele>1329.0</ele>
      </trkpt>
      <trkpt lat="37.155616" lon="128.916400">
        <ele>1329.3</ele>
      </trkpt>
      <trkpt lat="37.155652" lon="128.916434">
        <ele>1329.6</ele>
      </trkpt>
      <trkpt lat="37.155688" lon="128.916467">
        <ele>1329.8</ele>
      </trkpt>
      <trkpt lat="37.155724" lon="128.916501">
        <ele>1330.0</ele>
      </trkpt>
      <trkpt lat="37.155757" lon="128.916540">
        <ele>1330.1</ele>
      </trkpt>
      <trkpt lat="37.155789" lon="128.916579">
        <ele>1330.2</ele>
      </trkpt>
      <trkpt lat="37.155821" lon="128.916619">
        <ele>1330.3</ele>
      </trkpt>
      <trkpt lat="37.155849" lon="128.916662">
        <ele>1330.6</ele>
      </trkpt>
      <trkpt lat="37.155878" lon="128.916706">
        <ele>1330.9</ele>
      </trkpt>
      <trkpt lat="37.155906" lon="128.916750">
        <ele>1331.2</ele>
      </trkpt>
      <trkpt lat="37.155932" lon="128.916796">
        <ele>1331.3</ele>
      </trkpt>
      <trkpt lat="37.155956" lon="128.916844">
        <ele>1331.4</ele>
      </trkpt>
      <trkpt lat="37.155980" lon="128.916891">
        <ele>1331.5</ele>
      </trkpt>
      <trkpt lat="37.156004" lon="128.916939">
        <ele>1331.5</ele>
      </trkpt>
      <trkpt lat="37.156025" lon="128.916989">
        <ele>1331.4</ele>
      </trkpt>
      <trkpt lat="37.156042" lon="128.917037">
        <ele>1331.3</ele>
      </trkpt>
      <trkpt lat="37.156045" lon="128.917034">
        <ele>1331.3</ele>
      </trkpt>
      <trkpt lat="37.156066" lon="128.917083">
        <ele>1331.3</ele>
      </trkpt>
      <trkpt lat="37.156088" lon="128.917133">
        <ele>1331.3</ele>
      </trkpt>
      <trkpt lat="37.156106" lon="128.917185">
        <ele>1331.1</ele>
      </trkpt>
      <trkpt lat="37.156124" lon="128.917236">
        <ele>1330.9</ele>
      </trkpt>
      <trkpt lat="37.156142" lon="128.917288">
        <ele>1330.7</ele>
      </trkpt>
      <trkpt lat="37.156160" lon="128.917340">
        <ele>1330.5</ele>
      </trkpt>
      <trkpt lat="37.156178" lon="128.917391">
        <ele>1330.3</ele>
      </trkpt>
      <trkpt lat="37.156196" lon="128.917443">
        <ele>1330.1</ele>
      </trkpt>
      <trkpt lat="37.156214" lon="128.917495">
        <ele>1329.9</ele>
      </trkpt>
      <trkpt lat="37.156233" lon="128.917546">
        <ele>1329.3</ele>
      </trkpt>
      <trkpt lat="37.156252" lon="128.917597">
        <ele>1328.6</ele>
      </trkpt>
      <trkpt lat="37.156270" lon="128.917648">
        <ele>1327.8</ele>
      </trkpt>
      <trkpt lat="37.156289" lon="128.917700">
        <ele>1327.1</ele>
      </trkpt>
      <trkpt lat="37.156311" lon="128.917749">
        <ele>1326.5</ele>
      </trkpt>
      <trkpt lat="37.156335" lon="128.917797">
        <ele>1326.0</ele>
      </trkpt>
      <trkpt lat="37.156359" lon="128.917844">
        <ele>1325.4</ele>
      </trkpt>
      <trkpt lat="37.156383" lon="128.917892">
        <ele>1324.9</ele>
      </trkpt>
      <trkpt lat="37.156410" lon="128.917937">
        <ele>1324.5</ele>
      </trkpt>
      <trkpt lat="37.156438" lon="128.917981">
        <ele>1324.1</ele>
      </trkpt>
      <trkpt lat="37.156466" lon="128.918025">
        <ele>1323.7</ele>
      </trkpt>
      <trkpt lat="37.156494" lon="128.918069">
        <ele>1323.3</ele>
      </trkpt>
      <trkpt lat="37.156526" lon="128.918110">
        <ele>1323.0</ele>
      </trkpt>
      <trkpt lat="37.156557" lon="128.918150">
        <ele>1322.7</ele>
      </trkpt>
      <trkpt lat="37.156589" lon="128.918190">
        <ele>1322.6</ele>
      </trkpt>
      <trkpt lat="37.156623" lon="128.918226">
        <ele>1322.8</ele>
      </trkpt>
      <trkpt lat="37.156658" lon="128.918262">
        <ele>1323.0</ele>
      </trkpt>
      <trkpt lat="37.156692" lon="128.918299">
        <ele>1323.2</ele>
      </trkpt>
      <trkpt lat="37.156726" lon="128.918335">
        <ele>1323.4</ele>
      </trkpt>
      <trkpt lat="37.156761" lon="128.918372">
        <ele>1323.6</ele>
      </trkpt>
      <trkpt lat="37.156795" lon="128.918408">
        <ele>1323.8</ele>
      </trkpt>
      <trkpt lat="37.156829" lon="128.918445">
        <ele>1324.1</ele>
      </trkpt>
      <trkpt lat="37.156864" lon="128.918481">
        <ele>1324.3</ele>
      </trkpt>
      <trkpt lat="37.156898" lon="128.918517">
        <ele>1324.5</ele>
      </trkpt>
      <trkpt lat="37.156932" lon="128.918554">
        <ele>1324.7</ele>
      </trkpt>
      <trkpt lat="37.156967" lon="128.918590">
        <ele>1324.9</ele>
      </trkpt>
      <trkpt lat="37.157001" lon="128.918627">
        <ele>1325.1</ele>
      </trkpt>
      <trkpt lat="37.157035" lon="128.918663">
        <ele>1325.4</ele>
      </trkpt>
      <trkpt lat="37.157070" lon="128.918700">
        <ele>1325.6</ele>
      </trkpt>
      <trkpt lat="37.157104" lon="128.918736">
        <ele>1325.8</ele>
      </trkpt>
      <trkpt lat="37.157135" lon="128.918777">
        <ele>1325.9</ele>
      </trkpt>
      <trkpt lat="37.157167" lon="128.918817">
        <ele>1326.0</ele>
      </trkpt>
      <trkpt lat="37.157194" lon="128.918862">
        <ele>1325.8</ele>
      </trkpt>
      <trkpt lat="37.157216" lon="128.918911">
        <ele>1325.2</ele>
      </trkpt>
      <trkpt lat="37.157238" lon="128.918960">
        <ele>1324.7</ele>
      </trkpt>
      <trkpt lat="37.157257" lon="128.919011">
        <ele>1324.0</ele>
      </trkpt>
      <trkpt lat="37.157275" lon="128.919063">
        <ele>1323.2</ele>
      </trkpt>
      <trkpt lat="37.157289" lon="128.919116">
        <ele>1322.6</ele>
      </trkpt>
      <trkpt lat="37.157302" lon="128.919170">
        <ele>1322.1</ele>
      </trkpt>
      <trkpt lat="37.157311" lon="128.919225">
        <ele>1322.0</ele>
      </trkpt>
      <trkpt lat="37.157316" lon="128.919281">
        <ele>1322.4</ele>
      </trkpt>
      <trkpt lat="37.157321" lon="128.919338">
        <ele>1322.8</ele>
      </trkpt>
      <trkpt lat="37.157321" lon="128.919394">
        <ele>1323.1</ele>
      </trkpt>
      <trkpt lat="37.157318" lon="128.919450">
        <ele>1323.3</ele>
      </trkpt>
      <trkpt lat="37.157315" lon="128.919506">
        <ele>1323.5</ele>
      </trkpt>
      <trkpt lat="37.157307" lon="128.919562">
        <ele>1323.4</ele>
      </trkpt>
      <trkpt lat="37.157297" lon="128.919617">
        <ele>1323.2</ele>
      </trkpt>
      <trkpt lat="37.157286" lon="128.919672">
        <ele>1323.0</ele>
      </trkpt>
      <trkpt lat="37.157268" lon="128.919723">
        <ele>1322.5</ele>
      </trkpt>
      <trkpt lat="37.157249" lon="128.919774">
        <ele>1322.0</ele>
      </trkpt>
      <trkpt lat="37.157229" lon="128.919825">
        <ele>1321.4</ele>
      </trkpt>
      <trkpt lat="37.157208" lon="128.919875">
        <ele>1321.1</ele>
      </trkpt>
      <trkpt lat="37.157183" lon="128.919921">
        <ele>1321.3</ele>
      </trkpt>
      <trkpt lat="37.157158" lon="128.919968">
        <ele>1321.6</ele>
      </trkpt>
      <trkpt lat="37.157133" lon="128.920015">
        <ele>1321.8</ele>
      </trkpt>
      <trkpt lat="37.157108" lon="128.920062">
        <ele>1322.1</ele>
      </trkpt>
      <trkpt lat="37.157083" lon="128.920108">
        <ele>1322.3</ele>
      </trkpt>
      <trkpt lat="37.157057" lon="128.920155">
        <ele>1322.6</ele>
      </trkpt>
      <trkpt lat="37.157032" lon="128.920202">
        <ele>1322.8</ele>
      </trkpt>
      <trkpt lat="37.157007" lon="128.920249">
        <ele>1323.1</ele>
      </trkpt>
      <trkpt lat="37.156982" lon="128.920295">
        <ele>1323.3</ele>
      </trkpt>
      <trkpt lat="37.156957" lon="128.920342">
        <ele>1323.6</ele>
      </trkpt>
      <trkpt lat="37.156932" lon="128.920389">
        <ele>1323.8</ele>
      </trkpt>
      <trkpt lat="37.156907" lon="128.920436">
        <ele>1324.1</ele>
      </trkpt>
      <trkpt lat="37.156881" lon="128.920483">
        <ele>1324.3</ele>
      </trkpt>
      <trkpt lat="37.156856" lon="128.920529">
        <ele>1324.6</ele>
      </trkpt>
      <trkpt lat="37.156831" lon="128.920576">
        <ele>1324.8</ele>
      </trkpt>
      <trkpt lat="37.156806" lon="128.920623">
        <ele>1325.1</ele>
      </trkpt>
      <trkpt lat="37.156781" lon="128.920670">
        <ele>1325.3</ele>
      </trkpt>
      <trkpt lat="37.156756" lon="128.920716">
        <ele>1325.6</ele>
      </trkpt>
      <trkpt lat="37.156731" lon="128.920763">
        <ele>1325.8</ele>
      </trkpt>
      <trkpt lat="37.156705" lon="128.920810">
        <ele>1326.1</ele>
      </trkpt>
      <trkpt lat="37.156680" lon="128.920857">
        <ele>1326.3</ele>
      </trkpt>
      <trkpt lat="37.156655" lon="128.920904">
        <ele>1326.6</ele>
      </trkpt>
      <trkpt lat="37.156630" lon="128.920950">
        <ele>1326.8</ele>
      </trkpt>
      <trkpt lat="37.156603" lon="128.920995">
        <ele>1327.2</ele>
      </trkpt>
      <trkpt lat="37.156572" lon="128.921037">
        <ele>1327.8</ele>
      </trkpt>
      <trkpt lat="37.156542" lon="128.921078">
        <ele>1328.4</ele>
      </trkpt>
      <trkpt lat="37.156511" lon="128.921119">
        <ele>1329.1</ele>
      </trkpt>
      <trkpt lat="37.156479" lon="128.921159">
        <ele>1329.6</ele>
      </trkpt>
      <trkpt lat="37.156445" lon="128.921195">
        <ele>1329.8</ele>
      </trkpt>
      <trkpt lat="37.156410" lon="128.921231">
        <ele>1330.1</ele>
      </trkpt>
      <trkpt lat="37.156375" lon="128.921267">
        <ele>1330.3</ele>
      </trkpt>
      <trkpt lat="37.156340" lon="128.921301">
        <ele>1330.5</ele>
      </trkpt>
      <trkpt lat="37.156303" lon="128.921333">
        <ele>1330.5</ele>
      </trkpt>
      <trkpt lat="37.156265" lon="128.921365">
        <ele>1330.5</ele>
      </trkpt>
      <trkpt lat="37.156228" lon="128.921396">
        <ele>1330.4</ele>
      </trkpt>
      <trkpt lat="37.156191" lon="128.921428">
        <ele>1330.4</ele>
      </trkpt>
      <trkpt lat="37.156154" lon="128.921460">
        <ele>1330.4</ele>
      </trkpt>
      <trkpt lat="37.156116" lon="128.921491">
        <ele>1330.4</ele>
      </trkpt>
      <trkpt lat="37.156079" lon="128.921523">
        <ele>1330.4</ele>
      </trkpt>
      <trkpt lat="37.156042" lon="128.921554">
        <ele>1330.4</ele>
      </trkpt>
      <trkpt lat="37.156005" lon="128.921586">
        <ele>1330.4</ele>
      </trkpt>
      <trkpt lat="37.155968" lon="128.921618">
        <ele>1330.3</ele>
      </trkpt>
      <trkpt lat="37.155930" lon="128.921649">
        <ele>1330.3</ele>
      </trkpt>
      <trkpt lat="37.155893" lon="128.921681">
        <ele>1330.3</ele>
      </trkpt>
      <trkpt lat="37.155858" lon="128.921716">
        <ele>1330.5</ele>
      </trkpt>
      <trkpt lat="37.155823" lon="128.921752">
        <ele>1330.8</ele>
      </trkpt>
      <trkpt lat="37.155789" lon="128.921788">
        <ele>1331.0</ele>
      </trkpt>
      <trkpt lat="37.155754" lon="128.921824">
        <ele>1331.3</ele>
      </trkpt>
      <trkpt lat="37.155720" lon="128.921861">
        <ele>1331.5</ele>
      </trkpt>
      <trkpt lat="37.155689" lon="128.921901">
        <ele>1331.8</ele>
      </trkpt>
      <trkpt lat="37.155658" lon="128.921942">
        <ele>1332.0</ele>
      </trkpt>
      <trkpt lat="37.155627" lon="128.921983">
        <ele>1332.2</ele>
      </trkpt>
      <trkpt lat="37.155596" lon="128.922024">
        <ele>1332.5</ele>
      </trkpt>
      <trkpt lat="37.155565" lon="128.922065">
        <ele>1332.7</ele>
      </trkpt>
      <trkpt lat="37.155534" lon="128.922106">
        <ele>1333.0</ele>
      </trkpt>
      <trkpt lat="37.155503" lon="128.922146">
        <ele>1333.2</ele>
      </trkpt>
      <trkpt lat="37.155472" lon="128.922187">
        <ele>1333.4</ele>
      </trkpt>
      <trkpt lat="37.155441" lon="128.922228">
        <ele>1333.7</ele>
      </trkpt>
      <trkpt lat="37.155410" lon="128.922269">
        <ele>1333.9</ele>
      </trkpt>
      <trkpt lat="37.155379" lon="128.922310">
        <ele>1334.1</ele>
      </trkpt>
      <trkpt lat="37.155348" lon="128.922351">
        <ele>1334.4</ele>
      </trkpt>
      <trkpt lat="37.155317" lon="128.922391">
        <ele>1334.6</ele>
      </trkpt>
      <trkpt lat="37.155285" lon="128.922432">
        <ele>1334.8</ele>
      </trkpt>
      <trkpt lat="37.155254" lon="128.922473">
        <ele>1335.1</ele>
      </trkpt>
      <trkpt lat="37.155223" lon="128.922514">
        <ele>1335.3</ele>
      </trkpt>
      <trkpt lat="37.155192" lon="128.922555">
        <ele>1335.5</ele>
      </trkpt>
      <trkpt lat="37.155161" lon="128.922596">
        <ele>1335.8</ele>
      </trkpt>
      <trkpt lat="37.155131" lon="128.922637">
        <ele>1335.9</ele>
      </trkpt>
      <trkpt lat="37.155101" lon="128.922679">
        <ele>1336.0</ele>
      </trkpt>
      <trkpt lat="37.155071" lon="128.922721">
        <ele>1336.1</ele>
      </trkpt>
      <trkpt lat="37.155041" lon="128.922763">
        <ele>1336.3</ele>
      </trkpt>
      <trkpt lat="37.155014" lon="128.922808">
        <ele>1336.7</ele>
      </trkpt>
      <trkpt lat="37.154989" lon="128.922855">
        <ele>1337.4</ele>
      </trkpt>
      <trkpt lat="37.154964" lon="128.922902">
        <ele>1338.0</ele>
      </trkpt>
      <trkpt lat="37.154940" lon="128.922949">
        <ele>1338.7</ele>
      </trkpt>
      <trkpt lat="37.154915" lon="128.922997">
        <ele>1339.4</ele>
      </trkpt>
      <trkpt lat="37.154894" lon="128.923047">
        <ele>1340.3</ele>
      </trkpt>
      <trkpt lat="37.154874" lon="128.923097">
        <ele>1341.2</ele>
      </trkpt>
      <trkpt lat="37.154854" lon="128.923148">
        <ele>1342.1</ele>
      </trkpt>
      <trkpt lat="37.154834" lon="128.923198">
        <ele>1343.1</ele>
      </trkpt>
      <trkpt lat="37.154814" lon="128.923249">
        <ele>1344.0</ele>
      </trkpt>
      <trkpt lat="37.154794" lon="128.923299">
        <ele>1344.9</ele>
      </trkpt>
      <trkpt lat="37.154776" lon="128.923351">
        <ele>1345.2</ele>
      </trkpt>
      <trkpt lat="37.154757" lon="128.923402">
        <ele>1345.4</ele>
      </trkpt>
      <trkpt lat="37.154739" lon="128.923454">
        <ele>1345.6</ele>
      </trkpt>
      <trkpt lat="37.154720" lon="128.923505">
        <ele>1345.7</ele>
      </trkpt>
      <trkpt lat="37.154702" lon="128.923556">
        <ele>1345.9</ele>
      </trkpt>
      <trkpt lat="37.154685" lon="128.923609">
        <ele>1346.0</ele>
      </trkpt>
      <trkpt lat="37.154669" lon="128.923661">
        <ele>1346.0</ele>
      </trkpt>
      <trkpt lat="37.154653" lon="128.923714">
        <ele>1345.9</ele>
      </trkpt>
      <trkpt lat="37.154637" lon="128.923767">
        <ele>1345.9</ele>
      </trkpt>
      <trkpt lat="37.154621" lon="128.923820">
        <ele>1345.9</ele>
      </trkpt>
      <trkpt lat="37.154605" lon="128.923872">
        <ele>1345.9</ele>
      </trkpt>
      <trkpt lat="37.154589" lon="128.923925">
        <ele>1345.8</ele>
      </trkpt>
      <trkpt lat="37.154573" lon="128.923978">
        <ele>1345.8</ele>
      </trkpt>
      <trkpt lat="37.154561" lon="128.924032">
        <ele>1345.8</ele>
      </trkpt>
      <trkpt lat="37.154553" lon="128.924087">
        <ele>1345.9</ele>
      </trkpt>
      <trkpt lat="37.154544" lon="128.924143">
        <ele>1346.0</ele>
      </trkpt>
      <trkpt lat="37.154539" lon="128.924199">
        <ele>1345.7</ele>
      </trkpt>
      <trkpt lat="37.154534" lon="128.924255">
        <ele>1345.2</ele>
      </trkpt>
      <trkpt lat="37.154530" lon="128.924311">
        <ele>1344.7</ele>
      </trkpt>
      <trkpt lat="37.154525" lon="128.924367">
        <ele>1344.2</ele>
      </trkpt>
      <trkpt lat="37.154522" lon="128.924423">
        <ele>1343.7</ele>
      </trkpt>
      <trkpt lat="37.154524" lon="128.924480">
        <ele>1343.3</ele>
      </trkpt>
      <trkpt lat="37.154525" lon="128.924536">
        <ele>1343.0</ele>
      </trkpt>
      <trkpt lat="37.154527" lon="128.924592">
        <ele>1342.6</ele>
      </trkpt>
      <trkpt lat="37.154529" lon="128.924649">
        <ele>1342.3</ele>
      </trkpt>
      <trkpt lat="37.154536" lon="128.924705">
        <ele>1342.1</ele>
      </trkpt>
      <trkpt lat="37.154543" lon="128.924760">
        <ele>1341.9</ele>
      </trkpt>
      <trkpt lat="37.154550" lon="128.924816">
        <ele>1341.7</ele>
      </trkpt>
      <trkpt lat="37.154558" lon="128.924872">
        <ele>1341.4</ele>
      </trkpt>
      <trkpt lat="37.154569" lon="128.924926">
        <ele>1341.1</ele>
      </trkpt>
      <trkpt lat="37.154579" lon="128.924981">
        <ele>1340.8</ele>
      </trkpt>
      <trkpt lat="37.154590" lon="128.925036">
        <ele>1340.5</ele>
      </trkpt>
      <trkpt lat="37.154602" lon="128.925090">
        <ele>1340.1</ele>
      </trkpt>
      <trkpt lat="37.154616" lon="128.925144">
        <ele>1339.5</ele>
      </trkpt>
      <trkpt lat="37.154630" lon="128.925198">
        <ele>1338.8</ele>
      </trkpt>
      <trkpt lat="37.154644" lon="128.925251">
        <ele>1338.1</ele>
      </trkpt>
      <trkpt lat="37.154657" lon="128.925305">
        <ele>1337.5</ele>
      </trkpt>
      <trkpt lat="37.154671" lon="128.925359">
        <ele>1336.8</ele>
      </trkpt>
      <trkpt lat="37.154689" lon="128.925410">
        <ele>1336.3</ele>
      </trkpt>
      <trkpt lat="37.154707" lon="128.925462">
        <ele>1335.8</ele>
      </trkpt>
      <trkpt lat="37.154725" lon="128.925514">
        <ele>1335.2</ele>
      </trkpt>
      <trkpt lat="37.154746" lon="128.925564">
        <ele>1334.8</ele>
      </trkpt>
      <trkpt lat="37.154768" lon="128.925613">
        <ele>1334.5</ele>
      </trkpt>
      <trkpt lat="37.154790" lon="128.925662">
        <ele>1334.2</ele>
      </trkpt>
      <trkpt lat="37.154814" lon="128.925710">
        <ele>1333.9</ele>
      </trkpt>
      <trkpt lat="37.154839" lon="128.925756">
        <ele>1333.7</ele>
      </trkpt>
      <trkpt lat="37.154865" lon="128.925803">
        <ele>1333.6</ele>
      </trkpt>
      <trkpt lat="37.154890" lon="128.925849">
        <ele>1333.4</ele>
      </trkpt>
      <trkpt lat="37.154917" lon="128.925894">
        <ele>1333.3</ele>
      </trkpt>
      <trkpt lat="37.154946" lon="128.925938">
        <ele>1333.4</ele>
      </trkpt>
      <trkpt lat="37.154974" lon="128.925982">
        <ele>1333.4</ele>
      </trkpt>
      <trkpt lat="37.155002" lon="128.926026">
        <ele>1333.5</ele>
      </trkpt>
      <trkpt lat="37.155032" lon="128.926068">
        <ele>1333.9</ele>
      </trkpt>
      <trkpt lat="37.155062" lon="128.926110">
        <ele>1334.4</ele>
      </trkpt>
      <trkpt lat="37.155092" lon="128.926152">
        <ele>1335.0</ele>
      </trkpt>
      <trkpt lat="37.155123" lon="128.926194">
        <ele>1335.5</ele>
      </trkpt>
      <trkpt lat="37.155153" lon="128.926235">
        <ele>1336.1</ele>
      </trkpt>
      <trkpt lat="37.155183" lon="128.926277">
        <ele>1336.6</ele>
      </trkpt>
      <trkpt lat="37.155213" lon="128.926319">
        <ele>1337.2</ele>
      </trkpt>
      <trkpt lat="37.155244" lon="128.926361">
        <ele>1337.7</ele>
      </trkpt>
      <trkpt lat="37.155274" lon="128.926402">
        <ele>1338.3</ele>
      </trkpt>
      <trkpt lat="37.155304" lon="128.926444">
        <ele>1338.8</ele>
      </trkpt>
      <trkpt lat="37.155334" lon="128.926486">
        <ele>1339.4</ele>
      </trkpt>
      <trkpt lat="37.155364" lon="128.926528">
        <ele>1339.9</ele>
      </trkpt>
      <trkpt lat="37.155395" lon="128.926569">
        <ele>1340.5</ele>
      </trkpt>
      <trkpt lat="37.155425" lon="128.926611">
        <ele>1341.0</ele>
      </trkpt>
      <trkpt lat="37.155453" lon="128.926655">
        <ele>1341.4</ele>
      </trkpt>
      <trkpt lat="37.155479" lon="128.926701">
        <ele>1341.7</ele>
      </trkpt>
      <trkpt lat="37.155505" lon="128.926747">
        <ele>1342.0</ele>
      </trkpt>
      <trkpt lat="37.155526" lon="128.926797">
        <ele>1342.3</ele>
      </trkpt>
      <trkpt lat="37.155546" lon="128.926848">
        <ele>1342.6</ele>
      </trkpt>
      <trkpt lat="37.155566" lon="128.926898">
        <ele>1342.8</ele>
      </trkpt>
      <trkpt lat="37.155583" lon="128.926950">
        <ele>1342.9</ele>
      </trkpt>
      <trkpt lat="37.155601" lon="128.927002">
        <ele>1343.0</ele>
      </trkpt>
      <trkpt lat="37.155616" lon="128.927055">
        <ele>1342.9</ele>
      </trkpt>
      <trkpt lat="37.155629" lon="128.927109">
        <ele>1342.8</ele>
      </trkpt>
      <trkpt lat="37.155642" lon="128.927163">
        <ele>1342.6</ele>
      </trkpt>
      <trkpt lat="37.155654" lon="128.927218">
        <ele>1342.5</ele>
      </trkpt>
      <trkpt lat="37.155660" lon="128.927273">
        <ele>1341.6</ele>
      </trkpt>
      <trkpt lat="37.155634" lon="128.927300">
        <ele>1341.3</ele>
      </trkpt>
      <trkpt lat="37.155604" lon="128.927306">
        <ele>1341.4</ele>
      </trkpt>
      <trkpt lat="37.155648" lon="128.927297">
        <ele>1341.7</ele>
      </trkpt>
      <trkpt lat="37.155667" lon="128.927332">
        <ele>1341.6</ele>
      </trkpt>
      <trkpt lat="37.155673" lon="128.927388">
        <ele>1341.2</ele>
      </trkpt>
      <trkpt lat="37.155675" lon="128.927445">
        <ele>1340.7</ele>
      </trkpt>
      <trkpt lat="37.155677" lon="128.927501">
        <ele>1340.2</ele>
      </trkpt>
      <trkpt lat="37.155676" lon="128.927557">
        <ele>1339.7</ele>
      </trkpt>
      <trkpt lat="37.155669" lon="128.927613">
        <ele>1339.4</ele>
      </trkpt>
      <trkpt lat="37.155662" lon="128.927669">
        <ele>1339.0</ele>
      </trkpt>
      <trkpt lat="37.155654" lon="128.927724">
        <ele>1338.6</ele>
      </trkpt>
      <trkpt lat="37.155642" lon="128.927779">
        <ele>1338.0</ele>
      </trkpt>
      <trkpt lat="37.155631" lon="128.927833">
        <ele>1337.3</ele>
      </trkpt>
      <trkpt lat="37.155620" lon="128.927888">
        <ele>1336.7</ele>
      </trkpt>
      <trkpt lat="37.155606" lon="128.927941">
        <ele>1336.1</ele>
      </trkpt>
      <trkpt lat="37.155591" lon="128.927995">
        <ele>1335.6</ele>
      </trkpt>
      <trkpt lat="37.155576" lon="128.928048">
        <ele>1335.0</ele>
      </trkpt>
      <trkpt lat="37.155561" lon="128.928101">
        <ele>1334.4</ele>
      </trkpt>
      <trkpt lat="37.155547" lon="128.928154">
        <ele>1333.9</ele>
      </trkpt>
      <trkpt lat="37.155532" lon="128.928208">
        <ele>1333.3</ele>
      </trkpt>
      <trkpt lat="37.155517" lon="128.928261">
        <ele>1332.8</ele>
      </trkpt>
      <trkpt lat="37.155502" lon="128.928314">
        <ele>1332.2</ele>
      </trkpt>
      <trkpt lat="37.155487" lon="128.928367">
        <ele>1331.6</ele>
      </trkpt>
      <trkpt lat="37.155472" lon="128.928421">
        <ele>1331.1</ele>
      </trkpt>
      <trkpt lat="37.155458" lon="128.928474">
        <ele>1330.5</ele>
      </trkpt>
      <trkpt lat="37.155443" lon="128.928527">
        <ele>1329.9</ele>
      </trkpt>
      <trkpt lat="37.155428" lon="128.928581">
        <ele>1329.4</ele>
      </trkpt>
      <trkpt lat="37.155413" lon="128.928634">
        <ele>1328.8</ele>
      </trkpt>
      <trkpt lat="37.155398" lon="128.928687">
        <ele>1328.3</ele>
      </trkpt>
      <trkpt lat="37.155383" lon="128.928740">
        <ele>1327.7</ele>
      </trkpt>
      <trkpt lat="37.155369" lon="128.928794">
        <ele>1327.1</ele>
      </trkpt>
      <trkpt lat="37.155354" lon="128.928847">
        <ele>1326.6</ele>
      </trkpt>
      <trkpt lat="37.155339" lon="128.928900">
        <ele>1326.0</ele>
      </trkpt>
      <trkpt lat="37.155324" lon="128.928953">
        <ele>1325.5</ele>
      </trkpt>
      <trkpt lat="37.155309" lon="128.929007">
        <ele>1324.9</ele>
      </trkpt>
      <trkpt lat="37.155294" lon="128.929060">
        <ele>1324.3</ele>
      </trkpt>
      <trkpt lat="37.155280" lon="128.929113">
        <ele>1323.8</ele>
      </trkpt>
      <trkpt lat="37.155265" lon="128.929166">
        <ele>1323.2</ele>
      </trkpt>
      <trkpt lat="37.155248" lon="128.929219">
        <ele>1322.7</ele>
      </trkpt>
      <trkpt lat="37.155231" lon="128.929271">
        <ele>1322.2</ele>
      </trkpt>
      <trkpt lat="37.155214" lon="128.929323">
        <ele>1321.7</ele>
      </trkpt>
      <trkpt lat="37.155197" lon="128.929375">
        <ele>1321.2</ele>
      </trkpt>
      <trkpt lat="37.155180" lon="128.929427">
        <ele>1320.7</ele>
      </trkpt>
      <trkpt lat="37.155162" lon="128.929480">
        <ele>1320.2</ele>
      </trkpt>
      <trkpt lat="37.155144" lon="128.929531">
        <ele>1319.6</ele>
      </trkpt>
      <trkpt lat="37.155125" lon="128.929582">
        <ele>1318.9</ele>
      </trkpt>
      <trkpt lat="37.155105" lon="128.929632">
        <ele>1318.3</ele>
      </trkpt>
      <trkpt lat="37.155085" lon="128.929683">
        <ele>1317.6</ele>
      </trkpt>
      <trkpt lat="37.155064" lon="128.929733">
        <ele>1316.9</ele>
      </trkpt>
      <trkpt lat="37.155044" lon="128.929784">
        <ele>1316.3</ele>
      </trkpt>
      <trkpt lat="37.155023" lon="128.929834">
        <ele>1315.6</ele>
      </trkpt>
      <trkpt lat="37.155003" lon="128.929884">
        <ele>1314.9</ele>
      </trkpt>
      <trkpt lat="37.154983" lon="128.929934">
        <ele>1314.3</ele>
      </trkpt>
      <trkpt lat="37.154962" lon="128.929985">
        <ele>1313.6</ele>
      </trkpt>
      <trkpt lat="37.154942" lon="128.930035">
        <ele>1312.9</ele>
      </trkpt>
      <trkpt lat="37.154921" lon="128.930085">
        <ele>1312.3</ele>
      </trkpt>
      <trkpt lat="37.154900" lon="128.930135">
        <ele>1311.4</ele>
      </trkpt>
      <trkpt lat="37.154879" lon="128.930184">
        <ele>1310.6</ele>
      </trkpt>
      <trkpt lat="37.154857" lon="128.930234">
        <ele>1309.7</ele>
      </trkpt>
      <trkpt lat="37.154836" lon="128.930284">
        <ele>1308.9</ele>
      </trkpt>
      <trkpt lat="37.154815" lon="128.930334">
        <ele>1308.0</ele>
      </trkpt>
      <trkpt lat="37.154793" lon="128.930383">
        <ele>1307.2</ele>
      </trkpt>
      <trkpt lat="37.154772" lon="128.930433">
        <ele>1306.3</ele>
      </trkpt>
      <trkpt lat="37.154751" lon="128.930483">
        <ele>1305.5</ele>
      </trkpt>
      <trkpt lat="37.154730" lon="128.930532">
        <ele>1304.6</ele>
      </trkpt>
      <trkpt lat="37.154708" lon="128.930582">
        <ele>1303.8</ele>
      </trkpt>
      <trkpt lat="37.154687" lon="128.930632">
        <ele>1302.9</ele>
      </trkpt>
      <trkpt lat="37.154673" lon="128.930685">
        <ele>1302.5</ele>
      </trkpt>
      <trkpt lat="37.154659" lon="128.930739">
        <ele>1302.1</ele>
      </trkpt>
      <trkpt lat="37.154650" lon="128.930794">
        <ele>1301.7</ele>
      </trkpt>
      <trkpt lat="37.154642" lon="128.930850">
        <ele>1301.2</ele>
      </trkpt>
      <trkpt lat="37.154637" lon="128.930906">
        <ele>1300.7</ele>
      </trkpt>
      <trkpt lat="37.154634" lon="128.930962">
        <ele>1299.9</ele>
      </trkpt>
      <trkpt lat="37.154631" lon="128.931018">
        <ele>1299.2</ele>
      </trkpt>
      <trkpt lat="37.154634" lon="128.931074">
        <ele>1298.8</ele>
      </trkpt>
      <trkpt lat="37.154640" lon="128.931130">
        <ele>1298.6</ele>
      </trkpt>
      <trkpt lat="37.154645" lon="128.931186">
        <ele>1298.3</ele>
      </trkpt>
      <trkpt lat="37.154656" lon="128.931241">
        <ele>1298.3</ele>
      </trkpt>
      <trkpt lat="37.154667" lon="128.931296">
        <ele>1298.3</ele>
      </trkpt>
      <trkpt lat="37.154678" lon="128.931350">
        <ele>1298.3</ele>
      </trkpt>
      <trkpt lat="37.154692" lon="128.931404">
        <ele>1298.4</ele>
      </trkpt>
      <trkpt lat="37.154706" lon="128.931458">
        <ele>1298.4</ele>
      </trkpt>
      <trkpt lat="37.154720" lon="128.931511">
        <ele>1298.5</ele>
      </trkpt>
      <trkpt lat="37.154737" lon="128.931563">
        <ele>1298.5</ele>
      </trkpt>
      <trkpt lat="37.154754" lon="128.931616">
        <ele>1298.4</ele>
      </trkpt>
      <trkpt lat="37.154771" lon="128.931668">
        <ele>1298.4</ele>
      </trkpt>
      <trkpt lat="37.154788" lon="128.931720">
        <ele>1298.3</ele>
      </trkpt>
      <trkpt lat="37.154805" lon="128.931772">
        <ele>1298.3</ele>
      </trkpt>
      <trkpt lat="37.154822" lon="128.931825">
        <ele>1298.2</ele>
      </trkpt>
      <trkpt lat="37.154839" lon="128.931877">
        <ele>1298.2</ele>
      </trkpt>
      <trkpt lat="37.154856" lon="128.931929">
        <ele>1298.2</ele>
      </trkpt>
      <trkpt lat="37.154873" lon="128.931981">
        <ele>1298.1</ele>
      </trkpt>
      <trkpt lat="37.154890" lon="128.932034">
        <ele>1298.1</ele>
      </trkpt>
      <trkpt lat="37.154907" lon="128.932086">
        <ele>1298.0</ele>
      </trkpt>
      <trkpt lat="37.154923" lon="128.932138">
        <ele>1297.9</ele>
      </trkpt>
      <trkpt lat="37.154937" lon="128.932192">
        <ele>1297.7</ele>
      </trkpt>
      <trkpt lat="37.154952" lon="128.932245">
        <ele>1297.4</ele>
      </trkpt>
      <trkpt lat="37.154966" lon="128.932299">
        <ele>1297.1</ele>
      </trkpt>
      <trkpt lat="37.154977" lon="128.932353">
        <ele>1296.7</ele>
      </trkpt>
      <trkpt lat="37.154989" lon="128.932408">
        <ele>1296.2</ele>
      </trkpt>
      <trkpt lat="37.155001" lon="128.932462">
        <ele>1295.8</ele>
      </trkpt>
      <trkpt lat="37.155009" lon="128.932518">
        <ele>1295.8</ele>
      </trkpt>
      <trkpt lat="37.155017" lon="128.932573">
        <ele>1295.8</ele>
      </trkpt>
      <trkpt lat="37.155025" lon="128.932629">
        <ele>1295.8</ele>
      </trkpt>
      <trkpt lat="37.155028" lon="128.932685">
        <ele>1295.7</ele>
      </trkpt>
      <trkpt lat="37.155031" lon="128.932741">
        <ele>1295.6</ele>
      </trkpt>
      <trkpt lat="37.155034" lon="128.932798">
        <ele>1295.5</ele>
      </trkpt>
      <trkpt lat="37.155035" lon="128.932854">
        <ele>1295.4</ele>
      </trkpt>
      <trkpt lat="37.155036" lon="128.932911">
        <ele>1295.1</ele>
      </trkpt>
      <trkpt lat="37.155036" lon="128.932967">
        <ele>1294.9</ele>
      </trkpt>
      <trkpt lat="37.155034" lon="128.933023">
        <ele>1294.6</ele>
      </trkpt>
      <trkpt lat="37.155030" lon="128.933079">
        <ele>1294.2</ele>
      </trkpt>
      <trkpt lat="37.155025" lon="128.933136">
        <ele>1293.8</ele>
      </trkpt>
      <trkpt lat="37.155020" lon="128.933192">
        <ele>1293.4</ele>
      </trkpt>
      <trkpt lat="37.155011" lon="128.933247">
        <ele>1292.9</ele>
      </trkpt>
      <trkpt lat="37.155003" lon="128.933302">
        <ele>1292.5</ele>
      </trkpt>
      <trkpt lat="37.154995" lon="128.933358">
        <ele>1292.1</ele>
      </trkpt>
      <trkpt lat="37.154987" lon="128.933413">
        <ele>1291.6</ele>
      </trkpt>
      <trkpt lat="37.154978" lon="128.933469">
        <ele>1291.2</ele>
      </trkpt>
      <trkpt lat="37.154970" lon="128.933524">
        <ele>1290.8</ele>
      </trkpt>
      <trkpt lat="37.154962" lon="128.933580">
        <ele>1290.3</ele>
      </trkpt>
      <trkpt lat="37.154954" lon="128.933635">
        <ele>1289.9</ele>
      </trkpt>
      <trkpt lat="37.154945" lon="128.933691">
        <ele>1289.5</ele>
      </trkpt>
      <trkpt lat="37.154937" lon="128.933746">
        <ele>1289.0</ele>
      </trkpt>
      <trkpt lat="37.154929" lon="128.933802">
        <ele>1288.6</ele>
      </trkpt>
      <trkpt lat="37.154921" lon="128.933857">
        <ele>1288.2</ele>
      </trkpt>
      <trkpt lat="37.154912" lon="128.933912">
        <ele>1287.7</ele>
      </trkpt>
      <trkpt lat="37.154904" lon="128.933968">
        <ele>1287.3</ele>
      </trkpt>
      <trkpt lat="37.154896" lon="128.934023">
        <ele>1286.9</ele>
      </trkpt>
      <trkpt lat="37.154888" lon="128.934079">
        <ele>1286.4</ele>
      </trkpt>
      <trkpt lat="37.154879" lon="128.934134">
        <ele>1286.0</ele>
      </trkpt>
      <trkpt lat="37.154871" lon="128.934190">
        <ele>1285.6</ele>
      </trkpt>
      <trkpt lat="37.154863" lon="128.934245">
        <ele>1285.1</ele>
      </trkpt>
      <trkpt lat="37.154854" lon="128.934301">
        <ele>1284.7</ele>
      </trkpt>
      <trkpt lat="37.154848" lon="128.934356">
        <ele>1284.1</ele>
      </trkpt>
      <trkpt lat="37.154842" lon="128.934412">
        <ele>1283.4</ele>
      </trkpt>
      <trkpt lat="37.154836" lon="128.934468">
        <ele>1282.6</ele>
      </trkpt>
      <trkpt lat="37.154833" lon="128.934525">
        <ele>1282.0</ele>
      </trkpt>
      <trkpt lat="37.154831" lon="128.934581">
        <ele>1281.4</ele>
      </trkpt>
      <trkpt lat="37.154830" lon="128.934637">
        <ele>1281.0</ele>
      </trkpt>
      <trkpt lat="37.154834" lon="128.934693">
        <ele>1280.8</ele>
      </trkpt>
      <trkpt lat="37.154838" lon="128.934750">
        <ele>1280.6</ele>
      </trkpt>
      <trkpt lat="37.154844" lon="128.934805">
        <ele>1280.6</ele>
      </trkpt>
      <trkpt lat="37.154853" lon="128.934861">
        <ele>1280.7</ele>
      </trkpt>
      <trkpt lat="37.154861" lon="128.934916">
        <ele>1280.8</ele>
      </trkpt>
      <trkpt lat="37.154873" lon="128.934970">
        <ele>1280.6</ele>
      </trkpt>
      <trkpt lat="37.154889" lon="128.935023">
        <ele>1280.3</ele>
      </trkpt>
      <trkpt lat="37.154904" lon="128.935076">
        <ele>1280.0</ele>
      </trkpt>
      <trkpt lat="37.154919" lon="128.935129">
        <ele>1279.6</ele>
      </trkpt>
      <trkpt lat="37.154935" lon="128.935182">
        <ele>1279.3</ele>
      </trkpt>
      <trkpt lat="37.154950" lon="128.935235">
        <ele>1279.0</ele>
      </trkpt>
      <trkpt lat="37.154966" lon="128.935288">
        <ele>1278.7</ele>
      </trkpt>
      <trkpt lat="37.154981" lon="128.935342">
        <ele>1278.4</ele>
      </trkpt>
      <trkpt lat="37.154996" lon="128.935395">
        <ele>1278.0</ele>
      </trkpt>
      <trkpt lat="37.155012" lon="128.935448">
        <ele>1277.7</ele>
      </trkpt>
      <trkpt lat="37.155027" lon="128.935501">
        <ele>1277.4</ele>
      </trkpt>
      <trkpt lat="37.155042" lon="128.935554">
        <ele>1277.1</ele>
      </trkpt>
      <trkpt lat="37.155057" lon="128.935607">
        <ele>1276.7</ele>
      </trkpt>
      <trkpt lat="37.155069" lon="128.935661">
        <ele>1275.9</ele>
      </trkpt>
      <trkpt lat="37.155081" lon="128.935716">
        <ele>1275.1</ele>
      </trkpt>
      <trkpt lat="37.155093" lon="128.935770">
        <ele>1274.3</ele>
      </trkpt>
      <trkpt lat="37.155105" lon="128.935824">
        <ele>1273.5</ele>
      </trkpt>
      <trkpt lat="37.155117" lon="128.935879">
        <ele>1272.7</ele>
      </trkpt>
      <trkpt lat="37.155130" lon="128.935933">
        <ele>1272.0</ele>
      </trkpt>
      <trkpt lat="37.155139" lon="128.935988">
        <ele>1271.2</ele>
      </trkpt>
      <trkpt lat="37.155148" lon="128.936043">
        <ele>1270.5</ele>
      </trkpt>
      <trkpt lat="37.155157" lon="128.936099">
        <ele>1269.7</ele>
      </trkpt>
      <trkpt lat="37.155165" lon="128.936154">
        <ele>1269.0</ele>
      </trkpt>
      <trkpt lat="37.155174" lon="128.936209">
        <ele>1268.2</ele>
      </trkpt>
      <trkpt lat="37.155183" lon="128.936265">
        <ele>1267.5</ele>
      </trkpt>
      <trkpt lat="37.155192" lon="128.936320">
        <ele>1266.8</ele>
      </trkpt>
      <trkpt lat="37.155201" lon="128.936375">
        <ele>1266.0</ele>
      </trkpt>
      <trkpt lat="37.155211" lon="128.936430">
        <ele>1265.3</ele>
      </trkpt>
      <trkpt lat="37.155223" lon="128.936484">
        <ele>1264.7</ele>
      </trkpt>
      <trkpt lat="37.155236" lon="128.936539">
        <ele>1264.1</ele>
      </trkpt>
      <trkpt lat="37.155252" lon="128.936591">
        <ele>1263.4</ele>
      </trkpt>
      <trkpt lat="37.155269" lon="128.936643">
        <ele>1262.8</ele>
      </trkpt>
      <trkpt lat="37.155288" lon="128.936695">
        <ele>1262.2</ele>
      </trkpt>
      <trkpt lat="37.155314" lon="128.936740">
        <ele>1261.7</ele>
      </trkpt>
      <trkpt lat="37.155340" lon="128.936786">
        <ele>1261.2</ele>
      </trkpt>
      <trkpt lat="37.155370" lon="128.936828">
        <ele>1260.7</ele>
      </trkpt>
      <trkpt lat="37.155402" lon="128.936869">
        <ele>1260.2</ele>
      </trkpt>
      <trkpt lat="37.155437" lon="128.936904">
        <ele>1259.8</ele>
      </trkpt>
      <trkpt lat="37.155473" lon="128.936936">
        <ele>1259.6</ele>
      </trkpt>
      <trkpt lat="37.155512" lon="128.936965">
        <ele>1259.4</ele>
      </trkpt>
      <trkpt lat="37.155551" lon="128.936992">
        <ele>1259.3</ele>
      </trkpt>
      <trkpt lat="37.155592" lon="128.937015">
        <ele>1259.3</ele>
      </trkpt>
      <trkpt lat="37.155634" lon="128.937035">
        <ele>1259.3</ele>
      </trkpt>
      <trkpt lat="37.155677" lon="128.937053">
        <ele>1259.3</ele>
      </trkpt>
      <trkpt lat="37.155721" lon="128.937065">
        <ele>1259.5</ele>
      </trkpt>
      <trkpt lat="37.155765" lon="128.937076">
        <ele>1259.7</ele>
      </trkpt>
      <trkpt lat="37.155809" lon="128.937084">
        <ele>1259.5</ele>
      </trkpt>
      <trkpt lat="37.155854" lon="128.937090">
        <ele>1259.0</ele>
      </trkpt>
      <trkpt lat="37.155899" lon="128.937096">
        <ele>1258.4</ele>
      </trkpt>
      <trkpt lat="37.155944" lon="128.937101">
        <ele>1257.9</ele>
      </trkpt>
      <trkpt lat="37.155988" lon="128.937107">
        <ele>1257.4</ele>
      </trkpt>
      <trkpt lat="37.156033" lon="128.937108">
        <ele>1256.8</ele>
      </trkpt>
      <trkpt lat="37.156078" lon="128.937107">
        <ele>1256.2</ele>
      </trkpt>
      <trkpt lat="37.156123" lon="128.937104">
        <ele>1255.6</ele>
      </trkpt>
      <trkpt lat="37.156168" lon="128.937097">
        <ele>1255.1</ele>
      </trkpt>
      <trkpt lat="37.156212" lon="128.937089">
        <ele>1254.6</ele>
      </trkpt>
      <trkpt lat="37.156255" lon="128.937074">
        <ele>1254.3</ele>
      </trkpt>
      <trkpt lat="37.156298" lon="128.937058">
        <ele>1254.0</ele>
      </trkpt>
      <trkpt lat="37.156341" lon="128.937039">
        <ele>1253.8</ele>
      </trkpt>
      <trkpt lat="37.156381" lon="128.937013">
        <ele>1253.5</ele>
      </trkpt>
      <trkpt lat="37.156420" lon="128.936987">
        <ele>1253.3</ele>
      </trkpt>
      <trkpt lat="37.156456" lon="128.936952">
        <ele>1253.4</ele>
      </trkpt>
      <trkpt lat="37.156490" lon="128.936916">
        <ele>1253.5</ele>
      </trkpt>
      <trkpt lat="37.156521" lon="128.936875">
        <ele>1253.6</ele>
      </trkpt>
      <trkpt lat="37.156550" lon="128.936832">
        <ele>1253.7</ele>
      </trkpt>
      <trkpt lat="37.156574" lon="128.936784">
        <ele>1253.9</ele>
      </trkpt>
      <trkpt lat="37.156594" lon="128.936734">
        <ele>1254.2</ele>
      </trkpt>
      <trkpt lat="37.156615" lon="128.936684">
        <ele>1254.5</ele>
      </trkpt>
      <trkpt lat="37.156635" lon="128.936634">
        <ele>1254.7</ele>
      </trkpt>
      <trkpt lat="37.156656" lon="128.936584">
        <ele>1255.0</ele>
      </trkpt>
      <trkpt lat="37.156680" lon="128.936536">
        <ele>1255.1</ele>
      </trkpt>
      <trkpt lat="37.156704" lon="128.936488">
        <ele>1255.3</ele>
      </trkpt>
      <trkpt lat="37.156733" lon="128.936446">
        <ele>1255.4</ele>
      </trkpt>
      <trkpt lat="37.156764" lon="128.936404">
        <ele>1255.5</ele>
      </trkpt>
      <trkpt lat="37.156799" lon="128.936370">
        <ele>1255.4</ele>
      </trkpt>
      <trkpt lat="37.156837" lon="128.936339">
        <ele>1255.3</ele>
      </trkpt>
      <trkpt lat="37.156877" lon="128.936314">
        <ele>1255.2</ele>
      </trkpt>
      <trkpt lat="37.156918" lon="128.936292">
        <ele>1255.0</ele>
      </trkpt>
      <trkpt lat="37.156962" lon="128.936281">
        <ele>1254.6</ele>
      </trkpt>
      <trkpt lat="37.157007" lon="128.936275">
        <ele>1254.1</ele>
      </trkpt>
      <trkpt lat="37.157051" lon="128.936280">
        <ele>1253.5</ele>
      </trkpt>
      <trkpt lat="37.157096" lon="128.936286">
        <ele>1252.9</ele>
      </trkpt>
      <trkpt lat="37.157139" lon="128.936302">
        <ele>1252.2</ele>
      </trkpt>
      <trkpt lat="37.157182" lon="128.936318">
        <ele>1251.4</ele>
      </trkpt>
      <trkpt lat="37.157223" lon="128.936342">
        <ele>1250.5</ele>
      </trkpt>
      <trkpt lat="37.157263" lon="128.936367">
        <ele>1249.5</ele>
      </trkpt>
      <trkpt lat="37.157303" lon="128.936393">
        <ele>1248.6</ele>
      </trkpt>
      <trkpt lat="37.157341" lon="128.936422">
        <ele>1247.6</ele>
      </trkpt>
      <trkpt lat="37.157380" lon="128.936451">
        <ele>1246.6</ele>
      </trkpt>
      <trkpt lat="37.157418" lon="128.936481">
        <ele>1245.6</ele>
      </trkpt>
      <trkpt lat="37.157457" lon="128.936510">
        <ele>1244.6</ele>
      </trkpt>
      <trkpt lat="37.157494" lon="128.936541">
        <ele>1243.7</ele>
      </trkpt>
      <trkpt lat="37.157532" lon="128.936573">
        <ele>1242.8</ele>
      </trkpt>
      <trkpt lat="37.157569" lon="128.936604">
        <ele>1241.9</ele>
      </trkpt>
      <trkpt lat="37.157604" lon="128.936639">
        <ele>1241.0</ele>
      </trkpt>
      <trkpt lat="37.157639" lon="128.936674">
        <ele>1240.1</ele>
      </trkpt>
      <trkpt lat="37.157674" lon="128.936709">
        <ele>1239.1</ele>
      </trkpt>
      <trkpt lat="37.157706" lon="128.936750">
        <ele>1238.1</ele>
      </trkpt>
      <trkpt lat="37.157737" lon="128.936791">
        <ele>1236.9</ele>
      </trkpt>
      <trkpt lat="37.157766" lon="128.936833">
        <ele>1235.8</ele>
      </trkpt>
      <trkpt lat="37.157795" lon="128.936877">
        <ele>1234.7</ele>
      </trkpt>
      <trkpt lat="37.157819" lon="128.936924">
        <ele>1232.0</ele>
      </trkpt>
      <trkpt lat="37.157783" lon="128.936953">
        <ele>1231.8</ele>
      </trkpt>
      <trkpt lat="37.157793" lon="128.936945">
        <ele>1232.5</ele>
      </trkpt>
      <trkpt lat="37.157827" lon="128.936941">
        <ele>1232.9</ele>
      </trkpt>
      <trkpt lat="37.157850" lon="128.936990">
        <ele>1231.8</ele>
      </trkpt>
      <trkpt lat="37.157860" lon="128.937045">
        <ele>1230.4</ele>
      </trkpt>
      <trkpt lat="37.157871" lon="128.937100">
        <ele>1229.0</ele>
      </trkpt>
      <trkpt lat="37.157878" lon="128.937155">
        <ele>1227.7</ele>
      </trkpt>
      <trkpt lat="37.157882" lon="128.937212">
        <ele>1226.4</ele>
      </trkpt>
      <trkpt lat="37.157881" lon="128.937268">
        <ele>1225.1</ele>
      </trkpt>
      <trkpt lat="37.157873" lon="128.937323">
        <ele>1223.8</ele>
      </trkpt>
      <trkpt lat="37.157865" lon="128.937379">
        <ele>1222.5</ele>
      </trkpt>
      <trkpt lat="37.157848" lon="128.937431">
        <ele>1221.4</ele>
      </trkpt>
      <trkpt lat="37.157830" lon="128.937482">
        <ele>1220.3</ele>
      </trkpt>
      <trkpt lat="37.157811" lon="128.937533">
        <ele>1219.2</ele>
      </trkpt>
      <trkpt lat="37.157789" lon="128.937582">
        <ele>1218.3</ele>
      </trkpt>
      <trkpt lat="37.157767" lon="128.937631">
        <ele>1217.3</ele>
      </trkpt>
      <trkpt lat="37.157744" lon="128.937681">
        <ele>1216.4</ele>
      </trkpt>
      <trkpt lat="37.157722" lon="128.937730">
        <ele>1215.4</ele>
      </trkpt>
      <trkpt lat="37.157700" lon="128.937779">
        <ele>1214.5</ele>
      </trkpt>
      <trkpt lat="37.157678" lon="128.937828">
        <ele>1213.5</ele>
      </trkpt>
      <trkpt lat="37.157655" lon="128.937877">
        <ele>1212.6</ele>
      </trkpt>
      <trkpt lat="37.157633" lon="128.937926">
        <ele>1211.6</ele>
      </trkpt>
      <trkpt lat="37.157611" lon="128.937975">
        <ele>1210.7</ele>
      </trkpt>
      <trkpt lat="37.157589" lon="128.938024">
        <ele>1209.7</ele>
      </trkpt>
      <trkpt lat="37.157565" lon="128.938072">
        <ele>1208.9</ele>
      </trkpt>
      <trkpt lat="37.157542" lon="128.938120">
        <ele>1208.1</ele>
      </trkpt>
      <trkpt lat="37.157519" lon="128.938169">
        <ele>1207.4</ele>
      </trkpt>
      <trkpt lat="37.157495" lon="128.938217">
        <ele>1206.6</ele>
      </trkpt>
      <trkpt lat="37.157472" lon="128.938265">
        <ele>1205.8</ele>
      </trkpt>
      <trkpt lat="37.157444" lon="128.938309">
        <ele>1205.1</ele>
      </trkpt>
      <trkpt lat="37.157416" lon="128.938353">
        <ele>1204.4</ele>
      </trkpt>
      <trkpt lat="37.157387" lon="128.938397">
        <ele>1203.6</ele>
      </trkpt>
      <trkpt lat="37.157359" lon="128.938441">
        <ele>1202.9</ele>
      </trkpt>
      <trkpt lat="37.157329" lon="128.938483">
        <ele>1202.2</ele>
      </trkpt>
      <trkpt lat="37.157299" lon="128.938524">
        <ele>1201.5</ele>
      </trkpt>
      <trkpt lat="37.157269" lon="128.938566">
        <ele>1200.8</ele>
      </trkpt>
      <trkpt lat="37.157237" lon="128.938606">
        <ele>1200.1</ele>
      </trkpt>
      <trkpt lat="37.157202" lon="128.938641">
        <ele>1199.6</ele>
      </trkpt>
      <trkpt lat="37.157167" lon="128.938676">
        <ele>1199.0</ele>
      </trkpt>
      <trkpt lat="37.157131" lon="128.938711">
        <ele>1198.4</ele>
      </trkpt>
      <trkpt lat="37.157096" lon="128.938746">
        <ele>1197.8</ele>
      </trkpt>
      <trkpt lat="37.157060" lon="128.938780">
        <ele>1197.2</ele>
      </trkpt>
      <trkpt lat="37.157025" lon="128.938815">
        <ele>1196.7</ele>
      </trkpt>
      <trkpt lat="37.156989" lon="128.938850">
        <ele>1196.1</ele>
      </trkpt>
      <trkpt lat="37.156954" lon="128.938885">
        <ele>1195.5</ele>
      </trkpt>
      <trkpt lat="37.156918" lon="128.938919">
        <ele>1194.9</ele>
      </trkpt>
      <trkpt lat="37.156880" lon="128.938949">
        <ele>1194.4</ele>
      </trkpt>
      <trkpt lat="37.156842" lon="128.938979">
        <ele>1193.9</ele>
      </trkpt>
      <trkpt lat="37.156804" lon="128.939009">
        <ele>1193.4</ele>
      </trkpt>
      <trkpt lat="37.156766" lon="128.939039">
        <ele>1192.9</ele>
      </trkpt>
      <trkpt lat="37.156727" lon="128.939067">
        <ele>1192.5</ele>
      </trkpt>
      <trkpt lat="37.156688" lon="128.939094">
        <ele>1192.1</ele>
      </trkpt>
      <trkpt lat="37.156648" lon="128.939121">
        <ele>1191.7</ele>
      </trkpt>
      <trkpt lat="37.156609" lon="128.939148">
        <ele>1191.3</ele>
      </trkpt>
      <trkpt lat="37.156569" lon="128.939176">
        <ele>1190.9</ele>
      </trkpt>
      <trkpt lat="37.156530" lon="128.939202">
        <ele>1190.7</ele>
      </trkpt>
      <trkpt lat="37.156489" lon="128.939227">
        <ele>1190.6</ele>
      </trkpt>
      <trkpt lat="37.156449" lon="128.939253">
        <ele>1190.4</ele>
      </trkpt>
      <trkpt lat="37.156409" lon="128.939278">
        <ele>1190.3</ele>
      </trkpt>
      <trkpt lat="37.156369" lon="128.939304">
        <ele>1190.1</ele>
      </trkpt>
      <trkpt lat="37.156329" lon="128.939329">
        <ele>1190.0</ele>
      </trkpt>
      <trkpt lat="37.156289" lon="128.939355">
        <ele>1189.8</ele>
      </trkpt>
      <trkpt lat="37.156249" lon="128.939380">
        <ele>1189.7</ele>
      </trkpt>
      <trkpt lat="37.156209" lon="128.939406">
        <ele>1189.5</ele>
      </trkpt>
      <trkpt lat="37.156169" lon="128.939431">
        <ele>1189.4</ele>
      </trkpt>
      <trkpt lat="37.156128" lon="128.939457">
        <ele>1189.2</ele>
      </trkpt>
      <trkpt lat="37.156088" lon="128.939482">
        <ele>1189.1</ele>
      </trkpt>
      <trkpt lat="37.156048" lon="128.939508">
        <ele>1188.9</ele>
      </trkpt>
      <trkpt lat="37.156008" lon="128.939534">
        <ele>1188.7</ele>
      </trkpt>
      <trkpt lat="37.155972" lon="128.939567">
        <ele>1188.3</ele>
      </trkpt>
      <trkpt lat="37.155935" lon="128.939599">
        <ele>1187.8</ele>
      </trkpt>
      <trkpt lat="37.155898" lon="128.939632">
        <ele>1187.4</ele>
      </trkpt>
      <trkpt lat="37.155862" lon="128.939666">
        <ele>1186.9</ele>
      </trkpt>
      <trkpt lat="37.155829" lon="128.939704">
        <ele>1186.3</ele>
      </trkpt>
      <trkpt lat="37.155796" lon="128.939742">
        <ele>1185.7</ele>
      </trkpt>
      <trkpt lat="37.155763" lon="128.939780">
        <ele>1185.2</ele>
      </trkpt>
      <trkpt lat="37.155731" lon="128.939819">
        <ele>1184.5</ele>
      </trkpt>
      <trkpt lat="37.155701" lon="128.939862">
        <ele>1183.8</ele>
      </trkpt>
      <trkpt lat="37.155672" lon="128.939905">
        <ele>1183.0</ele>
      </trkpt>
      <trkpt lat="37.155642" lon="128.939947">
        <ele>1182.2</ele>
      </trkpt>
      <trkpt lat="37.155613" lon="128.939990">
        <ele>1181.4</ele>
      </trkpt>
      <trkpt lat="37.155585" lon="128.940034">
        <ele>1180.6</ele>
      </trkpt>
      <trkpt lat="37.155558" lon="128.940079">
        <ele>1179.8</ele>
      </trkpt>
      <trkpt lat="37.155530" lon="128.940124">
        <ele>1179.0</ele>
      </trkpt>
      <trkpt lat="37.155503" lon="128.940168">
        <ele>1178.2</ele>
      </trkpt>
      <trkpt lat="37.155475" lon="128.940213">
        <ele>1177.4</ele>
      </trkpt>
      <trkpt lat="37.155448" lon="128.940257">
        <ele>1176.6</ele>
      </trkpt>
      <trkpt lat="37.155420" lon="128.940302">
        <ele>1175.8</ele>
      </trkpt>
      <trkpt lat="37.155393" lon="128.940347">
        <ele>1175.0</ele>
      </trkpt>
      <trkpt lat="37.155365" lon="128.940391">
        <ele>1174.2</ele>
      </trkpt>
      <trkpt lat="37.155337" lon="128.940436">
        <ele>1173.4</ele>
      </trkpt>
      <trkpt lat="37.155307" lon="128.940477">
        <ele>1172.8</ele>
      </trkpt>
      <trkpt lat="37.155276" lon="128.940519">
        <ele>1172.1</ele>
      </trkpt>
      <trkpt lat="37.155246" lon="128.940560">
        <ele>1171.5</ele>
      </trkpt>
      <trkpt lat="37.155215" lon="128.940601">
        <ele>1170.8</ele>
      </trkpt>
      <trkpt lat="37.155184" lon="128.940642">
        <ele>1170.2</ele>
      </trkpt>
      <trkpt lat="37.155152" lon="128.940681">
        <ele>1169.7</ele>
      </trkpt>
      <trkpt lat="37.155119" lon="128.940720">
        <ele>1169.2</ele>
      </trkpt>
      <trkpt lat="37.155086" lon="128.940758">
        <ele>1168.7</ele>
      </trkpt>
      <trkpt lat="37.155054" lon="128.940797">
        <ele>1168.1</ele>
      </trkpt>
      <trkpt lat="37.155020" lon="128.940834">
        <ele>1167.7</ele>
      </trkpt>
      <trkpt lat="37.154983" lon="128.940868">
        <ele>1167.2</ele>
      </trkpt>
      <trkpt lat="37.154947" lon="128.940901">
        <ele>1166.8</ele>
      </trkpt>
      <trkpt lat="37.154911" lon="128.940934">
        <ele>1166.3</ele>
      </trkpt>
      <trkpt lat="37.154875" lon="128.940967">
        <ele>1165.8</ele>
      </trkpt>
      <trkpt lat="37.154838" lon="128.941001">
        <ele>1165.4</ele>
      </trkpt>
      <trkpt lat="37.154802" lon="128.941034">
        <ele>1164.9</ele>
      </trkpt>
      <trkpt lat="37.154766" lon="128.941067">
        <ele>1164.5</ele>
      </trkpt>
      <trkpt lat="37.154729" lon="128.941100">
        <ele>1164.0</ele>
      </trkpt>
      <trkpt lat="37.154692" lon="128.941132">
        <ele>1163.6</ele>
      </trkpt>
      <trkpt lat="37.154654" lon="128.941163">
        <ele>1163.3</ele>
      </trkpt>
      <trkpt lat="37.154617" lon="128.941193">
        <ele>1162.9</ele>
      </trkpt>
      <trkpt lat="37.154579" lon="128.941224">
        <ele>1162.6</ele>
      </trkpt>
      <trkpt lat="37.154541" lon="128.941254">
        <ele>1162.2</ele>
      </trkpt>
      <trkpt lat="37.154503" lon="128.941285">
        <ele>1161.9</ele>
      </trkpt>
      <trkpt lat="37.154465" lon="128.941315">
        <ele>1161.5</ele>
      </trkpt>
      <trkpt lat="37.154427" lon="128.941346">
        <ele>1161.2</ele>
      </trkpt>
      <trkpt lat="37.154390" lon="128.941376">
        <ele>1160.8</ele>
      </trkpt>
      <trkpt lat="37.154352" lon="128.941407">
        <ele>1160.5</ele>
      </trkpt>
      <trkpt lat="37.154314" lon="128.941437">
        <ele>1160.1</ele>
      </trkpt>
      <trkpt lat="37.154276" lon="128.941468">
        <ele>1159.8</ele>
      </trkpt>
      <trkpt lat="37.154238" lon="128.941498">
        <ele>1159.4</ele>
      </trkpt>
      <trkpt lat="37.154205" lon="128.941536">
        <ele>1158.8</ele>
      </trkpt>
      <trkpt lat="37.154175" lon="128.941577">
        <ele>1158.1</ele>
      </trkpt>
      <trkpt lat="37.154144" lon="128.941619">
        <ele>1157.3</ele>
      </trkpt>
      <trkpt lat="37.154116" lon="128.941663">
        <ele>1156.7</ele>
      </trkpt>
      <trkpt lat="37.154090" lon="128.941709">
        <ele>1156.2</ele>
      </trkpt>
      <trkpt lat="37.154064" lon="128.941755">
        <ele>1155.7</ele>
      </trkpt>
      <trkpt lat="37.154038" lon="128.941801">
        <ele>1155.2</ele>
      </trkpt>
      <trkpt lat="37.154012" lon="128.941847">
        <ele>1154.7</ele>
      </trkpt>
      <trkpt lat="37.153986" lon="128.941893">
        <ele>1154.2</ele>
      </trkpt>
      <trkpt lat="37.153960" lon="128.941939">
        <ele>1153.8</ele>
      </trkpt>
      <trkpt lat="37.153934" lon="128.941985">
        <ele>1153.3</ele>
      </trkpt>
      <trkpt lat="37.153908" lon="128.942031">
        <ele>1152.8</ele>
      </trkpt>
      <trkpt lat="37.153881" lon="128.942077">
        <ele>1152.3</ele>
      </trkpt>
      <trkpt lat="37.153855" lon="128.942122">
        <ele>1151.8</ele>
      </trkpt>
      <trkpt lat="37.153829" lon="128.942168">
        <ele>1151.3</ele>
      </trkpt>
      <trkpt lat="37.153803" lon="128.942214">
        <ele>1150.8</ele>
      </trkpt>
      <trkpt lat="37.153777" lon="128.942260">
        <ele>1150.3</ele>
      </trkpt>
      <trkpt lat="37.153751" lon="128.942306">
        <ele>1149.9</ele>
      </trkpt>
      <trkpt lat="37.153724" lon="128.942351">
        <ele>1149.5</ele>
      </trkpt>
      <trkpt lat="37.153697" lon="128.942396">
        <ele>1149.2</ele>
      </trkpt>
      <trkpt lat="37.153670" lon="128.942441">
        <ele>1148.8</ele>
      </trkpt>
      <trkpt lat="37.153642" lon="128.942486">
        <ele>1148.5</ele>
      </trkpt>
      <trkpt lat="37.153614" lon="128.942530">
        <ele>1148.0</ele>
      </trkpt>
      <trkpt lat="37.153584" lon="128.942572">
        <ele>1147.2</ele>
      </trkpt>
      <trkpt lat="37.153554" lon="128.942614">
        <ele>1146.5</ele>
      </trkpt>
      <trkpt lat="37.153524" lon="128.942656">
        <ele>1145.7</ele>
      </trkpt>
      <trkpt lat="37.153494" lon="128.942697">
        <ele>1144.9</ele>
      </trkpt>
      <trkpt lat="37.153462" lon="128.942738">
        <ele>1144.2</ele>
      </trkpt>
      <trkpt lat="37.153429" lon="128.942776">
        <ele>1143.5</ele>
      </trkpt>
      <trkpt lat="37.153396" lon="128.942815">
        <ele>1142.7</ele>
      </trkpt>
      <trkpt lat="37.153363" lon="128.942853">
        <ele>1142.0</ele>
      </trkpt>
      <trkpt lat="37.153330" lon="128.942891">
        <ele>1141.2</ele>
      </trkpt>
      <trkpt lat="37.153297" lon="128.942930">
        <ele>1140.5</ele>
      </trkpt>
      <trkpt lat="37.153262" lon="128.942965">
        <ele>1139.9</ele>
      </trkpt>
      <trkpt lat="37.153227" lon="128.942999">
        <ele>1139.3</ele>
      </trkpt>
      <trkpt lat="37.153191" lon="128.943034">
        <ele>1138.6</ele>
      </trkpt>
      <trkpt lat="37.153156" lon="128.943069">
        <ele>1138.0</ele>
      </trkpt>
      <trkpt lat="37.153120" lon="128.943104">
        <ele>1137.5</ele>
      </trkpt>
      <trkpt lat="37.153083" lon="128.943135">
        <ele>1137.1</ele>
      </trkpt>
      <trkpt lat="37.153045" lon="128.943166">
        <ele>1136.8</ele>
      </trkpt>
      <trkpt lat="37.153008" lon="128.943197">
        <ele>1136.5</ele>
      </trkpt>
      <trkpt lat="37.152970" lon="128.943228">
        <ele>1136.2</ele>
      </trkpt>
      <trkpt lat="37.152933" lon="128.943259">
        <ele>1135.9</ele>
      </trkpt>
      <trkpt lat="37.152895" lon="128.943290">
        <ele>1135.6</ele>
      </trkpt>
      <trkpt lat="37.152858" lon="128.943321">
        <ele>1135.2</ele>
      </trkpt>
      <trkpt lat="37.152820" lon="128.943352">
        <ele>1134.9</ele>
      </trkpt>
      <trkpt lat="37.152781" lon="128.943380">
        <ele>1134.4</ele>
      </trkpt>
      <trkpt lat="37.152743" lon="128.943409">
        <ele>1134.0</ele>
      </trkpt>
      <trkpt lat="37.152704" lon="128.943438">
        <ele>1133.5</ele>
      </trkpt>
      <trkpt lat="37.152664" lon="128.943463">
        <ele>1133.2</ele>
      </trkpt>
      <trkpt lat="37.152622" lon="128.943484">
        <ele>1133.0</ele>
      </trkpt>
      <trkpt lat="37.152580" lon="128.943505">
        <ele>1132.9</ele>
      </trkpt>
      <trkpt lat="37.152537" lon="128.943522">
        <ele>1132.6</ele>
      </trkpt>
      <trkpt lat="37.152494" lon="128.943536">
        <ele>1132.3</ele>
      </trkpt>
      <trkpt lat="37.152450" lon="128.943550">
        <ele>1132.0</ele>
      </trkpt>
      <trkpt lat="37.152405" lon="128.943555">
        <ele>1131.7</ele>
      </trkpt>
      <trkpt lat="37.152361" lon="128.943560">
        <ele>1131.4</ele>
      </trkpt>
      <trkpt lat="37.152316" lon="128.943565">
        <ele>1131.0</ele>
      </trkpt>
      <trkpt lat="37.152271" lon="128.943561">
        <ele>1130.9</ele>
      </trkpt>
      <trkpt lat="37.152226" lon="128.943557">
        <ele>1130.9</ele>
      </trkpt>
      <trkpt lat="37.152181" lon="128.943553">
        <ele>1130.8</ele>
      </trkpt>
      <trkpt lat="37.152137" lon="128.943543">
        <ele>1130.9</ele>
      </trkpt>
      <trkpt lat="37.152093" lon="128.943531">
        <ele>1131.1</ele>
      </trkpt>
      <trkpt lat="37.152049" lon="128.943519">
        <ele>1131.2</ele>
      </trkpt>
      <trkpt lat="37.152005" lon="128.943508">
        <ele>1131.4</ele>
      </trkpt>
      <trkpt lat="37.151961" lon="128.943496">
        <ele>1131.6</ele>
      </trkpt>
      <trkpt lat="37.151917" lon="128.943485">
        <ele>1131.7</ele>
      </trkpt>
      <trkpt lat="37.151873" lon="128.943476">
        <ele>1131.7</ele>
      </trkpt>
      <trkpt lat="37.151828" lon="128.943470">
        <ele>1131.6</ele>
      </trkpt>
      <trkpt lat="37.151783" lon="128.943465">
        <ele>1131.4</ele>
      </trkpt>
      <trkpt lat="37.151738" lon="128.943463">
        <ele>1131.2</ele>
      </trkpt>
      <trkpt lat="37.151693" lon="128.943461">
        <ele>1130.9</ele>
      </trkpt>
      <trkpt lat="37.151649" lon="128.943462">
        <ele>1130.8</ele>
      </trkpt>
      <trkpt lat="37.151604" lon="128.943466">
        <ele>1130.9</ele>
      </trkpt>
      <trkpt lat="37.151559" lon="128.943470">
        <ele>1131.0</ele>
      </trkpt>
      <trkpt lat="37.151515" lon="128.943480">
        <ele>1131.0</ele>
      </trkpt>
      <trkpt lat="37.151470" lon="128.943490">
        <ele>1131.1</ele>
      </trkpt>
      <trkpt lat="37.151426" lon="128.943500">
        <ele>1131.1</ele>
      </trkpt>
      <trkpt lat="37.151382" lon="128.943511">
        <ele>1131.2</ele>
      </trkpt>
      <trkpt lat="37.151338" lon="128.943521">
        <ele>1131.2</ele>
      </trkpt>
      <trkpt lat="37.151294" lon="128.943532">
        <ele>1131.2</ele>
      </trkpt>
      <trkpt lat="37.151249" lon="128.943542">
        <ele>1131.3</ele>
      </trkpt>
      <trkpt lat="37.151205" lon="128.943550">
        <ele>1131.4</ele>
      </trkpt>
      <trkpt lat="37.151160" lon="128.943558">
        <ele>1131.6</ele>
      </trkpt>
      <trkpt lat="37.151116" lon="128.943565">
        <ele>1131.7</ele>
      </trkpt>
      <trkpt lat="37.151071" lon="128.943570">
        <ele>1131.9</ele>
      </trkpt>
      <trkpt lat="37.151026" lon="128.943572">
        <ele>1132.1</ele>
      </trkpt>
      <trkpt lat="37.150981" lon="128.943575">
        <ele>1132.4</ele>
      </trkpt>
      <trkpt lat="37.150936" lon="128.943575">
        <ele>1132.6</ele>
      </trkpt>
      <trkpt lat="37.150891" lon="128.943571">
        <ele>1132.9</ele>
      </trkpt>
      <trkpt lat="37.150847" lon="128.943568">
        <ele>1133.2</ele>
      </trkpt>
      <trkpt lat="37.150802" lon="128.943557">
        <ele>1133.1</ele>
      </trkpt>
      <trkpt lat="37.150759" lon="128.943544">
        <ele>1132.8</ele>
      </trkpt>
      <trkpt lat="37.150715" lon="128.943530">
        <ele>1132.5</ele>
      </trkpt>
      <trkpt lat="37.150674" lon="128.943509">
        <ele>1132.0</ele>
      </trkpt>
      <trkpt lat="37.150632" lon="128.943487">
        <ele>1131.6</ele>
      </trkpt>
      <trkpt lat="37.150592" lon="128.943463">
        <ele>1130.9</ele>
      </trkpt>
      <trkpt lat="37.150552" lon="128.943437">
        <ele>1130.0</ele>
      </trkpt>
      <trkpt lat="37.150512" lon="128.943411">
        <ele>1129.1</ele>
      </trkpt>
      <trkpt lat="37.150472" lon="128.943385">
        <ele>1128.3</ele>
      </trkpt>
      <trkpt lat="37.150432" lon="128.943359">
        <ele>1127.4</ele>
      </trkpt>
      <trkpt lat="37.150392" lon="128.943333">
        <ele>1126.5</ele>
      </trkpt>
      <trkpt lat="37.150352" lon="128.943307">
        <ele>1125.6</ele>
      </trkpt>
      <trkpt lat="37.150312" lon="128.943281">
        <ele>1124.8</ele>
      </trkpt>
      <trkpt lat="37.150272" lon="128.943256">
        <ele>1123.9</ele>
      </trkpt>
      <trkpt lat="37.150228" lon="128.943243">
        <ele>1122.8</ele>
      </trkpt>
      <trkpt lat="37.150184" lon="128.943231">
        <ele>1121.8</ele>
      </trkpt>
      <trkpt lat="37.150140" lon="128.943226">
        <ele>1120.8</ele>
      </trkpt>
      <trkpt lat="37.150095" lon="128.943220">
        <ele>1119.9</ele>
      </trkpt>
      <trkpt lat="37.150050" lon="128.943215">
        <ele>1118.9</ele>
      </trkpt>
      <trkpt lat="37.150005" lon="128.943216">
        <ele>1117.8</ele>
      </trkpt>
      <trkpt lat="37.149961" lon="128.943227">
        <ele>1116.6</ele>
      </trkpt>
      <trkpt lat="37.149917" lon="128.943237">
        <ele>1115.3</ele>
      </trkpt>
      <trkpt lat="37.149874" lon="128.943254">
        <ele>1114.2</ele>
      </trkpt>
      <trkpt lat="37.149832" lon="128.943274">
        <ele>1113.1</ele>
      </trkpt>
      <trkpt lat="37.149790" lon="128.943293">
        <ele>1112.0</ele>
      </trkpt>
      <trkpt lat="37.149748" lon="128.943312">
        <ele>1110.9</ele>
      </trkpt>
      <trkpt lat="37.149705" lon="128.943332">
        <ele>1109.8</ele>
      </trkpt>
      <trkpt lat="37.149663" lon="128.943351">
        <ele>1108.7</ele>
      </trkpt>
      <trkpt lat="37.149621" lon="128.943370">
        <ele>1107.6</ele>
      </trkpt>
      <trkpt lat="37.149579" lon="128.943389">
        <ele>1106.5</ele>
      </trkpt>
      <trkpt lat="37.149536" lon="128.943409">
        <ele>1105.4</ele>
      </trkpt>
      <trkpt lat="37.149494" lon="128.943428">
        <ele>1104.4</ele>
      </trkpt>
      <trkpt lat="37.149452" lon="128.943448">
        <ele>1103.3</ele>
      </trkpt>
      <trkpt lat="37.149411" lon="128.943472">
        <ele>1102.3</ele>
      </trkpt>
      <trkpt lat="37.149372" lon="128.943498">
        <ele>1101.3</ele>
      </trkpt>
      <trkpt lat="37.149335" lon="128.943532">
        <ele>1100.7</ele>
      </trkpt>
      <trkpt lat="37.149299" lon="128.943565">
        <ele>1100.1</ele>
      </trkpt>
      <trkpt lat="37.149265" lon="128.943601">
        <ele>1099.8</ele>
      </trkpt>
      <trkpt lat="37.149232" lon="128.943639">
        <ele>1099.4</ele>
      </trkpt>
      <trkpt lat="37.149202" lon="128.943681">
        <ele>1099.2</ele>
      </trkpt>
      <trkpt lat="37.149176" lon="128.943727">
        <ele>1099.1</ele>
      </trkpt>
      <trkpt lat="37.149150" lon="128.943773">
        <ele>1099.0</ele>
      </trkpt>
      <trkpt lat="37.149130" lon="128.943824">
        <ele>1098.9</ele>
      </trkpt>
      <trkpt lat="37.149110" lon="128.943874">
        <ele>1098.9</ele>
      </trkpt>
      <trkpt lat="37.149089" lon="128.943924">
        <ele>1098.8</ele>
      </trkpt>
      <trkpt lat="37.149072" lon="128.943976">
        <ele>1098.9</ele>
      </trkpt>
      <trkpt lat="37.149055" lon="128.944029">
        <ele>1099.0</ele>
      </trkpt>
      <trkpt lat="37.149039" lon="128.944081">
        <ele>1099.1</ele>
      </trkpt>
      <trkpt lat="37.149022" lon="128.944134">
        <ele>1099.2</ele>
      </trkpt>
      <trkpt lat="37.149003" lon="128.944185">
        <ele>1098.8</ele>
      </trkpt>
      <trkpt lat="37.148982" lon="128.944234">
        <ele>1097.9</ele>
      </trkpt>
      <trkpt lat="37.148961" lon="128.944284">
        <ele>1097.0</ele>
      </trkpt>
      <trkpt lat="37.148940" lon="128.944334">
        <ele>1096.0</ele>
      </trkpt>
      <trkpt lat="37.148917" lon="128.944383">
        <ele>1095.1</ele>
      </trkpt>
      <trkpt lat="37.148894" lon="128.944431">
        <ele>1094.2</ele>
      </trkpt>
      <trkpt lat="37.148871" lon="128.944480">
        <ele>1093.3</ele>
      </trkpt>
      <trkpt lat="37.148848" lon="128.944529">
        <ele>1092.4</ele>
      </trkpt>
      <trkpt lat="37.148825" lon="128.944577">
        <ele>1091.5</ele>
      </trkpt>
      <trkpt lat="37.148803" lon="128.944626">
        <ele>1090.5</ele>
      </trkpt>
      <trkpt lat="37.148780" lon="128.944674">
        <ele>1089.6</ele>
      </trkpt>
      <trkpt lat="37.148757" lon="128.944723">
        <ele>1088.7</ele>
      </trkpt>
      <trkpt lat="37.148734" lon="128.944771">
        <ele>1087.8</ele>
      </trkpt>
      <trkpt lat="37.148711" lon="128.944820">
        <ele>1086.9</ele>
      </trkpt>
      <trkpt lat="37.148688" lon="128.944868">
        <ele>1085.9</ele>
      </trkpt>
      <trkpt lat="37.148665" lon="128.944917">
        <ele>1085.0</ele>
      </trkpt>
      <trkpt lat="37.148642" lon="128.944965">
        <ele>1084.1</ele>
      </trkpt>
      <trkpt lat="37.148619" lon="128.945014">
        <ele>1083.2</ele>
      </trkpt>
      <trkpt lat="37.148596" lon="128.945063">
        <ele>1082.3</ele>
      </trkpt>
      <trkpt lat="37.148579" lon="128.945115">
        <ele>1081.4</ele>
      </trkpt>
      <trkpt lat="37.148561" lon="128.945167">
        <ele>1080.5</ele>
      </trkpt>
      <trkpt lat="37.148544" lon="128.945218">
        <ele>1079.6</ele>
      </trkpt>
      <trkpt lat="37.148527" lon="128.945271">
        <ele>1078.8</ele>
      </trkpt>
      <trkpt lat="37.148512" lon="128.945324">
        <ele>1078.3</ele>
      </trkpt>
      <trkpt lat="37.148497" lon="128.945377">
        <ele>1077.8</ele>
      </trkpt>
      <trkpt lat="37.148483" lon="128.945431">
        <ele>1077.3</ele>
      </trkpt>
      <trkpt lat="37.148469" lon="128.945484">
        <ele>1077.0</ele>
      </trkpt>
      <trkpt lat="37.148459" lon="128.945539">
        <ele>1077.0</ele>
      </trkpt>
      <trkpt lat="37.148448" lon="128.945594">
        <ele>1077.0</ele>
      </trkpt>
      <trkpt lat="37.148437" lon="128.945649">
        <ele>1077.0</ele>
      </trkpt>
      <trkpt lat="37.148429" lon="128.945704">
        <ele>1077.1</ele>
      </trkpt>
      <trkpt lat="37.148423" lon="128.945760">
        <ele>1077.2</ele>
      </trkpt>
      <trkpt lat="37.148417" lon="128.945816">
        <ele>1077.4</ele>
      </trkpt>
      <trkpt lat="37.148411" lon="128.945872">
        <ele>1077.5</ele>
      </trkpt>
      <trkpt lat="37.148410" lon="128.945928">
        <ele>1077.3</ele>
      </trkpt>
      <trkpt lat="37.148409" lon="128.945985">
        <ele>1077.2</ele>
      </trkpt>
      <trkpt lat="37.148408" lon="128.946041">
        <ele>1077.1</ele>
      </trkpt>
      <trkpt lat="37.148409" lon="128.946097">
        <ele>1076.9</ele>
      </trkpt>
      <trkpt lat="37.148410" lon="128.946154">
        <ele>1076.8</ele>
      </trkpt>
      <trkpt lat="37.148412" lon="128.946210">
        <ele>1076.7</ele>
      </trkpt>
      <trkpt lat="37.148413" lon="128.946267">
        <ele>1076.6</ele>
      </trkpt>
      <trkpt lat="37.148417" lon="128.946323">
        <ele>1076.4</ele>
      </trkpt>
      <trkpt lat="37.148421" lon="128.946379">
        <ele>1076.2</ele>
      </trkpt>
      <trkpt lat="37.148425" lon="128.946435">
        <ele>1076.1</ele>
      </trkpt>
      <trkpt lat="37.148429" lon="128.946491">
        <ele>1075.9</ele>
      </trkpt>
      <trkpt lat="37.148434" lon="128.946547">
        <ele>1075.5</ele>
      </trkpt>
      <trkpt lat="37.148441" lon="128.946603">
        <ele>1074.9</ele>
      </trkpt>
      <trkpt lat="37.148447" lon="128.946659">
        <ele>1074.2</ele>
      </trkpt>
      <trkpt lat="37.148453" lon="128.946715">
        <ele>1073.5</ele>
      </trkpt>
      <trkpt lat="37.148459" lon="128.946771">
        <ele>1072.8</ele>
      </trkpt>
      <trkpt lat="37.148465" lon="128.946827">
        <ele>1072.2</ele>
      </trkpt>
      <trkpt lat="37.148471" lon="128.946883">
        <ele>1071.5</ele>
      </trkpt>
      <trkpt lat="37.148477" lon="128.946939">
        <ele>1070.8</ele>
      </trkpt>
      <trkpt lat="37.148483" lon="128.946994">
        <ele>1070.2</ele>
      </trkpt>
      <trkpt lat="37.148489" lon="128.947050">
        <ele>1069.5</ele>
      </trkpt>
      <trkpt lat="37.148496" lon="128.947106">
        <ele>1068.8</ele>
      </trkpt>
      <trkpt lat="37.148502" lon="128.947162">
        <ele>1068.2</ele>
      </trkpt>
      <trkpt lat="37.148508" lon="128.947218">
        <ele>1067.5</ele>
      </trkpt>
      <trkpt lat="37.148514" lon="128.947274">
        <ele>1066.8</ele>
      </trkpt>
      <trkpt lat="37.148512" lon="128.947330">
        <ele>1066.3</ele>
      </trkpt>
      <trkpt lat="37.148510" lon="128.947387">
        <ele>1065.8</ele>
      </trkpt>
      <trkpt lat="37.148496" lon="128.947440">
        <ele>1065.6</ele>
      </trkpt>
      <trkpt lat="37.148479" lon="128.947492">
        <ele>1065.5</ele>
      </trkpt>
      <trkpt lat="37.148454" lon="128.947539">
        <ele>1065.5</ele>
      </trkpt>
      <trkpt lat="37.148427" lon="128.947584">
        <ele>1065.6</ele>
      </trkpt>
      <trkpt lat="37.148394" lon="128.947623">
        <ele>1065.9</ele>
      </trkpt>
      <trkpt lat="37.148362" lon="128.947661">
        <ele>1066.3</ele>
      </trkpt>
      <trkpt lat="37.148323" lon="128.947690">
        <ele>1066.1</ele>
      </trkpt>
      <trkpt lat="37.148284" lon="128.947719">
        <ele>1065.9</ele>
      </trkpt>
      <trkpt lat="37.148245" lon="128.947746">
        <ele>1065.8</ele>
      </trkpt>
      <trkpt lat="37.148204" lon="128.947770">
        <ele>1065.7</ele>
      </trkpt>
      <trkpt lat="37.148163" lon="128.947793">
        <ele>1065.6</ele>
      </trkpt>
      <trkpt lat="37.148122" lon="128.947817">
        <ele>1065.5</ele>
      </trkpt>
      <trkpt lat="37.148082" lon="128.947841">
        <ele>1065.4</ele>
      </trkpt>
      <trkpt lat="37.148041" lon="128.947864">
        <ele>1065.3</ele>
      </trkpt>
      <trkpt lat="37.147999" lon="128.947885">
        <ele>1065.5</ele>
      </trkpt>
      <trkpt lat="37.147957" lon="128.947906">
        <ele>1065.7</ele>
      </trkpt>
      <trkpt lat="37.147916" lon="128.947927">
        <ele>1065.9</ele>
      </trkpt>
      <trkpt lat="37.147875" lon="128.947951">
        <ele>1066.1</ele>
      </trkpt>
      <trkpt lat="37.147836" lon="128.947980">
        <ele>1066.3</ele>
      </trkpt>
      <trkpt lat="37.147800" lon="128.948013">
        <ele>1066.6</ele>
      </trkpt>
      <trkpt lat="37.147773" lon="128.948058">
        <ele>1066.8</ele>
      </trkpt>
      <trkpt lat="37.147749" lon="128.948105">
        <ele>1067.1</ele>
      </trkpt>
      <trkpt lat="37.147733" lon="128.948158">
        <ele>1067.3</ele>
      </trkpt>
      <trkpt lat="37.147719" lon="128.948211">
        <ele>1067.5</ele>
      </trkpt>
      <trkpt lat="37.147718" lon="128.948267">
        <ele>1067.5</ele>
      </trkpt>
      <trkpt lat="37.147717" lon="128.948323">
        <ele>1067.5</ele>
      </trkpt>
      <trkpt lat="37.147726" lon="128.948379">
        <ele>1067.2</ele>
      </trkpt>
      <trkpt lat="37.147735" lon="128.948434">
        <ele>1067.0</ele>
      </trkpt>
      <trkpt lat="37.147757" lon="128.948483">
        <ele>1066.3</ele>
      </trkpt>
      <trkpt lat="37.147781" lon="128.948530">
        <ele>1065.6</ele>
      </trkpt>
      <trkpt lat="37.147817" lon="128.948565">
        <ele>1064.5</ele>
      </trkpt>
      <trkpt lat="37.147856" lon="128.948590">
        <ele>1063.5</ele>
      </trkpt>
      <trkpt lat="37.147899" lon="128.948605">
        <ele>1062.4</ele>
      </trkpt>
      <trkpt lat="37.147943" lon="128.948611">
        <ele>1061.2</ele>
      </trkpt>
      <trkpt lat="37.147988" lon="128.948610">
        <ele>1060.0</ele>
      </trkpt>
      <trkpt lat="37.148031" lon="128.948592">
        <ele>1059.0</ele>
      </trkpt>
      <trkpt lat="37.148071" lon="128.948567">
        <ele>1058.3</ele>
      </trkpt>
      <trkpt lat="37.148107" lon="128.948534">
        <ele>1057.7</ele>
      </trkpt>
      <trkpt lat="37.148140" lon="128.948496">
        <ele>1057.3</ele>
      </trkpt>
      <trkpt lat="37.148171" lon="128.948455">
        <ele>1056.9</ele>
      </trkpt>
      <trkpt lat="37.148200" lon="128.948412">
        <ele>1056.7</ele>
      </trkpt>
      <trkpt lat="37.148228" lon="128.948368">
        <ele>1056.6</ele>
      </trkpt>
      <trkpt lat="37.148256" lon="128.948324">
        <ele>1056.6</ele>
      </trkpt>
      <trkpt lat="37.148282" lon="128.948277">
        <ele>1056.9</ele>
      </trkpt>
      <trkpt lat="37.148307" lon="128.948231">
        <ele>1057.2</ele>
      </trkpt>
      <trkpt lat="37.148334" lon="128.948186">
        <ele>1057.5</ele>
      </trkpt>
      <trkpt lat="37.148364" lon="128.948144">
        <ele>1057.4</ele>
      </trkpt>
      <trkpt lat="37.148396" lon="128.948104">
        <ele>1057.2</ele>
      </trkpt>
      <trkpt lat="37.148432" lon="128.948071">
        <ele>1056.8</ele>
      </trkpt>
      <trkpt lat="37.148471" lon="128.948042">
        <ele>1056.2</ele>
      </trkpt>
      <trkpt lat="37.148511" lon="128.948017">
        <ele>1055.6</ele>
      </trkpt>
      <trkpt lat="37.148554" lon="128.948000">
        <ele>1054.6</ele>
      </trkpt>
      <trkpt lat="37.148597" lon="128.947986">
        <ele>1053.6</ele>
      </trkpt>
      <trkpt lat="37.148642" lon="128.947982">
        <ele>1052.4</ele>
      </trkpt>
      <trkpt lat="37.148687" lon="128.947978">
        <ele>1051.2</ele>
      </trkpt>
      <trkpt lat="37.148732" lon="128.947974">
        <ele>1050.0</ele>
      </trkpt>
      <trkpt lat="37.148777" lon="128.947970">
        <ele>1048.8</ele>
      </trkpt>
      <trkpt lat="37.148821" lon="128.947964">
        <ele>1047.7</ele>
      </trkpt>
      <trkpt lat="37.148864" lon="128.947948">
        <ele>1046.7</ele>
      </trkpt>
      <trkpt lat="37.148907" lon="128.947931">
        <ele>1045.8</ele>
      </trkpt>
      <trkpt lat="37.148946" lon="128.947902">
        <ele>1045.1</ele>
      </trkpt>
      <trkpt lat="37.148983" lon="128.947872">
        <ele>1044.5</ele>
      </trkpt>
      <trkpt lat="37.149010" lon="128.947827">
        <ele>1044.4</ele>
      </trkpt>
      <trkpt lat="37.149037" lon="128.947782">
        <ele>1044.3</ele>
      </trkpt>
      <trkpt lat="37.149056" lon="128.947731">
        <ele>1044.5</ele>
      </trkpt>
      <trkpt lat="37.149075" lon="128.947679">
        <ele>1044.7</ele>
      </trkpt>
      <trkpt lat="37.149093" lon="128.947628">
        <ele>1045.0</ele>
      </trkpt>
      <trkpt lat="37.149110" lon="128.947575">
        <ele>1045.3</ele>
      </trkpt>
      <trkpt lat="37.149127" lon="128.947523">
        <ele>1045.6</ele>
      </trkpt>
      <trkpt lat="37.149143" lon="128.947471">
        <ele>1046.0</ele>
      </trkpt>
      <trkpt lat="37.149160" lon="128.947418">
        <ele>1046.3</ele>
      </trkpt>
      <trkpt lat="37.149182" lon="128.947369">
        <ele>1046.6</ele>
      </trkpt>
      <trkpt lat="37.149204" lon="128.947320">
        <ele>1046.9</ele>
      </trkpt>
      <trkpt lat="37.149232" lon="128.947276">
        <ele>1047.1</ele>
      </trkpt>
      <trkpt lat="37.149263" lon="128.947235">
        <ele>1047.2</ele>
      </trkpt>
      <trkpt lat="37.149296" lon="128.947197">
        <ele>1047.4</ele>
      </trkpt>
      <trkpt lat="37.149331" lon="128.947161">
        <ele>1047.5</ele>
      </trkpt>
      <trkpt lat="37.149368" lon="128.947130">
        <ele>1047.4</ele>
      </trkpt>
      <trkpt lat="37.149407" lon="128.947102">
        <ele>1047.4</ele>
      </trkpt>
      <trkpt lat="37.149447" lon="128.947076">
        <ele>1047.3</ele>
      </trkpt>
      <trkpt lat="37.149488" lon="128.947054">
        <ele>1047.1</ele>
      </trkpt>
      <trkpt lat="37.149530" lon="128.947033">
        <ele>1047.0</ele>
      </trkpt>
      <trkpt lat="37.149573" lon="128.947016">
        <ele>1046.8</ele>
      </trkpt>
      <trkpt lat="37.149616" lon="128.947000">
        <ele>1046.7</ele>
      </trkpt>
      <trkpt lat="37.149659" lon="128.946983">
        <ele>1046.5</ele>
      </trkpt>
      <trkpt lat="37.149702" lon="128.946967">
        <ele>1046.3</ele>
      </trkpt>
      <trkpt lat="37.149746" lon="128.946955">
        <ele>1046.0</ele>
      </trkpt>
      <trkpt lat="37.149790" lon="128.946943">
        <ele>1045.7</ele>
      </trkpt>
      <trkpt lat="37.149834" lon="128.946932">
        <ele>1045.4</ele>
      </trkpt>
      <trkpt lat="37.149878" lon="128.946923">
        <ele>1045.1</ele>
      </trkpt>
      <trkpt lat="37.149923" lon="128.946916">
        <ele>1044.7</ele>
      </trkpt>
      <trkpt lat="37.149968" lon="128.946914">
        <ele>1044.3</ele>
      </trkpt>
      <trkpt lat="37.150013" lon="128.946915">
        <ele>1044.0</ele>
      </trkpt>
      <trkpt lat="37.150057" lon="128.946923">
        <ele>1043.5</ele>
      </trkpt>
      <trkpt lat="37.150101" lon="128.946935">
        <ele>1043.0</ele>
      </trkpt>
      <trkpt lat="37.150143" lon="128.946953">
        <ele>1042.4</ele>
      </trkpt>
      <trkpt lat="37.150184" lon="128.946978">
        <ele>1041.7</ele>
      </trkpt>
      <trkpt lat="37.150219" lon="128.947012">
        <ele>1040.6</ele>
      </trkpt>
      <trkpt lat="37.150254" lon="128.947048">
        <ele>1039.5</ele>
      </trkpt>
      <trkpt lat="37.150283" lon="128.947091">
        <ele>1038.2</ele>
      </trkpt>
      <trkpt lat="37.150310" lon="128.947136">
        <ele>1036.8</ele>
      </trkpt>
      <trkpt lat="37.150327" lon="128.947188">
        <ele>1035.4</ele>
      </trkpt>
      <trkpt lat="37.150341" lon="128.947241">
        <ele>1033.9</ele>
      </trkpt>
      <trkpt lat="37.150348" lon="128.947297">
        <ele>1032.1</ele>
      </trkpt>
      <trkpt lat="37.150339" lon="128.947340">
        <ele>1030.8</ele>
      </trkpt>
      <trkpt lat="37.150295" lon="128.947349">
        <ele>1030.8</ele>
      </trkpt>
      <trkpt lat="37.150339" lon="128.947340">
        <ele>1031.0</ele>
      </trkpt>
      <trkpt lat="37.150352" lon="128.947377">
        <ele>1030.1</ele>
      </trkpt>
      <trkpt lat="37.150349" lon="128.947433">
        <ele>1028.7</ele>
      </trkpt>
      <trkpt lat="37.150334" lon="128.947485">
        <ele>1027.6</ele>
      </trkpt>
      <trkpt lat="37.150314" lon="128.947536">
        <ele>1026.6</ele>
      </trkpt>
      <trkpt lat="37.150288" lon="128.947581">
        <ele>1025.9</ele>
      </trkpt>
      <trkpt lat="37.150258" lon="128.947623">
        <ele>1025.4</ele>
      </trkpt>
      <trkpt lat="37.150222" lon="128.947658">
        <ele>1025.1</ele>
      </trkpt>
      <trkpt lat="37.150186" lon="128.947690">
        <ele>1024.8</ele>
      </trkpt>
      <trkpt lat="37.150146" lon="128.947716">
        <ele>1024.7</ele>
      </trkpt>
      <trkpt lat="37.150105" lon="128.947741">
        <ele>1024.6</ele>
      </trkpt>
      <trkpt lat="37.150065" lon="128.947767">
        <ele>1024.5</ele>
      </trkpt>
      <trkpt lat="37.150025" lon="128.947792">
        <ele>1024.4</ele>
      </trkpt>
      <trkpt lat="37.149985" lon="128.947818">
        <ele>1024.3</ele>
      </trkpt>
      <trkpt lat="37.149960" lon="128.947805">
        <ele>1024.9</ele>
      </trkpt>
      <trkpt lat="37.149951" lon="128.947749">
        <ele>1026.1</ele>
      </trkpt>
      <trkpt lat="37.149943" lon="128.947694">
        <ele>1027.3</ele>
      </trkpt>
      <trkpt lat="37.149926" lon="128.947643">
        <ele>1028.6</ele>
      </trkpt>
      <trkpt lat="37.149898" lon="128.947600">
        <ele>1029.9</ele>
      </trkpt>
      <trkpt lat="37.149869" lon="128.947556">
        <ele>1031.3</ele>
      </trkpt>
      <trkpt lat="37.149831" lon="128.947528">
        <ele>1032.5</ele>
      </trkpt>
      <trkpt lat="37.149790" lon="128.947503">
        <ele>1033.7</ele>
      </trkpt>
      <trkpt lat="37.149746" lon="128.947497">
        <ele>1034.6</ele>
      </trkpt>
      <trkpt lat="37.149701" lon="128.947494">
        <ele>1035.4</ele>
      </trkpt>
      <trkpt lat="37.149661" lon="128.947518">
        <ele>1035.7</ele>
      </trkpt>
      <trkpt lat="37.149621" lon="128.947543">
        <ele>1035.9</ele>
      </trkpt>
      <trkpt lat="37.149583" lon="128.947574">
        <ele>1036.0</ele>
      </trkpt>
      <trkpt lat="37.149549" lon="128.947610">
        <ele>1036.1</ele>
      </trkpt>
      <trkpt lat="37.149514" lon="128.947646">
        <ele>1036.2</ele>
      </trkpt>
      <trkpt lat="37.149480" lon="128.947682">
        <ele>1036.2</ele>
      </trkpt>
      <trkpt lat="37.149445" lon="128.947719">
        <ele>1036.3</ele>
      </trkpt>
      <trkpt lat="37.149422" lon="128.947766">
        <ele>1035.8</ele>
      </trkpt>
      <trkpt lat="37.149404" lon="128.947818">
        <ele>1035.2</ele>
      </trkpt>
      <trkpt lat="37.149396" lon="128.947873">
        <ele>1034.6</ele>
      </trkpt>
      <trkpt lat="37.149388" lon="128.947928">
        <ele>1033.8</ele>
      </trkpt>
      <trkpt lat="37.149388" lon="128.947985">
        <ele>1032.8</ele>
      </trkpt>
      <trkpt lat="37.149388" lon="128.948041">
        <ele>1031.8</ele>
      </trkpt>
      <trkpt lat="37.149378" lon="128.948095">
        <ele>1031.2</ele>
      </trkpt>
      <trkpt lat="37.149363" lon="128.948148">
        <ele>1030.8</ele>
      </trkpt>
      <trkpt lat="37.149340" lon="128.948196">
        <ele>1030.5</ele>
      </trkpt>
      <trkpt lat="37.149309" lon="128.948236">
        <ele>1030.6</ele>
      </trkpt>
      <trkpt lat="37.149278" lon="128.948277">
        <ele>1030.6</ele>
      </trkpt>
      <trkpt lat="37.149247" lon="128.948318">
        <ele>1030.6</ele>
      </trkpt>
      <trkpt lat="37.149215" lon="128.948358">
        <ele>1030.7</ele>
      </trkpt>
      <trkpt lat="37.149184" lon="128.948399">
        <ele>1030.7</ele>
      </trkpt>
      <trkpt lat="37.149153" lon="128.948439">
        <ele>1030.7</ele>
      </trkpt>
      <trkpt lat="37.149122" lon="128.948480">
        <ele>1030.8</ele>
      </trkpt>
      <trkpt lat="37.149090" lon="128.948521">
        <ele>1030.8</ele>
      </trkpt>
      <trkpt lat="37.149059" lon="128.948561">
        <ele>1030.9</ele>
      </trkpt>
      <trkpt lat="37.149028" lon="128.948602">
        <ele>1030.9</ele>
      </trkpt>
      <trkpt lat="37.148997" lon="128.948642">
        <ele>1030.9</ele>
      </trkpt>
      <trkpt lat="37.148966" lon="128.948683">
        <ele>1031.0</ele>
      </trkpt>
      <trkpt lat="37.148937" lon="128.948727">
        <ele>1031.0</ele>
      </trkpt>
      <trkpt lat="37.148912" lon="128.948773">
        <ele>1030.9</ele>
      </trkpt>
      <trkpt lat="37.148887" lon="128.948820">
        <ele>1030.8</ele>
      </trkpt>
      <trkpt lat="37.148871" lon="128.948873">
        <ele>1030.4</ele>
      </trkpt>
      <trkpt lat="37.148855" lon="128.948925">
        <ele>1030.0</ele>
      </trkpt>
      <trkpt lat="37.148839" lon="128.948978">
        <ele>1029.6</ele>
      </trkpt>
      <trkpt lat="37.148818" lon="128.949028">
        <ele>1029.4</ele>
      </trkpt>
      <trkpt lat="37.148791" lon="128.949073">
        <ele>1029.5</ele>
      </trkpt>
      <trkpt lat="37.148764" lon="128.949117">
        <ele>1029.7</ele>
      </trkpt>
      <trkpt lat="37.148735" lon="128.949160">
        <ele>1029.8</ele>
      </trkpt>
      <trkpt lat="37.148704" lon="128.949201">
        <ele>1029.8</ele>
      </trkpt>
      <trkpt lat="37.148673" lon="128.949242">
        <ele>1029.8</ele>
      </trkpt>
      <trkpt lat="37.148642" lon="128.949283">
        <ele>1029.8</ele>
      </trkpt>
      <trkpt lat="37.148611" lon="128.949324">
        <ele>1029.8</ele>
      </trkpt>
      <trkpt lat="37.148580" lon="128.949365">
        <ele>1029.8</ele>
      </trkpt>
      <trkpt lat="37.148549" lon="128.949406">
        <ele>1029.8</ele>
      </trkpt>
      <trkpt lat="37.148518" lon="128.949447">
        <ele>1029.8</ele>
      </trkpt>
      <trkpt lat="37.148487" lon="128.949488">
        <ele>1029.8</ele>
      </trkpt>
      <trkpt lat="37.148456" lon="128.949528">
        <ele>1029.8</ele>
      </trkpt>
      <trkpt lat="37.148425" lon="128.949569">
        <ele>1029.8</ele>
      </trkpt>
      <trkpt lat="37.148394" lon="128.949610">
        <ele>1029.8</ele>
      </trkpt>
      <trkpt lat="37.148366" lon="128.949655">
        <ele>1029.5</ele>
      </trkpt>
      <trkpt lat="37.148341" lon="128.949701">
        <ele>1029.0</ele>
      </trkpt>
      <trkpt lat="37.148316" lon="128.949748">
        <ele>1028.5</ele>
      </trkpt>
      <trkpt lat="37.148294" lon="128.949797">
        <ele>1027.9</ele>
      </trkpt>
      <trkpt lat="37.148273" lon="128.949847">
        <ele>1027.3</ele>
      </trkpt>
      <trkpt lat="37.148252" lon="128.949897">
        <ele>1026.7</ele>
      </trkpt>
      <trkpt lat="37.148225" lon="128.949942">
        <ele>1026.4</ele>
      </trkpt>
      <trkpt lat="37.148195" lon="128.949984">
        <ele>1026.1</ele>
      </trkpt>
      <trkpt lat="37.148165" lon="128.950026">
        <ele>1025.9</ele>
      </trkpt>
      <trkpt lat="37.148130" lon="128.950059">
        <ele>1026.0</ele>
      </trkpt>
      <trkpt lat="37.148091" lon="128.950089">
        <ele>1026.3</ele>
      </trkpt>
      <trkpt lat="37.148053" lon="128.950118">
        <ele>1026.6</ele>
      </trkpt>
      <trkpt lat="37.148014" lon="128.950147">
        <ele>1026.9</ele>
      </trkpt>
      <trkpt lat="37.147976" lon="128.950177">
        <ele>1027.1</ele>
      </trkpt>
      <trkpt lat="37.147938" lon="128.950206">
        <ele>1027.4</ele>
      </trkpt>
      <trkpt lat="37.147899" lon="128.950235">
        <ele>1027.7</ele>
      </trkpt>
      <trkpt lat="37.147861" lon="128.950265">
        <ele>1028.0</ele>
      </trkpt>
      <trkpt lat="37.147822" lon="128.950294">
        <ele>1028.3</ele>
      </trkpt>
      <trkpt lat="37.147784" lon="128.950323">
        <ele>1028.6</ele>
      </trkpt>
      <trkpt lat="37.147745" lon="128.950352">
        <ele>1028.9</ele>
      </trkpt>
      <trkpt lat="37.147706" lon="128.950380">
        <ele>1029.4</ele>
      </trkpt>
      <trkpt lat="37.147667" lon="128.950408">
        <ele>1029.9</ele>
      </trkpt>
      <trkpt lat="37.147628" lon="128.950436">
        <ele>1030.4</ele>
      </trkpt>
      <trkpt lat="37.147589" lon="128.950463">
        <ele>1030.9</ele>
      </trkpt>
      <trkpt lat="37.147550" lon="128.950491">
        <ele>1031.4</ele>
      </trkpt>
      <trkpt lat="37.147512" lon="128.950521">
        <ele>1031.8</ele>
      </trkpt>
      <trkpt lat="37.147482" lon="128.950563">
        <ele>1031.6</ele>
      </trkpt>
      <trkpt lat="37.147452" lon="128.950605">
        <ele>1031.4</ele>
      </trkpt>
      <trkpt lat="37.147426" lon="128.950651">
        <ele>1031.0</ele>
      </trkpt>
      <trkpt lat="37.147407" lon="128.950702">
        <ele>1030.2</ele>
      </trkpt>
      <trkpt lat="37.147387" lon="128.950753">
        <ele>1029.5</ele>
      </trkpt>
      <trkpt lat="37.147371" lon="128.950805">
        <ele>1028.8</ele>
      </trkpt>
      <trkpt lat="37.147361" lon="128.950860">
        <ele>1028.3</ele>
      </trkpt>
      <trkpt lat="37.147351" lon="128.950915">
        <ele>1027.8</ele>
      </trkpt>
      <trkpt lat="37.147341" lon="128.950970">
        <ele>1027.4</ele>
      </trkpt>
      <trkpt lat="37.147331" lon="128.951025">
        <ele>1026.9</ele>
      </trkpt>
      <trkpt lat="37.147321" lon="128.951080">
        <ele>1026.4</ele>
      </trkpt>
      <trkpt lat="37.147310" lon="128.951135">
        <ele>1025.9</ele>
      </trkpt>
      <trkpt lat="37.147300" lon="128.951190">
        <ele>1025.4</ele>
      </trkpt>
      <trkpt lat="37.147290" lon="128.951245">
        <ele>1024.9</ele>
      </trkpt>
      <trkpt lat="37.147280" lon="128.951300">
        <ele>1024.4</ele>
      </trkpt>
      <trkpt lat="37.147270" lon="128.951354">
        <ele>1023.9</ele>
      </trkpt>
      <trkpt lat="37.147256" lon="128.951408">
        <ele>1023.7</ele>
      </trkpt>
      <trkpt lat="37.147241" lon="128.951461">
        <ele>1023.5</ele>
      </trkpt>
      <trkpt lat="37.147226" lon="128.951514">
        <ele>1023.3</ele>
      </trkpt>
      <trkpt lat="37.147210" lon="128.951567">
        <ele>1023.1</ele>
      </trkpt>
      <trkpt lat="37.147195" lon="128.951620">
        <ele>1023.0</ele>
      </trkpt>
      <trkpt lat="37.147180" lon="128.951674">
        <ele>1022.8</ele>
      </trkpt>
      <trkpt lat="37.147165" lon="128.951727">
        <ele>1022.6</ele>
      </trkpt>
      <trkpt lat="37.147149" lon="128.951779">
        <ele>1022.4</ele>
      </trkpt>
      <trkpt lat="37.147130" lon="128.951831">
        <ele>1022.3</ele>
      </trkpt>
      <trkpt lat="37.147112" lon="128.951882">
        <ele>1022.1</ele>
      </trkpt>
      <trkpt lat="37.147094" lon="128.951934">
        <ele>1021.9</ele>
      </trkpt>
      <trkpt lat="37.147075" lon="128.951985">
        <ele>1021.7</ele>
      </trkpt>
      <trkpt lat="37.147057" lon="128.952037">
        <ele>1021.5</ele>
      </trkpt>
      <trkpt lat="37.147034" lon="128.952085">
        <ele>1021.6</ele>
      </trkpt>
      <trkpt lat="37.147010" lon="128.952133">
        <ele>1021.6</ele>
      </trkpt>
      <trkpt lat="37.146987" lon="128.952181">
        <ele>1021.7</ele>
      </trkpt>
      <trkpt lat="37.146963" lon="128.952229">
        <ele>1021.8</ele>
      </trkpt>
      <trkpt lat="37.146940" lon="128.952277">
        <ele>1021.8</ele>
      </trkpt>
      <trkpt lat="37.146916" lon="128.952325">
        <ele>1021.9</ele>
      </trkpt>
      <trkpt lat="37.146893" lon="128.952374">
        <ele>1022.0</ele>
      </trkpt>
      <trkpt lat="37.146874" lon="128.952424">
        <ele>1022.0</ele>
      </trkpt>
      <trkpt lat="37.146858" lon="128.952477">
        <ele>1022.0</ele>
      </trkpt>
      <trkpt lat="37.146843" lon="128.952530">
        <ele>1022.0</ele>
      </trkpt>
      <trkpt lat="37.146827" lon="128.952583">
        <ele>1022.0</ele>
      </trkpt>
      <trkpt lat="37.146815" lon="128.952638">
        <ele>1022.5</ele>
      </trkpt>
      <trkpt lat="37.146804" lon="128.952692">
        <ele>1023.0</ele>
      </trkpt>
      <trkpt lat="37.146792" lon="128.952747">
        <ele>1023.6</ele>
      </trkpt>
      <trkpt lat="37.146781" lon="128.952801">
        <ele>1024.1</ele>
      </trkpt>
      <trkpt lat="37.146770" lon="128.952856">
        <ele>1024.7</ele>
      </trkpt>
      <trkpt lat="37.146758" lon="128.952910">
        <ele>1025.2</ele>
      </trkpt>
      <trkpt lat="37.146747" lon="128.952965">
        <ele>1025.8</ele>
      </trkpt>
      <trkpt lat="37.146735" lon="128.953020">
        <ele>1026.3</ele>
      </trkpt>
      <trkpt lat="37.146727" lon="128.953074">
        <ele>1026.8</ele>
      </trkpt>
      <trkpt lat="37.146732" lon="128.953130">
        <ele>1026.6</ele>
      </trkpt>
      <trkpt lat="37.146737" lon="128.953187">
        <ele>1026.4</ele>
      </trkpt>
      <trkpt lat="37.146746" lon="128.953241">
        <ele>1026.0</ele>
      </trkpt>
      <trkpt lat="37.146768" lon="128.953290">
        <ele>1024.4</ele>
      </trkpt>
      <trkpt lat="37.146789" lon="128.953338">
        <ele>1022.8</ele>
      </trkpt>
      <trkpt lat="37.146801" lon="128.953361">
        <ele>1023.4</ele>
      </trkpt>
      <trkpt lat="37.146827" lon="128.953407">
        <ele>1022.2</ele>
      </trkpt>
      <trkpt lat="37.146858" lon="128.953447">
        <ele>1020.8</ele>
      </trkpt>
      <trkpt lat="37.146889" lon="128.953488">
        <ele>1019.4</ele>
      </trkpt>
      <trkpt lat="37.146920" lon="128.953529">
        <ele>1018.0</ele>
      </trkpt>
      <trkpt lat="37.146952" lon="128.953569">
        <ele>1016.5</ele>
      </trkpt>
      <trkpt lat="37.146988" lon="128.953603">
        <ele>1015.0</ele>
      </trkpt>
      <trkpt lat="37.147024" lon="128.953637">
        <ele>1013.5</ele>
      </trkpt>
      <trkpt lat="37.147060" lon="128.953671">
        <ele>1012.1</ele>
      </trkpt>
      <trkpt lat="37.147096" lon="128.953704">
        <ele>1010.6</ele>
      </trkpt>
      <trkpt lat="37.147132" lon="128.953738">
        <ele>1009.1</ele>
      </trkpt>
      <trkpt lat="37.147167" lon="128.953773">
        <ele>1007.6</ele>
      </trkpt>
      <trkpt lat="37.147199" lon="128.953813">
        <ele>1006.5</ele>
      </trkpt>
      <trkpt lat="37.147230" lon="128.953853">
        <ele>1005.3</ele>
      </trkpt>
      <trkpt lat="37.147261" lon="128.953894">
        <ele>1004.2</ele>
      </trkpt>
      <trkpt lat="37.147293" lon="128.953934">
        <ele>1003.0</ele>
      </trkpt>
      <trkpt lat="37.147324" lon="128.953975">
        <ele>1001.9</ele>
      </trkpt>
      <trkpt lat="37.147350" lon="128.954020">
        <ele>1001.0</ele>
      </trkpt>
      <trkpt lat="37.147374" lon="128.954068">
        <ele>1000.3</ele>
      </trkpt>
      <trkpt lat="37.147398" lon="128.954116">
        <ele>999.5</ele>
      </trkpt>
      <trkpt lat="37.147439" lon="128.954139">
        <ele>997.7</ele>
      </trkpt>
      <trkpt lat="37.147480" lon="128.954161">
        <ele>995.8</ele>
      </trkpt>
      <trkpt lat="37.147522" lon="128.954183">
        <ele>993.9</ele>
      </trkpt>
      <trkpt lat="37.147563" lon="128.954204">
        <ele>992.0</ele>
      </trkpt>
      <trkpt lat="37.147604" lon="128.954226">
        <ele>990.1</ele>
      </trkpt>
      <trkpt lat="37.147646" lon="128.954248">
        <ele>988.2</ele>
      </trkpt>
      <trkpt lat="37.147687" lon="128.954270">
        <ele>986.3</ele>
      </trkpt>
      <trkpt lat="37.147729" lon="128.954292">
        <ele>984.4</ele>
      </trkpt>
      <trkpt lat="37.147770" lon="128.954314">
        <ele>982.6</ele>
      </trkpt>
      <trkpt lat="37.147812" lon="128.954336">
        <ele>980.7</ele>
      </trkpt>
      <trkpt lat="37.147853" lon="128.954357">
        <ele>978.8</ele>
      </trkpt>
      <trkpt lat="37.147890" lon="128.954358">
        <ele>977.2</ele>
      </trkpt>
      <trkpt lat="37.147919" lon="128.954314">
        <ele>976.3</ele>
      </trkpt>
      <trkpt lat="37.147947" lon="128.954270">
        <ele>975.5</ele>
      </trkpt>
      <trkpt lat="37.147976" lon="128.954227">
        <ele>974.6</ele>
      </trkpt>
      <trkpt lat="37.148004" lon="128.954183">
        <ele>973.7</ele>
      </trkpt>
      <trkpt lat="37.148033" lon="128.954139">
        <ele>972.8</ele>
      </trkpt>
      <trkpt lat="37.148061" lon="128.954096">
        <ele>972.0</ele>
      </trkpt>
      <trkpt lat="37.148090" lon="128.954052">
        <ele>971.1</ele>
      </trkpt>
      <trkpt lat="37.148118" lon="128.954008">
        <ele>970.2</ele>
      </trkpt>
      <trkpt lat="37.148147" lon="128.953965">
        <ele>969.4</ele>
      </trkpt>
      <trkpt lat="37.148173" lon="128.953975">
        <ele>968.2</ele>
      </trkpt>
      <trkpt lat="37.148198" lon="128.954022">
        <ele>966.9</ele>
      </trkpt>
      <trkpt lat="37.148223" lon="128.954069">
        <ele>965.6</ele>
      </trkpt>
      <trkpt lat="37.148248" lon="128.954116">
        <ele>964.3</ele>
      </trkpt>
      <trkpt lat="37.148273" lon="128.954163">
        <ele>963.0</ele>
      </trkpt>
      <trkpt lat="37.148298" lon="128.954210">
        <ele>961.7</ele>
      </trkpt>
      <trkpt lat="37.148323" lon="128.954257">
        <ele>960.4</ele>
      </trkpt>
      <trkpt lat="37.148348" lon="128.954304">
        <ele>959.1</ele>
      </trkpt>
      <trkpt lat="37.148373" lon="128.954350">
        <ele>957.9</ele>
      </trkpt>
      <trkpt lat="37.148398" lon="128.954397">
        <ele>956.6</ele>
      </trkpt>
      <trkpt lat="37.148423" lon="128.954444">
        <ele>955.3</ele>
      </trkpt>
      <trkpt lat="37.148448" lon="128.954491">
        <ele>954.0</ele>
      </trkpt>
      <trkpt lat="37.148473" lon="128.954538">
        <ele>952.7</ele>
      </trkpt>
      <trkpt lat="37.148498" lon="128.954585">
        <ele>951.4</ele>
      </trkpt>
      <trkpt lat="37.148522" lon="128.954632">
        <ele>950.1</ele>
      </trkpt>
      <trkpt lat="37.148547" lon="128.954679">
        <ele>948.8</ele>
      </trkpt>
      <trkpt lat="37.148573" lon="128.954725">
        <ele>947.5</ele>
      </trkpt>
      <trkpt lat="37.148617" lon="128.954716">
        <ele>945.9</ele>
      </trkpt>
      <trkpt lat="37.148662" lon="128.954707">
        <ele>944.4</ele>
      </trkpt>
      <trkpt lat="37.148706" lon="128.954698">
        <ele>942.8</ele>
      </trkpt>
      <trkpt lat="37.148750" lon="128.954689">
        <ele>941.3</ele>
      </trkpt>
      <trkpt lat="37.148795" lon="128.954681">
        <ele>939.8</ele>
      </trkpt>
      <trkpt lat="37.148839" lon="128.954672">
        <ele>938.2</ele>
      </trkpt>
      <trkpt lat="37.148884" lon="128.954663">
        <ele>936.7</ele>
      </trkpt>
      <trkpt lat="37.148928" lon="128.954654">
        <ele>935.1</ele>
      </trkpt>
      <trkpt lat="37.148972" lon="128.954645">
        <ele>933.6</ele>
      </trkpt>
      <trkpt lat="37.149017" lon="128.954636">
        <ele>932.1</ele>
      </trkpt>
      <trkpt lat="37.149061" lon="128.954628">
        <ele>930.5</ele>
      </trkpt>
      <trkpt lat="37.149106" lon="128.954619">
        <ele>929.0</ele>
      </trkpt>
      <trkpt lat="37.149150" lon="128.954610">
        <ele>927.4</ele>
      </trkpt>
      <trkpt lat="37.149194" lon="128.954601">
        <ele>925.9</ele>
      </trkpt>
      <trkpt lat="37.149239" lon="128.954592">
        <ele>924.3</ele>
      </trkpt>
      <trkpt lat="37.149283" lon="128.954583">
        <ele>922.8</ele>
      </trkpt>
      <trkpt lat="37.149328" lon="128.954574">
        <ele>921.3</ele>
      </trkpt>
      <trkpt lat="37.149367" lon="128.954597">
        <ele>920.0</ele>
      </trkpt>
      <trkpt lat="37.149406" lon="128.954626">
        <ele>918.7</ele>
      </trkpt>
      <trkpt lat="37.149445" lon="128.954654">
        <ele>917.5</ele>
      </trkpt>
      <trkpt lat="37.149484" lon="128.954683">
        <ele>916.3</ele>
      </trkpt>
      <trkpt lat="37.149522" lon="128.954712">
        <ele>915.0</ele>
      </trkpt>
      <trkpt lat="37.149561" lon="128.954740">
        <ele>913.8</ele>
      </trkpt>
      <trkpt lat="37.149600" lon="128.954769">
        <ele>912.6</ele>
      </trkpt>
      <trkpt lat="37.149638" lon="128.954798">
        <ele>911.4</ele>
      </trkpt>
      <trkpt lat="37.149677" lon="128.954826">
        <ele>910.1</ele>
      </trkpt>
      <trkpt lat="37.149716" lon="128.954855">
        <ele>908.9</ele>
      </trkpt>
      <trkpt lat="37.149755" lon="128.954884">
        <ele>907.7</ele>
      </trkpt>
      <trkpt lat="37.149793" lon="128.954912">
        <ele>906.4</ele>
      </trkpt>
      <trkpt lat="37.149832" lon="128.954941">
        <ele>905.2</ele>
      </trkpt>
      <trkpt lat="37.149871" lon="128.954970">
        <ele>904.0</ele>
      </trkpt>
      <trkpt lat="37.149909" lon="128.954998">
        <ele>902.7</ele>
      </trkpt>
      <trkpt lat="37.149912" lon="128.955049">
        <ele>901.7</ele>
      </trkpt>
      <trkpt lat="37.149907" lon="128.955105">
        <ele>900.8</ele>
      </trkpt>
      <trkpt lat="37.149901" lon="128.955161">
        <ele>899.9</ele>
      </trkpt>
      <trkpt lat="37.149896" lon="128.955217">
        <ele>898.9</ele>
      </trkpt>
      <trkpt lat="37.149890" lon="128.955273">
        <ele>898.0</ele>
      </trkpt>
      <trkpt lat="37.149885" lon="128.955329">
        <ele>897.1</ele>
      </trkpt>
      <trkpt lat="37.149879" lon="128.955385">
        <ele>896.2</ele>
      </trkpt>
      <trkpt lat="37.149909" lon="128.955421">
        <ele>894.5</ele>
      </trkpt>
      <trkpt lat="37.149946" lon="128.955453">
        <ele>892.7</ele>
      </trkpt>
      <trkpt lat="37.149983" lon="128.955486">
        <ele>891.0</ele>
      </trkpt>
      <trkpt lat="37.150019" lon="128.955518">
        <ele>889.2</ele>
      </trkpt>
      <trkpt lat="37.150056" lon="128.955551">
        <ele>887.4</ele>
      </trkpt>
      <trkpt lat="37.150093" lon="128.955583">
        <ele>885.7</ele>
      </trkpt>
      <trkpt lat="37.150130" lon="128.955615">
        <ele>883.9</ele>
      </trkpt>
      <trkpt lat="37.150167" lon="128.955648">
        <ele>882.1</ele>
      </trkpt>
      <trkpt lat="37.150204" lon="128.955680">
        <ele>880.3</ele>
      </trkpt>
      <trkpt lat="37.150240" lon="128.955712">
        <ele>878.6</ele>
      </trkpt>
      <trkpt lat="37.150277" lon="128.955745">
        <ele>876.8</ele>
      </trkpt>
      <trkpt lat="37.150314" lon="128.955777">
        <ele>875.0</ele>
      </trkpt>
      <trkpt lat="37.150351" lon="128.955809">
        <ele>873.3</ele>
      </trkpt>
      <trkpt lat="37.150388" lon="128.955842">
        <ele>871.5</ele>
      </trkpt>
      <trkpt lat="37.150425" lon="128.955874">
        <ele>869.7</ele>
      </trkpt>
      <trkpt lat="37.150452" lon="128.955911">
        <ele>868.0</ele>
      </trkpt>
      <trkpt lat="37.150443" lon="128.955966">
        <ele>866.8</ele>
      </trkpt>
      <trkpt lat="37.150434" lon="128.956022">
        <ele>865.6</ele>
      </trkpt>
      <trkpt lat="37.150425" lon="128.956077">
        <ele>864.3</ele>
      </trkpt>
      <trkpt lat="37.150416" lon="128.956132">
        <ele>863.1</ele>
      </trkpt>
      <trkpt lat="37.150407" lon="128.956187">
        <ele>861.8</ele>
      </trkpt>
      <trkpt lat="37.150397" lon="128.956243">
        <ele>860.6</ele>
      </trkpt>
      <trkpt lat="37.150388" lon="128.956298">
        <ele>859.3</ele>
      </trkpt>
      <trkpt lat="37.150379" lon="128.956353">
        <ele>858.1</ele>
      </trkpt>
      <trkpt lat="37.150370" lon="128.956408">
        <ele>856.8</ele>
      </trkpt>
      <trkpt lat="37.150378" lon="128.956451">
        <ele>855.4</ele>
      </trkpt>
      <trkpt lat="37.150421" lon="128.956469">
        <ele>853.7</ele>
      </trkpt>
      <trkpt lat="37.150463" lon="128.956487">
        <ele>852.0</ele>
      </trkpt>
      <trkpt lat="37.150506" lon="128.956505">
        <ele>850.3</ele>
      </trkpt>
      <trkpt lat="37.150549" lon="128.956523">
        <ele>848.7</ele>
      </trkpt>
      <trkpt lat="37.150591" lon="128.956541">
        <ele>847.0</ele>
      </trkpt>
      <trkpt lat="37.150633" lon="128.956558">
        <ele>845.3</ele>
      </trkpt>
      <trkpt lat="37.150645" lon="128.956503">
        <ele>846.0</ele>
      </trkpt>
      <trkpt lat="37.150656" lon="128.956449">
        <ele>846.7</ele>
      </trkpt>
      <trkpt lat="37.150668" lon="128.956394">
        <ele>847.4</ele>
      </trkpt>
      <trkpt lat="37.150679" lon="128.956340">
        <ele>848.1</ele>
      </trkpt>
      <trkpt lat="37.150691" lon="128.956285">
        <ele>848.8</ele>
      </trkpt>
      <trkpt lat="37.150702" lon="128.956231">
        <ele>849.4</ele>
      </trkpt>
      <trkpt lat="37.150714" lon="128.956176">
        <ele>850.1</ele>
      </trkpt>
      <trkpt lat="37.150725" lon="128.956122">
        <ele>850.8</ele>
      </trkpt>
      <trkpt lat="37.150737" lon="128.956067">
        <ele>851.5</ele>
      </trkpt>
      <trkpt lat="37.150748" lon="128.956013">
        <ele>852.2</ele>
      </trkpt>
      <trkpt lat="37.150760" lon="128.955958">
        <ele>852.9</ele>
      </trkpt>
      <trkpt lat="37.150772" lon="128.955903">
        <ele>853.6</ele>
      </trkpt>
      <trkpt lat="37.150783" lon="128.955849">
        <ele>854.3</ele>
      </trkpt>
      <trkpt lat="37.150795" lon="128.955794">
        <ele>855.0</ele>
      </trkpt>
      <trkpt lat="37.150806" lon="128.955740">
        <ele>855.6</ele>
      </trkpt>
      <trkpt lat="37.150818" lon="128.955685">
        <ele>856.3</ele>
      </trkpt>
      <trkpt lat="37.150829" lon="128.955631">
        <ele>857.0</ele>
      </trkpt>
      <trkpt lat="37.150841" lon="128.955576">
        <ele>857.7</ele>
      </trkpt>
      <trkpt lat="37.150852" lon="128.955522">
        <ele>858.4</ele>
      </trkpt>
      <trkpt lat="37.150864" lon="128.955467">
        <ele>859.1</ele>
      </trkpt>
      <trkpt lat="37.150875" lon="128.955413">
        <ele>859.8</ele>
      </trkpt>
      <trkpt lat="37.150882" lon="128.955358">
        <ele>860.5</ele>
      </trkpt>
      <trkpt lat="37.150876" lon="128.955302">
        <ele>861.1</ele>
      </trkpt>
      <trkpt lat="37.150870" lon="128.955246">
        <ele>861.8</ele>
      </trkpt>
      <trkpt lat="37.150863" lon="128.955190">
        <ele>862.5</ele>
      </trkpt>
      <trkpt lat="37.150857" lon="128.955134">
        <ele>863.2</ele>
      </trkpt>
      <trkpt lat="37.150850" lon="128.955079">
        <ele>863.9</ele>
      </trkpt>
      <trkpt lat="37.150844" lon="128.955023">
        <ele>864.5</ele>
      </trkpt>
      <trkpt lat="37.150837" lon="128.954967">
        <ele>865.2</ele>
      </trkpt>
      <trkpt lat="37.150831" lon="128.954911">
        <ele>865.9</ele>
      </trkpt>
      <trkpt lat="37.150824" lon="128.954855">
        <ele>866.6</ele>
      </trkpt>
      <trkpt lat="37.150818" lon="128.954800">
        <ele>867.2</ele>
      </trkpt>
      <trkpt lat="37.150812" lon="128.954744">
        <ele>867.9</ele>
      </trkpt>
      <trkpt lat="37.150803" lon="128.954689">
        <ele>868.6</ele>
      </trkpt>
      <trkpt lat="37.150780" lon="128.954640">
        <ele>869.7</ele>
      </trkpt>
      <trkpt lat="37.150758" lon="128.954591">
        <ele>870.7</ele>
      </trkpt>
      <trkpt lat="37.150735" lon="128.954543">
        <ele>871.7</ele>
      </trkpt>
      <trkpt lat="37.150712" lon="128.954494">
        <ele>872.7</ele>
      </trkpt>
      <trkpt lat="37.150690" lon="128.954445">
        <ele>873.7</ele>
      </trkpt>
      <trkpt lat="37.150667" lon="128.954396">
        <ele>874.8</ele>
      </trkpt>
      <trkpt lat="37.150645" lon="128.954347">
        <ele>875.8</ele>
      </trkpt>
      <trkpt lat="37.150622" lon="128.954299">
        <ele>876.8</ele>
      </trkpt>
      <trkpt lat="37.150600" lon="128.954250">
        <ele>877.8</ele>
      </trkpt>
      <trkpt lat="37.150577" lon="128.954201">
        <ele>878.8</ele>
      </trkpt>
      <trkpt lat="37.150554" lon="128.954152">
        <ele>879.9</ele>
      </trkpt>
      <trkpt lat="37.150532" lon="128.954103">
        <ele>880.9</ele>
      </trkpt>
      <trkpt lat="37.150509" lon="128.954055">
        <ele>881.9</ele>
      </trkpt>
      <trkpt lat="37.150487" lon="128.954006">
        <ele>882.9</ele>
      </trkpt>
      <trkpt lat="37.150464" lon="128.953957">
        <ele>883.9</ele>
      </trkpt>
      <trkpt lat="37.150442" lon="128.953908">
        <ele>885.0</ele>
      </trkpt>
      <trkpt lat="37.150462" lon="128.953905">
        <ele>884.9</ele>
      </trkpt>
      <trkpt lat="37.150505" lon="128.953924">
        <ele>884.2</ele>
      </trkpt>
      <trkpt lat="37.150547" lon="128.953942">
        <ele>883.5</ele>
      </trkpt>
      <trkpt lat="37.150589" lon="128.953961">
        <ele>882.8</ele>
      </trkpt>
      <trkpt lat="37.150632" lon="128.953980">
        <ele>882.2</ele>
      </trkpt>
      <trkpt lat="37.150674" lon="128.953999">
        <ele>881.5</ele>
      </trkpt>
      <trkpt lat="37.150716" lon="128.954018">
        <ele>880.8</ele>
      </trkpt>
      <trkpt lat="37.150759" lon="128.954037">
        <ele>880.1</ele>
      </trkpt>
      <trkpt lat="37.150801" lon="128.954056">
        <ele>879.5</ele>
      </trkpt>
      <trkpt lat="37.150844" lon="128.954075">
        <ele>878.8</ele>
      </trkpt>
      <trkpt lat="37.150886" lon="128.954094">
        <ele>878.1</ele>
      </trkpt>
      <trkpt lat="37.150928" lon="128.954113">
        <ele>877.5</ele>
      </trkpt>
      <trkpt lat="37.150971" lon="128.954132">
        <ele>876.8</ele>
      </trkpt>
      <trkpt lat="37.151013" lon="128.954151">
        <ele>876.1</ele>
      </trkpt>
      <trkpt lat="37.151055" lon="128.954170">
        <ele>875.4</ele>
      </trkpt>
      <trkpt lat="37.151098" lon="128.954189">
        <ele>874.8</ele>
      </trkpt>
      <trkpt lat="37.151140" lon="128.954208">
        <ele>874.1</ele>
      </trkpt>
      <trkpt lat="37.151182" lon="128.954226">
        <ele>873.4</ele>
      </trkpt>
      <trkpt lat="37.151225" lon="128.954245">
        <ele>872.7</ele>
      </trkpt>
      <trkpt lat="37.151263" lon="128.954272">
        <ele>871.9</ele>
      </trkpt>
      <trkpt lat="37.151291" lon="128.954316">
        <ele>870.7</ele>
      </trkpt>
      <trkpt lat="37.151320" lon="128.954360">
        <ele>869.6</ele>
      </trkpt>
      <trkpt lat="37.151348" lon="128.954403">
        <ele>868.4</ele>
      </trkpt>
      <trkpt lat="37.151377" lon="128.954447">
        <ele>867.3</ele>
      </trkpt>
      <trkpt lat="37.151405" lon="128.954490">
        <ele>866.1</ele>
      </trkpt>
      <trkpt lat="37.151434" lon="128.954534">
        <ele>864.9</ele>
      </trkpt>
      <trkpt lat="37.151463" lon="128.954577">
        <ele>863.8</ele>
      </trkpt>
      <trkpt lat="37.151491" lon="128.954621">
        <ele>862.6</ele>
      </trkpt>
      <trkpt lat="37.151520" lon="128.954664">
        <ele>861.4</ele>
      </trkpt>
      <trkpt lat="37.151548" lon="128.954708">
        <ele>860.3</ele>
      </trkpt>
      <trkpt lat="37.151577" lon="128.954752">
        <ele>859.1</ele>
      </trkpt>
      <trkpt lat="37.151606" lon="128.954795">
        <ele>857.9</ele>
      </trkpt>
      <trkpt lat="37.151634" lon="128.954839">
        <ele>856.8</ele>
      </trkpt>
      <trkpt lat="37.151674" lon="128.954862">
        <ele>856.2</ele>
      </trkpt>
      <trkpt lat="37.151717" lon="128.954879">
        <ele>855.9</ele>
      </trkpt>
      <trkpt lat="37.151759" lon="128.954896">
        <ele>855.5</ele>
      </trkpt>
      <trkpt lat="37.151802" lon="128.954913">
        <ele>855.2</ele>
      </trkpt>
      <trkpt lat="37.151845" lon="128.954929">
        <ele>854.8</ele>
      </trkpt>
      <trkpt lat="37.151888" lon="128.954946">
        <ele>854.5</ele>
      </trkpt>
      <trkpt lat="37.151931" lon="128.954963">
        <ele>854.1</ele>
      </trkpt>
      <trkpt lat="37.151974" lon="128.954980">
        <ele>853.7</ele>
      </trkpt>
      <trkpt lat="37.152017" lon="128.954997">
        <ele>853.4</ele>
      </trkpt>
      <trkpt lat="37.152057" lon="128.954981">
        <ele>854.0</ele>
      </trkpt>
      <trkpt lat="37.152097" lon="128.954954">
        <ele>854.8</ele>
      </trkpt>
      <trkpt lat="37.152137" lon="128.954928">
        <ele>855.7</ele>
      </trkpt>
      <trkpt lat="37.152176" lon="128.954901">
        <ele>856.5</ele>
      </trkpt>
      <trkpt lat="37.152216" lon="128.954875">
        <ele>857.4</ele>
      </trkpt>
      <trkpt lat="37.152256" lon="128.954848">
        <ele>858.2</ele>
      </trkpt>
      <trkpt lat="37.152296" lon="128.954822">
        <ele>859.1</ele>
      </trkpt>
      <trkpt lat="37.152335" lon="128.954795">
        <ele>860.0</ele>
      </trkpt>
      <trkpt lat="37.152375" lon="128.954769">
        <ele>860.8</ele>
      </trkpt>
      <trkpt lat="37.152415" lon="128.954743">
        <ele>861.7</ele>
      </trkpt>
      <trkpt lat="37.152454" lon="128.954716">
        <ele>862.5</ele>
      </trkpt>
      <trkpt lat="37.152494" lon="128.954690">
        <ele>863.4</ele>
      </trkpt>
      <trkpt lat="37.152511" lon="128.954706">
        <ele>862.9</ele>
      </trkpt>
      <trkpt lat="37.152507" lon="128.954763">
        <ele>861.2</ele>
      </trkpt>
      <trkpt lat="37.152483" lon="128.954802">
        <ele>860.0</ele>
      </trkpt>
      <trkpt lat="37.152443" lon="128.954830">
        <ele>859.2</ele>
      </trkpt>
      <trkpt lat="37.152404" lon="128.954857">
        <ele>858.3</ele>
      </trkpt>
      <trkpt lat="37.152365" lon="128.954884">
        <ele>857.5</ele>
      </trkpt>
      <trkpt lat="37.152325" lon="128.954912">
        <ele>856.7</ele>
      </trkpt>
      <trkpt lat="37.152286" lon="128.954939">
        <ele>855.8</ele>
      </trkpt>
      <trkpt lat="37.152247" lon="128.954966">
        <ele>855.0</ele>
      </trkpt>
      <trkpt lat="37.152207" lon="128.954993">
        <ele>854.1</ele>
      </trkpt>
      <trkpt lat="37.152167" lon="128.955018">
        <ele>853.4</ele>
      </trkpt>
      <trkpt lat="37.152126" lon="128.955041">
        <ele>852.8</ele>
      </trkpt>
      <trkpt lat="37.152085" lon="128.955064">
        <ele>852.2</ele>
      </trkpt>
      <trkpt lat="37.152043" lon="128.955086">
        <ele>851.6</ele>
      </trkpt>
      <trkpt lat="37.152002" lon="128.955109">
        <ele>850.9</ele>
      </trkpt>
      <trkpt lat="37.151961" lon="128.955132">
        <ele>850.3</ele>
      </trkpt>
      <trkpt lat="37.151920" lon="128.955155">
        <ele>849.7</ele>
      </trkpt>
      <trkpt lat="37.151879" lon="128.955178">
        <ele>849.1</ele>
      </trkpt>
      <trkpt lat="37.151838" lon="128.955201">
        <ele>848.4</ele>
      </trkpt>
      <trkpt lat="37.151795" lon="128.955196">
        <ele>848.6</ele>
      </trkpt>
      <trkpt lat="37.151751" lon="128.955182">
        <ele>849.0</ele>
      </trkpt>
      <trkpt lat="37.151707" lon="128.955169">
        <ele>849.4</ele>
      </trkpt>
      <trkpt lat="37.151664" lon="128.955156">
        <ele>849.8</ele>
      </trkpt>
      <trkpt lat="37.151620" lon="128.955142">
        <ele>850.3</ele>
      </trkpt>
      <trkpt lat="37.151576" lon="128.955129">
        <ele>850.7</ele>
      </trkpt>
      <trkpt lat="37.151538" lon="128.955128">
        <ele>850.8</ele>
      </trkpt>
      <trkpt lat="37.151523" lon="128.955181">
        <ele>850.0</ele>
      </trkpt>
      <trkpt lat="37.151508" lon="128.955234">
        <ele>849.1</ele>
      </trkpt>
      <trkpt lat="37.151493" lon="128.955288">
        <ele>848.2</ele>
      </trkpt>
      <trkpt lat="37.151478" lon="128.955341">
        <ele>847.3</ele>
      </trkpt>
      <trkpt lat="37.151462" lon="128.955394">
        <ele>846.4</ele>
      </trkpt>
      <trkpt lat="37.151476" lon="128.955432">
        <ele>845.7</ele>
      </trkpt>
      <trkpt lat="37.151517" lon="128.955455">
        <ele>845.1</ele>
      </trkpt>
      <trkpt lat="37.151558" lon="128.955478">
        <ele>844.6</ele>
      </trkpt>
      <trkpt lat="37.151599" lon="128.955501">
        <ele>844.0</ele>
      </trkpt>
      <trkpt lat="37.151640" lon="128.955525">
        <ele>843.4</ele>
      </trkpt>
      <trkpt lat="37.151681" lon="128.955548">
        <ele>842.8</ele>
      </trkpt>
      <trkpt lat="37.151722" lon="128.955571">
        <ele>842.3</ele>
      </trkpt>
      <trkpt lat="37.151763" lon="128.955594">
        <ele>841.7</ele>
      </trkpt>
      <trkpt lat="37.151804" lon="128.955618">
        <ele>841.1</ele>
      </trkpt>
      <trkpt lat="37.151845" lon="128.955641">
        <ele>840.5</ele>
      </trkpt>
      <trkpt lat="37.151887" lon="128.955640">
        <ele>841.0</ele>
      </trkpt>
      <trkpt lat="37.151930" lon="128.955623">
        <ele>842.1</ele>
      </trkpt>
      <trkpt lat="37.151973" lon="128.955607">
        <ele>843.3</ele>
      </trkpt>
      <trkpt lat="37.152016" lon="128.955590">
        <ele>844.4</ele>
      </trkpt>
      <trkpt lat="37.152059" lon="128.955573">
        <ele>845.5</ele>
      </trkpt>
      <trkpt lat="37.152102" lon="128.955557">
        <ele>846.7</ele>
      </trkpt>
      <trkpt lat="37.152145" lon="128.955540">
        <ele>847.8</ele>
      </trkpt>
      <trkpt lat="37.152188" lon="128.955523">
        <ele>849.0</ele>
      </trkpt>
      <trkpt lat="37.152230" lon="128.955507">
        <ele>850.1</ele>
      </trkpt>
      <trkpt lat="37.152273" lon="128.955490">
        <ele>851.2</ele>
      </trkpt>
      <trkpt lat="37.152316" lon="128.955473">
        <ele>852.4</ele>
      </trkpt>
      <trkpt lat="37.152359" lon="128.955457">
        <ele>853.5</ele>
      </trkpt>
      <trkpt lat="37.152402" lon="128.955440">
        <ele>854.6</ele>
      </trkpt>
      <trkpt lat="37.152445" lon="128.955423">
        <ele>855.8</ele>
      </trkpt>
      <trkpt lat="37.152438" lon="128.955477">
        <ele>855.8</ele>
      </trkpt>
      <trkpt lat="37.152429" lon="128.955533">
        <ele>855.8</ele>
      </trkpt>
      <trkpt lat="37.152403" lon="128.955569">
        <ele>855.1</ele>
      </trkpt>
      <trkpt lat="37.152360" lon="128.955587">
        <ele>853.8</ele>
      </trkpt>
      <trkpt lat="37.152318" lon="128.955606">
        <ele>852.5</ele>
      </trkpt>
      <trkpt lat="37.152275" lon="128.955624">
        <ele>851.2</ele>
      </trkpt>
      <trkpt lat="37.152233" lon="128.955643">
        <ele>850.0</ele>
      </trkpt>
      <trkpt lat="37.152190" lon="128.955661">
        <ele>848.7</ele>
      </trkpt>
      <trkpt lat="37.152148" lon="128.955680">
        <ele>847.4</ele>
      </trkpt>
      <trkpt lat="37.152105" lon="128.955698">
        <ele>846.1</ele>
      </trkpt>
      <trkpt lat="37.152063" lon="128.955717">
        <ele>844.8</ele>
      </trkpt>
      <trkpt lat="37.152020" lon="128.955735">
        <ele>843.5</ele>
      </trkpt>
      <trkpt lat="37.151997" lon="128.955781">
        <ele>842.4</ele>
      </trkpt>
      <trkpt lat="37.151976" lon="128.955831">
        <ele>841.4</ele>
      </trkpt>
      <trkpt lat="37.151956" lon="128.955881">
        <ele>840.3</ele>
      </trkpt>
      <trkpt lat="37.151936" lon="128.955932">
        <ele>839.3</ele>
      </trkpt>
      <trkpt lat="37.151915" lon="128.955982">
        <ele>838.3</ele>
      </trkpt>
      <trkpt lat="37.151895" lon="128.956032">
        <ele>837.2</ele>
      </trkpt>
      <trkpt lat="37.151874" lon="128.956083">
        <ele>836.2</ele>
      </trkpt>
      <trkpt lat="37.151854" lon="128.956133">
        <ele>835.1</ele>
      </trkpt>
      <trkpt lat="37.151834" lon="128.956183">
        <ele>834.1</ele>
      </trkpt>
      <trkpt lat="37.151813" lon="128.956233">
        <ele>833.1</ele>
      </trkpt>
      <trkpt lat="37.151793" lon="128.956284">
        <ele>832.0</ele>
      </trkpt>
      <trkpt lat="37.151772" lon="128.956334">
        <ele>831.0</ele>
      </trkpt>
      <trkpt lat="37.151752" lon="128.956384">
        <ele>830.0</ele>
      </trkpt>
      <trkpt lat="37.151732" lon="128.956435">
        <ele>828.9</ele>
      </trkpt>
      <trkpt lat="37.151711" lon="128.956485">
        <ele>827.9</ele>
      </trkpt>
      <trkpt lat="37.151694" lon="128.956528">
        <ele>831.3</ele>
      </trkpt>
      <trkpt lat="37.151674" lon="128.956579">
        <ele>830.5</ele>
      </trkpt>
      <trkpt lat="37.151653" lon="128.956629">
        <ele>829.8</ele>
      </trkpt>
      <trkpt lat="37.151633" lon="128.956679">
        <ele>829.1</ele>
      </trkpt>
      <trkpt lat="37.151613" lon="128.956730">
        <ele>828.3</ele>
      </trkpt>
      <trkpt lat="37.151593" lon="128.956780">
        <ele>827.6</ele>
      </trkpt>
      <trkpt lat="37.151577" lon="128.956833">
        <ele>827.2</ele>
      </trkpt>
      <trkpt lat="37.151565" lon="128.956887">
        <ele>826.9</ele>
      </trkpt>
      <trkpt lat="37.151553" lon="128.956941">
        <ele>826.6</ele>
      </trkpt>
      <trkpt lat="37.151540" lon="128.956996">
        <ele>826.4</ele>
      </trkpt>
      <trkpt lat="37.151528" lon="128.957050">
        <ele>826.1</ele>
      </trkpt>
      <trkpt lat="37.151516" lon="128.957104">
        <ele>825.9</ele>
      </trkpt>
      <trkpt lat="37.151504" lon="128.957159">
        <ele>825.6</ele>
      </trkpt>
      <trkpt lat="37.151492" lon="128.957213">
        <ele>825.4</ele>
      </trkpt>
      <trkpt lat="37.151479" lon="128.957267">
        <ele>825.1</ele>
      </trkpt>
      <trkpt lat="37.151467" lon="128.957322">
        <ele>824.9</ele>
      </trkpt>
      <trkpt lat="37.151455" lon="128.957376">
        <ele>824.6</ele>
      </trkpt>
      <trkpt lat="37.151443" lon="128.957430">
        <ele>824.4</ele>
      </trkpt>
      <trkpt lat="37.151431" lon="128.957484">
        <ele>824.1</ele>
      </trkpt>
      <trkpt lat="37.151418" lon="128.957539">
        <ele>823.9</ele>
      </trkpt>
      <trkpt lat="37.151406" lon="128.957593">
        <ele>823.6</ele>
      </trkpt>
      <trkpt lat="37.151413" lon="128.957645">
        <ele>822.8</ele>
      </trkpt>
      <trkpt lat="37.151435" lon="128.957694">
        <ele>821.7</ele>
      </trkpt>
      <trkpt lat="37.151456" lon="128.957744">
        <ele>820.5</ele>
      </trkpt>
      <trkpt lat="37.151478" lon="128.957793">
        <ele>819.4</ele>
      </trkpt>
      <trkpt lat="37.151499" lon="128.957843">
        <ele>818.2</ele>
      </trkpt>
      <trkpt lat="37.151521" lon="128.957892">
        <ele>817.1</ele>
      </trkpt>
      <trkpt lat="37.151542" lon="128.957942">
        <ele>815.9</ele>
      </trkpt>
      <trkpt lat="37.151564" lon="128.957992">
        <ele>814.8</ele>
      </trkpt>
      <trkpt lat="37.151585" lon="128.958041">
        <ele>813.6</ele>
      </trkpt>
      <trkpt lat="37.151607" lon="128.958091">
        <ele>812.5</ele>
      </trkpt>
      <trkpt lat="37.151628" lon="128.958140">
        <ele>811.3</ele>
      </trkpt>
      <trkpt lat="37.151649" lon="128.958190">
        <ele>810.2</ele>
      </trkpt>
      <trkpt lat="37.151671" lon="128.958240">
        <ele>809.0</ele>
      </trkpt>
      <trkpt lat="37.151677" lon="128.958295">
        <ele>808.5</ele>
      </trkpt>
      <trkpt lat="37.151678" lon="128.958351">
        <ele>808.1</ele>
      </trkpt>
      <trkpt lat="37.151680" lon="128.958407">
        <ele>807.8</ele>
      </trkpt>
      <trkpt lat="37.151682" lon="128.958464">
        <ele>807.4</ele>
      </trkpt>
      <trkpt lat="37.151684" lon="128.958520">
        <ele>807.0</ele>
      </trkpt>
      <trkpt lat="37.151686" lon="128.958576">
        <ele>806.6</ele>
      </trkpt>
      <trkpt lat="37.151688" lon="128.958633">
        <ele>806.3</ele>
      </trkpt>
      <trkpt lat="37.151690" lon="128.958689">
        <ele>805.9</ele>
      </trkpt>
      <trkpt lat="37.151692" lon="128.958746">
        <ele>805.5</ele>
      </trkpt>
      <trkpt lat="37.151694" lon="128.958802">
        <ele>805.2</ele>
      </trkpt>
      <trkpt lat="37.151696" lon="128.958858">
        <ele>804.8</ele>
      </trkpt>
      <trkpt lat="37.151698" lon="128.958915">
        <ele>804.4</ele>
      </trkpt>
      <trkpt lat="37.151699" lon="128.958971">
        <ele>804.1</ele>
      </trkpt>
      <trkpt lat="37.151701" lon="128.959027">
        <ele>803.7</ele>
      </trkpt>
      <trkpt lat="37.151703" lon="128.959084">
        <ele>803.3</ele>
      </trkpt>
      <trkpt lat="37.151705" lon="128.959140">
        <ele>802.9</ele>
      </trkpt>
      <trkpt lat="37.151707" lon="128.959196">
        <ele>802.6</ele>
      </trkpt>
      <trkpt lat="37.151709" lon="128.959253">
        <ele>802.2</ele>
      </trkpt>
      <trkpt lat="37.151711" lon="128.959309">
        <ele>801.8</ele>
      </trkpt>
      <trkpt lat="37.151709" lon="128.959366">
        <ele>801.4</ele>
      </trkpt>
      <trkpt lat="37.151706" lon="128.959422">
        <ele>800.9</ele>
      </trkpt>
      <trkpt lat="37.151704" lon="128.959478">
        <ele>800.5</ele>
      </trkpt>
      <trkpt lat="37.151701" lon="128.959535">
        <ele>800.0</ele>
      </trkpt>
      <trkpt lat="37.151699" lon="128.959591">
        <ele>799.6</ele>
      </trkpt>
      <trkpt lat="37.151696" lon="128.959647">
        <ele>799.1</ele>
      </trkpt>
      <trkpt lat="37.151694" lon="128.959704">
        <ele>798.7</ele>
      </trkpt>
      <trkpt lat="37.151692" lon="128.959760">
        <ele>798.2</ele>
      </trkpt>
      <trkpt lat="37.151689" lon="128.959816">
        <ele>797.8</ele>
      </trkpt>
      <trkpt lat="37.151687" lon="128.959873">
        <ele>797.3</ele>
      </trkpt>
      <trkpt lat="37.151684" lon="128.959929">
        <ele>796.9</ele>
      </trkpt>
      <trkpt lat="37.151682" lon="128.959985">
        <ele>796.4</ele>
      </trkpt>
      <trkpt lat="37.151679" lon="128.960042">
        <ele>796.0</ele>
      </trkpt>
      <trkpt lat="37.151677" lon="128.960098">
        <ele>795.5</ele>
      </trkpt>
      <trkpt lat="37.151674" lon="128.960154">
        <ele>795.1</ele>
      </trkpt>
      <trkpt lat="37.151672" lon="128.960211">
        <ele>794.6</ele>
      </trkpt>
      <trkpt lat="37.151669" lon="128.960267">
        <ele>794.2</ele>
      </trkpt>
      <trkpt lat="37.151667" lon="128.960323">
        <ele>793.7</ele>
      </trkpt>
      <trkpt lat="37.151665" lon="128.960380">
        <ele>793.3</ele>
      </trkpt>
      <trkpt lat="37.151662" lon="128.960436">
        <ele>792.8</ele>
      </trkpt>
      <trkpt lat="37.151679" lon="128.960488">
        <ele>793.0</ele>
      </trkpt>
      <trkpt lat="37.151697" lon="128.960540">
        <ele>793.2</ele>
      </trkpt>
      <trkpt lat="37.151714" lon="128.960591">
        <ele>793.4</ele>
      </trkpt>
      <trkpt lat="37.151732" lon="128.960643">
        <ele>793.6</ele>
      </trkpt>
      <trkpt lat="37.151750" lon="128.960695">
        <ele>793.8</ele>
      </trkpt>
      <trkpt lat="37.151768" lon="128.960747">
        <ele>794.0</ele>
      </trkpt>
      <trkpt lat="37.151786" lon="128.960799">
        <ele>794.2</ele>
      </trkpt>
      <trkpt lat="37.151804" lon="128.960850">
        <ele>794.4</ele>
      </trkpt>
      <trkpt lat="37.151821" lon="128.960902">
        <ele>794.6</ele>
      </trkpt>
      <trkpt lat="37.151839" lon="128.960954">
        <ele>794.8</ele>
      </trkpt>
      <trkpt lat="37.151857" lon="128.961006">
        <ele>795.0</ele>
      </trkpt>
      <trkpt lat="37.151875" lon="128.961058">
        <ele>795.2</ele>
      </trkpt>
      <trkpt lat="37.151882" lon="128.961112">
        <ele>795.1</ele>
      </trkpt>
      <trkpt lat="37.151879" lon="128.961168">
        <ele>794.8</ele>
      </trkpt>
      <trkpt lat="37.151875" lon="128.961224">
        <ele>794.5</ele>
      </trkpt>
      <trkpt lat="37.151872" lon="128.961280">
        <ele>794.2</ele>
      </trkpt>
      <trkpt lat="37.151868" lon="128.961337">
        <ele>793.8</ele>
      </trkpt>
      <trkpt lat="37.151865" lon="128.961393">
        <ele>793.5</ele>
      </trkpt>
      <trkpt lat="37.151862" lon="128.961449">
        <ele>793.2</ele>
      </trkpt>
      <trkpt lat="37.151858" lon="128.961505">
        <ele>792.8</ele>
      </trkpt>
      <trkpt lat="37.151855" lon="128.961562">
        <ele>792.5</ele>
      </trkpt>
      <trkpt lat="37.151851" lon="128.961618">
        <ele>792.2</ele>
      </trkpt>
      <trkpt lat="37.151848" lon="128.961674">
        <ele>791.9</ele>
      </trkpt>
      <trkpt lat="37.151844" lon="128.961730">
        <ele>791.5</ele>
      </trkpt>
      <trkpt lat="37.151841" lon="128.961787">
        <ele>791.2</ele>
      </trkpt>
      <trkpt lat="37.151837" lon="128.961843">
        <ele>790.9</ele>
      </trkpt>
      <trkpt lat="37.151834" lon="128.961899">
        <ele>790.5</ele>
      </trkpt>
      <trkpt lat="37.151830" lon="128.961955">
        <ele>790.2</ele>
      </trkpt>
      <trkpt lat="37.151827" lon="128.962012">
        <ele>789.9</ele>
      </trkpt>
      <trkpt lat="37.151824" lon="128.962068">
        <ele>789.6</ele>
      </trkpt>
      <trkpt lat="37.151820" lon="128.962124">
        <ele>789.2</ele>
      </trkpt>
      <trkpt lat="37.151817" lon="128.962180">
        <ele>788.9</ele>
      </trkpt>
      <trkpt lat="37.151813" lon="128.962237">
        <ele>788.6</ele>
      </trkpt>
      <trkpt lat="37.151810" lon="128.962293">
        <ele>788.2</ele>
      </trkpt>
      <trkpt lat="37.151806" lon="128.962349">
        <ele>787.9</ele>
      </trkpt>
      <trkpt lat="37.151803" lon="128.962405">
        <ele>787.6</ele>
      </trkpt>
      <trkpt lat="37.151799" lon="128.962462">
        <ele>787.3</ele>
      </trkpt>
      <trkpt lat="37.151796" lon="128.962518">
        <ele>786.9</ele>
      </trkpt>
      <trkpt lat="37.151792" lon="128.962574">
        <ele>786.6</ele>
      </trkpt>
      <trkpt lat="37.151789" lon="128.962630">
        <ele>786.3</ele>
      </trkpt>
      <trkpt lat="37.151786" lon="128.962687">
        <ele>786.0</ele>
      </trkpt>
      <trkpt lat="37.151782" lon="128.962743">
        <ele>785.6</ele>
      </trkpt>
      <trkpt lat="37.151779" lon="128.962799">
        <ele>785.3</ele>
      </trkpt>
      <trkpt lat="37.151775" lon="128.962855">
        <ele>785.0</ele>
      </trkpt>
      <trkpt lat="37.151772" lon="128.962912">
        <ele>784.6</ele>
      </trkpt>
      <trkpt lat="37.151768" lon="128.962968">
        <ele>784.3</ele>
      </trkpt>
      <trkpt lat="37.151764" lon="128.963024">
        <ele>784.0</ele>
      </trkpt>
      <trkpt lat="37.151748" lon="128.963077">
        <ele>783.3</ele>
      </trkpt>
      <trkpt lat="37.151732" lon="128.963129">
        <ele>782.7</ele>
      </trkpt>
      <trkpt lat="37.151716" lon="128.963182">
        <ele>782.1</ele>
      </trkpt>
      <trkpt lat="37.151700" lon="128.963235">
        <ele>781.4</ele>
      </trkpt>
      <trkpt lat="37.151684" lon="128.963288">
        <ele>780.8</ele>
      </trkpt>
      <trkpt lat="37.151669" lon="128.963340">
        <ele>780.1</ele>
      </trkpt>
      <trkpt lat="37.151680" lon="128.963392">
        <ele>780.4</ele>
      </trkpt>
      <trkpt lat="37.151700" lon="128.963442">
        <ele>780.9</ele>
      </trkpt>
      <trkpt lat="37.151719" lon="128.963493">
        <ele>781.4</ele>
      </trkpt>
      <trkpt lat="37.151739" lon="128.963544">
        <ele>781.9</ele>
      </trkpt>
      <trkpt lat="37.151759" lon="128.963595">
        <ele>782.4</ele>
      </trkpt>
      <trkpt lat="37.151778" lon="128.963646">
        <ele>782.9</ele>
      </trkpt>
      <trkpt lat="37.151798" lon="128.963696">
        <ele>783.4</ele>
      </trkpt>
      <trkpt lat="37.151817" lon="128.963747">
        <ele>783.9</ele>
      </trkpt>
      <trkpt lat="37.151837" lon="128.963798">
        <ele>784.4</ele>
      </trkpt>
      <trkpt lat="37.151856" lon="128.963849">
        <ele>784.9</ele>
      </trkpt>
      <trkpt lat="37.151876" lon="128.963900">
        <ele>785.4</ele>
      </trkpt>
      <trkpt lat="37.151896" lon="128.963950">
        <ele>785.9</ele>
      </trkpt>
      <trkpt lat="37.151915" lon="128.964001">
        <ele>786.4</ele>
      </trkpt>
      <trkpt lat="37.151935" lon="128.964052">
        <ele>786.9</ele>
      </trkpt>
      <trkpt lat="37.151954" lon="128.964103">
        <ele>787.4</ele>
      </trkpt>
      <trkpt lat="37.151957" lon="128.964158">
        <ele>787.3</ele>
      </trkpt>
      <trkpt lat="37.151954" lon="128.964214">
        <ele>787.0</ele>
      </trkpt>
      <trkpt lat="37.151952" lon="128.964270">
        <ele>786.6</ele>
      </trkpt>
      <trkpt lat="37.151949" lon="128.964327">
        <ele>786.3</ele>
      </trkpt>
      <trkpt lat="37.151947" lon="128.964383">
        <ele>786.0</ele>
      </trkpt>
      <trkpt lat="37.151944" lon="128.964439">
        <ele>785.7</ele>
      </trkpt>
      <trkpt lat="37.151941" lon="128.964496">
        <ele>785.4</ele>
      </trkpt>
      <trkpt lat="37.151939" lon="128.964552">
        <ele>785.1</ele>
      </trkpt>
      <trkpt lat="37.151936" lon="128.964608">
        <ele>784.8</ele>
      </trkpt>
      <trkpt lat="37.151934" lon="128.964665">
        <ele>784.5</ele>
      </trkpt>
      <trkpt lat="37.151931" lon="128.964721">
        <ele>784.1</ele>
      </trkpt>
      <trkpt lat="37.151928" lon="128.964777">
        <ele>783.8</ele>
      </trkpt>
      <trkpt lat="37.151926" lon="128.964834">
        <ele>783.5</ele>
      </trkpt>
      <trkpt lat="37.151923" lon="128.964890">
        <ele>783.2</ele>
      </trkpt>
      <trkpt lat="37.151921" lon="128.964946">
        <ele>782.9</ele>
      </trkpt>
      <trkpt lat="37.151918" lon="128.965003">
        <ele>782.6</ele>
      </trkpt>
      <trkpt lat="37.151915" lon="128.965059">
        <ele>782.3</ele>
      </trkpt>
      <trkpt lat="37.151913" lon="128.965115">
        <ele>782.0</ele>
      </trkpt>
      <trkpt lat="37.151910" lon="128.965172">
        <ele>781.6</ele>
      </trkpt>
      <trkpt lat="37.151907" lon="128.965228">
        <ele>781.3</ele>
      </trkpt>
      <trkpt lat="37.151905" lon="128.965284">
        <ele>781.0</ele>
      </trkpt>
      <trkpt lat="37.151899" lon="128.965340">
        <ele>780.7</ele>
      </trkpt>
      <trkpt lat="37.151883" lon="128.965393">
        <ele>780.4</ele>
      </trkpt>
      <trkpt lat="37.151868" lon="128.965446">
        <ele>780.0</ele>
      </trkpt>
      <trkpt lat="37.151852" lon="128.965498">
        <ele>779.7</ele>
      </trkpt>
      <trkpt lat="37.151837" lon="128.965551">
        <ele>779.3</ele>
      </trkpt>
      <trkpt lat="37.151822" lon="128.965604">
        <ele>779.0</ele>
      </trkpt>
      <trkpt lat="37.151806" lon="128.965657">
        <ele>778.7</ele>
      </trkpt>
      <trkpt lat="37.151791" lon="128.965710">
        <ele>778.3</ele>
      </trkpt>
      <trkpt lat="37.151775" lon="128.965763">
        <ele>778.0</ele>
      </trkpt>
      <trkpt lat="37.151760" lon="128.965816">
        <ele>777.6</ele>
      </trkpt>
      <trkpt lat="37.151744" lon="128.965869">
        <ele>777.3</ele>
      </trkpt>
      <trkpt lat="37.151729" lon="128.965922">
        <ele>777.0</ele>
      </trkpt>
      <trkpt lat="37.151713" lon="128.965975">
        <ele>776.6</ele>
      </trkpt>
      <trkpt lat="37.151698" lon="128.966028">
        <ele>776.3</ele>
      </trkpt>
      <trkpt lat="37.151682" lon="128.966081">
        <ele>775.9</ele>
      </trkpt>
      <trkpt lat="37.151667" lon="128.966134">
        <ele>775.6</ele>
      </trkpt>
      <trkpt lat="37.151652" lon="128.966187">
        <ele>775.3</ele>
      </trkpt>
      <trkpt lat="37.151636" lon="128.966240">
        <ele>774.9</ele>
      </trkpt>
      <trkpt lat="37.151621" lon="128.966293">
        <ele>774.6</ele>
      </trkpt>
      <trkpt lat="37.151605" lon="128.966346">
        <ele>774.2</ele>
      </trkpt>
      <trkpt lat="37.151590" lon="128.966399">
        <ele>773.9</ele>
      </trkpt>
      <trkpt lat="37.151574" lon="128.966452">
        <ele>773.6</ele>
      </trkpt>
      <trkpt lat="37.151569" lon="128.966508">
        <ele>773.4</ele>
      </trkpt>
      <trkpt lat="37.151566" lon="128.966564">
        <ele>773.2</ele>
      </trkpt>
      <trkpt lat="37.151563" lon="128.966621">
        <ele>773.1</ele>
      </trkpt>
      <trkpt lat="37.151560" lon="128.966677">
        <ele>773.0</ele>
      </trkpt>
      <trkpt lat="37.151557" lon="128.966733">
        <ele>772.8</ele>
      </trkpt>
      <trkpt lat="37.151554" lon="128.966789">
        <ele>772.7</ele>
      </trkpt>
      <trkpt lat="37.151551" lon="128.966846">
        <ele>772.6</ele>
      </trkpt>
      <trkpt lat="37.151547" lon="128.966902">
        <ele>772.4</ele>
      </trkpt>
      <trkpt lat="37.151544" lon="128.966958">
        <ele>772.3</ele>
      </trkpt>
      <trkpt lat="37.151541" lon="128.967014">
        <ele>772.2</ele>
      </trkpt>
      <trkpt lat="37.151538" lon="128.967071">
        <ele>772.0</ele>
      </trkpt>
      <trkpt lat="37.151535" lon="128.967127">
        <ele>771.9</ele>
      </trkpt>
      <trkpt lat="37.151530" lon="128.967183">
        <ele>771.8</ele>
      </trkpt>
      <trkpt lat="37.151524" lon="128.967239">
        <ele>771.7</ele>
      </trkpt>
      <trkpt lat="37.151517" lon="128.967295">
        <ele>771.6</ele>
      </trkpt>
      <trkpt lat="37.151510" lon="128.967350">
        <ele>771.5</ele>
      </trkpt>
      <trkpt lat="37.151503" lon="128.967406">
        <ele>771.4</ele>
      </trkpt>
      <trkpt lat="37.151497" lon="128.967462">
        <ele>771.3</ele>
      </trkpt>
      <trkpt lat="37.151490" lon="128.967518">
        <ele>771.2</ele>
      </trkpt>
      <trkpt lat="37.151483" lon="128.967574">
        <ele>771.0</ele>
      </trkpt>
      <trkpt lat="37.151476" lon="128.967629">
        <ele>770.9</ele>
      </trkpt>
      <trkpt lat="37.151470" lon="128.967685">
        <ele>770.8</ele>
      </trkpt>
      <trkpt lat="37.151463" lon="128.967741">
        <ele>770.7</ele>
      </trkpt>
      <trkpt lat="37.151456" lon="128.967797">
        <ele>770.6</ele>
      </trkpt>
      <trkpt lat="37.151449" lon="128.967852">
        <ele>770.5</ele>
      </trkpt>
      <trkpt lat="37.151443" lon="128.967908">
        <ele>770.4</ele>
      </trkpt>
      <trkpt lat="37.151436" lon="128.967964">
        <ele>770.3</ele>
      </trkpt>
      <trkpt lat="37.151429" lon="128.968020">
        <ele>770.2</ele>
      </trkpt>
      <trkpt lat="37.151422" lon="128.968076">
        <ele>770.1</ele>
      </trkpt>
      <trkpt lat="37.151416" lon="128.968131">
        <ele>770.0</ele>
      </trkpt>
      <trkpt lat="37.151409" lon="128.968187">
        <ele>769.9</ele>
      </trkpt>
      <trkpt lat="37.151402" lon="128.968243">
        <ele>769.8</ele>
      </trkpt>
      <trkpt lat="37.151395" lon="128.968299">
        <ele>769.7</ele>
      </trkpt>
      <trkpt lat="37.151389" lon="128.968354">
        <ele>769.6</ele>
      </trkpt>
      <trkpt lat="37.151382" lon="128.968410">
        <ele>769.5</ele>
      </trkpt>
      <trkpt lat="37.151375" lon="128.968466">
        <ele>769.4</ele>
      </trkpt>
      <trkpt lat="37.151368" lon="128.968522">
        <ele>769.3</ele>
      </trkpt>
      <trkpt lat="37.151362" lon="128.968578">
        <ele>769.2</ele>
      </trkpt>
      <trkpt lat="37.151355" lon="128.968633">
        <ele>769.1</ele>
      </trkpt>
      <trkpt lat="37.151348" lon="128.968689">
        <ele>769.0</ele>
      </trkpt>
      <trkpt lat="37.151319" lon="128.968729">
        <ele>768.4</ele>
      </trkpt>
      <trkpt lat="37.151285" lon="128.968766">
        <ele>767.6</ele>
      </trkpt>
      <trkpt lat="37.151250" lon="128.968802">
        <ele>766.8</ele>
      </trkpt>
      <trkpt lat="37.151216" lon="128.968839">
        <ele>766.1</ele>
      </trkpt>
      <trkpt lat="37.151182" lon="128.968875">
        <ele>765.3</ele>
      </trkpt>
      <trkpt lat="37.151147" lon="128.968912">
        <ele>764.6</ele>
      </trkpt>
      <trkpt lat="37.151113" lon="128.968948">
        <ele>763.8</ele>
      </trkpt>
      <trkpt lat="37.151079" lon="128.968985">
        <ele>763.0</ele>
      </trkpt>
      <trkpt lat="37.151044" lon="128.969021">
        <ele>762.3</ele>
      </trkpt>
      <trkpt lat="37.151010" lon="128.969057">
        <ele>761.5</ele>
      </trkpt>
      <trkpt lat="37.150976" lon="128.969094">
        <ele>760.7</ele>
      </trkpt>
      <trkpt lat="37.150942" lon="128.969130">
        <ele>760.0</ele>
      </trkpt>
      <trkpt lat="37.150907" lon="128.969167">
        <ele>759.2</ele>
      </trkpt>
      <trkpt lat="37.150873" lon="128.969203">
        <ele>758.5</ele>
      </trkpt>
      <trkpt lat="37.150839" lon="128.969240">
        <ele>757.7</ele>
      </trkpt>
      <trkpt lat="37.150804" lon="128.969276">
        <ele>756.9</ele>
      </trkpt>
      <trkpt lat="37.150770" lon="128.969313">
        <ele>756.2</ele>
      </trkpt>
      <trkpt lat="37.150736" lon="128.969349">
        <ele>755.4</ele>
      </trkpt>
      <trkpt lat="37.150702" lon="128.969386">
        <ele>754.6</ele>
      </trkpt>
      <trkpt lat="37.150679" lon="128.969434">
        <ele>754.3</ele>
      </trkpt>
      <trkpt lat="37.150658" lon="128.969484">
        <ele>754.0</ele>
      </trkpt>
      <trkpt lat="37.150638" lon="128.969534">
        <ele>753.7</ele>
      </trkpt>
      <trkpt lat="37.150618" lon="128.969585">
        <ele>753.5</ele>
      </trkpt>
      <trkpt lat="37.150597" lon="128.969635">
        <ele>753.2</ele>
      </trkpt>
      <trkpt lat="37.150577" lon="128.969685">
        <ele>752.9</ele>
      </trkpt>
      <trkpt lat="37.150557" lon="128.969736">
        <ele>752.7</ele>
      </trkpt>
      <trkpt lat="37.150536" lon="128.969786">
        <ele>752.4</ele>
      </trkpt>
      <trkpt lat="37.150516" lon="128.969836">
        <ele>752.1</ele>
      </trkpt>
      <trkpt lat="37.150496" lon="128.969887">
        <ele>751.9</ele>
      </trkpt>
      <trkpt lat="37.150475" lon="128.969937">
        <ele>751.6</ele>
      </trkpt>
      <trkpt lat="37.150455" lon="128.969987">
        <ele>751.3</ele>
      </trkpt>
      <trkpt lat="37.150411" lon="128.969990">
        <ele>750.9</ele>
      </trkpt>
      <trkpt lat="37.150367" lon="128.969990">
        <ele>750.5</ele>
      </trkpt>
      <trkpt lat="37.150322" lon="128.969991">
        <ele>750.1</ele>
      </trkpt>
      <trkpt lat="37.150277" lon="128.969991">
        <ele>749.7</ele>
      </trkpt>
      <trkpt lat="37.150232" lon="128.969991">
        <ele>749.3</ele>
      </trkpt>
      <trkpt lat="37.150187" lon="128.969991">
        <ele>748.9</ele>
      </trkpt>
      <trkpt lat="37.150142" lon="128.969992">
        <ele>748.6</ele>
      </trkpt>
      <trkpt lat="37.150097" lon="128.969992">
        <ele>748.2</ele>
      </trkpt>
      <trkpt lat="37.150052" lon="128.969992">
        <ele>747.8</ele>
      </trkpt>
      <trkpt lat="37.150007" lon="128.969992">
        <ele>747.4</ele>
      </trkpt>
      <trkpt lat="37.149962" lon="128.969993">
        <ele>747.0</ele>
      </trkpt>
      <trkpt lat="37.149917" lon="128.969993">
        <ele>746.6</ele>
      </trkpt>
      <trkpt lat="37.149872" lon="128.969993">
        <ele>746.2</ele>
      </trkpt>
      <trkpt lat="37.149827" lon="128.969993">
        <ele>745.8</ele>
      </trkpt>
      <trkpt lat="37.149782" lon="128.969994">
        <ele>745.4</ele>
      </trkpt>
      <trkpt lat="37.149737" lon="128.969994">
        <ele>745.0</ele>
      </trkpt>
      <trkpt lat="37.149696" lon="128.970011">
        <ele>744.7</ele>
      </trkpt>
      <trkpt lat="37.149659" lon="128.970043">
        <ele>744.4</ele>
      </trkpt>
      <trkpt lat="37.149623" lon="128.970076">
        <ele>744.1</ele>
      </trkpt>
      <trkpt lat="37.149586" lon="128.970108">
        <ele>743.8</ele>
      </trkpt>
      <trkpt lat="37.149549" lon="128.970141">
        <ele>743.5</ele>
      </trkpt>
      <trkpt lat="37.149513" lon="128.970173">
        <ele>743.2</ele>
      </trkpt>
      <trkpt lat="37.149476" lon="128.970206">
        <ele>742.9</ele>
      </trkpt>
      <trkpt lat="37.149439" lon="128.970238">
        <ele>742.6</ele>
      </trkpt>
      <trkpt lat="37.149402" lon="128.970271">
        <ele>742.3</ele>
      </trkpt>
      <trkpt lat="37.149366" lon="128.970303">
        <ele>742.1</ele>
      </trkpt>
      <trkpt lat="37.149329" lon="128.970336">
        <ele>741.8</ele>
      </trkpt>
      <trkpt lat="37.149292" lon="128.970368">
        <ele>741.5</ele>
      </trkpt>
      <trkpt lat="37.149255" lon="128.970401">
        <ele>741.2</ele>
      </trkpt>
      <trkpt lat="37.149219" lon="128.970433">
        <ele>740.9</ele>
      </trkpt>
      <trkpt lat="37.149182" lon="128.970466">
        <ele>740.6</ele>
      </trkpt>
      <trkpt lat="37.149145" lon="128.970498">
        <ele>740.3</ele>
      </trkpt>
      <trkpt lat="37.149108" lon="128.970531">
        <ele>740.0</ele>
      </trkpt>
      <trkpt lat="37.149072" lon="128.970563">
        <ele>739.8</ele>
      </trkpt>
      <trkpt lat="37.149035" lon="128.970596">
        <ele>739.5</ele>
      </trkpt>
      <trkpt lat="37.148998" lon="128.970628">
        <ele>739.2</ele>
      </trkpt>
      <trkpt lat="37.148961" lon="128.970661">
        <ele>738.9</ele>
      </trkpt>
      <trkpt lat="37.148925" lon="128.970694">
        <ele>738.6</ele>
      </trkpt>
      <trkpt lat="37.148888" lon="128.970726">
        <ele>738.3</ele>
      </trkpt>
      <trkpt lat="37.148851" lon="128.970759">
        <ele>738.0</ele>
      </trkpt>
      <trkpt lat="37.148814" lon="128.970791">
        <ele>737.7</ele>
      </trkpt>
      <trkpt lat="37.148777" lon="128.970822">
        <ele>737.5</ele>
      </trkpt>
      <trkpt lat="37.148735" lon="128.970843">
        <ele>737.3</ele>
      </trkpt>
      <trkpt lat="37.148693" lon="128.970864">
        <ele>737.2</ele>
      </trkpt>
      <trkpt lat="37.148652" lon="128.970885">
        <ele>737.0</ele>
      </trkpt>
      <trkpt lat="37.148610" lon="128.970906">
        <ele>736.9</ele>
      </trkpt>
      <trkpt lat="37.148568" lon="128.970927">
        <ele>736.8</ele>
      </trkpt>
      <trkpt lat="37.148527" lon="128.970948">
        <ele>736.6</ele>
      </trkpt>
      <trkpt lat="37.148485" lon="128.970970">
        <ele>736.5</ele>
      </trkpt>
      <trkpt lat="37.148443" lon="128.970991">
        <ele>736.3</ele>
      </trkpt>
      <trkpt lat="37.148402" lon="128.971012">
        <ele>736.2</ele>
      </trkpt>
      <trkpt lat="37.148360" lon="128.971033">
        <ele>736.0</ele>
      </trkpt>
      <trkpt lat="37.148318" lon="128.971054">
        <ele>735.9</ele>
      </trkpt>
      <trkpt lat="37.148276" lon="128.971075">
        <ele>735.8</ele>
      </trkpt>
      <trkpt lat="37.148235" lon="128.971096">
        <ele>735.6</ele>
      </trkpt>
      <trkpt lat="37.148193" lon="128.971118">
        <ele>735.5</ele>
      </trkpt>
      <trkpt lat="37.148151" lon="128.971139">
        <ele>735.3</ele>
      </trkpt>
      <trkpt lat="37.148110" lon="128.971160">
        <ele>735.2</ele>
      </trkpt>
      <trkpt lat="37.148068" lon="128.971181">
        <ele>735.0</ele>
      </trkpt>
      <trkpt lat="37.148026" lon="128.971202">
        <ele>734.9</ele>
      </trkpt>
      <trkpt lat="37.147985" lon="128.971223">
        <ele>734.7</ele>
      </trkpt>
      <trkpt lat="37.147943" lon="128.971244">
        <ele>734.6</ele>
      </trkpt>
      <trkpt lat="37.147901" lon="128.971265">
        <ele>734.5</ele>
      </trkpt>
      <trkpt lat="37.147860" lon="128.971287">
        <ele>734.3</ele>
      </trkpt>
      <trkpt lat="37.147818" lon="128.971308">
        <ele>734.2</ele>
      </trkpt>
      <trkpt lat="37.147776" lon="128.971329">
        <ele>734.0</ele>
      </trkpt>
      <trkpt lat="37.147736" lon="128.971353">
        <ele>733.7</ele>
      </trkpt>
      <trkpt lat="37.147695" lon="128.971378">
        <ele>733.3</ele>
      </trkpt>
      <trkpt lat="37.147655" lon="128.971403">
        <ele>732.9</ele>
      </trkpt>
      <trkpt lat="37.147615" lon="128.971428">
        <ele>732.5</ele>
      </trkpt>
      <trkpt lat="37.147574" lon="128.971453">
        <ele>732.1</ele>
      </trkpt>
      <trkpt lat="37.147534" lon="128.971477">
        <ele>731.7</ele>
      </trkpt>
      <trkpt lat="37.147493" lon="128.971502">
        <ele>731.3</ele>
      </trkpt>
      <trkpt lat="37.147453" lon="128.971527">
        <ele>730.9</ele>
      </trkpt>
      <trkpt lat="37.147413" lon="128.971552">
        <ele>730.5</ele>
      </trkpt>
      <trkpt lat="37.147372" lon="128.971577">
        <ele>730.1</ele>
      </trkpt>
      <trkpt lat="37.147332" lon="128.971602">
        <ele>729.7</ele>
      </trkpt>
      <trkpt lat="37.147292" lon="128.971627">
        <ele>729.3</ele>
      </trkpt>
      <trkpt lat="37.147251" lon="128.971652">
        <ele>728.9</ele>
      </trkpt>
      <trkpt lat="37.147211" lon="128.971677">
        <ele>728.5</ele>
      </trkpt>
      <trkpt lat="37.147171" lon="128.971701">
        <ele>728.1</ele>
      </trkpt>
      <trkpt lat="37.147130" lon="128.971726">
        <ele>727.8</ele>
      </trkpt>
      <trkpt lat="37.147090" lon="128.971751">
        <ele>727.4</ele>
      </trkpt>
      <trkpt lat="37.147050" lon="128.971776">
        <ele>727.0</ele>
      </trkpt>
      <trkpt lat="37.147009" lon="128.971801">
        <ele>726.6</ele>
      </trkpt>
      <trkpt lat="37.146969" lon="128.971826">
        <ele>726.2</ele>
      </trkpt>
      <trkpt lat="37.146928" lon="128.971851">
        <ele>725.8</ele>
      </trkpt>
      <trkpt lat="37.146888" lon="128.971876">
        <ele>725.4</ele>
      </trkpt>
      <trkpt lat="37.146848" lon="128.971900">
        <ele>725.0</ele>
      </trkpt>
      <trkpt lat="37.146807" lon="128.971925">
        <ele>724.6</ele>
      </trkpt>
      <trkpt lat="37.146767" lon="128.971950">
        <ele>724.2</ele>
      </trkpt>
      <trkpt lat="37.146727" lon="128.971975">
        <ele>723.8</ele>
      </trkpt>
      <trkpt lat="37.146686" lon="128.972000">
        <ele>723.4</ele>
      </trkpt>
      <trkpt lat="37.146646" lon="128.972025">
        <ele>723.0</ele>
      </trkpt>
      <trkpt lat="37.146606" lon="128.972050">
        <ele>722.6</ele>
      </trkpt>
      <trkpt lat="37.146564" lon="128.972071">
        <ele>722.2</ele>
      </trkpt>
      <trkpt lat="37.146522" lon="128.972091">
        <ele>721.7</ele>
      </trkpt>
      <trkpt lat="37.146480" lon="128.972110">
        <ele>721.2</ele>
      </trkpt>
      <trkpt lat="37.146438" lon="128.972130">
        <ele>720.7</ele>
      </trkpt>
      <trkpt lat="37.146396" lon="128.972150">
        <ele>720.2</ele>
      </trkpt>
      <trkpt lat="37.146353" lon="128.972170">
        <ele>719.7</ele>
      </trkpt>
      <trkpt lat="37.146311" lon="128.972189">
        <ele>719.2</ele>
      </trkpt>
      <trkpt lat="37.146269" lon="128.972209">
        <ele>718.7</ele>
      </trkpt>
      <trkpt lat="37.146227" lon="128.972229">
        <ele>718.3</ele>
      </trkpt>
      <trkpt lat="37.146185" lon="128.972249">
        <ele>717.8</ele>
      </trkpt>
      <trkpt lat="37.146143" lon="128.972268">
        <ele>717.3</ele>
      </trkpt>
      <trkpt lat="37.146101" lon="128.972288">
        <ele>716.8</ele>
      </trkpt>
      <trkpt lat="37.146058" lon="128.972308">
        <ele>716.3</ele>
      </trkpt>
      <trkpt lat="37.146016" lon="128.972327">
        <ele>715.8</ele>
      </trkpt>
      <trkpt lat="37.145974" lon="128.972347">
        <ele>715.3</ele>
      </trkpt>
      <trkpt lat="37.145932" lon="128.972367">
        <ele>714.8</ele>
      </trkpt>
      <trkpt lat="37.145890" lon="128.972387">
        <ele>714.4</ele>
      </trkpt>
      <trkpt lat="37.145848" lon="128.972406">
        <ele>713.9</ele>
      </trkpt>
      <trkpt lat="37.145806" lon="128.972426">
        <ele>713.4</ele>
      </trkpt>
      <trkpt lat="37.145764" lon="128.972446">
        <ele>712.9</ele>
      </trkpt>
      <trkpt lat="37.145721" lon="128.972465">
        <ele>712.4</ele>
      </trkpt>
      <trkpt lat="37.145679" lon="128.972485">
        <ele>711.9</ele>
      </trkpt>
      <trkpt lat="37.145637" lon="128.972505">
        <ele>711.4</ele>
      </trkpt>
      <trkpt lat="37.145595" lon="128.972525">
        <ele>710.9</ele>
      </trkpt>
      <trkpt lat="37.145553" lon="128.972544">
        <ele>710.5</ele>
      </trkpt>
      <trkpt lat="37.145511" lon="128.972564">
        <ele>710.0</ele>
      </trkpt>
      <trkpt lat="37.145468" lon="128.972582">
        <ele>709.6</ele>
      </trkpt>
      <trkpt lat="37.145426" lon="128.972600">
        <ele>709.2</ele>
      </trkpt>
      <trkpt lat="37.145383" lon="128.972618">
        <ele>708.9</ele>
      </trkpt>
      <trkpt lat="37.145340" lon="128.972636">
        <ele>708.5</ele>
      </trkpt>
      <trkpt lat="37.145298" lon="128.972655">
        <ele>708.1</ele>
      </trkpt>
      <trkpt lat="37.145255" lon="128.972673">
        <ele>707.7</ele>
      </trkpt>
      <trkpt lat="37.145213" lon="128.972691">
        <ele>707.4</ele>
      </trkpt>
      <trkpt lat="37.145170" lon="128.972709">
        <ele>707.0</ele>
      </trkpt>
      <trkpt lat="37.145128" lon="128.972727">
        <ele>706.6</ele>
      </trkpt>
      <trkpt lat="37.145085" lon="128.972745">
        <ele>706.2</ele>
      </trkpt>
      <trkpt lat="37.145042" lon="128.972763">
        <ele>705.9</ele>
      </trkpt>
      <trkpt lat="37.145014" lon="128.972805">
        <ele>705.8</ele>
      </trkpt>
      <trkpt lat="37.144990" lon="128.972852">
        <ele>705.7</ele>
      </trkpt>
      <trkpt lat="37.144966" lon="128.972900">
        <ele>705.7</ele>
      </trkpt>
      <trkpt lat="37.144941" lon="128.972947">
        <ele>705.6</ele>
      </trkpt>
      <trkpt lat="37.144917" lon="128.972995">
        <ele>705.6</ele>
      </trkpt>
      <trkpt lat="37.144893" lon="128.973042">
        <ele>705.6</ele>
      </trkpt>
      <trkpt lat="37.144868" lon="128.973090">
        <ele>705.5</ele>
      </trkpt>
      <trkpt lat="37.144844" lon="128.973137">
        <ele>705.5</ele>
      </trkpt>
      <trkpt lat="37.144820" lon="128.973184">
        <ele>705.4</ele>
      </trkpt>
      <trkpt lat="37.144795" lon="128.973232">
        <ele>705.4</ele>
      </trkpt>
      <trkpt lat="37.144771" lon="128.973279">
        <ele>705.3</ele>
      </trkpt>
      <trkpt lat="37.144747" lon="128.973327">
        <ele>705.3</ele>
      </trkpt>
      <trkpt lat="37.144722" lon="128.973374">
        <ele>705.3</ele>
      </trkpt>
      <trkpt lat="37.144698" lon="128.973421">
        <ele>705.2</ele>
      </trkpt>
      <trkpt lat="37.144673" lon="128.973469">
        <ele>705.2</ele>
      </trkpt>
      <trkpt lat="37.144649" lon="128.973516">
        <ele>705.1</ele>
      </trkpt>
      <trkpt lat="37.144625" lon="128.973564">
        <ele>705.1</ele>
      </trkpt>
      <trkpt lat="37.144600" lon="128.973611">
        <ele>705.1</ele>
      </trkpt>
      <trkpt lat="37.144576" lon="128.973659">
        <ele>705.0</ele>
      </trkpt>
      <trkpt lat="37.144552" lon="128.973706">
        <ele>705.0</ele>
      </trkpt>
      <trkpt lat="37.144527" lon="128.973753">
        <ele>704.9</ele>
      </trkpt>
      <trkpt lat="37.144503" lon="128.973801">
        <ele>704.9</ele>
      </trkpt>
      <trkpt lat="37.144479" lon="128.973848">
        <ele>704.8</ele>
      </trkpt>
      <trkpt lat="37.144454" lon="128.973896">
        <ele>704.8</ele>
      </trkpt>
      <trkpt lat="37.144430" lon="128.973943">
        <ele>704.8</ele>
      </trkpt>
      <trkpt lat="37.144406" lon="128.973990">
        <ele>704.7</ele>
      </trkpt>
      <trkpt lat="37.144381" lon="128.974038">
        <ele>704.7</ele>
      </trkpt>
      <trkpt lat="37.144357" lon="128.974085">
        <ele>704.6</ele>
      </trkpt>
      <trkpt lat="37.144332" lon="128.974133">
        <ele>704.6</ele>
      </trkpt>
      <trkpt lat="37.144308" lon="128.974180">
        <ele>704.6</ele>
      </trkpt>
      <trkpt lat="37.144284" lon="128.974228">
        <ele>704.5</ele>
      </trkpt>
      <trkpt lat="37.144259" lon="128.974275">
        <ele>704.5</ele>
      </trkpt>
      <trkpt lat="37.144235" lon="128.974322">
        <ele>704.4</ele>
      </trkpt>
      <trkpt lat="37.144211" lon="128.974370">
        <ele>704.4</ele>
      </trkpt>
      <trkpt lat="37.144186" lon="128.974417">
        <ele>704.3</ele>
      </trkpt>
      <trkpt lat="37.144162" lon="128.974465">
        <ele>704.3</ele>
      </trkpt>
      <trkpt lat="37.144138" lon="128.974512">
        <ele>704.3</ele>
      </trkpt>
      <trkpt lat="37.144113" lon="128.974559">
        <ele>704.2</ele>
      </trkpt>
      <trkpt lat="37.144089" lon="128.974607">
        <ele>704.2</ele>
      </trkpt>
      <trkpt lat="37.144064" lon="128.974654">
        <ele>704.1</ele>
      </trkpt>
      <trkpt lat="37.144040" lon="128.974702">
        <ele>704.1</ele>
      </trkpt>
      <trkpt lat="37.144016" lon="128.974749">
        <ele>704.1</ele>
      </trkpt>
      <trkpt lat="37.143991" lon="128.974797">
        <ele>704.0</ele>
      </trkpt>
      <trkpt lat="37.143977" lon="128.974849">
        <ele>703.8</ele>
      </trkpt>
      <trkpt lat="37.143968" lon="128.974905">
        <ele>703.6</ele>
      </trkpt>
      <trkpt lat="37.143959" lon="128.974960">
        <ele>703.4</ele>
      </trkpt>
      <trkpt lat="37.143949" lon="128.975015">
        <ele>703.1</ele>
      </trkpt>
      <trkpt lat="37.143940" lon="128.975070">
        <ele>702.9</ele>
      </trkpt>
      <trkpt lat="37.143931" lon="128.975125">
        <ele>702.7</ele>
      </trkpt>
      <trkpt lat="37.143921" lon="128.975180">
        <ele>702.4</ele>
      </trkpt>
      <trkpt lat="37.143912" lon="128.975236">
        <ele>702.2</ele>
      </trkpt>
      <trkpt lat="37.143903" lon="128.975291">
        <ele>702.0</ele>
      </trkpt>
      <trkpt lat="37.143893" lon="128.975346">
        <ele>701.7</ele>
      </trkpt>
      <trkpt lat="37.143884" lon="128.975401">
        <ele>701.5</ele>
      </trkpt>
      <trkpt lat="37.143875" lon="128.975456">
        <ele>701.3</ele>
      </trkpt>
      <trkpt lat="37.143865" lon="128.975512">
        <ele>701.0</ele>
      </trkpt>
      <trkpt lat="37.143856" lon="128.975567">
        <ele>700.8</ele>
      </trkpt>
      <trkpt lat="37.143847" lon="128.975622">
        <ele>700.6</ele>
      </trkpt>
      <trkpt lat="37.143837" lon="128.975677">
        <ele>700.4</ele>
      </trkpt>
      <trkpt lat="37.143828" lon="128.975732">
        <ele>700.1</ele>
      </trkpt>
      <trkpt lat="37.143819" lon="128.975787">
        <ele>699.9</ele>
      </trkpt>
      <trkpt lat="37.143809" lon="128.975843">
        <ele>699.7</ele>
      </trkpt>
      <trkpt lat="37.143800" lon="128.975898">
        <ele>699.4</ele>
      </trkpt>
      <trkpt lat="37.143790" lon="128.975953">
        <ele>699.1</ele>
      </trkpt>
      <trkpt lat="37.143780" lon="128.976008">
        <ele>698.8</ele>
      </trkpt>
      <trkpt lat="37.143769" lon="128.976063">
        <ele>698.4</ele>
      </trkpt>
      <trkpt lat="37.143759" lon="128.976118">
        <ele>698.1</ele>
      </trkpt>
      <trkpt lat="37.143749" lon="128.976172">
        <ele>697.7</ele>
      </trkpt>
      <trkpt lat="37.143738" lon="128.976227">
        <ele>697.3</ele>
      </trkpt>
      <trkpt lat="37.143728" lon="128.976282">
        <ele>697.0</ele>
      </trkpt>
      <trkpt lat="37.143718" lon="128.976337">
        <ele>696.6</ele>
      </trkpt>
      <trkpt lat="37.143707" lon="128.976392">
        <ele>696.3</ele>
      </trkpt>
      <trkpt lat="37.143697" lon="128.976447">
        <ele>695.9</ele>
      </trkpt>
      <trkpt lat="37.143687" lon="128.976502">
        <ele>695.6</ele>
      </trkpt>
      <trkpt lat="37.143676" lon="128.976557">
        <ele>695.2</ele>
      </trkpt>
      <trkpt lat="37.143666" lon="128.976612">
        <ele>694.8</ele>
      </trkpt>
      <trkpt lat="37.143656" lon="128.976666">
        <ele>694.5</ele>
      </trkpt>
      <trkpt lat="37.143645" lon="128.976721">
        <ele>694.1</ele>
      </trkpt>
      <trkpt lat="37.143635" lon="128.976776">
        <ele>693.8</ele>
      </trkpt>
      <trkpt lat="37.143624" lon="128.976831">
        <ele>693.4</ele>
      </trkpt>
      <trkpt lat="37.143614" lon="128.976886">
        <ele>693.1</ele>
      </trkpt>
      <trkpt lat="37.143604" lon="128.976941">
        <ele>692.7</ele>
      </trkpt>
      <trkpt lat="37.143593" lon="128.976996">
        <ele>692.3</ele>
      </trkpt>
      <trkpt lat="37.143583" lon="128.977051">
        <ele>692.0</ele>
      </trkpt>
      <trkpt lat="37.143573" lon="128.977106">
        <ele>691.6</ele>
      </trkpt>
      <trkpt lat="37.143563" lon="128.977161">
        <ele>691.3</ele>
      </trkpt>
      <trkpt lat="37.143559" lon="128.977217">
        <ele>690.9</ele>
      </trkpt>
      <trkpt lat="37.143555" lon="128.977273">
        <ele>690.5</ele>
      </trkpt>
      <trkpt lat="37.143552" lon="128.977329">
        <ele>690.0</ele>
      </trkpt>
      <trkpt lat="37.143548" lon="128.977385">
        <ele>689.6</ele>
      </trkpt>
      <trkpt lat="37.143544" lon="128.977442">
        <ele>689.2</ele>
      </trkpt>
      <trkpt lat="37.143541" lon="128.977498">
        <ele>688.8</ele>
      </trkpt>
      <trkpt lat="37.143537" lon="128.977554">
        <ele>688.4</ele>
      </trkpt>
      <trkpt lat="37.143533" lon="128.977610">
        <ele>688.0</ele>
      </trkpt>
      <trkpt lat="37.143530" lon="128.977667">
        <ele>687.6</ele>
      </trkpt>
      <trkpt lat="37.143526" lon="128.977723">
        <ele>687.2</ele>
      </trkpt>
      <trkpt lat="37.143522" lon="128.977779">
        <ele>686.8</ele>
      </trkpt>
      <trkpt lat="37.143519" lon="128.977835">
        <ele>686.4</ele>
      </trkpt>
      <trkpt lat="37.143515" lon="128.977891">
        <ele>686.0</ele>
      </trkpt>
      <trkpt lat="37.143511" lon="128.977948">
        <ele>685.6</ele>
      </trkpt>
      <trkpt lat="37.143508" lon="128.978004">
        <ele>685.1</ele>
      </trkpt>
      <trkpt lat="37.143504" lon="128.978060">
        <ele>684.7</ele>
      </trkpt>
      <trkpt lat="37.143500" lon="128.978116">
        <ele>684.3</ele>
      </trkpt>
      <trkpt lat="37.143497" lon="128.978173">
        <ele>683.9</ele>
      </trkpt>
      <trkpt lat="37.143493" lon="128.978229">
        <ele>683.5</ele>
      </trkpt>
      <trkpt lat="37.143479" lon="128.978282">
        <ele>683.1</ele>
      </trkpt>
      <trkpt lat="37.143465" lon="128.978336">
        <ele>682.6</ele>
      </trkpt>
      <trkpt lat="37.143451" lon="128.978389">
        <ele>682.2</ele>
      </trkpt>
      <trkpt lat="37.143437" lon="128.978443">
        <ele>681.7</ele>
      </trkpt>
      <trkpt lat="37.143422" lon="128.978496">
        <ele>681.3</ele>
      </trkpt>
      <trkpt lat="37.143408" lon="128.978550">
        <ele>680.8</ele>
      </trkpt>
      <trkpt lat="37.143394" lon="128.978603">
        <ele>680.3</ele>
      </trkpt>
      <trkpt lat="37.143379" lon="128.978657">
        <ele>679.9</ele>
      </trkpt>
      <trkpt lat="37.143365" lon="128.978710">
        <ele>679.4</ele>
      </trkpt>
      <trkpt lat="37.143351" lon="128.978764">
        <ele>679.0</ele>
      </trkpt>
      <trkpt lat="37.143337" lon="128.978817">
        <ele>678.5</ele>
      </trkpt>
      <trkpt lat="37.143322" lon="128.978871">
        <ele>678.1</ele>
      </trkpt>
      <trkpt lat="37.143308" lon="128.978924">
        <ele>677.6</ele>
      </trkpt>
      <trkpt lat="37.143294" lon="128.978978">
        <ele>677.2</ele>
      </trkpt>
      <trkpt lat="37.143280" lon="128.979031">
        <ele>676.7</ele>
      </trkpt>
      <trkpt lat="37.143265" lon="128.979085">
        <ele>676.3</ele>
      </trkpt>
      <trkpt lat="37.143251" lon="128.979138">
        <ele>675.8</ele>
      </trkpt>
      <trkpt lat="37.143237" lon="128.979192">
        <ele>675.4</ele>
      </trkpt>
      <trkpt lat="37.143223" lon="128.979245">
        <ele>674.9</ele>
      </trkpt>
      <trkpt lat="37.143238" lon="128.979294">
        <ele>675.7</ele>
      </trkpt>
      <trkpt lat="37.143216" lon="128.979329">
        <ele>676.0</ele>
      </trkpt>
      <trkpt lat="37.143247" lon="128.979311">
        <ele>674.8</ele>
      </trkpt>
      <trkpt lat="37.143272" lon="128.979358">
        <ele>674.9</ele>
      </trkpt>
      <trkpt lat="37.143297" lon="128.979405">
        <ele>675.0</ele>
      </trkpt>
      <trkpt lat="37.143322" lon="128.979452">
        <ele>675.1</ele>
      </trkpt>
      <trkpt lat="37.143347" lon="128.979499">
        <ele>675.1</ele>
      </trkpt>
      <trkpt lat="37.143372" lon="128.979546">
        <ele>675.2</ele>
      </trkpt>
      <trkpt lat="37.143397" lon="128.979593">
        <ele>675.3</ele>
      </trkpt>
      <trkpt lat="37.143422" lon="128.979640">
        <ele>675.4</ele>
      </trkpt>
      <trkpt lat="37.143447" lon="128.979686">
        <ele>675.5</ele>
      </trkpt>
      <trkpt lat="37.143472" lon="128.979733">
        <ele>675.6</ele>
      </trkpt>
      <trkpt lat="37.143497" lon="128.979780">
        <ele>675.6</ele>
      </trkpt>
      <trkpt lat="37.143522" lon="128.979827">
        <ele>675.7</ele>
      </trkpt>
      <trkpt lat="37.143547" lon="128.979874">
        <ele>675.8</ele>
      </trkpt>
      <trkpt lat="37.143572" lon="128.979921">
        <ele>675.9</ele>
      </trkpt>
      <trkpt lat="37.143597" lon="128.979968">
        <ele>676.0</ele>
      </trkpt>
      <trkpt lat="37.143620" lon="128.980016">
        <ele>676.2</ele>
      </trkpt>
      <trkpt lat="37.143642" lon="128.980065">
        <ele>676.5</ele>
      </trkpt>
      <trkpt lat="37.143665" lon="128.980114">
        <ele>676.7</ele>
      </trkpt>
      <trkpt lat="37.143688" lon="128.980163">
        <ele>677.0</ele>
      </trkpt>
      <trkpt lat="37.143710" lon="128.980212">
        <ele>677.3</ele>
      </trkpt>
      <trkpt lat="37.143733" lon="128.980260">
        <ele>677.5</ele>
      </trkpt>
      <trkpt lat="37.143755" lon="128.980309">
        <ele>677.8</ele>
      </trkpt>
      <trkpt lat="37.143778" lon="128.980358">
        <ele>678.1</ele>
      </trkpt>
      <trkpt lat="37.143800" lon="128.980407">
        <ele>678.3</ele>
      </trkpt>
      <trkpt lat="37.143821" lon="128.980457">
        <ele>678.5</ele>
      </trkpt>
      <trkpt lat="37.143838" lon="128.980509">
        <ele>678.4</ele>
      </trkpt>
      <trkpt lat="37.143855" lon="128.980561">
        <ele>678.3</ele>
      </trkpt>
      <trkpt lat="37.143872" lon="128.980613">
        <ele>678.2</ele>
      </trkpt>
      <trkpt lat="37.143889" lon="128.980666">
        <ele>678.1</ele>
      </trkpt>
      <trkpt lat="37.143906" lon="128.980718">
        <ele>678.0</ele>
      </trkpt>
      <trkpt lat="37.143923" lon="128.980770">
        <ele>677.9</ele>
      </trkpt>
      <trkpt lat="37.143940" lon="128.980822">
        <ele>677.8</ele>
      </trkpt>
      <trkpt lat="37.143956" lon="128.980875">
        <ele>677.7</ele>
      </trkpt>
      <trkpt lat="37.143970" lon="128.980929">
        <ele>677.5</ele>
      </trkpt>
      <trkpt lat="37.143984" lon="128.980982">
        <ele>677.2</ele>
      </trkpt>
      <trkpt lat="37.143998" lon="128.981036">
        <ele>677.0</ele>
      </trkpt>
      <trkpt lat="37.144010" lon="128.981088">
        <ele>676.8</ele>
      </trkpt>
      <trkpt lat="37.143972" lon="128.981117">
        <ele>677.1</ele>
      </trkpt>
      <trkpt lat="37.143933" lon="128.981146">
        <ele>677.4</ele>
      </trkpt>
      <trkpt lat="37.143894" lon="128.981174">
        <ele>677.8</ele>
      </trkpt>
      <trkpt lat="37.143856" lon="128.981203">
        <ele>678.1</ele>
      </trkpt>
      <trkpt lat="37.143817" lon="128.981232">
        <ele>678.4</ele>
      </trkpt>
      <trkpt lat="37.143778" lon="128.981260">
        <ele>678.9</ele>
      </trkpt>
      <trkpt lat="37.143738" lon="128.981287">
        <ele>679.5</ele>
      </trkpt>
      <trkpt lat="37.143699" lon="128.981314">
        <ele>680.1</ele>
      </trkpt>
      <trkpt lat="37.143660" lon="128.981341">
        <ele>680.7</ele>
      </trkpt>
      <trkpt lat="37.143620" lon="128.981368">
        <ele>681.3</ele>
      </trkpt>
      <trkpt lat="37.143581" lon="128.981396">
        <ele>681.9</ele>
      </trkpt>
      <trkpt lat="37.143544" lon="128.981428">
        <ele>682.6</ele>
      </trkpt>
      <trkpt lat="37.143508" lon="128.981461">
        <ele>683.4</ele>
      </trkpt>
      <trkpt lat="37.143472" lon="128.981495">
        <ele>684.2</ele>
      </trkpt>
      <trkpt lat="37.143439" lon="128.981515">
        <ele>684.8</ele>
      </trkpt>
      <trkpt lat="37.143423" lon="128.981462">
        <ele>684.5</ele>
      </trkpt>
      <trkpt lat="37.143407" lon="128.981409">
        <ele>684.2</ele>
      </trkpt>
      <trkpt lat="37.143391" lon="128.981357">
        <ele>683.9</ele>
      </trkpt>
      <trkpt lat="37.143375" lon="128.981304">
        <ele>683.6</ele>
      </trkpt>
      <trkpt lat="37.143359" lon="128.981290">
        <ele>683.7</ele>
      </trkpt>
      <trkpt lat="37.143357" lon="128.981245">
        <ele>683.9</ele>
      </trkpt>
      <trkpt lat="37.143341" lon="128.981192">
        <ele>683.8</ele>
      </trkpt>
      <trkpt lat="37.143325" lon="128.981139">
        <ele>683.7</ele>
      </trkpt>
      <trkpt lat="37.143309" lon="128.981087">
        <ele>683.6</ele>
      </trkpt>
      <trkpt lat="37.143290" lon="128.981036">
        <ele>683.7</ele>
      </trkpt>
      <trkpt lat="37.143268" lon="128.980986">
        <ele>684.1</ele>
      </trkpt>
      <trkpt lat="37.143247" lon="128.980937">
        <ele>684.5</ele>
      </trkpt>
      <trkpt lat="37.143225" lon="128.980887">
        <ele>685.0</ele>
      </trkpt>
      <trkpt lat="37.143203" lon="128.980838">
        <ele>685.4</ele>
      </trkpt>
      <trkpt lat="37.143182" lon="128.980788">
        <ele>685.8</ele>
      </trkpt>
      <trkpt lat="37.143156" lon="128.980742">
        <ele>686.1</ele>
      </trkpt>
      <trkpt lat="37.143129" lon="128.980697">
        <ele>686.4</ele>
      </trkpt>
      <trkpt lat="37.143102" lon="128.980652">
        <ele>686.8</ele>
      </trkpt>
      <trkpt lat="37.143076" lon="128.980606">
        <ele>687.1</ele>
      </trkpt>
      <trkpt lat="37.143049" lon="128.980561">
        <ele>687.5</ele>
      </trkpt>
      <trkpt lat="37.143016" lon="128.980523">
        <ele>687.9</ele>
      </trkpt>
      <trkpt lat="37.142982" lon="128.980486">
        <ele>688.3</ele>
      </trkpt>
      <trkpt lat="37.142948" lon="128.980449">
        <ele>688.8</ele>
      </trkpt>
      <trkpt lat="37.142914" lon="128.980412">
        <ele>689.2</ele>
      </trkpt>
      <trkpt lat="37.142878" lon="128.980378">
        <ele>689.6</ele>
      </trkpt>
      <trkpt lat="37.142841" lon="128.980347">
        <ele>690.1</ele>
      </trkpt>
      <trkpt lat="37.142803" lon="128.980316">
        <ele>690.5</ele>
      </trkpt>
      <trkpt lat="37.142765" lon="128.980286">
        <ele>690.9</ele>
      </trkpt>
      <trkpt lat="37.142727" lon="128.980255">
        <ele>691.3</ele>
      </trkpt>
      <trkpt lat="37.142695" lon="128.980217">
        <ele>691.3</ele>
      </trkpt>
      <trkpt lat="37.142667" lon="128.980173">
        <ele>690.8</ele>
      </trkpt>
      <trkpt lat="37.142639" lon="128.980128">
        <ele>690.4</ele>
      </trkpt>
      <trkpt lat="37.142612" lon="128.980084">
        <ele>689.9</ele>
      </trkpt>
      <trkpt lat="37.142584" lon="128.980039">
        <ele>689.5</ele>
      </trkpt>
      <trkpt lat="37.142556" lon="128.979995">
        <ele>689.0</ele>
      </trkpt>
      <trkpt lat="37.142529" lon="128.979950">
        <ele>688.6</ele>
      </trkpt>
      <trkpt lat="37.142499" lon="128.979908">
        <ele>688.1</ele>
      </trkpt>
      <trkpt lat="37.142467" lon="128.979869">
        <ele>687.7</ele>
      </trkpt>
      <trkpt lat="37.142435" lon="128.979829">
        <ele>687.3</ele>
      </trkpt>
      <trkpt lat="37.142403" lon="128.979790">
        <ele>686.9</ele>
      </trkpt>
      <trkpt lat="37.142371" lon="128.979749">
        <ele>686.4</ele>
      </trkpt>
      <trkpt lat="37.142341" lon="128.979708">
        <ele>686.0</ele>
      </trkpt>
      <trkpt lat="37.142302" lon="128.979681">
        <ele>685.8</ele>
      </trkpt>
      <trkpt lat="37.142260" lon="128.979662">
        <ele>685.7</ele>
      </trkpt>
      <trkpt lat="37.142218" lon="128.979643">
        <ele>685.7</ele>
      </trkpt>
      <trkpt lat="37.142175" lon="128.979624">
        <ele>685.6</ele>
      </trkpt>
      <trkpt lat="37.142133" lon="128.979605">
        <ele>685.6</ele>
      </trkpt>
      <trkpt lat="37.142091" lon="128.979586">
        <ele>685.5</ele>
      </trkpt>
      <trkpt lat="37.142048" lon="128.979567">
        <ele>685.5</ele>
      </trkpt>
      <trkpt lat="37.142006" lon="128.979548">
        <ele>685.4</ele>
      </trkpt>
      <trkpt lat="37.141964" lon="128.979529">
        <ele>685.4</ele>
      </trkpt>
      <trkpt lat="37.141921" lon="128.979510">
        <ele>685.3</ele>
      </trkpt>
      <trkpt lat="37.141879" lon="128.979491">
        <ele>685.2</ele>
      </trkpt>
      <trkpt lat="37.141837" lon="128.979472">
        <ele>685.1</ele>
      </trkpt>
      <trkpt lat="37.141795" lon="128.979453">
        <ele>684.9</ele>
      </trkpt>
      <trkpt lat="37.141753" lon="128.979431">
        <ele>684.6</ele>
      </trkpt>
      <trkpt lat="37.141712" lon="128.979408">
        <ele>684.2</ele>
      </trkpt>
      <trkpt lat="37.141671" lon="128.979384">
        <ele>683.9</ele>
      </trkpt>
      <trkpt lat="37.141630" lon="128.979361">
        <ele>683.5</ele>
      </trkpt>
      <trkpt lat="37.141589" lon="128.979338">
        <ele>683.2</ele>
      </trkpt>
      <trkpt lat="37.141548" lon="128.979314">
        <ele>682.8</ele>
      </trkpt>
      <trkpt lat="37.141507" lon="128.979291">
        <ele>682.4</ele>
      </trkpt>
      <trkpt lat="37.141466" lon="128.979268">
        <ele>682.1</ele>
      </trkpt>
      <trkpt lat="37.141425" lon="128.979244">
        <ele>681.7</ele>
      </trkpt>
      <trkpt lat="37.141385" lon="128.979221">
        <ele>681.4</ele>
      </trkpt>
      <trkpt lat="37.141344" lon="128.979198">
        <ele>681.0</ele>
      </trkpt>
      <trkpt lat="37.141303" lon="128.979175">
        <ele>680.7</ele>
      </trkpt>
      <trkpt lat="37.141262" lon="128.979151">
        <ele>680.3</ele>
      </trkpt>
      <trkpt lat="37.141221" lon="128.979128">
        <ele>679.9</ele>
      </trkpt>
      <trkpt lat="37.141179" lon="128.979108">
        <ele>679.8</ele>
      </trkpt>
      <trkpt lat="37.141136" lon="128.979090">
        <ele>679.8</ele>
      </trkpt>
      <trkpt lat="37.141093" lon="128.979073">
        <ele>679.9</ele>
      </trkpt>
      <trkpt lat="37.141051" lon="128.979055">
        <ele>679.9</ele>
      </trkpt>
      <trkpt lat="37.141008" lon="128.979038">
        <ele>679.9</ele>
      </trkpt>
      <trkpt lat="37.140965" lon="128.979020">
        <ele>680.0</ele>
      </trkpt>
      <trkpt lat="37.140922" lon="128.979002">
        <ele>680.0</ele>
      </trkpt>
      <trkpt lat="37.140880" lon="128.978985">
        <ele>680.1</ele>
      </trkpt>
      <trkpt lat="37.140836" lon="128.978971">
        <ele>680.4</ele>
      </trkpt>
      <trkpt lat="37.140792" lon="128.978958">
        <ele>680.7</ele>
      </trkpt>
      <trkpt lat="37.140749" lon="128.978944">
        <ele>681.1</ele>
      </trkpt>
      <trkpt lat="37.140705" lon="128.978930">
        <ele>681.4</ele>
      </trkpt>
      <trkpt lat="37.140662" lon="128.978916">
        <ele>681.7</ele>
      </trkpt>
      <trkpt lat="37.140618" lon="128.978905">
        <ele>682.1</ele>
      </trkpt>
      <trkpt lat="37.140573" lon="128.978913">
        <ele>682.8</ele>
      </trkpt>
      <trkpt lat="37.140529" lon="128.978922">
        <ele>683.5</ele>
      </trkpt>
      <trkpt lat="37.140485" lon="128.978932">
        <ele>684.4</ele>
      </trkpt>
      <trkpt lat="37.140441" lon="128.978947">
        <ele>685.3</ele>
      </trkpt>
      <trkpt lat="37.140398" lon="128.978961">
        <ele>686.3</ele>
      </trkpt>
      <trkpt lat="37.140362" lon="128.978994">
        <ele>687.5</ele>
      </trkpt>
      <trkpt lat="37.140329" lon="128.979032">
        <ele>688.7</ele>
      </trkpt>
      <trkpt lat="37.140305" lon="128.979079">
        <ele>690.6</ele>
      </trkpt>
      <trkpt lat="37.140283" lon="128.979128">
        <ele>692.5</ele>
      </trkpt>
      <trkpt lat="37.140260" lon="128.979177">
        <ele>694.5</ele>
      </trkpt>
      <trkpt lat="37.140237" lon="128.979225">
        <ele>696.5</ele>
      </trkpt>
      <trkpt lat="37.140198" lon="128.979218">
        <ele>696.9</ele>
      </trkpt>
      <trkpt lat="37.140156" lon="128.979198">
        <ele>697.0</ele>
      </trkpt>
      <trkpt lat="37.140114" lon="128.979179">
        <ele>697.1</ele>
      </trkpt>
      <trkpt lat="37.140072" lon="128.979159">
        <ele>697.2</ele>
      </trkpt>
      <trkpt lat="37.140030" lon="128.979140">
        <ele>697.3</ele>
      </trkpt>
      <trkpt lat="37.139987" lon="128.979120">
        <ele>697.4</ele>
      </trkpt>
      <trkpt lat="37.139945" lon="128.979100">
        <ele>697.5</ele>
      </trkpt>
      <trkpt lat="37.139903" lon="128.979081">
        <ele>697.6</ele>
      </trkpt>
      <trkpt lat="37.139861" lon="128.979061">
        <ele>697.7</ele>
      </trkpt>
      <trkpt lat="37.139819" lon="128.979042">
        <ele>697.8</ele>
      </trkpt>
      <trkpt lat="37.139777" lon="128.979021">
        <ele>697.8</ele>
      </trkpt>
      <trkpt lat="37.139735" lon="128.979001">
        <ele>697.8</ele>
      </trkpt>
      <trkpt lat="37.139693" lon="128.978980">
        <ele>697.7</ele>
      </trkpt>
      <trkpt lat="37.139651" lon="128.978959">
        <ele>697.7</ele>
      </trkpt>
      <trkpt lat="37.139610" lon="128.978939">
        <ele>697.7</ele>
      </trkpt>
      <trkpt lat="37.139568" lon="128.978918">
        <ele>697.7</ele>
      </trkpt>
      <trkpt lat="37.139526" lon="128.978897">
        <ele>697.7</ele>
      </trkpt>
      <trkpt lat="37.139484" lon="128.978877">
        <ele>697.6</ele>
      </trkpt>
      <trkpt lat="37.139442" lon="128.978856">
        <ele>697.6</ele>
      </trkpt>
      <trkpt lat="37.139400" lon="128.978835">
        <ele>697.6</ele>
      </trkpt>
      <trkpt lat="37.139358" lon="128.978815">
        <ele>697.6</ele>
      </trkpt>
      <trkpt lat="37.139317" lon="128.978794">
        <ele>697.6</ele>
      </trkpt>
      <trkpt lat="37.139275" lon="128.978773">
        <ele>697.5</ele>
      </trkpt>
      <trkpt lat="37.139233" lon="128.978753">
        <ele>697.5</ele>
      </trkpt>
      <trkpt lat="37.139192" lon="128.978730">
        <ele>697.3</ele>
      </trkpt>
      <trkpt lat="37.139152" lon="128.978705">
        <ele>696.6</ele>
      </trkpt>
      <trkpt lat="37.139112" lon="128.978679">
        <ele>696.0</ele>
      </trkpt>
      <trkpt lat="37.139072" lon="128.978653">
        <ele>695.3</ele>
      </trkpt>
      <trkpt lat="37.139031" lon="128.978628">
        <ele>694.6</ele>
      </trkpt>
      <trkpt lat="37.138991" lon="128.978602">
        <ele>694.0</ele>
      </trkpt>
      <trkpt lat="37.138951" lon="128.978577">
        <ele>693.3</ele>
      </trkpt>
      <trkpt lat="37.138934" lon="128.978555">
        <ele>694.0</ele>
      </trkpt>
      <trkpt lat="37.138896" lon="128.978542">
        <ele>694.8</ele>
      </trkpt>
      <trkpt lat="37.138856" lon="128.978516">
        <ele>694.5</ele>
      </trkpt>
      <trkpt lat="37.138816" lon="128.978490">
        <ele>694.2</ele>
      </trkpt>
      <trkpt lat="37.138776" lon="128.978465">
        <ele>693.9</ele>
      </trkpt>
      <trkpt lat="37.138736" lon="128.978439">
        <ele>693.6</ele>
      </trkpt>
      <trkpt lat="37.138696" lon="128.978414">
        <ele>693.3</ele>
      </trkpt>
      <trkpt lat="37.138656" lon="128.978388">
        <ele>693.0</ele>
      </trkpt>
      <trkpt lat="37.138615" lon="128.978365">
        <ele>693.1</ele>
      </trkpt>
      <trkpt lat="37.138574" lon="128.978342">
        <ele>693.3</ele>
      </trkpt>
      <trkpt lat="37.138533" lon="128.978319">
        <ele>693.4</ele>
      </trkpt>
      <trkpt lat="37.138492" lon="128.978296">
        <ele>693.6</ele>
      </trkpt>
      <trkpt lat="37.138451" lon="128.978272">
        <ele>693.7</ele>
      </trkpt>
      <trkpt lat="37.138410" lon="128.978249">
        <ele>693.9</ele>
      </trkpt>
      <trkpt lat="37.138369" lon="128.978226">
        <ele>694.0</ele>
      </trkpt>
      <trkpt lat="37.138328" lon="128.978203">
        <ele>694.2</ele>
      </trkpt>
      <trkpt lat="37.138287" lon="128.978180">
        <ele>694.3</ele>
      </trkpt>
      <trkpt lat="37.138246" lon="128.978157">
        <ele>694.5</ele>
      </trkpt>
      <trkpt lat="37.138205" lon="128.978134">
        <ele>694.6</ele>
      </trkpt>
      <trkpt lat="37.138164" lon="128.978111">
        <ele>694.8</ele>
      </trkpt>
      <trkpt lat="37.138123" lon="128.978087">
        <ele>694.9</ele>
      </trkpt>
      <trkpt lat="37.138082" lon="128.978064">
        <ele>695.1</ele>
      </trkpt>
      <trkpt lat="37.138041" lon="128.978041">
        <ele>695.2</ele>
      </trkpt>
      <trkpt lat="37.138000" lon="128.978018">
        <ele>695.4</ele>
      </trkpt>
      <trkpt lat="37.137959" lon="128.977995">
        <ele>695.5</ele>
      </trkpt>
      <trkpt lat="37.137918" lon="128.977972">
        <ele>695.7</ele>
      </trkpt>
      <trkpt lat="37.137877" lon="128.977949">
        <ele>695.8</ele>
      </trkpt>
      <trkpt lat="37.137835" lon="128.977929">
        <ele>696.1</ele>
      </trkpt>
      <trkpt lat="37.137793" lon="128.977909">
        <ele>696.3</ele>
      </trkpt>
      <trkpt lat="37.137751" lon="128.977889">
        <ele>696.6</ele>
      </trkpt>
      <trkpt lat="37.137709" lon="128.977869">
        <ele>696.8</ele>
      </trkpt>
      <trkpt lat="37.137667" lon="128.977849">
        <ele>697.1</ele>
      </trkpt>
      <trkpt lat="37.137625" lon="128.977829">
        <ele>697.3</ele>
      </trkpt>
      <trkpt lat="37.137582" lon="128.977809">
        <ele>697.6</ele>
      </trkpt>
      <trkpt lat="37.137540" lon="128.977789">
        <ele>697.8</ele>
      </trkpt>
      <trkpt lat="37.137498" lon="128.977770">
        <ele>698.0</ele>
      </trkpt>
      <trkpt lat="37.137455" lon="128.977753">
        <ele>697.9</ele>
      </trkpt>
      <trkpt lat="37.137412" lon="128.977736">
        <ele>697.8</ele>
      </trkpt>
      <trkpt lat="37.137369" lon="128.977719">
        <ele>697.7</ele>
      </trkpt>
      <trkpt lat="37.137327" lon="128.977702">
        <ele>697.6</ele>
      </trkpt>
      <trkpt lat="37.137284" lon="128.977685">
        <ele>697.5</ele>
      </trkpt>
      <trkpt lat="37.137242" lon="128.977665">
        <ele>697.3</ele>
      </trkpt>
      <trkpt lat="37.137200" lon="128.977643">
        <ele>697.1</ele>
      </trkpt>
      <trkpt lat="37.137159" lon="128.977621">
        <ele>696.8</ele>
      </trkpt>
      <trkpt lat="37.137117" lon="128.977600">
        <ele>696.6</ele>
      </trkpt>
      <trkpt lat="37.137076" lon="128.977578">
        <ele>696.3</ele>
      </trkpt>
      <trkpt lat="37.137034" lon="128.977556">
        <ele>696.1</ele>
      </trkpt>
      <trkpt lat="37.136993" lon="128.977535">
        <ele>695.8</ele>
      </trkpt>
      <trkpt lat="37.136951" lon="128.977513">
        <ele>695.6</ele>
      </trkpt>
      <trkpt lat="37.136910" lon="128.977491">
        <ele>695.3</ele>
      </trkpt>
      <trkpt lat="37.136868" lon="128.977469">
        <ele>695.1</ele>
      </trkpt>
      <trkpt lat="37.136827" lon="128.977448">
        <ele>694.8</ele>
      </trkpt>
      <trkpt lat="37.136785" lon="128.977426">
        <ele>694.6</ele>
      </trkpt>
      <trkpt lat="37.136744" lon="128.977404">
        <ele>694.3</ele>
      </trkpt>
      <trkpt lat="37.136702" lon="128.977383">
        <ele>694.1</ele>
      </trkpt>
      <trkpt lat="37.136661" lon="128.977361">
        <ele>693.8</ele>
      </trkpt>
      <trkpt lat="37.136619" lon="128.977339">
        <ele>693.6</ele>
      </trkpt>
      <trkpt lat="37.136578" lon="128.977318">
        <ele>693.3</ele>
      </trkpt>
      <trkpt lat="37.136536" lon="128.977296">
        <ele>693.1</ele>
      </trkpt>
      <trkpt lat="37.136495" lon="128.977274">
        <ele>692.8</ele>
      </trkpt>
      <trkpt lat="37.136453" lon="128.977252">
        <ele>692.5</ele>
      </trkpt>
      <trkpt lat="37.136412" lon="128.977231">
        <ele>692.3</ele>
      </trkpt>
      <trkpt lat="37.136370" lon="128.977211">
        <ele>692.0</ele>
      </trkpt>
      <trkpt lat="37.136327" lon="128.977191">
        <ele>691.7</ele>
      </trkpt>
      <trkpt lat="37.136285" lon="128.977171">
        <ele>691.5</ele>
      </trkpt>
      <trkpt lat="37.136243" lon="128.977151">
        <ele>691.2</ele>
      </trkpt>
      <trkpt lat="37.136201" lon="128.977131">
        <ele>691.0</ele>
      </trkpt>
      <trkpt lat="37.136159" lon="128.977111">
        <ele>691.1</ele>
      </trkpt>
      <trkpt lat="37.136117" lon="128.977091">
        <ele>691.2</ele>
      </trkpt>
      <trkpt lat="37.136075" lon="128.977071">
        <ele>691.2</ele>
      </trkpt>
      <trkpt lat="37.136033" lon="128.977051">
        <ele>691.3</ele>
      </trkpt>
      <trkpt lat="37.135991" lon="128.977031">
        <ele>691.4</ele>
      </trkpt>
      <trkpt lat="37.135949" lon="128.977011">
        <ele>691.4</ele>
      </trkpt>
      <trkpt lat="37.135907" lon="128.976991">
        <ele>691.5</ele>
      </trkpt>
      <trkpt lat="37.135865" lon="128.976971">
        <ele>691.6</ele>
      </trkpt>
      <trkpt lat="37.135823" lon="128.976951">
        <ele>691.6</ele>
      </trkpt>
      <trkpt lat="37.135781" lon="128.976931">
        <ele>691.7</ele>
      </trkpt>
      <trkpt lat="37.135739" lon="128.976911">
        <ele>691.7</ele>
      </trkpt>
      <trkpt lat="37.135697" lon="128.976891">
        <ele>692.0</ele>
      </trkpt>
      <trkpt lat="37.135654" lon="128.976873">
        <ele>692.8</ele>
      </trkpt>
      <trkpt lat="37.135612" lon="128.976854">
        <ele>693.6</ele>
      </trkpt>
      <trkpt lat="37.135570" lon="128.976835">
        <ele>694.4</ele>
      </trkpt>
      <trkpt lat="37.135527" lon="128.976816">
        <ele>695.2</ele>
      </trkpt>
      <trkpt lat="37.135485" lon="128.976797">
        <ele>696.0</ele>
      </trkpt>
      <trkpt lat="37.135442" lon="128.976778">
        <ele>696.8</ele>
      </trkpt>
      <trkpt lat="37.135400" lon="128.976760">
        <ele>697.7</ele>
      </trkpt>
      <trkpt lat="37.135358" lon="128.976741">
        <ele>698.5</ele>
      </trkpt>
      <trkpt lat="37.135315" lon="128.976722">
        <ele>699.3</ele>
      </trkpt>
      <trkpt lat="37.135273" lon="128.976703">
        <ele>700.1</ele>
      </trkpt>
      <trkpt lat="37.135230" lon="128.976684">
        <ele>700.9</ele>
      </trkpt>
      <trkpt lat="37.135188" lon="128.976665">
        <ele>701.7</ele>
      </trkpt>
      <trkpt lat="37.135146" lon="128.976647">
        <ele>702.5</ele>
      </trkpt>
      <trkpt lat="37.135103" lon="128.976628">
        <ele>703.3</ele>
      </trkpt>
      <trkpt lat="37.135061" lon="128.976609">
        <ele>704.1</ele>
      </trkpt>
      <trkpt lat="37.135018" lon="128.976590">
        <ele>704.9</ele>
      </trkpt>
      <trkpt lat="37.134976" lon="128.976571">
        <ele>705.7</ele>
      </trkpt>
      <trkpt lat="37.134934" lon="128.976553">
        <ele>706.5</ele>
      </trkpt>
      <trkpt lat="37.134891" lon="128.976534">
        <ele>707.3</ele>
      </trkpt>
      <trkpt lat="37.134854" lon="128.976507">
        <ele>710.3</ele>
      </trkpt>
      <trkpt lat="37.134829" lon="128.976492">
        <ele>708.1</ele>
      </trkpt>
      <trkpt lat="37.134789" lon="128.976465">
        <ele>708.5</ele>
      </trkpt>
      <trkpt lat="37.134750" lon="128.976437">
        <ele>709.0</ele>
      </trkpt>
      <trkpt lat="37.134711" lon="128.976410">
        <ele>709.4</ele>
      </trkpt>
      <trkpt lat="37.134672" lon="128.976382">
        <ele>709.9</ele>
      </trkpt>
      <trkpt lat="37.134632" lon="128.976354">
        <ele>710.3</ele>
      </trkpt>
      <trkpt lat="37.134597" lon="128.976319">
        <ele>710.1</ele>
      </trkpt>
      <trkpt lat="37.134562" lon="128.976284">
        <ele>710.0</ele>
      </trkpt>
      <trkpt lat="37.134527" lon="128.976249">
        <ele>709.8</ele>
      </trkpt>
      <trkpt lat="37.134492" lon="128.976214">
        <ele>709.7</ele>
      </trkpt>
      <trkpt lat="37.134456" lon="128.976179">
        <ele>709.5</ele>
      </trkpt>
      <trkpt lat="37.134421" lon="128.976144">
        <ele>709.3</ele>
      </trkpt>
      <trkpt lat="37.134386" lon="128.976109">
        <ele>709.2</ele>
      </trkpt>
      <trkpt lat="37.134351" lon="128.976074">
        <ele>709.0</ele>
      </trkpt>
      <trkpt lat="37.134316" lon="128.976039">
        <ele>708.9</ele>
      </trkpt>
      <trkpt lat="37.134281" lon="128.976003">
        <ele>708.7</ele>
      </trkpt>
      <trkpt lat="37.134245" lon="128.975968">
        <ele>708.5</ele>
      </trkpt>
      <trkpt lat="37.134212" lon="128.975930">
        <ele>708.1</ele>
      </trkpt>
      <trkpt lat="37.134179" lon="128.975892">
        <ele>707.5</ele>
      </trkpt>
      <trkpt lat="37.134146" lon="128.975853">
        <ele>707.8</ele>
      </trkpt>
      <trkpt lat="37.134114" lon="128.975815">
        <ele>708.1</ele>
      </trkpt>
      <trkpt lat="37.134081" lon="128.975776">
        <ele>708.4</ele>
      </trkpt>
      <trkpt lat="37.134048" lon="128.975738">
        <ele>708.7</ele>
      </trkpt>
      <trkpt lat="37.134015" lon="128.975699">
        <ele>709.0</ele>
      </trkpt>
      <trkpt lat="37.133987" lon="128.975655">
        <ele>709.0</ele>
      </trkpt>
      <trkpt lat="37.133960" lon="128.975611">
        <ele>709.0</ele>
      </trkpt>
      <trkpt lat="37.133932" lon="128.975566">
        <ele>709.0</ele>
      </trkpt>
      <trkpt lat="37.133905" lon="128.975521">
        <ele>709.0</ele>
      </trkpt>
      <trkpt lat="37.133878" lon="128.975476">
        <ele>709.0</ele>
      </trkpt>
      <trkpt lat="37.133851" lon="128.975431">
        <ele>709.0</ele>
      </trkpt>
      <trkpt lat="37.133824" lon="128.975386">
        <ele>709.0</ele>
      </trkpt>
      <trkpt lat="37.133796" lon="128.975341">
        <ele>709.0</ele>
      </trkpt>
      <trkpt lat="37.133769" lon="128.975296">
        <ele>708.9</ele>
      </trkpt>
      <trkpt lat="37.133742" lon="128.975251">
        <ele>708.9</ele>
      </trkpt>
      <trkpt lat="37.133715" lon="128.975206">
        <ele>708.9</ele>
      </trkpt>
      <trkpt lat="37.133687" lon="128.975162">
        <ele>708.9</ele>
      </trkpt>
      <trkpt lat="37.133660" lon="128.975117">
        <ele>708.9</ele>
      </trkpt>
      <trkpt lat="37.133633" lon="128.975072">
        <ele>708.9</ele>
      </trkpt>
      <trkpt lat="37.133606" lon="128.975027">
        <ele>708.9</ele>
      </trkpt>
      <trkpt lat="37.133579" lon="128.974982">
        <ele>708.9</ele>
      </trkpt>
      <trkpt lat="37.133551" lon="128.974937">
        <ele>708.9</ele>
      </trkpt>
      <trkpt lat="37.133524" lon="128.974892">
        <ele>708.9</ele>
      </trkpt>
      <trkpt lat="37.133497" lon="128.974847">
        <ele>708.9</ele>
      </trkpt>
      <trkpt lat="37.133470" lon="128.974802">
        <ele>708.9</ele>
      </trkpt>
      <trkpt lat="37.133442" lon="128.974757">
        <ele>708.9</ele>
      </trkpt>
      <trkpt lat="37.133415" lon="128.974713">
        <ele>708.9</ele>
      </trkpt>
      <trkpt lat="37.133388" lon="128.974668">
        <ele>708.9</ele>
      </trkpt>
      <trkpt lat="37.133361" lon="128.974623">
        <ele>708.9</ele>
      </trkpt>
      <trkpt lat="37.133334" lon="128.974578">
        <ele>708.8</ele>
      </trkpt>
      <trkpt lat="37.133306" lon="128.974533">
        <ele>708.8</ele>
      </trkpt>
      <trkpt lat="37.133279" lon="128.974488">
        <ele>708.8</ele>
      </trkpt>
      <trkpt lat="37.133252" lon="128.974443">
        <ele>708.8</ele>
      </trkpt>
      <trkpt lat="37.133225" lon="128.974398">
        <ele>708.8</ele>
      </trkpt>
      <trkpt lat="37.133198" lon="128.974353">
        <ele>708.8</ele>
      </trkpt>
      <trkpt lat="37.133170" lon="128.974308">
        <ele>708.8</ele>
      </trkpt>
      <trkpt lat="37.133143" lon="128.974264">
        <ele>708.8</ele>
      </trkpt>
      <trkpt lat="37.133116" lon="128.974218">
        <ele>708.8</ele>
      </trkpt>
      <trkpt lat="37.133089" lon="128.974173">
        <ele>708.9</ele>
      </trkpt>
      <trkpt lat="37.133063" lon="128.974128">
        <ele>709.0</ele>
      </trkpt>
      <trkpt lat="37.133036" lon="128.974082">
        <ele>709.0</ele>
      </trkpt>
      <trkpt lat="37.133010" lon="128.974037">
        <ele>709.1</ele>
      </trkpt>
      <trkpt lat="37.132983" lon="128.973991">
        <ele>709.2</ele>
      </trkpt>
      <trkpt lat="37.132956" lon="128.973946">
        <ele>709.2</ele>
      </trkpt>
      <trkpt lat="37.132930" lon="128.973900">
        <ele>709.3</ele>
      </trkpt>
      <trkpt lat="37.132903" lon="128.973855">
        <ele>709.3</ele>
      </trkpt>
      <trkpt lat="37.132876" lon="128.973810">
        <ele>709.4</ele>
      </trkpt>
      <trkpt lat="37.132850" lon="128.973764">
        <ele>709.5</ele>
      </trkpt>
      <trkpt lat="37.132823" lon="128.973719">
        <ele>709.5</ele>
      </trkpt>
      <trkpt lat="37.132796" lon="128.973673">
        <ele>709.6</ele>
      </trkpt>
      <trkpt lat="37.132770" lon="128.973628">
        <ele>709.7</ele>
      </trkpt>
      <trkpt lat="37.132743" lon="128.973582">
        <ele>709.7</ele>
      </trkpt>
      <trkpt lat="37.132716" lon="128.973537">
        <ele>709.8</ele>
      </trkpt>
      <trkpt lat="37.132690" lon="128.973492">
        <ele>709.9</ele>
      </trkpt>
      <trkpt lat="37.132663" lon="128.973446">
        <ele>709.9</ele>
      </trkpt>
      <trkpt lat="37.132636" lon="128.973401">
        <ele>710.0</ele>
      </trkpt>
      <trkpt lat="37.132610" lon="128.973355">
        <ele>710.1</ele>
      </trkpt>
      <trkpt lat="37.132583" lon="128.973310">
        <ele>710.1</ele>
      </trkpt>
      <trkpt lat="37.132556" lon="128.973264">
        <ele>710.2</ele>
      </trkpt>
      <trkpt lat="37.132530" lon="128.973219">
        <ele>710.3</ele>
      </trkpt>
      <trkpt lat="37.132503" lon="128.973174">
        <ele>710.3</ele>
      </trkpt>
      <trkpt lat="37.132477" lon="128.973128">
        <ele>710.4</ele>
      </trkpt>
      <trkpt lat="37.132450" lon="128.973083">
        <ele>710.4</ele>
      </trkpt>
      <trkpt lat="37.132423" lon="128.973037">
        <ele>710.5</ele>
      </trkpt>
      <trkpt lat="37.132397" lon="128.972992">
        <ele>710.6</ele>
      </trkpt>
      <trkpt lat="37.132370" lon="128.972946">
        <ele>710.6</ele>
      </trkpt>
      <trkpt lat="37.132343" lon="128.972901">
        <ele>710.7</ele>
      </trkpt>
      <trkpt lat="37.132317" lon="128.972856">
        <ele>710.8</ele>
      </trkpt>
      <trkpt lat="37.132290" lon="128.972810">
        <ele>710.8</ele>
      </trkpt>
      <trkpt lat="37.132263" lon="128.972765">
        <ele>710.9</ele>
      </trkpt>
      <trkpt lat="37.132237" lon="128.972719">
        <ele>711.0</ele>
      </trkpt>
      <trkpt lat="37.132208" lon="128.972676">
        <ele>711.3</ele>
      </trkpt>
      <trkpt lat="37.132177" lon="128.972635">
        <ele>712.0</ele>
      </trkpt>
      <trkpt lat="37.132146" lon="128.972594">
        <ele>712.7</ele>
      </trkpt>
      <trkpt lat="37.132115" lon="128.972553">
        <ele>713.4</ele>
      </trkpt>
      <trkpt lat="37.132084" lon="128.972512">
        <ele>714.2</ele>
      </trkpt>
      <trkpt lat="37.132053" lon="128.972472">
        <ele>714.9</ele>
      </trkpt>
      <trkpt lat="37.132022" lon="128.972431">
        <ele>715.6</ele>
      </trkpt>
      <trkpt lat="37.131991" lon="128.972390">
        <ele>716.3</ele>
      </trkpt>
      <trkpt lat="37.131960" lon="128.972349">
        <ele>717.0</ele>
      </trkpt>
      <trkpt lat="37.131929" lon="128.972308">
        <ele>717.7</ele>
      </trkpt>
      <trkpt lat="37.131898" lon="128.972267">
        <ele>718.4</ele>
      </trkpt>
      <trkpt lat="37.131867" lon="128.972226">
        <ele>719.1</ele>
      </trkpt>
      <trkpt lat="37.131836" lon="128.972185">
        <ele>719.8</ele>
      </trkpt>
      <trkpt lat="37.131806" lon="128.972144">
        <ele>720.5</ele>
      </trkpt>
      <trkpt lat="37.131775" lon="128.972103">
        <ele>721.2</ele>
      </trkpt>
      <trkpt lat="37.131749" lon="128.972057">
        <ele>721.2</ele>
      </trkpt>
      <trkpt lat="37.131725" lon="128.972009">
        <ele>721.0</ele>
      </trkpt>
      <trkpt lat="37.131701" lon="128.971962">
        <ele>720.9</ele>
      </trkpt>
      <trkpt lat="37.131677" lon="128.971914">
        <ele>720.8</ele>
      </trkpt>
      <trkpt lat="37.131653" lon="128.971866">
        <ele>720.6</ele>
      </trkpt>
      <trkpt lat="37.131629" lon="128.971819">
        <ele>720.5</ele>
      </trkpt>
      <trkpt lat="37.131605" lon="128.971771">
        <ele>720.4</ele>
      </trkpt>
      <trkpt lat="37.131581" lon="128.971723">
        <ele>720.2</ele>
      </trkpt>
      <trkpt lat="37.131557" lon="128.971675">
        <ele>720.1</ele>
      </trkpt>
      <trkpt lat="37.131533" lon="128.971628">
        <ele>719.9</ele>
      </trkpt>
      <trkpt lat="37.131509" lon="128.971580">
        <ele>719.8</ele>
      </trkpt>
      <trkpt lat="37.131492" lon="128.971528">
        <ele>719.2</ele>
      </trkpt>
      <trkpt lat="37.131476" lon="128.971475">
        <ele>718.5</ele>
      </trkpt>
      <trkpt lat="37.131459" lon="128.971423">
        <ele>717.9</ele>
      </trkpt>
      <trkpt lat="37.131442" lon="128.971371">
        <ele>717.3</ele>
      </trkpt>
      <trkpt lat="37.131425" lon="128.971318">
        <ele>716.7</ele>
      </trkpt>
      <trkpt lat="37.131408" lon="128.971266">
        <ele>716.0</ele>
      </trkpt>
      <trkpt lat="37.131392" lon="128.971214">
        <ele>715.4</ele>
      </trkpt>
      <trkpt lat="37.131376" lon="128.971161">
        <ele>714.7</ele>
      </trkpt>
      <trkpt lat="37.131361" lon="128.971108">
        <ele>714.0</ele>
      </trkpt>
      <trkpt lat="37.131345" lon="128.971055">
        <ele>713.3</ele>
      </trkpt>
      <trkpt lat="37.131330" lon="128.971002">
        <ele>712.6</ele>
      </trkpt>
      <trkpt lat="37.131315" lon="128.970949">
        <ele>711.9</ele>
      </trkpt>
      <trkpt lat="37.131299" lon="128.970896">
        <ele>711.3</ele>
      </trkpt>
      <trkpt lat="37.131290" lon="128.970841">
        <ele>710.5</ele>
      </trkpt>
      <trkpt lat="37.131281" lon="128.970785">
        <ele>709.7</ele>
      </trkpt>
      <trkpt lat="37.131265" lon="128.970743">
        <ele>709.0</ele>
      </trkpt>
      <trkpt lat="37.131273" lon="128.970738">
        <ele>710.3</ele>
      </trkpt>
      <trkpt lat="37.131263" lon="128.970682">
        <ele>709.9</ele>
      </trkpt>
      <trkpt lat="37.131254" lon="128.970627">
        <ele>709.6</ele>
      </trkpt>
      <trkpt lat="37.131244" lon="128.970572">
        <ele>709.2</ele>
      </trkpt>
      <trkpt lat="37.131235" lon="128.970517">
        <ele>708.9</ele>
      </trkpt>
      <trkpt lat="37.131228" lon="128.970461">
        <ele>708.8</ele>
      </trkpt>
      <trkpt lat="37.131220" lon="128.970406">
        <ele>708.6</ele>
      </trkpt>
      <trkpt lat="37.131212" lon="128.970350">
        <ele>708.4</ele>
      </trkpt>
      <trkpt lat="37.131204" lon="128.970295">
        <ele>708.3</ele>
      </trkpt>
      <trkpt lat="37.131196" lon="128.970239">
        <ele>708.1</ele>
      </trkpt>
      <trkpt lat="37.131188" lon="128.970184">
        <ele>707.9</ele>
      </trkpt>
      <trkpt lat="37.131180" lon="128.970128">
        <ele>707.8</ele>
      </trkpt>
      <trkpt lat="37.131172" lon="128.970073">
        <ele>707.6</ele>
      </trkpt>
      <trkpt lat="37.131164" lon="128.970017">
        <ele>707.4</ele>
      </trkpt>
      <trkpt lat="37.131157" lon="128.969962">
        <ele>707.3</ele>
      </trkpt>
      <trkpt lat="37.131149" lon="128.969906">
        <ele>707.1</ele>
      </trkpt>
      <trkpt lat="37.131141" lon="128.969851">
        <ele>707.0</ele>
      </trkpt>
      <trkpt lat="37.131133" lon="128.969795">
        <ele>706.8</ele>
      </trkpt>
      <trkpt lat="37.131125" lon="128.969739">
        <ele>706.6</ele>
      </trkpt>
      <trkpt lat="37.131117" lon="128.969684">
        <ele>706.5</ele>
      </trkpt>
      <trkpt lat="37.131109" lon="128.969628">
        <ele>706.3</ele>
      </trkpt>
      <trkpt lat="37.131101" lon="128.969573">
        <ele>706.1</ele>
      </trkpt>
      <trkpt lat="37.131093" lon="128.969517">
        <ele>706.0</ele>
      </trkpt>
      <trkpt lat="37.131086" lon="128.969462">
        <ele>705.8</ele>
      </trkpt>
      <trkpt lat="37.131078" lon="128.969406">
        <ele>705.6</ele>
      </trkpt>
      <trkpt lat="37.131070" lon="128.969351">
        <ele>705.5</ele>
      </trkpt>
      <trkpt lat="37.131062" lon="128.969295">
        <ele>705.3</ele>
      </trkpt>
      <trkpt lat="37.131054" lon="128.969240">
        <ele>705.1</ele>
      </trkpt>
      <trkpt lat="37.131046" lon="128.969184">
        <ele>705.0</ele>
      </trkpt>
      <trkpt lat="37.131038" lon="128.969129">
        <ele>704.8</ele>
      </trkpt>
      <trkpt lat="37.131030" lon="128.969073">
        <ele>704.7</ele>
      </trkpt>
      <trkpt lat="37.131022" lon="128.969018">
        <ele>704.5</ele>
      </trkpt>
      <trkpt lat="37.131014" lon="128.968962">
        <ele>704.3</ele>
      </trkpt>
      <trkpt lat="37.131007" lon="128.968907">
        <ele>704.2</ele>
      </trkpt>
      <trkpt lat="37.130999" lon="128.968851">
        <ele>704.0</ele>
      </trkpt>
      <trkpt lat="37.130991" lon="128.968796">
        <ele>703.8</ele>
      </trkpt>
      <trkpt lat="37.130983" lon="128.968740">
        <ele>703.7</ele>
      </trkpt>
      <trkpt lat="37.130975" lon="128.968685">
        <ele>703.5</ele>
      </trkpt>
      <trkpt lat="37.130967" lon="128.968629">
        <ele>703.3</ele>
      </trkpt>
      <trkpt lat="37.130959" lon="128.968573">
        <ele>703.2</ele>
      </trkpt>
      <trkpt lat="37.130951" lon="128.968518">
        <ele>703.0</ele>
      </trkpt>
      <trkpt lat="37.130943" lon="128.968462">
        <ele>702.9</ele>
      </trkpt>
      <trkpt lat="37.130936" lon="128.968407">
        <ele>702.7</ele>
      </trkpt>
      <trkpt lat="37.130928" lon="128.968351">
        <ele>702.5</ele>
      </trkpt>
      <trkpt lat="37.130920" lon="128.968296">
        <ele>702.4</ele>
      </trkpt>
      <trkpt lat="37.130914" lon="128.968240">
        <ele>702.2</ele>
      </trkpt>
      <trkpt lat="37.130910" lon="128.968184">
        <ele>702.1</ele>
      </trkpt>
      <trkpt lat="37.130906" lon="128.968128">
        <ele>702.0</ele>
      </trkpt>
      <trkpt lat="37.130902" lon="128.968071">
        <ele>701.9</ele>
      </trkpt>
      <trkpt lat="37.130898" lon="128.968015">
        <ele>701.8</ele>
      </trkpt>
      <trkpt lat="37.130894" lon="128.967959">
        <ele>701.7</ele>
      </trkpt>
      <trkpt lat="37.130890" lon="128.967903">
        <ele>701.6</ele>
      </trkpt>
      <trkpt lat="37.130886" lon="128.967847">
        <ele>701.5</ele>
      </trkpt>
      <trkpt lat="37.130886" lon="128.967790">
        <ele>701.6</ele>
      </trkpt>
      <trkpt lat="37.130886" lon="128.967734">
        <ele>701.7</ele>
      </trkpt>
      <trkpt lat="37.130886" lon="128.967677">
        <ele>701.7</ele>
      </trkpt>
      <trkpt lat="37.130886" lon="128.967621">
        <ele>701.8</ele>
      </trkpt>
      <trkpt lat="37.130886" lon="128.967565">
        <ele>701.9</ele>
      </trkpt>
      <trkpt lat="37.130886" lon="128.967508">
        <ele>702.0</ele>
      </trkpt>
      <trkpt lat="37.130885" lon="128.967452">
        <ele>702.1</ele>
      </trkpt>
      <trkpt lat="37.130885" lon="128.967395">
        <ele>702.2</ele>
      </trkpt>
      <trkpt lat="37.130885" lon="128.967339">
        <ele>702.2</ele>
      </trkpt>
      <trkpt lat="37.130885" lon="128.967283">
        <ele>702.3</ele>
      </trkpt>
      <trkpt lat="37.130885" lon="128.967226">
        <ele>702.4</ele>
      </trkpt>
      <trkpt lat="37.130885" lon="128.967170">
        <ele>702.5</ele>
      </trkpt>
      <trkpt lat="37.130887" lon="128.967113">
        <ele>702.8</ele>
      </trkpt>
      <trkpt lat="37.130888" lon="128.967057">
        <ele>703.1</ele>
      </trkpt>
      <trkpt lat="37.130890" lon="128.967001">
        <ele>703.5</ele>
      </trkpt>
      <trkpt lat="37.130892" lon="128.966944">
        <ele>703.8</ele>
      </trkpt>
      <trkpt lat="37.130894" lon="128.966888">
        <ele>704.1</ele>
      </trkpt>
      <trkpt lat="37.130896" lon="128.966832">
        <ele>704.5</ele>
      </trkpt>
      <trkpt lat="37.130898" lon="128.966775">
        <ele>704.8</ele>
      </trkpt>
      <trkpt lat="37.130900" lon="128.966719">
        <ele>705.1</ele>
      </trkpt>
      <trkpt lat="37.130901" lon="128.966663">
        <ele>705.5</ele>
      </trkpt>
      <trkpt lat="37.130903" lon="128.966606">
        <ele>705.8</ele>
      </trkpt>
      <trkpt lat="37.130905" lon="128.966550">
        <ele>706.1</ele>
      </trkpt>
      <trkpt lat="37.130909" lon="128.966494">
        <ele>706.5</ele>
      </trkpt>
      <trkpt lat="37.130914" lon="128.966438">
        <ele>706.9</ele>
      </trkpt>
      <trkpt lat="37.130919" lon="128.966382">
        <ele>707.3</ele>
      </trkpt>
      <trkpt lat="37.130925" lon="128.966326">
        <ele>707.8</ele>
      </trkpt>
      <trkpt lat="37.130930" lon="128.966270">
        <ele>708.2</ele>
      </trkpt>
      <trkpt lat="37.130935" lon="128.966214">
        <ele>708.6</ele>
      </trkpt>
      <trkpt lat="37.130941" lon="128.966158">
        <ele>709.0</ele>
      </trkpt>
      <trkpt lat="37.130946" lon="128.966102">
        <ele>709.4</ele>
      </trkpt>
      <trkpt lat="37.130951" lon="128.966046">
        <ele>709.8</ele>
      </trkpt>
      <trkpt lat="37.130957" lon="128.965990">
        <ele>710.3</ele>
      </trkpt>
      <trkpt lat="37.130962" lon="128.965934">
        <ele>710.7</ele>
      </trkpt>
      <trkpt lat="37.130967" lon="128.965878">
        <ele>711.1</ele>
      </trkpt>
      <trkpt lat="37.130973" lon="128.965822">
        <ele>711.5</ele>
      </trkpt>
      <trkpt lat="37.130978" lon="128.965766">
        <ele>711.9</ele>
      </trkpt>
      <trkpt lat="37.130983" lon="128.965710">
        <ele>712.4</ele>
      </trkpt>
      <trkpt lat="37.130989" lon="128.965654">
        <ele>712.8</ele>
      </trkpt>
      <trkpt lat="37.130994" lon="128.965598">
        <ele>713.2</ele>
      </trkpt>
      <trkpt lat="37.130999" lon="128.965542">
        <ele>713.6</ele>
      </trkpt>
      <trkpt lat="37.131005" lon="128.965486">
        <ele>714.0</ele>
      </trkpt>
      <trkpt lat="37.131010" lon="128.965430">
        <ele>714.4</ele>
      </trkpt>
      <trkpt lat="37.131015" lon="128.965374">
        <ele>714.9</ele>
      </trkpt>
      <trkpt lat="37.131021" lon="128.965318">
        <ele>715.3</ele>
      </trkpt>
      <trkpt lat="37.131026" lon="128.965262">
        <ele>715.7</ele>
      </trkpt>
      <trkpt lat="37.131032" lon="128.965206">
        <ele>716.1</ele>
      </trkpt>
      <trkpt lat="37.131037" lon="128.965150">
        <ele>716.5</ele>
      </trkpt>
      <trkpt lat="37.131042" lon="128.965094">
        <ele>716.9</ele>
      </trkpt>
      <trkpt lat="37.131048" lon="128.965038">
        <ele>717.4</ele>
      </trkpt>
      <trkpt lat="37.131053" lon="128.964982">
        <ele>717.8</ele>
      </trkpt>
      <trkpt lat="37.131058" lon="128.964926">
        <ele>718.2</ele>
      </trkpt>
      <trkpt lat="37.131064" lon="128.964870">
        <ele>718.6</ele>
      </trkpt>
      <trkpt lat="37.131069" lon="128.964814">
        <ele>719.0</ele>
      </trkpt>
      <trkpt lat="37.131074" lon="128.964758">
        <ele>719.4</ele>
      </trkpt>
      <trkpt lat="37.131080" lon="128.964702">
        <ele>719.9</ele>
      </trkpt>
      <trkpt lat="37.131085" lon="128.964646">
        <ele>720.3</ele>
      </trkpt>
      <trkpt lat="37.131090" lon="128.964590">
        <ele>720.7</ele>
      </trkpt>
      <trkpt lat="37.131096" lon="128.964534">
        <ele>721.1</ele>
      </trkpt>
      <trkpt lat="37.131101" lon="128.964478">
        <ele>721.5</ele>
      </trkpt>
      <trkpt lat="37.131106" lon="128.964422">
        <ele>721.9</ele>
      </trkpt>
      <trkpt lat="37.131112" lon="128.964366">
        <ele>722.4</ele>
      </trkpt>
      <trkpt lat="37.131117" lon="128.964310">
        <ele>722.8</ele>
      </trkpt>
      <trkpt lat="37.131122" lon="128.964254">
        <ele>723.2</ele>
      </trkpt>
      <trkpt lat="37.131128" lon="128.964198">
        <ele>723.6</ele>
      </trkpt>
      <trkpt lat="37.131118" lon="128.964172">
        <ele>722.4</ele>
      </trkpt>
      <trkpt lat="37.131134" lon="128.964132">
        <ele>720.3</ele>
      </trkpt>
      <trkpt lat="37.131139" lon="128.964076">
        <ele>720.6</ele>
      </trkpt>
      <trkpt lat="37.131145" lon="128.964020">
        <ele>721.0</ele>
      </trkpt>
      <trkpt lat="37.131150" lon="128.963964">
        <ele>721.3</ele>
      </trkpt>
      <trkpt lat="37.131155" lon="128.963908">
        <ele>721.7</ele>
      </trkpt>
      <trkpt lat="37.131161" lon="128.963852">
        <ele>722.0</ele>
      </trkpt>
      <trkpt lat="37.131166" lon="128.963796">
        <ele>722.4</ele>
      </trkpt>
      <trkpt lat="37.131171" lon="128.963740">
        <ele>722.7</ele>
      </trkpt>
      <trkpt lat="37.131177" lon="128.963684">
        <ele>723.1</ele>
      </trkpt>
      <trkpt lat="37.131182" lon="128.963628">
        <ele>723.4</ele>
      </trkpt>
      <trkpt lat="37.131188" lon="128.963572">
        <ele>723.8</ele>
      </trkpt>
      <trkpt lat="37.131194" lon="128.963516">
        <ele>723.8</ele>
      </trkpt>
      <trkpt lat="37.131201" lon="128.963460">
        <ele>723.9</ele>
      </trkpt>
      <trkpt lat="37.131208" lon="128.963405">
        <ele>723.9</ele>
      </trkpt>
      <trkpt lat="37.131215" lon="128.963349">
        <ele>724.0</ele>
      </trkpt>
      <trkpt lat="37.131222" lon="128.963293">
        <ele>724.0</ele>
      </trkpt>
      <trkpt lat="37.131229" lon="128.963237">
        <ele>724.1</ele>
      </trkpt>
      <trkpt lat="37.131236" lon="128.963182">
        <ele>724.1</ele>
      </trkpt>
      <trkpt lat="37.131242" lon="128.963126">
        <ele>724.2</ele>
      </trkpt>
      <trkpt lat="37.131249" lon="128.963070">
        <ele>724.2</ele>
      </trkpt>
      <trkpt lat="37.131256" lon="128.963014">
        <ele>724.3</ele>
      </trkpt>
      <trkpt lat="37.131265" lon="128.962959">
        <ele>724.3</ele>
      </trkpt>
      <trkpt lat="37.131275" lon="128.962904">
        <ele>724.3</ele>
      </trkpt>
      <trkpt lat="37.131285" lon="128.962849">
        <ele>724.3</ele>
      </trkpt>
      <trkpt lat="37.131294" lon="128.962794">
        <ele>724.3</ele>
      </trkpt>
      <trkpt lat="37.131304" lon="128.962739">
        <ele>724.3</ele>
      </trkpt>
      <trkpt lat="37.131314" lon="128.962684">
        <ele>724.3</ele>
      </trkpt>
      <trkpt lat="37.131324" lon="128.962629">
        <ele>724.3</ele>
      </trkpt>
      <trkpt lat="37.131333" lon="128.962574">
        <ele>724.3</ele>
      </trkpt>
      <trkpt lat="37.131343" lon="128.962519">
        <ele>724.3</ele>
      </trkpt>
      <trkpt lat="37.131353" lon="128.962464">
        <ele>724.3</ele>
      </trkpt>
      <trkpt lat="37.131364" lon="128.962409">
        <ele>724.2</ele>
      </trkpt>
      <trkpt lat="37.131376" lon="128.962355">
        <ele>724.1</ele>
      </trkpt>
      <trkpt lat="37.131387" lon="128.962300">
        <ele>723.9</ele>
      </trkpt>
      <trkpt lat="37.131399" lon="128.962246">
        <ele>723.8</ele>
      </trkpt>
      <trkpt lat="37.131410" lon="128.962191">
        <ele>723.7</ele>
      </trkpt>
      <trkpt lat="37.131422" lon="128.962137">
        <ele>723.6</ele>
      </trkpt>
      <trkpt lat="37.131434" lon="128.962082">
        <ele>723.4</ele>
      </trkpt>
      <trkpt lat="37.131445" lon="128.962028">
        <ele>723.3</ele>
      </trkpt>
      <trkpt lat="37.131457" lon="128.961973">
        <ele>723.2</ele>
      </trkpt>
      <trkpt lat="37.131468" lon="128.961919">
        <ele>723.0</ele>
      </trkpt>
      <trkpt lat="37.131480" lon="128.961864">
        <ele>722.9</ele>
      </trkpt>
      <trkpt lat="37.131491" lon="128.961809">
        <ele>722.8</ele>
      </trkpt>
      <trkpt lat="37.131503" lon="128.961755">
        <ele>722.7</ele>
      </trkpt>
      <trkpt lat="37.131514" lon="128.961700">
        <ele>722.5</ele>
      </trkpt>
      <trkpt lat="37.131526" lon="128.961646">
        <ele>722.4</ele>
      </trkpt>
      <trkpt lat="37.131540" lon="128.961594">
        <ele>722.3</ele>
      </trkpt>
      <trkpt lat="37.131573" lon="128.961554">
        <ele>722.1</ele>
      </trkpt>
      <trkpt lat="37.131596" lon="128.961508">
        <ele>722.0</ele>
      </trkpt>
      <trkpt lat="37.131612" lon="128.961455">
        <ele>722.0</ele>
      </trkpt>
      <trkpt lat="37.131627" lon="128.961402">
        <ele>721.9</ele>
      </trkpt>
      <trkpt lat="37.131643" lon="128.961349">
        <ele>721.9</ele>
      </trkpt>
      <trkpt lat="37.131658" lon="128.961296">
        <ele>721.9</ele>
      </trkpt>
      <trkpt lat="37.131674" lon="128.961243">
        <ele>721.9</ele>
      </trkpt>
      <trkpt lat="37.131689" lon="128.961190">
        <ele>721.8</ele>
      </trkpt>
      <trkpt lat="37.131705" lon="128.961137">
        <ele>721.8</ele>
      </trkpt>
      <trkpt lat="37.131734" lon="128.961100">
        <ele>721.6</ele>
      </trkpt>
      <trkpt lat="37.131771" lon="128.961070">
        <ele>720.4</ele>
      </trkpt>
      <trkpt lat="37.131779" lon="128.961071">
        <ele>716.3</ele>
      </trkpt>
    </trkseg>
  </trk>
</gpx>