<?xml version="1.0" encoding="UTF-8"?>
<gpx xmlns="http://www.topografix.com/GPX/1/1" creator="MTK - http://www.toursprung.com" version="1.1" xmlns:xsi="http://www.w3.org/2001/XMLSchema-instance" xsi:schemaLocation="http://www.topografix.com/GPX/1/1 http://www.topografix.com/GPX/1/1/gpx.xsd">
<metadata>
<name>회동호 25km</name>
</metadata>
<wpt lat="35.266155" lon="129.112349" sectionIndex="0" pointIndex="247" type="Generic"><name>화장실</name><ele>40.4</ele><type>GENERIC</type><note>화장실</note></wpt>
<wpt lat="35.251336" lon="129.110109" sectionIndex="0" pointIndex="345" type="Food"><name>CP-1 부엉산 입구</name><ele>63.4</ele><type>FOOD</type><note>CP-1 부엉산 입구</note></wpt>
<wpt lat="35.233847" lon="129.118259" sectionIndex="0" pointIndex="609" type="Generic"><name>화장실</name><ele>28.3</ele><type>GENERIC</type><note>화장실</note></wpt>
<wpt lat="35.231156" lon="129.124275" sectionIndex="0" pointIndex="627" type="Generic"><name>화장실</name><ele>13.3</ele><type>GENERIC</type><note>화장실</note></wpt>
<wpt lat="35.240900" lon="129.133498" sectionIndex="0" pointIndex="710" type="Food"><name>CP-2 차량주의 구간종료</name><ele>78.9</ele><type>FOOD</type><note>CP-2 차량주의 구간종료</note></wpt>
<wpt lat="35.276253" lon="129.108901" sectionIndex="0" pointIndex="1222" type="Generic"><name>화장실</name><ele>40.9</ele><type>GENERIC</type><note>화장실</note></wpt>
<trk>
<name>회동호 25km</name>
<trkseg>
<trkpt lat="35.291360" lon="129.102090" sectionIndex="0" pointIndex="0" originalElevation="46.7" isOriginalElevationFromOSM="true"><ele>46.7</ele></trkpt>
<trkpt lat="35.291110" lon="129.102128" sectionIndex="0" pointIndex="1" originalElevation="46.9" isOriginalElevationFromOSM="true"><ele>46.8</ele></trkpt>
<trkpt lat="35.290990" lon="129.102180" sectionIndex="0" pointIndex="2" originalElevation="46.9" isOriginalElevationFromOSM="true"><ele>46.9</ele></trkpt>
<trkpt lat="35.290770" lon="129.102360" sectionIndex="0" pointIndex="3" originalElevation="47.0" isOriginalElevationFromOSM="true"><ele>46.9</ele></trkpt>
<trkpt lat="35.290600" lon="129.102460" sectionIndex="0" pointIndex="4" originalElevation="47.0" isOriginalElevationFromOSM="true"><ele>47.0</ele></trkpt>
<trkpt lat="35.290240" lon="129.102600" sectionIndex="0" pointIndex="5" originalElevation="47.0" isOriginalElevationFromOSM="true"><ele>46.8</ele></trkpt>
<trkpt lat="35.289760" lon="129.102800" sectionIndex="0" pointIndex="6" originalElevation="47.0" isOriginalElevationFromOSM="true"><ele>46.7</ele></trkpt>
<trkpt lat="35.289550" lon="129.102880" sectionIndex="0" pointIndex="7" originalElevation="47.0" isOriginalElevationFromOSM="true"><ele>46.5</ele></trkpt>
<trkpt lat="35.289440" lon="129.102910" sectionIndex="0" pointIndex="8" originalElevation="47.0" isOriginalElevationFromOSM="true"><ele>46.4</ele></trkpt>
<trkpt lat="35.289120" lon="129.103090" sectionIndex="0" pointIndex="9" originalElevation="46.4" isOriginalElevationFromOSM="true"><ele>46.3</ele></trkpt>
<trkpt lat="35.288990" lon="129.103107" sectionIndex="0" pointIndex="10" originalElevation="46.3" isOriginalElevationFromOSM="true"><ele>46.3</ele></trkpt>
<trkpt lat="35.288850" lon="129.103197" sectionIndex="0" pointIndex="11" originalElevation="46.0" isOriginalElevationFromOSM="true"><ele>46.2</ele></trkpt>
<trkpt lat="35.288451" lon="129.103386" sectionIndex="0" pointIndex="12" originalElevation="46.0" isOriginalElevationFromOSM="false"><ele>46.1</ele></trkpt>
<trkpt lat="35.288400" lon="129.103410" sectionIndex="0" pointIndex="13" originalElevation="45.2" isOriginalElevationFromOSM="true"><ele>46.0</ele></trkpt>
<trkpt lat="35.288350" lon="129.103350" sectionIndex="0" pointIndex="14" originalElevation="45.0" isOriginalElevationFromOSM="true"><ele>45.7</ele></trkpt>
<trkpt lat="35.288330" lon="129.103280" sectionIndex="0" pointIndex="15" originalElevation="45.3" isOriginalElevationFromOSM="true"><ele>45.4</ele></trkpt>
<trkpt lat="35.288180" lon="129.102848" sectionIndex="0" pointIndex="16" originalElevation="45.7" isOriginalElevationFromOSM="true"><ele>45.0</ele></trkpt>
<trkpt lat="35.288150" lon="129.102790" sectionIndex="0" pointIndex="17" originalElevation="45.9" isOriginalElevationFromOSM="true"><ele>44.8</ele></trkpt>
<trkpt lat="35.288120" lon="129.102820" sectionIndex="0" pointIndex="18" originalElevation="45.9" isOriginalElevationFromOSM="true"><ele>44.5</ele></trkpt>
<trkpt lat="35.288060" lon="129.102848" sectionIndex="0" pointIndex="19" originalElevation="45.9" isOriginalElevationFromOSM="true"><ele>44.3</ele></trkpt>
<trkpt lat="35.287600" lon="129.103017" sectionIndex="0" pointIndex="20" originalElevation="45.3" isOriginalElevationFromOSM="true"><ele>43.8</ele></trkpt>
<trkpt lat="35.286500" lon="129.103569" sectionIndex="0" pointIndex="21" originalElevation="42.3" isOriginalElevationFromOSM="true"><ele>43.4</ele></trkpt>
<trkpt lat="35.286070" lon="129.103790" sectionIndex="0" pointIndex="22" originalElevation="42.3" isOriginalElevationFromOSM="true"><ele>43.0</ele></trkpt>
<trkpt lat="35.284910" lon="129.104360" sectionIndex="0" pointIndex="23" originalElevation="42.3" isOriginalElevationFromOSM="true"><ele>42.5</ele></trkpt>
<trkpt lat="35.283390" lon="129.105110" sectionIndex="0" pointIndex="24" originalElevation="42.3" isOriginalElevationFromOSM="true"><ele>42.0</ele></trkpt>
<trkpt lat="35.282320" lon="129.105640" sectionIndex="0" pointIndex="25" originalElevation="42.3" isOriginalElevationFromOSM="true"><ele>41.5</ele></trkpt>
<trkpt lat="35.281180" lon="129.106210" sectionIndex="0" pointIndex="26" originalElevation="42.3" isOriginalElevationFromOSM="true"><ele>41.1</ele></trkpt>
<trkpt lat="35.280220" lon="129.106680" sectionIndex="0" pointIndex="27" originalElevation="39.6" isOriginalElevationFromOSM="true"><ele>40.6</ele></trkpt>
<trkpt lat="35.279210" lon="129.107260" sectionIndex="0" pointIndex="28" originalElevation="39.2" isOriginalElevationFromOSM="true"><ele>40.6</ele></trkpt>
<trkpt lat="35.278620" lon="129.107650" sectionIndex="0" pointIndex="29" originalElevation="38.6" isOriginalElevationFromOSM="true"><ele>40.8</ele></trkpt>
<trkpt lat="35.277580" lon="129.108319" sectionIndex="0" pointIndex="30" originalElevation="37.9" isOriginalElevationFromOSM="true"><ele>41.0</ele></trkpt>
<trkpt lat="35.277480" lon="129.108420" sectionIndex="0" pointIndex="31" originalElevation="38.1" isOriginalElevationFromOSM="true"><ele>41.2</ele></trkpt>
<trkpt lat="35.276630" lon="129.108950" sectionIndex="0" pointIndex="32" originalElevation="38.9" isOriginalElevationFromOSM="true"><ele>41.3</ele></trkpt>
<trkpt lat="35.276520" lon="129.108990" sectionIndex="0" pointIndex="33" originalElevation="39.1" isOriginalElevationFromOSM="true"><ele>41.5</ele></trkpt>
<trkpt lat="35.276447" lon="129.108972" sectionIndex="0" pointIndex="34" originalElevation="39.1" isOriginalElevationFromOSM="false"><ele>41.7</ele></trkpt>
<trkpt lat="35.276380" lon="129.108960" sectionIndex="0" pointIndex="35" originalElevation="45.0" isOriginalElevationFromOSM="false"><ele>42.1</ele></trkpt>
<trkpt lat="35.276336" lon="129.108947" sectionIndex="0" pointIndex="36" originalElevation="45.0" isOriginalElevationFromOSM="false"><ele>42.5</ele></trkpt>
<trkpt lat="35.276292" lon="129.108934" sectionIndex="0" pointIndex="37" originalElevation="45.0" isOriginalElevationFromOSM="false"><ele>42.9</ele></trkpt>
<trkpt lat="35.276248" lon="129.108921" sectionIndex="0" pointIndex="38" originalElevation="45.0" isOriginalElevationFromOSM="false"><ele>43.4</ele></trkpt>
<trkpt lat="35.276232" lon="129.108916" sectionIndex="0" pointIndex="39" originalElevation="45.0" isOriginalElevationFromOSM="false"><ele>43.8</ele></trkpt>
<trkpt lat="35.276188" lon="129.108927" sectionIndex="0" pointIndex="40" originalElevation="45.0" isOriginalElevationFromOSM="false"><ele>44.2</ele></trkpt>
<trkpt lat="35.276158" lon="129.108937" sectionIndex="0" pointIndex="41" originalElevation="45.0" isOriginalElevationFromOSM="false"><ele>44.6</ele></trkpt>
<trkpt lat="35.276117" lon="129.108961" sectionIndex="0" pointIndex="42" originalElevation="45.0" isOriginalElevationFromOSM="false"><ele>45.0</ele></trkpt>
<trkpt lat="35.276077" lon="129.108983" sectionIndex="0" pointIndex="43" originalElevation="45.0" isOriginalElevationFromOSM="false"><ele>45.0</ele></trkpt>
<trkpt lat="35.276076" lon="129.108987" sectionIndex="0" pointIndex="44" originalElevation="45.0" isOriginalElevationFromOSM="false"><ele>44.9</ele></trkpt>
<trkpt lat="35.276031" lon="129.108995" sectionIndex="0" pointIndex="45" originalElevation="45.0" isOriginalElevationFromOSM="false"><ele>44.7</ele></trkpt>
<trkpt lat="35.275990" lon="129.109006" sectionIndex="0" pointIndex="46" originalElevation="45.0" isOriginalElevationFromOSM="false"><ele>44.6</ele></trkpt>
<trkpt lat="35.275954" lon="129.109040" sectionIndex="0" pointIndex="47" originalElevation="45.0" isOriginalElevationFromOSM="false"><ele>44.5</ele></trkpt>
<trkpt lat="35.275919" lon="129.109074" sectionIndex="0" pointIndex="48" originalElevation="45.0" isOriginalElevationFromOSM="false"><ele>44.3</ele></trkpt>
<trkpt lat="35.275883" lon="129.109107" sectionIndex="0" pointIndex="49" originalElevation="45.0" isOriginalElevationFromOSM="false"><ele>44.2</ele></trkpt>
<trkpt lat="35.275848" lon="129.109141" sectionIndex="0" pointIndex="50" originalElevation="45.0" isOriginalElevationFromOSM="false"><ele>44.1</ele></trkpt>
<trkpt lat="35.275813" lon="129.109175" sectionIndex="0" pointIndex="51" originalElevation="43.0" isOriginalElevationFromOSM="false"><ele>43.9</ele></trkpt>
<trkpt lat="35.275777" lon="129.109209" sectionIndex="0" pointIndex="52" originalElevation="43.0" isOriginalElevationFromOSM="false"><ele>43.8</ele></trkpt>
<trkpt lat="35.275742" lon="129.109242" sectionIndex="0" pointIndex="53" originalElevation="43.0" isOriginalElevationFromOSM="false"><ele>43.7</ele></trkpt>
<trkpt lat="35.275710" lon="129.109274" sectionIndex="0" pointIndex="54" originalElevation="43.0" isOriginalElevationFromOSM="false"><ele>43.5</ele></trkpt>
<trkpt lat="35.275675" lon="129.109307" sectionIndex="0" pointIndex="55" originalElevation="43.0" isOriginalElevationFromOSM="false"><ele>43.4</ele></trkpt>
<trkpt lat="35.275639" lon="129.109341" sectionIndex="0" pointIndex="56" originalElevation="43.0" isOriginalElevationFromOSM="false"><ele>43.3</ele></trkpt>
<trkpt lat="35.275603" lon="129.109374" sectionIndex="0" pointIndex="57" originalElevation="43.0" isOriginalElevationFromOSM="false"><ele>43.1</ele></trkpt>
<trkpt lat="35.275568" lon="129.109408" sectionIndex="0" pointIndex="58" originalElevation="43.0" isOriginalElevationFromOSM="false"><ele>43.0</ele></trkpt>
<trkpt lat="35.275532" lon="129.109441" sectionIndex="0" pointIndex="59" originalElevation="43.0" isOriginalElevationFromOSM="false"><ele>43.0</ele></trkpt>
<trkpt lat="35.275496" lon="129.109475" sectionIndex="0" pointIndex="60" originalElevation="43.0" isOriginalElevationFromOSM="false"><ele>43.0</ele></trkpt>
<trkpt lat="35.275461" lon="129.109508" sectionIndex="0" pointIndex="61" originalElevation="43.0" isOriginalElevationFromOSM="false"><ele>43.0</ele></trkpt>
<trkpt lat="35.275454" lon="129.109513" sectionIndex="0" pointIndex="62" originalElevation="43.0" isOriginalElevationFromOSM="false"><ele>43.0</ele></trkpt>
<trkpt lat="35.275417" lon="129.109546" sectionIndex="0" pointIndex="63" originalElevation="43.0" isOriginalElevationFromOSM="false"><ele>43.0</ele></trkpt>
<trkpt lat="35.275381" lon="129.109579" sectionIndex="0" pointIndex="64" originalElevation="43.0" isOriginalElevationFromOSM="false"><ele>43.0</ele></trkpt>
<trkpt lat="35.275345" lon="129.109612" sectionIndex="0" pointIndex="65" originalElevation="43.0" isOriginalElevationFromOSM="false"><ele>43.0</ele></trkpt>
<trkpt lat="35.275308" lon="129.109644" sectionIndex="0" pointIndex="66" originalElevation="43.0" isOriginalElevationFromOSM="false"><ele>43.0</ele></trkpt>
<trkpt lat="35.275272" lon="129.109676" sectionIndex="0" pointIndex="67" originalElevation="43.0" isOriginalElevationFromOSM="false"><ele>43.0</ele></trkpt>
<trkpt lat="35.275236" lon="129.109709" sectionIndex="0" pointIndex="68" originalElevation="43.0" isOriginalElevationFromOSM="false"><ele>43.0</ele></trkpt>
<trkpt lat="35.275220" lon="129.109723" sectionIndex="0" pointIndex="69" originalElevation="43.0" isOriginalElevationFromOSM="false"><ele>42.9</ele></trkpt>
<trkpt lat="35.275182" lon="129.109749" sectionIndex="0" pointIndex="70" originalElevation="43.0" isOriginalElevationFromOSM="false"><ele>42.7</ele></trkpt>
<trkpt lat="35.275143" lon="129.109779" sectionIndex="0" pointIndex="71" originalElevation="43.0" isOriginalElevationFromOSM="false"><ele>42.6</ele></trkpt>
<trkpt lat="35.275105" lon="129.109805" sectionIndex="0" pointIndex="72" originalElevation="43.0" isOriginalElevationFromOSM="false"><ele>42.5</ele></trkpt>
<trkpt lat="35.275066" lon="129.109836" sectionIndex="0" pointIndex="73" originalElevation="43.0" isOriginalElevationFromOSM="false"><ele>42.3</ele></trkpt>
<trkpt lat="35.275028" lon="129.109862" sectionIndex="0" pointIndex="74" originalElevation="43.0" isOriginalElevationFromOSM="false"><ele>42.2</ele></trkpt>
<trkpt lat="35.275015" lon="129.109873" sectionIndex="0" pointIndex="75" originalElevation="43.0" isOriginalElevationFromOSM="false"><ele>42.1</ele></trkpt>
<trkpt lat="35.274971" lon="129.109884" sectionIndex="0" pointIndex="76" originalElevation="41.0" isOriginalElevationFromOSM="false"><ele>41.9</ele></trkpt>
<trkpt lat="35.274927" lon="129.109895" sectionIndex="0" pointIndex="77" originalElevation="41.0" isOriginalElevationFromOSM="false"><ele>41.8</ele></trkpt>
<trkpt lat="35.274883" lon="129.109907" sectionIndex="0" pointIndex="78" originalElevation="41.0" isOriginalElevationFromOSM="false"><ele>41.7</ele></trkpt>
<trkpt lat="35.274839" lon="129.109921" sectionIndex="0" pointIndex="79" originalElevation="41.0" isOriginalElevationFromOSM="false"><ele>41.5</ele></trkpt>
<trkpt lat="35.274836" lon="129.109921" sectionIndex="0" pointIndex="80" originalElevation="41.0" isOriginalElevationFromOSM="false"><ele>41.4</ele></trkpt>
<trkpt lat="35.274793" lon="129.109939" sectionIndex="0" pointIndex="81" originalElevation="41.0" isOriginalElevationFromOSM="false"><ele>41.3</ele></trkpt>
<trkpt lat="35.274751" lon="129.109956" sectionIndex="0" pointIndex="82" originalElevation="41.0" isOriginalElevationFromOSM="false"><ele>41.1</ele></trkpt>
<trkpt lat="35.274709" lon="129.109973" sectionIndex="0" pointIndex="83" originalElevation="41.0" isOriginalElevationFromOSM="false"><ele>41.0</ele></trkpt>
<trkpt lat="35.274664" lon="129.109974" sectionIndex="0" pointIndex="84" originalElevation="41.0" isOriginalElevationFromOSM="false"><ele>41.0</ele></trkpt>
<trkpt lat="35.274619" lon="129.109974" sectionIndex="0" pointIndex="85" originalElevation="41.0" isOriginalElevationFromOSM="false"><ele>41.0</ele></trkpt>
<trkpt lat="35.274574" lon="129.109974" sectionIndex="0" pointIndex="86" originalElevation="41.0" isOriginalElevationFromOSM="false"><ele>41.0</ele></trkpt>
<trkpt lat="35.274563" lon="129.109974" sectionIndex="0" pointIndex="87" originalElevation="41.0" isOriginalElevationFromOSM="false"><ele>41.0</ele></trkpt>
<trkpt lat="35.274518" lon="129.109972" sectionIndex="0" pointIndex="88" originalElevation="41.0" isOriginalElevationFromOSM="false"><ele>41.0</ele></trkpt>
<trkpt lat="35.274473" lon="129.109968" sectionIndex="0" pointIndex="89" originalElevation="41.0" isOriginalElevationFromOSM="false"><ele>41.0</ele></trkpt>
<trkpt lat="35.274428" lon="129.109963" sectionIndex="0" pointIndex="90" originalElevation="41.0" isOriginalElevationFromOSM="false"><ele>40.9</ele></trkpt>
<trkpt lat="35.274383" lon="129.109962" sectionIndex="0" pointIndex="91" originalElevation="41.0" isOriginalElevationFromOSM="false"><ele>40.7</ele></trkpt>
<trkpt lat="35.274380" lon="129.109962" sectionIndex="0" pointIndex="92" originalElevation="41.0" isOriginalElevationFromOSM="false"><ele>40.6</ele></trkpt>
<trkpt lat="35.274335" lon="129.109957" sectionIndex="0" pointIndex="93" originalElevation="41.0" isOriginalElevationFromOSM="false"><ele>40.5</ele></trkpt>
<trkpt lat="35.274291" lon="129.109952" sectionIndex="0" pointIndex="94" originalElevation="41.0" isOriginalElevationFromOSM="false"><ele>40.3</ele></trkpt>
<trkpt lat="35.274246" lon="129.109949" sectionIndex="0" pointIndex="95" originalElevation="41.0" isOriginalElevationFromOSM="false"><ele>40.2</ele></trkpt>
<trkpt lat="35.274201" lon="129.109944" sectionIndex="0" pointIndex="96" originalElevation="41.0" isOriginalElevationFromOSM="false"><ele>40.1</ele></trkpt>
<trkpt lat="35.274156" lon="129.109940" sectionIndex="0" pointIndex="97" originalElevation="39.0" isOriginalElevationFromOSM="false"><ele>39.9</ele></trkpt>
<trkpt lat="35.274155" lon="129.109940" sectionIndex="0" pointIndex="98" originalElevation="39.0" isOriginalElevationFromOSM="false"><ele>39.8</ele></trkpt>
<trkpt lat="35.274110" lon="129.109937" sectionIndex="0" pointIndex="99" originalElevation="39.0" isOriginalElevationFromOSM="false"><ele>39.6</ele></trkpt>
<trkpt lat="35.274066" lon="129.109935" sectionIndex="0" pointIndex="100" originalElevation="39.0" isOriginalElevationFromOSM="false"><ele>39.5</ele></trkpt>
<trkpt lat="35.274021" lon="129.109933" sectionIndex="0" pointIndex="101" originalElevation="39.0" isOriginalElevationFromOSM="false"><ele>39.4</ele></trkpt>
<trkpt lat="35.273976" lon="129.109929" sectionIndex="0" pointIndex="102" originalElevation="39.0" isOriginalElevationFromOSM="false"><ele>39.3</ele></trkpt>
<trkpt lat="35.273931" lon="129.109929" sectionIndex="0" pointIndex="103" originalElevation="39.0" isOriginalElevationFromOSM="false"><ele>39.1</ele></trkpt>
<trkpt lat="35.273906" lon="129.109928" sectionIndex="0" pointIndex="104" originalElevation="39.0" isOriginalElevationFromOSM="false"><ele>39.0</ele></trkpt>
<trkpt lat="35.273861" lon="129.109929" sectionIndex="0" pointIndex="105" originalElevation="39.0" isOriginalElevationFromOSM="false"><ele>39.0</ele></trkpt>
<trkpt lat="35.273816" lon="129.109934" sectionIndex="0" pointIndex="106" originalElevation="39.0" isOriginalElevationFromOSM="false"><ele>39.0</ele></trkpt>
<trkpt lat="35.273771" lon="129.109937" sectionIndex="0" pointIndex="107" originalElevation="39.0" isOriginalElevationFromOSM="false"><ele>39.0</ele></trkpt>
<trkpt lat="35.273726" lon="129.109940" sectionIndex="0" pointIndex="108" originalElevation="39.0" isOriginalElevationFromOSM="false"><ele>39.0</ele></trkpt>
<trkpt lat="35.273681" lon="129.109940" sectionIndex="0" pointIndex="109" originalElevation="39.0" isOriginalElevationFromOSM="false"><ele>39.1</ele></trkpt>
<trkpt lat="35.273678" lon="129.109944" sectionIndex="0" pointIndex="110" originalElevation="39.0" isOriginalElevationFromOSM="false"><ele>39.1</ele></trkpt>
<trkpt lat="35.273634" lon="129.109952" sectionIndex="0" pointIndex="111" originalElevation="39.0" isOriginalElevationFromOSM="false"><ele>39.2</ele></trkpt>
<trkpt lat="35.273590" lon="129.109963" sectionIndex="0" pointIndex="112" originalElevation="39.0" isOriginalElevationFromOSM="false"><ele>39.1</ele></trkpt>
<trkpt lat="35.273545" lon="129.109974" sectionIndex="0" pointIndex="113" originalElevation="39.0" isOriginalElevationFromOSM="false"><ele>39.1</ele></trkpt>
<trkpt lat="35.273522" lon="129.109981" sectionIndex="0" pointIndex="114" originalElevation="39.0" isOriginalElevationFromOSM="false"><ele>39.0</ele></trkpt>
<trkpt lat="35.273479" lon="129.109996" sectionIndex="0" pointIndex="115" originalElevation="39.0" isOriginalElevationFromOSM="false"><ele>38.9</ele></trkpt>
<trkpt lat="35.273435" lon="129.110012" sectionIndex="0" pointIndex="116" originalElevation="40.0" isOriginalElevationFromOSM="false"><ele>38.9</ele></trkpt>
<trkpt lat="35.273392" lon="129.110027" sectionIndex="0" pointIndex="117" originalElevation="40.0" isOriginalElevationFromOSM="false"><ele>38.8</ele></trkpt>
<trkpt lat="35.273349" lon="129.110042" sectionIndex="0" pointIndex="118" originalElevation="40.0" isOriginalElevationFromOSM="false"><ele>38.7</ele></trkpt>
<trkpt lat="35.273306" lon="129.110059" sectionIndex="0" pointIndex="119" originalElevation="38.0" isOriginalElevationFromOSM="false"><ele>38.6</ele></trkpt>
<trkpt lat="35.273302" lon="129.110060" sectionIndex="0" pointIndex="120" originalElevation="38.0" isOriginalElevationFromOSM="false"><ele>38.6</ele></trkpt>
<trkpt lat="35.273260" lon="129.110080" sectionIndex="0" pointIndex="121" originalElevation="38.0" isOriginalElevationFromOSM="false"><ele>38.5</ele></trkpt>
<trkpt lat="35.273218" lon="129.110098" sectionIndex="0" pointIndex="122" originalElevation="38.0" isOriginalElevationFromOSM="false"><ele>38.5</ele></trkpt>
<trkpt lat="35.273176" lon="129.110118" sectionIndex="0" pointIndex="123" originalElevation="38.0" isOriginalElevationFromOSM="false"><ele>38.4</ele></trkpt>
<trkpt lat="35.273133" lon="129.110138" sectionIndex="0" pointIndex="124" originalElevation="38.0" isOriginalElevationFromOSM="false"><ele>38.3</ele></trkpt>
<trkpt lat="35.273091" lon="129.110154" sectionIndex="0" pointIndex="125" originalElevation="38.0" isOriginalElevationFromOSM="false"><ele>38.1</ele></trkpt>
<trkpt lat="35.273049" lon="129.110176" sectionIndex="0" pointIndex="126" originalElevation="38.0" isOriginalElevationFromOSM="false"><ele>38.0</ele></trkpt>
<trkpt lat="35.273007" lon="129.110196" sectionIndex="0" pointIndex="127" originalElevation="38.0" isOriginalElevationFromOSM="false"><ele>38.0</ele></trkpt>
<trkpt lat="35.272991" lon="129.110203" sectionIndex="0" pointIndex="128" originalElevation="38.0" isOriginalElevationFromOSM="false"><ele>38.0</ele></trkpt>
<trkpt lat="35.272949" lon="129.110222" sectionIndex="0" pointIndex="129" originalElevation="38.0" isOriginalElevationFromOSM="false"><ele>38.0</ele></trkpt>
<trkpt lat="35.272907" lon="129.110242" sectionIndex="0" pointIndex="130" originalElevation="38.0" isOriginalElevationFromOSM="false"><ele>38.0</ele></trkpt>
<trkpt lat="35.272865" lon="129.110262" sectionIndex="0" pointIndex="131" originalElevation="38.0" isOriginalElevationFromOSM="false"><ele>38.0</ele></trkpt>
<trkpt lat="35.272823" lon="129.110282" sectionIndex="0" pointIndex="132" originalElevation="38.0" isOriginalElevationFromOSM="false"><ele>38.0</ele></trkpt>
<trkpt lat="35.272781" lon="129.110301" sectionIndex="0" pointIndex="133" originalElevation="38.0" isOriginalElevationFromOSM="false"><ele>38.0</ele></trkpt>
<trkpt lat="35.272739" lon="129.110321" sectionIndex="0" pointIndex="134" originalElevation="38.0" isOriginalElevationFromOSM="false"><ele>38.1</ele></trkpt>
<trkpt lat="35.272697" lon="129.110340" sectionIndex="0" pointIndex="135" originalElevation="38.0" isOriginalElevationFromOSM="false"><ele>38.3</ele></trkpt>
<trkpt lat="35.272684" lon="129.110346" sectionIndex="0" pointIndex="136" originalElevation="38.0" isOriginalElevationFromOSM="false"><ele>38.4</ele></trkpt>
<trkpt lat="35.272642" lon="129.110366" sectionIndex="0" pointIndex="137" originalElevation="38.0" isOriginalElevationFromOSM="false"><ele>38.5</ele></trkpt>
<trkpt lat="35.272600" lon="129.110386" sectionIndex="0" pointIndex="138" originalElevation="38.0" isOriginalElevationFromOSM="false"><ele>38.6</ele></trkpt>
<trkpt lat="35.272558" lon="129.110406" sectionIndex="0" pointIndex="139" originalElevation="38.0" isOriginalElevationFromOSM="false"><ele>38.8</ele></trkpt>
<trkpt lat="35.272516" lon="129.110424" sectionIndex="0" pointIndex="140" originalElevation="38.0" isOriginalElevationFromOSM="false"><ele>38.9</ele></trkpt>
<trkpt lat="35.272474" lon="129.110445" sectionIndex="0" pointIndex="141" originalElevation="40.0" isOriginalElevationFromOSM="false"><ele>39.1</ele></trkpt>
<trkpt lat="35.272432" lon="129.110465" sectionIndex="0" pointIndex="142" originalElevation="40.0" isOriginalElevationFromOSM="false"><ele>39.2</ele></trkpt>
<trkpt lat="35.272390" lon="129.110485" sectionIndex="0" pointIndex="143" originalElevation="40.0" isOriginalElevationFromOSM="false"><ele>39.3</ele></trkpt>
<trkpt lat="35.272349" lon="129.110503" sectionIndex="0" pointIndex="144" originalElevation="40.0" isOriginalElevationFromOSM="false"><ele>39.5</ele></trkpt>
<trkpt lat="35.272325" lon="129.110514" sectionIndex="0" pointIndex="145" originalElevation="40.0" isOriginalElevationFromOSM="false"><ele>39.6</ele></trkpt>
<trkpt lat="35.272283" lon="129.110535" sectionIndex="0" pointIndex="146" originalElevation="40.0" isOriginalElevationFromOSM="false"><ele>39.7</ele></trkpt>
<trkpt lat="35.272241" lon="129.110554" sectionIndex="0" pointIndex="147" originalElevation="40.0" isOriginalElevationFromOSM="false"><ele>39.9</ele></trkpt>
<trkpt lat="35.272199" lon="129.110571" sectionIndex="0" pointIndex="148" originalElevation="40.0" isOriginalElevationFromOSM="false"><ele>40.0</ele></trkpt>
<trkpt lat="35.272157" lon="129.110592" sectionIndex="0" pointIndex="149" originalElevation="40.0" isOriginalElevationFromOSM="false"><ele>40.0</ele></trkpt>
<trkpt lat="35.272115" lon="129.110612" sectionIndex="0" pointIndex="150" originalElevation="40.0" isOriginalElevationFromOSM="false"><ele>40.0</ele></trkpt>
<trkpt lat="35.272072" lon="129.110631" sectionIndex="0" pointIndex="151" originalElevation="40.0" isOriginalElevationFromOSM="false"><ele>40.0</ele></trkpt>
<trkpt lat="35.272030" lon="129.110650" sectionIndex="0" pointIndex="152" originalElevation="40.0" isOriginalElevationFromOSM="false"><ele>40.0</ele></trkpt>
<trkpt lat="35.271988" lon="129.110669" sectionIndex="0" pointIndex="153" originalElevation="40.0" isOriginalElevationFromOSM="false"><ele>40.0</ele></trkpt>
<trkpt lat="35.271955" lon="129.110683" sectionIndex="0" pointIndex="154" originalElevation="40.0" isOriginalElevationFromOSM="false"><ele>39.9</ele></trkpt>
<trkpt lat="35.271913" lon="129.110705" sectionIndex="0" pointIndex="155" originalElevation="40.0" isOriginalElevationFromOSM="false"><ele>40.1</ele></trkpt>
<trkpt lat="35.271871" lon="129.110725" sectionIndex="0" pointIndex="156" originalElevation="40.0" isOriginalElevationFromOSM="false"><ele>40.2</ele></trkpt>
<trkpt lat="35.271830" lon="129.110746" sectionIndex="0" pointIndex="157" originalElevation="40.0" isOriginalElevationFromOSM="false"><ele>40.3</ele></trkpt>
<trkpt lat="35.271788" lon="129.110766" sectionIndex="0" pointIndex="158" originalElevation="40.0" isOriginalElevationFromOSM="false"><ele>40.5</ele></trkpt>
<trkpt lat="35.271746" lon="129.110785" sectionIndex="0" pointIndex="159" originalElevation="40.0" isOriginalElevationFromOSM="false"><ele>40.6</ele></trkpt>
<trkpt lat="35.271704" lon="129.110807" sectionIndex="0" pointIndex="160" originalElevation="40.0" isOriginalElevationFromOSM="false"><ele>40.7</ele></trkpt>
<trkpt lat="35.271663" lon="129.110827" sectionIndex="0" pointIndex="161" originalElevation="39.0" isOriginalElevationFromOSM="false"><ele>40.9</ele></trkpt>
<trkpt lat="35.271621" lon="129.110847" sectionIndex="0" pointIndex="162" originalElevation="42.0" isOriginalElevationFromOSM="false"><ele>41.0</ele></trkpt>
<trkpt lat="35.271596" lon="129.110859" sectionIndex="0" pointIndex="163" originalElevation="42.0" isOriginalElevationFromOSM="false"><ele>41.1</ele></trkpt>
<trkpt lat="35.271554" lon="129.110880" sectionIndex="0" pointIndex="164" originalElevation="42.0" isOriginalElevationFromOSM="false"><ele>41.3</ele></trkpt>
<trkpt lat="35.271512" lon="129.110897" sectionIndex="0" pointIndex="165" originalElevation="42.0" isOriginalElevationFromOSM="false"><ele>41.4</ele></trkpt>
<trkpt lat="35.271471" lon="129.110920" sectionIndex="0" pointIndex="166" originalElevation="42.0" isOriginalElevationFromOSM="false"><ele>41.5</ele></trkpt>
<trkpt lat="35.271429" lon="129.110941" sectionIndex="0" pointIndex="167" originalElevation="42.0" isOriginalElevationFromOSM="false"><ele>41.7</ele></trkpt>
<trkpt lat="35.271387" lon="129.110961" sectionIndex="0" pointIndex="168" originalElevation="42.0" isOriginalElevationFromOSM="false"><ele>41.8</ele></trkpt>
<trkpt lat="35.271345" lon="129.110981" sectionIndex="0" pointIndex="169" originalElevation="42.0" isOriginalElevationFromOSM="false"><ele>42.0</ele></trkpt>
<trkpt lat="35.271304" lon="129.111002" sectionIndex="0" pointIndex="170" originalElevation="42.0" isOriginalElevationFromOSM="false"><ele>42.0</ele></trkpt>
<trkpt lat="35.271262" lon="129.111021" sectionIndex="0" pointIndex="171" originalElevation="42.0" isOriginalElevationFromOSM="false"><ele>42.0</ele></trkpt>
<trkpt lat="35.271220" lon="129.111042" sectionIndex="0" pointIndex="172" originalElevation="42.0" isOriginalElevationFromOSM="false"><ele>42.0</ele></trkpt>
<trkpt lat="35.271178" lon="129.111063" sectionIndex="0" pointIndex="173" originalElevation="42.0" isOriginalElevationFromOSM="false"><ele>42.0</ele></trkpt>
<trkpt lat="35.271162" lon="129.111071" sectionIndex="0" pointIndex="174" originalElevation="42.0" isOriginalElevationFromOSM="false"><ele>42.0</ele></trkpt>
<trkpt lat="35.271120" lon="129.111092" sectionIndex="0" pointIndex="175" originalElevation="42.0" isOriginalElevationFromOSM="false"><ele>42.0</ele></trkpt>
<trkpt lat="35.271079" lon="129.111111" sectionIndex="0" pointIndex="176" originalElevation="42.0" isOriginalElevationFromOSM="false"><ele>43.2</ele></trkpt>
<trkpt lat="35.271037" lon="129.111134" sectionIndex="0" pointIndex="177" originalElevation="42.0" isOriginalElevationFromOSM="false"><ele>44.4</ele></trkpt>
<trkpt lat="35.270996" lon="129.111155" sectionIndex="0" pointIndex="178" originalElevation="42.0" isOriginalElevationFromOSM="false"><ele>45.6</ele></trkpt>
<trkpt lat="35.270954" lon="129.111176" sectionIndex="0" pointIndex="179" originalElevation="42.0" isOriginalElevationFromOSM="false"><ele>46.8</ele></trkpt>
<trkpt lat="35.270930" lon="129.111188" sectionIndex="0" pointIndex="180" originalElevation="42.0" isOriginalElevationFromOSM="false"><ele>48.0</ele></trkpt>
<trkpt lat="35.270888" lon="129.111206" sectionIndex="0" pointIndex="181" originalElevation="42.0" isOriginalElevationFromOSM="false"><ele>49.2</ele></trkpt>
<trkpt lat="35.270845" lon="129.111224" sectionIndex="0" pointIndex="182" originalElevation="42.0" isOriginalElevationFromOSM="false"><ele>50.4</ele></trkpt>
<trkpt lat="35.270803" lon="129.111243" sectionIndex="0" pointIndex="183" originalElevation="60.0" isOriginalElevationFromOSM="false"><ele>51.6</ele></trkpt>
<trkpt lat="35.270773" lon="129.111256" sectionIndex="0" pointIndex="184" originalElevation="60.0" isOriginalElevationFromOSM="false"><ele>52.8</ele></trkpt>
<trkpt lat="35.270761" lon="129.111308" sectionIndex="0" pointIndex="185" originalElevation="60.0" isOriginalElevationFromOSM="false"><ele>55.2</ele></trkpt>
<trkpt lat="35.270748" lon="129.111359" sectionIndex="0" pointIndex="186" originalElevation="60.0" isOriginalElevationFromOSM="false"><ele>57.6</ele></trkpt>
<trkpt lat="35.270736" lon="129.111414" sectionIndex="0" pointIndex="187" originalElevation="60.0" isOriginalElevationFromOSM="false"><ele>60.0</ele></trkpt>
<trkpt lat="35.270725" lon="129.111460" sectionIndex="0" pointIndex="188" originalElevation="60.0" isOriginalElevationFromOSM="false"><ele>62.4</ele></trkpt>
<trkpt lat="35.270718" lon="129.111515" sectionIndex="0" pointIndex="189" originalElevation="60.0" isOriginalElevationFromOSM="false"><ele>64.8</ele></trkpt>
<trkpt lat="35.270711" lon="129.111569" sectionIndex="0" pointIndex="190" originalElevation="60.0" isOriginalElevationFromOSM="false"><ele>67.2</ele></trkpt>
<trkpt lat="35.270704" lon="129.111623" sectionIndex="0" pointIndex="191" originalElevation="60.0" isOriginalElevationFromOSM="false"><ele>68.4</ele></trkpt>
<trkpt lat="35.270697" lon="129.111678" sectionIndex="0" pointIndex="192" originalElevation="78.0" isOriginalElevationFromOSM="false"><ele>69.6</ele></trkpt>
<trkpt lat="35.270696" lon="129.111685" sectionIndex="0" pointIndex="193" originalElevation="78.0" isOriginalElevationFromOSM="false"><ele>70.8</ele></trkpt>
<trkpt lat="35.270683" lon="129.111737" sectionIndex="0" pointIndex="194" originalElevation="78.0" isOriginalElevationFromOSM="false"><ele>72.0</ele></trkpt>
<trkpt lat="35.270672" lon="129.111783" sectionIndex="0" pointIndex="195" originalElevation="78.0" isOriginalElevationFromOSM="false"><ele>73.2</ele></trkpt>
<trkpt lat="35.270649" lon="129.111831" sectionIndex="0" pointIndex="196" originalElevation="78.0" isOriginalElevationFromOSM="false"><ele>74.4</ele></trkpt>
<trkpt lat="35.270627" lon="129.111877" sectionIndex="0" pointIndex="197" originalElevation="78.0" isOriginalElevationFromOSM="false"><ele>75.6</ele></trkpt>
<trkpt lat="35.270604" lon="129.111926" sectionIndex="0" pointIndex="198" originalElevation="78.0" isOriginalElevationFromOSM="false"><ele>76.8</ele></trkpt>
<trkpt lat="35.270595" lon="129.111944" sectionIndex="0" pointIndex="199" originalElevation="78.0" isOriginalElevationFromOSM="false"><ele>78.0</ele></trkpt>
<trkpt lat="35.270586" lon="129.112000" sectionIndex="0" pointIndex="200" originalElevation="78.0" isOriginalElevationFromOSM="false"><ele>78.0</ele></trkpt>
<trkpt lat="35.270577" lon="129.112054" sectionIndex="0" pointIndex="201" originalElevation="78.0" isOriginalElevationFromOSM="false"><ele>78.0</ele></trkpt>
<trkpt lat="35.270568" lon="129.112108" sectionIndex="0" pointIndex="202" originalElevation="78.0" isOriginalElevationFromOSM="false"><ele>78.0</ele></trkpt>
<trkpt lat="35.270559" lon="129.112158" sectionIndex="0" pointIndex="203" originalElevation="78.0" isOriginalElevationFromOSM="false"><ele>77.3</ele></trkpt>
<trkpt lat="35.270550" lon="129.112214" sectionIndex="0" pointIndex="204" originalElevation="78.0" isOriginalElevationFromOSM="false"><ele>76.7</ele></trkpt>
<trkpt lat="35.270541" lon="129.112269" sectionIndex="0" pointIndex="205" originalElevation="78.0" isOriginalElevationFromOSM="false"><ele>76.0</ele></trkpt>
<trkpt lat="35.270532" lon="129.112323" sectionIndex="0" pointIndex="206" originalElevation="78.0" isOriginalElevationFromOSM="false"><ele>75.3</ele></trkpt>
<trkpt lat="35.270523" lon="129.112377" sectionIndex="0" pointIndex="207" originalElevation="78.0" isOriginalElevationFromOSM="false"><ele>74.7</ele></trkpt>
<trkpt lat="35.270519" lon="129.112394" sectionIndex="0" pointIndex="208" originalElevation="78.0" isOriginalElevationFromOSM="false"><ele>74.0</ele></trkpt>
<trkpt lat="35.270504" lon="129.112449" sectionIndex="0" pointIndex="209" originalElevation="78.0" isOriginalElevationFromOSM="false"><ele>73.3</ele></trkpt>
<trkpt lat="35.270489" lon="129.112501" sectionIndex="0" pointIndex="210" originalElevation="68.0" isOriginalElevationFromOSM="false"><ele>72.7</ele></trkpt>
<trkpt lat="35.270488" lon="129.112506" sectionIndex="0" pointIndex="211" originalElevation="68.0" isOriginalElevationFromOSM="false"><ele>72.0</ele></trkpt>
<trkpt lat="35.270463" lon="129.112552" sectionIndex="0" pointIndex="212" originalElevation="68.0" isOriginalElevationFromOSM="false"><ele>71.3</ele></trkpt>
<trkpt lat="35.270448" lon="129.112574" sectionIndex="0" pointIndex="213" originalElevation="68.0" isOriginalElevationFromOSM="false"><ele>69.6</ele></trkpt>
<trkpt lat="35.270418" lon="129.112617" sectionIndex="0" pointIndex="214" originalElevation="68.0" isOriginalElevationFromOSM="false"><ele>67.7</ele></trkpt>
<trkpt lat="35.270387" lon="129.112657" sectionIndex="0" pointIndex="215" originalElevation="68.0" isOriginalElevationFromOSM="false"><ele>65.6</ele></trkpt>
<trkpt lat="35.270375" lon="129.112674" sectionIndex="0" pointIndex="216" originalElevation="68.0" isOriginalElevationFromOSM="false"><ele>63.3</ele></trkpt>
<trkpt lat="35.270340" lon="129.112708" sectionIndex="0" pointIndex="217" originalElevation="68.0" isOriginalElevationFromOSM="false"><ele>60.8</ele></trkpt>
<trkpt lat="35.270305" lon="129.112743" sectionIndex="0" pointIndex="218" originalElevation="68.0" isOriginalElevationFromOSM="false"><ele>59.0</ele></trkpt>
<trkpt lat="35.270270" lon="129.112777" sectionIndex="0" pointIndex="219" originalElevation="68.0" isOriginalElevationFromOSM="false"><ele>57.2</ele></trkpt>
<trkpt lat="35.270080" lon="129.112957" sectionIndex="0" pointIndex="220" originalElevation="52.1" isOriginalElevationFromOSM="true"><ele>55.5</ele></trkpt>
<trkpt lat="35.269990" lon="129.113030" sectionIndex="0" pointIndex="221" originalElevation="49.2" isOriginalElevationFromOSM="true"><ele>53.7</ele></trkpt>
<trkpt lat="35.269690" lon="129.113250" sectionIndex="0" pointIndex="222" originalElevation="46.3" isOriginalElevationFromOSM="true"><ele>51.8</ele></trkpt>
<trkpt lat="35.269080" lon="129.113640" sectionIndex="0" pointIndex="223" originalElevation="43.4" isOriginalElevationFromOSM="true"><ele>50.0</ele></trkpt>
<trkpt lat="35.268750" lon="129.113850" sectionIndex="0" pointIndex="224" originalElevation="40.4" isOriginalElevationFromOSM="true"><ele>48.1</ele></trkpt>
<trkpt lat="35.268130" lon="129.113830" sectionIndex="0" pointIndex="225" originalElevation="40.9" isOriginalElevationFromOSM="true"><ele>46.1</ele></trkpt>
<trkpt lat="35.267840" lon="129.113820" sectionIndex="0" pointIndex="226" originalElevation="41.3" isOriginalElevationFromOSM="true"><ele>44.2</ele></trkpt>
<trkpt lat="35.267560" lon="129.113710" sectionIndex="0" pointIndex="227" originalElevation="42.2" isOriginalElevationFromOSM="true"><ele>42.2</ele></trkpt>
<trkpt lat="35.267310" lon="129.113800" sectionIndex="0" pointIndex="228" originalElevation="41.2" isOriginalElevationFromOSM="true"><ele>41.3</ele></trkpt>
<trkpt lat="35.267190" lon="129.113800" sectionIndex="0" pointIndex="229" originalElevation="40.6" isOriginalElevationFromOSM="true"><ele>40.6</ele></trkpt>
<trkpt lat="35.266800" lon="129.113800" sectionIndex="0" pointIndex="230" originalElevation="40.1" isOriginalElevationFromOSM="true"><ele>40.1</ele></trkpt>
<trkpt lat="35.266520" lon="129.113858" sectionIndex="0" pointIndex="231" originalElevation="39.4" isOriginalElevationFromOSM="true"><ele>39.8</ele></trkpt>
<trkpt lat="35.266340" lon="129.113810" sectionIndex="0" pointIndex="232" originalElevation="39.0" isOriginalElevationFromOSM="true"><ele>39.8</ele></trkpt>
<trkpt lat="35.266270" lon="129.113760" sectionIndex="0" pointIndex="233" originalElevation="38.8" isOriginalElevationFromOSM="true"><ele>39.8</ele></trkpt>
<trkpt lat="35.266127" lon="129.113588" sectionIndex="0" pointIndex="234" originalElevation="38.8" isOriginalElevationFromOSM="false"><ele>39.7</ele></trkpt>
<trkpt lat="35.266120" lon="129.113580" sectionIndex="0" pointIndex="235" originalElevation="38.5" isOriginalElevationFromOSM="true"><ele>39.5</ele></trkpt>
<trkpt lat="35.266100" lon="129.113550" sectionIndex="0" pointIndex="236" originalElevation="38.3" isOriginalElevationFromOSM="true"><ele>39.4</ele></trkpt>
<trkpt lat="35.266180" lon="129.113480" sectionIndex="0" pointIndex="237" originalElevation="38.6" isOriginalElevationFromOSM="true"><ele>39.4</ele></trkpt>
<trkpt lat="35.266340" lon="129.113220" sectionIndex="0" pointIndex="238" originalElevation="39.5" isOriginalElevationFromOSM="true"><ele>39.3</ele></trkpt>
<trkpt lat="35.266440" lon="129.112940" sectionIndex="0" pointIndex="239" originalElevation="40.0" isOriginalElevationFromOSM="true"><ele>39.2</ele></trkpt>
<trkpt lat="35.266487" lon="129.112698" sectionIndex="0" pointIndex="240" originalElevation="40.0" isOriginalElevationFromOSM="false"><ele>39.2</ele></trkpt>
<trkpt lat="35.266490" lon="129.112687" sectionIndex="0" pointIndex="241" originalElevation="40.5" isOriginalElevationFromOSM="true"><ele>39.1</ele></trkpt>
<trkpt lat="35.266420" lon="129.112687" sectionIndex="0" pointIndex="242" originalElevation="40.0" isOriginalElevationFromOSM="true"><ele>39.0</ele></trkpt>
<trkpt lat="35.266370" lon="129.112630" sectionIndex="0" pointIndex="243" originalElevation="39.5" isOriginalElevationFromOSM="true"><ele>39.0</ele></trkpt>
<trkpt lat="35.266350" lon="129.112560" sectionIndex="0" pointIndex="244" originalElevation="39.4" isOriginalElevationFromOSM="true"><ele>39.1</ele></trkpt>
<trkpt lat="35.266310" lon="129.112540" sectionIndex="0" pointIndex="245" originalElevation="39.1" isOriginalElevationFromOSM="true"><ele>39.5</ele></trkpt>
<trkpt lat="35.266240" lon="129.112529" sectionIndex="0" pointIndex="246" originalElevation="38.5" isOriginalElevationFromOSM="true"><ele>40.0</ele></trkpt>
<trkpt lat="35.266155" lon="129.112349" sectionIndex="0" pointIndex="247" originalElevation="38.5" isOriginalElevationFromOSM="false"><ele>40.4</ele></trkpt>
<trkpt lat="35.265960" lon="129.111940" sectionIndex="0" pointIndex="248" originalElevation="37.7" isOriginalElevationFromOSM="true"><ele>40.8</ele></trkpt>
<trkpt lat="35.265730" lon="129.111590" sectionIndex="0" pointIndex="249" originalElevation="37.3" isOriginalElevationFromOSM="true"><ele>41.2</ele></trkpt>
<trkpt lat="35.265180" lon="129.110920" sectionIndex="0" pointIndex="250" originalElevation="38.8" isOriginalElevationFromOSM="true"><ele>41.6</ele></trkpt>
<trkpt lat="35.264980" lon="129.110700" sectionIndex="0" pointIndex="251" originalElevation="39.0" isOriginalElevationFromOSM="true"><ele>42.0</ele></trkpt>
<trkpt lat="35.264740" lon="129.110379" sectionIndex="0" pointIndex="252" originalElevation="44.5" isOriginalElevationFromOSM="true"><ele>42.3</ele></trkpt>
<trkpt lat="35.264190" lon="129.109929" sectionIndex="0" pointIndex="253" originalElevation="46.9" isOriginalElevationFromOSM="true"><ele>42.7</ele></trkpt>
<trkpt lat="35.264100" lon="129.109870" sectionIndex="0" pointIndex="254" originalElevation="46.5" isOriginalElevationFromOSM="true"><ele>43.2</ele></trkpt>
<trkpt lat="35.264040" lon="129.109800" sectionIndex="0" pointIndex="255" originalElevation="46.5" isOriginalElevationFromOSM="true"><ele>43.5</ele></trkpt>
<trkpt lat="35.263970" lon="129.109749" sectionIndex="0" pointIndex="256" originalElevation="46.0" isOriginalElevationFromOSM="true"><ele>44.0</ele></trkpt>
<trkpt lat="35.263850" lon="129.109620" sectionIndex="0" pointIndex="257" originalElevation="45.5" isOriginalElevationFromOSM="true"><ele>44.6</ele></trkpt>
<trkpt lat="35.263790" lon="129.109510" sectionIndex="0" pointIndex="258" originalElevation="45.9" isOriginalElevationFromOSM="true"><ele>45.1</ele></trkpt>
<trkpt lat="35.263690" lon="129.109479" sectionIndex="0" pointIndex="259" originalElevation="44.7" isOriginalElevationFromOSM="true"><ele>45.6</ele></trkpt>
<trkpt lat="35.263650" lon="129.109420" sectionIndex="0" pointIndex="260" originalElevation="44.7" isOriginalElevationFromOSM="true"><ele>46.0</ele></trkpt>
<trkpt lat="35.263620" lon="129.109270" sectionIndex="0" pointIndex="261" originalElevation="45.5" isOriginalElevationFromOSM="true"><ele>46.2</ele></trkpt>
<trkpt lat="35.263360" lon="129.109060" sectionIndex="0" pointIndex="262" originalElevation="44.0" isOriginalElevationFromOSM="true"><ele>46.6</ele></trkpt>
<trkpt lat="35.263250" lon="129.109010" sectionIndex="0" pointIndex="263" originalElevation="45.1" isOriginalElevationFromOSM="true"><ele>47.1</ele></trkpt>
<trkpt lat="35.263170" lon="129.108980" sectionIndex="0" pointIndex="264" originalElevation="46.2" isOriginalElevationFromOSM="true"><ele>47.6</ele></trkpt>
<trkpt lat="35.263020" lon="129.109100" sectionIndex="0" pointIndex="265" originalElevation="45.1" isOriginalElevationFromOSM="true"><ele>48.0</ele></trkpt>
<trkpt lat="35.262910" lon="129.109017" sectionIndex="0" pointIndex="266" originalElevation="47.5" isOriginalElevationFromOSM="true"><ele>48.3</ele></trkpt>
<trkpt lat="35.262850" lon="129.108950" sectionIndex="0" pointIndex="267" originalElevation="49.5" isOriginalElevationFromOSM="true"><ele>48.5</ele></trkpt>
<trkpt lat="35.262760" lon="129.108938" sectionIndex="0" pointIndex="268" originalElevation="50.4" isOriginalElevationFromOSM="true"><ele>48.7</ele></trkpt>
<trkpt lat="35.262670" lon="129.108870" sectionIndex="0" pointIndex="269" originalElevation="53.0" isOriginalElevationFromOSM="true"><ele>49.0</ele></trkpt>
<trkpt lat="35.262590" lon="129.108870" sectionIndex="0" pointIndex="270" originalElevation="53.8" isOriginalElevationFromOSM="true"><ele>49.2</ele></trkpt>
<trkpt lat="35.262540" lon="129.108900" sectionIndex="0" pointIndex="271" originalElevation="53.4" isOriginalElevationFromOSM="true"><ele>49.4</ele></trkpt>
<trkpt lat="35.262520" lon="129.108970" sectionIndex="0" pointIndex="272" originalElevation="51.8" isOriginalElevationFromOSM="true"><ele>49.4</ele></trkpt>
<trkpt lat="35.262470" lon="129.109028" sectionIndex="0" pointIndex="273" originalElevation="50.2" isOriginalElevationFromOSM="true"><ele>49.5</ele></trkpt>
<trkpt lat="35.262340" lon="129.109080" sectionIndex="0" pointIndex="274" originalElevation="47.5" isOriginalElevationFromOSM="true"><ele>49.7</ele></trkpt>
<trkpt lat="35.262200" lon="129.109017" sectionIndex="0" pointIndex="275" originalElevation="47.7" isOriginalElevationFromOSM="true"><ele>49.6</ele></trkpt>
<trkpt lat="35.262070" lon="129.108920" sectionIndex="0" pointIndex="276" originalElevation="49.0" isOriginalElevationFromOSM="true"><ele>49.4</ele></trkpt>
<trkpt lat="35.261910" lon="129.108890" sectionIndex="0" pointIndex="277" originalElevation="48.2" isOriginalElevationFromOSM="true"><ele>49.3</ele></trkpt>
<trkpt lat="35.261820" lon="129.108870" sectionIndex="0" pointIndex="278" originalElevation="47.4" isOriginalElevationFromOSM="true"><ele>49.2</ele></trkpt>
<trkpt lat="35.261720" lon="129.108880" sectionIndex="0" pointIndex="279" originalElevation="46.0" isOriginalElevationFromOSM="true"><ele>49.0</ele></trkpt>
<trkpt lat="35.261640" lon="129.108790" sectionIndex="0" pointIndex="280" originalElevation="47.7" isOriginalElevationFromOSM="true"><ele>48.9</ele></trkpt>
<trkpt lat="35.261540" lon="129.108747" sectionIndex="0" pointIndex="281" originalElevation="49.3" isOriginalElevationFromOSM="true"><ele>49.0</ele></trkpt>
<trkpt lat="35.261450" lon="129.108837" sectionIndex="0" pointIndex="282" originalElevation="48.1" isOriginalElevationFromOSM="true"><ele>49.3</ele></trkpt>
<trkpt lat="35.261230" lon="129.108920" sectionIndex="0" pointIndex="283" originalElevation="48.0" isOriginalElevationFromOSM="true"><ele>49.5</ele></trkpt>
<trkpt lat="35.260930" lon="129.108848" sectionIndex="0" pointIndex="284" originalElevation="51.9" isOriginalElevationFromOSM="true"><ele>49.6</ele></trkpt>
<trkpt lat="35.260720" lon="129.108830" sectionIndex="0" pointIndex="285" originalElevation="51.6" isOriginalElevationFromOSM="true"><ele>49.9</ele></trkpt>
<trkpt lat="35.260410" lon="129.108680" sectionIndex="0" pointIndex="286" originalElevation="50.0" isOriginalElevationFromOSM="true"><ele>49.9</ele></trkpt>
<trkpt lat="35.260240" lon="129.108510" sectionIndex="0" pointIndex="287" originalElevation="50.5" isOriginalElevationFromOSM="true"><ele>50.0</ele></trkpt>
<trkpt lat="35.260170" lon="129.108350" sectionIndex="0" pointIndex="288" originalElevation="51.8" isOriginalElevationFromOSM="true"><ele>49.9</ele></trkpt>
<trkpt lat="35.260080" lon="129.108218" sectionIndex="0" pointIndex="289" originalElevation="52.3" isOriginalElevationFromOSM="true"><ele>49.8</ele></trkpt>
<trkpt lat="35.260030" lon="129.108210" sectionIndex="0" pointIndex="290" originalElevation="51.5" isOriginalElevationFromOSM="true"><ele>49.8</ele></trkpt>
<trkpt lat="35.259960" lon="129.108200" sectionIndex="0" pointIndex="291" originalElevation="50.7" isOriginalElevationFromOSM="true"><ele>49.8</ele></trkpt>
<trkpt lat="35.259750" lon="129.108038" sectionIndex="0" pointIndex="292" originalElevation="51.2" isOriginalElevationFromOSM="true"><ele>49.5</ele></trkpt>
<trkpt lat="35.259530" lon="129.108110" sectionIndex="0" pointIndex="293" originalElevation="47.9" isOriginalElevationFromOSM="true"><ele>49.1</ele></trkpt>
<trkpt lat="35.259330" lon="129.108060" sectionIndex="0" pointIndex="294" originalElevation="47.1" isOriginalElevationFromOSM="true"><ele>48.9</ele></trkpt>
<trkpt lat="35.259090" lon="129.107959" sectionIndex="0" pointIndex="295" originalElevation="47.2" isOriginalElevationFromOSM="true"><ele>48.6</ele></trkpt>
<trkpt lat="35.258340" lon="129.107450" sectionIndex="0" pointIndex="296" originalElevation="47.1" isOriginalElevationFromOSM="true"><ele>48.2</ele></trkpt>
<trkpt lat="35.258310" lon="129.107407" sectionIndex="0" pointIndex="297" originalElevation="48.0" isOriginalElevationFromOSM="true"><ele>47.9</ele></trkpt>
<trkpt lat="35.258210" lon="129.107300" sectionIndex="0" pointIndex="298" originalElevation="48.9" isOriginalElevationFromOSM="true"><ele>47.8</ele></trkpt>
<trkpt lat="35.257960" lon="129.107270" sectionIndex="0" pointIndex="299" originalElevation="46.2" isOriginalElevationFromOSM="true"><ele>47.8</ele></trkpt>
<trkpt lat="35.257830" lon="129.107190" sectionIndex="0" pointIndex="300" originalElevation="46.0" isOriginalElevationFromOSM="true"><ele>47.8</ele></trkpt>
<trkpt lat="35.257730" lon="129.107070" sectionIndex="0" pointIndex="301" originalElevation="46.6" isOriginalElevationFromOSM="true"><ele>48.2</ele></trkpt>
<trkpt lat="35.257680" lon="129.107058" sectionIndex="0" pointIndex="302" originalElevation="46.1" isOriginalElevationFromOSM="true"><ele>48.7</ele></trkpt>
<trkpt lat="35.257640" lon="129.107100" sectionIndex="0" pointIndex="303" originalElevation="46.7" isOriginalElevationFromOSM="true"><ele>49.4</ele></trkpt>
<trkpt lat="35.257520" lon="129.107040" sectionIndex="0" pointIndex="304" originalElevation="47.8" isOriginalElevationFromOSM="true"><ele>49.9</ele></trkpt>
<trkpt lat="35.257440" lon="129.106957" sectionIndex="0" pointIndex="305" originalElevation="49.0" isOriginalElevationFromOSM="true"><ele>50.2</ele></trkpt>
<trkpt lat="35.257270" lon="129.106930" sectionIndex="0" pointIndex="306" originalElevation="50.7" isOriginalElevationFromOSM="true"><ele>50.4</ele></trkpt>
<trkpt lat="35.257130" lon="129.106850" sectionIndex="0" pointIndex="307" originalElevation="52.3" isOriginalElevationFromOSM="true"><ele>50.7</ele></trkpt>
<trkpt lat="35.257070" lon="129.106720" sectionIndex="0" pointIndex="308" originalElevation="53.6" isOriginalElevationFromOSM="true"><ele>51.0</ele></trkpt>
<trkpt lat="35.256960" lon="129.106709" sectionIndex="0" pointIndex="309" originalElevation="54.9" isOriginalElevationFromOSM="true"><ele>51.4</ele></trkpt>
<trkpt lat="35.256810" lon="129.106730" sectionIndex="0" pointIndex="310" originalElevation="56.5" isOriginalElevationFromOSM="true"><ele>51.7</ele></trkpt>
<trkpt lat="35.256750" lon="129.106820" sectionIndex="0" pointIndex="311" originalElevation="55.2" isOriginalElevationFromOSM="true"><ele>51.8</ele></trkpt>
<trkpt lat="35.256790" lon="129.106900" sectionIndex="0" pointIndex="312" originalElevation="53.0" isOriginalElevationFromOSM="true"><ele>51.6</ele></trkpt>
<trkpt lat="35.256760" lon="129.107000" sectionIndex="0" pointIndex="313" originalElevation="50.9" isOriginalElevationFromOSM="true"><ele>51.4</ele></trkpt>
<trkpt lat="35.256420" lon="129.107220" sectionIndex="0" pointIndex="314" originalElevation="50.7" isOriginalElevationFromOSM="true"><ele>51.1</ele></trkpt>
<trkpt lat="35.256190" lon="129.107400" sectionIndex="0" pointIndex="315" originalElevation="51.6" isOriginalElevationFromOSM="true"><ele>50.9</ele></trkpt>
<trkpt lat="35.255860" lon="129.107560" sectionIndex="0" pointIndex="316" originalElevation="52.7" isOriginalElevationFromOSM="true"><ele>50.4</ele></trkpt>
<trkpt lat="35.255640" lon="129.107630" sectionIndex="0" pointIndex="317" originalElevation="50.2" isOriginalElevationFromOSM="true"><ele>49.5</ele></trkpt>
<trkpt lat="35.255350" lon="129.107670" sectionIndex="0" pointIndex="318" originalElevation="47.4" isOriginalElevationFromOSM="true"><ele>48.7</ele></trkpt>
<trkpt lat="35.255110" lon="129.107678" sectionIndex="0" pointIndex="319" originalElevation="45.7" isOriginalElevationFromOSM="true"><ele>48.3</ele></trkpt>
<trkpt lat="35.255060" lon="129.107660" sectionIndex="0" pointIndex="320" originalElevation="45.7" isOriginalElevationFromOSM="true"><ele>48.0</ele></trkpt>
<trkpt lat="35.254990" lon="129.107599" sectionIndex="0" pointIndex="321" originalElevation="46.2" isOriginalElevationFromOSM="true"><ele>47.8</ele></trkpt>
<trkpt lat="35.254800" lon="129.107317" sectionIndex="0" pointIndex="322" originalElevation="49.8" isOriginalElevationFromOSM="true"><ele>47.4</ele></trkpt>
<trkpt lat="35.254320" lon="129.107570" sectionIndex="0" pointIndex="323" originalElevation="45.4" isOriginalElevationFromOSM="true"><ele>46.9</ele></trkpt>
<trkpt lat="35.254270" lon="129.107588" sectionIndex="0" pointIndex="324" originalElevation="41.0" isOriginalElevationFromOSM="true"><ele>46.5</ele></trkpt>
<trkpt lat="35.253860" lon="129.107250" sectionIndex="0" pointIndex="325" originalElevation="45.6" isOriginalElevationFromOSM="true"><ele>47.0</ele></trkpt>
<trkpt lat="35.253490" lon="129.107120" sectionIndex="0" pointIndex="326" originalElevation="48.5" isOriginalElevationFromOSM="true"><ele>47.6</ele></trkpt>
<trkpt lat="35.253420" lon="129.107120" sectionIndex="0" pointIndex="327" originalElevation="48.6" isOriginalElevationFromOSM="true"><ele>48.0</ele></trkpt>
<trkpt lat="35.253360" lon="129.107160" sectionIndex="0" pointIndex="328" originalElevation="47.6" isOriginalElevationFromOSM="true"><ele>48.0</ele></trkpt>
<trkpt lat="35.253210" lon="129.107317" sectionIndex="0" pointIndex="329" originalElevation="44.8" isOriginalElevationFromOSM="true"><ele>47.9</ele></trkpt>
<trkpt lat="35.253130" lon="129.107370" sectionIndex="0" pointIndex="330" originalElevation="44.4" isOriginalElevationFromOSM="true"><ele>47.4</ele></trkpt>
<trkpt lat="35.252960" lon="129.107329" sectionIndex="0" pointIndex="331" originalElevation="46.2" isOriginalElevationFromOSM="true"><ele>47.3</ele></trkpt>
<trkpt lat="35.251960" lon="129.106608" sectionIndex="0" pointIndex="332" originalElevation="57.3" isOriginalElevationFromOSM="true"><ele>47.6</ele></trkpt>
<trkpt lat="35.251960" lon="129.106608" sectionIndex="0" pointIndex="333" originalElevation="57.3" isOriginalElevationFromOSM="false"><ele>47.8</ele></trkpt>
<trkpt lat="35.251980" lon="129.106660" sectionIndex="0" pointIndex="334" originalElevation="51.5" isOriginalElevationFromOSM="true"><ele>48.0</ele></trkpt>
<trkpt lat="35.252540" lon="129.107810" sectionIndex="0" pointIndex="335" originalElevation="45.6" isOriginalElevationFromOSM="true"><ele>48.3</ele></trkpt>
<trkpt lat="35.252600" lon="129.107970" sectionIndex="0" pointIndex="336" originalElevation="44.1" isOriginalElevationFromOSM="true"><ele>48.6</ele></trkpt>
<trkpt lat="35.252590" lon="129.108060" sectionIndex="0" pointIndex="337" originalElevation="43.6" isOriginalElevationFromOSM="true"><ele>49.5</ele></trkpt>
<trkpt lat="35.252560" lon="129.108150" sectionIndex="0" pointIndex="338" originalElevation="43.4" isOriginalElevationFromOSM="true"><ele>50.4</ele></trkpt>
<trkpt lat="35.252400" lon="129.108229" sectionIndex="0" pointIndex="339" originalElevation="46.2" isOriginalElevationFromOSM="true"><ele>51.8</ele></trkpt>
<trkpt lat="35.252300" lon="129.108319" sectionIndex="0" pointIndex="340" originalElevation="48.1" isOriginalElevationFromOSM="true"><ele>52.6</ele></trkpt>
<trkpt lat="35.251910" lon="129.108780" sectionIndex="0" pointIndex="341" originalElevation="51.0" isOriginalElevationFromOSM="true"><ele>53.5</ele></trkpt>
<trkpt lat="35.251760" lon="129.108810" sectionIndex="0" pointIndex="342" originalElevation="53.4" isOriginalElevationFromOSM="true"><ele>55.3</ele></trkpt>
<trkpt lat="35.251600" lon="129.109130" sectionIndex="0" pointIndex="343" originalElevation="51.5" isOriginalElevationFromOSM="true"><ele>57.7</ele></trkpt>
<trkpt lat="35.251460" lon="129.109558" sectionIndex="0" pointIndex="344" originalElevation="58.4" isOriginalElevationFromOSM="true"><ele>60.5</ele></trkpt>
<trkpt lat="35.251336" lon="129.110109" sectionIndex="0" pointIndex="345" originalElevation="58.4" isOriginalElevationFromOSM="false"><ele>63.4</ele></trkpt>
<trkpt lat="35.251330" lon="129.110140" sectionIndex="0" pointIndex="346" originalElevation="66.7" isOriginalElevationFromOSM="true"><ele>66.3</ele></trkpt>
<trkpt lat="35.251230" lon="129.110400" sectionIndex="0" pointIndex="347" originalElevation="69.2" isOriginalElevationFromOSM="true"><ele>69.2</ele></trkpt>
<trkpt lat="35.251170" lon="129.110430" sectionIndex="0" pointIndex="348" originalElevation="71.8" isOriginalElevationFromOSM="true"><ele>72.0</ele></trkpt>
<trkpt lat="35.251010" lon="129.110098" sectionIndex="0" pointIndex="349" originalElevation="78.3" isOriginalElevationFromOSM="true"><ele>74.8</ele></trkpt>
<trkpt lat="35.250920" lon="129.110008" sectionIndex="0" pointIndex="350" originalElevation="81.6" isOriginalElevationFromOSM="true"><ele>77.6</ele></trkpt>
<trkpt lat="35.250820" lon="129.109950" sectionIndex="0" pointIndex="351" originalElevation="85.1" isOriginalElevationFromOSM="true"><ele>80.6</ele></trkpt>
<trkpt lat="35.250650" lon="129.109929" sectionIndex="0" pointIndex="352" originalElevation="87.3" isOriginalElevationFromOSM="true"><ele>83.4</ele></trkpt>
<trkpt lat="35.250580" lon="129.109839" sectionIndex="0" pointIndex="353" originalElevation="87.7" isOriginalElevationFromOSM="true"><ele>86.2</ele></trkpt>
<trkpt lat="35.250480" lon="129.109900" sectionIndex="0" pointIndex="354" originalElevation="89.3" isOriginalElevationFromOSM="true"><ele>88.5</ele></trkpt>
<trkpt lat="35.250440" lon="129.109960" sectionIndex="0" pointIndex="355" originalElevation="90.3" isOriginalElevationFromOSM="true"><ele>91.0</ele></trkpt>
<trkpt lat="35.250300" lon="129.110000" sectionIndex="0" pointIndex="356" originalElevation="92.6" isOriginalElevationFromOSM="true"><ele>93.4</ele></trkpt>
<trkpt lat="35.250270" lon="129.110080" sectionIndex="0" pointIndex="357" originalElevation="95.2" isOriginalElevationFromOSM="true"><ele>95.6</ele></trkpt>
<trkpt lat="35.250320" lon="129.110199" sectionIndex="0" pointIndex="358" originalElevation="97.2" isOriginalElevationFromOSM="true"><ele>97.7</ele></trkpt>
<trkpt lat="35.250330" lon="129.110340" sectionIndex="0" pointIndex="359" originalElevation="100.3" isOriginalElevationFromOSM="true"><ele>99.7</ele></trkpt>
<trkpt lat="35.250380" lon="129.110400" sectionIndex="0" pointIndex="360" originalElevation="100.3" isOriginalElevationFromOSM="true"><ele>101.8</ele></trkpt>
<trkpt lat="35.250500" lon="129.110590" sectionIndex="0" pointIndex="361" originalElevation="100.7" isOriginalElevationFromOSM="true"><ele>104.2</ele></trkpt>
<trkpt lat="35.250350" lon="129.110650" sectionIndex="0" pointIndex="362" originalElevation="106.8" isOriginalElevationFromOSM="true"><ele>106.8</ele></trkpt>
<trkpt lat="35.250410" lon="129.110800" sectionIndex="0" pointIndex="363" originalElevation="107.8" isOriginalElevationFromOSM="true"><ele>109.1</ele></trkpt>
<trkpt lat="35.250320" lon="129.110818" sectionIndex="0" pointIndex="364" originalElevation="111.7" isOriginalElevationFromOSM="true"><ele>111.7</ele></trkpt>
<trkpt lat="35.250410" lon="129.111010" sectionIndex="0" pointIndex="365" originalElevation="112.7" isOriginalElevationFromOSM="true"><ele>114.4</ele></trkpt>
<trkpt lat="35.250340" lon="129.111020" sectionIndex="0" pointIndex="366" originalElevation="115.9" isOriginalElevationFromOSM="true"><ele>116.8</ele></trkpt>
<trkpt lat="35.250370" lon="129.111140" sectionIndex="0" pointIndex="367" originalElevation="117.8" isOriginalElevationFromOSM="true"><ele>119.0</ele></trkpt>
<trkpt lat="35.250200" lon="129.111150" sectionIndex="0" pointIndex="368" originalElevation="124.7" isOriginalElevationFromOSM="true"><ele>121.1</ele></trkpt>
<trkpt lat="35.250190" lon="129.111150" sectionIndex="0" pointIndex="369" originalElevation="127.9" isOriginalElevationFromOSM="true"><ele>122.8</ele></trkpt>
<trkpt lat="35.250200" lon="129.111150" sectionIndex="0" pointIndex="370" originalElevation="124.7" isOriginalElevationFromOSM="true"><ele>124.4</ele></trkpt>
<trkpt lat="35.250160" lon="129.111370" sectionIndex="0" pointIndex="371" originalElevation="132.3" isOriginalElevationFromOSM="true"><ele>126.1</ele></trkpt>
<trkpt lat="35.250190" lon="129.111528" sectionIndex="0" pointIndex="372" originalElevation="135.0" isOriginalElevationFromOSM="true"><ele>127.5</ele></trkpt>
<trkpt lat="35.250310" lon="129.111798" sectionIndex="0" pointIndex="373" originalElevation="133.5" isOriginalElevationFromOSM="true"><ele>128.6</ele></trkpt>
<trkpt lat="35.250310" lon="129.111860" sectionIndex="0" pointIndex="374" originalElevation="133.9" isOriginalElevationFromOSM="true"><ele>129.2</ele></trkpt>
<trkpt lat="35.250430" lon="129.112040" sectionIndex="0" pointIndex="375" originalElevation="130.4" isOriginalElevationFromOSM="true"><ele>129.2</ele></trkpt>
<trkpt lat="35.250560" lon="129.112100" sectionIndex="0" pointIndex="376" originalElevation="127.0" isOriginalElevationFromOSM="true"><ele>128.7</ele></trkpt>
<trkpt lat="35.250470" lon="129.112230" sectionIndex="0" pointIndex="377" originalElevation="130.7" isOriginalElevationFromOSM="true"><ele>127.8</ele></trkpt>
<trkpt lat="35.250420" lon="129.112400" sectionIndex="0" pointIndex="378" originalElevation="132.9" isOriginalElevationFromOSM="true"><ele>126.8</ele></trkpt>
<trkpt lat="35.250360" lon="129.112518" sectionIndex="0" pointIndex="379" originalElevation="133.6" isOriginalElevationFromOSM="true"><ele>125.2</ele></trkpt>
<trkpt lat="35.250400" lon="129.112698" sectionIndex="0" pointIndex="380" originalElevation="129.1" isOriginalElevationFromOSM="true"><ele>123.2</ele></trkpt>
<trkpt lat="35.250490" lon="129.112910" sectionIndex="0" pointIndex="381" originalElevation="123.8" isOriginalElevationFromOSM="true"><ele>120.6</ele></trkpt>
<trkpt lat="35.250510" lon="129.113070" sectionIndex="0" pointIndex="382" originalElevation="118.6" isOriginalElevationFromOSM="true"><ele>117.7</ele></trkpt>
<trkpt lat="35.250440" lon="129.113280" sectionIndex="0" pointIndex="383" originalElevation="116.5" isOriginalElevationFromOSM="true"><ele>114.9</ele></trkpt>
<trkpt lat="35.250360" lon="129.113370" sectionIndex="0" pointIndex="384" originalElevation="114.3" isOriginalElevationFromOSM="true"><ele>112.1</ele></trkpt>
<trkpt lat="35.250340" lon="129.113490" sectionIndex="0" pointIndex="385" originalElevation="111.2" isOriginalElevationFromOSM="true"><ele>109.0</ele></trkpt>
<trkpt lat="35.250370" lon="129.113630" sectionIndex="0" pointIndex="386" originalElevation="107.5" isOriginalElevationFromOSM="true"><ele>105.6</ele></trkpt>
<trkpt lat="35.250310" lon="129.113730" sectionIndex="0" pointIndex="387" originalElevation="105.1" isOriginalElevationFromOSM="true"><ele>102.0</ele></trkpt>
<trkpt lat="35.250310" lon="129.114110" sectionIndex="0" pointIndex="388" originalElevation="95.1" isOriginalElevationFromOSM="true"><ele>98.6</ele></trkpt>
<trkpt lat="35.250340" lon="129.114380" sectionIndex="0" pointIndex="389" originalElevation="90.2" isOriginalElevationFromOSM="true"><ele>95.4</ele></trkpt>
<trkpt lat="35.250340" lon="129.114499" sectionIndex="0" pointIndex="390" originalElevation="87.8" isOriginalElevationFromOSM="true"><ele>92.3</ele></trkpt>
<trkpt lat="35.250340" lon="129.114730" sectionIndex="0" pointIndex="391" originalElevation="85.4" isOriginalElevationFromOSM="true"><ele>88.1</ele></trkpt>
<trkpt lat="35.250390" lon="129.114800" sectionIndex="0" pointIndex="392" originalElevation="83.7" isOriginalElevationFromOSM="true"><ele>83.9</ele></trkpt>
<trkpt lat="35.250510" lon="129.114770" sectionIndex="0" pointIndex="393" originalElevation="82.2" isOriginalElevationFromOSM="true"><ele>79.8</ele></trkpt>
<trkpt lat="35.250580" lon="129.114870" sectionIndex="0" pointIndex="394" originalElevation="79.5" isOriginalElevationFromOSM="true"><ele>75.9</ele></trkpt>
<trkpt lat="35.250660" lon="129.114870" sectionIndex="0" pointIndex="395" originalElevation="78.0" isOriginalElevationFromOSM="true"><ele>72.0</ele></trkpt>
<trkpt lat="35.250770" lon="129.114837" sectionIndex="0" pointIndex="396" originalElevation="76.7" isOriginalElevationFromOSM="true"><ele>68.6</ele></trkpt>
<trkpt lat="35.250900" lon="129.114920" sectionIndex="0" pointIndex="397" originalElevation="70.9" isOriginalElevationFromOSM="true"><ele>65.5</ele></trkpt>
<trkpt lat="35.251230" lon="129.115029" sectionIndex="0" pointIndex="398" originalElevation="54.6" isOriginalElevationFromOSM="true"><ele>62.5</ele></trkpt>
<trkpt lat="35.251290" lon="129.115090" sectionIndex="0" pointIndex="399" originalElevation="51.4" isOriginalElevationFromOSM="true"><ele>59.7</ele></trkpt>
<trkpt lat="35.251250" lon="129.115378" sectionIndex="0" pointIndex="400" originalElevation="49.5" isOriginalElevationFromOSM="true"><ele>56.8</ele></trkpt>
<trkpt lat="35.251260" lon="129.115430" sectionIndex="0" pointIndex="401" originalElevation="48.1" isOriginalElevationFromOSM="true"><ele>54.0</ele></trkpt>
<trkpt lat="35.251280" lon="129.115520" sectionIndex="0" pointIndex="402" originalElevation="46.8" isOriginalElevationFromOSM="true"><ele>51.4</ele></trkpt>
<trkpt lat="35.251230" lon="129.115810" sectionIndex="0" pointIndex="403" originalElevation="44.6" isOriginalElevationFromOSM="true"><ele>48.7</ele></trkpt>
<trkpt lat="35.251150" lon="129.116170" sectionIndex="0" pointIndex="404" originalElevation="43.3" isOriginalElevationFromOSM="true"><ele>46.1</ele></trkpt>
<trkpt lat="35.251070" lon="129.116278" sectionIndex="0" pointIndex="405" originalElevation="43.5" isOriginalElevationFromOSM="true"><ele>43.9</ele></trkpt>
<trkpt lat="35.251010" lon="129.116469" sectionIndex="0" pointIndex="406" originalElevation="42.4" isOriginalElevationFromOSM="true"><ele>42.8</ele></trkpt>
<trkpt lat="35.250870" lon="129.116728" sectionIndex="0" pointIndex="407" originalElevation="41.0" isOriginalElevationFromOSM="true"><ele>42.0</ele></trkpt>
<trkpt lat="35.250780" lon="129.116940" sectionIndex="0" pointIndex="408" originalElevation="40.2" isOriginalElevationFromOSM="true"><ele>41.4</ele></trkpt>
<trkpt lat="35.250710" lon="129.117120" sectionIndex="0" pointIndex="409" originalElevation="39.5" isOriginalElevationFromOSM="true"><ele>41.4</ele></trkpt>
<trkpt lat="35.250670" lon="129.117348" sectionIndex="0" pointIndex="410" originalElevation="37.6" isOriginalElevationFromOSM="true"><ele>41.3</ele></trkpt>
<trkpt lat="35.250580" lon="129.117420" sectionIndex="0" pointIndex="411" originalElevation="37.9" isOriginalElevationFromOSM="true"><ele>41.3</ele></trkpt>
<trkpt lat="35.250500" lon="129.117560" sectionIndex="0" pointIndex="412" originalElevation="37.7" isOriginalElevationFromOSM="true"><ele>41.1</ele></trkpt>
<trkpt lat="35.250360" lon="129.117640" sectionIndex="0" pointIndex="413" originalElevation="38.7" isOriginalElevationFromOSM="true"><ele>40.9</ele></trkpt>
<trkpt lat="35.250230" lon="129.117670" sectionIndex="0" pointIndex="414" originalElevation="39.3" isOriginalElevationFromOSM="true"><ele>40.6</ele></trkpt>
<trkpt lat="35.250110" lon="129.117670" sectionIndex="0" pointIndex="415" originalElevation="41.1" isOriginalElevationFromOSM="true"><ele>40.4</ele></trkpt>
<trkpt lat="35.249750" lon="129.117370" sectionIndex="0" pointIndex="416" originalElevation="47.0" isOriginalElevationFromOSM="true"><ele>40.3</ele></trkpt>
<trkpt lat="35.249700" lon="129.117420" sectionIndex="0" pointIndex="417" originalElevation="46.5" isOriginalElevationFromOSM="true"><ele>40.3</ele></trkpt>
<trkpt lat="35.249710" lon="129.117700" sectionIndex="0" pointIndex="418" originalElevation="43.2" isOriginalElevationFromOSM="true"><ele>40.4</ele></trkpt>
<trkpt lat="35.249760" lon="129.117840" sectionIndex="0" pointIndex="419" originalElevation="41.5" isOriginalElevationFromOSM="true"><ele>40.4</ele></trkpt>
<trkpt lat="35.249790" lon="129.118030" sectionIndex="0" pointIndex="420" originalElevation="39.4" isOriginalElevationFromOSM="true"><ele>40.5</ele></trkpt>
<trkpt lat="35.249680" lon="129.118158" sectionIndex="0" pointIndex="421" originalElevation="38.6" isOriginalElevationFromOSM="true"><ele>40.6</ele></trkpt>
<trkpt lat="35.249550" lon="129.118440" sectionIndex="0" pointIndex="422" originalElevation="37.3" isOriginalElevationFromOSM="true"><ele>41.2</ele></trkpt>
<trkpt lat="35.249160" lon="129.118620" sectionIndex="0" pointIndex="423" originalElevation="39.3" isOriginalElevationFromOSM="true"><ele>41.6</ele></trkpt>
<trkpt lat="35.248810" lon="129.118210" sectionIndex="0" pointIndex="424" originalElevation="40.0" isOriginalElevationFromOSM="true"><ele>41.6</ele></trkpt>
<trkpt lat="35.248210" lon="129.118130" sectionIndex="0" pointIndex="425" originalElevation="38.5" isOriginalElevationFromOSM="true"><ele>41.8</ele></trkpt>
<trkpt lat="35.247900" lon="129.118010" sectionIndex="0" pointIndex="426" originalElevation="38.0" isOriginalElevationFromOSM="true"><ele>42.0</ele></trkpt>
<trkpt lat="35.247550" lon="129.117539" sectionIndex="0" pointIndex="427" originalElevation="39.0" isOriginalElevationFromOSM="true"><ele>42.3</ele></trkpt>
<trkpt lat="35.247400" lon="129.117528" sectionIndex="0" pointIndex="428" originalElevation="41.0" isOriginalElevationFromOSM="true"><ele>42.4</ele></trkpt>
<trkpt lat="35.247120" lon="129.117600" sectionIndex="0" pointIndex="429" originalElevation="47.1" isOriginalElevationFromOSM="true"><ele>42.5</ele></trkpt>
<trkpt lat="35.247040" lon="129.117670" sectionIndex="0" pointIndex="430" originalElevation="48.3" isOriginalElevationFromOSM="true"><ele>42.6</ele></trkpt>
<trkpt lat="35.246990" lon="129.117920" sectionIndex="0" pointIndex="431" originalElevation="47.0" isOriginalElevationFromOSM="true"><ele>42.7</ele></trkpt>
<trkpt lat="35.246870" lon="129.118030" sectionIndex="0" pointIndex="432" originalElevation="48.1" isOriginalElevationFromOSM="true"><ele>42.7</ele></trkpt>
<trkpt lat="35.246800" lon="129.118169" sectionIndex="0" pointIndex="433" originalElevation="47.6" isOriginalElevationFromOSM="true"><ele>42.9</ele></trkpt>
<trkpt lat="35.246760" lon="129.118380" sectionIndex="0" pointIndex="434" originalElevation="44.6" isOriginalElevationFromOSM="true"><ele>43.0</ele></trkpt>
<trkpt lat="35.246680" lon="129.118800" sectionIndex="0" pointIndex="435" originalElevation="41.7" isOriginalElevationFromOSM="true"><ele>43.2</ele></trkpt>
<trkpt lat="35.246580" lon="129.118920" sectionIndex="0" pointIndex="436" originalElevation="40.1" isOriginalElevationFromOSM="true"><ele>43.4</ele></trkpt>
<trkpt lat="35.246350" lon="129.118980" sectionIndex="0" pointIndex="437" originalElevation="39.5" isOriginalElevationFromOSM="true"><ele>43.4</ele></trkpt>
<trkpt lat="35.246120" lon="129.118990" sectionIndex="0" pointIndex="438" originalElevation="39.4" isOriginalElevationFromOSM="true"><ele>43.5</ele></trkpt>
<trkpt lat="35.245810" lon="129.118867" sectionIndex="0" pointIndex="439" originalElevation="41.1" isOriginalElevationFromOSM="true"><ele>43.5</ele></trkpt>
<trkpt lat="35.245390" lon="129.118630" sectionIndex="0" pointIndex="440" originalElevation="40.5" isOriginalElevationFromOSM="true"><ele>43.4</ele></trkpt>
<trkpt lat="35.245330" lon="129.118550" sectionIndex="0" pointIndex="441" originalElevation="40.6" isOriginalElevationFromOSM="true"><ele>43.1</ele></trkpt>
<trkpt lat="35.245240" lon="129.118310" sectionIndex="0" pointIndex="442" originalElevation="41.4" isOriginalElevationFromOSM="true"><ele>43.1</ele></trkpt>
<trkpt lat="35.245270" lon="129.118110" sectionIndex="0" pointIndex="443" originalElevation="43.8" isOriginalElevationFromOSM="true"><ele>43.3</ele></trkpt>
<trkpt lat="35.245390" lon="129.117920" sectionIndex="0" pointIndex="444" originalElevation="47.5" isOriginalElevationFromOSM="true"><ele>43.5</ele></trkpt>
<trkpt lat="35.245370" lon="129.117780" sectionIndex="0" pointIndex="445" originalElevation="48.8" isOriginalElevationFromOSM="true"><ele>44.0</ele></trkpt>
<trkpt lat="35.245240" lon="129.117600" sectionIndex="0" pointIndex="446" originalElevation="48.4" isOriginalElevationFromOSM="true"><ele>44.5</ele></trkpt>
<trkpt lat="35.245030" lon="129.117539" sectionIndex="0" pointIndex="447" originalElevation="45.3" isOriginalElevationFromOSM="true"><ele>45.0</ele></trkpt>
<trkpt lat="35.244920" lon="129.117430" sectionIndex="0" pointIndex="448" originalElevation="44.2" isOriginalElevationFromOSM="true"><ele>45.5</ele></trkpt>
<trkpt lat="35.244880" lon="129.117330" sectionIndex="0" pointIndex="449" originalElevation="44.0" isOriginalElevationFromOSM="true"><ele>45.9</ele></trkpt>
<trkpt lat="35.244880" lon="129.117190" sectionIndex="0" pointIndex="450" originalElevation="44.0" isOriginalElevationFromOSM="true"><ele>46.0</ele></trkpt>
<trkpt lat="35.244990" lon="129.117030" sectionIndex="0" pointIndex="451" originalElevation="44.4" isOriginalElevationFromOSM="true"><ele>46.0</ele></trkpt>
<trkpt lat="35.245080" lon="129.116940" sectionIndex="0" pointIndex="452" originalElevation="45.8" isOriginalElevationFromOSM="true"><ele>45.7</ele></trkpt>
<trkpt lat="35.245410" lon="129.116570" sectionIndex="0" pointIndex="453" originalElevation="47.5" isOriginalElevationFromOSM="true"><ele>45.4</ele></trkpt>
<trkpt lat="35.245550" lon="129.116410" sectionIndex="0" pointIndex="454" originalElevation="49.3" isOriginalElevationFromOSM="true"><ele>45.0</ele></trkpt>
<trkpt lat="35.245720" lon="129.116150" sectionIndex="0" pointIndex="455" originalElevation="47.3" isOriginalElevationFromOSM="true"><ele>44.7</ele></trkpt>
<trkpt lat="35.245750" lon="129.116050" sectionIndex="0" pointIndex="456" originalElevation="46.0" isOriginalElevationFromOSM="true"><ele>44.4</ele></trkpt>
<trkpt lat="35.245840" lon="129.115910" sectionIndex="0" pointIndex="457" originalElevation="44.4" isOriginalElevationFromOSM="true"><ele>44.0</ele></trkpt>
<trkpt lat="35.245940" lon="129.115800" sectionIndex="0" pointIndex="458" originalElevation="43.1" isOriginalElevationFromOSM="true"><ele>43.6</ele></trkpt>
<trkpt lat="35.246030" lon="129.115770" sectionIndex="0" pointIndex="459" originalElevation="43.2" isOriginalElevationFromOSM="true"><ele>43.1</ele></trkpt>
<trkpt lat="35.246320" lon="129.115738" sectionIndex="0" pointIndex="460" originalElevation="43.8" isOriginalElevationFromOSM="true"><ele>42.5</ele></trkpt>
<trkpt lat="35.246480" lon="129.115648" sectionIndex="0" pointIndex="461" originalElevation="43.3" isOriginalElevationFromOSM="true"><ele>41.8</ele></trkpt>
<trkpt lat="35.246750" lon="129.115360" sectionIndex="0" pointIndex="462" originalElevation="40.3" isOriginalElevationFromOSM="true"><ele>41.0</ele></trkpt>
<trkpt lat="35.246940" lon="129.115280" sectionIndex="0" pointIndex="463" originalElevation="39.3" isOriginalElevationFromOSM="true"><ele>40.3</ele></trkpt>
<trkpt lat="35.247010" lon="129.115197" sectionIndex="0" pointIndex="464" originalElevation="38.6" isOriginalElevationFromOSM="true"><ele>39.7</ele></trkpt>
<trkpt lat="35.247070" lon="129.115119" sectionIndex="0" pointIndex="465" originalElevation="38.0" isOriginalElevationFromOSM="true"><ele>39.2</ele></trkpt>
<trkpt lat="35.247150" lon="129.114870" sectionIndex="0" pointIndex="466" originalElevation="37.1" isOriginalElevationFromOSM="true"><ele>38.8</ele></trkpt>
<trkpt lat="35.247180" lon="129.114690" sectionIndex="0" pointIndex="467" originalElevation="37.0" isOriginalElevationFromOSM="true"><ele>38.5</ele></trkpt>
<trkpt lat="35.247190" lon="129.114488" sectionIndex="0" pointIndex="468" originalElevation="37.0" isOriginalElevationFromOSM="true"><ele>38.3</ele></trkpt>
<trkpt lat="35.247130" lon="129.114190" sectionIndex="0" pointIndex="469" originalElevation="36.4" isOriginalElevationFromOSM="true"><ele>38.4</ele></trkpt>
<trkpt lat="35.247110" lon="129.113930" sectionIndex="0" pointIndex="470" originalElevation="37.3" isOriginalElevationFromOSM="true"><ele>38.7</ele></trkpt>
<trkpt lat="35.247080" lon="129.113890" sectionIndex="0" pointIndex="471" originalElevation="37.1" isOriginalElevationFromOSM="true"><ele>39.1</ele></trkpt>
<trkpt lat="35.246830" lon="129.113650" sectionIndex="0" pointIndex="472" originalElevation="37.0" isOriginalElevationFromOSM="true"><ele>39.8</ele></trkpt>
<trkpt lat="35.246560" lon="129.113440" sectionIndex="0" pointIndex="473" originalElevation="37.3" isOriginalElevationFromOSM="true"><ele>40.5</ele></trkpt>
<trkpt lat="35.246380" lon="129.113360" sectionIndex="0" pointIndex="474" originalElevation="37.8" isOriginalElevationFromOSM="true"><ele>41.0</ele></trkpt>
<trkpt lat="35.246190" lon="129.113020" sectionIndex="0" pointIndex="475" originalElevation="41.3" isOriginalElevationFromOSM="true"><ele>41.4</ele></trkpt>
<trkpt lat="35.246060" lon="129.112830" sectionIndex="0" pointIndex="476" originalElevation="44.0" isOriginalElevationFromOSM="true"><ele>41.6</ele></trkpt>
<trkpt lat="35.245980" lon="129.112777" sectionIndex="0" pointIndex="477" originalElevation="45.0" isOriginalElevationFromOSM="true"><ele>41.9</ele></trkpt>
<trkpt lat="35.245940" lon="129.112698" sectionIndex="0" pointIndex="478" originalElevation="46.4" isOriginalElevationFromOSM="true"><ele>42.1</ele></trkpt>
<trkpt lat="35.245850" lon="129.112608" sectionIndex="0" pointIndex="479" originalElevation="48.2" isOriginalElevationFromOSM="true"><ele>42.3</ele></trkpt>
<trkpt lat="35.245820" lon="129.112620" sectionIndex="0" pointIndex="480" originalElevation="48.2" isOriginalElevationFromOSM="true"><ele>42.6</ele></trkpt>
<trkpt lat="35.245750" lon="129.112890" sectionIndex="0" pointIndex="481" originalElevation="44.6" isOriginalElevationFromOSM="true"><ele>43.1</ele></trkpt>
<trkpt lat="35.245710" lon="129.112950" sectionIndex="0" pointIndex="482" originalElevation="42.7" isOriginalElevationFromOSM="true"><ele>43.6</ele></trkpt>
<trkpt lat="35.245430" lon="129.113300" sectionIndex="0" pointIndex="483" originalElevation="40.8" isOriginalElevationFromOSM="true"><ele>44.0</ele></trkpt>
<trkpt lat="35.245320" lon="129.113470" sectionIndex="0" pointIndex="484" originalElevation="40.6" isOriginalElevationFromOSM="true"><ele>44.2</ele></trkpt>
<trkpt lat="35.245250" lon="129.113678" sectionIndex="0" pointIndex="485" originalElevation="40.4" isOriginalElevationFromOSM="true"><ele>44.4</ele></trkpt>
<trkpt lat="35.245080" lon="129.114030" sectionIndex="0" pointIndex="486" originalElevation="40.6" isOriginalElevationFromOSM="true"><ele>44.5</ele></trkpt>
<trkpt lat="35.244900" lon="129.114260" sectionIndex="0" pointIndex="487" originalElevation="42.1" isOriginalElevationFromOSM="true"><ele>44.5</ele></trkpt>
<trkpt lat="35.244780" lon="129.114370" sectionIndex="0" pointIndex="488" originalElevation="43.9" isOriginalElevationFromOSM="true"><ele>44.4</ele></trkpt>
<trkpt lat="35.244670" lon="129.114420" sectionIndex="0" pointIndex="489" originalElevation="45.6" isOriginalElevationFromOSM="true"><ele>44.5</ele></trkpt>
<trkpt lat="35.244590" lon="129.114530" sectionIndex="0" pointIndex="490" originalElevation="46.8" isOriginalElevationFromOSM="true"><ele>44.9</ele></trkpt>
<trkpt lat="35.244530" lon="129.114830" sectionIndex="0" pointIndex="491" originalElevation="46.8" isOriginalElevationFromOSM="true"><ele>45.4</ele></trkpt>
<trkpt lat="35.244440" lon="129.114950" sectionIndex="0" pointIndex="492" originalElevation="48.0" isOriginalElevationFromOSM="true"><ele>45.8</ele></trkpt>
<trkpt lat="35.244420" lon="129.115010" sectionIndex="0" pointIndex="493" originalElevation="48.4" isOriginalElevationFromOSM="true"><ele>46.2</ele></trkpt>
<trkpt lat="35.244430" lon="129.115197" sectionIndex="0" pointIndex="494" originalElevation="48.1" isOriginalElevationFromOSM="true"><ele>46.4</ele></trkpt>
<trkpt lat="35.244530" lon="129.115490" sectionIndex="0" pointIndex="495" originalElevation="46.3" isOriginalElevationFromOSM="true"><ele>46.5</ele></trkpt>
<trkpt lat="35.244530" lon="129.115648" sectionIndex="0" pointIndex="496" originalElevation="46.9" isOriginalElevationFromOSM="true"><ele>46.5</ele></trkpt>
<trkpt lat="35.244440" lon="129.115918" sectionIndex="0" pointIndex="497" originalElevation="47.8" isOriginalElevationFromOSM="true"><ele>46.4</ele></trkpt>
<trkpt lat="35.244330" lon="129.116130" sectionIndex="0" pointIndex="498" originalElevation="48.4" isOriginalElevationFromOSM="true"><ele>46.0</ele></trkpt>
<trkpt lat="35.244280" lon="129.116400" sectionIndex="0" pointIndex="499" originalElevation="47.4" isOriginalElevationFromOSM="true"><ele>45.7</ele></trkpt>
<trkpt lat="35.244180" lon="129.116600" sectionIndex="0" pointIndex="500" originalElevation="46.4" isOriginalElevationFromOSM="true"><ele>45.3</ele></trkpt>
<trkpt lat="35.243940" lon="129.116999" sectionIndex="0" pointIndex="501" originalElevation="43.7" isOriginalElevationFromOSM="true"><ele>44.7</ele></trkpt>
<trkpt lat="35.243820" lon="129.117070" sectionIndex="0" pointIndex="502" originalElevation="43.2" isOriginalElevationFromOSM="true"><ele>44.1</ele></trkpt>
<trkpt lat="35.243640" lon="129.117077" sectionIndex="0" pointIndex="503" originalElevation="43.9" isOriginalElevationFromOSM="true"><ele>43.6</ele></trkpt>
<trkpt lat="35.243500" lon="129.117140" sectionIndex="0" pointIndex="504" originalElevation="43.5" isOriginalElevationFromOSM="true"><ele>43.2</ele></trkpt>
<trkpt lat="35.243150" lon="129.117200" sectionIndex="0" pointIndex="505" originalElevation="41.6" isOriginalElevationFromOSM="true"><ele>42.7</ele></trkpt>
<trkpt lat="35.243020" lon="129.117167" sectionIndex="0" pointIndex="506" originalElevation="41.6" isOriginalElevationFromOSM="true"><ele>42.3</ele></trkpt>
<trkpt lat="35.242930" lon="129.117140" sectionIndex="0" pointIndex="507" originalElevation="41.6" isOriginalElevationFromOSM="true"><ele>41.7</ele></trkpt>
<trkpt lat="35.242770" lon="129.117167" sectionIndex="0" pointIndex="508" originalElevation="40.0" isOriginalElevationFromOSM="true"><ele>41.2</ele></trkpt>
<trkpt lat="35.242620" lon="129.117150" sectionIndex="0" pointIndex="509" originalElevation="39.3" isOriginalElevationFromOSM="true"><ele>40.7</ele></trkpt>
<trkpt lat="35.242510" lon="129.117110" sectionIndex="0" pointIndex="510" originalElevation="39.3" isOriginalElevationFromOSM="true"><ele>40.3</ele></trkpt>
<trkpt lat="35.242450" lon="129.116980" sectionIndex="0" pointIndex="511" originalElevation="40.5" isOriginalElevationFromOSM="true"><ele>40.0</ele></trkpt>
<trkpt lat="35.242320" lon="129.116850" sectionIndex="0" pointIndex="512" originalElevation="40.8" isOriginalElevationFromOSM="true"><ele>40.1</ele></trkpt>
<trkpt lat="35.242230" lon="129.116740" sectionIndex="0" pointIndex="513" originalElevation="41.1" isOriginalElevationFromOSM="true"><ele>40.5</ele></trkpt>
<trkpt lat="35.242090" lon="129.116770" sectionIndex="0" pointIndex="514" originalElevation="39.3" isOriginalElevationFromOSM="true"><ele>40.9</ele></trkpt>
<trkpt lat="35.241960" lon="129.116760" sectionIndex="0" pointIndex="515" originalElevation="38.0" isOriginalElevationFromOSM="true"><ele>41.5</ele></trkpt>
<trkpt lat="35.241810" lon="129.116680" sectionIndex="0" pointIndex="516" originalElevation="36.7" isOriginalElevationFromOSM="true"><ele>42.1</ele></trkpt>
<trkpt lat="35.241730" lon="129.116570" sectionIndex="0" pointIndex="517" originalElevation="37.0" isOriginalElevationFromOSM="true"><ele>42.5</ele></trkpt>
<trkpt lat="35.241640" lon="129.116260" sectionIndex="0" pointIndex="518" originalElevation="39.8" isOriginalElevationFromOSM="true"><ele>42.8</ele></trkpt>
<trkpt lat="35.241680" lon="129.115890" sectionIndex="0" pointIndex="519" originalElevation="44.7" isOriginalElevationFromOSM="true"><ele>43.0</ele></trkpt>
<trkpt lat="35.241580" lon="129.115670" sectionIndex="0" pointIndex="520" originalElevation="47.4" isOriginalElevationFromOSM="true"><ele>43.3</ele></trkpt>
<trkpt lat="35.241490" lon="129.115569" sectionIndex="0" pointIndex="521" originalElevation="47.9" isOriginalElevationFromOSM="true"><ele>43.4</ele></trkpt>
<trkpt lat="35.241390" lon="129.115370" sectionIndex="0" pointIndex="522" originalElevation="50.3" isOriginalElevationFromOSM="true"><ele>43.5</ele></trkpt>
<trkpt lat="35.241340" lon="129.115360" sectionIndex="0" pointIndex="523" originalElevation="49.9" isOriginalElevationFromOSM="true"><ele>43.9</ele></trkpt>
<trkpt lat="35.241060" lon="129.115450" sectionIndex="0" pointIndex="524" originalElevation="44.8" isOriginalElevationFromOSM="true"><ele>44.5</ele></trkpt>
<trkpt lat="35.240950" lon="129.115460" sectionIndex="0" pointIndex="525" originalElevation="43.3" isOriginalElevationFromOSM="true"><ele>45.4</ele></trkpt>
<trkpt lat="35.240900" lon="129.115340" sectionIndex="0" pointIndex="526" originalElevation="44.5" isOriginalElevationFromOSM="true"><ele>46.1</ele></trkpt>
<trkpt lat="35.240780" lon="129.115287" sectionIndex="0" pointIndex="527" originalElevation="44.3" isOriginalElevationFromOSM="true"><ele>46.5</ele></trkpt>
<trkpt lat="35.240570" lon="129.115450" sectionIndex="0" pointIndex="528" originalElevation="42.7" isOriginalElevationFromOSM="true"><ele>46.1</ele></trkpt>
<trkpt lat="35.240370" lon="129.115530" sectionIndex="0" pointIndex="529" originalElevation="42.0" isOriginalElevationFromOSM="true"><ele>45.6</ele></trkpt>
<trkpt lat="35.240280" lon="129.115490" sectionIndex="0" pointIndex="530" originalElevation="42.9" isOriginalElevationFromOSM="true"><ele>44.9</ele></trkpt>
<trkpt lat="35.240140" lon="129.115280" sectionIndex="0" pointIndex="531" originalElevation="46.4" isOriginalElevationFromOSM="true"><ele>44.3</ele></trkpt>
<trkpt lat="35.240020" lon="129.115107" sectionIndex="0" pointIndex="532" originalElevation="50.0" isOriginalElevationFromOSM="true"><ele>43.9</ele></trkpt>
<trkpt lat="35.239980" lon="129.115090" sectionIndex="0" pointIndex="533" originalElevation="50.5" isOriginalElevationFromOSM="true"><ele>44.0</ele></trkpt>
<trkpt lat="35.239930" lon="129.115140" sectionIndex="0" pointIndex="534" originalElevation="50.1" isOriginalElevationFromOSM="true"><ele>44.2</ele></trkpt>
<trkpt lat="35.239600" lon="129.115710" sectionIndex="0" pointIndex="535" originalElevation="41.6" isOriginalElevationFromOSM="true"><ele>44.3</ele></trkpt>
<trkpt lat="35.239530" lon="129.115800" sectionIndex="0" pointIndex="536" originalElevation="40.2" isOriginalElevationFromOSM="true"><ele>44.6</ele></trkpt>
<trkpt lat="35.239290" lon="129.115850" sectionIndex="0" pointIndex="537" originalElevation="40.4" isOriginalElevationFromOSM="true"><ele>44.7</ele></trkpt>
<trkpt lat="35.239090" lon="129.115900" sectionIndex="0" pointIndex="538" originalElevation="40.0" isOriginalElevationFromOSM="true"><ele>44.6</ele></trkpt>
<trkpt lat="35.238990" lon="129.115860" sectionIndex="0" pointIndex="539" originalElevation="40.0" isOriginalElevationFromOSM="true"><ele>44.4</ele></trkpt>
<trkpt lat="35.238750" lon="129.115450" sectionIndex="0" pointIndex="540" originalElevation="44.7" isOriginalElevationFromOSM="true"><ele>44.0</ele></trkpt>
<trkpt lat="35.238660" lon="129.115240" sectionIndex="0" pointIndex="541" originalElevation="46.6" isOriginalElevationFromOSM="true"><ele>43.7</ele></trkpt>
<trkpt lat="35.238600" lon="129.115150" sectionIndex="0" pointIndex="542" originalElevation="47.0" isOriginalElevationFromOSM="true"><ele>43.6</ele></trkpt>
<trkpt lat="35.238510" lon="129.115080" sectionIndex="0" pointIndex="543" originalElevation="46.3" isOriginalElevationFromOSM="true"><ele>44.1</ele></trkpt>
<trkpt lat="35.238330" lon="129.114820" sectionIndex="0" pointIndex="544" originalElevation="43.1" isOriginalElevationFromOSM="true"><ele>44.6</ele></trkpt>
<trkpt lat="35.238310" lon="129.114730" sectionIndex="0" pointIndex="545" originalElevation="42.5" isOriginalElevationFromOSM="true"><ele>45.3</ele></trkpt>
<trkpt lat="35.238450" lon="129.114430" sectionIndex="0" pointIndex="546" originalElevation="43.4" isOriginalElevationFromOSM="true"><ele>46.0</ele></trkpt>
<trkpt lat="35.238500" lon="129.114330" sectionIndex="0" pointIndex="547" originalElevation="44.2" isOriginalElevationFromOSM="true"><ele>46.3</ele></trkpt>
<trkpt lat="35.238590" lon="129.114210" sectionIndex="0" pointIndex="548" originalElevation="45.6" isOriginalElevationFromOSM="true"><ele>46.2</ele></trkpt>
<trkpt lat="35.238880" lon="129.113948" sectionIndex="0" pointIndex="549" originalElevation="49.1" isOriginalElevationFromOSM="true"><ele>45.9</ele></trkpt>
<trkpt lat="35.238980" lon="129.113750" sectionIndex="0" pointIndex="550" originalElevation="48.5" isOriginalElevationFromOSM="true"><ele>45.7</ele></trkpt>
<trkpt lat="35.239100" lon="129.113599" sectionIndex="0" pointIndex="551" originalElevation="48.1" isOriginalElevationFromOSM="true"><ele>45.6</ele></trkpt>
<trkpt lat="35.239410" lon="129.113400" sectionIndex="0" pointIndex="552" originalElevation="50.6" isOriginalElevationFromOSM="true"><ele>45.9</ele></trkpt>
<trkpt lat="35.239390" lon="129.113329" sectionIndex="0" pointIndex="553" originalElevation="49.6" isOriginalElevationFromOSM="true"><ele>46.4</ele></trkpt>
<trkpt lat="35.239220" lon="129.113070" sectionIndex="0" pointIndex="554" originalElevation="44.9" isOriginalElevationFromOSM="true"><ele>46.7</ele></trkpt>
<trkpt lat="35.239150" lon="129.112900" sectionIndex="0" pointIndex="555" originalElevation="42.9" isOriginalElevationFromOSM="true"><ele>46.8</ele></trkpt>
<trkpt lat="35.239140" lon="129.112777" sectionIndex="0" pointIndex="556" originalElevation="42.2" isOriginalElevationFromOSM="true"><ele>46.8</ele></trkpt>
<trkpt lat="35.239290" lon="129.112480" sectionIndex="0" pointIndex="557" originalElevation="44.1" isOriginalElevationFromOSM="true"><ele>46.5</ele></trkpt>
<trkpt lat="35.239420" lon="129.112100" sectionIndex="0" pointIndex="558" originalElevation="45.7" isOriginalElevationFromOSM="true"><ele>46.4</ele></trkpt>
<trkpt lat="35.239530" lon="129.112010" sectionIndex="0" pointIndex="559" originalElevation="47.5" isOriginalElevationFromOSM="true"><ele>46.2</ele></trkpt>
<trkpt lat="35.239670" lon="129.111790" sectionIndex="0" pointIndex="560" originalElevation="48.8" isOriginalElevationFromOSM="true"><ele>45.9</ele></trkpt>
<trkpt lat="35.239670" lon="129.111640" sectionIndex="0" pointIndex="561" originalElevation="48.0" isOriginalElevationFromOSM="true"><ele>45.5</ele></trkpt>
<trkpt lat="35.239580" lon="129.111438" sectionIndex="0" pointIndex="562" originalElevation="46.7" isOriginalElevationFromOSM="true"><ele>45.3</ele></trkpt>
<trkpt lat="35.239400" lon="129.111200" sectionIndex="0" pointIndex="563" originalElevation="45.5" isOriginalElevationFromOSM="true"><ele>45.1</ele></trkpt>
<trkpt lat="35.239230" lon="129.111100" sectionIndex="0" pointIndex="564" originalElevation="45.1" isOriginalElevationFromOSM="true"><ele>45.2</ele></trkpt>
<trkpt lat="35.239030" lon="129.111190" sectionIndex="0" pointIndex="565" originalElevation="45.9" isOriginalElevationFromOSM="true"><ele>45.4</ele></trkpt>
<trkpt lat="35.238940" lon="129.111330" sectionIndex="0" pointIndex="566" originalElevation="45.6" isOriginalElevationFromOSM="true"><ele>45.4</ele></trkpt>
<trkpt lat="35.238810" lon="129.111390" sectionIndex="0" pointIndex="567" originalElevation="46.5" isOriginalElevationFromOSM="true"><ele>45.3</ele></trkpt>
<trkpt lat="35.238770" lon="129.111438" sectionIndex="0" pointIndex="568" originalElevation="43.8" isOriginalElevationFromOSM="true"><ele>45.2</ele></trkpt>
<trkpt lat="35.237880" lon="129.112450" sectionIndex="0" pointIndex="569" originalElevation="41.1" isOriginalElevationFromOSM="true"><ele>45.0</ele></trkpt>
<trkpt lat="35.237100" lon="129.113280" sectionIndex="0" pointIndex="570" originalElevation="39.6" isOriginalElevationFromOSM="true"><ele>44.8</ele></trkpt>
<trkpt lat="35.236380" lon="129.114210" sectionIndex="0" pointIndex="571" originalElevation="44.5" isOriginalElevationFromOSM="true"><ele>44.6</ele></trkpt>
<trkpt lat="35.236440" lon="129.114387" sectionIndex="0" pointIndex="572" originalElevation="46.0" isOriginalElevationFromOSM="true"><ele>44.4</ele></trkpt>
<trkpt lat="35.236630" lon="129.114567" sectionIndex="0" pointIndex="573" originalElevation="45.8" isOriginalElevationFromOSM="true"><ele>44.0</ele></trkpt>
<trkpt lat="35.236820" lon="129.114900" sectionIndex="0" pointIndex="574" originalElevation="47.3" isOriginalElevationFromOSM="true"><ele>43.7</ele></trkpt>
<trkpt lat="35.236950" lon="129.115040" sectionIndex="0" pointIndex="575" originalElevation="46.6" isOriginalElevationFromOSM="true"><ele>43.2</ele></trkpt>
<trkpt lat="35.237050" lon="129.115070" sectionIndex="0" pointIndex="576" originalElevation="44.9" isOriginalElevationFromOSM="true"><ele>42.8</ele></trkpt>
<trkpt lat="35.237190" lon="129.115190" sectionIndex="0" pointIndex="577" originalElevation="43.7" isOriginalElevationFromOSM="true"><ele>42.5</ele></trkpt>
<trkpt lat="35.237260" lon="129.115270" sectionIndex="0" pointIndex="578" originalElevation="42.6" isOriginalElevationFromOSM="true"><ele>42.3</ele></trkpt>
<trkpt lat="35.237360" lon="129.115468" sectionIndex="0" pointIndex="579" originalElevation="42.5" isOriginalElevationFromOSM="true"><ele>41.9</ele></trkpt>
<trkpt lat="35.237510" lon="129.115558" sectionIndex="0" pointIndex="580" originalElevation="39.4" isOriginalElevationFromOSM="true"><ele>41.7</ele></trkpt>
<trkpt lat="35.237740" lon="129.115910" sectionIndex="0" pointIndex="581" originalElevation="40.6" isOriginalElevationFromOSM="true"><ele>41.8</ele></trkpt>
<trkpt lat="35.237940" lon="129.116120" sectionIndex="0" pointIndex="582" originalElevation="39.3" isOriginalElevationFromOSM="true"><ele>41.8</ele></trkpt>
<trkpt lat="35.238080" lon="129.116570" sectionIndex="0" pointIndex="583" originalElevation="37.4" isOriginalElevationFromOSM="true"><ele>42.3</ele></trkpt>
<trkpt lat="35.238070" lon="129.116770" sectionIndex="0" pointIndex="584" originalElevation="37.0" isOriginalElevationFromOSM="true"><ele>43.1</ele></trkpt>
<trkpt lat="35.238050" lon="129.116860" sectionIndex="0" pointIndex="585" originalElevation="36.9" isOriginalElevationFromOSM="true"><ele>44.4</ele></trkpt>
<trkpt lat="35.237920" lon="129.116850" sectionIndex="0" pointIndex="586" originalElevation="38.2" isOriginalElevationFromOSM="true"><ele>45.8</ele></trkpt>
<trkpt lat="35.237500" lon="129.116760" sectionIndex="0" pointIndex="587" originalElevation="43.8" isOriginalElevationFromOSM="true"><ele>47.3</ele></trkpt>
<trkpt lat="35.237300" lon="129.116638" sectionIndex="0" pointIndex="588" originalElevation="46.7" isOriginalElevationFromOSM="true"><ele>48.4</ele></trkpt>
<trkpt lat="35.237130" lon="129.116638" sectionIndex="0" pointIndex="589" originalElevation="48.0" isOriginalElevationFromOSM="true"><ele>49.1</ele></trkpt>
<trkpt lat="35.236570" lon="129.116650" sectionIndex="0" pointIndex="590" originalElevation="54.0" isOriginalElevationFromOSM="true"><ele>49.4</ele></trkpt>
<trkpt lat="35.236460" lon="129.116627" sectionIndex="0" pointIndex="591" originalElevation="56.8" isOriginalElevationFromOSM="true"><ele>49.8</ele></trkpt>
<trkpt lat="35.236110" lon="129.116690" sectionIndex="0" pointIndex="592" originalElevation="62.2" isOriginalElevationFromOSM="true"><ele>50.1</ele></trkpt>
<trkpt lat="35.236010" lon="129.116690" sectionIndex="0" pointIndex="593" originalElevation="64.2" isOriginalElevationFromOSM="true"><ele>50.6</ele></trkpt>
<trkpt lat="35.235860" lon="129.116728" sectionIndex="0" pointIndex="594" originalElevation="65.4" isOriginalElevationFromOSM="true"><ele>50.9</ele></trkpt>
<trkpt lat="35.235800" lon="129.116960" sectionIndex="0" pointIndex="595" originalElevation="55.9" isOriginalElevationFromOSM="true"><ele>50.5</ele></trkpt>
<trkpt lat="35.235610" lon="129.117120" sectionIndex="0" pointIndex="596" originalElevation="50.3" isOriginalElevationFromOSM="true"><ele>49.6</ele></trkpt>
<trkpt lat="35.235520" lon="129.117269" sectionIndex="0" pointIndex="597" originalElevation="44.5" isOriginalElevationFromOSM="true"><ele>48.1</ele></trkpt>
<trkpt lat="35.235330" lon="129.117380" sectionIndex="0" pointIndex="598" originalElevation="42.9" isOriginalElevationFromOSM="true"><ele>46.4</ele></trkpt>
<trkpt lat="35.235270" lon="129.117410" sectionIndex="0" pointIndex="599" originalElevation="41.4" isOriginalElevationFromOSM="true"><ele>44.5</ele></trkpt>
<trkpt lat="35.235110" lon="129.117359" sectionIndex="0" pointIndex="600" originalElevation="44.8" isOriginalElevationFromOSM="true"><ele>42.3</ele></trkpt>
<trkpt lat="35.234980" lon="129.117430" sectionIndex="0" pointIndex="601" originalElevation="43.1" isOriginalElevationFromOSM="true"><ele>39.9</ele></trkpt>
<trkpt lat="35.234860" lon="129.117539" sectionIndex="0" pointIndex="602" originalElevation="38.1" isOriginalElevationFromOSM="true"><ele>37.4</ele></trkpt>
<trkpt lat="35.234620" lon="129.117670" sectionIndex="0" pointIndex="603" originalElevation="32.5" isOriginalElevationFromOSM="true"><ele>35.3</ele></trkpt>
<trkpt lat="35.234210" lon="129.117860" sectionIndex="0" pointIndex="604" originalElevation="25.9" isOriginalElevationFromOSM="true"><ele>33.6</ele></trkpt>
<trkpt lat="35.233970" lon="129.117870" sectionIndex="0" pointIndex="605" originalElevation="28.3" isOriginalElevationFromOSM="true"><ele>32.8</ele></trkpt>
<trkpt lat="35.233880" lon="129.117930" sectionIndex="0" pointIndex="606" originalElevation="28.6" isOriginalElevationFromOSM="true"><ele>32.1</ele></trkpt>
<trkpt lat="35.233850" lon="129.117950" sectionIndex="0" pointIndex="607" originalElevation="29.0" isOriginalElevationFromOSM="true"><ele>31.0</ele></trkpt>
<trkpt lat="35.233790" lon="129.118060" sectionIndex="0" pointIndex="608" originalElevation="27.9" isOriginalElevationFromOSM="true"><ele>29.6</ele></trkpt>
<trkpt lat="35.233847" lon="129.118259" sectionIndex="0" pointIndex="609" originalElevation="27.9" isOriginalElevationFromOSM="false"><ele>28.3</ele></trkpt>
<trkpt lat="35.233850" lon="129.118270" sectionIndex="0" pointIndex="610" originalElevation="23.9" isOriginalElevationFromOSM="true"><ele>27.3</ele></trkpt>
<trkpt lat="35.233560" lon="129.118400" sectionIndex="0" pointIndex="611" originalElevation="25.0" isOriginalElevationFromOSM="true"><ele>26.7</ele></trkpt>
<trkpt lat="35.232860" lon="129.118740" sectionIndex="0" pointIndex="612" originalElevation="32.9" isOriginalElevationFromOSM="true"><ele>26.5</ele></trkpt>
<trkpt lat="35.232690" lon="129.118879" sectionIndex="0" pointIndex="613" originalElevation="31.9" isOriginalElevationFromOSM="true"><ele>26.1</ele></trkpt>
<trkpt lat="35.232560" lon="129.119149" sectionIndex="0" pointIndex="614" originalElevation="24.8" isOriginalElevationFromOSM="true"><ele>25.6</ele></trkpt>
<trkpt lat="35.232300" lon="129.119840" sectionIndex="0" pointIndex="615" originalElevation="25.1" isOriginalElevationFromOSM="true"><ele>25.1</ele></trkpt>
<trkpt lat="35.232270" lon="129.120110" sectionIndex="0" pointIndex="616" originalElevation="22.5" isOriginalElevationFromOSM="true"><ele>24.3</ele></trkpt>
<trkpt lat="35.232050" lon="129.120500" sectionIndex="0" pointIndex="617" originalElevation="24.1" isOriginalElevationFromOSM="true"><ele>23.3</ele></trkpt>
<trkpt lat="35.231950" lon="129.120620" sectionIndex="0" pointIndex="618" originalElevation="23.3" isOriginalElevationFromOSM="true"><ele>22.4</ele></trkpt>
<trkpt lat="35.231760" lon="129.120830" sectionIndex="0" pointIndex="619" originalElevation="22.4" isOriginalElevationFromOSM="true"><ele>21.3</ele></trkpt>
<trkpt lat="35.231740" lon="129.120897" sectionIndex="0" pointIndex="620" originalElevation="22.4" isOriginalElevationFromOSM="false"><ele>19.8</ele></trkpt>
<trkpt lat="35.231740" lon="129.120900" sectionIndex="0" pointIndex="621" originalElevation="21.8" isOriginalElevationFromOSM="true"><ele>18.4</ele></trkpt>
<trkpt lat="35.231810" lon="129.120970" sectionIndex="0" pointIndex="622" originalElevation="20.1" isOriginalElevationFromOSM="true"><ele>17.4</ele></trkpt>
<trkpt lat="35.231650" lon="129.121280" sectionIndex="0" pointIndex="623" originalElevation="16.9" isOriginalElevationFromOSM="true"><ele>16.5</ele></trkpt>
<trkpt lat="35.231580" lon="129.121558" sectionIndex="0" pointIndex="624" originalElevation="11.9" isOriginalElevationFromOSM="true"><ele>15.8</ele></trkpt>
<trkpt lat="35.231480" lon="129.122140" sectionIndex="0" pointIndex="625" originalElevation="10.5" isOriginalElevationFromOSM="true"><ele>14.9</ele></trkpt>
<trkpt lat="35.231290" lon="129.123410" sectionIndex="0" pointIndex="626" originalElevation="9.5" isOriginalElevationFromOSM="true"><ele>14.1</ele></trkpt>
<trkpt lat="35.231156" lon="129.124275" sectionIndex="0" pointIndex="627" originalElevation="9.5" isOriginalElevationFromOSM="false"><ele>13.3</ele></trkpt>
<trkpt lat="35.231150" lon="129.124320" sectionIndex="0" pointIndex="628" originalElevation="11.0" isOriginalElevationFromOSM="false"><ele>12.5</ele></trkpt>
<trkpt lat="35.231131" lon="129.124370" sectionIndex="0" pointIndex="629" originalElevation="11.0" isOriginalElevationFromOSM="false"><ele>11.8</ele></trkpt>
<trkpt lat="35.231122" lon="129.124394" sectionIndex="0" pointIndex="630" originalElevation="11.0" isOriginalElevationFromOSM="false"><ele>11.2</ele></trkpt>
<trkpt lat="35.231123" lon="129.124394" sectionIndex="0" pointIndex="631" originalElevation="11.0" isOriginalElevationFromOSM="false"><ele>10.8</ele></trkpt>
<trkpt lat="35.231167" lon="129.124393" sectionIndex="0" pointIndex="632" originalElevation="11.0" isOriginalElevationFromOSM="false"><ele>10.8</ele></trkpt>
<trkpt lat="35.231212" lon="129.124393" sectionIndex="0" pointIndex="633" originalElevation="11.0" isOriginalElevationFromOSM="false"><ele>10.8</ele></trkpt>
<trkpt lat="35.231256" lon="129.124392" sectionIndex="0" pointIndex="634" originalElevation="11.0" isOriginalElevationFromOSM="false"><ele>10.9</ele></trkpt>
<trkpt lat="35.231301" lon="129.124391" sectionIndex="0" pointIndex="635" originalElevation="11.0" isOriginalElevationFromOSM="false"><ele>11.0</ele></trkpt>
<trkpt lat="35.231346" lon="129.124390" sectionIndex="0" pointIndex="636" originalElevation="11.0" isOriginalElevationFromOSM="false"><ele>11.0</ele></trkpt>
<trkpt lat="35.231391" lon="129.124389" sectionIndex="0" pointIndex="637" originalElevation="11.0" isOriginalElevationFromOSM="false"><ele>11.0</ele></trkpt>
<trkpt lat="35.231436" lon="129.124388" sectionIndex="0" pointIndex="638" originalElevation="11.0" isOriginalElevationFromOSM="false"><ele>11.0</ele></trkpt>
<trkpt lat="35.231481" lon="129.124387" sectionIndex="0" pointIndex="639" originalElevation="11.0" isOriginalElevationFromOSM="false"><ele>11.0</ele></trkpt>
<trkpt lat="35.231526" lon="129.124383" sectionIndex="0" pointIndex="640" originalElevation="11.0" isOriginalElevationFromOSM="false"><ele>11.0</ele></trkpt>
<trkpt lat="35.231571" lon="129.124383" sectionIndex="0" pointIndex="641" originalElevation="11.0" isOriginalElevationFromOSM="false"><ele>11.0</ele></trkpt>
<trkpt lat="35.231616" lon="129.124383" sectionIndex="0" pointIndex="642" originalElevation="11.0" isOriginalElevationFromOSM="false"><ele>11.0</ele></trkpt>
<trkpt lat="35.231661" lon="129.124383" sectionIndex="0" pointIndex="643" originalElevation="11.0" isOriginalElevationFromOSM="false"><ele>11.0</ele></trkpt>
<trkpt lat="35.231706" lon="129.124383" sectionIndex="0" pointIndex="644" originalElevation="11.0" isOriginalElevationFromOSM="false"><ele>11.0</ele></trkpt>
<trkpt lat="35.231751" lon="129.124382" sectionIndex="0" pointIndex="645" originalElevation="11.0" isOriginalElevationFromOSM="false"><ele>11.0</ele></trkpt>
<trkpt lat="35.231795" lon="129.124381" sectionIndex="0" pointIndex="646" originalElevation="11.0" isOriginalElevationFromOSM="false"><ele>11.0</ele></trkpt>
<trkpt lat="35.231840" lon="129.124380" sectionIndex="0" pointIndex="647" originalElevation="11.0" isOriginalElevationFromOSM="false"><ele>11.0</ele></trkpt>
<trkpt lat="35.231885" lon="129.124379" sectionIndex="0" pointIndex="648" originalElevation="11.0" isOriginalElevationFromOSM="false"><ele>11.0</ele></trkpt>
<trkpt lat="35.231930" lon="129.124379" sectionIndex="0" pointIndex="649" originalElevation="11.0" isOriginalElevationFromOSM="false"><ele>11.0</ele></trkpt>
<trkpt lat="35.231946" lon="129.124378" sectionIndex="0" pointIndex="650" originalElevation="11.0" isOriginalElevationFromOSM="false"><ele>11.0</ele></trkpt>
<trkpt lat="35.231915" lon="129.124417" sectionIndex="0" pointIndex="651" originalElevation="11.0" isOriginalElevationFromOSM="false"><ele>11.0</ele></trkpt>
<trkpt lat="35.231885" lon="129.124459" sectionIndex="0" pointIndex="652" originalElevation="11.0" isOriginalElevationFromOSM="false"><ele>11.0</ele></trkpt>
<trkpt lat="35.231854" lon="129.124500" sectionIndex="0" pointIndex="653" originalElevation="11.0" isOriginalElevationFromOSM="false"><ele>11.0</ele></trkpt>
<trkpt lat="35.231824" lon="129.124540" sectionIndex="0" pointIndex="654" originalElevation="11.0" isOriginalElevationFromOSM="false"><ele>11.0</ele></trkpt>
<trkpt lat="35.231794" lon="129.124581" sectionIndex="0" pointIndex="655" originalElevation="11.0" isOriginalElevationFromOSM="false"><ele>11.0</ele></trkpt>
<trkpt lat="35.231763" lon="129.124620" sectionIndex="0" pointIndex="656" originalElevation="11.0" isOriginalElevationFromOSM="false"><ele>11.0</ele></trkpt>
<trkpt lat="35.231733" lon="129.124662" sectionIndex="0" pointIndex="657" originalElevation="11.0" isOriginalElevationFromOSM="false"><ele>11.0</ele></trkpt>
<trkpt lat="35.231702" lon="129.124702" sectionIndex="0" pointIndex="658" originalElevation="11.0" isOriginalElevationFromOSM="false"><ele>11.0</ele></trkpt>
<trkpt lat="35.231672" lon="129.124742" sectionIndex="0" pointIndex="659" originalElevation="11.0" isOriginalElevationFromOSM="false"><ele>10.9</ele></trkpt>
<trkpt lat="35.231641" lon="129.124783" sectionIndex="0" pointIndex="660" originalElevation="11.0" isOriginalElevationFromOSM="false"><ele>10.7</ele></trkpt>
<trkpt lat="35.231611" lon="129.124822" sectionIndex="0" pointIndex="661" originalElevation="11.0" isOriginalElevationFromOSM="false"><ele>10.6</ele></trkpt>
<trkpt lat="35.231581" lon="129.124864" sectionIndex="0" pointIndex="662" originalElevation="11.0" isOriginalElevationFromOSM="false"><ele>10.5</ele></trkpt>
<trkpt lat="35.231550" lon="129.124901" sectionIndex="0" pointIndex="663" originalElevation="11.0" isOriginalElevationFromOSM="false"><ele>10.3</ele></trkpt>
<trkpt lat="35.231520" lon="129.124945" sectionIndex="0" pointIndex="664" originalElevation="11.0" isOriginalElevationFromOSM="false"><ele>10.2</ele></trkpt>
<trkpt lat="35.231489" lon="129.124985" sectionIndex="0" pointIndex="665" originalElevation="11.0" isOriginalElevationFromOSM="false"><ele>10.1</ele></trkpt>
<trkpt lat="35.231459" lon="129.125025" sectionIndex="0" pointIndex="666" originalElevation="9.0" isOriginalElevationFromOSM="false"><ele>9.9</ele></trkpt>
<trkpt lat="35.231429" lon="129.125066" sectionIndex="0" pointIndex="667" originalElevation="9.0" isOriginalElevationFromOSM="false"><ele>9.8</ele></trkpt>
<trkpt lat="35.231398" lon="129.125107" sectionIndex="0" pointIndex="668" originalElevation="9.0" isOriginalElevationFromOSM="false"><ele>9.7</ele></trkpt>
<trkpt lat="35.231368" lon="129.125147" sectionIndex="0" pointIndex="669" originalElevation="9.0" isOriginalElevationFromOSM="false"><ele>9.5</ele></trkpt>
<trkpt lat="35.231337" lon="129.125188" sectionIndex="0" pointIndex="670" originalElevation="9.0" isOriginalElevationFromOSM="false"><ele>9.4</ele></trkpt>
<trkpt lat="35.231307" lon="129.125228" sectionIndex="0" pointIndex="671" originalElevation="9.0" isOriginalElevationFromOSM="false"><ele>9.3</ele></trkpt>
<trkpt lat="35.231277" lon="129.125269" sectionIndex="0" pointIndex="672" originalElevation="9.0" isOriginalElevationFromOSM="false"><ele>9.1</ele></trkpt>
<trkpt lat="35.231246" lon="129.125306" sectionIndex="0" pointIndex="673" originalElevation="9.0" isOriginalElevationFromOSM="false"><ele>9.0</ele></trkpt>
<trkpt lat="35.231216" lon="129.125350" sectionIndex="0" pointIndex="674" originalElevation="9.0" isOriginalElevationFromOSM="false"><ele>9.0</ele></trkpt>
<trkpt lat="35.231185" lon="129.125390" sectionIndex="0" pointIndex="675" originalElevation="9.0" isOriginalElevationFromOSM="false"><ele>9.0</ele></trkpt>
<trkpt lat="35.231155" lon="129.125430" sectionIndex="0" pointIndex="676" originalElevation="9.0" isOriginalElevationFromOSM="false"><ele>9.0</ele></trkpt>
<trkpt lat="35.231125" lon="129.125471" sectionIndex="0" pointIndex="677" originalElevation="9.0" isOriginalElevationFromOSM="false"><ele>9.1</ele></trkpt>
<trkpt lat="35.231094" lon="129.125509" sectionIndex="0" pointIndex="678" originalElevation="9.0" isOriginalElevationFromOSM="false"><ele>9.2</ele></trkpt>
<trkpt lat="35.231064" lon="129.125552" sectionIndex="0" pointIndex="679" originalElevation="9.0" isOriginalElevationFromOSM="false"><ele>9.3</ele></trkpt>
<trkpt lat="35.231033" lon="129.125592" sectionIndex="0" pointIndex="680" originalElevation="9.0" isOriginalElevationFromOSM="false"><ele>9.6</ele></trkpt>
<trkpt lat="35.231003" lon="129.125633" sectionIndex="0" pointIndex="681" originalElevation="9.0" isOriginalElevationFromOSM="false"><ele>9.9</ele></trkpt>
<trkpt lat="35.230990" lon="129.125660" sectionIndex="0" pointIndex="682" originalElevation="9.0" isOriginalElevationFromOSM="true"><ele>10.4</ele></trkpt>
<trkpt lat="35.230970" lon="129.125678" sectionIndex="0" pointIndex="683" originalElevation="9.0" isOriginalElevationFromOSM="true"><ele>11.8</ele></trkpt>
<trkpt lat="35.231410" lon="129.126488" sectionIndex="0" pointIndex="684" originalElevation="10.0" isOriginalElevationFromOSM="true"><ele>14.4</ele></trkpt>
<trkpt lat="35.231620" lon="129.126747" sectionIndex="0" pointIndex="685" originalElevation="10.3" isOriginalElevationFromOSM="true"><ele>17.6</ele></trkpt>
<trkpt lat="35.231690" lon="129.126820" sectionIndex="0" pointIndex="686" originalElevation="11.4" isOriginalElevationFromOSM="true"><ele>20.9</ele></trkpt>
<trkpt lat="35.231900" lon="129.127029" sectionIndex="0" pointIndex="687" originalElevation="12.5" isOriginalElevationFromOSM="true"><ele>24.6</ele></trkpt>
<trkpt lat="35.232150" lon="129.127220" sectionIndex="0" pointIndex="688" originalElevation="14.3" isOriginalElevationFromOSM="true"><ele>28.1</ele></trkpt>
<trkpt lat="35.232390" lon="129.127310" sectionIndex="0" pointIndex="689" originalElevation="15.8" isOriginalElevationFromOSM="true"><ele>31.5</ele></trkpt>
<trkpt lat="35.233980" lon="129.127730" sectionIndex="0" pointIndex="690" originalElevation="31.4" isOriginalElevationFromOSM="true"><ele>35.0</ele></trkpt>
<trkpt lat="35.234450" lon="129.127860" sectionIndex="0" pointIndex="691" originalElevation="46.9" isOriginalElevationFromOSM="true"><ele>39.0</ele></trkpt>
<trkpt lat="35.235340" lon="129.128650" sectionIndex="0" pointIndex="692" originalElevation="57.2" isOriginalElevationFromOSM="true"><ele>42.5</ele></trkpt>
<trkpt lat="35.235490" lon="129.128750" sectionIndex="0" pointIndex="693" originalElevation="59.2" isOriginalElevationFromOSM="true"><ele>46.1</ele></trkpt>
<trkpt lat="35.235980" lon="129.128840" sectionIndex="0" pointIndex="694" originalElevation="63.8" isOriginalElevationFromOSM="true"><ele>49.6</ele></trkpt>
<trkpt lat="35.236060" lon="129.128890" sectionIndex="0" pointIndex="695" originalElevation="61.7" isOriginalElevationFromOSM="true"><ele>53.0</ele></trkpt>
<trkpt lat="35.236230" lon="129.129030" sectionIndex="0" pointIndex="696" originalElevation="59.6" isOriginalElevationFromOSM="true"><ele>56.3</ele></trkpt>
<trkpt lat="35.236500" lon="129.129430" sectionIndex="0" pointIndex="697" originalElevation="61.8" isOriginalElevationFromOSM="true"><ele>59.5</ele></trkpt>
<trkpt lat="35.236950" lon="129.130230" sectionIndex="0" pointIndex="698" originalElevation="68.4" isOriginalElevationFromOSM="true"><ele>61.6</ele></trkpt>
<trkpt lat="35.237740" lon="129.131180" sectionIndex="0" pointIndex="699" originalElevation="63.5" isOriginalElevationFromOSM="true"><ele>63.6</ele></trkpt>
<trkpt lat="35.237860" lon="129.131290" sectionIndex="0" pointIndex="700" originalElevation="64.1" isOriginalElevationFromOSM="true"><ele>65.0</ele></trkpt>
<trkpt lat="35.238360" lon="129.131890" sectionIndex="0" pointIndex="701" originalElevation="63.9" isOriginalElevationFromOSM="true"><ele>66.3</ele></trkpt>
<trkpt lat="35.238470" lon="129.132020" sectionIndex="0" pointIndex="702" originalElevation="64.0" isOriginalElevationFromOSM="true"><ele>67.0</ele></trkpt>
<trkpt lat="35.238710" lon="129.132350" sectionIndex="0" pointIndex="703" originalElevation="63.9" isOriginalElevationFromOSM="true"><ele>67.9</ele></trkpt>
<trkpt lat="35.238840" lon="129.132470" sectionIndex="0" pointIndex="704" originalElevation="63.0" isOriginalElevationFromOSM="true"><ele>69.0</ele></trkpt>
<trkpt lat="35.238980" lon="129.132550" sectionIndex="0" pointIndex="705" originalElevation="63.9" isOriginalElevationFromOSM="true"><ele>70.2</ele></trkpt>
<trkpt lat="35.240020" lon="129.132740" sectionIndex="0" pointIndex="706" originalElevation="76.8" isOriginalElevationFromOSM="true"><ele>71.2</ele></trkpt>
<trkpt lat="35.240250" lon="129.132880" sectionIndex="0" pointIndex="707" originalElevation="77.9" isOriginalElevationFromOSM="true"><ele>72.7</ele></trkpt>
<trkpt lat="35.240400" lon="129.132970" sectionIndex="0" pointIndex="708" originalElevation="78.9" isOriginalElevationFromOSM="true"><ele>74.3</ele></trkpt>
<trkpt lat="35.240900" lon="129.133500" sectionIndex="0" pointIndex="709" originalElevation="74.5" isOriginalElevationFromOSM="true"><ele>76.1</ele></trkpt>
<trkpt lat="35.240900" lon="129.133498" sectionIndex="0" pointIndex="710" originalElevation="74.5" isOriginalElevationFromOSM="false"><ele>78.9</ele></trkpt>
<trkpt lat="35.240910" lon="129.133288" sectionIndex="0" pointIndex="711" originalElevation="76.2" isOriginalElevationFromOSM="true"><ele>81.7</ele></trkpt>
<trkpt lat="35.240880" lon="129.133100" sectionIndex="0" pointIndex="712" originalElevation="80.2" isOriginalElevationFromOSM="true"><ele>84.6</ele></trkpt>
<trkpt lat="35.240830" lon="129.132970" sectionIndex="0" pointIndex="713" originalElevation="82.8" isOriginalElevationFromOSM="true"><ele>87.3</ele></trkpt>
<trkpt lat="35.240750" lon="129.132790" sectionIndex="0" pointIndex="714" originalElevation="85.5" isOriginalElevationFromOSM="true"><ele>89.0</ele></trkpt>
<trkpt lat="35.240640" lon="129.132590" sectionIndex="0" pointIndex="715" originalElevation="88.3" isOriginalElevationFromOSM="true"><ele>90.6</ele></trkpt>
<trkpt lat="35.240430" lon="129.132350" sectionIndex="0" pointIndex="716" originalElevation="91.8" isOriginalElevationFromOSM="true"><ele>92.2</ele></trkpt>
<trkpt lat="35.240370" lon="129.131980" sectionIndex="0" pointIndex="717" originalElevation="105.0" isOriginalElevationFromOSM="true"><ele>94.3</ele></trkpt>
<trkpt lat="35.240280" lon="129.131880" sectionIndex="0" pointIndex="718" originalElevation="106.4" isOriginalElevationFromOSM="true"><ele>96.8</ele></trkpt>
<trkpt lat="35.240200" lon="129.131830" sectionIndex="0" pointIndex="719" originalElevation="106.4" isOriginalElevationFromOSM="true"><ele>99.5</ele></trkpt>
<trkpt lat="35.240070" lon="129.131790" sectionIndex="0" pointIndex="720" originalElevation="104.3" isOriginalElevationFromOSM="true"><ele>102.3</ele></trkpt>
<trkpt lat="35.239820" lon="129.131678" sectionIndex="0" pointIndex="721" originalElevation="102.3" isOriginalElevationFromOSM="true"><ele>105.2</ele></trkpt>
<trkpt lat="35.239640" lon="129.131560" sectionIndex="0" pointIndex="722" originalElevation="102.0" isOriginalElevationFromOSM="true"><ele>108.1</ele></trkpt>
<trkpt lat="35.239570" lon="129.131480" sectionIndex="0" pointIndex="723" originalElevation="102.8" isOriginalElevationFromOSM="true"><ele>110.4</ele></trkpt>
<trkpt lat="35.239540" lon="129.131340" sectionIndex="0" pointIndex="724" originalElevation="106.2" isOriginalElevationFromOSM="true"><ele>112.8</ele></trkpt>
<trkpt lat="35.239580" lon="129.131170" sectionIndex="0" pointIndex="725" originalElevation="112.3" isOriginalElevationFromOSM="true"><ele>114.2</ele></trkpt>
<trkpt lat="35.239640" lon="129.131040" sectionIndex="0" pointIndex="726" originalElevation="117.0" isOriginalElevationFromOSM="true"><ele>115.7</ele></trkpt>
<trkpt lat="35.239690" lon="129.130958" sectionIndex="0" pointIndex="727" originalElevation="121.7" isOriginalElevationFromOSM="true"><ele>117.8</ele></trkpt>
<trkpt lat="35.239710" lon="129.130810" sectionIndex="0" pointIndex="728" originalElevation="126.8" isOriginalElevationFromOSM="true"><ele>120.6</ele></trkpt>
<trkpt lat="35.239640" lon="129.130650" sectionIndex="0" pointIndex="729" originalElevation="128.0" isOriginalElevationFromOSM="true"><ele>123.6</ele></trkpt>
<trkpt lat="35.239360" lon="129.130390" sectionIndex="0" pointIndex="730" originalElevation="123.3" isOriginalElevationFromOSM="true"><ele>126.6</ele></trkpt>
<trkpt lat="35.239330" lon="129.130040" sectionIndex="0" pointIndex="731" originalElevation="127.6" isOriginalElevationFromOSM="true"><ele>129.2</ele></trkpt>
<trkpt lat="35.239250" lon="129.129750" sectionIndex="0" pointIndex="732" originalElevation="125.7" isOriginalElevationFromOSM="true"><ele>131.2</ele></trkpt>
<trkpt lat="35.239290" lon="129.129420" sectionIndex="0" pointIndex="733" originalElevation="129.1" isOriginalElevationFromOSM="true"><ele>132.5</ele></trkpt>
<trkpt lat="35.239440" lon="129.129150" sectionIndex="0" pointIndex="734" originalElevation="138.6" isOriginalElevationFromOSM="true"><ele>133.1</ele></trkpt>
<trkpt lat="35.239480" lon="129.128988" sectionIndex="0" pointIndex="735" originalElevation="145.6" isOriginalElevationFromOSM="true"><ele>133.5</ele></trkpt>
<trkpt lat="35.239450" lon="129.128850" sectionIndex="0" pointIndex="736" originalElevation="147.8" isOriginalElevationFromOSM="true"><ele>133.6</ele></trkpt>
<trkpt lat="35.239230" lon="129.128520" sectionIndex="0" pointIndex="737" originalElevation="146.2" isOriginalElevationFromOSM="true"><ele>134.3</ele></trkpt>
<trkpt lat="35.239040" lon="129.128380" sectionIndex="0" pointIndex="738" originalElevation="141.6" isOriginalElevationFromOSM="true"><ele>135.6</ele></trkpt>
<trkpt lat="35.238930" lon="129.128230" sectionIndex="0" pointIndex="739" originalElevation="136.7" isOriginalElevationFromOSM="true"><ele>136.5</ele></trkpt>
<trkpt lat="35.238800" lon="129.127790" sectionIndex="0" pointIndex="740" originalElevation="131.7" isOriginalElevationFromOSM="true"><ele>137.1</ele></trkpt>
<trkpt lat="35.238760" lon="129.127659" sectionIndex="0" pointIndex="741" originalElevation="126.7" isOriginalElevationFromOSM="true"><ele>137.4</ele></trkpt>
<trkpt lat="35.238760" lon="129.127610" sectionIndex="0" pointIndex="742" originalElevation="126.6" isOriginalElevationFromOSM="true"><ele>137.1</ele></trkpt>
<trkpt lat="35.238800" lon="129.127540" sectionIndex="0" pointIndex="743" originalElevation="128.2" isOriginalElevationFromOSM="true"><ele>136.3</ele></trkpt>
<trkpt lat="35.239200" lon="129.127340" sectionIndex="0" pointIndex="744" originalElevation="139.9" isOriginalElevationFromOSM="true"><ele>135.0</ele></trkpt>
<trkpt lat="35.239320" lon="129.127230" sectionIndex="0" pointIndex="745" originalElevation="142.4" isOriginalElevationFromOSM="true"><ele>133.4</ele></trkpt>
<trkpt lat="35.239350" lon="129.127108" sectionIndex="0" pointIndex="746" originalElevation="140.6" isOriginalElevationFromOSM="true"><ele>131.5</ele></trkpt>
<trkpt lat="35.239360" lon="129.126920" sectionIndex="0" pointIndex="747" originalElevation="135.2" isOriginalElevationFromOSM="true"><ele>129.7</ele></trkpt>
<trkpt lat="35.239470" lon="129.126669" sectionIndex="0" pointIndex="748" originalElevation="133.7" isOriginalElevationFromOSM="true"><ele>128.1</ele></trkpt>
<trkpt lat="35.239480" lon="129.126550" sectionIndex="0" pointIndex="749" originalElevation="134.2" isOriginalElevationFromOSM="true"><ele>126.8</ele></trkpt>
<trkpt lat="35.239460" lon="129.126297" sectionIndex="0" pointIndex="750" originalElevation="133.4" isOriginalElevationFromOSM="true"><ele>125.6</ele></trkpt>
<trkpt lat="35.239360" lon="129.125990" sectionIndex="0" pointIndex="751" originalElevation="128.0" isOriginalElevationFromOSM="true"><ele>124.8</ele></trkpt>
<trkpt lat="35.239260" lon="129.125850" sectionIndex="0" pointIndex="752" originalElevation="122.6" isOriginalElevationFromOSM="true"><ele>123.0</ele></trkpt>
<trkpt lat="35.239120" lon="129.125720" sectionIndex="0" pointIndex="753" originalElevation="113.3" isOriginalElevationFromOSM="true"><ele>121.1</ele></trkpt>
<trkpt lat="35.239070" lon="129.125640" sectionIndex="0" pointIndex="754" originalElevation="109.3" isOriginalElevationFromOSM="true"><ele>119.0</ele></trkpt>
<trkpt lat="35.239060" lon="129.125520" sectionIndex="0" pointIndex="755" originalElevation="107.4" isOriginalElevationFromOSM="true"><ele>117.2</ele></trkpt>
<trkpt lat="35.239090" lon="129.125430" sectionIndex="0" pointIndex="756" originalElevation="107.2" isOriginalElevationFromOSM="true"><ele>115.7</ele></trkpt>
<trkpt lat="35.239190" lon="129.125210" sectionIndex="0" pointIndex="757" originalElevation="109.2" isOriginalElevationFromOSM="true"><ele>114.1</ele></trkpt>
<trkpt lat="35.239430" lon="129.124850" sectionIndex="0" pointIndex="758" originalElevation="115.0" isOriginalElevationFromOSM="true"><ele>113.0</ele></trkpt>
<trkpt lat="35.239570" lon="129.124560" sectionIndex="0" pointIndex="759" originalElevation="113.0" isOriginalElevationFromOSM="true"><ele>112.3</ele></trkpt>
<trkpt lat="35.239770" lon="129.124300" sectionIndex="0" pointIndex="760" originalElevation="113.9" isOriginalElevationFromOSM="true"><ele>112.0</ele></trkpt>
<trkpt lat="35.239810" lon="129.124100" sectionIndex="0" pointIndex="761" originalElevation="109.3" isOriginalElevationFromOSM="true"><ele>111.8</ele></trkpt>
<trkpt lat="35.239840" lon="129.124040" sectionIndex="0" pointIndex="762" originalElevation="108.8" isOriginalElevationFromOSM="true"><ele>111.1</ele></trkpt>
<trkpt lat="35.240050" lon="129.123830" sectionIndex="0" pointIndex="763" originalElevation="111.0" isOriginalElevationFromOSM="true"><ele>110.0</ele></trkpt>
<trkpt lat="35.240150" lon="129.123660" sectionIndex="0" pointIndex="764" originalElevation="109.8" isOriginalElevationFromOSM="true"><ele>108.8</ele></trkpt>
<trkpt lat="35.240460" lon="129.123490" sectionIndex="0" pointIndex="765" originalElevation="117.4" isOriginalElevationFromOSM="true"><ele>107.5</ele></trkpt>
<trkpt lat="35.240490" lon="129.123449" sectionIndex="0" pointIndex="766" originalElevation="117.8" isOriginalElevationFromOSM="true"><ele>105.6</ele></trkpt>
<trkpt lat="35.240530" lon="129.123370" sectionIndex="0" pointIndex="767" originalElevation="117.1" isOriginalElevationFromOSM="true"><ele>103.9</ele></trkpt>
<trkpt lat="35.240490" lon="129.122987" sectionIndex="0" pointIndex="768" originalElevation="110.7" isOriginalElevationFromOSM="true"><ele>102.0</ele></trkpt>
<trkpt lat="35.240340" lon="129.122390" sectionIndex="0" pointIndex="769" originalElevation="98.3" isOriginalElevationFromOSM="true"><ele>100.5</ele></trkpt>
<trkpt lat="35.240160" lon="129.122230" sectionIndex="0" pointIndex="770" originalElevation="91.4" isOriginalElevationFromOSM="true"><ele>99.4</ele></trkpt>
<trkpt lat="35.240120" lon="129.122177" sectionIndex="0" pointIndex="771" originalElevation="89.9" isOriginalElevationFromOSM="true"><ele>98.0</ele></trkpt>
<trkpt lat="35.240100" lon="129.122087" sectionIndex="0" pointIndex="772" originalElevation="88.4" isOriginalElevationFromOSM="true"><ele>96.1</ele></trkpt>
<trkpt lat="35.240100" lon="129.122019" sectionIndex="0" pointIndex="773" originalElevation="87.4" isOriginalElevationFromOSM="true"><ele>93.7</ele></trkpt>
<trkpt lat="35.240160" lon="129.121940" sectionIndex="0" pointIndex="774" originalElevation="86.6" isOriginalElevationFromOSM="true"><ele>91.3</ele></trkpt>
<trkpt lat="35.240230" lon="129.121910" sectionIndex="0" pointIndex="775" originalElevation="86.3" isOriginalElevationFromOSM="true"><ele>89.2</ele></trkpt>
<trkpt lat="35.240580" lon="129.121890" sectionIndex="0" pointIndex="776" originalElevation="86.7" isOriginalElevationFromOSM="true"><ele>87.1</ele></trkpt>
<trkpt lat="35.240780" lon="129.121970" sectionIndex="0" pointIndex="777" originalElevation="91.4" isOriginalElevationFromOSM="true"><ele>85.7</ele></trkpt>
<trkpt lat="35.240920" lon="129.121990" sectionIndex="0" pointIndex="778" originalElevation="90.4" isOriginalElevationFromOSM="true"><ele>84.5</ele></trkpt>
<trkpt lat="35.241170" lon="129.121940" sectionIndex="0" pointIndex="779" originalElevation="82.2" isOriginalElevationFromOSM="true"><ele>82.3</ele></trkpt>
<trkpt lat="35.241220" lon="129.121950" sectionIndex="0" pointIndex="780" originalElevation="81.2" isOriginalElevationFromOSM="true"><ele>80.1</ele></trkpt>
<trkpt lat="35.241370" lon="129.122050" sectionIndex="0" pointIndex="781" originalElevation="81.6" isOriginalElevationFromOSM="true"><ele>78.0</ele></trkpt>
<trkpt lat="35.241670" lon="129.122320" sectionIndex="0" pointIndex="782" originalElevation="84.9" isOriginalElevationFromOSM="true"><ele>76.1</ele></trkpt>
<trkpt lat="35.241820" lon="129.122350" sectionIndex="0" pointIndex="783" originalElevation="79.7" isOriginalElevationFromOSM="true"><ele>74.2</ele></trkpt>
<trkpt lat="35.241940" lon="129.122410" sectionIndex="0" pointIndex="784" originalElevation="76.8" isOriginalElevationFromOSM="true"><ele>72.0</ele></trkpt>
<trkpt lat="35.242200" lon="129.122728" sectionIndex="0" pointIndex="785" originalElevation="74.1" isOriginalElevationFromOSM="true"><ele>69.3</ele></trkpt>
<trkpt lat="35.242860" lon="129.123130" sectionIndex="0" pointIndex="786" originalElevation="56.7" isOriginalElevationFromOSM="true"><ele>66.8</ele></trkpt>
<trkpt lat="35.242930" lon="129.123190" sectionIndex="0" pointIndex="787" originalElevation="55.4" isOriginalElevationFromOSM="true"><ele>64.8</ele></trkpt>
<trkpt lat="35.242970" lon="129.123310" sectionIndex="0" pointIndex="788" originalElevation="55.8" isOriginalElevationFromOSM="true"><ele>63.8</ele></trkpt>
<trkpt lat="35.242970" lon="129.123480" sectionIndex="0" pointIndex="789" originalElevation="58.4" isOriginalElevationFromOSM="true"><ele>62.8</ele></trkpt>
<trkpt lat="35.243010" lon="129.123580" sectionIndex="0" pointIndex="790" originalElevation="58.4" isOriginalElevationFromOSM="true"><ele>61.5</ele></trkpt>
<trkpt lat="35.243210" lon="129.123700" sectionIndex="0" pointIndex="791" originalElevation="52.6" isOriginalElevationFromOSM="true"><ele>60.1</ele></trkpt>
<trkpt lat="35.243240" lon="129.123750" sectionIndex="0" pointIndex="792" originalElevation="52.1" isOriginalElevationFromOSM="true"><ele>58.7</ele></trkpt>
<trkpt lat="35.243270" lon="129.123820" sectionIndex="0" pointIndex="793" originalElevation="51.6" isOriginalElevationFromOSM="true"><ele>57.4</ele></trkpt>
<trkpt lat="35.243270" lon="129.123899" sectionIndex="0" pointIndex="794" originalElevation="52.7" isOriginalElevationFromOSM="true"><ele>57.1</ele></trkpt>
<trkpt lat="35.243100" lon="129.124320" sectionIndex="0" pointIndex="795" originalElevation="66.7" isOriginalElevationFromOSM="true"><ele>57.3</ele></trkpt>
<trkpt lat="35.243150" lon="129.124410" sectionIndex="0" pointIndex="796" originalElevation="66.6" isOriginalElevationFromOSM="true"><ele>57.5</ele></trkpt>
<trkpt lat="35.243230" lon="129.124428" sectionIndex="0" pointIndex="797" originalElevation="64.1" isOriginalElevationFromOSM="true"><ele>57.6</ele></trkpt>
<trkpt lat="35.243390" lon="129.124410" sectionIndex="0" pointIndex="798" originalElevation="59.0" isOriginalElevationFromOSM="true"><ele>57.7</ele></trkpt>
<trkpt lat="35.243570" lon="129.124450" sectionIndex="0" pointIndex="799" originalElevation="56.5" isOriginalElevationFromOSM="true"><ele>58.1</ele></trkpt>
<trkpt lat="35.243880" lon="129.124580" sectionIndex="0" pointIndex="800" originalElevation="53.7" isOriginalElevationFromOSM="true"><ele>58.5</ele></trkpt>
<trkpt lat="35.244000" lon="129.124670" sectionIndex="0" pointIndex="801" originalElevation="53.6" isOriginalElevationFromOSM="true"><ele>59.0</ele></trkpt>
<trkpt lat="35.244480" lon="129.125210" sectionIndex="0" pointIndex="802" originalElevation="58.0" isOriginalElevationFromOSM="true"><ele>59.6</ele></trkpt>
<trkpt lat="35.244520" lon="129.125260" sectionIndex="0" pointIndex="803" originalElevation="58.7" isOriginalElevationFromOSM="true"><ele>59.1</ele></trkpt>
<trkpt lat="35.244600" lon="129.125400" sectionIndex="0" pointIndex="804" originalElevation="59.3" isOriginalElevationFromOSM="true"><ele>58.7</ele></trkpt>
<trkpt lat="35.244660" lon="129.125540" sectionIndex="0" pointIndex="805" originalElevation="60.3" isOriginalElevationFromOSM="true"><ele>58.4</ele></trkpt>
<trkpt lat="35.244790" lon="129.125760" sectionIndex="0" pointIndex="806" originalElevation="59.6" isOriginalElevationFromOSM="true"><ele>58.5</ele></trkpt>
<trkpt lat="35.245120" lon="129.126010" sectionIndex="0" pointIndex="807" originalElevation="56.6" isOriginalElevationFromOSM="true"><ele>58.5</ele></trkpt>
<trkpt lat="35.245260" lon="129.126218" sectionIndex="0" pointIndex="808" originalElevation="60.5" isOriginalElevationFromOSM="true"><ele>58.4</ele></trkpt>
<trkpt lat="35.245510" lon="129.126290" sectionIndex="0" pointIndex="809" originalElevation="60.6" isOriginalElevationFromOSM="true"><ele>58.2</ele></trkpt>
<trkpt lat="35.245690" lon="129.126380" sectionIndex="0" pointIndex="810" originalElevation="60.2" isOriginalElevationFromOSM="true"><ele>57.7</ele></trkpt>
<trkpt lat="35.245790" lon="129.126370" sectionIndex="0" pointIndex="811" originalElevation="59.6" isOriginalElevationFromOSM="true"><ele>56.9</ele></trkpt>
<trkpt lat="35.245850" lon="129.126280" sectionIndex="0" pointIndex="812" originalElevation="59.8" isOriginalElevationFromOSM="true"><ele>56.3</ele></trkpt>
<trkpt lat="35.245850" lon="129.126150" sectionIndex="0" pointIndex="813" originalElevation="60.0" isOriginalElevationFromOSM="true"><ele>56.1</ele></trkpt>
<trkpt lat="35.245580" lon="129.125740" sectionIndex="0" pointIndex="814" originalElevation="57.1" isOriginalElevationFromOSM="true"><ele>56.0</ele></trkpt>
<trkpt lat="35.245400" lon="129.125380" sectionIndex="0" pointIndex="815" originalElevation="52.6" isOriginalElevationFromOSM="true"><ele>56.1</ele></trkpt>
<trkpt lat="35.245400" lon="129.125149" sectionIndex="0" pointIndex="816" originalElevation="50.9" isOriginalElevationFromOSM="true"><ele>56.3</ele></trkpt>
<trkpt lat="35.245380" lon="129.124990" sectionIndex="0" pointIndex="817" originalElevation="49.3" isOriginalElevationFromOSM="true"><ele>56.6</ele></trkpt>
<trkpt lat="35.245410" lon="129.124850" sectionIndex="0" pointIndex="818" originalElevation="47.7" isOriginalElevationFromOSM="true"><ele>57.1</ele></trkpt>
<trkpt lat="35.245570" lon="129.124830" sectionIndex="0" pointIndex="819" originalElevation="49.3" isOriginalElevationFromOSM="true"><ele>57.8</ele></trkpt>
<trkpt lat="35.246040" lon="129.125220" sectionIndex="0" pointIndex="820" originalElevation="57.1" isOriginalElevationFromOSM="true"><ele>58.5</ele></trkpt>
<trkpt lat="35.246160" lon="129.125270" sectionIndex="0" pointIndex="821" originalElevation="58.0" isOriginalElevationFromOSM="true"><ele>59.1</ele></trkpt>
<trkpt lat="35.246320" lon="129.125310" sectionIndex="0" pointIndex="822" originalElevation="59.1" isOriginalElevationFromOSM="true"><ele>60.0</ele></trkpt>
<trkpt lat="35.246540" lon="129.125430" sectionIndex="0" pointIndex="823" originalElevation="62.8" isOriginalElevationFromOSM="true"><ele>61.5</ele></trkpt>
<trkpt lat="35.246580" lon="129.125530" sectionIndex="0" pointIndex="824" originalElevation="65.2" isOriginalElevationFromOSM="true"><ele>63.0</ele></trkpt>
<trkpt lat="35.246610" lon="129.125588" sectionIndex="0" pointIndex="825" originalElevation="67.5" isOriginalElevationFromOSM="true"><ele>64.6</ele></trkpt>
<trkpt lat="35.246750" lon="129.125678" sectionIndex="0" pointIndex="826" originalElevation="70.3" isOriginalElevationFromOSM="true"><ele>66.8</ele></trkpt>
<trkpt lat="35.246860" lon="129.125700" sectionIndex="0" pointIndex="827" originalElevation="70.6" isOriginalElevationFromOSM="true"><ele>69.1</ele></trkpt>
<trkpt lat="35.247020" lon="129.125678" sectionIndex="0" pointIndex="828" originalElevation="69.5" isOriginalElevationFromOSM="true"><ele>71.0</ele></trkpt>
<trkpt lat="35.247110" lon="129.125720" sectionIndex="0" pointIndex="829" originalElevation="70.7" isOriginalElevationFromOSM="true"><ele>72.1</ele></trkpt>
<trkpt lat="35.247200" lon="129.125800" sectionIndex="0" pointIndex="830" originalElevation="73.8" isOriginalElevationFromOSM="true"><ele>73.1</ele></trkpt>
<trkpt lat="35.247370" lon="129.125810" sectionIndex="0" pointIndex="831" originalElevation="74.0" isOriginalElevationFromOSM="true"><ele>73.9</ele></trkpt>
<trkpt lat="35.247470" lon="129.125810" sectionIndex="0" pointIndex="832" originalElevation="74.1" isOriginalElevationFromOSM="true"><ele>74.7</ele></trkpt>
<trkpt lat="35.247890" lon="129.126000" sectionIndex="0" pointIndex="833" originalElevation="79.4" isOriginalElevationFromOSM="true"><ele>76.2</ele></trkpt>
<trkpt lat="35.248140" lon="129.126160" sectionIndex="0" pointIndex="834" originalElevation="85.1" isOriginalElevationFromOSM="true"><ele>77.7</ele></trkpt>
<trkpt lat="35.248200" lon="129.126160" sectionIndex="0" pointIndex="835" originalElevation="84.7" isOriginalElevationFromOSM="true"><ele>79.5</ele></trkpt>
<trkpt lat="35.248470" lon="129.126027" sectionIndex="0" pointIndex="836" originalElevation="74.7" isOriginalElevationFromOSM="true"><ele>81.2</ele></trkpt>
<trkpt lat="35.248530" lon="129.126020" sectionIndex="0" pointIndex="837" originalElevation="73.9" isOriginalElevationFromOSM="true"><ele>83.3</ele></trkpt>
<trkpt lat="35.248580" lon="129.126049" sectionIndex="0" pointIndex="838" originalElevation="74.8" isOriginalElevationFromOSM="true"><ele>85.4</ele></trkpt>
<trkpt lat="35.248630" lon="129.126117" sectionIndex="0" pointIndex="839" originalElevation="78.1" isOriginalElevationFromOSM="true"><ele>87.5</ele></trkpt>
<trkpt lat="35.248730" lon="129.126370" sectionIndex="0" pointIndex="840" originalElevation="89.0" isOriginalElevationFromOSM="true"><ele>89.5</ele></trkpt>
<trkpt lat="35.248840" lon="129.126488" sectionIndex="0" pointIndex="841" originalElevation="93.5" isOriginalElevationFromOSM="true"><ele>90.3</ele></trkpt>
<trkpt lat="35.248960" lon="129.126610" sectionIndex="0" pointIndex="842" originalElevation="96.6" isOriginalElevationFromOSM="true"><ele>90.7</ele></trkpt>
<trkpt lat="35.249070" lon="129.126640" sectionIndex="0" pointIndex="843" originalElevation="96.0" isOriginalElevationFromOSM="true"><ele>91.5</ele></trkpt>
<trkpt lat="35.249590" lon="129.126740" sectionIndex="0" pointIndex="844" originalElevation="101.2" isOriginalElevationFromOSM="true"><ele>93.0</ele></trkpt>
<trkpt lat="35.249650" lon="129.126747" sectionIndex="0" pointIndex="845" originalElevation="106.4" isOriginalElevationFromOSM="true"><ele>93.5</ele></trkpt>
<trkpt lat="35.249720" lon="129.126710" sectionIndex="0" pointIndex="846" originalElevation="105.6" isOriginalElevationFromOSM="true"><ele>93.8</ele></trkpt>
<trkpt lat="35.249770" lon="129.126650" sectionIndex="0" pointIndex="847" originalElevation="103.1" isOriginalElevationFromOSM="true"><ele>93.8</ele></trkpt>
<trkpt lat="35.249880" lon="129.126410" sectionIndex="0" pointIndex="848" originalElevation="92.7" isOriginalElevationFromOSM="true"><ele>93.0</ele></trkpt>
<trkpt lat="35.249940" lon="129.126370" sectionIndex="0" pointIndex="849" originalElevation="91.0" isOriginalElevationFromOSM="true"><ele>91.6</ele></trkpt>
<trkpt lat="35.250180" lon="129.126330" sectionIndex="0" pointIndex="850" originalElevation="96.0" isOriginalElevationFromOSM="true"><ele>89.6</ele></trkpt>
<trkpt lat="35.250280" lon="129.126290" sectionIndex="0" pointIndex="851" originalElevation="96.5" isOriginalElevationFromOSM="true"><ele>87.1</ele></trkpt>
<trkpt lat="35.251060" lon="129.125779" sectionIndex="0" pointIndex="852" originalElevation="82.4" isOriginalElevationFromOSM="true"><ele>84.2</ele></trkpt>
<trkpt lat="35.251180" lon="129.125678" sectionIndex="0" pointIndex="853" originalElevation="79.3" isOriginalElevationFromOSM="true"><ele>81.0</ele></trkpt>
<trkpt lat="35.251420" lon="129.125580" sectionIndex="0" pointIndex="854" originalElevation="77.9" isOriginalElevationFromOSM="true"><ele>77.9</ele></trkpt>
<trkpt lat="35.251520" lon="129.125498" sectionIndex="0" pointIndex="855" originalElevation="76.3" isOriginalElevationFromOSM="true"><ele>75.1</ele></trkpt>
<trkpt lat="35.251590" lon="129.125360" sectionIndex="0" pointIndex="856" originalElevation="72.8" isOriginalElevationFromOSM="true"><ele>73.6</ele></trkpt>
<trkpt lat="35.251660" lon="129.124930" sectionIndex="0" pointIndex="857" originalElevation="66.7" isOriginalElevationFromOSM="true"><ele>72.7</ele></trkpt>
<trkpt lat="35.251700" lon="129.124830" sectionIndex="0" pointIndex="858" originalElevation="58.9" isOriginalElevationFromOSM="true"><ele>71.6</ele></trkpt>
<trkpt lat="35.251780" lon="129.124800" sectionIndex="0" pointIndex="859" originalElevation="57.8" isOriginalElevationFromOSM="true"><ele>70.5</ele></trkpt>
<trkpt lat="35.251850" lon="129.124820" sectionIndex="0" pointIndex="860" originalElevation="58.0" isOriginalElevationFromOSM="true"><ele>70.5</ele></trkpt>
<trkpt lat="35.251890" lon="129.124890" sectionIndex="0" pointIndex="861" originalElevation="59.2" isOriginalElevationFromOSM="true"><ele>70.7</ele></trkpt>
<trkpt lat="35.251910" lon="129.125010" sectionIndex="0" pointIndex="862" originalElevation="61.5" isOriginalElevationFromOSM="true"><ele>70.8</ele></trkpt>
<trkpt lat="35.251920" lon="129.125340" sectionIndex="0" pointIndex="863" originalElevation="70.5" isOriginalElevationFromOSM="true"><ele>70.6</ele></trkpt>
<trkpt lat="35.252020" lon="129.125620" sectionIndex="0" pointIndex="864" originalElevation="76.7" isOriginalElevationFromOSM="true"><ele>70.3</ele></trkpt>
<trkpt lat="35.252150" lon="129.125840" sectionIndex="0" pointIndex="865" originalElevation="80.3" isOriginalElevationFromOSM="true"><ele>70.3</ele></trkpt>
<trkpt lat="35.252490" lon="129.126060" sectionIndex="0" pointIndex="866" originalElevation="79.9" isOriginalElevationFromOSM="true"><ele>70.8</ele></trkpt>
<trkpt lat="35.252570" lon="129.126090" sectionIndex="0" pointIndex="867" originalElevation="81.8" isOriginalElevationFromOSM="true"><ele>71.3</ele></trkpt>
<trkpt lat="35.252620" lon="129.126080" sectionIndex="0" pointIndex="868" originalElevation="82.3" isOriginalElevationFromOSM="true"><ele>72.3</ele></trkpt>
<trkpt lat="35.252650" lon="129.125930" sectionIndex="0" pointIndex="869" originalElevation="79.1" isOriginalElevationFromOSM="true"><ele>73.3</ele></trkpt>
<trkpt lat="35.252590" lon="129.125740" sectionIndex="0" pointIndex="870" originalElevation="73.8" isOriginalElevationFromOSM="true"><ele>74.1</ele></trkpt>
<trkpt lat="35.252550" lon="129.125520" sectionIndex="0" pointIndex="871" originalElevation="68.6" isOriginalElevationFromOSM="true"><ele>74.2</ele></trkpt>
<trkpt lat="35.252590" lon="129.125329" sectionIndex="0" pointIndex="872" originalElevation="66.9" isOriginalElevationFromOSM="true"><ele>73.8</ele></trkpt>
<trkpt lat="35.252630" lon="129.125250" sectionIndex="0" pointIndex="873" originalElevation="65.0" isOriginalElevationFromOSM="true"><ele>72.9</ele></trkpt>
<trkpt lat="35.252710" lon="129.125210" sectionIndex="0" pointIndex="874" originalElevation="65.9" isOriginalElevationFromOSM="true"><ele>71.8</ele></trkpt>
<trkpt lat="35.253030" lon="129.125280" sectionIndex="0" pointIndex="875" originalElevation="73.6" isOriginalElevationFromOSM="true"><ele>70.5</ele></trkpt>
<trkpt lat="35.253070" lon="129.125250" sectionIndex="0" pointIndex="876" originalElevation="74.0" isOriginalElevationFromOSM="true"><ele>69.0</ele></trkpt>
<trkpt lat="35.253120" lon="129.125130" sectionIndex="0" pointIndex="877" originalElevation="73.4" isOriginalElevationFromOSM="true"><ele>67.7</ele></trkpt>
<trkpt lat="35.253120" lon="129.125040" sectionIndex="0" pointIndex="878" originalElevation="72.0" isOriginalElevationFromOSM="true"><ele>66.6</ele></trkpt>
<trkpt lat="35.253100" lon="129.124990" sectionIndex="0" pointIndex="879" originalElevation="70.7" isOriginalElevationFromOSM="true"><ele>65.9</ele></trkpt>
<trkpt lat="35.252940" lon="129.124850" sectionIndex="0" pointIndex="880" originalElevation="66.0" isOriginalElevationFromOSM="true"><ele>65.2</ele></trkpt>
<trkpt lat="35.252860" lon="129.124770" sectionIndex="0" pointIndex="881" originalElevation="63.6" isOriginalElevationFromOSM="true"><ele>64.5</ele></trkpt>
<trkpt lat="35.252810" lon="129.124750" sectionIndex="0" pointIndex="882" originalElevation="62.1" isOriginalElevationFromOSM="true"><ele>63.8</ele></trkpt>
<trkpt lat="35.252700" lon="129.124820" sectionIndex="0" pointIndex="883" originalElevation="60.1" isOriginalElevationFromOSM="true"><ele>62.7</ele></trkpt>
<trkpt lat="35.252660" lon="129.124820" sectionIndex="0" pointIndex="884" originalElevation="59.2" isOriginalElevationFromOSM="true"><ele>62.0</ele></trkpt>
<trkpt lat="35.252630" lon="129.124800" sectionIndex="0" pointIndex="885" originalElevation="58.3" isOriginalElevationFromOSM="true"><ele>61.5</ele></trkpt>
<trkpt lat="35.252610" lon="129.124760" sectionIndex="0" pointIndex="886" originalElevation="57.4" isOriginalElevationFromOSM="true"><ele>61.1</ele></trkpt>
<trkpt lat="35.252600" lon="129.124687" sectionIndex="0" pointIndex="887" originalElevation="56.6" isOriginalElevationFromOSM="true"><ele>60.6</ele></trkpt>
<trkpt lat="35.252610" lon="129.124540" sectionIndex="0" pointIndex="888" originalElevation="55.5" isOriginalElevationFromOSM="true"><ele>60.3</ele></trkpt>
<trkpt lat="35.252690" lon="129.124237" sectionIndex="0" pointIndex="889" originalElevation="54.9" isOriginalElevationFromOSM="true"><ele>60.1</ele></trkpt>
<trkpt lat="35.252780" lon="129.124130" sectionIndex="0" pointIndex="890" originalElevation="56.9" isOriginalElevationFromOSM="true"><ele>59.4</ele></trkpt>
<trkpt lat="35.252980" lon="129.123970" sectionIndex="0" pointIndex="891" originalElevation="63.1" isOriginalElevationFromOSM="true"><ele>58.7</ele></trkpt>
<trkpt lat="35.253040" lon="129.123860" sectionIndex="0" pointIndex="892" originalElevation="65.6" isOriginalElevationFromOSM="true"><ele>57.9</ele></trkpt>
<trkpt lat="35.253000" lon="129.123660" sectionIndex="0" pointIndex="893" originalElevation="66.0" isOriginalElevationFromOSM="true"><ele>57.1</ele></trkpt>
<trkpt lat="35.252850" lon="129.123410" sectionIndex="0" pointIndex="894" originalElevation="63.6" isOriginalElevationFromOSM="true"><ele>56.4</ele></trkpt>
<trkpt lat="35.252700" lon="129.123089" sectionIndex="0" pointIndex="895" originalElevation="61.6" isOriginalElevationFromOSM="true"><ele>55.8</ele></trkpt>
<trkpt lat="35.252590" lon="129.122909" sectionIndex="0" pointIndex="896" originalElevation="60.0" isOriginalElevationFromOSM="true"><ele>55.4</ele></trkpt>
<trkpt lat="35.252080" lon="129.122440" sectionIndex="0" pointIndex="897" originalElevation="51.7" isOriginalElevationFromOSM="true"><ele>55.3</ele></trkpt>
<trkpt lat="35.252010" lon="129.122368" sectionIndex="0" pointIndex="898" originalElevation="49.5" isOriginalElevationFromOSM="true"><ele>55.1</ele></trkpt>
<trkpt lat="35.251970" lon="129.122260" sectionIndex="0" pointIndex="899" originalElevation="47.4" isOriginalElevationFromOSM="true"><ele>54.6</ele></trkpt>
<trkpt lat="35.252020" lon="129.122120" sectionIndex="0" pointIndex="900" originalElevation="46.6" isOriginalElevationFromOSM="true"><ele>53.8</ele></trkpt>
<trkpt lat="35.252090" lon="129.122050" sectionIndex="0" pointIndex="901" originalElevation="46.9" isOriginalElevationFromOSM="true"><ele>53.0</ele></trkpt>
<trkpt lat="35.252230" lon="129.121960" sectionIndex="0" pointIndex="902" originalElevation="47.9" isOriginalElevationFromOSM="true"><ele>52.1</ele></trkpt>
<trkpt lat="35.252400" lon="129.121910" sectionIndex="0" pointIndex="903" originalElevation="49.7" isOriginalElevationFromOSM="true"><ele>51.2</ele></trkpt>
<trkpt lat="35.252640" lon="129.121880" sectionIndex="0" pointIndex="904" originalElevation="53.1" isOriginalElevationFromOSM="true"><ele>50.3</ele></trkpt>
<trkpt lat="35.252770" lon="129.121839" sectionIndex="0" pointIndex="905" originalElevation="54.4" isOriginalElevationFromOSM="true"><ele>49.9</ele></trkpt>
<trkpt lat="35.252890" lon="129.121749" sectionIndex="0" pointIndex="906" originalElevation="54.6" isOriginalElevationFromOSM="true"><ele>49.6</ele></trkpt>
<trkpt lat="35.253050" lon="129.121600" sectionIndex="0" pointIndex="907" originalElevation="54.5" isOriginalElevationFromOSM="true"><ele>49.4</ele></trkpt>
<trkpt lat="35.253050" lon="129.121490" sectionIndex="0" pointIndex="908" originalElevation="53.6" isOriginalElevationFromOSM="true"><ele>49.1</ele></trkpt>
<trkpt lat="35.252940" lon="129.121230" sectionIndex="0" pointIndex="909" originalElevation="49.8" isOriginalElevationFromOSM="true"><ele>49.0</ele></trkpt>
<trkpt lat="35.252900" lon="129.120880" sectionIndex="0" pointIndex="910" originalElevation="48.0" isOriginalElevationFromOSM="true"><ele>48.9</ele></trkpt>
<trkpt lat="35.252890" lon="129.120790" sectionIndex="0" pointIndex="911" originalElevation="46.1" isOriginalElevationFromOSM="true"><ele>48.7</ele></trkpt>
<trkpt lat="35.252690" lon="129.120420" sectionIndex="0" pointIndex="912" originalElevation="47.1" isOriginalElevationFromOSM="true"><ele>48.2</ele></trkpt>
<trkpt lat="35.252450" lon="129.120218" sectionIndex="0" pointIndex="913" originalElevation="44.3" isOriginalElevationFromOSM="true"><ele>47.8</ele></trkpt>
<trkpt lat="35.252220" lon="129.119959" sectionIndex="0" pointIndex="914" originalElevation="43.7" isOriginalElevationFromOSM="true"><ele>47.3</ele></trkpt>
<trkpt lat="35.252010" lon="129.119550" sectionIndex="0" pointIndex="915" originalElevation="43.6" isOriginalElevationFromOSM="true"><ele>46.9</ele></trkpt>
<trkpt lat="35.252010" lon="129.119450" sectionIndex="0" pointIndex="916" originalElevation="44.3" isOriginalElevationFromOSM="true"><ele>46.7</ele></trkpt>
<trkpt lat="35.252060" lon="129.119110" sectionIndex="0" pointIndex="917" originalElevation="47.3" isOriginalElevationFromOSM="true"><ele>46.9</ele></trkpt>
<trkpt lat="35.252030" lon="129.118720" sectionIndex="0" pointIndex="918" originalElevation="46.1" isOriginalElevationFromOSM="true"><ele>46.9</ele></trkpt>
<trkpt lat="35.252030" lon="129.118570" sectionIndex="0" pointIndex="919" originalElevation="46.0" isOriginalElevationFromOSM="true"><ele>47.0</ele></trkpt>
<trkpt lat="35.252200" lon="129.117820" sectionIndex="0" pointIndex="920" originalElevation="48.0" isOriginalElevationFromOSM="true"><ele>47.1</ele></trkpt>
<trkpt lat="35.252330" lon="129.117380" sectionIndex="0" pointIndex="921" originalElevation="47.8" isOriginalElevationFromOSM="true"><ele>47.4</ele></trkpt>
<trkpt lat="35.252370" lon="129.117269" sectionIndex="0" pointIndex="922" originalElevation="47.6" isOriginalElevationFromOSM="true"><ele>47.8</ele></trkpt>
<trkpt lat="35.252570" lon="129.117077" sectionIndex="0" pointIndex="923" originalElevation="51.2" isOriginalElevationFromOSM="true"><ele>48.2</ele></trkpt>
<trkpt lat="35.252630" lon="129.116970" sectionIndex="0" pointIndex="924" originalElevation="52.3" isOriginalElevationFromOSM="true"><ele>48.5</ele></trkpt>
<trkpt lat="35.252580" lon="129.116700" sectionIndex="0" pointIndex="925" originalElevation="48.1" isOriginalElevationFromOSM="true"><ele>48.2</ele></trkpt>
<trkpt lat="35.252660" lon="129.116350" sectionIndex="0" pointIndex="926" originalElevation="48.0" isOriginalElevationFromOSM="true"><ele>48.1</ele></trkpt>
<trkpt lat="35.252770" lon="129.115990" sectionIndex="0" pointIndex="927" originalElevation="48.4" isOriginalElevationFromOSM="true"><ele>48.0</ele></trkpt>
<trkpt lat="35.252810" lon="129.115790" sectionIndex="0" pointIndex="928" originalElevation="47.8" isOriginalElevationFromOSM="true"><ele>47.7</ele></trkpt>
<trkpt lat="35.252970" lon="129.115450" sectionIndex="0" pointIndex="929" originalElevation="50.1" isOriginalElevationFromOSM="true"><ele>47.4</ele></trkpt>
<trkpt lat="35.252990" lon="129.115340" sectionIndex="0" pointIndex="930" originalElevation="49.7" isOriginalElevationFromOSM="true"><ele>47.0</ele></trkpt>
<trkpt lat="35.252980" lon="129.115209" sectionIndex="0" pointIndex="931" originalElevation="48.6" isOriginalElevationFromOSM="true"><ele>46.4</ele></trkpt>
<trkpt lat="35.253010" lon="129.114370" sectionIndex="0" pointIndex="932" originalElevation="43.8" isOriginalElevationFromOSM="true"><ele>45.7</ele></trkpt>
<trkpt lat="35.253050" lon="129.114290" sectionIndex="0" pointIndex="933" originalElevation="43.8" isOriginalElevationFromOSM="true"><ele>45.2</ele></trkpt>
<trkpt lat="35.253110" lon="129.114200" sectionIndex="0" pointIndex="934" originalElevation="44.2" isOriginalElevationFromOSM="true"><ele>44.8</ele></trkpt>
<trkpt lat="35.253240" lon="129.114080" sectionIndex="0" pointIndex="935" originalElevation="44.7" isOriginalElevationFromOSM="true"><ele>44.2</ele></trkpt>
<trkpt lat="35.253400" lon="129.113800" sectionIndex="0" pointIndex="936" originalElevation="42.6" isOriginalElevationFromOSM="true"><ele>43.8</ele></trkpt>
<trkpt lat="35.253470" lon="129.113720" sectionIndex="0" pointIndex="937" originalElevation="42.1" isOriginalElevationFromOSM="true"><ele>43.2</ele></trkpt>
<trkpt lat="35.253579" lon="129.113674" sectionIndex="0" pointIndex="938" originalElevation="42.1" isOriginalElevationFromOSM="false"><ele>42.9</ele></trkpt>
<trkpt lat="35.253590" lon="129.113670" sectionIndex="0" pointIndex="939" originalElevation="42.0" isOriginalElevationFromOSM="true"><ele>42.6</ele></trkpt>
<trkpt lat="35.253650" lon="129.113570" sectionIndex="0" pointIndex="940" originalElevation="40.9" isOriginalElevationFromOSM="true"><ele>42.7</ele></trkpt>
<trkpt lat="35.253720" lon="129.113509" sectionIndex="0" pointIndex="941" originalElevation="40.6" isOriginalElevationFromOSM="true"><ele>42.6</ele></trkpt>
<trkpt lat="35.253830" lon="129.113470" sectionIndex="0" pointIndex="942" originalElevation="40.4" isOriginalElevationFromOSM="true"><ele>42.5</ele></trkpt>
<trkpt lat="35.253930" lon="129.113450" sectionIndex="0" pointIndex="943" originalElevation="40.7" isOriginalElevationFromOSM="true"><ele>42.5</ele></trkpt>
<trkpt lat="35.253990" lon="129.113530" sectionIndex="0" pointIndex="944" originalElevation="42.2" isOriginalElevationFromOSM="true"><ele>42.7</ele></trkpt>
<trkpt lat="35.254160" lon="129.113620" sectionIndex="0" pointIndex="945" originalElevation="44.5" isOriginalElevationFromOSM="true"><ele>43.0</ele></trkpt>
<trkpt lat="35.254250" lon="129.113610" sectionIndex="0" pointIndex="946" originalElevation="45.2" isOriginalElevationFromOSM="true"><ele>43.2</ele></trkpt>
<trkpt lat="35.254310" lon="129.113498" sectionIndex="0" pointIndex="947" originalElevation="44.3" isOriginalElevationFromOSM="true"><ele>43.5</ele></trkpt>
<trkpt lat="35.254400" lon="129.113310" sectionIndex="0" pointIndex="948" originalElevation="42.7" isOriginalElevationFromOSM="true"><ele>43.8</ele></trkpt>
<trkpt lat="35.254490" lon="129.113200" sectionIndex="0" pointIndex="949" originalElevation="42.9" isOriginalElevationFromOSM="true"><ele>44.1</ele></trkpt>
<trkpt lat="35.254690" lon="129.113080" sectionIndex="0" pointIndex="950" originalElevation="44.4" isOriginalElevationFromOSM="true"><ele>44.3</ele></trkpt>
<trkpt lat="35.254790" lon="129.113047" sectionIndex="0" pointIndex="951" originalElevation="45.0" isOriginalElevationFromOSM="true"><ele>44.4</ele></trkpt>
<trkpt lat="35.255030" lon="129.113010" sectionIndex="0" pointIndex="952" originalElevation="46.7" isOriginalElevationFromOSM="true"><ele>44.3</ele></trkpt>
<trkpt lat="35.255160" lon="129.113020" sectionIndex="0" pointIndex="953" originalElevation="45.9" isOriginalElevationFromOSM="true"><ele>44.1</ele></trkpt>
<trkpt lat="35.255290" lon="129.113090" sectionIndex="0" pointIndex="954" originalElevation="45.5" isOriginalElevationFromOSM="true"><ele>44.0</ele></trkpt>
<trkpt lat="35.255740" lon="129.113498" sectionIndex="0" pointIndex="955" originalElevation="45.9" isOriginalElevationFromOSM="true"><ele>44.0</ele></trkpt>
<trkpt lat="35.255810" lon="129.113460" sectionIndex="0" pointIndex="956" originalElevation="44.9" isOriginalElevationFromOSM="true"><ele>44.1</ele></trkpt>
<trkpt lat="35.255880" lon="129.113380" sectionIndex="0" pointIndex="957" originalElevation="43.3" isOriginalElevationFromOSM="true"><ele>44.1</ele></trkpt>
<trkpt lat="35.256000" lon="129.113360" sectionIndex="0" pointIndex="958" originalElevation="42.0" isOriginalElevationFromOSM="true"><ele>44.1</ele></trkpt>
<trkpt lat="35.256160" lon="129.113408" sectionIndex="0" pointIndex="959" originalElevation="41.4" isOriginalElevationFromOSM="true"><ele>44.3</ele></trkpt>
<trkpt lat="35.256330" lon="129.113498" sectionIndex="0" pointIndex="960" originalElevation="41.6" isOriginalElevationFromOSM="true"><ele>44.4</ele></trkpt>
<trkpt lat="35.256560" lon="129.113710" sectionIndex="0" pointIndex="961" originalElevation="43.5" isOriginalElevationFromOSM="true"><ele>44.6</ele></trkpt>
<trkpt lat="35.256840" lon="129.113910" sectionIndex="0" pointIndex="962" originalElevation="44.2" isOriginalElevationFromOSM="true"><ele>45.0</ele></trkpt>
<trkpt lat="35.257050" lon="129.114110" sectionIndex="0" pointIndex="963" originalElevation="44.0" isOriginalElevationFromOSM="true"><ele>45.5</ele></trkpt>
<trkpt lat="35.257160" lon="129.114218" sectionIndex="0" pointIndex="964" originalElevation="43.7" isOriginalElevationFromOSM="true"><ele>46.2</ele></trkpt>
<trkpt lat="35.257220" lon="129.114330" sectionIndex="0" pointIndex="965" originalElevation="44.5" isOriginalElevationFromOSM="true"><ele>47.0</ele></trkpt>
<trkpt lat="35.257260" lon="129.114530" sectionIndex="0" pointIndex="966" originalElevation="47.5" isOriginalElevationFromOSM="true"><ele>47.8</ele></trkpt>
<trkpt lat="35.257380" lon="129.114640" sectionIndex="0" pointIndex="967" originalElevation="47.4" isOriginalElevationFromOSM="true"><ele>48.1</ele></trkpt>
<trkpt lat="35.257520" lon="129.114860" sectionIndex="0" pointIndex="968" originalElevation="49.1" isOriginalElevationFromOSM="true"><ele>48.2</ele></trkpt>
<trkpt lat="35.257680" lon="129.115190" sectionIndex="0" pointIndex="969" originalElevation="51.6" isOriginalElevationFromOSM="true"><ele>48.4</ele></trkpt>
<trkpt lat="35.257810" lon="129.115540" sectionIndex="0" pointIndex="970" originalElevation="53.6" isOriginalElevationFromOSM="true"><ele>48.7</ele></trkpt>
<trkpt lat="35.257910" lon="129.115929" sectionIndex="0" pointIndex="971" originalElevation="55.8" isOriginalElevationFromOSM="true"><ele>49.1</ele></trkpt>
<trkpt lat="35.258020" lon="129.116230" sectionIndex="0" pointIndex="972" originalElevation="54.9" isOriginalElevationFromOSM="true"><ele>49.4</ele></trkpt>
<trkpt lat="35.258100" lon="129.116530" sectionIndex="0" pointIndex="973" originalElevation="53.9" isOriginalElevationFromOSM="true"><ele>49.5</ele></trkpt>
<trkpt lat="35.258300" lon="129.116999" sectionIndex="0" pointIndex="974" originalElevation="45.7" isOriginalElevationFromOSM="true"><ele>49.2</ele></trkpt>
<trkpt lat="35.258510" lon="129.117320" sectionIndex="0" pointIndex="975" originalElevation="43.3" isOriginalElevationFromOSM="true"><ele>49.0</ele></trkpt>
<trkpt lat="35.258600" lon="129.117780" sectionIndex="0" pointIndex="976" originalElevation="47.6" isOriginalElevationFromOSM="true"><ele>48.7</ele></trkpt>
<trkpt lat="35.258690" lon="129.118030" sectionIndex="0" pointIndex="977" originalElevation="48.4" isOriginalElevationFromOSM="true"><ele>48.4</ele></trkpt>
<trkpt lat="35.258830" lon="129.118410" sectionIndex="0" pointIndex="978" originalElevation="49.3" isOriginalElevationFromOSM="true"><ele>47.9</ele></trkpt>
<trkpt lat="35.258890" lon="129.118660" sectionIndex="0" pointIndex="979" originalElevation="49.1" isOriginalElevationFromOSM="true"><ele>47.3</ele></trkpt>
<trkpt lat="35.259070" lon="129.118879" sectionIndex="0" pointIndex="980" originalElevation="45.2" isOriginalElevationFromOSM="true"><ele>46.7</ele></trkpt>
<trkpt lat="35.259250" lon="129.119149" sectionIndex="0" pointIndex="981" originalElevation="43.9" isOriginalElevationFromOSM="true"><ele>46.0</ele></trkpt>
<trkpt lat="35.259680" lon="129.120128" sectionIndex="0" pointIndex="982" originalElevation="44.6" isOriginalElevationFromOSM="true"><ele>45.9</ele></trkpt>
<trkpt lat="35.259720" lon="129.120319" sectionIndex="0" pointIndex="983" originalElevation="44.1" isOriginalElevationFromOSM="true"><ele>46.3</ele></trkpt>
<trkpt lat="35.259640" lon="129.120590" sectionIndex="0" pointIndex="984" originalElevation="46.4" isOriginalElevationFromOSM="true"><ele>46.3</ele></trkpt>
<trkpt lat="35.259630" lon="129.120700" sectionIndex="0" pointIndex="985" originalElevation="46.9" isOriginalElevationFromOSM="true"><ele>46.2</ele></trkpt>
<trkpt lat="35.259650" lon="129.120770" sectionIndex="0" pointIndex="986" originalElevation="46.6" isOriginalElevationFromOSM="true"><ele>46.1</ele></trkpt>
<trkpt lat="35.259830" lon="129.120910" sectionIndex="0" pointIndex="987" originalElevation="45.4" isOriginalElevationFromOSM="true"><ele>46.1</ele></trkpt>
<trkpt lat="35.260100" lon="129.120927" sectionIndex="0" pointIndex="988" originalElevation="43.1" isOriginalElevationFromOSM="true"><ele>46.3</ele></trkpt>
<trkpt lat="35.260160" lon="129.121017" sectionIndex="0" pointIndex="989" originalElevation="44.7" isOriginalElevationFromOSM="true"><ele>46.5</ele></trkpt>
<trkpt lat="35.260390" lon="129.121430" sectionIndex="0" pointIndex="990" originalElevation="48.9" isOriginalElevationFromOSM="true"><ele>46.6</ele></trkpt>
<trkpt lat="35.260620" lon="129.121720" sectionIndex="0" pointIndex="991" originalElevation="47.9" isOriginalElevationFromOSM="true"><ele>47.1</ele></trkpt>
<trkpt lat="35.260670" lon="129.121820" sectionIndex="0" pointIndex="992" originalElevation="47.6" isOriginalElevationFromOSM="true"><ele>47.5</ele></trkpt>
<trkpt lat="35.260790" lon="129.122060" sectionIndex="0" pointIndex="993" originalElevation="47.3" isOriginalElevationFromOSM="true"><ele>48.0</ele></trkpt>
<trkpt lat="35.260920" lon="129.122400" sectionIndex="0" pointIndex="994" originalElevation="48.4" isOriginalElevationFromOSM="true"><ele>48.5</ele></trkpt>
<trkpt lat="35.260990" lon="129.122530" sectionIndex="0" pointIndex="995" originalElevation="48.2" isOriginalElevationFromOSM="true"><ele>49.4</ele></trkpt>
<trkpt lat="35.260990" lon="129.122526" sectionIndex="0" pointIndex="996" originalElevation="48.2" isOriginalElevationFromOSM="false"><ele>50.3</ele></trkpt>
<trkpt lat="35.261520" lon="129.122260" sectionIndex="0" pointIndex="997" originalElevation="45.2" isOriginalElevationFromOSM="true"><ele>51.0</ele></trkpt>
<trkpt lat="35.261900" lon="129.122040" sectionIndex="0" pointIndex="998" originalElevation="52.1" isOriginalElevationFromOSM="true"><ele>51.3</ele></trkpt>
<trkpt lat="35.261914" lon="129.121918" sectionIndex="0" pointIndex="999" originalElevation="52.1" isOriginalElevationFromOSM="false"><ele>51.5</ele></trkpt>
<trkpt lat="35.261920" lon="129.121880" sectionIndex="0" pointIndex="1000" originalElevation="55.0" isOriginalElevationFromOSM="true"><ele>51.7</ele></trkpt>
<trkpt lat="35.261800" lon="129.121760" sectionIndex="0" pointIndex="1001" originalElevation="52.9" isOriginalElevationFromOSM="true"><ele>51.6</ele></trkpt>
<trkpt lat="35.261570" lon="129.121060" sectionIndex="0" pointIndex="1002" originalElevation="59.1" isOriginalElevationFromOSM="true"><ele>51.3</ele></trkpt>
<trkpt lat="35.261330" lon="129.120837" sectionIndex="0" pointIndex="1003" originalElevation="56.2" isOriginalElevationFromOSM="true"><ele>51.0</ele></trkpt>
<trkpt lat="35.261110" lon="129.120550" sectionIndex="0" pointIndex="1004" originalElevation="55.9" isOriginalElevationFromOSM="true"><ele>50.8</ele></trkpt>
<trkpt lat="35.260800" lon="129.119850" sectionIndex="0" pointIndex="1005" originalElevation="53.6" isOriginalElevationFromOSM="true"><ele>50.8</ele></trkpt>
<trkpt lat="35.260650" lon="129.119430" sectionIndex="0" pointIndex="1006" originalElevation="51.2" isOriginalElevationFromOSM="true"><ele>50.3</ele></trkpt>
<trkpt lat="35.260640" lon="129.118540" sectionIndex="0" pointIndex="1007" originalElevation="49.8" isOriginalElevationFromOSM="true"><ele>49.6</ele></trkpt>
<trkpt lat="35.260550" lon="129.118030" sectionIndex="0" pointIndex="1008" originalElevation="46.0" isOriginalElevationFromOSM="true"><ele>48.8</ele></trkpt>
<trkpt lat="35.260560" lon="129.117719" sectionIndex="0" pointIndex="1009" originalElevation="44.3" isOriginalElevationFromOSM="true"><ele>48.2</ele></trkpt>
<trkpt lat="35.260650" lon="129.117430" sectionIndex="0" pointIndex="1010" originalElevation="44.0" isOriginalElevationFromOSM="true"><ele>47.1</ele></trkpt>
<trkpt lat="35.260740" lon="129.117210" sectionIndex="0" pointIndex="1011" originalElevation="44.8" isOriginalElevationFromOSM="true"><ele>46.2</ele></trkpt>
<trkpt lat="35.260770" lon="129.116897" sectionIndex="0" pointIndex="1012" originalElevation="44.7" isOriginalElevationFromOSM="true"><ele>45.2</ele></trkpt>
<trkpt lat="35.260730" lon="129.116700" sectionIndex="0" pointIndex="1013" originalElevation="44.1" isOriginalElevationFromOSM="true"><ele>44.6</ele></trkpt>
<trkpt lat="35.260400" lon="129.115630" sectionIndex="0" pointIndex="1014" originalElevation="43.1" isOriginalElevationFromOSM="true"><ele>44.5</ele></trkpt>
<trkpt lat="35.260290" lon="129.115287" sectionIndex="0" pointIndex="1015" originalElevation="42.2" isOriginalElevationFromOSM="true"><ele>44.3</ele></trkpt>
<trkpt lat="35.260360" lon="129.114980" sectionIndex="0" pointIndex="1016" originalElevation="43.5" isOriginalElevationFromOSM="true"><ele>44.4</ele></trkpt>
<trkpt lat="35.260530" lon="129.114747" sectionIndex="0" pointIndex="1017" originalElevation="43.5" isOriginalElevationFromOSM="true"><ele>44.3</ele></trkpt>
<trkpt lat="35.261410" lon="129.113880" sectionIndex="0" pointIndex="1018" originalElevation="41.8" isOriginalElevationFromOSM="true"><ele>43.8</ele></trkpt>
<trkpt lat="35.261550" lon="129.113779" sectionIndex="0" pointIndex="1019" originalElevation="41.8" isOriginalElevationFromOSM="true"><ele>43.3</ele></trkpt>
<trkpt lat="35.262010" lon="129.113700" sectionIndex="0" pointIndex="1020" originalElevation="44.8" isOriginalElevationFromOSM="true"><ele>42.9</ele></trkpt>
<trkpt lat="35.262470" lon="129.113678" sectionIndex="0" pointIndex="1021" originalElevation="48.3" isOriginalElevationFromOSM="true"><ele>42.5</ele></trkpt>
<trkpt lat="35.262700" lon="129.113689" sectionIndex="0" pointIndex="1022" originalElevation="47.8" isOriginalElevationFromOSM="true"><ele>42.2</ele></trkpt>
<trkpt lat="35.262950" lon="129.113768" sectionIndex="0" pointIndex="1023" originalElevation="47.9" isOriginalElevationFromOSM="true"><ele>42.0</ele></trkpt>
<trkpt lat="35.264120" lon="129.114139" sectionIndex="0" pointIndex="1024" originalElevation="42.3" isOriginalElevationFromOSM="true"><ele>41.7</ele></trkpt>
<trkpt lat="35.265540" lon="129.113779" sectionIndex="0" pointIndex="1025" originalElevation="36.5" isOriginalElevationFromOSM="true"><ele>41.5</ele></trkpt>
<trkpt lat="35.265830" lon="129.113710" sectionIndex="0" pointIndex="1026" originalElevation="37.5" isOriginalElevationFromOSM="true"><ele>41.4</ele></trkpt>
<trkpt lat="35.265990" lon="129.113650" sectionIndex="0" pointIndex="1027" originalElevation="37.9" isOriginalElevationFromOSM="true"><ele>41.4</ele></trkpt>
<trkpt lat="35.266100" lon="129.113550" sectionIndex="0" pointIndex="1028" originalElevation="38.3" isOriginalElevationFromOSM="true"><ele>41.2</ele></trkpt>
<trkpt lat="35.266270" lon="129.113760" sectionIndex="0" pointIndex="1029" originalElevation="38.8" isOriginalElevationFromOSM="true"><ele>40.7</ele></trkpt>
<trkpt lat="35.266340" lon="129.113810" sectionIndex="0" pointIndex="1030" originalElevation="39.0" isOriginalElevationFromOSM="true"><ele>40.3</ele></trkpt>
<trkpt lat="35.266520" lon="129.113858" sectionIndex="0" pointIndex="1031" originalElevation="39.4" isOriginalElevationFromOSM="true"><ele>39.8</ele></trkpt>
<trkpt lat="35.266800" lon="129.113800" sectionIndex="0" pointIndex="1032" originalElevation="40.1" isOriginalElevationFromOSM="true"><ele>40.0</ele></trkpt>
<trkpt lat="35.267060" lon="129.113800" sectionIndex="0" pointIndex="1033" originalElevation="40.6" isOriginalElevationFromOSM="true"><ele>42.1</ele></trkpt>
<trkpt lat="35.267310" lon="129.113800" sectionIndex="0" pointIndex="1034" originalElevation="41.2" isOriginalElevationFromOSM="true"><ele>44.2</ele></trkpt>
<trkpt lat="35.267560" lon="129.113710" sectionIndex="0" pointIndex="1035" originalElevation="42.2" isOriginalElevationFromOSM="true"><ele>46.2</ele></trkpt>
<trkpt lat="35.267840" lon="129.113820" sectionIndex="0" pointIndex="1036" originalElevation="41.3" isOriginalElevationFromOSM="true"><ele>48.1</ele></trkpt>
<trkpt lat="35.268700" lon="129.113850" sectionIndex="0" pointIndex="1037" originalElevation="40.9" isOriginalElevationFromOSM="true"><ele>50.1</ele></trkpt>
<trkpt lat="35.268750" lon="129.113850" sectionIndex="0" pointIndex="1038" originalElevation="40.4" isOriginalElevationFromOSM="true"><ele>52.0</ele></trkpt>
<trkpt lat="35.269690" lon="129.113250" sectionIndex="0" pointIndex="1039" originalElevation="46.3" isOriginalElevationFromOSM="true"><ele>53.9</ele></trkpt>
<trkpt lat="35.270080" lon="129.112957" sectionIndex="0" pointIndex="1040" originalElevation="68.0" isOriginalElevationFromOSM="false"><ele>55.8</ele></trkpt>
<trkpt lat="35.270117" lon="129.112928" sectionIndex="0" pointIndex="1041" originalElevation="68.0" isOriginalElevationFromOSM="false"><ele>57.6</ele></trkpt>
<trkpt lat="35.270154" lon="129.112897" sectionIndex="0" pointIndex="1042" originalElevation="68.0" isOriginalElevationFromOSM="false"><ele>59.4</ele></trkpt>
<trkpt lat="35.270191" lon="129.112866" sectionIndex="0" pointIndex="1043" originalElevation="68.0" isOriginalElevationFromOSM="false"><ele>61.1</ele></trkpt>
<trkpt lat="35.270228" lon="129.112833" sectionIndex="0" pointIndex="1044" originalElevation="68.0" isOriginalElevationFromOSM="false"><ele>62.9</ele></trkpt>
<trkpt lat="35.270265" lon="129.112804" sectionIndex="0" pointIndex="1045" originalElevation="68.0" isOriginalElevationFromOSM="false"><ele>64.7</ele></trkpt>
<trkpt lat="35.270302" lon="129.112773" sectionIndex="0" pointIndex="1046" originalElevation="68.0" isOriginalElevationFromOSM="false"><ele>66.5</ele></trkpt>
<trkpt lat="35.270339" lon="129.112742" sectionIndex="0" pointIndex="1047" originalElevation="68.0" isOriginalElevationFromOSM="false"><ele>68.7</ele></trkpt>
<trkpt lat="35.270376" lon="129.112710" sectionIndex="0" pointIndex="1048" originalElevation="68.0" isOriginalElevationFromOSM="false"><ele>69.3</ele></trkpt>
<trkpt lat="35.270383" lon="129.112705" sectionIndex="0" pointIndex="1049" originalElevation="68.0" isOriginalElevationFromOSM="false"><ele>70.0</ele></trkpt>
<trkpt lat="35.270411" lon="129.112663" sectionIndex="0" pointIndex="1050" originalElevation="68.0" isOriginalElevationFromOSM="false"><ele>70.7</ele></trkpt>
<trkpt lat="35.270440" lon="129.112620" sectionIndex="0" pointIndex="1051" originalElevation="68.0" isOriginalElevationFromOSM="false"><ele>71.3</ele></trkpt>
<trkpt lat="35.270469" lon="129.112578" sectionIndex="0" pointIndex="1052" originalElevation="68.0" isOriginalElevationFromOSM="false"><ele>72.0</ele></trkpt>
<trkpt lat="35.270488" lon="129.112550" sectionIndex="0" pointIndex="1053" originalElevation="68.0" isOriginalElevationFromOSM="false"><ele>72.7</ele></trkpt>
<trkpt lat="35.270506" lon="129.112499" sectionIndex="0" pointIndex="1054" originalElevation="78.0" isOriginalElevationFromOSM="false"><ele>73.3</ele></trkpt>
<trkpt lat="35.270524" lon="129.112449" sectionIndex="0" pointIndex="1055" originalElevation="78.0" isOriginalElevationFromOSM="false"><ele>74.0</ele></trkpt>
<trkpt lat="35.270536" lon="129.112416" sectionIndex="0" pointIndex="1056" originalElevation="78.0" isOriginalElevationFromOSM="false"><ele>74.7</ele></trkpt>
<trkpt lat="35.270546" lon="129.112361" sectionIndex="0" pointIndex="1057" originalElevation="78.0" isOriginalElevationFromOSM="false"><ele>75.3</ele></trkpt>
<trkpt lat="35.270557" lon="129.112309" sectionIndex="0" pointIndex="1058" originalElevation="78.0" isOriginalElevationFromOSM="false"><ele>76.0</ele></trkpt>
<trkpt lat="35.270567" lon="129.112255" sectionIndex="0" pointIndex="1059" originalElevation="78.0" isOriginalElevationFromOSM="false"><ele>76.7</ele></trkpt>
<trkpt lat="35.270577" lon="129.112201" sectionIndex="0" pointIndex="1060" originalElevation="78.0" isOriginalElevationFromOSM="false"><ele>77.3</ele></trkpt>
<trkpt lat="35.270587" lon="129.112147" sectionIndex="0" pointIndex="1061" originalElevation="78.0" isOriginalElevationFromOSM="false"><ele>78.0</ele></trkpt>
<trkpt lat="35.270598" lon="129.112094" sectionIndex="0" pointIndex="1062" originalElevation="78.0" isOriginalElevationFromOSM="false"><ele>78.0</ele></trkpt>
<trkpt lat="35.270608" lon="129.112041" sectionIndex="0" pointIndex="1063" originalElevation="78.0" isOriginalElevationFromOSM="false"><ele>78.0</ele></trkpt>
<trkpt lat="35.270618" lon="129.111987" sectionIndex="0" pointIndex="1064" originalElevation="78.0" isOriginalElevationFromOSM="false"><ele>78.0</ele></trkpt>
<trkpt lat="35.270619" lon="129.111978" sectionIndex="0" pointIndex="1065" originalElevation="78.0" isOriginalElevationFromOSM="false"><ele>76.8</ele></trkpt>
<trkpt lat="35.270637" lon="129.111931" sectionIndex="0" pointIndex="1066" originalElevation="78.0" isOriginalElevationFromOSM="false"><ele>75.6</ele></trkpt>
<trkpt lat="35.270655" lon="129.111880" sectionIndex="0" pointIndex="1067" originalElevation="78.0" isOriginalElevationFromOSM="false"><ele>74.4</ele></trkpt>
<trkpt lat="35.270672" lon="129.111830" sectionIndex="0" pointIndex="1068" originalElevation="78.0" isOriginalElevationFromOSM="false"><ele>73.2</ele></trkpt>
<trkpt lat="35.270685" lon="129.111793" sectionIndex="0" pointIndex="1069" originalElevation="78.0" isOriginalElevationFromOSM="false"><ele>72.0</ele></trkpt>
<trkpt lat="35.270697" lon="129.111741" sectionIndex="0" pointIndex="1070" originalElevation="78.0" isOriginalElevationFromOSM="false"><ele>70.8</ele></trkpt>
<trkpt lat="35.270710" lon="129.111685" sectionIndex="0" pointIndex="1071" originalElevation="78.0" isOriginalElevationFromOSM="false"><ele>69.6</ele></trkpt>
<trkpt lat="35.270722" lon="129.111635" sectionIndex="0" pointIndex="1072" originalElevation="60.0" isOriginalElevationFromOSM="false"><ele>68.4</ele></trkpt>
<trkpt lat="35.270734" lon="129.111582" sectionIndex="0" pointIndex="1073" originalElevation="60.0" isOriginalElevationFromOSM="false"><ele>67.2</ele></trkpt>
<trkpt lat="35.270738" lon="129.111568" sectionIndex="0" pointIndex="1074" originalElevation="60.0" isOriginalElevationFromOSM="false"><ele>66.0</ele></trkpt>
<trkpt lat="35.270743" lon="129.111514" sectionIndex="0" pointIndex="1075" originalElevation="60.0" isOriginalElevationFromOSM="false"><ele>63.6</ele></trkpt>
<trkpt lat="35.270748" lon="129.111459" sectionIndex="0" pointIndex="1076" originalElevation="60.0" isOriginalElevationFromOSM="false"><ele>61.2</ele></trkpt>
<trkpt lat="35.270754" lon="129.111404" sectionIndex="0" pointIndex="1077" originalElevation="60.0" isOriginalElevationFromOSM="false"><ele>58.8</ele></trkpt>
<trkpt lat="35.270759" lon="129.111347" sectionIndex="0" pointIndex="1078" originalElevation="60.0" isOriginalElevationFromOSM="false"><ele>56.4</ele></trkpt>
<trkpt lat="35.270765" lon="129.111295" sectionIndex="0" pointIndex="1079" originalElevation="60.0" isOriginalElevationFromOSM="false"><ele>54.0</ele></trkpt>
<trkpt lat="35.270765" lon="129.111290" sectionIndex="0" pointIndex="1080" originalElevation="60.0" isOriginalElevationFromOSM="false"><ele>52.8</ele></trkpt>
<trkpt lat="35.270807" lon="129.111269" sectionIndex="0" pointIndex="1081" originalElevation="60.0" isOriginalElevationFromOSM="false"><ele>51.6</ele></trkpt>
<trkpt lat="35.270850" lon="129.111252" sectionIndex="0" pointIndex="1082" originalElevation="42.0" isOriginalElevationFromOSM="false"><ele>50.4</ele></trkpt>
<trkpt lat="35.270892" lon="129.111233" sectionIndex="0" pointIndex="1083" originalElevation="42.0" isOriginalElevationFromOSM="false"><ele>49.2</ele></trkpt>
<trkpt lat="35.270934" lon="129.111212" sectionIndex="0" pointIndex="1084" originalElevation="42.0" isOriginalElevationFromOSM="false"><ele>48.0</ele></trkpt>
<trkpt lat="35.270976" lon="129.111195" sectionIndex="0" pointIndex="1085" originalElevation="42.0" isOriginalElevationFromOSM="false"><ele>46.8</ele></trkpt>
<trkpt lat="35.271018" lon="129.111176" sectionIndex="0" pointIndex="1086" originalElevation="42.0" isOriginalElevationFromOSM="false"><ele>45.6</ele></trkpt>
<trkpt lat="35.271037" lon="129.111167" sectionIndex="0" pointIndex="1087" originalElevation="42.0" isOriginalElevationFromOSM="false"><ele>44.4</ele></trkpt>
<trkpt lat="35.271078" lon="129.111145" sectionIndex="0" pointIndex="1088" originalElevation="42.0" isOriginalElevationFromOSM="false"><ele>43.2</ele></trkpt>
<trkpt lat="35.271120" lon="129.111128" sectionIndex="0" pointIndex="1089" originalElevation="42.0" isOriginalElevationFromOSM="false"><ele>42.0</ele></trkpt>
<trkpt lat="35.271162" lon="129.111108" sectionIndex="0" pointIndex="1090" originalElevation="42.0" isOriginalElevationFromOSM="false"><ele>42.0</ele></trkpt>
<trkpt lat="35.271204" lon="129.111087" sectionIndex="0" pointIndex="1091" originalElevation="42.0" isOriginalElevationFromOSM="false"><ele>42.0</ele></trkpt>
<trkpt lat="35.271246" lon="129.111066" sectionIndex="0" pointIndex="1092" originalElevation="42.0" isOriginalElevationFromOSM="false"><ele>42.0</ele></trkpt>
<trkpt lat="35.271287" lon="129.111047" sectionIndex="0" pointIndex="1093" originalElevation="42.0" isOriginalElevationFromOSM="false"><ele>42.0</ele></trkpt>
<trkpt lat="35.271329" lon="129.111027" sectionIndex="0" pointIndex="1094" originalElevation="42.0" isOriginalElevationFromOSM="false"><ele>42.0</ele></trkpt>
<trkpt lat="35.271371" lon="129.111007" sectionIndex="0" pointIndex="1095" originalElevation="42.0" isOriginalElevationFromOSM="false"><ele>42.0</ele></trkpt>
<trkpt lat="35.271413" lon="129.110987" sectionIndex="0" pointIndex="1096" originalElevation="42.0" isOriginalElevationFromOSM="false"><ele>41.8</ele></trkpt>
<trkpt lat="35.271455" lon="129.110965" sectionIndex="0" pointIndex="1097" originalElevation="42.0" isOriginalElevationFromOSM="false"><ele>41.7</ele></trkpt>
<trkpt lat="35.271496" lon="129.110947" sectionIndex="0" pointIndex="1098" originalElevation="42.0" isOriginalElevationFromOSM="false"><ele>41.5</ele></trkpt>
<trkpt lat="35.271538" lon="129.110927" sectionIndex="0" pointIndex="1099" originalElevation="42.0" isOriginalElevationFromOSM="false"><ele>41.4</ele></trkpt>
<trkpt lat="35.271580" lon="129.110906" sectionIndex="0" pointIndex="1100" originalElevation="42.0" isOriginalElevationFromOSM="false"><ele>41.3</ele></trkpt>
<trkpt lat="35.271622" lon="129.110886" sectionIndex="0" pointIndex="1101" originalElevation="42.0" isOriginalElevationFromOSM="false"><ele>41.1</ele></trkpt>
<trkpt lat="35.271664" lon="129.110863" sectionIndex="0" pointIndex="1102" originalElevation="42.0" isOriginalElevationFromOSM="false"><ele>41.0</ele></trkpt>
<trkpt lat="35.271705" lon="129.110846" sectionIndex="0" pointIndex="1103" originalElevation="39.0" isOriginalElevationFromOSM="false"><ele>40.9</ele></trkpt>
<trkpt lat="35.271747" lon="129.110826" sectionIndex="0" pointIndex="1104" originalElevation="40.0" isOriginalElevationFromOSM="false"><ele>40.7</ele></trkpt>
<trkpt lat="35.271789" lon="129.110806" sectionIndex="0" pointIndex="1105" originalElevation="40.0" isOriginalElevationFromOSM="false"><ele>40.6</ele></trkpt>
<trkpt lat="35.271831" lon="129.110785" sectionIndex="0" pointIndex="1106" originalElevation="40.0" isOriginalElevationFromOSM="false"><ele>40.5</ele></trkpt>
<trkpt lat="35.271873" lon="129.110766" sectionIndex="0" pointIndex="1107" originalElevation="40.0" isOriginalElevationFromOSM="false"><ele>40.3</ele></trkpt>
<trkpt lat="35.271915" lon="129.110746" sectionIndex="0" pointIndex="1108" originalElevation="40.0" isOriginalElevationFromOSM="false"><ele>40.2</ele></trkpt>
<trkpt lat="35.271956" lon="129.110726" sectionIndex="0" pointIndex="1109" originalElevation="40.0" isOriginalElevationFromOSM="false"><ele>40.1</ele></trkpt>
<trkpt lat="35.271998" lon="129.110705" sectionIndex="0" pointIndex="1110" originalElevation="40.0" isOriginalElevationFromOSM="false"><ele>39.9</ele></trkpt>
<trkpt lat="35.272040" lon="129.110683" sectionIndex="0" pointIndex="1111" originalElevation="40.0" isOriginalElevationFromOSM="false"><ele>40.0</ele></trkpt>
<trkpt lat="35.272082" lon="129.110665" sectionIndex="0" pointIndex="1112" originalElevation="40.0" isOriginalElevationFromOSM="false"><ele>40.0</ele></trkpt>
<trkpt lat="35.272124" lon="129.110645" sectionIndex="0" pointIndex="1113" originalElevation="40.0" isOriginalElevationFromOSM="false"><ele>40.0</ele></trkpt>
<trkpt lat="35.272165" lon="129.110625" sectionIndex="0" pointIndex="1114" originalElevation="40.0" isOriginalElevationFromOSM="false"><ele>40.0</ele></trkpt>
<trkpt lat="35.272207" lon="129.110604" sectionIndex="0" pointIndex="1115" originalElevation="40.0" isOriginalElevationFromOSM="false"><ele>40.0</ele></trkpt>
<trkpt lat="35.272219" lon="129.110599" sectionIndex="0" pointIndex="1116" originalElevation="40.0" isOriginalElevationFromOSM="false"><ele>39.9</ele></trkpt>
<trkpt lat="35.272261" lon="129.110580" sectionIndex="0" pointIndex="1117" originalElevation="40.0" isOriginalElevationFromOSM="false"><ele>39.7</ele></trkpt>
<trkpt lat="35.272303" lon="129.110559" sectionIndex="0" pointIndex="1118" originalElevation="40.0" isOriginalElevationFromOSM="false"><ele>39.6</ele></trkpt>
<trkpt lat="35.272345" lon="129.110541" sectionIndex="0" pointIndex="1119" originalElevation="40.0" isOriginalElevationFromOSM="false"><ele>39.5</ele></trkpt>
<trkpt lat="35.272387" lon="129.110522" sectionIndex="0" pointIndex="1120" originalElevation="40.0" isOriginalElevationFromOSM="false"><ele>39.3</ele></trkpt>
<trkpt lat="35.272429" lon="129.110503" sectionIndex="0" pointIndex="1121" originalElevation="40.0" isOriginalElevationFromOSM="false"><ele>39.2</ele></trkpt>
<trkpt lat="35.272471" lon="129.110484" sectionIndex="0" pointIndex="1122" originalElevation="40.0" isOriginalElevationFromOSM="false"><ele>39.1</ele></trkpt>
<trkpt lat="35.272514" lon="129.110464" sectionIndex="0" pointIndex="1123" originalElevation="38.0" isOriginalElevationFromOSM="false"><ele>38.9</ele></trkpt>
<trkpt lat="35.272556" lon="129.110445" sectionIndex="0" pointIndex="1124" originalElevation="38.0" isOriginalElevationFromOSM="false"><ele>38.8</ele></trkpt>
<trkpt lat="35.272598" lon="129.110424" sectionIndex="0" pointIndex="1125" originalElevation="38.0" isOriginalElevationFromOSM="false"><ele>38.6</ele></trkpt>
<trkpt lat="35.272640" lon="129.110407" sectionIndex="0" pointIndex="1126" originalElevation="38.0" isOriginalElevationFromOSM="false"><ele>38.5</ele></trkpt>
<trkpt lat="35.272682" lon="129.110388" sectionIndex="0" pointIndex="1127" originalElevation="38.0" isOriginalElevationFromOSM="false"><ele>38.4</ele></trkpt>
<trkpt lat="35.272724" lon="129.110368" sectionIndex="0" pointIndex="1128" originalElevation="38.0" isOriginalElevationFromOSM="false"><ele>38.3</ele></trkpt>
<trkpt lat="35.272766" lon="129.110349" sectionIndex="0" pointIndex="1129" originalElevation="38.0" isOriginalElevationFromOSM="false"><ele>38.1</ele></trkpt>
<trkpt lat="35.272808" lon="129.110330" sectionIndex="0" pointIndex="1130" originalElevation="38.0" isOriginalElevationFromOSM="false"><ele>38.0</ele></trkpt>
<trkpt lat="35.272850" lon="129.110311" sectionIndex="0" pointIndex="1131" originalElevation="38.0" isOriginalElevationFromOSM="false"><ele>38.0</ele></trkpt>
<trkpt lat="35.272892" lon="129.110289" sectionIndex="0" pointIndex="1132" originalElevation="38.0" isOriginalElevationFromOSM="false"><ele>38.0</ele></trkpt>
<trkpt lat="35.272934" lon="129.110272" sectionIndex="0" pointIndex="1133" originalElevation="38.0" isOriginalElevationFromOSM="false"><ele>38.0</ele></trkpt>
<trkpt lat="35.272976" lon="129.110253" sectionIndex="0" pointIndex="1134" originalElevation="38.0" isOriginalElevationFromOSM="false"><ele>38.0</ele></trkpt>
<trkpt lat="35.273019" lon="129.110233" sectionIndex="0" pointIndex="1135" originalElevation="38.0" isOriginalElevationFromOSM="false"><ele>38.0</ele></trkpt>
<trkpt lat="35.273061" lon="129.110214" sectionIndex="0" pointIndex="1136" originalElevation="38.0" isOriginalElevationFromOSM="false"><ele>38.1</ele></trkpt>
<trkpt lat="35.273103" lon="129.110195" sectionIndex="0" pointIndex="1137" originalElevation="38.0" isOriginalElevationFromOSM="false"><ele>38.3</ele></trkpt>
<trkpt lat="35.273145" lon="129.110176" sectionIndex="0" pointIndex="1138" originalElevation="38.0" isOriginalElevationFromOSM="false"><ele>38.4</ele></trkpt>
<trkpt lat="35.273187" lon="129.110154" sectionIndex="0" pointIndex="1139" originalElevation="38.0" isOriginalElevationFromOSM="false"><ele>38.5</ele></trkpt>
<trkpt lat="35.273229" lon="129.110137" sectionIndex="0" pointIndex="1140" originalElevation="38.0" isOriginalElevationFromOSM="false"><ele>38.6</ele></trkpt>
<trkpt lat="35.273271" lon="129.110118" sectionIndex="0" pointIndex="1141" originalElevation="38.0" isOriginalElevationFromOSM="false"><ele>38.8</ele></trkpt>
<trkpt lat="35.273313" lon="129.110098" sectionIndex="0" pointIndex="1142" originalElevation="38.0" isOriginalElevationFromOSM="false"><ele>38.9</ele></trkpt>
<trkpt lat="35.273355" lon="129.110080" sectionIndex="0" pointIndex="1143" originalElevation="40.0" isOriginalElevationFromOSM="false"><ele>38.9</ele></trkpt>
<trkpt lat="35.273397" lon="129.110060" sectionIndex="0" pointIndex="1144" originalElevation="40.0" isOriginalElevationFromOSM="false"><ele>39.0</ele></trkpt>
<trkpt lat="35.273439" lon="129.110041" sectionIndex="0" pointIndex="1145" originalElevation="40.0" isOriginalElevationFromOSM="false"><ele>39.1</ele></trkpt>
<trkpt lat="35.273455" lon="129.110034" sectionIndex="0" pointIndex="1146" originalElevation="40.0" isOriginalElevationFromOSM="false"><ele>39.1</ele></trkpt>
<trkpt lat="35.273498" lon="129.110019" sectionIndex="0" pointIndex="1147" originalElevation="40.0" isOriginalElevationFromOSM="false"><ele>39.2</ele></trkpt>
<trkpt lat="35.273542" lon="129.110008" sectionIndex="0" pointIndex="1148" originalElevation="40.0" isOriginalElevationFromOSM="false"><ele>39.3</ele></trkpt>
<trkpt lat="35.273586" lon="129.109995" sectionIndex="0" pointIndex="1149" originalElevation="39.0" isOriginalElevationFromOSM="false"><ele>39.3</ele></trkpt>
<trkpt lat="35.273617" lon="129.109985" sectionIndex="0" pointIndex="1150" originalElevation="39.0" isOriginalElevationFromOSM="false"><ele>39.4</ele></trkpt>
<trkpt lat="35.273661" lon="129.109980" sectionIndex="0" pointIndex="1151" originalElevation="39.0" isOriginalElevationFromOSM="false"><ele>39.3</ele></trkpt>
<trkpt lat="35.273706" lon="129.109974" sectionIndex="0" pointIndex="1152" originalElevation="39.0" isOriginalElevationFromOSM="false"><ele>39.3</ele></trkpt>
<trkpt lat="35.273748" lon="129.109970" sectionIndex="0" pointIndex="1153" originalElevation="39.0" isOriginalElevationFromOSM="false"><ele>39.2</ele></trkpt>
<trkpt lat="35.273793" lon="129.109969" sectionIndex="0" pointIndex="1154" originalElevation="39.0" isOriginalElevationFromOSM="false"><ele>39.1</ele></trkpt>
<trkpt lat="35.273838" lon="129.109968" sectionIndex="0" pointIndex="1155" originalElevation="39.0" isOriginalElevationFromOSM="false"><ele>39.1</ele></trkpt>
<trkpt lat="35.273883" lon="129.109967" sectionIndex="0" pointIndex="1156" originalElevation="39.0" isOriginalElevationFromOSM="false"><ele>39.0</ele></trkpt>
<trkpt lat="35.273928" lon="129.109963" sectionIndex="0" pointIndex="1157" originalElevation="39.0" isOriginalElevationFromOSM="false"><ele>39.1</ele></trkpt>
<trkpt lat="35.273973" lon="129.109963" sectionIndex="0" pointIndex="1158" originalElevation="39.0" isOriginalElevationFromOSM="false"><ele>39.3</ele></trkpt>
<trkpt lat="35.274018" lon="129.109963" sectionIndex="0" pointIndex="1159" originalElevation="39.0" isOriginalElevationFromOSM="false"><ele>39.4</ele></trkpt>
<trkpt lat="35.274024" lon="129.109963" sectionIndex="0" pointIndex="1160" originalElevation="39.0" isOriginalElevationFromOSM="false"><ele>39.5</ele></trkpt>
<trkpt lat="35.274069" lon="129.109968" sectionIndex="0" pointIndex="1161" originalElevation="39.0" isOriginalElevationFromOSM="false"><ele>39.6</ele></trkpt>
<trkpt lat="35.274114" lon="129.109972" sectionIndex="0" pointIndex="1162" originalElevation="39.0" isOriginalElevationFromOSM="false"><ele>39.8</ele></trkpt>
<trkpt lat="35.274158" lon="129.109974" sectionIndex="0" pointIndex="1163" originalElevation="39.0" isOriginalElevationFromOSM="false"><ele>39.9</ele></trkpt>
<trkpt lat="35.274203" lon="129.109979" sectionIndex="0" pointIndex="1164" originalElevation="41.0" isOriginalElevationFromOSM="false"><ele>39.9</ele></trkpt>
<trkpt lat="35.274248" lon="129.109983" sectionIndex="0" pointIndex="1165" originalElevation="41.0" isOriginalElevationFromOSM="false"><ele>40.0</ele></trkpt>
<trkpt lat="35.274293" lon="129.109985" sectionIndex="0" pointIndex="1166" originalElevation="41.0" isOriginalElevationFromOSM="false"><ele>40.1</ele></trkpt>
<trkpt lat="35.274338" lon="129.109991" sectionIndex="0" pointIndex="1167" originalElevation="41.0" isOriginalElevationFromOSM="false"><ele>40.1</ele></trkpt>
<trkpt lat="35.274383" lon="129.109994" sectionIndex="0" pointIndex="1168" originalElevation="41.0" isOriginalElevationFromOSM="false"><ele>40.2</ele></trkpt>
<trkpt lat="35.274427" lon="129.109997" sectionIndex="0" pointIndex="1169" originalElevation="41.0" isOriginalElevationFromOSM="false"><ele>40.3</ele></trkpt>
<trkpt lat="35.274472" lon="129.110002" sectionIndex="0" pointIndex="1170" originalElevation="40.0" isOriginalElevationFromOSM="false"><ele>40.4</ele></trkpt>
<trkpt lat="35.274517" lon="129.110006" sectionIndex="0" pointIndex="1171" originalElevation="40.0" isOriginalElevationFromOSM="false"><ele>40.5</ele></trkpt>
<trkpt lat="35.274557" lon="129.110008" sectionIndex="0" pointIndex="1172" originalElevation="40.0" isOriginalElevationFromOSM="false"><ele>40.5</ele></trkpt>
<trkpt lat="35.274601" lon="129.110008" sectionIndex="0" pointIndex="1173" originalElevation="40.0" isOriginalElevationFromOSM="false"><ele>40.5</ele></trkpt>
<trkpt lat="35.274646" lon="129.110013" sectionIndex="0" pointIndex="1174" originalElevation="40.0" isOriginalElevationFromOSM="false"><ele>40.5</ele></trkpt>
<trkpt lat="35.274691" lon="129.110014" sectionIndex="0" pointIndex="1175" originalElevation="40.0" isOriginalElevationFromOSM="false"><ele>40.5</ele></trkpt>
<trkpt lat="35.274692" lon="129.110014" sectionIndex="0" pointIndex="1176" originalElevation="40.0" isOriginalElevationFromOSM="false"><ele>40.5</ele></trkpt>
<trkpt lat="35.274735" lon="129.109997" sectionIndex="0" pointIndex="1177" originalElevation="41.0" isOriginalElevationFromOSM="false"><ele>40.6</ele></trkpt>
<trkpt lat="35.274778" lon="129.109980" sectionIndex="0" pointIndex="1178" originalElevation="41.0" isOriginalElevationFromOSM="false"><ele>40.9</ele></trkpt>
<trkpt lat="35.274820" lon="129.109962" sectionIndex="0" pointIndex="1179" originalElevation="41.0" isOriginalElevationFromOSM="false"><ele>41.1</ele></trkpt>
<trkpt lat="35.274837" lon="129.109955" sectionIndex="0" pointIndex="1180" originalElevation="41.0" isOriginalElevationFromOSM="false"><ele>41.3</ele></trkpt>
<trkpt lat="35.274880" lon="129.109940" sectionIndex="0" pointIndex="1181" originalElevation="41.0" isOriginalElevationFromOSM="false"><ele>41.5</ele></trkpt>
<trkpt lat="35.274924" lon="129.109927" sectionIndex="0" pointIndex="1182" originalElevation="41.0" isOriginalElevationFromOSM="false"><ele>41.7</ele></trkpt>
<trkpt lat="35.274967" lon="129.109913" sectionIndex="0" pointIndex="1183" originalElevation="41.0" isOriginalElevationFromOSM="false"><ele>41.9</ele></trkpt>
<trkpt lat="35.275003" lon="129.109902" sectionIndex="0" pointIndex="1184" originalElevation="43.0" isOriginalElevationFromOSM="false"><ele>42.1</ele></trkpt>
<trkpt lat="35.275043" lon="129.109877" sectionIndex="0" pointIndex="1185" originalElevation="43.0" isOriginalElevationFromOSM="false"><ele>42.2</ele></trkpt>
<trkpt lat="35.275083" lon="129.109850" sectionIndex="0" pointIndex="1186" originalElevation="43.0" isOriginalElevationFromOSM="false"><ele>42.3</ele></trkpt>
<trkpt lat="35.275123" lon="129.109826" sectionIndex="0" pointIndex="1187" originalElevation="43.0" isOriginalElevationFromOSM="false"><ele>42.5</ele></trkpt>
<trkpt lat="35.275163" lon="129.109801" sectionIndex="0" pointIndex="1188" originalElevation="43.0" isOriginalElevationFromOSM="false"><ele>42.6</ele></trkpt>
<trkpt lat="35.275203" lon="129.109776" sectionIndex="0" pointIndex="1189" originalElevation="43.0" isOriginalElevationFromOSM="false"><ele>42.7</ele></trkpt>
<trkpt lat="35.275243" lon="129.109749" sectionIndex="0" pointIndex="1190" originalElevation="43.0" isOriginalElevationFromOSM="false"><ele>42.9</ele></trkpt>
<trkpt lat="35.275253" lon="129.109745" sectionIndex="0" pointIndex="1191" originalElevation="43.0" isOriginalElevationFromOSM="false"><ele>43.0</ele></trkpt>
<trkpt lat="35.275288" lon="129.109711" sectionIndex="0" pointIndex="1192" originalElevation="43.0" isOriginalElevationFromOSM="false"><ele>43.0</ele></trkpt>
<trkpt lat="35.275323" lon="129.109677" sectionIndex="0" pointIndex="1193" originalElevation="43.0" isOriginalElevationFromOSM="false"><ele>43.0</ele></trkpt>
<trkpt lat="35.275359" lon="129.109643" sectionIndex="0" pointIndex="1194" originalElevation="43.0" isOriginalElevationFromOSM="false"><ele>43.0</ele></trkpt>
<trkpt lat="35.275394" lon="129.109610" sectionIndex="0" pointIndex="1195" originalElevation="43.0" isOriginalElevationFromOSM="false"><ele>43.0</ele></trkpt>
<trkpt lat="35.275430" lon="129.109576" sectionIndex="0" pointIndex="1196" originalElevation="43.0" isOriginalElevationFromOSM="false"><ele>43.0</ele></trkpt>
<trkpt lat="35.275465" lon="129.109542" sectionIndex="0" pointIndex="1197" originalElevation="43.0" isOriginalElevationFromOSM="false"><ele>43.0</ele></trkpt>
<trkpt lat="35.275500" lon="129.109508" sectionIndex="0" pointIndex="1198" originalElevation="43.0" isOriginalElevationFromOSM="false"><ele>43.0</ele></trkpt>
<trkpt lat="35.275536" lon="129.109474" sectionIndex="0" pointIndex="1199" originalElevation="43.0" isOriginalElevationFromOSM="false"><ele>43.0</ele></trkpt>
<trkpt lat="35.275571" lon="129.109440" sectionIndex="0" pointIndex="1200" originalElevation="43.0" isOriginalElevationFromOSM="false"><ele>43.0</ele></trkpt>
<trkpt lat="35.275607" lon="129.109406" sectionIndex="0" pointIndex="1201" originalElevation="43.0" isOriginalElevationFromOSM="false"><ele>42.9</ele></trkpt>
<trkpt lat="35.275642" lon="129.109373" sectionIndex="0" pointIndex="1202" originalElevation="43.0" isOriginalElevationFromOSM="false"><ele>43.0</ele></trkpt>
<trkpt lat="35.275677" lon="129.109339" sectionIndex="0" pointIndex="1203" originalElevation="43.0" isOriginalElevationFromOSM="false"><ele>43.1</ele></trkpt>
<trkpt lat="35.275713" lon="129.109305" sectionIndex="0" pointIndex="1204" originalElevation="43.0" isOriginalElevationFromOSM="false"><ele>43.3</ele></trkpt>
<trkpt lat="35.275748" lon="129.109271" sectionIndex="0" pointIndex="1205" originalElevation="43.0" isOriginalElevationFromOSM="false"><ele>43.4</ele></trkpt>
<trkpt lat="35.275784" lon="129.109237" sectionIndex="0" pointIndex="1206" originalElevation="43.0" isOriginalElevationFromOSM="false"><ele>43.5</ele></trkpt>
<trkpt lat="35.275819" lon="129.109203" sectionIndex="0" pointIndex="1207" originalElevation="43.0" isOriginalElevationFromOSM="false"><ele>43.7</ele></trkpt>
<trkpt lat="35.275854" lon="129.109169" sectionIndex="0" pointIndex="1208" originalElevation="41.0" isOriginalElevationFromOSM="false"><ele>43.8</ele></trkpt>
<trkpt lat="35.275890" lon="129.109135" sectionIndex="0" pointIndex="1209" originalElevation="45.0" isOriginalElevationFromOSM="false"><ele>43.9</ele></trkpt>
<trkpt lat="35.275925" lon="129.109102" sectionIndex="0" pointIndex="1210" originalElevation="45.0" isOriginalElevationFromOSM="false"><ele>44.1</ele></trkpt>
<trkpt lat="35.275961" lon="129.109068" sectionIndex="0" pointIndex="1211" originalElevation="45.0" isOriginalElevationFromOSM="false"><ele>44.2</ele></trkpt>
<trkpt lat="35.275993" lon="129.109037" sectionIndex="0" pointIndex="1212" originalElevation="45.0" isOriginalElevationFromOSM="false"><ele>44.0</ele></trkpt>
<trkpt lat="35.276037" lon="129.109028" sectionIndex="0" pointIndex="1213" originalElevation="45.0" isOriginalElevationFromOSM="false"><ele>43.9</ele></trkpt>
<trkpt lat="35.276072" lon="129.109026" sectionIndex="0" pointIndex="1214" originalElevation="45.0" isOriginalElevationFromOSM="false"><ele>43.7</ele></trkpt>
<trkpt lat="35.276111" lon="129.109001" sectionIndex="0" pointIndex="1215" originalElevation="45.0" isOriginalElevationFromOSM="false"><ele>43.6</ele></trkpt>
<trkpt lat="35.276151" lon="129.108972" sectionIndex="0" pointIndex="1216" originalElevation="45.0" isOriginalElevationFromOSM="false"><ele>43.5</ele></trkpt>
<trkpt lat="35.276164" lon="129.108967" sectionIndex="0" pointIndex="1217" originalElevation="45.0" isOriginalElevationFromOSM="false"><ele>43.1</ele></trkpt>
<trkpt lat="35.276208" lon="129.108957" sectionIndex="0" pointIndex="1218" originalElevation="45.0" isOriginalElevationFromOSM="false"><ele>42.7</ele></trkpt>
<trkpt lat="35.276180" lon="129.108960" sectionIndex="0" pointIndex="1219" originalElevation="40.6" isOriginalElevationFromOSM="true"><ele>42.3</ele></trkpt>
<trkpt lat="35.276160" lon="129.108920" sectionIndex="0" pointIndex="1220" originalElevation="40.9" isOriginalElevationFromOSM="true"><ele>41.8</ele></trkpt>
<trkpt lat="35.276250" lon="129.108900" sectionIndex="0" pointIndex="1221" originalElevation="40.6" isOriginalElevationFromOSM="true"><ele>41.3</ele></trkpt>
<trkpt lat="35.276253" lon="129.108901" sectionIndex="0" pointIndex="1222" originalElevation="40.6" isOriginalElevationFromOSM="false"><ele>40.9</ele></trkpt>
<trkpt lat="35.276410" lon="129.108970" sectionIndex="0" pointIndex="1223" originalElevation="39.6" isOriginalElevationFromOSM="true"><ele>40.4</ele></trkpt>
<trkpt lat="35.276520" lon="129.108990" sectionIndex="0" pointIndex="1224" originalElevation="39.1" isOriginalElevationFromOSM="true"><ele>40.0</ele></trkpt>
<trkpt lat="35.276630" lon="129.108950" sectionIndex="0" pointIndex="1225" originalElevation="38.9" isOriginalElevationFromOSM="true"><ele>39.7</ele></trkpt>
<trkpt lat="35.276860" lon="129.108810" sectionIndex="0" pointIndex="1226" originalElevation="38.6" isOriginalElevationFromOSM="true"><ele>39.5</ele></trkpt>
<trkpt lat="35.277450" lon="129.108450" sectionIndex="0" pointIndex="1227" originalElevation="38.3" isOriginalElevationFromOSM="true"><ele>39.6</ele></trkpt>
<trkpt lat="35.277580" lon="129.108319" sectionIndex="0" pointIndex="1228" originalElevation="37.9" isOriginalElevationFromOSM="true"><ele>39.7</ele></trkpt>
<trkpt lat="35.278110" lon="129.107990" sectionIndex="0" pointIndex="1229" originalElevation="38.0" isOriginalElevationFromOSM="true"><ele>40.0</ele></trkpt>
<trkpt lat="35.279000" lon="129.107400" sectionIndex="0" pointIndex="1230" originalElevation="38.6" isOriginalElevationFromOSM="true"><ele>40.4</ele></trkpt>
<trkpt lat="35.279210" lon="129.107260" sectionIndex="0" pointIndex="1231" originalElevation="39.2" isOriginalElevationFromOSM="true"><ele>40.8</ele></trkpt>
<trkpt lat="35.280220" lon="129.106680" sectionIndex="0" pointIndex="1232" originalElevation="40.0" isOriginalElevationFromOSM="true"><ele>41.3</ele></trkpt>
<trkpt lat="35.280970" lon="129.106310" sectionIndex="0" pointIndex="1233" originalElevation="42.3" isOriginalElevationFromOSM="true"><ele>41.8</ele></trkpt>
<trkpt lat="35.283090" lon="129.105257" sectionIndex="0" pointIndex="1234" originalElevation="42.3" isOriginalElevationFromOSM="true"><ele>42.2</ele></trkpt>
<trkpt lat="35.285240" lon="129.104199" sectionIndex="0" pointIndex="1235" originalElevation="42.3" isOriginalElevationFromOSM="true"><ele>42.7</ele></trkpt>
<trkpt lat="35.287150" lon="129.103250" sectionIndex="0" pointIndex="1236" originalElevation="45.3" isOriginalElevationFromOSM="true"><ele>43.2</ele></trkpt>
<trkpt lat="35.287650" lon="129.103000" sectionIndex="0" pointIndex="1237" originalElevation="46.0" isOriginalElevationFromOSM="true"><ele>43.7</ele></trkpt>
<trkpt lat="35.288100" lon="129.102830" sectionIndex="0" pointIndex="1238" originalElevation="45.9" isOriginalElevationFromOSM="true"><ele>44.2</ele></trkpt>
<trkpt lat="35.288109" lon="129.102822" sectionIndex="0" pointIndex="1239" originalElevation="45.9" isOriginalElevationFromOSM="false"><ele>44.7</ele></trkpt>
<trkpt lat="35.288150" lon="129.102790" sectionIndex="0" pointIndex="1240" originalElevation="45.9" isOriginalElevationFromOSM="true"><ele>45.1</ele></trkpt>
<trkpt lat="35.288170" lon="129.102820" sectionIndex="0" pointIndex="1241" originalElevation="45.8" isOriginalElevationFromOSM="true"><ele>45.4</ele></trkpt>
<trkpt lat="35.288210" lon="129.102920" sectionIndex="0" pointIndex="1242" originalElevation="45.6" isOriginalElevationFromOSM="true"><ele>45.7</ele></trkpt>
<trkpt lat="35.288350" lon="129.103340" sectionIndex="0" pointIndex="1243" originalElevation="45.3" isOriginalElevationFromOSM="true"><ele>46.0</ele></trkpt>
<trkpt lat="35.288400" lon="129.103410" sectionIndex="0" pointIndex="1244" originalElevation="45.2" isOriginalElevationFromOSM="true"><ele>46.2</ele></trkpt>
<trkpt lat="35.288880" lon="129.103180" sectionIndex="0" pointIndex="1245" originalElevation="46.0" isOriginalElevationFromOSM="true"><ele>46.2</ele></trkpt>
<trkpt lat="35.288990" lon="129.103107" sectionIndex="0" pointIndex="1246" originalElevation="46.3" isOriginalElevationFromOSM="true"><ele>46.3</ele></trkpt>
<trkpt lat="35.289120" lon="129.103090" sectionIndex="0" pointIndex="1247" originalElevation="46.5" isOriginalElevationFromOSM="true"><ele>46.4</ele></trkpt>
<trkpt lat="35.289440" lon="129.102910" sectionIndex="0" pointIndex="1248" originalElevation="47.0" isOriginalElevationFromOSM="true"><ele>46.4</ele></trkpt>
<trkpt lat="35.289550" lon="129.102880" sectionIndex="0" pointIndex="1249" originalElevation="47.0" isOriginalElevationFromOSM="true"><ele>46.5</ele></trkpt>
<trkpt lat="35.290380" lon="129.102550" sectionIndex="0" pointIndex="1250" originalElevation="47.0" isOriginalElevationFromOSM="true"><ele>46.8</ele></trkpt>
<trkpt lat="35.290600" lon="129.102460" sectionIndex="0" pointIndex="1251" originalElevation="47.0" isOriginalElevationFromOSM="true"><ele>46.9</ele></trkpt>
<trkpt lat="35.290780" lon="129.102350" sectionIndex="0" pointIndex="1252" originalElevation="47.0" isOriginalElevationFromOSM="true"><ele>46.9</ele></trkpt>
<trkpt lat="35.290990" lon="129.102180" sectionIndex="0" pointIndex="1253" originalElevation="46.9" isOriginalElevationFromOSM="true"><ele>46.9</ele></trkpt>
<trkpt lat="35.291120" lon="129.102128" sectionIndex="0" pointIndex="1254" originalElevation="46.8" isOriginalElevationFromOSM="true"><ele>46.8</ele></trkpt>
<trkpt lat="35.291340" lon="129.102090" sectionIndex="0" pointIndex="1255" originalElevation="46.7" isOriginalElevationFromOSM="true"><ele>46.7</ele></trkpt>
</trkseg>
</trk>   
</gpx>