<?xml version="1.0" encoding="UTF-8"?>
<gpx creator="Garmin Connect" version="1.1" schemaLocation="http://www.topografix.com/GPX/1/1 http://www.topografix.com/GPX/1/1/gpx.xsd http://www.garmin.com/xmlschemas/GpxExtensions/v3 http://www.garmin.com/xmlschemas/GpxExtensionsv3.xsd http://www.garmin.com/xmlschemas/TrackPointExtension/v1 http://www.garmin.com/xmlschemas/TrackPointExtensionv1.xsd http://www.garmin.com/xmlschemas/PowerExtension/v1 http://www.garmin.com/xmlschemas/PowerExtensionv1.xsd http://www.topografix.com/GPX/gpx_style/0/2 http://www.topografix.com/GPX/gpx_style/0/2/gpx_style.xsd" xmlns="http://www.topografix.com/GPX/1/1" xmlns:xsi="http://www.w3.org/2001/XMLSchema-instance" xsi:schemaLocation="http://www.topografix.com/GPX/1/1 http://www.topografix.com/GPX/1/1/gpx.xsd http://www.garmin.com/xmlschemas/GpxExtensions/v3 http://www.garmin.com/xmlschemas/GpxExtensionsv3.xsd http://www.garmin.com/xmlschemas/TrackPointExtension/v1 http://www.garmin.com/xmlschemas/TrackPointExtensionv1.xsd http://www.garmin.com/xmlschemas/PowerExtension/v1 http://www.garmin.com/xmlschemas/PowerExtensionv1.xsd http://www.topografix.com/GPX/gpx_style/0/2 http://www.topografix.com/GPX/gpx_style/0/2/gpx_style.xsd" xmlns:gpxtpx="http://www.garmin.com/xmlschemas/TrackPointExtension/v1" xmlns:gpxx="http://www.garmin.com/xmlschemas/GpxExtensions/v3" xmlns:gpxpx="http://www.garmin.com/xmlschemas/PowerExtension/v1" xmlns:gpx_style="http://www.topografix.com/GPX/gpx_style/0/2">
  <metadata>
    <name>8th_JTR_40J</name>
    <author>
      <name>gpx.studio</name>
      <link href="https://gpx.studio"/>
    </author>
    <link href="connect.garmin.com">
      <text>Garmin Connect</text>
    </link>
    <time>2025-04-04T23:00:00.000Z</time>
  </metadata>
  <trk>
    <name>8th_JTR_40J</name>
    <type>trail_running</type>
    <trkseg>
      <trkpt lat="35.64026894979179" lon="127.52012296579778">
        <ele>437.3999938964844</ele>
        <time>2023-07-13T13:13:21.000Z</time>
      </trkpt>
      <trkpt lat="35.64013592898846" lon="127.5201769452542">
        <ele>438.3999938964844</ele>
        <time>2023-07-13T13:13:21.000Z</time>
      </trkpt>
      <trkpt lat="35.63991095870733" lon="127.52022799104452">
        <ele>439.6000061035156</ele>
        <time>2023-07-13T13:13:21.000Z</time>
      </trkpt>
      <trkpt lat="35.63984893262386" lon="127.52025892026722">
        <ele>439.79998779296875</ele>
        <time>2023-07-13T13:13:21.000Z</time>
      </trkpt>
      <trkpt lat="35.63975396566093" lon="127.52034693025053">
        <ele>440.20001220703125</ele>
        <time>2023-07-13T13:13:21.000Z</time>
      </trkpt>
      <trkpt lat="35.639681965112686" lon="127.52045597881079">
        <ele>441</ele>
        <time>2023-07-13T13:13:21.000Z</time>
      </trkpt>
      <trkpt lat="35.63962798565626" lon="127.52062696963549">
        <ele>441.3999938964844</ele>
        <time>2023-07-13T13:13:21.000Z</time>
      </trkpt>
      <trkpt lat="35.63964097760618" lon="127.52075395546854">
        <ele>441.3999938964844</ele>
        <time>2023-07-13T13:13:21.000Z</time>
      </trkpt>
      <trkpt lat="35.63965396955609" lon="127.52079796046019">
        <ele>441.3999938964844</ele>
        <time>2023-07-13T13:13:21.000Z</time>
      </trkpt>
      <trkpt lat="35.63977693207562" lon="127.52097892574966">
        <ele>441.3999938964844</ele>
        <time>2023-07-13T13:13:21.000Z</time>
      </trkpt>
      <trkpt lat="35.63984096981585" lon="127.52100692130625">
        <ele>441</ele>
        <time>2023-07-13T13:13:21.000Z</time>
      </trkpt>
      <trkpt lat="35.639955969527364" lon="127.52102594822645">
        <ele>440.20001220703125</ele>
        <time>2023-07-13T13:13:21.000Z</time>
      </trkpt>
      <trkpt lat="35.64063892699778" lon="127.52091698348522">
        <ele>436.3999938964844</ele>
        <time>2023-07-13T13:13:22.000Z</time>
      </trkpt>
      <trkpt lat="35.64118995331228" lon="127.52089996822178">
        <ele>436.20001220703125</ele>
        <time>2023-07-13T13:13:22.000Z</time>
      </trkpt>
      <trkpt lat="35.64113396219909" lon="127.52104195766151">
        <ele>437.3999938964844</ele>
        <time>2023-07-13T13:13:22.000Z</time>
      </trkpt>
      <trkpt lat="35.64099792391062" lon="127.52116994932294">
        <ele>438.20001220703125</ele>
        <time>2023-07-13T13:13:23.000Z</time>
      </trkpt>
      <trkpt lat="35.640813941136" lon="127.52128394320607">
        <ele>438.3999938964844</ele>
        <time>2023-07-13T13:13:23.000Z</time>
      </trkpt>
      <trkpt lat="35.64044094644487" lon="127.521444959566">
        <ele>436.3999938964844</ele>
        <time>2023-07-13T13:13:23.000Z</time>
      </trkpt>
      <trkpt lat="35.638906974345446" lon="127.52190194092691">
        <ele>448</ele>
        <time>2023-07-13T13:13:24.000Z</time>
      </trkpt>
      <trkpt lat="35.63836592249572" lon="127.52204099670053">
        <ele>449</ele>
        <time>2023-07-13T13:13:25.000Z</time>
      </trkpt>
      <trkpt lat="35.63829199410975" lon="127.52211894840002">
        <ele>448.79998779296875</ele>
        <time>2023-07-13T13:13:25.000Z</time>
      </trkpt>
      <trkpt lat="35.63828797079623" lon="127.52214493229985">
        <ele>448.6000061035156</ele>
        <time>2023-07-13T13:13:26.000Z</time>
      </trkpt>
      <trkpt lat="35.63829392194748" lon="127.52239597029984">
        <ele>449</ele>
        <time>2023-07-13T13:13:27.000Z</time>
      </trkpt>
      <trkpt lat="35.63833893276751" lon="127.5227729883045">
        <ele>449.20001220703125</ele>
        <time>2023-07-13T13:13:27.000Z</time>
      </trkpt>
      <trkpt lat="35.638498943299055" lon="127.52366599626839">
        <ele>446.6000061035156</ele>
        <time>2023-07-13T13:13:28.000Z</time>
      </trkpt>
      <trkpt lat="35.638556946069" lon="127.52418994903564">
        <ele>446.79998779296875</ele>
        <time>2023-07-13T13:13:29.000Z</time>
      </trkpt>
      <trkpt lat="35.638646967709064" lon="127.52461792901158">
        <ele>447</ele>
        <time>2023-07-13T13:13:30.000Z</time>
      </trkpt>
      <trkpt lat="35.63872299157083" lon="127.52512595616281">
        <ele>448</ele>
        <time>2023-07-13T13:13:31.000Z</time>
      </trkpt>
      <trkpt lat="35.63877194188535" lon="127.52533793449402">
        <ele>448.3999938964844</ele>
        <time>2023-07-13T13:13:32.000Z</time>
      </trkpt>
      <trkpt lat="35.63885894604027" lon="127.52556592226028">
        <ele>450.6000061035156</ele>
        <time>2023-07-13T13:13:33.000Z</time>
      </trkpt>
      <trkpt lat="35.64021999947727" lon="127.52772099338472">
        <ele>456.6000061035156</ele>
        <time>2023-07-13T13:13:34.000Z</time>
      </trkpt>
      <trkpt lat="35.64045092090964" lon="127.52813497558236">
        <ele>459.79998779296875</ele>
        <time>2023-07-13T13:13:35.000Z</time>
      </trkpt>
      <trkpt lat="35.640925923362374" lon="127.52885799854994">
        <ele>461.20001220703125</ele>
        <time>2023-07-13T13:13:37.000Z</time>
      </trkpt>
      <trkpt lat="35.64173494465649" lon="127.53015694208443">
        <ele>474.79998779296875</ele>
        <time>2023-07-13T13:13:38.000Z</time>
      </trkpt>
      <trkpt lat="35.64173695631325" lon="127.530287951231">
        <ele>476.20001220703125</ele>
        <time>2023-07-13T13:13:40.000Z</time>
      </trkpt>
      <trkpt lat="35.64175891689956" lon="127.53032198175788">
        <ele>476.6000061035156</ele>
        <time>2023-07-13T13:13:41.000Z</time>
      </trkpt>
      <trkpt lat="35.64181197434664" lon="127.53036095760763">
        <ele>477.20001220703125</ele>
        <time>2023-07-13T13:13:43.000Z</time>
      </trkpt>
      <trkpt lat="35.64181599766016" lon="127.53035098314285">
        <ele>477</ele>
        <time>2023-07-13T13:13:44.000Z</time>
      </trkpt>
      <trkpt lat="35.641805939376354" lon="127.5303709320724">
        <ele>477.20001220703125</ele>
        <time>2023-07-13T13:13:46.000Z</time>
      </trkpt>
      <trkpt lat="35.64181792549789" lon="127.53049892373383">
        <ele>479.79998779296875</ele>
        <time>2023-07-13T13:13:48.000Z</time>
      </trkpt>
      <trkpt lat="35.64186595380306" lon="127.53061492927372">
        <ele>482.20001220703125</ele>
        <time>2023-07-13T13:13:49.000Z</time>
      </trkpt>
      <trkpt lat="35.64183795824647" lon="127.53067092038691">
        <ele>483.79998779296875</ele>
        <time>2023-07-13T13:13:51.000Z</time>
      </trkpt>
      <trkpt lat="35.641850950196385" lon="127.53071391955018">
        <ele>484.79998779296875</ele>
        <time>2023-07-13T13:13:52.000Z</time>
      </trkpt>
      <trkpt lat="35.64188892021775" lon="127.53072992898524">
        <ele>484.79998779296875</ele>
        <time>2023-07-13T13:13:54.000Z</time>
      </trkpt>
      <trkpt lat="35.641953963786364" lon="127.53071693703532">
        <ele>484</ele>
        <time>2023-07-13T13:13:56.000Z</time>
      </trkpt>
      <trkpt lat="35.64200995489955" lon="127.5307419989258">
        <ele>484</ele>
        <time>2023-07-13T13:13:57.000Z</time>
      </trkpt>
      <trkpt lat="35.642086984589696" lon="127.5309029314667">
        <ele>486.6000061035156</ele>
        <time>2023-07-13T13:13:59.000Z</time>
      </trkpt>
      <trkpt lat="35.64204792492092" lon="127.53100695088506">
        <ele>491</ele>
        <time>2023-07-13T13:14:00.000Z</time>
      </trkpt>
      <trkpt lat="35.642063934355974" lon="127.5311529636383">
        <ele>495.3999938964844</ele>
        <time>2023-07-13T13:14:02.000Z</time>
      </trkpt>
      <trkpt lat="35.642019929364324" lon="127.53130098804832">
        <ele>502</ele>
        <time>2023-07-13T13:14:04.000Z</time>
      </trkpt>
      <trkpt lat="35.64196192659438" lon="127.53140894696116">
        <ele>507.79998779296875</ele>
        <time>2023-07-13T13:14:05.000Z</time>
      </trkpt>
      <trkpt lat="35.64190895296633" lon="127.53168898634613">
        <ele>512.2000122070312</ele>
        <time>2023-07-13T13:14:07.000Z</time>
      </trkpt>
      <trkpt lat="35.641804933547974" lon="127.53174698911607">
        <ele>514.7999877929688</ele>
        <time>2023-07-13T13:14:09.000Z</time>
      </trkpt>
      <trkpt lat="35.6417949590832" lon="127.53177699632943">
        <ele>515.2000122070312</ele>
        <time>2023-07-13T13:14:11.000Z</time>
      </trkpt>
      <trkpt lat="35.641616927459836" lon="127.53186592832208">
        <ele>519</ele>
        <time>2023-07-13T13:14:12.000Z</time>
      </trkpt>
      <trkpt lat="35.64153193496168" lon="127.53194496966898">
        <ele>521.4000244140625</ele>
        <time>2023-07-13T13:14:14.000Z</time>
      </trkpt>
      <trkpt lat="35.64146798104048" lon="127.53197397105396">
        <ele>522.2000122070312</ele>
        <time>2023-07-13T13:14:16.000Z</time>
      </trkpt>
      <trkpt lat="35.64137192443013" lon="127.53207497298717">
        <ele>524.5999755859375</ele>
        <time>2023-07-13T13:14:18.000Z</time>
      </trkpt>
      <trkpt lat="35.64120193943381" lon="127.53215493634343">
        <ele>529.2000122070312</ele>
        <time>2023-07-13T13:14:19.000Z</time>
      </trkpt>
      <trkpt lat="35.64115894027054" lon="127.53214496187866">
        <ele>530.2000122070312</ele>
        <time>2023-07-13T13:14:21.000Z</time>
      </trkpt>
      <trkpt lat="35.640749987214804" lon="127.53239499405026">
        <ele>539.5999755859375</ele>
        <time>2023-07-13T13:14:23.000Z</time>
      </trkpt>
      <trkpt lat="35.64052493311465" lon="127.53256095573306">
        <ele>544.7999877929688</ele>
        <time>2023-07-13T13:14:25.000Z</time>
      </trkpt>
      <trkpt lat="35.64048897475004" lon="127.5325729418546">
        <ele>545.4000244140625</ele>
        <time>2023-07-13T13:14:27.000Z</time>
      </trkpt>
      <trkpt lat="35.64040197059512" lon="127.53256196156144">
        <ele>547.4000244140625</ele>
        <time>2023-07-13T13:14:29.000Z</time>
      </trkpt>
      <trkpt lat="35.640324940904975" lon="127.53249096684158">
        <ele>549.7999877929688</ele>
        <time>2023-07-13T13:14:31.000Z</time>
      </trkpt>
      <trkpt lat="35.64014498144388" lon="127.53238694742322">
        <ele>551.4000244140625</ele>
        <time>2023-07-13T13:14:33.000Z</time>
      </trkpt>
      <trkpt lat="35.64007599838078" lon="127.53236993215978">
        <ele>552</ele>
        <time>2023-07-13T13:14:35.000Z</time>
      </trkpt>
      <trkpt lat="35.63988296315074" lon="127.53239599987864">
        <ele>551.7999877929688</ele>
        <time>2023-07-13T13:14:37.000Z</time>
      </trkpt>
      <trkpt lat="35.639743991196156" lon="127.53254293464124">
        <ele>553.7999877929688</ele>
        <time>2023-07-13T13:14:39.000Z</time>
      </trkpt>
      <trkpt lat="35.63971691764891" lon="127.53262993879616">
        <ele>555.5999755859375</ele>
        <time>2023-07-13T13:14:41.000Z</time>
      </trkpt>
      <trkpt lat="35.63968297094107" lon="127.53268098458648">
        <ele>557</ele>
        <time>2023-07-13T13:14:43.000Z</time>
      </trkpt>
      <trkpt lat="35.63964793458581" lon="127.53270998597145">
        <ele>558.4000244140625</ele>
        <time>2023-07-13T13:14:45.000Z</time>
      </trkpt>
      <trkpt lat="35.639616921544075" lon="127.5326939765364">
        <ele>558.5999755859375</ele>
        <time>2023-07-13T13:14:47.000Z</time>
      </trkpt>
      <trkpt lat="35.63952296040952" lon="127.53274795599282">
        <ele>562.7999877929688</ele>
        <time>2023-07-13T13:14:49.000Z</time>
      </trkpt>
      <trkpt lat="35.63947392627597" lon="127.5327349640429">
        <ele>563.5999755859375</ele>
        <time>2023-07-13T13:14:51.000Z</time>
      </trkpt>
      <trkpt lat="35.63941592350602" lon="127.53280595876276">
        <ele>567</ele>
        <time>2023-07-13T13:14:53.000Z</time>
      </trkpt>
      <trkpt lat="35.63939597457647" lon="127.53286396153271">
        <ele>567.7999877929688</ele>
        <time>2023-07-13T13:14:55.000Z</time>
      </trkpt>
      <trkpt lat="35.63925398513675" lon="127.53297694958746">
        <ele>573.4000244140625</ele>
        <time>2023-07-13T13:14:57.000Z</time>
      </trkpt>
      <trkpt lat="35.639097997918725" lon="127.53299798816442">
        <ele>578</ele>
        <time>2023-07-13T13:14:59.000Z</time>
      </trkpt>
      <trkpt lat="35.63898794353008" lon="127.53297099843621">
        <ele>581</ele>
        <time>2023-07-13T13:15:01.000Z</time>
      </trkpt>
      <trkpt lat="35.638774959370494" lon="127.532869996503">
        <ele>583</ele>
        <time>2023-07-13T13:15:03.000Z</time>
      </trkpt>
      <trkpt lat="35.63866691663861" lon="127.53287896513939">
        <ele>583.5999755859375</ele>
        <time>2023-07-13T13:15:05.000Z</time>
      </trkpt>
      <trkpt lat="35.63863397575915" lon="127.53286094404757">
        <ele>583.7999877929688</ele>
        <time>2023-07-13T13:15:07.000Z</time>
      </trkpt>
      <trkpt lat="35.63836198300123" lon="127.5329059548676">
        <ele>587.4000244140625</ele>
        <time>2023-07-13T13:15:10.000Z</time>
      </trkpt>
      <trkpt lat="35.63827196136117" lon="127.53300997428596">
        <ele>588.7999877929688</ele>
        <time>2023-07-13T13:15:12.000Z</time>
      </trkpt>
      <trkpt lat="35.63822996802628" lon="127.53302397206426">
        <ele>588.7999877929688</ele>
        <time>2023-07-13T13:15:14.000Z</time>
      </trkpt>
      <trkpt lat="35.63807498663664" lon="127.53299698233604">
        <ele>588.7999877929688</ele>
        <time>2023-07-13T13:15:16.000Z</time>
      </trkpt>
      <trkpt lat="35.637615993618965" lon="127.5330439209938">
        <ele>598.5999755859375</ele>
        <time>2023-07-13T13:15:18.000Z</time>
      </trkpt>
      <trkpt lat="35.63757995143533" lon="127.533062947914">
        <ele>600</ele>
        <time>2023-07-13T13:15:21.000Z</time>
      </trkpt>
      <trkpt lat="35.637400997802615" lon="127.53327492624521">
        <ele>602.4000244140625</ele>
        <time>2023-07-13T13:15:23.000Z</time>
      </trkpt>
      <trkpt lat="35.63728398643434" lon="127.53332999534905">
        <ele>607</ele>
        <time>2023-07-13T13:15:25.000Z</time>
      </trkpt>
      <trkpt lat="35.63723897561431" lon="127.53332697786391">
        <ele>608.2000122070312</ele>
        <time>2023-07-13T13:15:28.000Z</time>
      </trkpt>
      <trkpt lat="35.63722296617925" lon="127.53330493345857">
        <ele>608.2000122070312</ele>
        <time>2023-07-13T13:15:30.000Z</time>
      </trkpt>
      <trkpt lat="35.63715096563101" lon="127.53327392041683">
        <ele>609.4000244140625</ele>
        <time>2023-07-13T13:15:32.000Z</time>
      </trkpt>
      <trkpt lat="35.637123975902796" lon="127.53328892402351">
        <ele>610.5999755859375</ele>
        <time>2023-07-13T13:15:35.000Z</time>
      </trkpt>
      <trkpt lat="35.637076953426" lon="127.53327098675072">
        <ele>611.4000244140625</ele>
        <time>2023-07-13T13:15:37.000Z</time>
      </trkpt>
      <trkpt lat="35.63689297065139" lon="127.5332809612155">
        <ele>617.7999877929688</ele>
        <time>2023-07-13T13:15:39.000Z</time>
      </trkpt>
      <trkpt lat="35.63682792708278" lon="127.53332999534905">
        <ele>621.2000122070312</ele>
        <time>2023-07-13T13:15:42.000Z</time>
      </trkpt>
      <trkpt lat="35.636691972613335" lon="127.53337391652167">
        <ele>627.2000122070312</ele>
        <time>2023-07-13T13:15:44.000Z</time>
      </trkpt>
      <trkpt lat="35.636647967621684" lon="127.53341993317008">
        <ele>630.2000122070312</ele>
        <time>2023-07-13T13:15:46.000Z</time>
      </trkpt>
      <trkpt lat="35.636542942374945" lon="127.53347299061716">
        <ele>635.7999877929688</ele>
        <time>2023-07-13T13:15:49.000Z</time>
      </trkpt>
      <trkpt lat="35.636475970968604" lon="127.53357499837875">
        <ele>640.7999877929688</ele>
        <time>2023-07-13T13:15:51.000Z</time>
      </trkpt>
      <trkpt lat="35.63646096736193" lon="127.53356896340847">
        <ele>641.4000244140625</ele>
        <time>2023-07-13T13:15:54.000Z</time>
      </trkpt>
      <trkpt lat="35.63640899956226" lon="127.53361095674336">
        <ele>644.5999755859375</ele>
        <time>2023-07-13T13:15:56.000Z</time>
      </trkpt>
      <trkpt lat="35.63639894127846" lon="127.5335999764502">
        <ele>644.7999877929688</ele>
        <time>2023-07-13T13:15:58.000Z</time>
      </trkpt>
      <trkpt lat="35.63635393045843" lon="127.53367893397808">
        <ele>647.4000244140625</ele>
        <time>2023-07-13T13:16:01.000Z</time>
      </trkpt>
      <trkpt lat="35.63636499457061" lon="127.53370097838342">
        <ele>647.4000244140625</ele>
        <time>2023-07-13T13:16:03.000Z</time>
      </trkpt>
      <trkpt lat="35.636328952386975" lon="127.53374397754669">
        <ele>649.2000122070312</ele>
        <time>2023-07-13T13:16:06.000Z</time>
      </trkpt>
      <trkpt lat="35.63630196265876" lon="127.53373794257641">
        <ele>650.2000122070312</ele>
        <time>2023-07-13T13:16:08.000Z</time>
      </trkpt>
      <trkpt lat="35.63628897070885" lon="127.53375797532499">
        <ele>651</ele>
        <time>2023-07-13T13:16:11.000Z</time>
      </trkpt>
      <trkpt lat="35.63628897070885" lon="127.53383793868124">
        <ele>651.7999877929688</ele>
        <time>2023-07-13T13:16:13.000Z</time>
      </trkpt>
      <trkpt lat="35.6363329757005" lon="127.53388898447156">
        <ele>651</ele>
        <time>2023-07-13T13:16:16.000Z</time>
      </trkpt>
      <trkpt lat="35.63629399985075" lon="127.5339469872415">
        <ele>651.5999755859375</ele>
        <time>2023-07-13T13:16:18.000Z</time>
      </trkpt>
      <trkpt lat="35.63625091686845" lon="127.5339419580996">
        <ele>653</ele>
        <time>2023-07-13T13:16:20.000Z</time>
      </trkpt>
      <trkpt lat="35.6361239310354" lon="127.53396794199944">
        <ele>657.2000122070312</ele>
        <time>2023-07-13T13:16:23.000Z</time>
      </trkpt>
      <trkpt lat="35.636006919667125" lon="127.53395394422114">
        <ele>660.5999755859375</ele>
        <time>2023-07-13T13:16:25.000Z</time>
      </trkpt>
      <trkpt lat="35.63582796603441" lon="127.53397791646421">
        <ele>666.4000244140625</ele>
        <time>2023-07-13T13:16:28.000Z</time>
      </trkpt>
      <trkpt lat="35.63582394272089" lon="127.5339649245143">
        <ele>666.5999755859375</ele>
        <time>2023-07-13T13:16:30.000Z</time>
      </trkpt>
      <trkpt lat="35.63571891747415" lon="127.53402099944651">
        <ele>671.4000244140625</ele>
        <time>2023-07-13T13:16:33.000Z</time>
      </trkpt>
      <trkpt lat="35.63565194606781" lon="127.53403399139643">
        <ele>674.2000122070312</ele>
        <time>2023-07-13T13:16:36.000Z</time>
      </trkpt>
      <trkpt lat="35.63560894690454" lon="127.53406994976103">
        <ele>675.7999877929688</ele>
        <time>2023-07-13T13:16:38.000Z</time>
      </trkpt>
      <trkpt lat="35.635445918887854" lon="127.53404296003282">
        <ele>683.4000244140625</ele>
        <time>2023-07-13T13:16:41.000Z</time>
      </trkpt>
      <trkpt lat="35.635406943038106" lon="127.5340579636395">
        <ele>685.7999877929688</ele>
        <time>2023-07-13T13:16:43.000Z</time>
      </trkpt>
      <trkpt lat="35.63536997884512" lon="127.5340489950031">
        <ele>687.7999877929688</ele>
        <time>2023-07-13T13:16:46.000Z</time>
      </trkpt>
      <trkpt lat="35.63533091917634" lon="127.53398596309125">
        <ele>690.2000122070312</ele>
        <time>2023-07-13T13:16:48.000Z</time>
      </trkpt>
      <trkpt lat="35.6352689769119" lon="127.53395796753466">
        <ele>691.5999755859375</ele>
        <time>2023-07-13T13:16:51.000Z</time>
      </trkpt>
      <trkpt lat="35.63524198718369" lon="127.53387699835002">
        <ele>691.5999755859375</ele>
        <time>2023-07-13T13:16:54.000Z</time>
      </trkpt>
      <trkpt lat="35.63521692529321" lon="127.53385193645954">
        <ele>691.5999755859375</ele>
        <time>2023-07-13T13:16:56.000Z</time>
      </trkpt>
      <trkpt lat="35.63517996110022" lon="127.53391698002815">
        <ele>693</ele>
        <time>2023-07-13T13:16:59.000Z</time>
      </trkpt>
      <trkpt lat="35.63515791669488" lon="127.53391899168491">
        <ele>693.2000122070312</ele>
        <time>2023-07-13T13:17:01.000Z</time>
      </trkpt>
      <trkpt lat="35.635147942230105" lon="127.53401496447623">
        <ele>693.4000244140625</ele>
        <time>2023-07-13T13:17:04.000Z</time>
      </trkpt>
      <trkpt lat="35.63510896638036" lon="127.53409593366086">
        <ele>695.4000244140625</ele>
        <time>2023-07-13T13:17:07.000Z</time>
      </trkpt>
      <trkpt lat="35.63496597111225" lon="127.53427295945585">
        <ele>699</ele>
        <time>2023-07-13T13:17:09.000Z</time>
      </trkpt>
      <trkpt lat="35.63495599664748" lon="127.53438494168222">
        <ele>700.4000244140625</ele>
        <time>2023-07-13T13:17:12.000Z</time>
      </trkpt>
      <trkpt lat="35.63491995446384" lon="127.53450094722211">
        <ele>701.7999877929688</ele>
        <time>2023-07-13T13:17:15.000Z</time>
      </trkpt>
      <trkpt lat="35.63487293198705" lon="127.53458493389189">
        <ele>702.2000122070312</ele>
        <time>2023-07-13T13:17:17.000Z</time>
      </trkpt>
      <trkpt lat="35.634784922003746" lon="127.53468995913863">
        <ele>702.7999877929688</ele>
        <time>2023-07-13T13:17:20.000Z</time>
      </trkpt>
      <trkpt lat="35.634734965860844" lon="127.53470395691693">
        <ele>702.5999755859375</ele>
        <time>2023-07-13T13:17:23.000Z</time>
      </trkpt>
      <trkpt lat="35.6346629653126" lon="127.53476497717202">
        <ele>701</ele>
        <time>2023-07-13T13:17:25.000Z</time>
      </trkpt>
      <trkpt lat="35.63462792895734" lon="127.5348159391433">
        <ele>699.7999877929688</ele>
        <time>2023-07-13T13:17:28.000Z</time>
      </trkpt>
      <trkpt lat="35.63465399667621" lon="127.53484192304313">
        <ele>700</ele>
        <time>2023-07-13T13:17:31.000Z</time>
      </trkpt>
      <trkpt lat="35.63441896811128" lon="127.5349179469049">
        <ele>692.2000122070312</ele>
        <time>2023-07-13T13:17:34.000Z</time>
      </trkpt>
      <trkpt lat="35.63431796617806" lon="127.53499497659504">
        <ele>688.4000244140625</ele>
        <time>2023-07-13T13:17:36.000Z</time>
      </trkpt>
      <trkpt lat="35.634267926216125" lon="127.5349919591099">
        <ele>687</ele>
        <time>2023-07-13T13:17:39.000Z</time>
      </trkpt>
      <trkpt lat="35.63423791900277" lon="127.53501894883811">
        <ele>685.5999755859375</ele>
        <time>2023-07-13T13:17:42.000Z</time>
      </trkpt>
      <trkpt lat="35.633923932909966" lon="127.535171918571">
        <ele>683.7999877929688</ele>
        <time>2023-07-13T13:17:45.000Z</time>
      </trkpt>
      <trkpt lat="35.63373995013535" lon="127.53529999405146">
        <ele>682</ele>
        <time>2023-07-13T13:17:48.000Z</time>
      </trkpt>
      <trkpt lat="35.633167969062924" lon="127.53559092991054">
        <ele>670.2000122070312</ele>
        <time>2023-07-13T13:17:51.000Z</time>
      </trkpt>
      <trkpt lat="35.63311298377812" lon="127.53558699041605">
        <ele>669.7999877929688</ele>
        <time>2023-07-13T13:17:54.000Z</time>
      </trkpt>
      <trkpt lat="35.6329429987818" lon="127.53561993129551">
        <ele>669</ele>
        <time>2023-07-13T13:17:56.000Z</time>
      </trkpt>
      <trkpt lat="35.632823975756764" lon="127.53565094433725">
        <ele>669</ele>
        <time>2023-07-13T13:17:59.000Z</time>
      </trkpt>
      <trkpt lat="35.632717944681644" lon="127.53570794127882">
        <ele>668.5999755859375</ele>
        <time>2023-07-13T13:18:02.000Z</time>
      </trkpt>
      <trkpt lat="35.63260495662689" lon="127.5358659401536">
        <ele>670.2000122070312</ele>
        <time>2023-07-13T13:18:05.000Z</time>
      </trkpt>
      <trkpt lat="35.632392978295684" lon="127.53610792569816">
        <ele>670.4000244140625</ele>
        <time>2023-07-13T13:18:08.000Z</time>
      </trkpt>
      <trkpt lat="35.63234595581889" lon="127.53617799840868">
        <ele>670.5999755859375</ele>
        <time>2023-07-13T13:18:11.000Z</time>
      </trkpt>
      <trkpt lat="35.63231594860554" lon="127.53626299090683">
        <ele>671.4000244140625</ele>
        <time>2023-07-13T13:18:14.000Z</time>
      </trkpt>
      <trkpt lat="35.63226096332073" lon="127.5363009609282">
        <ele>672.2000122070312</ele>
        <time>2023-07-13T13:18:18.000Z</time>
      </trkpt>
      <trkpt lat="35.63214898109436" lon="127.53633197396994">
        <ele>673.7999877929688</ele>
        <time>2023-07-13T13:18:21.000Z</time>
      </trkpt>
      <trkpt lat="35.632098941132426" lon="127.53632493317127">
        <ele>674.5999755859375</ele>
        <time>2023-07-13T13:18:24.000Z</time>
      </trkpt>
      <trkpt lat="35.631942953914404" lon="127.53639098256826">
        <ele>678.5999755859375</ele>
        <time>2023-07-13T13:18:27.000Z</time>
      </trkpt>
      <trkpt lat="35.631751930341125" lon="127.53641495481133">
        <ele>682.7999877929688</ele>
        <time>2023-07-13T13:18:30.000Z</time>
      </trkpt>
      <trkpt lat="35.631476920098066" lon="127.53651595674455">
        <ele>687.7999877929688</ele>
        <time>2023-07-13T13:18:33.000Z</time>
      </trkpt>
      <trkpt lat="35.63139494508505" lon="127.53652299754322">
        <ele>689.7999877929688</ele>
        <time>2023-07-13T13:18:36.000Z</time>
      </trkpt>
      <trkpt lat="35.63141397200525" lon="127.53652492538095">
        <ele>689.5999755859375</ele>
        <time>2023-07-13T13:18:39.000Z</time>
      </trkpt>
      <trkpt lat="35.631406931206584" lon="127.53654194064438">
        <ele>689.7999877929688</ele>
        <time>2023-07-13T13:18:42.000Z</time>
      </trkpt>
      <trkpt lat="35.631234934553504" lon="127.53663891926408">
        <ele>696.7999877929688</ele>
        <time>2023-07-13T13:18:46.000Z</time>
      </trkpt>
      <trkpt lat="35.631109960377216" lon="127.5367359817028">
        <ele>701</ele>
        <time>2023-07-13T13:18:49.000Z</time>
      </trkpt>
      <trkpt lat="35.63094399869442" lon="127.53677596338093">
        <ele>705.2000122070312</ele>
        <time>2023-07-13T13:18:52.000Z</time>
      </trkpt>
      <trkpt lat="35.63054393045604" lon="127.5367119256407">
        <ele>718</ele>
        <time>2023-07-13T13:18:55.000Z</time>
      </trkpt>
      <trkpt lat="35.630484921857715" lon="127.53667294979095">
        <ele>720</ele>
        <time>2023-07-13T13:18:58.000Z</time>
      </trkpt>
      <trkpt lat="35.63032792881131" lon="127.53669298253953">
        <ele>724.4000244140625</ele>
        <time>2023-07-13T13:19:02.000Z</time>
      </trkpt>
      <trkpt lat="35.63023195602" lon="127.53673899918795">
        <ele>725.4000244140625</ele>
        <time>2023-07-13T13:19:05.000Z</time>
      </trkpt>
      <trkpt lat="35.630143946036696" lon="127.53683396615088">
        <ele>726.7999877929688</ele>
        <time>2023-07-13T13:19:08.000Z</time>
      </trkpt>
      <trkpt lat="35.62999793328345" lon="127.53690093755722">
        <ele>731.4000244140625</ele>
        <time>2023-07-13T13:19:12.000Z</time>
      </trkpt>
      <trkpt lat="35.62978997826576" lon="127.53696698695421">
        <ele>735.4000244140625</ele>
        <time>2023-07-13T13:19:15.000Z</time>
      </trkpt>
      <trkpt lat="35.62969392165542" lon="127.53703898750246">
        <ele>738.7999877929688</ele>
        <time>2023-07-13T13:19:18.000Z</time>
      </trkpt>
      <trkpt lat="35.6295239366591" lon="127.53708994947374">
        <ele>744.7999877929688</ele>
        <time>2023-07-13T13:19:22.000Z</time>
      </trkpt>
      <trkpt lat="35.62945595942438" lon="127.53707595169544">
        <ele>746.5999755859375</ele>
        <time>2023-07-13T13:19:25.000Z</time>
      </trkpt>
      <trkpt lat="35.629409942775965" lon="127.53708399832249">
        <ele>747.4000244140625</ele>
        <time>2023-07-13T13:19:29.000Z</time>
      </trkpt>
      <trkpt lat="35.62929393723607" lon="127.53715499304235">
        <ele>752.2000122070312</ele>
        <time>2023-07-13T13:19:32.000Z</time>
      </trkpt>
      <trkpt lat="35.62918899580836" lon="127.5372579228133">
        <ele>758.7999877929688</ele>
        <time>2023-07-13T13:19:35.000Z</time>
      </trkpt>
      <trkpt lat="35.629110960289836" lon="127.5373369641602">
        <ele>761.7999877929688</ele>
        <time>2023-07-13T13:19:39.000Z</time>
      </trkpt>
      <trkpt lat="35.629110960289836" lon="127.537383986637">
        <ele>762.7999877929688</ele>
        <time>2023-07-13T13:19:42.000Z</time>
      </trkpt>
      <trkpt lat="35.62905396334827" lon="127.53737694583833">
        <ele>764</ele>
        <time>2023-07-13T13:19:46.000Z</time>
      </trkpt>
      <trkpt lat="35.62903393059969" lon="127.53739194944501">
        <ele>765.4000244140625</ele>
        <time>2023-07-13T13:19:49.000Z</time>
      </trkpt>
      <trkpt lat="35.628956984728575" lon="127.53748792223632">
        <ele>772</ele>
        <time>2023-07-13T13:19:53.000Z</time>
      </trkpt>
      <trkpt lat="35.62888791784644" lon="127.5375269819051">
        <ele>774.5999755859375</ele>
        <time>2023-07-13T13:19:56.000Z</time>
      </trkpt>
      <trkpt lat="35.62887894921005" lon="127.53756998106837">
        <ele>775.7999877929688</ele>
        <time>2023-07-13T13:20:00.000Z</time>
      </trkpt>
      <trkpt lat="35.62881499528885" lon="127.53758397884667">
        <ele>776.5999755859375</ele>
        <time>2023-07-13T13:20:03.000Z</time>
      </trkpt>
      <trkpt lat="35.62877794727683" lon="127.53760795108974">
        <ele>777.5999755859375</ele>
        <time>2023-07-13T13:20:07.000Z</time>
      </trkpt>
      <trkpt lat="35.62875296920538" lon="127.53765095025301">
        <ele>779.7999877929688</ele>
        <time>2023-07-13T13:20:10.000Z</time>
      </trkpt>
      <trkpt lat="35.628658924251795" lon="127.53766193054616">
        <ele>783.7999877929688</ele>
        <time>2023-07-13T13:20:14.000Z</time>
      </trkpt>
      <trkpt lat="35.6285759434104" lon="127.53781498409808">
        <ele>791.4000244140625</ele>
        <time>2023-07-13T13:20:17.000Z</time>
      </trkpt>
      <trkpt lat="35.62849497422576" lon="127.5379239488393">
        <ele>793</ele>
        <time>2023-07-13T13:20:21.000Z</time>
      </trkpt>
      <trkpt lat="35.62843093648553" lon="127.53797993995249">
        <ele>793.2000122070312</ele>
        <time>2023-07-13T13:20:24.000Z</time>
      </trkpt>
      <trkpt lat="35.62841299921274" lon="127.53803299739957">
        <ele>793.7999877929688</ele>
        <time>2023-07-13T13:20:28.000Z</time>
      </trkpt>
      <trkpt lat="35.62828794121742" lon="127.53808898851275">
        <ele>793.7999877929688</ele>
        <time>2023-07-13T13:20:31.000Z</time>
      </trkpt>
      <trkpt lat="35.62817696481943" lon="127.53801497630775">
        <ele>793</ele>
        <time>2023-07-13T13:20:35.000Z</time>
      </trkpt>
      <trkpt lat="35.62782794237137" lon="127.5379659421742">
        <ele>792.7999877929688</ele>
        <time>2023-07-13T13:20:38.000Z</time>
      </trkpt>
      <trkpt lat="35.627644965425134" lon="127.53788899630308">
        <ele>793.5999755859375</ele>
        <time>2023-07-13T13:20:42.000Z</time>
      </trkpt>
      <trkpt lat="35.627413960173726" lon="127.53795093856752">
        <ele>796.2000122070312</ele>
        <time>2023-07-13T13:20:46.000Z</time>
      </trkpt>
      <trkpt lat="35.62744497321546" lon="127.53794892691076">
        <ele>795.7999877929688</ele>
        <time>2023-07-13T13:20:49.000Z</time>
      </trkpt>
      <trkpt lat="35.62737791799009" lon="127.53793593496084">
        <ele>796.4000244140625</ele>
        <time>2023-07-13T13:20:53.000Z</time>
      </trkpt>
      <trkpt lat="35.627240957692266" lon="127.538020927459">
        <ele>795.7999877929688</ele>
        <time>2023-07-13T13:20:57.000Z</time>
      </trkpt>
      <trkpt lat="35.62716191634536" lon="127.53804992884398">
        <ele>795.2000122070312</ele>
        <time>2023-07-13T13:21:01.000Z</time>
      </trkpt>
      <trkpt lat="35.627089999616146" lon="127.5380449835211">
        <ele>795</ele>
        <time>2023-07-13T13:21:04.000Z</time>
      </trkpt>
      <trkpt lat="35.62702193856239" lon="127.53801497630775">
        <ele>795.5999755859375</ele>
        <time>2023-07-13T13:21:08.000Z</time>
      </trkpt>
      <trkpt lat="35.626981956884265" lon="127.53803894855082">
        <ele>794.7999877929688</ele>
        <time>2023-07-13T13:21:12.000Z</time>
      </trkpt>
      <trkpt lat="35.62684893608093" lon="127.53794498741627">
        <ele>799.7999877929688</ele>
        <time>2023-07-13T13:21:15.000Z</time>
      </trkpt>
      <trkpt lat="35.62678095884621" lon="127.53792596049607">
        <ele>801.4000244140625</ele>
        <time>2023-07-13T13:21:19.000Z</time>
      </trkpt>
      <trkpt lat="35.62669496051967" lon="127.53779193386436">
        <ele>806.7999877929688</ele>
        <time>2023-07-13T13:21:23.000Z</time>
      </trkpt>
      <trkpt lat="35.62658993527293" lon="127.53770392388105">
        <ele>808.4000244140625</ele>
        <time>2023-07-13T13:21:27.000Z</time>
      </trkpt>
      <trkpt lat="35.62647694721818" lon="127.5375409796834">
        <ele>811.4000244140625</ele>
        <time>2023-07-13T13:21:31.000Z</time>
      </trkpt>
      <trkpt lat="35.62641693279147" lon="127.53751197829843">
        <ele>812</ele>
        <time>2023-07-13T13:21:34.000Z</time>
      </trkpt>
      <trkpt lat="35.6263879314065" lon="127.53746797330678">
        <ele>812.2000122070312</ele>
        <time>2023-07-13T13:21:38.000Z</time>
      </trkpt>
      <trkpt lat="35.62633998692036" lon="127.53744198940694">
        <ele>812.4000244140625</ele>
        <time>2023-07-13T13:21:42.000Z</time>
      </trkpt>
      <trkpt lat="35.62634392641485" lon="127.53742991946638">
        <ele>812.2000122070312</ele>
        <time>2023-07-13T13:21:46.000Z</time>
      </trkpt>
      <trkpt lat="35.6262029428035" lon="127.53729295916855">
        <ele>812.7999877929688</ele>
        <time>2023-07-13T13:21:50.000Z</time>
      </trkpt>
      <trkpt lat="35.62614996917546" lon="127.53725993447006">
        <ele>813</ele>
        <time>2023-07-13T13:21:54.000Z</time>
      </trkpt>
      <trkpt lat="35.62610495835543" lon="127.53726395778358">
        <ele>813.7999877929688</ele>
        <time>2023-07-13T13:21:57.000Z</time>
      </trkpt>
      <trkpt lat="35.62603295780718" lon="127.53720293752849">
        <ele>815</ele>
        <time>2023-07-13T13:22:01.000Z</time>
      </trkpt>
      <trkpt lat="35.625695921480656" lon="127.53716295585036">
        <ele>826</ele>
        <time>2023-07-13T13:22:05.000Z</time>
      </trkpt>
      <trkpt lat="35.625650994479656" lon="127.53718793392181">
        <ele>828.7999877929688</ele>
        <time>2023-07-13T13:22:09.000Z</time>
      </trkpt>
      <trkpt lat="35.62563397921622" lon="127.5371749419719">
        <ele>829.4000244140625</ele>
        <time>2023-07-13T13:22:13.000Z</time>
      </trkpt>
      <trkpt lat="35.625586956739426" lon="127.53722196444869">
        <ele>832.7999877929688</ele>
        <time>2023-07-13T13:22:17.000Z</time>
      </trkpt>
      <trkpt lat="35.625517973676324" lon="127.5372349563986">
        <ele>835.4000244140625</ele>
        <time>2023-07-13T13:22:21.000Z</time>
      </trkpt>
      <trkpt lat="35.6254399381578" lon="127.5372079666704">
        <ele>837.2000122070312</ele>
        <time>2023-07-13T13:22:25.000Z</time>
      </trkpt>
      <trkpt lat="35.62542694620788" lon="127.53718592226505">
        <ele>837.2000122070312</ele>
        <time>2023-07-13T13:22:29.000Z</time>
      </trkpt>
      <trkpt lat="35.62539895065129" lon="127.53724199719727">
        <ele>839.2000122070312</ele>
        <time>2023-07-13T13:22:33.000Z</time>
      </trkpt>
      <trkpt lat="35.62536399811506" lon="127.53725096583366">
        <ele>840.4000244140625</ele>
        <time>2023-07-13T13:22:37.000Z</time>
      </trkpt>
      <trkpt lat="35.62533591873944" lon="127.53729195334017">
        <ele>841.4000244140625</ele>
        <time>2023-07-13T13:22:41.000Z</time>
      </trkpt>
      <trkpt lat="35.625133998692036" lon="127.53741198219359">
        <ele>844.7999877929688</ele>
        <time>2023-07-13T13:22:45.000Z</time>
      </trkpt>
      <trkpt lat="35.625130981206894" lon="127.5374479405582">
        <ele>845.4000244140625</ele>
        <time>2023-07-13T13:22:49.000Z</time>
      </trkpt>
      <trkpt lat="35.625091921538115" lon="127.53750594332814">
        <ele>847</ele>
        <time>2023-07-13T13:22:53.000Z</time>
      </trkpt>
      <trkpt lat="35.624959990382195" lon="127.53752094693482">
        <ele>849.5999755859375</ele>
        <time>2023-07-13T13:22:57.000Z</time>
      </trkpt>
      <trkpt lat="35.62482093460858" lon="127.53762094303966">
        <ele>852.4000244140625</ele>
        <time>2023-07-13T13:23:01.000Z</time>
      </trkpt>
      <trkpt lat="35.62459294684231" lon="127.53764399327338">
        <ele>858.2000122070312</ele>
        <time>2023-07-13T13:23:05.000Z</time>
      </trkpt>
      <trkpt lat="35.624529998749495" lon="127.53762295469642">
        <ele>860.2000122070312</ele>
        <time>2023-07-13T13:23:09.000Z</time>
      </trkpt>
      <trkpt lat="35.62441592104733" lon="127.53766897134483">
        <ele>863.5999755859375</ele>
        <time>2023-07-13T13:23:13.000Z</time>
      </trkpt>
      <trkpt lat="35.62436495907605" lon="127.53765799105167">
        <ele>864.5999755859375</ele>
        <time>2023-07-13T13:23:17.000Z</time>
      </trkpt>
      <trkpt lat="35.62428097240627" lon="127.53771498799324">
        <ele>869.7999877929688</ele>
        <time>2023-07-13T13:23:21.000Z</time>
      </trkpt>
      <trkpt lat="35.62424291856587" lon="127.53772395662963">
        <ele>872</ele>
        <time>2023-07-13T13:23:25.000Z</time>
      </trkpt>
      <trkpt lat="35.6241549924016" lon="127.53768598660827">
        <ele>873</ele>
        <time>2023-07-13T13:23:29.000Z</time>
      </trkpt>
      <trkpt lat="35.624059941619635" lon="127.53771599382162">
        <ele>875.5999755859375</ele>
        <time>2023-07-13T13:23:33.000Z</time>
      </trkpt>
      <trkpt lat="35.623976960778236" lon="127.5377949513495">
        <ele>880.7999877929688</ele>
        <time>2023-07-13T13:23:38.000Z</time>
      </trkpt>
      <trkpt lat="35.62391594052315" lon="127.53781598992646">
        <ele>882.5999755859375</ele>
        <time>2023-07-13T13:23:42.000Z</time>
      </trkpt>
      <trkpt lat="35.62389791943133" lon="127.53778296522796">
        <ele>881.7999877929688</ele>
        <time>2023-07-13T13:23:46.000Z</time>
      </trkpt>
      <trkpt lat="35.623865984380245" lon="127.53776494413614">
        <ele>881.2000122070312</ele>
        <time>2023-07-13T13:23:50.000Z</time>
      </trkpt>
      <trkpt lat="35.62383991666138" lon="127.53777491860092">
        <ele>881.7999877929688</ele>
        <time>2023-07-13T13:23:54.000Z</time>
      </trkpt>
      <trkpt lat="35.62377696856856" lon="127.53784398548305">
        <ele>884</ele>
        <time>2023-07-13T13:23:58.000Z</time>
      </trkpt>
      <trkpt lat="35.62366297468543" lon="127.53789192996919">
        <ele>887</ele>
        <time>2023-07-13T13:24:02.000Z</time>
      </trkpt>
      <trkpt lat="35.623655933886766" lon="127.53795295022428">
        <ele>889.2000122070312</ele>
        <time>2023-07-13T13:24:07.000Z</time>
      </trkpt>
      <trkpt lat="35.623499946668744" lon="127.53802897408605">
        <ele>892.4000244140625</ele>
        <time>2023-07-13T13:24:11.000Z</time>
      </trkpt>
      <trkpt lat="35.623502964153886" lon="127.53805596381426">
        <ele>893.2000122070312</ele>
        <time>2023-07-13T13:24:15.000Z</time>
      </trkpt>
      <trkpt lat="35.62345393002033" lon="127.53810692578554">
        <ele>894.2000122070312</ele>
        <time>2023-07-13T13:24:19.000Z</time>
      </trkpt>
      <trkpt lat="35.623416965827346" lon="127.53826995380223">
        <ele>895</ele>
        <time>2023-07-13T13:24:23.000Z</time>
      </trkpt>
      <trkpt lat="35.623542945832014" lon="127.53853297792375">
        <ele>895</ele>
        <time>2023-07-13T13:24:28.000Z</time>
      </trkpt>
      <trkpt lat="35.62354797497392" lon="127.53851596266031">
        <ele>895</ele>
        <time>2023-07-13T13:24:32.000Z</time>
      </trkpt>
      <trkpt lat="35.62364696525037" lon="127.53876599483192">
        <ele>891.4000244140625</ele>
        <time>2023-07-13T13:24:36.000Z</time>
      </trkpt>
      <trkpt lat="35.62365995720029" lon="127.53904595039785">
        <ele>884.4000244140625</ele>
        <time>2023-07-13T13:24:41.000Z</time>
      </trkpt>
      <trkpt lat="35.62367797829211" lon="127.53911199979484">
        <ele>882.7999877929688</ele>
        <time>2023-07-13T13:24:45.000Z</time>
      </trkpt>
      <trkpt lat="35.623825918883085" lon="127.53943093121052">
        <ele>877.7999877929688</ele>
        <time>2023-07-13T13:24:49.000Z</time>
      </trkpt>
      <trkpt lat="35.623996993526816" lon="127.53991993144155">
        <ele>867.4000244140625</ele>
        <time>2023-07-13T13:24:54.000Z</time>
      </trkpt>
      <trkpt lat="35.624039992690086" lon="127.53996695391834">
        <ele>866.2000122070312</ele>
        <time>2023-07-13T13:24:58.000Z</time>
      </trkpt>
      <trkpt lat="35.62409698963165" lon="127.53999796696007">
        <ele>865</ele>
        <time>2023-07-13T13:25:02.000Z</time>
      </trkpt>
      <trkpt lat="35.6241409946233" lon="127.54016099497676">
        <ele>862.7999877929688</ele>
        <time>2023-07-13T13:25:07.000Z</time>
      </trkpt>
      <trkpt lat="35.62419597990811" lon="127.54027892835438">
        <ele>861.2000122070312</ele>
        <time>2023-07-13T13:25:11.000Z</time>
      </trkpt>
      <trkpt lat="35.62422992661595" lon="127.5402919203043">
        <ele>860.7999877929688</ele>
        <time>2023-07-13T13:25:16.000Z</time>
      </trkpt>
      <trkpt lat="35.62432799488306" lon="127.54040298052132">
        <ele>858</ele>
        <time>2023-07-13T13:25:20.000Z</time>
      </trkpt>
      <trkpt lat="35.624422961845994" lon="127.54043994471431">
        <ele>856.5999755859375</ele>
        <time>2023-07-13T13:25:25.000Z</time>
      </trkpt>
      <trkpt lat="35.62452698126435" lon="127.5405509211123">
        <ele>853</ele>
        <time>2023-07-13T13:25:29.000Z</time>
      </trkpt>
      <trkpt lat="35.62459395267069" lon="127.5406389310956">
        <ele>849.2000122070312</ele>
        <time>2023-07-13T13:25:34.000Z</time>
      </trkpt>
      <trkpt lat="35.6246349401772" lon="127.54073498770595">
        <ele>845.7999877929688</ele>
        <time>2023-07-13T13:25:38.000Z</time>
      </trkpt>
      <trkpt lat="35.62475496903062" lon="127.54085199907422">
        <ele>840</ele>
        <time>2023-07-13T13:25:43.000Z</time>
      </trkpt>
      <trkpt lat="35.624915985390544" lon="127.54107495769858">
        <ele>831.7999877929688</ele>
        <time>2023-07-13T13:25:47.000Z</time>
      </trkpt>
      <trkpt lat="35.62496694736183" lon="127.541120974347">
        <ele>829.7999877929688</ele>
        <time>2023-07-13T13:25:52.000Z</time>
      </trkpt>
      <trkpt lat="35.625026961788535" lon="127.5413379818201">
        <ele>824.4000244140625</ele>
        <time>2023-07-13T13:25:56.000Z</time>
      </trkpt>
      <trkpt lat="35.625046994537115" lon="127.54134896211326">
        <ele>823.5999755859375</ele>
        <time>2023-07-13T13:26:01.000Z</time>
      </trkpt>
      <trkpt lat="35.625113965943456" lon="127.5414679851383">
        <ele>818.5999755859375</ele>
        <time>2023-07-13T13:26:06.000Z</time>
      </trkpt>
      <trkpt lat="35.62531596980989" lon="127.541638975963">
        <ele>807.2000122070312</ele>
        <time>2023-07-13T13:26:10.000Z</time>
      </trkpt>
      <trkpt lat="35.625349916517735" lon="127.5417079590261">
        <ele>804.4000244140625</ele>
        <time>2023-07-13T13:26:15.000Z</time>
      </trkpt>
      <trkpt lat="35.625352934002876" lon="127.5417489465326">
        <ele>803</ele>
        <time>2023-07-13T13:26:19.000Z</time>
      </trkpt>
      <trkpt lat="35.62544798478484" lon="127.54182798787951">
        <ele>798.7999877929688</ele>
        <time>2023-07-13T13:26:24.000Z</time>
      </trkpt>
      <trkpt lat="35.62553498893976" lon="127.54201792180538">
        <ele>792</ele>
        <time>2023-07-13T13:26:29.000Z</time>
      </trkpt>
      <trkpt lat="35.62563892453909" lon="127.54213593900204">
        <ele>788.4000244140625</ele>
        <time>2023-07-13T13:26:33.000Z</time>
      </trkpt>
      <trkpt lat="35.62593396753073" lon="127.54236099310219">
        <ele>781</ele>
        <time>2023-07-13T13:26:38.000Z</time>
      </trkpt>
      <trkpt lat="35.62625792808831" lon="127.54256492480636">
        <ele>771</ele>
        <time>2023-07-13T13:26:43.000Z</time>
      </trkpt>
      <trkpt lat="35.626317942515016" lon="127.54258596338332">
        <ele>770</ele>
        <time>2023-07-13T13:26:48.000Z</time>
      </trkpt>
      <trkpt lat="35.62642992474139" lon="127.54258898086846">
        <ele>768.4000244140625</ele>
        <time>2023-07-13T13:26:53.000Z</time>
      </trkpt>
      <trkpt lat="35.62654794193804" lon="127.5426609814167">
        <ele>768</ele>
        <time>2023-07-13T13:26:57.000Z</time>
      </trkpt>
      <trkpt lat="35.626613991335034" lon="127.54273599945009">
        <ele>767.4000244140625</ele>
        <time>2023-07-13T13:27:02.000Z</time>
      </trkpt>
      <trkpt lat="35.62669596634805" lon="127.54286994226277">
        <ele>766.7999877929688</ele>
        <time>2023-07-13T13:27:07.000Z</time>
      </trkpt>
      <trkpt lat="35.62669596634805" lon="127.54294093698263">
        <ele>766.4000244140625</ele>
        <time>2023-07-13T13:27:12.000Z</time>
      </trkpt>
      <trkpt lat="35.62662899494171" lon="127.54311595112085">
        <ele>765</ele>
        <time>2023-07-13T13:27:17.000Z</time>
      </trkpt>
      <trkpt lat="35.626527993008494" lon="127.54319398663938">
        <ele>763.4000244140625</ele>
        <time>2023-07-13T13:27:22.000Z</time>
      </trkpt>
      <trkpt lat="35.6263739336282" lon="127.54319692030549">
        <ele>761.4000244140625</ele>
        <time>2023-07-13T13:27:26.000Z</time>
      </trkpt>
      <trkpt lat="35.62632992863655" lon="127.54324997775257">
        <ele>760.7999877929688</ele>
        <time>2023-07-13T13:27:31.000Z</time>
      </trkpt>
      <trkpt lat="35.626232950016856" lon="127.54379295744002">
        <ele>753.7999877929688</ele>
        <time>2023-07-13T13:27:36.000Z</time>
      </trkpt>
      <trkpt lat="35.62621995806694" lon="127.5440199393779">
        <ele>753.2000122070312</ele>
        <time>2023-07-13T13:27:41.000Z</time>
      </trkpt>
      <trkpt lat="35.62620162845553" lon="127.54409580116673">
        <ele>753.3046505363434</ele>
        <time>2023-07-13T13:27:43.615Z</time>
      </trkpt>
      <trkpt lat="35.62618492171168" lon="127.54416494630277">
        <ele>753.4000244140625</ele>
        <time>2023-07-13T13:27:43.955Z</time>
      </trkpt>
      <trkpt lat="35.62618492171168" lon="127.54416494630277">
        <ele>749.9866282240811</ele>
        <time>2023-07-13T13:27:43.955Z</time>
      </trkpt>
      <trkpt lat="35.62626334092104" lon="127.54448211566171">
        <ele>752.2906547072344</ele>
        <time>2023-07-13T13:27:45.518Z</time>
      </trkpt>
      <trkpt lat="35.62626496888697" lon="127.54454397596419">
        <ele>752.8545329095796</ele>
        <time>2023-07-13T13:27:45.809Z</time>
      </trkpt>
      <trkpt lat="35.62626496888697" lon="127.54454397596419">
        <ele>755.5999755859375</ele>
        <time>2023-07-13T13:27:45.809Z</time>
      </trkpt>
      <trkpt lat="35.626308358143326" lon="127.54461759896917">
        <ele>756.284861134099</ele>
        <time>2023-07-13T13:28:18.853Z</time>
      </trkpt>
      <trkpt lat="35.62634099274874" lon="127.544672973454">
        <ele>756.7999877929688</ele>
        <time>2023-07-13T13:28:21.000Z</time>
      </trkpt>
      <trkpt lat="35.62639396637678" lon="127.54482694901526">
        <ele>759</ele>
        <time>2023-07-13T13:28:26.000Z</time>
      </trkpt>
      <trkpt lat="35.62647493556142" lon="127.54493499174714">
        <ele>760.4000244140625</ele>
        <time>2023-07-13T13:28:32.000Z</time>
      </trkpt>
      <trkpt lat="35.62654199078679" lon="127.54505896009505">
        <ele>761.5999755859375</ele>
        <time>2023-07-13T13:28:37.000Z</time>
      </trkpt>
      <trkpt lat="35.626639975234866" lon="127.54513699561357">
        <ele>762</ele>
        <time>2023-07-13T13:28:42.000Z</time>
      </trkpt>
      <trkpt lat="35.626784982159734" lon="127.54517295397818">
        <ele>761.2000122070312</ele>
        <time>2023-07-13T13:28:47.000Z</time>
      </trkpt>
      <trkpt lat="35.62686997465789" lon="127.54512894898653">
        <ele>759.5999755859375</ele>
        <time>2023-07-13T13:28:52.000Z</time>
      </trkpt>
      <trkpt lat="35.6269109621644" lon="127.54508092068136">
        <ele>758.2000122070312</ele>
        <time>2023-07-13T13:28:57.000Z</time>
      </trkpt>
      <trkpt lat="35.626914985477924" lon="127.54510598257184">
        <ele>758.7999877929688</ele>
        <time>2023-07-13T13:29:02.000Z</time>
      </trkpt>
      <trkpt lat="35.62693292275071" lon="127.5450979359448">
        <ele>758.4000244140625</ele>
        <time>2023-07-13T13:29:08.000Z</time>
      </trkpt>
      <trkpt lat="35.62693099491298" lon="127.54514395259321">
        <ele>759.4000244140625</ele>
        <time>2023-07-13T13:29:13.000Z</time>
      </trkpt>
      <trkpt lat="35.62683795578778" lon="127.54535894840956">
        <ele>765</ele>
        <time>2023-07-13T13:29:18.000Z</time>
      </trkpt>
      <trkpt lat="35.626834938302636" lon="127.54539893008769">
        <ele>766.2000122070312</ele>
        <time>2023-07-13T13:29:23.000Z</time>
      </trkpt>
      <trkpt lat="35.62686494551599" lon="127.54546095617115">
        <ele>767.5999755859375</ele>
        <time>2023-07-13T13:29:28.000Z</time>
      </trkpt>
      <trkpt lat="35.62667794525623" lon="127.54583395086229">
        <ele>775.5999755859375</ele>
        <time>2023-07-13T13:29:33.000Z</time>
      </trkpt>
      <trkpt lat="35.6266709882766" lon="127.5458889361471">
        <ele>776</ele>
        <time>2023-07-13T13:29:39.000Z</time>
      </trkpt>
      <trkpt lat="35.62660996802151" lon="127.54602991975844">
        <ele>776.4000244140625</ele>
        <time>2023-07-13T13:29:44.000Z</time>
      </trkpt>
      <trkpt lat="35.62660996802151" lon="127.54607099108398">
        <ele>776.4000244140625</ele>
        <time>2023-07-13T13:29:49.000Z</time>
      </trkpt>
      <trkpt lat="35.626635951921344" lon="127.54608197137713">
        <ele>777.2000122070312</ele>
        <time>2023-07-13T13:29:54.000Z</time>
      </trkpt>
      <trkpt lat="35.62664994969964" lon="127.54616897553205">
        <ele>778.2000122070312</ele>
        <time>2023-07-13T13:30:00.000Z</time>
      </trkpt>
      <trkpt lat="35.62668993137777" lon="127.54627098329365">
        <ele>780.2000122070312</ele>
        <time>2023-07-13T13:30:05.000Z</time>
      </trkpt>
      <trkpt lat="35.62671398743987" lon="127.54628095775843">
        <ele>781</ele>
        <time>2023-07-13T13:30:10.000Z</time>
      </trkpt>
      <trkpt lat="35.62686896882951" lon="127.54646594636142">
        <ele>786.5999755859375</ele>
        <time>2023-07-13T13:30:16.000Z</time>
      </trkpt>
      <trkpt lat="35.627049934118986" lon="127.54658496938646">
        <ele>791.2000122070312</ele>
        <time>2023-07-13T13:30:21.000Z</time>
      </trkpt>
      <trkpt lat="35.627087987959385" lon="127.54666493274271">
        <ele>792.5999755859375</ele>
        <time>2023-07-13T13:30:26.000Z</time>
      </trkpt>
      <trkpt lat="35.62712495215237" lon="127.5466759968549">
        <ele>793</ele>
        <time>2023-07-13T13:30:32.000Z</time>
      </trkpt>
      <trkpt lat="35.62713995575905" lon="127.54674296826124">
        <ele>795</ele>
        <time>2023-07-13T13:30:37.000Z</time>
      </trkpt>
      <trkpt lat="35.62724598683417" lon="127.54685495048761">
        <ele>799</ele>
        <time>2023-07-13T13:30:42.000Z</time>
      </trkpt>
      <trkpt lat="35.62727297656238" lon="127.54691194742918">
        <ele>800.5999755859375</ele>
        <time>2023-07-13T13:30:48.000Z</time>
      </trkpt>
      <trkpt lat="35.62731396406889" lon="127.54693097434938">
        <ele>800.7999877929688</ele>
        <time>2023-07-13T13:30:53.000Z</time>
      </trkpt>
      <trkpt lat="35.62738194130361" lon="127.54713297821581">
        <ele>805.2000122070312</ele>
        <time>2023-07-13T13:30:58.000Z</time>
      </trkpt>
      <trkpt lat="35.627386970445514" lon="127.54725594073534">
        <ele>807.4000244140625</ele>
        <time>2023-07-13T13:31:04.000Z</time>
      </trkpt>
      <trkpt lat="35.627472968772054" lon="127.54743992350996">
        <ele>810.5999755859375</ele>
        <time>2023-07-13T13:31:09.000Z</time>
      </trkpt>
      <trkpt lat="35.62747196294367" lon="127.54749298095703">
        <ele>811.4000244140625</ele>
        <time>2023-07-13T13:31:15.000Z</time>
      </trkpt>
      <trkpt lat="35.62753591686487" lon="127.54774393513799">
        <ele>815.4000244140625</ele>
        <time>2023-07-13T13:31:20.000Z</time>
      </trkpt>
      <trkpt lat="35.627601966261864" lon="127.54790998063982">
        <ele>816.5999755859375</ele>
        <time>2023-07-13T13:31:26.000Z</time>
      </trkpt>
      <trkpt lat="35.6275949254632" lon="127.54799799062312">
        <ele>818</ele>
        <time>2023-07-13T13:31:31.000Z</time>
      </trkpt>
      <trkpt lat="35.62761998735368" lon="127.54806596785784">
        <ele>818.4000244140625</ele>
        <time>2023-07-13T13:31:37.000Z</time>
      </trkpt>
      <trkpt lat="35.62763096764684" lon="127.54820896312594">
        <ele>822.4000244140625</ele>
        <time>2023-07-13T13:31:42.000Z</time>
      </trkpt>
      <trkpt lat="35.62761495821178" lon="127.54823695868254">
        <ele>823.4000244140625</ele>
        <time>2023-07-13T13:31:48.000Z</time>
      </trkpt>
      <trkpt lat="35.62761495821178" lon="127.5483029242605">
        <ele>825</ele>
        <time>2023-07-13T13:31:53.000Z</time>
      </trkpt>
      <trkpt lat="35.62757095322013" lon="127.54838992841542">
        <ele>828.4000244140625</ele>
        <time>2023-07-13T13:31:59.000Z</time>
      </trkpt>
      <trkpt lat="35.62761294655502" lon="127.54840199835598">
        <ele>828.5999755859375</ele>
        <time>2023-07-13T13:32:04.000Z</time>
      </trkpt>
      <trkpt lat="35.62762392684817" lon="127.5484699755907">
        <ele>830.7999877929688</ele>
        <time>2023-07-13T13:32:10.000Z</time>
      </trkpt>
      <trkpt lat="35.627690982073545" lon="127.54853996448219">
        <ele>833.2000122070312</ele>
        <time>2023-07-13T13:32:15.000Z</time>
      </trkpt>
      <trkpt lat="35.62770891934633" lon="127.54858992062509">
        <ele>834.5999755859375</ele>
        <time>2023-07-13T13:32:21.000Z</time>
      </trkpt>
      <trkpt lat="35.62768595293164" lon="127.54865898750722">
        <ele>836.5999755859375</ele>
        <time>2023-07-13T13:32:26.000Z</time>
      </trkpt>
      <trkpt lat="35.62770397402346" lon="127.54870793782175">
        <ele>838.4000244140625</ele>
        <time>2023-07-13T13:32:32.000Z</time>
      </trkpt>
      <trkpt lat="35.62767799012363" lon="127.54882293753326">
        <ele>842</ele>
        <time>2023-07-13T13:32:37.000Z</time>
      </trkpt>
      <trkpt lat="35.627651922404766" lon="127.54886493086815">
        <ele>843.2000122070312</ele>
        <time>2023-07-13T13:32:43.000Z</time>
      </trkpt>
      <trkpt lat="35.62763398513198" lon="127.54886895418167">
        <ele>843.2000122070312</ele>
        <time>2023-07-13T13:32:49.000Z</time>
      </trkpt>
      <trkpt lat="35.62759199179709" lon="127.5489879772067">
        <ele>847.4000244140625</ele>
        <time>2023-07-13T13:32:54.000Z</time>
      </trkpt>
      <trkpt lat="35.62757397070527" lon="127.5489969458431">
        <ele>848.2000122070312</ele>
        <time>2023-07-13T13:33:00.000Z</time>
      </trkpt>
      <trkpt lat="35.6275949254632" lon="127.54901295527816">
        <ele>848.7999877929688</ele>
        <time>2023-07-13T13:33:05.000Z</time>
      </trkpt>
      <trkpt lat="35.6275949254632" lon="127.54904095083475">
        <ele>850.2000122070312</ele>
        <time>2023-07-13T13:33:11.000Z</time>
      </trkpt>
      <trkpt lat="35.62752393074334" lon="127.5491539388895">
        <ele>856.4000244140625</ele>
        <time>2023-07-13T13:33:17.000Z</time>
      </trkpt>
      <trkpt lat="35.6275809276849" lon="127.5493079982698">
        <ele>864.2000122070312</ele>
        <time>2023-07-13T13:33:22.000Z</time>
      </trkpt>
      <trkpt lat="35.627562990412116" lon="127.54951192997396">
        <ele>875.7999877929688</ele>
        <time>2023-07-13T13:33:28.000Z</time>
      </trkpt>
      <trkpt lat="35.62751093879342" lon="127.54956599324942">
        <ele>877.5999755859375</ele>
        <time>2023-07-13T13:33:34.000Z</time>
      </trkpt>
      <trkpt lat="35.62750197015703" lon="127.549630952999">
        <ele>879.5999755859375</ele>
        <time>2023-07-13T13:33:39.000Z</time>
      </trkpt>
      <trkpt lat="35.62741999514401" lon="127.54978694021702">
        <ele>881.4000244140625</ele>
        <time>2023-07-13T13:33:45.000Z</time>
      </trkpt>
      <trkpt lat="35.627430975437164" lon="127.5498019438237">
        <ele>882</ele>
        <time>2023-07-13T13:33:51.000Z</time>
      </trkpt>
      <trkpt lat="35.62740792520344" lon="127.54979398101568">
        <ele>881.2000122070312</ele>
        <time>2023-07-13T13:33:56.000Z</time>
      </trkpt>
      <trkpt lat="35.62740893103182" lon="127.54985994659364">
        <ele>882.2000122070312</ele>
        <time>2023-07-13T13:34:02.000Z</time>
      </trkpt>
      <trkpt lat="35.62742695212364" lon="127.54988794215024">
        <ele>883</ele>
        <time>2023-07-13T13:34:08.000Z</time>
      </trkpt>
      <trkpt lat="35.62740398570895" lon="127.54996094852686">
        <ele>884.5999755859375</ele>
        <time>2023-07-13T13:34:13.000Z</time>
      </trkpt>
      <trkpt lat="35.627392921596766" lon="127.5503059476614">
        <ele>890.2000122070312</ele>
        <time>2023-07-13T13:34:19.000Z</time>
      </trkpt>
      <trkpt lat="35.62740792520344" lon="127.55034299567342">
        <ele>891</ele>
        <time>2023-07-13T13:34:25.000Z</time>
      </trkpt>
      <trkpt lat="35.627370961010456" lon="127.55055698566139">
        <ele>896.4000244140625</ele>
        <time>2023-07-13T13:34:31.000Z</time>
      </trkpt>
      <trkpt lat="35.627271970734" lon="127.55074298009276">
        <ele>900.2000122070312</ele>
        <time>2023-07-13T13:34:36.000Z</time>
      </trkpt>
      <trkpt lat="35.627258978784084" lon="127.5508049223572">
        <ele>901.4000244140625</ele>
        <time>2023-07-13T13:34:42.000Z</time>
      </trkpt>
      <trkpt lat="35.627197958528996" lon="127.5509069301188">
        <ele>903</ele>
        <time>2023-07-13T13:34:48.000Z</time>
      </trkpt>
      <trkpt lat="35.627198964357376" lon="127.5509449839592">
        <ele>903.7999877929688</ele>
        <time>2023-07-13T13:34:54.000Z</time>
      </trkpt>
      <trkpt lat="35.62716191634536" lon="127.55101991817355">
        <ele>905.4000244140625</ele>
        <time>2023-07-13T13:35:00.000Z</time>
      </trkpt>
      <trkpt lat="35.627068961039186" lon="127.55116199143231">
        <ele>908.4000244140625</ele>
        <time>2023-07-13T13:35:05.000Z</time>
      </trkpt>
      <trkpt lat="35.62706192024052" lon="127.5512779969722">
        <ele>911.4000244140625</ele>
        <time>2023-07-13T13:35:11.000Z</time>
      </trkpt>
      <trkpt lat="35.62701095826924" lon="127.55138293839991">
        <ele>916.4000244140625</ele>
        <time>2023-07-13T13:35:17.000Z</time>
      </trkpt>
      <trkpt lat="35.627003917470574" lon="127.55152593366802">
        <ele>922.5999755859375</ele>
        <time>2023-07-13T13:35:23.000Z</time>
      </trkpt>
      <trkpt lat="35.62698598019779" lon="127.55154898390174">
        <ele>924.2000122070312</ele>
        <time>2023-07-13T13:35:29.000Z</time>
      </trkpt>
      <trkpt lat="35.627001989632845" lon="127.55156692117453">
        <ele>924.4000244140625</ele>
        <time>2023-07-13T13:35:35.000Z</time>
      </trkpt>
      <trkpt lat="35.6269939430058" lon="127.5516149494797">
        <ele>926.7999877929688</ele>
        <time>2023-07-13T13:35:40.000Z</time>
      </trkpt>
      <trkpt lat="35.626959996297956" lon="127.55165493115783">
        <ele>929</ele>
        <time>2023-07-13T13:35:46.000Z</time>
      </trkpt>
      <trkpt lat="35.626872992143035" lon="127.5516839325428">
        <ele>931</ele>
        <time>2023-07-13T13:35:52.000Z</time>
      </trkpt>
      <trkpt lat="35.62689294107258" lon="127.55173397250473">
        <ele>933.2000122070312</ele>
        <time>2023-07-13T13:35:58.000Z</time>
      </trkpt>
      <trkpt lat="35.626875925809145" lon="127.55191795527935">
        <ele>942</ele>
        <time>2023-07-13T13:36:04.000Z</time>
      </trkpt>
      <trkpt lat="35.6269059330225" lon="127.55197394639254">
        <ele>944</ele>
        <time>2023-07-13T13:36:10.000Z</time>
      </trkpt>
      <trkpt lat="35.62689092941582" lon="127.55210596136749">
        <ele>946.4000244140625</ele>
        <time>2023-07-13T13:36:16.000Z</time>
      </trkpt>
      <trkpt lat="35.62690995633602" lon="127.55214896053076">
        <ele>947.2000122070312</ele>
        <time>2023-07-13T13:36:22.000Z</time>
      </trkpt>
      <trkpt lat="35.62690199352801" lon="127.55218299105763">
        <ele>947.7999877929688</ele>
        <time>2023-07-13T13:36:28.000Z</time>
      </trkpt>
      <trkpt lat="35.62693292275071" lon="127.55221693776548">
        <ele>948.5999755859375</ele>
        <time>2023-07-13T13:36:34.000Z</time>
      </trkpt>
      <trkpt lat="35.62682094052434" lon="127.55251097492874">
        <ele>953.2000122070312</ele>
        <time>2023-07-13T13:36:40.000Z</time>
      </trkpt>
      <trkpt lat="35.62676394358277" lon="127.5526179280132">
        <ele>954.5999755859375</ele>
        <time>2023-07-13T13:36:46.000Z</time>
      </trkpt>
      <trkpt lat="35.626725973561406" lon="127.55278992466629">
        <ele>957.2000122070312</ele>
        <time>2023-07-13T13:36:52.000Z</time>
      </trkpt>
      <trkpt lat="35.62673594802618" lon="127.55287198349833">
        <ele>958.4000244140625</ele>
        <time>2023-07-13T13:36:58.000Z</time>
      </trkpt>
      <trkpt lat="35.626791939139366" lon="127.55286091938615">
        <ele>958.2000122070312</ele>
        <time>2023-07-13T13:37:04.000Z</time>
      </trkpt>
      <trkpt lat="35.6268419791013" lon="127.55292193964124">
        <ele>959</ele>
        <time>2023-07-13T13:37:10.000Z</time>
      </trkpt>
      <trkpt lat="35.627026967704296" lon="127.5530259590596">
        <ele>959.7999877929688</ele>
        <time>2023-07-13T13:37:16.000Z</time>
      </trkpt>
      <trkpt lat="35.62713995575905" lon="127.55311992019415">
        <ele>957.4000244140625</ele>
        <time>2023-07-13T13:37:22.000Z</time>
      </trkpt>
      <trkpt lat="35.62722897157073" lon="127.55324497818947">
        <ele>955</ele>
        <time>2023-07-13T13:37:28.000Z</time>
      </trkpt>
      <trkpt lat="35.62728697434068" lon="127.55328294821084">
        <ele>954</ele>
        <time>2023-07-13T13:37:34.000Z</time>
      </trkpt>
      <trkpt lat="35.62740096822381" lon="127.55334698595107">
        <ele>953</ele>
        <time>2023-07-13T13:37:40.000Z</time>
      </trkpt>
      <trkpt lat="35.62756894156337" lon="127.55339995957911">
        <ele>951.7999877929688</ele>
        <time>2023-07-13T13:37:46.000Z</time>
      </trkpt>
      <trkpt lat="35.62774697318673" lon="127.55348897539079">
        <ele>951</ele>
        <time>2023-07-13T13:37:52.000Z</time>
      </trkpt>
      <trkpt lat="35.627841940149665" lon="127.55362895317376">
        <ele>951.7999877929688</ele>
        <time>2023-07-13T13:37:58.000Z</time>
      </trkpt>
      <trkpt lat="35.627927938476205" lon="127.55370296537876">
        <ele>952.5999755859375</ele>
        <time>2023-07-13T13:38:05.000Z</time>
      </trkpt>
      <trkpt lat="35.62799499370158" lon="127.55384193733335">
        <ele>953.7999877929688</ele>
        <time>2023-07-13T13:38:11.000Z</time>
      </trkpt>
      <trkpt lat="35.62801796011627" lon="127.55385995842516">
        <ele>954.2000122070312</ele>
        <time>2023-07-13T13:38:17.000Z</time>
      </trkpt>
      <trkpt lat="35.628099935129285" lon="127.55389499478042">
        <ele>954.7999877929688</ele>
        <time>2023-07-13T13:38:23.000Z</time>
      </trkpt>
      <trkpt lat="35.62819599173963" lon="127.55389994010329">
        <ele>953.7999877929688</ele>
        <time>2023-07-13T13:38:29.000Z</time>
      </trkpt>
      <trkpt lat="35.62827494926751" lon="127.5539239961654">
        <ele>953</ele>
        <time>2023-07-13T13:38:36.000Z</time>
      </trkpt>
      <trkpt lat="35.62843093648553" lon="127.55401192232966">
        <ele>951</ele>
        <time>2023-07-13T13:38:42.000Z</time>
      </trkpt>
      <trkpt lat="35.62862799502909" lon="127.55407394841313">
        <ele>948</ele>
        <time>2023-07-13T13:38:48.000Z</time>
      </trkpt>
      <trkpt lat="35.62867099419236" lon="127.55406497977674">
        <ele>947.5999755859375</ele>
        <time>2023-07-13T13:38:54.000Z</time>
      </trkpt>
      <trkpt lat="35.62877291813493" lon="127.55409993231297">
        <ele>948.2000122070312</ele>
        <time>2023-07-13T13:39:01.000Z</time>
      </trkpt>
      <trkpt lat="35.629003923386335" lon="127.55432792007923">
        <ele>948</ele>
        <time>2023-07-13T13:39:07.000Z</time>
      </trkpt>
      <trkpt lat="35.629085982218385" lon="127.55437494255602">
        <ele>948.5999755859375</ele>
        <time>2023-07-13T13:39:13.000Z</time>
      </trkpt>
      <trkpt lat="35.62912395223975" lon="127.55443495698273">
        <ele>948.2000122070312</ele>
        <time>2023-07-13T13:39:20.000Z</time>
      </trkpt>
      <trkpt lat="35.629194946959615" lon="127.55445792339742">
        <ele>949</ele>
        <time>2023-07-13T13:39:26.000Z</time>
      </trkpt>
      <trkpt lat="35.629237946122885" lon="127.55449497140944">
        <ele>948.7999877929688</ele>
        <time>2023-07-13T13:39:32.000Z</time>
      </trkpt>
      <trkpt lat="35.62931296415627" lon="127.55465892143548">
        <ele>947.4000244140625</ele>
        <time>2023-07-13T13:39:39.000Z</time>
      </trkpt>
      <trkpt lat="35.629495941102505" lon="127.55466998554766">
        <ele>947.7999877929688</ele>
        <time>2023-07-13T13:39:45.000Z</time>
      </trkpt>
      <trkpt lat="35.62965293414891" lon="127.55470795556903">
        <ele>947.7999877929688</ele>
        <time>2023-07-13T13:39:51.000Z</time>
      </trkpt>
      <trkpt lat="35.62994395382702" lon="127.55486092530191">
        <ele>949.7999877929688</ele>
        <time>2023-07-13T13:39:58.000Z</time>
      </trkpt>
      <trkpt lat="35.63000195659697" lon="127.55486293695867">
        <ele>949.7999877929688</ele>
        <time>2023-07-13T13:40:04.000Z</time>
      </trkpt>
      <trkpt lat="35.63008694909513" lon="127.55493393167853">
        <ele>951.5999755859375</ele>
        <time>2023-07-13T13:40:11.000Z</time>
      </trkpt>
      <trkpt lat="35.63044594600797" lon="127.55503593944013">
        <ele>957.2000122070312</ele>
        <time>2023-07-13T13:40:17.000Z</time>
      </trkpt>
      <trkpt lat="35.63047595322132" lon="127.55503199994564">
        <ele>957.4000244140625</ele>
        <time>2023-07-13T13:40:24.000Z</time>
      </trkpt>
      <trkpt lat="35.63050897791982" lon="127.5549769308418">
        <ele>956.5999755859375</ele>
        <time>2023-07-13T13:40:30.000Z</time>
      </trkpt>
      <trkpt lat="35.63066094182432" lon="127.55483695305884">
        <ele>953.5999755859375</ele>
        <time>2023-07-13T13:40:37.000Z</time>
      </trkpt>
      <trkpt lat="35.6306809745729" lon="127.55477895028889">
        <ele>952.7999877929688</ele>
        <time>2023-07-13T13:40:43.000Z</time>
      </trkpt>
      <trkpt lat="35.63073495402932" lon="127.55473393946886">
        <ele>953</ele>
        <time>2023-07-13T13:40:50.000Z</time>
      </trkpt>
      <trkpt lat="35.63083394430578" lon="127.5547229591757">
        <ele>954</ele>
        <time>2023-07-13T13:40:56.000Z</time>
      </trkpt>
      <trkpt lat="35.63088297843933" lon="127.55474894307554">
        <ele>955</ele>
        <time>2023-07-13T13:41:03.000Z</time>
      </trkpt>
      <trkpt lat="35.63100996427238" lon="127.55486595444381">
        <ele>954</ele>
        <time>2023-07-13T13:41:10.000Z</time>
      </trkpt>
      <trkpt lat="35.631041983142495" lon="127.55494792945683">
        <ele>954.2000122070312</ele>
        <time>2023-07-13T13:41:16.000Z</time>
      </trkpt>
      <trkpt lat="35.631044916808605" lon="127.55499897524714">
        <ele>954.5999755859375</ele>
        <time>2023-07-13T13:41:23.000Z</time>
      </trkpt>
      <trkpt lat="35.63111691735685" lon="127.55511095747352">
        <ele>952.5999755859375</ele>
        <time>2023-07-13T13:41:29.000Z</time>
      </trkpt>
      <trkpt lat="35.63139494508505" lon="127.55536291748285">
        <ele>939.5999755859375</ele>
        <time>2023-07-13T13:41:36.000Z</time>
      </trkpt>
      <trkpt lat="35.63160398975015" lon="127.55563993938267">
        <ele>929.2000122070312</ele>
        <time>2023-07-13T13:41:43.000Z</time>
      </trkpt>
      <trkpt lat="35.63171898946166" lon="127.55570196546614">
        <ele>926.2000122070312</ele>
        <time>2023-07-13T13:41:49.000Z</time>
      </trkpt>
      <trkpt lat="35.631858967244625" lon="127.55582693964243">
        <ele>924.5999755859375</ele>
        <time>2023-07-13T13:41:56.000Z</time>
      </trkpt>
      <trkpt lat="35.63204797916114" lon="127.55609692074358">
        <ele>923.2000122070312</ele>
        <time>2023-07-13T13:42:03.000Z</time>
      </trkpt>
      <trkpt lat="35.63221192918718" lon="127.55618291907012">
        <ele>921.7999877929688</ele>
        <time>2023-07-13T13:42:10.000Z</time>
      </trkpt>
      <trkpt lat="35.63225392252207" lon="127.55624192766845">
        <ele>920.5999755859375</ele>
        <time>2023-07-13T13:42:16.000Z</time>
      </trkpt>
      <trkpt lat="35.63229398801923" lon="127.55626598373055">
        <ele>919.7999877929688</ele>
        <time>2023-07-13T13:42:23.000Z</time>
      </trkpt>
      <trkpt lat="35.63236892223358" lon="127.55628199316561">
        <ele>918.7999877929688</ele>
        <time>2023-07-13T13:42:30.000Z</time>
      </trkpt>
      <trkpt lat="35.63253396190703" lon="127.55625793710351">
        <ele>916.5999755859375</ele>
        <time>2023-07-13T13:42:37.000Z</time>
      </trkpt>
      <trkpt lat="35.6326649710536" lon="127.55628995597363">
        <ele>916.5999755859375</ele>
        <time>2023-07-13T13:42:44.000Z</time>
      </trkpt>
      <trkpt lat="35.63280796632171" lon="127.55634896457195">
        <ele>915.7999877929688</ele>
        <time>2023-07-13T13:42:51.000Z</time>
      </trkpt>
      <trkpt lat="35.63302698545158" lon="127.5565089751035">
        <ele>915.2000122070312</ele>
        <time>2023-07-13T13:42:57.000Z</time>
      </trkpt>
      <trkpt lat="35.63312899321318" lon="127.55663193762302">
        <ele>915.4000244140625</ele>
        <time>2023-07-13T13:43:04.000Z</time>
      </trkpt>
      <trkpt lat="35.63317693769932" lon="127.55666797980666">
        <ele>915.2000122070312</ele>
        <time>2023-07-13T13:43:11.000Z</time>
      </trkpt>
      <trkpt lat="35.633216919377446" lon="127.55673193372786">
        <ele>915.4000244140625</ele>
        <time>2023-07-13T13:43:18.000Z</time>
      </trkpt>
      <trkpt lat="35.63332395628095" lon="127.55676697008312">
        <ele>915</ele>
        <time>2023-07-13T13:43:25.000Z</time>
      </trkpt>
      <trkpt lat="35.63355194404721" lon="127.55693796090782">
        <ele>914.5999755859375</ele>
        <time>2023-07-13T13:43:32.000Z</time>
      </trkpt>
      <trkpt lat="35.63379996456206" lon="127.55730492062867">
        <ele>910.2000122070312</ele>
        <time>2023-07-13T13:43:39.000Z</time>
      </trkpt>
      <trkpt lat="35.633922927081585" lon="127.55758294835687">
        <ele>907</ele>
        <time>2023-07-13T13:43:46.000Z</time>
      </trkpt>
      <trkpt lat="35.6339599750936" lon="127.557622930035">
        <ele>906.2000122070312</ele>
        <time>2023-07-13T13:43:53.000Z</time>
      </trkpt>
      <trkpt lat="35.634049996733665" lon="127.55767598748207">
        <ele>904.7999877929688</ele>
        <time>2023-07-13T13:44:00.000Z</time>
      </trkpt>
      <trkpt lat="35.634395917877555" lon="127.55774497054517">
        <ele>900.2000122070312</ele>
        <time>2023-07-13T13:44:07.000Z</time>
      </trkpt>
      <trkpt lat="35.634478982537985" lon="127.55774295888841">
        <ele>899</ele>
        <time>2023-07-13T13:44:14.000Z</time>
      </trkpt>
      <trkpt lat="35.63451494090259" lon="127.55771798081696">
        <ele>898.7999877929688</ele>
        <time>2023-07-13T13:44:21.000Z</time>
      </trkpt>
      <trkpt lat="35.63470697030425" lon="127.55774295888841">
        <ele>897.4000244140625</ele>
        <time>2023-07-13T13:44:28.000Z</time>
      </trkpt>
      <trkpt lat="35.63478995114565" lon="127.5577109400183">
        <ele>895.7999877929688</ele>
        <time>2023-07-13T13:44:36.000Z</time>
      </trkpt>
      <trkpt lat="35.634847953915596" lon="127.55772192031145">
        <ele>896.4000244140625</ele>
        <time>2023-07-13T13:44:43.000Z</time>
      </trkpt>
      <trkpt lat="35.63498994335532" lon="127.55767992697656">
        <ele>896.4000244140625</ele>
        <time>2023-07-13T13:44:50.000Z</time>
      </trkpt>
      <trkpt lat="35.63530895859003" lon="127.55763793364167">
        <ele>898.2000122070312</ele>
        <time>2023-07-13T13:44:57.000Z</time>
      </trkpt>
      <trkpt lat="35.63551397994161" lon="127.55753592588007">
        <ele>895</ele>
        <time>2023-07-13T13:45:04.000Z</time>
      </trkpt>
      <trkpt lat="35.63558095134795" lon="127.55751094780862">
        <ele>894</ele>
        <time>2023-07-13T13:45:11.000Z</time>
      </trkpt>
      <trkpt lat="35.63571698963642" lon="127.55749795585871">
        <ele>891.2000122070312</ele>
        <time>2023-07-13T13:45:19.000Z</time>
      </trkpt>
      <trkpt lat="35.63588999211788" lon="127.55740592256188">
        <ele>886.4000244140625</ele>
        <time>2023-07-13T13:45:26.000Z</time>
      </trkpt>
      <trkpt lat="35.6361289601773" lon="127.55733098834753">
        <ele>887.4000244140625</ele>
        <time>2023-07-13T13:45:33.000Z</time>
      </trkpt>
      <trkpt lat="35.636241948232055" lon="127.5573829561472">
        <ele>888.2000122070312</ele>
        <time>2023-07-13T13:45:40.000Z</time>
      </trkpt>
      <trkpt lat="35.636432971805334" lon="127.55739494226873">
        <ele>889</ele>
        <time>2023-07-13T13:45:48.000Z</time>
      </trkpt>
      <trkpt lat="35.636563980951905" lon="127.55742595531046">
        <ele>888.4000244140625</ele>
        <time>2023-07-13T13:45:55.000Z</time>
      </trkpt>
      <trkpt lat="35.63676397316158" lon="127.55750893615186">
        <ele>887.2000122070312</ele>
        <time>2023-07-13T13:46:02.000Z</time>
      </trkpt>
      <trkpt lat="35.6367989256978" lon="127.55754196085036">
        <ele>886.5999755859375</ele>
        <time>2023-07-13T13:46:10.000Z</time>
      </trkpt>
      <trkpt lat="35.63691694289446" lon="127.55759795196354">
        <ele>884.5999755859375</ele>
        <time>2023-07-13T13:46:17.000Z</time>
      </trkpt>
      <trkpt lat="35.637165969237685" lon="127.5579009577632">
        <ele>880</ele>
        <time>2023-07-13T13:46:25.000Z</time>
      </trkpt>
      <trkpt lat="35.63733494840562" lon="127.55803196690977">
        <ele>877.5999755859375</ele>
        <time>2023-07-13T13:46:32.000Z</time>
      </trkpt>
      <trkpt lat="35.6374329328537" lon="127.55812995135784">
        <ele>876.5999755859375</ele>
        <time>2023-07-13T13:46:40.000Z</time>
      </trkpt>
      <trkpt lat="35.637722946703434" lon="127.55825894884765">
        <ele>877.4000244140625</ele>
        <time>2023-07-13T13:46:47.000Z</time>
      </trkpt>
      <trkpt lat="35.63784498721361" lon="127.55829599685967">
        <ele>877.4000244140625</ele>
        <time>2023-07-13T13:46:55.000Z</time>
      </trkpt>
      <trkpt lat="35.63791095279157" lon="127.55835098214447">
        <ele>878.4000244140625</ele>
        <time>2023-07-13T13:47:02.000Z</time>
      </trkpt>
      <trkpt lat="35.63795294612646" lon="127.55841694772243">
        <ele>879.2000122070312</ele>
        <time>2023-07-13T13:47:10.000Z</time>
      </trkpt>
      <trkpt lat="35.63801899552345" lon="127.55858299322426">
        <ele>880.4000244140625</ele>
        <time>2023-07-13T13:47:17.000Z</time>
      </trkpt>
      <trkpt lat="35.638038944453" lon="127.55868399515748">
        <ele>880.4000244140625</ele>
        <time>2023-07-13T13:47:25.000Z</time>
      </trkpt>
      <trkpt lat="35.637982953339815" lon="127.55884794518352">
        <ele>878.5999755859375</ele>
        <time>2023-07-13T13:47:32.000Z</time>
      </trkpt>
      <trkpt lat="35.63797197304666" lon="127.5589319318533">
        <ele>878</ele>
        <time>2023-07-13T13:47:40.000Z</time>
      </trkpt>
      <trkpt lat="35.63785797916353" lon="127.5591219495982">
        <ele>874.2000122070312</ele>
        <time>2023-07-13T13:47:47.000Z</time>
      </trkpt>
      <trkpt lat="35.63786191865802" lon="127.55938296206295">
        <ele>874.5999755859375</ele>
        <time>2023-07-13T13:47:55.000Z</time>
      </trkpt>
      <trkpt lat="35.63781891949475" lon="127.55942394956946">
        <ele>874</ele>
        <time>2023-07-13T13:48:03.000Z</time>
      </trkpt>
      <trkpt lat="35.6378039997071" lon="127.55951195955276">
        <ele>873.5999755859375</ele>
        <time>2023-07-13T13:48:10.000Z</time>
      </trkpt>
      <trkpt lat="35.63782495446503" lon="127.5596169847995">
        <ele>873.5999755859375</ele>
        <time>2023-07-13T13:48:18.000Z</time>
      </trkpt>
      <trkpt lat="35.63788496889174" lon="127.55970097146928">
        <ele>874.4000244140625</ele>
        <time>2023-07-13T13:48:26.000Z</time>
      </trkpt>
      <trkpt lat="35.638000974431634" lon="127.56007296033204">
        <ele>875.2000122070312</ele>
        <time>2023-07-13T13:48:33.000Z</time>
      </trkpt>
      <trkpt lat="35.638067945837975" lon="127.5604579411447">
        <ele>875.4000244140625</ele>
        <time>2023-07-13T13:48:41.000Z</time>
      </trkpt>
      <trkpt lat="35.63812896609306" lon="127.56067796610296">
        <ele>875.7999877929688</ele>
        <time>2023-07-13T13:48:49.000Z</time>
      </trkpt>
      <trkpt lat="35.638131983578205" lon="127.56093897856772">
        <ele>876.7999877929688</ele>
        <time>2023-07-13T13:48:57.000Z</time>
      </trkpt>
      <trkpt lat="35.63806291669607" lon="127.56123896688223">
        <ele>878.2000122070312</ele>
        <time>2023-07-13T13:49:04.000Z</time>
      </trkpt>
      <trkpt lat="35.63805595971644" lon="127.5613699760288">
        <ele>879</ele>
        <time>2023-07-13T13:49:12.000Z</time>
      </trkpt>
      <trkpt lat="35.63807599246502" lon="127.56149796769023">
        <ele>879.5999755859375</ele>
        <time>2023-07-13T13:49:20.000Z</time>
      </trkpt>
      <trkpt lat="35.638111950829625" lon="127.56156996823847">
        <ele>879.5999755859375</ele>
        <time>2023-07-13T13:49:28.000Z</time>
      </trkpt>
      <trkpt lat="35.63813793472946" lon="127.56169494241476">
        <ele>879.2000122070312</ele>
        <time>2023-07-13T13:49:36.000Z</time>
      </trkpt>
      <trkpt lat="35.63811899162829" lon="127.56174699403346">
        <ele>880</ele>
        <time>2023-07-13T13:49:44.000Z</time>
      </trkpt>
      <trkpt lat="35.638131983578205" lon="127.56181798875332">
        <ele>880.4000244140625</ele>
        <time>2023-07-13T13:49:51.000Z</time>
      </trkpt>
      <trkpt lat="35.63811999745667" lon="127.56189594045281">
        <ele>881.5999755859375</ele>
        <time>2023-07-13T13:49:59.000Z</time>
      </trkpt>
      <trkpt lat="35.638069957494736" lon="127.56210791878402">
        <ele>881.7999877929688</ele>
        <time>2023-07-13T13:50:07.000Z</time>
      </trkpt>
      <trkpt lat="35.63808093778789" lon="127.5622349884361">
        <ele>881.7999877929688</ele>
        <time>2023-07-13T13:50:15.000Z</time>
      </trkpt>
      <trkpt lat="35.63814698718488" lon="127.56248493678868">
        <ele>878</ele>
        <time>2023-07-13T13:50:23.000Z</time>
      </trkpt>
      <trkpt lat="35.63816693611443" lon="127.56264796480536">
        <ele>875.7999877929688</ele>
        <time>2023-07-13T13:50:31.000Z</time>
      </trkpt>
      <trkpt lat="35.63823591917753" lon="127.56284192204475">
        <ele>872.4000244140625</ele>
        <time>2023-07-13T13:50:39.000Z</time>
      </trkpt>
      <trkpt lat="35.63822493888438" lon="127.5632109772414">
        <ele>871.4000244140625</ele>
        <time>2023-07-13T13:50:47.000Z</time>
      </trkpt>
      <trkpt lat="35.63827196136117" lon="127.56349093280733">
        <ele>869.4000244140625</ele>
        <time>2023-07-13T13:50:55.000Z</time>
      </trkpt>
      <trkpt lat="35.63831294886768" lon="127.56361699663103">
        <ele>869.5999755859375</ele>
        <time>2023-07-13T13:51:03.000Z</time>
      </trkpt>
      <trkpt lat="35.63835997134447" lon="127.56402695551515">
        <ele>862.7999877929688</ele>
        <time>2023-07-13T13:51:11.000Z</time>
      </trkpt>
      <trkpt lat="35.638432977721095" lon="127.56413692608476">
        <ele>859</ele>
        <time>2023-07-13T13:51:19.000Z</time>
      </trkpt>
      <trkpt lat="35.63846097327769" lon="127.56421697326005">
        <ele>856.5999755859375</ele>
        <time>2023-07-13T13:51:27.000Z</time>
      </trkpt>
      <trkpt lat="35.63854495994747" lon="127.5643299613148">
        <ele>852.7999877929688</ele>
        <time>2023-07-13T13:51:35.000Z</time>
      </trkpt>
      <trkpt lat="35.63868393190205" lon="127.56462894380093">
        <ele>844.4000244140625</ele>
        <time>2023-07-13T13:51:44.000Z</time>
      </trkpt>
      <trkpt lat="35.63879298046231" lon="127.56477696821094">
        <ele>842.2000122070312</ele>
        <time>2023-07-13T13:51:52.000Z</time>
      </trkpt>
      <trkpt lat="35.63887193799019" lon="127.56497897207737">
        <ele>842.5999755859375</ele>
        <time>2023-07-13T13:52:00.000Z</time>
      </trkpt>
      <trkpt lat="35.638946956023574" lon="127.56511794403195">
        <ele>842.5999755859375</ele>
        <time>2023-07-13T13:52:08.000Z</time>
      </trkpt>
      <trkpt lat="35.63898299820721" lon="127.56531299091876">
        <ele>842.4000244140625</ele>
        <time>2023-07-13T13:52:16.000Z</time>
      </trkpt>
      <trkpt lat="35.63899791799486" lon="127.56533092819154">
        <ele>843</ele>
        <time>2023-07-13T13:52:25.000Z</time>
      </trkpt>
      <trkpt lat="35.63903094269335" lon="127.5653329398483">
        <ele>843.5999755859375</ele>
        <time>2023-07-13T13:52:33.000Z</time>
      </trkpt>
      <trkpt lat="35.63901895657182" lon="127.56536495871842">
        <ele>844.2000122070312</ele>
        <time>2023-07-13T13:52:41.000Z</time>
      </trkpt>
      <trkpt lat="35.639056926593184" lon="127.56542195565999">
        <ele>846</ele>
        <time>2023-07-13T13:52:49.000Z</time>
      </trkpt>
      <trkpt lat="35.6390699185431" lon="127.56552698090672">
        <ele>846.5999755859375</ele>
        <time>2023-07-13T13:52:58.000Z</time>
      </trkpt>
      <trkpt lat="35.63915197737515" lon="127.56559495814145">
        <ele>850.4000244140625</ele>
        <time>2023-07-13T13:53:06.000Z</time>
      </trkpt>
      <trkpt lat="35.63917494378984" lon="127.56566394120455">
        <ele>852.7999877929688</ele>
        <time>2023-07-13T13:53:14.000Z</time>
      </trkpt>
      <trkpt lat="35.63926597125828" lon="127.56569998338819">
        <ele>856.5999755859375</ele>
        <time>2023-07-13T13:53:22.000Z</time>
      </trkpt>
      <trkpt lat="35.63927695155144" lon="127.56572093814611">
        <ele>857.4000244140625</ele>
        <time>2023-07-13T13:53:31.000Z</time>
      </trkpt>
      <trkpt lat="35.639310982078314" lon="127.56571498699486">
        <ele>858.4000244140625</ele>
        <time>2023-07-13T13:53:39.000Z</time>
      </trkpt>
      <trkpt lat="35.639334954321384" lon="127.56573393009603">
        <ele>859.5999755859375</ele>
        <time>2023-07-13T13:53:47.000Z</time>
      </trkpt>
      <trkpt lat="35.63938792794943" lon="127.56584096699953">
        <ele>863.5999755859375</ele>
        <time>2023-07-13T13:53:55.000Z</time>
      </trkpt>
      <trkpt lat="35.63940594904125" lon="127.56584096699953">
        <ele>864.2000122070312</ele>
        <time>2023-07-13T13:54:04.000Z</time>
      </trkpt>
      <trkpt lat="35.639420952647924" lon="127.56587793119252">
        <ele>865</ele>
        <time>2023-07-13T13:54:12.000Z</time>
      </trkpt>
      <trkpt lat="35.639482978731394" lon="127.56594096310437">
        <ele>867.4000244140625</ele>
        <time>2023-07-13T13:54:20.000Z</time>
      </trkpt>
      <trkpt lat="35.63955799676478" lon="127.56591497920454">
        <ele>867.4000244140625</ele>
        <time>2023-07-13T13:54:29.000Z</time>
      </trkpt>
      <trkpt lat="35.63959797844291" lon="127.5659169908613">
        <ele>867.4000244140625</ele>
        <time>2023-07-13T13:54:37.000Z</time>
      </trkpt>
      <trkpt lat="35.63969294540584" lon="127.56594699807465">
        <ele>867.5999755859375</ele>
        <time>2023-07-13T13:54:45.000Z</time>
      </trkpt>
      <trkpt lat="35.63988799229264" lon="127.5659719761461">
        <ele>867.4000244140625</ele>
        <time>2023-07-13T13:54:54.000Z</time>
      </trkpt>
      <trkpt lat="35.64003098756075" lon="127.566021932289">
        <ele>866.7999877929688</ele>
        <time>2023-07-13T13:55:02.000Z</time>
      </trkpt>
      <trkpt lat="35.64010198228061" lon="127.56606794893742">
        <ele>867.5999755859375</ele>
        <time>2023-07-13T13:55:10.000Z</time>
      </trkpt>
      <trkpt lat="35.640220921486616" lon="127.5661899894476">
        <ele>868.5999755859375</ele>
        <time>2023-07-13T13:55:19.000Z</time>
      </trkpt>
      <trkpt lat="35.64032192341983" lon="127.56642493419349">
        <ele>868.7999877929688</ele>
        <time>2023-07-13T13:55:27.000Z</time>
      </trkpt>
      <trkpt lat="35.6403979472816" lon="127.56647698581219">
        <ele>869</ele>
        <time>2023-07-13T13:55:36.000Z</time>
      </trkpt>
      <trkpt lat="35.64054396003485" lon="127.56662199273705">
        <ele>869</ele>
        <time>2023-07-13T13:55:44.000Z</time>
      </trkpt>
      <trkpt lat="35.64058695919812" lon="127.56664395332336">
        <ele>868.7999877929688</ele>
        <time>2023-07-13T13:55:53.000Z</time>
      </trkpt>
      <trkpt lat="35.64082198776305" lon="127.56658393889666">
        <ele>865.5999755859375</ele>
        <time>2023-07-13T13:56:01.000Z</time>
      </trkpt>
      <trkpt lat="35.64153394661844" lon="127.56661394611001">
        <ele>860</ele>
        <time>2023-07-13T13:56:10.000Z</time>
      </trkpt>
      <trkpt lat="35.64172698184848" lon="127.5665729586035">
        <ele>861.2000122070312</ele>
        <time>2023-07-13T13:56:18.000Z</time>
      </trkpt>
      <trkpt lat="35.64177794381976" lon="127.56654798053205">
        <ele>860.7999877929688</ele>
        <time>2023-07-13T13:56:27.000Z</time>
      </trkpt>
      <trkpt lat="35.64185991883278" lon="127.5664659217">
        <ele>859.5999755859375</ele>
        <time>2023-07-13T13:56:36.000Z</time>
      </trkpt>
      <trkpt lat="35.64198698848486" lon="127.5664109364152">
        <ele>858</ele>
        <time>2023-07-13T13:56:44.000Z</time>
      </trkpt>
      <trkpt lat="35.64201397821307" lon="127.56638092920184">
        <ele>857.2000122070312</ele>
        <time>2023-07-13T13:56:53.000Z</time>
      </trkpt>
      <trkpt lat="35.6424149684608" lon="127.56632594391704">
        <ele>852.5999755859375</ele>
        <time>2023-07-13T13:57:02.000Z</time>
      </trkpt>
      <trkpt lat="35.64253097400069" lon="127.56634497083724">
        <ele>852.2000122070312</ele>
        <time>2023-07-13T13:57:10.000Z</time>
      </trkpt>
      <trkpt lat="35.64271294511855" lon="127.56642191670835">
        <ele>856</ele>
        <time>2023-07-13T13:57:19.000Z</time>
      </trkpt>
      <trkpt lat="35.64286692067981" lon="127.56644999608397">
        <ele>857.4000244140625</ele>
        <time>2023-07-13T13:57:28.000Z</time>
      </trkpt>
      <trkpt lat="35.64317193813622" lon="127.56643298082054">
        <ele>858.7999877929688</ele>
        <time>2023-07-13T13:57:36.000Z</time>
      </trkpt>
      <trkpt lat="35.64337193034589" lon="127.5664659217">
        <ele>860.2000122070312</ele>
        <time>2023-07-13T13:57:45.000Z</time>
      </trkpt>
      <trkpt lat="35.643417946994305" lon="127.56648897193372">
        <ele>861.5999755859375</ele>
        <time>2023-07-13T13:57:54.000Z</time>
      </trkpt>
      <trkpt lat="35.64353495836258" lon="127.56660891696811">
        <ele>866.2000122070312</ele>
        <time>2023-07-13T13:58:03.000Z</time>
      </trkpt>
      <trkpt lat="35.64360192976892" lon="127.56664395332336">
        <ele>868.2000122070312</ele>
        <time>2023-07-13T13:58:12.000Z</time>
      </trkpt>
      <trkpt lat="35.64362598583102" lon="127.56668393500149">
        <ele>869.5999755859375</ele>
        <time>2023-07-13T13:58:21.000Z</time>
      </trkpt>
      <trkpt lat="35.643653981387615" lon="127.56669893860817">
        <ele>870</ele>
        <time>2023-07-13T13:58:29.000Z</time>
      </trkpt>
      <trkpt lat="35.64377493225038" lon="127.56670991890132">
        <ele>868.7999877929688</ele>
        <time>2023-07-13T13:58:38.000Z</time>
      </trkpt>
      <trkpt lat="35.643848944455385" lon="127.56668091751635">
        <ele>867.7999877929688</ele>
        <time>2023-07-13T13:58:47.000Z</time>
      </trkpt>
      <trkpt lat="35.64394592307508" lon="127.56667194887996">
        <ele>866</ele>
        <time>2023-07-13T13:58:56.000Z</time>
      </trkpt>
      <trkpt lat="35.644190926104784" lon="127.56668494082987">
        <ele>859.4000244140625</ele>
        <time>2023-07-13T13:59:05.000Z</time>
      </trkpt>
      <trkpt lat="35.64442293718457" lon="127.56667295470834">
        <ele>857</ele>
        <time>2023-07-13T13:59:14.000Z</time>
      </trkpt>
      <trkpt lat="35.64467498101294" lon="127.56671494804323">
        <ele>860.5999755859375</ele>
        <time>2023-07-13T13:59:23.000Z</time>
      </trkpt>
      <trkpt lat="35.644834991544485" lon="127.56678292527795">
        <ele>864.2000122070312</ele>
        <time>2023-07-13T13:59:32.000Z</time>
      </trkpt>
      <trkpt lat="35.644899951294065" lon="127.566790971905">
        <ele>865</ele>
        <time>2023-07-13T13:59:41.000Z</time>
      </trkpt>
      <trkpt lat="35.64501293934882" lon="127.56683497689664">
        <ele>866.4000244140625</ele>
        <time>2023-07-13T13:59:50.000Z</time>
      </trkpt>
      <trkpt lat="35.64503791742027" lon="127.56686297245324">
        <ele>867.2000122070312</ele>
        <time>2023-07-13T13:59:59.000Z</time>
      </trkpt>
      <trkpt lat="35.645158952102065" lon="127.56691896356642">
        <ele>868.4000244140625</ele>
        <time>2023-07-13T14:00:08.000Z</time>
      </trkpt>
      <trkpt lat="35.645219972357154" lon="127.5669199693948">
        <ele>868.2000122070312</ele>
        <time>2023-07-13T14:00:17.000Z</time>
      </trkpt>
      <trkpt lat="35.64552599564195" lon="127.56676599383354">
        <ele>867.4000244140625</ele>
        <time>2023-07-13T14:00:26.000Z</time>
      </trkpt>
      <trkpt lat="35.64568198285997" lon="127.56676699966192">
        <ele>866.2000122070312</ele>
        <time>2023-07-13T14:00:35.000Z</time>
      </trkpt>
      <trkpt lat="35.64586395397782" lon="127.56671897135675">
        <ele>862.2000122070312</ele>
        <time>2023-07-13T14:00:44.000Z</time>
      </trkpt>
      <trkpt lat="35.6460499484092" lon="127.56675694137812">
        <ele>860.2000122070312</ele>
        <time>2023-07-13T14:00:53.000Z</time>
      </trkpt>
      <trkpt lat="35.64632998779416" lon="127.56676892749965">
        <ele>860.5999755859375</ele>
        <time>2023-07-13T14:01:02.000Z</time>
      </trkpt>
      <trkpt lat="35.646659983322024" lon="127.56682198494673">
        <ele>863.2000122070312</ele>
        <time>2023-07-13T14:01:11.000Z</time>
      </trkpt>
      <trkpt lat="35.64684899523854" lon="127.56697797216475">
        <ele>868.2000122070312</ele>
        <time>2023-07-13T14:01:21.000Z</time>
      </trkpt>
      <trkpt lat="35.646959971636534" lon="127.56712297908962">
        <ele>871.2000122070312</ele>
        <time>2023-07-13T14:01:30.000Z</time>
      </trkpt>
      <trkpt lat="35.647090980783105" lon="127.56721794605255">
        <ele>873.7999877929688</ele>
        <time>2023-07-13T14:01:39.000Z</time>
      </trkpt>
      <trkpt lat="35.647113947197795" lon="127.56725097075105">
        <ele>874.4000244140625</ele>
        <time>2023-07-13T14:01:48.000Z</time>
      </trkpt>
      <trkpt lat="35.647156946361065" lon="127.56726798601449">
        <ele>874.5999755859375</ele>
        <time>2023-07-13T14:01:58.000Z</time>
      </trkpt>
      <trkpt lat="35.64723095856607" lon="127.56726798601449">
        <ele>875.4000244140625</ele>
        <time>2023-07-13T14:02:07.000Z</time>
      </trkpt>
      <trkpt lat="35.64725895412266" lon="127.56725197657943">
        <ele>875.7999877929688</ele>
        <time>2023-07-13T14:02:16.000Z</time>
      </trkpt>
      <trkpt lat="35.64733598381281" lon="127.56726999767125">
        <ele>876.7999877929688</ele>
        <time>2023-07-13T14:02:25.000Z</time>
      </trkpt>
      <trkpt lat="35.647434974089265" lon="127.5672619510442">
        <ele>877.7999877929688</ele>
        <time>2023-07-13T14:02:35.000Z</time>
      </trkpt>
      <trkpt lat="35.647521978244185" lon="127.56728198379278">
        <ele>878.7999877929688</ele>
        <time>2023-07-13T14:02:44.000Z</time>
      </trkpt>
      <trkpt lat="35.647648964077234" lon="127.56726094521582">
        <ele>879.4000244140625</ele>
        <time>2023-07-13T14:02:53.000Z</time>
      </trkpt>
      <trkpt lat="35.64775298349559" lon="127.56720998324454">
        <ele>879.4000244140625</ele>
        <time>2023-07-13T14:03:03.000Z</time>
      </trkpt>
      <trkpt lat="35.64787594601512" lon="127.56718098185956">
        <ele>879</ele>
        <time>2023-07-13T14:03:12.000Z</time>
      </trkpt>
      <trkpt lat="35.64798893406987" lon="127.56711199879646">
        <ele>877.4000244140625</ele>
        <time>2023-07-13T14:03:21.000Z</time>
      </trkpt>
      <trkpt lat="35.64815296791494" lon="127.56711694411933">
        <ele>876</ele>
        <time>2023-07-13T14:03:31.000Z</time>
      </trkpt>
      <trkpt lat="35.64824894070625" lon="127.56706195883453">
        <ele>873.4000244140625</ele>
        <time>2023-07-13T14:03:40.000Z</time>
      </trkpt>
      <trkpt lat="35.648379949852824" lon="127.5670359749347">
        <ele>868.2000122070312</ele>
        <time>2023-07-13T14:03:49.000Z</time>
      </trkpt>
      <trkpt lat="35.64858698286116" lon="127.56703295744956">
        <ele>864.4000244140625</ele>
        <time>2023-07-13T14:03:59.000Z</time>
      </trkpt>
      <trkpt lat="35.64873995259404" lon="127.56711593829095">
        <ele>862.7999877929688</ele>
        <time>2023-07-13T14:04:08.000Z</time>
      </trkpt>
      <trkpt lat="35.64886593259871" lon="127.56716195493937">
        <ele>861.2000122070312</ele>
        <time>2023-07-13T14:04:18.000Z</time>
      </trkpt>
      <trkpt lat="35.64902292564511" lon="127.56717092357576">
        <ele>858.4000244140625</ele>
        <time>2023-07-13T14:04:27.000Z</time>
      </trkpt>
      <trkpt lat="35.64920598641038" lon="127.56724694743752">
        <ele>857</ele>
        <time>2023-07-13T14:04:37.000Z</time>
      </trkpt>
      <trkpt lat="35.64939592033625" lon="127.56726798601449">
        <ele>859.5999755859375</ele>
        <time>2023-07-13T14:04:46.000Z</time>
      </trkpt>
      <trkpt lat="35.649562971666455" lon="127.56723596714437">
        <ele>862.5999755859375</ele>
        <time>2023-07-13T14:04:56.000Z</time>
      </trkpt>
      <trkpt lat="35.64961695112288" lon="127.56724392995238">
        <ele>863.7999877929688</ele>
        <time>2023-07-13T14:05:05.000Z</time>
      </trkpt>
      <trkpt lat="35.649690963327885" lon="127.56720595993102">
        <ele>864.7999877929688</ele>
        <time>2023-07-13T14:05:15.000Z</time>
      </trkpt>
      <trkpt lat="35.64992196857929" lon="127.56724996492267">
        <ele>865.7999877929688</ele>
        <time>2023-07-13T14:05:25.000Z</time>
      </trkpt>
      <trkpt lat="35.64998893998563" lon="127.56724099628627">
        <ele>865.4000244140625</ele>
        <time>2023-07-13T14:05:34.000Z</time>
      </trkpt>
      <trkpt lat="35.650096982717514" lon="127.56726899184287">
        <ele>864.2000122070312</ele>
        <time>2023-07-13T14:05:44.000Z</time>
      </trkpt>
      <trkpt lat="35.650312984362245" lon="127.56728399544954">
        <ele>859.7999877929688</ele>
        <time>2023-07-13T14:05:53.000Z</time>
      </trkpt>
      <trkpt lat="35.65037199296057" lon="127.56725097075105">
        <ele>858.2000122070312</ele>
        <time>2023-07-13T14:06:03.000Z</time>
      </trkpt>
      <trkpt lat="35.650549940764904" lon="127.56721392273903">
        <ele>851.7999877929688</ele>
        <time>2023-07-13T14:06:13.000Z</time>
      </trkpt>
      <trkpt lat="35.65060995519161" lon="127.56724594160914">
        <ele>852.5999755859375</ele>
        <time>2023-07-13T14:06:22.000Z</time>
      </trkpt>
      <trkpt lat="35.65076996572316" lon="127.56725792773068">
        <ele>859</ele>
        <time>2023-07-13T14:06:32.000Z</time>
      </trkpt>
      <trkpt lat="35.65088295377791" lon="127.56729095242918">
        <ele>863.5999755859375</ele>
        <time>2023-07-13T14:06:42.000Z</time>
      </trkpt>
      <trkpt lat="35.6511699501425" lon="127.56730193272233">
        <ele>868.7999877929688</ele>
        <time>2023-07-13T14:06:52.000Z</time>
      </trkpt>
      <trkpt lat="35.65127992071211" lon="127.5673359632492">
        <ele>870.2000122070312</ele>
        <time>2023-07-13T14:07:01.000Z</time>
      </trkpt>
      <trkpt lat="35.65139492042363" lon="127.5673359632492">
        <ele>871.7999877929688</ele>
        <time>2023-07-13T14:07:11.000Z</time>
      </trkpt>
      <trkpt lat="35.65156792290509" lon="127.56742296740413">
        <ele>873.5999755859375</ele>
        <time>2023-07-13T14:07:21.000Z</time>
      </trkpt>
      <trkpt lat="35.65162994898856" lon="127.56750494241714">
        <ele>874.4000244140625</ele>
        <time>2023-07-13T14:07:31.000Z</time>
      </trkpt>
      <trkpt lat="35.65183396451175" lon="127.56758498959243">
        <ele>875</ele>
        <time>2023-07-13T14:07:40.000Z</time>
      </trkpt>
      <trkpt lat="35.65201794728637" lon="127.56762991659343">
        <ele>875.4000244140625</ele>
        <time>2023-07-13T14:07:50.000Z</time>
      </trkpt>
      <trkpt lat="35.65208894200623" lon="127.56769797764719">
        <ele>874.4000244140625</ele>
        <time>2023-07-13T14:08:00.000Z</time>
      </trkpt>
      <trkpt lat="35.652163960039616" lon="127.56773695349693">
        <ele>873.7999877929688</ele>
        <time>2023-07-13T14:08:10.000Z</time>
      </trkpt>
      <trkpt lat="35.65226496197283" lon="127.56774994544685">
        <ele>872.2000122070312</ele>
        <time>2023-07-13T14:08:20.000Z</time>
      </trkpt>
      <trkpt lat="35.65242497250438" lon="127.56784994155169">
        <ele>871.4000244140625</ele>
        <time>2023-07-13T14:08:30.000Z</time>
      </trkpt>
      <trkpt lat="35.65250292420387" lon="127.56797692738473">
        <ele>871</ele>
        <time>2023-07-13T14:08:40.000Z</time>
      </trkpt>
      <trkpt lat="35.65257299691439" lon="127.56823391653597">
        <ele>869.5999755859375</ele>
        <time>2023-07-13T14:08:50.000Z</time>
      </trkpt>
      <trkpt lat="35.652719931676984" lon="127.56837992928922">
        <ele>869.7999877929688</ele>
        <time>2023-07-13T14:08:59.000Z</time>
      </trkpt>
      <trkpt lat="35.65281498245895" lon="127.56843994371593">
        <ele>870.4000244140625</ele>
        <time>2023-07-13T14:09:09.000Z</time>
      </trkpt>
      <trkpt lat="35.652956971898675" lon="127.56870497949421">
        <ele>869.5999755859375</ele>
        <time>2023-07-13T14:09:19.000Z</time>
      </trkpt>
      <trkpt lat="35.653065936639905" lon="127.56887194700539">
        <ele>869</ele>
        <time>2023-07-13T14:09:29.000Z</time>
      </trkpt>
      <trkpt lat="35.65320993773639" lon="127.56931995972991">
        <ele>867.4000244140625</ele>
        <time>2023-07-13T14:09:40.000Z</time>
      </trkpt>
      <trkpt lat="35.65322997048497" lon="127.56944191642106">
        <ele>868</ele>
        <time>2023-07-13T14:09:50.000Z</time>
      </trkpt>
      <trkpt lat="35.653239944949746" lon="127.56968599744141">
        <ele>871</ele>
        <time>2023-07-13T14:10:00.000Z</time>
      </trkpt>
      <trkpt lat="35.65326098352671" lon="127.56975095719099">
        <ele>871.7999877929688</ele>
        <time>2023-07-13T14:10:10.000Z</time>
      </trkpt>
      <trkpt lat="35.65324899740517" lon="127.56983192637563">
        <ele>872.5999755859375</ele>
        <time>2023-07-13T14:10:20.000Z</time>
      </trkpt>
      <trkpt lat="35.65320197492838" lon="127.57000794634223">
        <ele>875.4000244140625</ele>
        <time>2023-07-13T14:10:30.000Z</time>
      </trkpt>
      <trkpt lat="35.653103990480304" lon="127.57014197297394">
        <ele>877.4000244140625</ele>
        <time>2023-07-13T14:10:40.000Z</time>
      </trkpt>
      <trkpt lat="35.653109941631556" lon="127.57020198740065">
        <ele>877.4000244140625</ele>
        <time>2023-07-13T14:10:50.000Z</time>
      </trkpt>
      <trkpt lat="35.653004916384816" lon="127.5704069249332">
        <ele>879.2000122070312</ele>
        <time>2023-07-13T14:11:00.000Z</time>
      </trkpt>
      <trkpt lat="35.65298295579851" lon="127.570535922423">
        <ele>880.7999877929688</ele>
        <time>2023-07-13T14:11:11.000Z</time>
      </trkpt>
      <trkpt lat="35.652932999655604" lon="127.57065796293318">
        <ele>883.4000244140625</ele>
        <time>2023-07-13T14:11:21.000Z</time>
      </trkpt>
      <trkpt lat="35.65288798883557" lon="127.57072292268276">
        <ele>885</ele>
        <time>2023-07-13T14:11:31.000Z</time>
      </trkpt>
      <trkpt lat="35.65288798883557" lon="127.5707779917866">
        <ele>886.2000122070312</ele>
        <time>2023-07-13T14:11:41.000Z</time>
      </trkpt>
      <trkpt lat="35.65280199050903" lon="127.57093993015587">
        <ele>891</ele>
        <time>2023-07-13T14:11:52.000Z</time>
      </trkpt>
      <trkpt lat="35.65281397663057" lon="127.57098695263267">
        <ele>892.4000244140625</ele>
        <time>2023-07-13T14:12:02.000Z</time>
      </trkpt>
      <trkpt lat="35.65277491696179" lon="127.57105995900929">
        <ele>895.2000122070312</ele>
        <time>2023-07-13T14:12:12.000Z</time>
      </trkpt>
      <trkpt lat="35.6527709774673" lon="127.57110899314284">
        <ele>896.7999877929688</ele>
        <time>2023-07-13T14:12:22.000Z</time>
      </trkpt>
      <trkpt lat="35.65267098136246" lon="127.57122994400561">
        <ele>901.2000122070312</ele>
        <time>2023-07-13T14:12:32.000Z</time>
      </trkpt>
      <trkpt lat="35.65267492085695" lon="127.57137998007238">
        <ele>905.5999755859375</ele>
        <time>2023-07-13T14:12:43.000Z</time>
      </trkpt>
      <trkpt lat="35.65268891863525" lon="127.57141593843699">
        <ele>906.5999755859375</ele>
        <time>2023-07-13T14:12:53.000Z</time>
      </trkpt>
      <trkpt lat="35.652719931676984" lon="127.57143194787204">
        <ele>907</ele>
        <time>2023-07-13T14:13:03.000Z</time>
      </trkpt>
      <trkpt lat="35.65270492807031" lon="127.57148492150009">
        <ele>908.4000244140625</ele>
        <time>2023-07-13T14:13:14.000Z</time>
      </trkpt>
      <trkpt lat="35.65271599218249" lon="127.57151291705668">
        <ele>909</ele>
        <time>2023-07-13T14:13:24.000Z</time>
      </trkpt>
      <trkpt lat="35.65268598496914" lon="127.57157293148339">
        <ele>910.5999755859375</ele>
        <time>2023-07-13T14:13:34.000Z</time>
      </trkpt>
      <trkpt lat="35.65266192890704" lon="127.57158894091845">
        <ele>911.2000122070312</ele>
        <time>2023-07-13T14:13:45.000Z</time>
      </trkpt>
      <trkpt lat="35.65266695804894" lon="127.57161199115217">
        <ele>911.5999755859375</ele>
        <time>2023-07-13T14:13:55.000Z</time>
      </trkpt>
      <trkpt lat="35.65263292752206" lon="127.57162699475884">
        <ele>912.2000122070312</ele>
        <time>2023-07-13T14:14:05.000Z</time>
      </trkpt>
      <trkpt lat="35.65261993557215" lon="127.57165993563831">
        <ele>913</ele>
        <time>2023-07-13T14:14:15.000Z</time>
      </trkpt>
      <trkpt lat="35.652654971927404" lon="127.57169195450842">
        <ele>913.7999877929688</ele>
        <time>2023-07-13T14:14:26.000Z</time>
      </trkpt>
      <trkpt lat="35.652616918087006" lon="127.57175096310675">
        <ele>915.5999755859375</ele>
        <time>2023-07-13T14:14:36.000Z</time>
      </trkpt>
      <trkpt lat="35.65256293863058" lon="127.57177895866334">
        <ele>916.4000244140625</ele>
        <time>2023-07-13T14:14:46.000Z</time>
      </trkpt>
      <trkpt lat="35.65254592336714" lon="127.5718279927969">
        <ele>917.5999755859375</ele>
        <time>2023-07-13T14:14:57.000Z</time>
      </trkpt>
      <trkpt lat="35.65255497582257" lon="127.57184391841292">
        <ele>918</ele>
        <time>2023-07-13T14:15:07.000Z</time>
      </trkpt>
      <trkpt lat="35.65259696915746" lon="127.57184391841292">
        <ele>918</ele>
        <time>2023-07-13T14:15:17.000Z</time>
      </trkpt>
      <trkpt lat="35.65262295305729" lon="127.57187493145466">
        <ele>918.7999877929688</ele>
        <time>2023-07-13T14:15:28.000Z</time>
      </trkpt>
      <trkpt lat="35.65255396999419" lon="127.57187694311142">
        <ele>918.7999877929688</ele>
        <time>2023-07-13T14:15:38.000Z</time>
      </trkpt>
      <trkpt lat="35.652551958337426" lon="127.57190996780992">
        <ele>919.5999755859375</ele>
        <time>2023-07-13T14:15:48.000Z</time>
      </trkpt>
      <trkpt lat="35.652568973600864" lon="127.57191994227469">
        <ele>919.7999877929688</ele>
        <time>2023-07-13T14:15:59.000Z</time>
      </trkpt>
      <trkpt lat="35.652570985257626" lon="127.57189395837486">
        <ele>919.2000122070312</ele>
        <time>2023-07-13T14:16:09.000Z</time>
      </trkpt>
      <trkpt lat="35.6526499427855" lon="127.57203293032944">
        <ele>922</ele>
        <time>2023-07-13T14:16:20.000Z</time>
      </trkpt>
      <trkpt lat="35.65270492807031" lon="127.57224792614579">
        <ele>924.5999755859375</ele>
        <time>2023-07-13T14:16:30.000Z</time>
      </trkpt>
      <trkpt lat="35.652616918087006" lon="127.57233995944262">
        <ele>924</ele>
        <time>2023-07-13T14:16:40.000Z</time>
      </trkpt>
      <trkpt lat="35.65258892253041" lon="127.57241397164762">
        <ele>923.5999755859375</ele>
        <time>2023-07-13T14:16:51.000Z</time>
      </trkpt>
      <trkpt lat="35.652551958337426" lon="127.5724509358406">
        <ele>923.2000122070312</ele>
        <time>2023-07-13T14:17:01.000Z</time>
      </trkpt>
      <trkpt lat="35.65243192948401" lon="127.5724619999528">
        <ele>921.4000244140625</ele>
        <time>2023-07-13T14:17:12.000Z</time>
      </trkpt>
      <trkpt lat="35.65219799056649" lon="127.57257792167366">
        <ele>918.5999755859375</ele>
        <time>2023-07-13T14:17:22.000Z</time>
      </trkpt>
      <trkpt lat="35.652096988633275" lon="127.57260994054377">
        <ele>916.4000244140625</ele>
        <time>2023-07-13T14:17:33.000Z</time>
      </trkpt>
      <trkpt lat="35.65186891704798" lon="127.57262092083693">
        <ele>913</ele>
        <time>2023-07-13T14:17:43.000Z</time>
      </trkpt>
      <trkpt lat="35.651837987825274" lon="127.57260692305863">
        <ele>912.5999755859375</ele>
        <time>2023-07-13T14:17:54.000Z</time>
      </trkpt>
      <trkpt lat="35.65177193842828" lon="127.57262594997883">
        <ele>911.5999755859375</ele>
        <time>2023-07-13T14:18:04.000Z</time>
      </trkpt>
      <trkpt lat="35.651644952595234" lon="127.57277891971171">
        <ele>910.2000122070312</ele>
        <time>2023-07-13T14:18:15.000Z</time>
      </trkpt>
      <trkpt lat="35.65150992013514" lon="127.57302593439817">
        <ele>906.5999755859375</ele>
        <time>2023-07-13T14:18:25.000Z</time>
      </trkpt>
      <trkpt lat="35.6513409409672" lon="127.57316993549466">
        <ele>906</ele>
        <time>2023-07-13T14:18:36.000Z</time>
      </trkpt>
      <trkpt lat="35.65121294930577" lon="127.5733299460262">
        <ele>908.7999877929688</ele>
        <time>2023-07-13T14:18:46.000Z</time>
      </trkpt>
      <trkpt lat="35.651129968464375" lon="127.57336498238146">
        <ele>910</ele>
        <time>2023-07-13T14:18:57.000Z</time>
      </trkpt>
      <trkpt lat="35.65107297152281" lon="127.57354594767094">
        <ele>910.7999877929688</ele>
        <time>2023-07-13T14:19:08.000Z</time>
      </trkpt>
      <trkpt lat="35.650877924636006" lon="127.57376999594271">
        <ele>914.4000244140625</ele>
        <time>2023-07-13T14:19:18.000Z</time>
      </trkpt>
      <trkpt lat="35.65085797570646" lon="127.57387393154204">
        <ele>914.5999755859375</ele>
        <time>2023-07-13T14:19:29.000Z</time>
      </trkpt>
      <trkpt lat="35.65079695545137" lon="127.57399597205222">
        <ele>913</ele>
        <time>2023-07-13T14:19:40.000Z</time>
      </trkpt>
      <trkpt lat="35.65081497654319" lon="127.57417693734169">
        <ele>912</ele>
        <time>2023-07-13T14:19:50.000Z</time>
      </trkpt>
      <trkpt lat="35.65079896710813" lon="127.57447499781847">
        <ele>910.2000122070312</ele>
        <time>2023-07-13T14:20:01.000Z</time>
      </trkpt>
      <trkpt lat="35.650723949074745" lon="127.57466099224985">
        <ele>909.7999877929688</ele>
        <time>2023-07-13T14:20:12.000Z</time>
      </trkpt>
      <trkpt lat="35.65071992576122" lon="127.57474296726286">
        <ele>910.4000244140625</ele>
        <time>2023-07-13T14:20:23.000Z</time>
      </trkpt>
      <trkpt lat="35.65067499876022" lon="127.57481597363949">
        <ele>910.7999877929688</ele>
        <time>2023-07-13T14:20:33.000Z</time>
      </trkpt>
      <trkpt lat="35.65068698488176" lon="127.57493298500776">
        <ele>912.7999877929688</ele>
        <time>2023-07-13T14:20:44.000Z</time>
      </trkpt>
      <trkpt lat="35.65062294714153" lon="127.57510892115533">
        <ele>917</ele>
        <time>2023-07-13T14:20:55.000Z</time>
      </trkpt>
      <trkpt lat="35.65062395296991" lon="127.57518796250224">
        <ele>919.2000122070312</ele>
        <time>2023-07-13T14:21:06.000Z</time>
      </trkpt>
      <trkpt lat="35.65058992244303" lon="127.57526298053563">
        <ele>921.7999877929688</ele>
        <time>2023-07-13T14:21:17.000Z</time>
      </trkpt>
      <trkpt lat="35.65056695602834" lon="127.57538694888353">
        <ele>923.7999877929688</ele>
        <time>2023-07-13T14:21:28.000Z</time>
      </trkpt>
      <trkpt lat="35.65057894214988" lon="127.57557193748653">
        <ele>927.5999755859375</ele>
        <time>2023-07-13T14:21:38.000Z</time>
      </trkpt>
      <trkpt lat="35.650529991835356" lon="127.57572993636131">
        <ele>928.4000244140625</ele>
        <time>2023-07-13T14:21:49.000Z</time>
      </trkpt>
      <trkpt lat="35.650441981852055" lon="127.57582196965814">
        <ele>928.7999877929688</ele>
        <time>2023-07-13T14:22:00.000Z</time>
      </trkpt>
      <trkpt lat="35.650228997692466" lon="127.57624198682606">
        <ele>933.2000122070312</ele>
        <time>2023-07-13T14:22:11.000Z</time>
      </trkpt>
      <trkpt lat="35.65017594024539" lon="127.57630099542439">
        <ele>934.4000244140625</ele>
        <time>2023-07-13T14:22:22.000Z</time>
      </trkpt>
      <trkpt lat="35.65000494942069" lon="127.57641498930752">
        <ele>940.5999755859375</ele>
        <time>2023-07-13T14:22:33.000Z</time>
      </trkpt>
      <trkpt lat="35.649990951642394" lon="127.57644793018699">
        <ele>941</ele>
        <time>2023-07-13T14:22:44.000Z</time>
      </trkpt>
      <trkpt lat="35.64993797801435" lon="127.57648196071386">
        <ele>942</ele>
        <time>2023-07-13T14:22:55.000Z</time>
      </trkpt>
      <trkpt lat="35.649929931387305" lon="127.57652294822037">
        <ele>942.4000244140625</ele>
        <time>2023-07-13T14:23:06.000Z</time>
      </trkpt>
      <trkpt lat="35.64989497885108" lon="127.57654298096895">
        <ele>943</ele>
        <time>2023-07-13T14:23:17.000Z</time>
      </trkpt>
      <trkpt lat="35.64984795637429" lon="127.57660391740501">
        <ele>945.7999877929688</ele>
        <time>2023-07-13T14:23:28.000Z</time>
      </trkpt>
      <trkpt lat="35.64981199800968" lon="127.5766789354384">
        <ele>948.4000244140625</ele>
        <time>2023-07-13T14:23:39.000Z</time>
      </trkpt>
      <trkpt lat="35.64973195083439" lon="127.57670894265175">
        <ele>949.5999755859375</ele>
        <time>2023-07-13T14:23:50.000Z</time>
      </trkpt>
      <trkpt lat="35.64969993196428" lon="127.57674993015826">
        <ele>949</ele>
        <time>2023-07-13T14:24:01.000Z</time>
      </trkpt>
      <trkpt lat="35.64963195472956" lon="127.57679292932153">
        <ele>948.2000122070312</ele>
        <time>2023-07-13T14:24:12.000Z</time>
      </trkpt>
      <trkpt lat="35.64955299720168" lon="127.57692092098296">
        <ele>948.2000122070312</ele>
        <time>2023-07-13T14:24:23.000Z</time>
      </trkpt>
      <trkpt lat="35.649517960846424" lon="127.57705494761467">
        <ele>946</ele>
        <time>2023-07-13T14:24:34.000Z</time>
      </trkpt>
      <trkpt lat="35.64946398139" lon="127.57713692262769">
        <ele>942.7999877929688</ele>
        <time>2023-07-13T14:24:45.000Z</time>
      </trkpt>
      <trkpt lat="35.64941997639835" lon="127.57714798673987">
        <ele>941</ele>
        <time>2023-07-13T14:24:56.000Z</time>
      </trkpt>
      <trkpt lat="35.649370942264795" lon="127.57719492539763">
        <ele>939.5999755859375</ele>
        <time>2023-07-13T14:25:07.000Z</time>
      </trkpt>
      <trkpt lat="35.6493619736284" lon="127.57722795009613">
        <ele>939.2000122070312</ele>
        <time>2023-07-13T14:25:18.000Z</time>
      </trkpt>
      <trkpt lat="35.64926398918033" lon="127.57734697312117">
        <ele>935.4000244140625</ele>
        <time>2023-07-13T14:25:29.000Z</time>
      </trkpt>
      <trkpt lat="35.6490149628371" lon="127.5776129309088">
        <ele>926</ele>
        <time>2023-07-13T14:25:40.000Z</time>
      </trkpt>
      <trkpt lat="35.64886098727584" lon="127.57783798500896">
        <ele>920</ele>
        <time>2023-07-13T14:25:51.000Z</time>
      </trkpt>
      <trkpt lat="35.64877197146416" lon="127.57787293754518">
        <ele>917.5999755859375</ele>
        <time>2023-07-13T14:26:03.000Z</time>
      </trkpt>
      <trkpt lat="35.648742970079184" lon="127.57790193893015">
        <ele>916.5999755859375</ele>
        <time>2023-07-13T14:26:14.000Z</time>
      </trkpt>
      <trkpt lat="35.648620929569006" lon="127.57793596945703">
        <ele>914</ele>
        <time>2023-07-13T14:26:25.000Z</time>
      </trkpt>
      <trkpt lat="35.64854498952627" lon="127.57799095474184">
        <ele>911</ele>
        <time>2023-07-13T14:26:36.000Z</time>
      </trkpt>
      <trkpt lat="35.64845798537135" lon="127.57812699303031">
        <ele>907.4000244140625</ele>
        <time>2023-07-13T14:26:47.000Z</time>
      </trkpt>
      <trkpt lat="35.648427978158" lon="127.57822195999324">
        <ele>904.4000244140625</ele>
        <time>2023-07-13T14:26:58.000Z</time>
      </trkpt>
      <trkpt lat="35.64836896955967" lon="127.57829496636987">
        <ele>902.4000244140625</ele>
        <time>2023-07-13T14:27:10.000Z</time>
      </trkpt>
      <trkpt lat="35.64819999039173" lon="127.57843393832445">
        <ele>893.7999877929688</ele>
        <time>2023-07-13T14:27:21.000Z</time>
      </trkpt>
      <trkpt lat="35.64802195876837" lon="127.57851297967136">
        <ele>887</ele>
        <time>2023-07-13T14:27:32.000Z</time>
      </trkpt>
      <trkpt lat="35.647993963211775" lon="127.57858699187636">
        <ele>884.2000122070312</ele>
        <time>2023-07-13T14:27:43.000Z</time>
      </trkpt>
      <trkpt lat="35.6477559171617" lon="127.57879092358053">
        <ele>876.2000122070312</ele>
        <time>2023-07-13T14:27:55.000Z</time>
      </trkpt>
      <trkpt lat="35.64760998822749" lon="127.57900298573077">
        <ele>872.7999877929688</ele>
        <time>2023-07-13T14:28:06.000Z</time>
      </trkpt>
      <trkpt lat="35.647456934675574" lon="127.57913592271507">
        <ele>871</ele>
        <time>2023-07-13T14:28:17.000Z</time>
      </trkpt>
      <trkpt lat="35.64714395441115" lon="127.5791999604553">
        <ele>870</ele>
        <time>2023-07-13T14:28:29.000Z</time>
      </trkpt>
      <trkpt lat="35.646877996623516" lon="127.57932594045997">
        <ele>869</ele>
        <time>2023-07-13T14:28:40.000Z</time>
      </trkpt>
      <trkpt lat="35.64678596332669" lon="127.57931898348033">
        <ele>869</ele>
        <time>2023-07-13T14:28:52.000Z</time>
      </trkpt>
      <trkpt lat="35.646704994142056" lon="127.57934597320855">
        <ele>868.7999877929688</ele>
        <time>2023-07-13T14:29:03.000Z</time>
      </trkpt>
      <trkpt lat="35.646660989150405" lon="127.57932594045997">
        <ele>868.4000244140625</ele>
        <time>2023-07-13T14:29:15.000Z</time>
      </trkpt>
      <trkpt lat="35.646595945581794" lon="127.57932996377349">
        <ele>867.4000244140625</ele>
        <time>2023-07-13T14:29:26.000Z</time>
      </trkpt>
      <trkpt lat="35.64648295752704" lon="127.5793659221381">
        <ele>865.4000244140625</ele>
        <time>2023-07-13T14:29:38.000Z</time>
      </trkpt>
      <trkpt lat="35.646404922008514" lon="127.5793659221381">
        <ele>864.5999755859375</ele>
        <time>2023-07-13T14:29:49.000Z</time>
      </trkpt>
      <trkpt lat="35.646357983350754" lon="127.5793429557234">
        <ele>864.4000244140625</ele>
        <time>2023-07-13T14:30:01.000Z</time>
      </trkpt>
      <trkpt lat="35.64637692645192" lon="127.57930397987366">
        <ele>864.7999877929688</ele>
        <time>2023-07-13T14:30:12.000Z</time>
      </trkpt>
      <trkpt lat="35.64635194838047" lon="127.57932292297482">
        <ele>864.4000244140625</ele>
        <time>2023-07-13T14:30:24.000Z</time>
      </trkpt>
      <trkpt lat="35.64631196670234" lon="127.57932191714644">
        <ele>864.2000122070312</ele>
        <time>2023-07-13T14:30:35.000Z</time>
      </trkpt>
      <trkpt lat="35.6463139783591" lon="127.57930397987366">
        <ele>864.4000244140625</ele>
        <time>2023-07-13T14:30:47.000Z</time>
      </trkpt>
      <trkpt lat="35.64619696699083" lon="127.57931898348033">
        <ele>862.2000122070312</ele>
        <time>2023-07-13T14:30:58.000Z</time>
      </trkpt>
      <trkpt lat="35.64605296589434" lon="127.57923893630505">
        <ele>863.2000122070312</ele>
        <time>2023-07-13T14:31:10.000Z</time>
      </trkpt>
      <trkpt lat="35.64596998505294" lon="127.57924597710371">
        <ele>863.4000244140625</ele>
        <time>2023-07-13T14:31:21.000Z</time>
      </trkpt>
      <trkpt lat="35.64587292261422" lon="127.57916391827166">
        <ele>865.5999755859375</ele>
        <time>2023-07-13T14:31:33.000Z</time>
      </trkpt>
      <trkpt lat="35.64577493816614" lon="127.57914992049336">
        <ele>868.4000244140625</ele>
        <time>2023-07-13T14:31:44.000Z</time>
      </trkpt>
      <trkpt lat="35.64568592235446" lon="127.57923097349703">
        <ele>870</ele>
        <time>2023-07-13T14:31:56.000Z</time>
      </trkpt>
      <trkpt lat="35.64558299258351" lon="127.57923994213343">
        <ele>872.7999877929688</ele>
        <time>2023-07-13T14:32:07.000Z</time>
      </trkpt>
      <trkpt lat="35.64549196511507" lon="127.57931194268167">
        <ele>873.4000244140625</ele>
        <time>2023-07-13T14:32:19.000Z</time>
      </trkpt>
      <trkpt lat="35.64532692544162" lon="127.57932996377349">
        <ele>881</ele>
        <time>2023-07-13T14:32:31.000Z</time>
      </trkpt>
      <trkpt lat="35.645266994833946" lon="127.57931093685329">
        <ele>883.5999755859375</ele>
        <time>2023-07-13T14:32:42.000Z</time>
      </trkpt>
      <trkpt lat="35.64514495432377" lon="127.57930993102491">
        <ele>888</ele>
        <time>2023-07-13T14:32:54.000Z</time>
      </trkpt>
      <trkpt lat="35.6450829282403" lon="127.57926399819553">
        <ele>890.7999877929688</ele>
        <time>2023-07-13T14:33:06.000Z</time>
      </trkpt>
      <trkpt lat="35.64502593129873" lon="127.57927296683192">
        <ele>893</ele>
        <time>2023-07-13T14:33:17.000Z</time>
      </trkpt>
      <trkpt lat="35.644949991256" lon="127.57924798876047">
        <ele>896.4000244140625</ele>
        <time>2023-07-13T14:33:29.000Z</time>
      </trkpt>
      <trkpt lat="35.64490397460759" lon="127.57926098071039">
        <ele>898.4000244140625</ele>
        <time>2023-07-13T14:33:41.000Z</time>
      </trkpt>
      <trkpt lat="35.64484496600926" lon="127.57919593714178">
        <ele>901.4000244140625</ele>
        <time>2023-07-13T14:33:52.000Z</time>
      </trkpt>
      <trkpt lat="35.64482694491744" lon="127.5792189873755">
        <ele>902</ele>
        <time>2023-07-13T14:34:04.000Z</time>
      </trkpt>
      <trkpt lat="35.64474295824766" lon="127.57922896184027">
        <ele>904.4000244140625</ele>
        <time>2023-07-13T14:34:16.000Z</time>
      </trkpt>
      <trkpt lat="35.64463592134416" lon="127.5792689435184">
        <ele>905</ele>
        <time>2023-07-13T14:34:27.000Z</time>
      </trkpt>
      <trkpt lat="35.64459191635251" lon="127.57932795211673">
        <ele>904.4000244140625</ele>
        <time>2023-07-13T14:34:39.000Z</time>
      </trkpt>
      <trkpt lat="35.644340962171555" lon="127.57934094406664">
        <ele>906.7999877929688</ele>
        <time>2023-07-13T14:34:51.000Z</time>
      </trkpt>
      <trkpt lat="35.64426694996655" lon="127.57932292297482">
        <ele>908</ele>
        <time>2023-07-13T14:35:03.000Z</time>
      </trkpt>
      <trkpt lat="35.644018929451704" lon="127.57919199764729">
        <ele>914.5999755859375</ele>
        <time>2023-07-13T14:35:14.000Z</time>
      </trkpt>
      <trkpt lat="35.643972996622324" lon="127.57910398766398">
        <ele>915.5999755859375</ele>
        <time>2023-07-13T14:35:26.000Z</time>
      </trkpt>
      <trkpt lat="35.64377593807876" lon="127.57908194325864">
        <ele>916.4000244140625</ele>
        <time>2023-07-13T14:35:38.000Z</time>
      </trkpt>
      <trkpt lat="35.64367292448878" lon="127.57910792715847">
        <ele>917.2000122070312</ele>
        <time>2023-07-13T14:35:50.000Z</time>
      </trkpt>
      <trkpt lat="35.643572928383946" lon="127.57915494963527">
        <ele>916.5999755859375</ele>
        <time>2023-07-13T14:36:02.000Z</time>
      </trkpt>
      <trkpt lat="35.64354493282735" lon="127.57919291965663">
        <ele>916.7999877929688</ele>
        <time>2023-07-13T14:36:13.000Z</time>
      </trkpt>
      <trkpt lat="35.643524983897805" lon="127.57931194268167">
        <ele>915.4000244140625</ele>
        <time>2023-07-13T14:36:25.000Z</time>
      </trkpt>
      <trkpt lat="35.643463963642716" lon="127.57937799207866">
        <ele>914</ele>
        <time>2023-07-13T14:36:37.000Z</time>
      </trkpt>
      <trkpt lat="35.643417946994305" lon="127.57946591824293">
        <ele>912.4000244140625</ele>
        <time>2023-07-13T14:36:49.000Z</time>
      </trkpt>
      <trkpt lat="35.643351981416345" lon="127.57952299900353">
        <ele>911</ele>
        <time>2023-07-13T14:37:01.000Z</time>
      </trkpt>
      <trkpt lat="35.6432799808681" lon="127.5795659981668">
        <ele>910.7999877929688</ele>
        <time>2023-07-13T14:37:13.000Z</time>
      </trkpt>
      <trkpt lat="35.643159952014685" lon="127.57959399372339">
        <ele>912</ele>
        <time>2023-07-13T14:37:25.000Z</time>
      </trkpt>
      <trkpt lat="35.642925929278135" lon="127.57961796596646">
        <ele>916.2000122070312</ele>
        <time>2023-07-13T14:37:37.000Z</time>
      </trkpt>
      <trkpt lat="35.64284294843674" lon="127.57965291850269">
        <ele>919.4000244140625</ele>
        <time>2023-07-13T14:37:49.000Z</time>
      </trkpt>
      <trkpt lat="35.6427479814738" lon="127.5797269307077">
        <ele>921.7999877929688</ele>
        <time>2023-07-13T14:38:01.000Z</time>
      </trkpt>
      <trkpt lat="35.642706993967295" lon="127.57972894236445">
        <ele>922.4000244140625</ele>
        <time>2023-07-13T14:38:13.000Z</time>
      </trkpt>
      <trkpt lat="35.6426599714905" lon="127.57970698177814">
        <ele>922.7999877929688</ele>
        <time>2023-07-13T14:38:25.000Z</time>
      </trkpt>
      <trkpt lat="35.64261596649885" lon="127.57973799481988">
        <ele>923.7999877929688</ele>
        <time>2023-07-13T14:38:36.000Z</time>
      </trkpt>
      <trkpt lat="35.642537930980325" lon="127.57991996593773">
        <ele>926.7999877929688</ele>
        <time>2023-07-13T14:38:48.000Z</time>
      </trkpt>
      <trkpt lat="35.6424009706825" lon="127.58000294677913">
        <ele>927.2000122070312</ele>
        <time>2023-07-13T14:39:00.000Z</time>
      </trkpt>
      <trkpt lat="35.64234799705446" lon="127.58005499839783">
        <ele>927.2000122070312</ele>
        <time>2023-07-13T14:39:13.000Z</time>
      </trkpt>
      <trkpt lat="35.64230994321406" lon="127.58016798645258">
        <ele>928</ele>
        <time>2023-07-13T14:39:25.000Z</time>
      </trkpt>
      <trkpt lat="35.642301980406046" lon="127.58030092343688">
        <ele>929.5999755859375</ele>
        <time>2023-07-13T14:39:37.000Z</time>
      </trkpt>
      <trkpt lat="35.642232997342944" lon="127.58042698726058">
        <ele>931</ele>
        <time>2023-07-13T14:39:49.000Z</time>
      </trkpt>
      <trkpt lat="35.642237942665815" lon="127.5804899353534">
        <ele>931.7999877929688</ele>
        <time>2023-07-13T14:40:01.000Z</time>
      </trkpt>
      <trkpt lat="35.642277924343944" lon="127.58052597753704">
        <ele>932</ele>
        <time>2023-07-13T14:40:13.000Z</time>
      </trkpt>
      <trkpt lat="35.64227197319269" lon="127.58079394698143">
        <ele>932.7999877929688</ele>
        <time>2023-07-13T14:40:25.000Z</time>
      </trkpt>
      <trkpt lat="35.64220894128084" lon="127.58132996968925">
        <ele>925.7999877929688</ele>
        <time>2023-07-13T14:40:37.000Z</time>
      </trkpt>
      <trkpt lat="35.64220399595797" lon="127.58149894885719">
        <ele>923.4000244140625</ele>
        <time>2023-07-13T14:40:49.000Z</time>
      </trkpt>
      <trkpt lat="35.64216393046081" lon="127.58162098936737">
        <ele>921.2000122070312</ele>
        <time>2023-07-13T14:41:01.000Z</time>
      </trkpt>
      <trkpt lat="35.64211699180305" lon="127.58166792802513">
        <ele>920.5999755859375</ele>
        <time>2023-07-13T14:41:14.000Z</time>
      </trkpt>
      <trkpt lat="35.642086984589696" lon="127.58173095993698">
        <ele>919</ele>
        <time>2023-07-13T14:41:26.000Z</time>
      </trkpt>
      <trkpt lat="35.64191892743111" lon="127.58183095604181">
        <ele>915.5999755859375</ele>
        <time>2023-07-13T14:41:38.000Z</time>
      </trkpt>
      <trkpt lat="35.641826977953315" lon="127.58193598128855">
        <ele>914.7999877929688</ele>
        <time>2023-07-13T14:41:50.000Z</time>
      </trkpt>
      <trkpt lat="35.64179194159806" lon="127.58202399127185">
        <ele>913</ele>
        <time>2023-07-13T14:42:02.000Z</time>
      </trkpt>
      <trkpt lat="35.6417069490999" lon="127.58211191743612">
        <ele>913.4000244140625</ele>
        <time>2023-07-13T14:42:15.000Z</time>
      </trkpt>
      <trkpt lat="35.64158398658037" lon="127.58220998570323">
        <ele>911.4000244140625</ele>
        <time>2023-07-13T14:42:27.000Z</time>
      </trkpt>
      <trkpt lat="35.6412439327687" lon="127.58230897597969">
        <ele>911.2000122070312</ele>
        <time>2023-07-13T14:42:39.000Z</time>
      </trkpt>
      <trkpt lat="35.64123596996069" lon="127.58229992352426">
        <ele>911.2000122070312</ele>
        <time>2023-07-13T14:42:52.000Z</time>
      </trkpt>
      <trkpt lat="35.6411889474839" lon="127.58233495987952">
        <ele>912.2000122070312</ele>
        <time>2023-07-13T14:43:04.000Z</time>
      </trkpt>
      <trkpt lat="35.6411889474839" lon="127.58235398679972">
        <ele>912.4000244140625</ele>
        <time>2023-07-13T14:43:16.000Z</time>
      </trkpt>
      <trkpt lat="35.641161957755685" lon="127.58235692046583">
        <ele>913</ele>
        <time>2023-07-13T14:43:28.000Z</time>
      </trkpt>
      <trkpt lat="35.64116497524083" lon="127.58234392851591">
        <ele>912.7999877929688</ele>
        <time>2023-07-13T14:43:41.000Z</time>
      </trkpt>
      <trkpt lat="35.641136979684234" lon="127.58235692046583">
        <ele>913.7999877929688</ele>
        <time>2023-07-13T14:43:53.000Z</time>
      </trkpt>
      <trkpt lat="35.641095992177725" lon="127.5823909509927">
        <ele>915.7999877929688</ele>
        <time>2023-07-13T14:44:05.000Z</time>
      </trkpt>
      <trkpt lat="35.6410869397223" lon="127.58241995237768">
        <ele>916.4000244140625</ele>
        <time>2023-07-13T14:44:18.000Z</time>
      </trkpt>
      <trkpt lat="35.64106992445886" lon="127.58241198956966">
        <ele>917</ele>
        <time>2023-07-13T14:44:30.000Z</time>
      </trkpt>
      <trkpt lat="35.641075959429145" lon="127.58239899761975">
        <ele>916.5999755859375</ele>
        <time>2023-07-13T14:44:42.000Z</time>
      </trkpt>
      <trkpt lat="35.64103597775102" lon="127.58247594349086">
        <ele>918.5999755859375</ele>
        <time>2023-07-13T14:44:55.000Z</time>
      </trkpt>
      <trkpt lat="35.640946961939335" lon="127.58247795514762">
        <ele>921.4000244140625</ele>
        <time>2023-07-13T14:45:07.000Z</time>
      </trkpt>
      <trkpt lat="35.640923995524645" lon="127.58245498873293">
        <ele>922</ele>
        <time>2023-07-13T14:45:19.000Z</time>
      </trkpt>
      <trkpt lat="35.640797931700945" lon="127.58245297707617">
        <ele>924</ele>
        <time>2023-07-13T14:45:32.000Z</time>
      </trkpt>
      <trkpt lat="35.6407639849931" lon="127.58243495598435">
        <ele>924.4000244140625</ele>
        <time>2023-07-13T14:45:44.000Z</time>
      </trkpt>
      <trkpt lat="35.640600956976414" lon="127.58250896818936">
        <ele>928.5999755859375</ele>
        <time>2023-07-13T14:45:57.000Z</time>
      </trkpt>
      <trkpt lat="35.640514958649874" lon="127.58258499205112">
        <ele>927.5999755859375</ele>
        <time>2023-07-13T14:46:09.000Z</time>
      </trkpt>
      <trkpt lat="35.640449998900294" lon="127.58261893875897">
        <ele>927</ele>
        <time>2023-07-13T14:46:21.000Z</time>
      </trkpt>
      <trkpt lat="35.64039995893836" lon="127.58260091766715">
        <ele>927.4000244140625</ele>
        <time>2023-07-13T14:46:34.000Z</time>
      </trkpt>
      <trkpt lat="35.64022896811366" lon="127.5826449226588">
        <ele>925.5999755859375</ele>
        <time>2023-07-13T14:46:46.000Z</time>
      </trkpt>
      <trkpt lat="35.64016593620181" lon="127.58263494819403">
        <ele>924.5999755859375</ele>
        <time>2023-07-13T14:46:59.000Z</time>
      </trkpt>
      <trkpt lat="35.64001799561083" lon="127.58253897540271">
        <ele>923.4000244140625</ele>
        <time>2023-07-13T14:47:11.000Z</time>
      </trkpt>
      <trkpt lat="35.6398019939661" lon="127.58247694931924">
        <ele>920.5999755859375</ele>
        <time>2023-07-13T14:47:24.000Z</time>
      </trkpt>
      <trkpt lat="35.63961993902922" lon="127.58244493044913">
        <ele>922.4000244140625</ele>
        <time>2023-07-13T14:47:36.000Z</time>
      </trkpt>
      <trkpt lat="35.63947392627597" lon="127.58244694210589">
        <ele>924.5999755859375</ele>
        <time>2023-07-13T14:47:49.000Z</time>
      </trkpt>
      <trkpt lat="35.63943796791136" lon="127.58247192017734">
        <ele>925.7999877929688</ele>
        <time>2023-07-13T14:48:01.000Z</time>
      </trkpt>
      <trkpt lat="35.63934492878616" lon="127.58247099816799">
        <ele>928.2000122070312</ele>
        <time>2023-07-13T14:48:14.000Z</time>
      </trkpt>
      <trkpt lat="35.639274939894676" lon="127.58251399733126">
        <ele>930.2000122070312</ele>
        <time>2023-07-13T14:48:26.000Z</time>
      </trkpt>
      <trkpt lat="35.63923998735845" lon="127.58257292211056">
        <ele>930.2000122070312</ele>
        <time>2023-07-13T14:48:39.000Z</time>
      </trkpt>
      <trkpt lat="35.639100931584835" lon="127.58264391683042">
        <ele>931.4000244140625</ele>
        <time>2023-07-13T14:48:51.000Z</time>
      </trkpt>
      <trkpt lat="35.63908492214978" lon="127.58266998454928">
        <ele>931.2000122070312</ele>
        <time>2023-07-13T14:49:04.000Z</time>
      </trkpt>
      <trkpt lat="35.63899791799486" lon="127.58267199620605">
        <ele>933</ele>
        <time>2023-07-13T14:49:17.000Z</time>
      </trkpt>
      <trkpt lat="35.63896598294377" lon="127.5826919451356">
        <ele>933.5999755859375</ele>
        <time>2023-07-13T14:49:29.000Z</time>
      </trkpt>
      <trkpt lat="35.63893999904394" lon="127.58268599398434">
        <ele>934.2000122070312</ele>
        <time>2023-07-13T14:49:42.000Z</time>
      </trkpt>
      <trkpt lat="35.638927929103374" lon="127.58270292542875">
        <ele>934.4000244140625</ele>
        <time>2023-07-13T14:49:54.000Z</time>
      </trkpt>
      <trkpt lat="35.638885935768485" lon="127.58270493708551">
        <ele>935.7999877929688</ele>
        <time>2023-07-13T14:50:07.000Z</time>
      </trkpt>
      <trkpt lat="35.63887495547533" lon="127.58273695595562">
        <ele>936.2000122070312</ele>
        <time>2023-07-13T14:50:20.000Z</time>
      </trkpt>
      <trkpt lat="35.6388299446553" lon="127.58275095373392">
        <ele>937.4000244140625</ele>
        <time>2023-07-13T14:50:32.000Z</time>
      </trkpt>
      <trkpt lat="35.638794992119074" lon="127.58279093541205">
        <ele>938</ele>
        <time>2023-07-13T14:50:45.000Z</time>
      </trkpt>
      <trkpt lat="35.638695918023586" lon="127.58279194124043">
        <ele>940.7999877929688</ele>
        <time>2023-07-13T14:50:58.000Z</time>
      </trkpt>
      <trkpt lat="35.638540936633945" lon="127.5826969742775">
        <ele>949.2000122070312</ele>
        <time>2023-07-13T14:51:10.000Z</time>
      </trkpt>
      <trkpt lat="35.638498943299055" lon="127.58264794014394">
        <ele>952.4000244140625</ele>
        <time>2023-07-13T14:51:23.000Z</time>
      </trkpt>
      <trkpt lat="35.63839894719422" lon="127.58260091766715">
        <ele>957.4000244140625</ele>
        <time>2023-07-13T14:51:36.000Z</time>
      </trkpt>
      <trkpt lat="35.638240948319435" lon="127.58260292932391">
        <ele>957.5999755859375</ele>
        <time>2023-07-13T14:51:48.000Z</time>
      </trkpt>
      <trkpt lat="35.63821395859122" lon="127.58256495930254">
        <ele>959</ele>
        <time>2023-07-13T14:52:01.000Z</time>
      </trkpt>
      <trkpt lat="35.63805595971644" lon="127.58257493376732">
        <ele>959.2000122070312</ele>
        <time>2023-07-13T14:52:14.000Z</time>
      </trkpt>
      <trkpt lat="35.63797398470342" lon="127.58256294764578">
        <ele>958.4000244140625</ele>
        <time>2023-07-13T14:52:26.000Z</time>
      </trkpt>
      <trkpt lat="35.63789393752813" lon="127.58261592127383">
        <ele>957.2000122070312</ele>
        <time>2023-07-13T14:52:39.000Z</time>
      </trkpt>
      <trkpt lat="35.6378679536283" lon="127.58265296928585">
        <ele>957</ele>
        <time>2023-07-13T14:52:52.000Z</time>
      </trkpt>
      <trkpt lat="35.63779494725168" lon="127.58267099037766">
        <ele>956</ele>
        <time>2023-07-13T14:53:05.000Z</time>
      </trkpt>
      <trkpt lat="35.63773493282497" lon="127.58272798731923">
        <ele>954.4000244140625</ele>
        <time>2023-07-13T14:53:17.000Z</time>
      </trkpt>
      <trkpt lat="35.637661926448345" lon="127.58285698480904">
        <ele>952.7999877929688</ele>
        <time>2023-07-13T14:53:30.000Z</time>
      </trkpt>
      <trkpt lat="35.63760794699192" lon="127.58299495093524">
        <ele>950.7999877929688</ele>
        <time>2023-07-13T14:53:43.000Z</time>
      </trkpt>
      <trkpt lat="35.63745598308742" lon="127.58325696922839">
        <ele>947.5999755859375</ele>
        <time>2023-07-13T14:53:56.000Z</time>
      </trkpt>
      <trkpt lat="35.63741499558091" lon="127.58329695090652">
        <ele>947.4000244140625</ele>
        <time>2023-07-13T14:54:08.000Z</time>
      </trkpt>
      <trkpt lat="35.6373639497906" lon="127.58348898030818">
        <ele>947.5999755859375</ele>
        <time>2023-07-13T14:54:21.000Z</time>
      </trkpt>
      <trkpt lat="35.637313993647695" lon="127.58377396501601">
        <ele>953</ele>
        <time>2023-07-13T14:54:34.000Z</time>
      </trkpt>
      <trkpt lat="35.6372809689492" lon="127.58385392837226">
        <ele>956</ele>
        <time>2023-07-13T14:54:47.000Z</time>
      </trkpt>
      <trkpt lat="35.63723696395755" lon="127.5838949996978">
        <ele>957.7999877929688</ele>
        <time>2023-07-13T14:55:00.000Z</time>
      </trkpt>
      <trkpt lat="35.63721793703735" lon="127.583958953619">
        <ele>959</ele>
        <time>2023-07-13T14:55:13.000Z</time>
      </trkpt>
      <trkpt lat="35.637183990329504" lon="127.58400497026742">
        <ele>960</ele>
        <time>2023-07-13T14:55:26.000Z</time>
      </trkpt>
      <trkpt lat="35.637147948145866" lon="127.58402994833887">
        <ele>960.7999877929688</ele>
        <time>2023-07-13T14:55:39.000Z</time>
      </trkpt>
      <trkpt lat="35.63704594038427" lon="127.58425693027675">
        <ele>969.5999755859375</ele>
        <time>2023-07-13T14:55:52.000Z</time>
      </trkpt>
      <trkpt lat="35.63698492012918" lon="127.5843199621886">
        <ele>972.4000244140625</ele>
        <time>2023-07-13T14:56:04.000Z</time>
      </trkpt>
      <trkpt lat="35.63688199035823" lon="127.58435994386673">
        <ele>972.5999755859375</ele>
        <time>2023-07-13T14:56:17.000Z</time>
      </trkpt>
      <trkpt lat="35.63685793429613" lon="127.58435592055321">
        <ele>972.7999877929688</ele>
        <time>2023-07-13T14:56:30.000Z</time>
      </trkpt>
      <trkpt lat="35.6368369795382" lon="127.58438793942332">
        <ele>974.2000122070312</ele>
        <time>2023-07-13T14:56:43.000Z</time>
      </trkpt>
      <trkpt lat="35.636843936517835" lon="127.58441291749477">
        <ele>974.5999755859375</ele>
        <time>2023-07-13T14:56:56.000Z</time>
      </trkpt>
      <trkpt lat="35.636715944856405" lon="127.58464392274618">
        <ele>981.2000122070312</ele>
        <time>2023-07-13T14:57:09.000Z</time>
      </trkpt>
      <trkpt lat="35.6366559304297" lon="127.5846809707582">
        <ele>982.4000244140625</ele>
        <time>2023-07-13T14:57:22.000Z</time>
      </trkpt>
      <trkpt lat="35.63658392988145" lon="127.58480795659125">
        <ele>984.7999877929688</ele>
        <time>2023-07-13T14:57:35.000Z</time>
      </trkpt>
      <trkpt lat="35.636521987617016" lon="127.58487492799759">
        <ele>985.7999877929688</ele>
        <time>2023-07-13T14:57:48.000Z</time>
      </trkpt>
      <trkpt lat="35.63646297901869" lon="127.58500099182129">
        <ele>988</ele>
        <time>2023-07-13T14:58:01.000Z</time>
      </trkpt>
      <trkpt lat="35.636455938220024" lon="127.58505798876286">
        <ele>987.7999877929688</ele>
        <time>2023-07-13T14:58:14.000Z</time>
      </trkpt>
      <trkpt lat="35.63641997985542" lon="127.58504298515618">
        <ele>988.7999877929688</ele>
        <time>2023-07-13T14:58:27.000Z</time>
      </trkpt>
      <trkpt lat="35.63642299734056" lon="127.58507098071277">
        <ele>988.4000244140625</ele>
        <time>2023-07-13T14:58:40.000Z</time>
      </trkpt>
      <trkpt lat="35.63645099289715" lon="127.58505899459124">
        <ele>988</ele>
        <time>2023-07-13T14:58:53.000Z</time>
      </trkpt>
      <trkpt lat="35.636541936546564" lon="127.58507894352078">
        <ele>985.5999755859375</ele>
        <time>2023-07-13T14:59:06.000Z</time>
      </trkpt>
      <trkpt lat="35.63659692183137" lon="127.58517893962562">
        <ele>982.5999755859375</ele>
        <time>2023-07-13T14:59:19.000Z</time>
      </trkpt>
      <trkpt lat="35.63665492460132" lon="127.58519494906068">
        <ele>981</ele>
        <time>2023-07-13T14:59:33.000Z</time>
      </trkpt>
      <trkpt lat="35.63663799315691" lon="127.58527197875082">
        <ele>980.2000122070312</ele>
        <time>2023-07-13T14:59:46.000Z</time>
      </trkpt>
      <trkpt lat="35.63668593764305" lon="127.58522897958755">
        <ele>979.7999877929688</ele>
        <time>2023-07-13T14:59:59.000Z</time>
      </trkpt>
      <trkpt lat="35.636740922927856" lon="127.58523392491043">
        <ele>977.5999755859375</ele>
        <time>2023-07-13T15:00:12.000Z</time>
      </trkpt>
      <trkpt lat="35.63680998980999" lon="127.58533199317753">
        <ele>972.4000244140625</ele>
        <time>2023-07-13T15:00:25.000Z</time>
      </trkpt>
      <trkpt lat="35.636882996186614" lon="127.58539091795683">
        <ele>967</ele>
        <time>2023-07-13T15:00:38.000Z</time>
      </trkpt>
      <trkpt lat="35.63692297786474" lon="127.5854579731822">
        <ele>963</ele>
        <time>2023-07-13T15:00:51.000Z</time>
      </trkpt>
      <trkpt lat="35.63698399811983" lon="127.58546291850507">
        <ele>960.2000122070312</ele>
        <time>2023-07-13T15:01:04.000Z</time>
      </trkpt>
      <trkpt lat="35.63704795204103" lon="127.58552494458854">
        <ele>955.2000122070312</ele>
        <time>2023-07-13T15:01:17.000Z</time>
      </trkpt>
      <trkpt lat="35.63707393594086" lon="127.58560599759221">
        <ele>951.2000122070312</ele>
        <time>2023-07-13T15:01:30.000Z</time>
      </trkpt>
      <trkpt lat="35.63711492344737" lon="127.58564991876483">
        <ele>948</ele>
        <time>2023-07-13T15:01:44.000Z</time>
      </trkpt>
      <trkpt lat="35.637167980894446" lon="127.58564991876483">
        <ele>945.7999877929688</ele>
        <time>2023-07-13T15:01:57.000Z</time>
      </trkpt>
      <trkpt lat="35.63722196035087" lon="127.58572795428336">
        <ele>940.7999877929688</ele>
        <time>2023-07-13T15:02:10.000Z</time>
      </trkpt>
      <trkpt lat="35.6372859980911" lon="127.58577497676015">
        <ele>936</ele>
        <time>2023-07-13T15:02:23.000Z</time>
      </trkpt>
      <trkpt lat="35.63738691620529" lon="127.58593892678618">
        <ele>925</ele>
        <time>2023-07-13T15:02:36.000Z</time>
      </trkpt>
      <trkpt lat="35.63752697780728" lon="127.5861139409244">
        <ele>911.2000122070312</ele>
        <time>2023-07-13T15:02:50.000Z</time>
      </trkpt>
      <trkpt lat="35.63756293617189" lon="127.58618694730103">
        <ele>907</ele>
        <time>2023-07-13T15:03:03.000Z</time>
      </trkpt>
      <trkpt lat="35.6376039236784" lon="127.58620597422123">
        <ele>904.7999877929688</ele>
        <time>2023-07-13T15:03:16.000Z</time>
      </trkpt>
      <trkpt lat="35.63762898556888" lon="127.58626095950603">
        <ele>901.5999755859375</ele>
        <time>2023-07-13T15:03:29.000Z</time>
      </trkpt>
      <trkpt lat="35.637722946703434" lon="127.5863229855895">
        <ele>895.7999877929688</ele>
        <time>2023-07-13T15:03:42.000Z</time>
      </trkpt>
      <trkpt lat="35.63777399249375" lon="127.58641594089568">
        <ele>890.2000122070312</ele>
        <time>2023-07-13T15:03:56.000Z</time>
      </trkpt>
      <trkpt lat="35.63781598582864" lon="127.58643597364426">
        <ele>888.4000244140625</ele>
        <time>2023-07-13T15:04:09.000Z</time>
      </trkpt>
      <trkpt lat="35.63784096390009" lon="127.58649699389935">
        <ele>886.2000122070312</ele>
        <time>2023-07-13T15:04:22.000Z</time>
      </trkpt>
      <trkpt lat="35.6379009783268" lon="127.58652691729367">
        <ele>884</ele>
        <time>2023-07-13T15:04:36.000Z</time>
      </trkpt>
      <trkpt lat="35.63796794973314" lon="127.5865359697491">
        <ele>882</ele>
        <time>2023-07-13T15:04:49.000Z</time>
      </trkpt>
      <trkpt lat="35.638023940846324" lon="127.58657494559884">
        <ele>879.5999755859375</ele>
        <time>2023-07-13T15:05:02.000Z</time>
      </trkpt>
      <trkpt lat="35.63808093778789" lon="127.5865719281137">
        <ele>878</ele>
        <time>2023-07-13T15:05:15.000Z</time>
      </trkpt>
      <trkpt lat="35.63816098496318" lon="127.58661098778248">
        <ele>873.7999877929688</ele>
        <time>2023-07-13T15:05:29.000Z</time>
      </trkpt>
      <trkpt lat="35.63821395859122" lon="127.58661492727697">
        <ele>871.4000244140625</ele>
        <time>2023-07-13T15:05:42.000Z</time>
      </trkpt>
      <trkpt lat="35.63824396580458" lon="127.58663596585393">
        <ele>869.7999877929688</ele>
        <time>2023-07-13T15:05:55.000Z</time>
      </trkpt>
      <trkpt lat="35.63827397301793" lon="127.58669598028064">
        <ele>867</ele>
        <time>2023-07-13T15:06:09.000Z</time>
      </trkpt>
      <trkpt lat="35.6383809261024" lon="127.5867529772222">
        <ele>860.4000244140625</ele>
        <time>2023-07-13T15:06:22.000Z</time>
      </trkpt>
      <trkpt lat="35.638519981876016" lon="127.58692095056176">
        <ele>846.4000244140625</ele>
        <time>2023-07-13T15:06:35.000Z</time>
      </trkpt>
      <trkpt lat="35.63861897215247" lon="127.58691692724824">
        <ele>840.2000122070312</ele>
        <time>2023-07-13T15:06:49.000Z</time>
      </trkpt>
      <trkpt lat="35.63879096880555" lon="127.58701298385859">
        <ele>828.7999877929688</ele>
        <time>2023-07-13T15:07:02.000Z</time>
      </trkpt>
      <trkpt lat="35.63883296214044" lon="127.58706193417311">
        <ele>826.2000122070312</ele>
        <time>2023-07-13T15:07:16.000Z</time>
      </trkpt>
      <trkpt lat="35.63884796574712" lon="127.58705296553671">
        <ele>825.2000122070312</ele>
        <time>2023-07-13T15:07:29.000Z</time>
      </trkpt>
      <trkpt lat="35.638886941596866" lon="127.58708196692169">
        <ele>823</ele>
        <time>2023-07-13T15:07:42.000Z</time>
      </trkpt>
      <trkpt lat="35.63891594298184" lon="127.58716193027794">
        <ele>821</ele>
        <time>2023-07-13T15:07:56.000Z</time>
      </trkpt>
      <trkpt lat="35.63896296545863" lon="127.58718498051167">
        <ele>819.4000244140625</ele>
        <time>2023-07-13T15:08:09.000Z</time>
      </trkpt>
      <trkpt lat="35.63897998072207" lon="127.5872109644115">
        <ele>818.7999877929688</ele>
        <time>2023-07-13T15:08:23.000Z</time>
      </trkpt>
      <trkpt lat="35.63910998404026" lon="127.5872329249978">
        <ele>815.4000244140625</ele>
        <time>2023-07-13T15:08:36.000Z</time>
      </trkpt>
      <trkpt lat="35.63932699151337" lon="127.58738991804421">
        <ele>807.7999877929688</ele>
        <time>2023-07-13T15:08:50.000Z</time>
      </trkpt>
      <trkpt lat="35.63937292434275" lon="127.58745294995606">
        <ele>805.5999755859375</ele>
        <time>2023-07-13T15:09:03.000Z</time>
      </trkpt>
      <trkpt lat="35.63947493210435" lon="127.5875339191407">
        <ele>802</ele>
        <time>2023-07-13T15:09:16.000Z</time>
      </trkpt>
      <trkpt lat="35.63975396566093" lon="127.58766593411565">
        <ele>795.5999755859375</ele>
        <time>2023-07-13T15:09:30.000Z</time>
      </trkpt>
      <trkpt lat="35.639788918197155" lon="127.58773894049227">
        <ele>794.7999877929688</ele>
        <time>2023-07-13T15:09:44.000Z</time>
      </trkpt>
      <trkpt lat="35.639849938452244" lon="127.58779694326222">
        <ele>793.4000244140625</ele>
        <time>2023-07-13T15:09:57.000Z</time>
      </trkpt>
      <trkpt lat="35.63993291929364" lon="127.58782896213233">
        <ele>791.7999877929688</ele>
        <time>2023-07-13T15:10:11.000Z</time>
      </trkpt>
      <trkpt lat="35.64007792621851" lon="127.58784497156739">
        <ele>788.7999877929688</ele>
        <time>2023-07-13T15:10:24.000Z</time>
      </trkpt>
      <trkpt lat="35.64013693481684" lon="127.58793197572231">
        <ele>786.7999877929688</ele>
        <time>2023-07-13T15:10:38.000Z</time>
      </trkpt>
      <trkpt lat="35.64026593230665" lon="127.5879929959774">
        <ele>782.4000244140625</ele>
        <time>2023-07-13T15:10:51.000Z</time>
      </trkpt>
      <trkpt lat="35.640259981155396" lon="127.58803096599877">
        <ele>782.7999877929688</ele>
        <time>2023-07-13T15:11:05.000Z</time>
      </trkpt>
      <trkpt lat="35.64033793285489" lon="127.5880569498986">
        <ele>780</ele>
        <time>2023-07-13T15:11:19.000Z</time>
      </trkpt>
      <trkpt lat="35.640389984473586" lon="127.58816499263048">
        <ele>775.5999755859375</ele>
        <time>2023-07-13T15:11:32.000Z</time>
      </trkpt>
      <trkpt lat="35.6404169742018" lon="127.58819399401546">
        <ele>773.5999755859375</ele>
        <time>2023-07-13T15:11:46.000Z</time>
      </trkpt>
      <trkpt lat="35.64043893478811" lon="127.58817697875202">
        <ele>773.2000122070312</ele>
        <time>2023-07-13T15:11:59.000Z</time>
      </trkpt>
      <trkpt lat="35.64050599001348" lon="127.58830295875669">
        <ele>766.7999877929688</ele>
        <time>2023-07-13T15:12:13.000Z</time>
      </trkpt>
      <trkpt lat="35.64061797223985" lon="127.58838795125484">
        <ele>760</ele>
        <time>2023-07-13T15:12:27.000Z</time>
      </trkpt>
      <trkpt lat="35.64067195169628" lon="127.58848794735968">
        <ele>754.4000244140625</ele>
        <time>2023-07-13T15:12:40.000Z</time>
      </trkpt>
      <trkpt lat="35.64078795723617" lon="127.58859699591994">
        <ele>746.2000122070312</ele>
        <time>2023-07-13T15:12:54.000Z</time>
      </trkpt>
      <trkpt lat="35.64091695472598" lon="127.58867293596268">
        <ele>738.5999755859375</ele>
        <time>2023-07-13T15:13:08.000Z</time>
      </trkpt>
      <trkpt lat="35.64100697636604" lon="127.58869799785316">
        <ele>733.4000244140625</ele>
        <time>2023-07-13T15:13:22.000Z</time>
      </trkpt>
      <trkpt lat="35.64103899523616" lon="127.58872993290424">
        <ele>730.7999877929688</ele>
        <time>2023-07-13T15:13:35.000Z</time>
      </trkpt>
      <trkpt lat="35.641119964420795" lon="127.58874895982444">
        <ele>726.2000122070312</ele>
        <time>2023-07-13T15:13:49.000Z</time>
      </trkpt>
      <trkpt lat="35.641140919178724" lon="127.5887929648161">
        <ele>724</ele>
        <time>2023-07-13T15:14:03.000Z</time>
      </trkpt>
      <trkpt lat="35.641245944425464" lon="127.58879095315933">
        <ele>721.2000122070312</ele>
        <time>2023-07-13T15:14:16.000Z</time>
      </trkpt>
      <trkpt lat="35.641308976337314" lon="127.58881299756467">
        <ele>718.7999877929688</ele>
        <time>2023-07-13T15:14:30.000Z</time>
      </trkpt>
      <trkpt lat="35.64147795550525" lon="127.5888289231807">
        <ele>713</ele>
        <time>2023-07-13T15:14:44.000Z</time>
      </trkpt>
      <trkpt lat="35.641331942752004" lon="127.58873093873262">
        <ele>720</ele>
        <time>2023-07-13T15:14:58.000Z</time>
      </trkpt>
      <trkpt lat="35.64121996052563" lon="127.5885749515146">
        <ele>726.7999877929688</ele>
        <time>2023-07-13T15:15:12.000Z</time>
      </trkpt>
      <trkpt lat="35.64121794886887" lon="127.58853094652295">
        <ele>727.5999755859375</ele>
        <time>2023-07-13T15:15:25.000Z</time>
      </trkpt>
      <trkpt lat="35.64125499688089" lon="127.58845492266119">
        <ele>727.5999755859375</ele>
        <time>2023-07-13T15:15:39.000Z</time>
      </trkpt>
      <trkpt lat="35.64133998937905" lon="127.58848392404616">
        <ele>723</ele>
        <time>2023-07-13T15:15:53.000Z</time>
      </trkpt>
      <trkpt lat="35.64140897244215" lon="127.58847596123815">
        <ele>719</ele>
        <time>2023-07-13T15:16:07.000Z</time>
      </trkpt>
      <trkpt lat="35.6415029335767" lon="127.588398931548">
        <ele>712.2000122070312</ele>
        <time>2023-07-13T15:16:21.000Z</time>
      </trkpt>
      <trkpt lat="35.64151994884014" lon="127.58830094709992">
        <ele>708.4000244140625</ele>
        <time>2023-07-13T15:16:35.000Z</time>
      </trkpt>
      <trkpt lat="35.641547944396734" lon="127.58824797347188">
        <ele>704.7999877929688</ele>
        <time>2023-07-13T15:16:48.000Z</time>
      </trkpt>
      <trkpt lat="35.641570994630456" lon="127.58824495598674">
        <ele>703</ele>
        <time>2023-07-13T15:17:02.000Z</time>
      </trkpt>
      <trkpt lat="35.64158599823713" lon="127.58839298039675">
        <ele>705.7999877929688</ele>
        <time>2023-07-13T15:17:16.000Z</time>
      </trkpt>
      <trkpt lat="35.64156093634665" lon="127.58835894986987">
        <ele>707</ele>
        <time>2023-07-13T15:17:30.000Z</time>
      </trkpt>
      <trkpt lat="35.64173192717135" lon="127.58861996233463">
        <ele>700.4000244140625</ele>
        <time>2023-07-13T15:17:44.000Z</time>
      </trkpt>
      <trkpt lat="35.64188892021775" lon="127.58881593123078">
        <ele>698</ele>
        <time>2023-07-13T15:17:58.000Z</time>
      </trkpt>
      <trkpt lat="35.641914987936616" lon="127.5888809747994">
        <ele>697.5999755859375</ele>
        <time>2023-07-13T15:18:12.000Z</time>
      </trkpt>
      <trkpt lat="35.641917921602726" lon="127.58897996507585">
        <ele>697.2000122070312</ele>
        <time>2023-07-13T15:18:26.000Z</time>
      </trkpt>
      <trkpt lat="35.64189596101642" lon="127.58907794952393">
        <ele>697</ele>
        <time>2023-07-13T15:18:40.000Z</time>
      </trkpt>
      <trkpt lat="35.64181691966951" lon="127.58914995007217">
        <ele>697.5999755859375</ele>
        <time>2023-07-13T15:18:54.000Z</time>
      </trkpt>
      <trkpt lat="35.641740979626775" lon="127.58916595950723">
        <ele>698.7999877929688</ele>
        <time>2023-07-13T15:19:08.000Z</time>
      </trkpt>
      <trkpt lat="35.64162698574364" lon="127.58915196172893">
        <ele>701.7999877929688</ele>
        <time>2023-07-13T15:19:22.000Z</time>
      </trkpt>
      <trkpt lat="35.641527995467186" lon="127.589101921767">
        <ele>705.4000244140625</ele>
        <time>2023-07-13T15:19:36.000Z</time>
      </trkpt>
      <trkpt lat="35.64150896854699" lon="127.58912296034396">
        <ele>705.2000122070312</ele>
        <time>2023-07-13T15:19:50.000Z</time>
      </trkpt>
      <trkpt lat="35.64143193885684" lon="127.58914399892092">
        <ele>706.2000122070312</ele>
        <time>2023-07-13T15:20:04.000Z</time>
      </trkpt>
      <trkpt lat="35.64061193726957" lon="127.58912899531424">
        <ele>726</ele>
        <time>2023-07-13T15:20:18.000Z</time>
      </trkpt>
      <trkpt lat="35.640561981126666" lon="127.58910493925214">
        <ele>728.4000244140625</ele>
        <time>2023-07-13T15:20:32.000Z</time>
      </trkpt>
      <trkpt lat="35.64004096202552" lon="127.5891949608922">
        <ele>733.7999877929688</ele>
        <time>2023-07-13T15:20:46.000Z</time>
      </trkpt>
      <trkpt lat="35.6395429931581" lon="127.58921097032726">
        <ele>730.4000244140625</ele>
        <time>2023-07-13T15:21:01.000Z</time>
      </trkpt>
      <trkpt lat="35.63941491767764" lon="127.58923796005547">
        <ele>731</ele>
        <time>2023-07-13T15:21:15.000Z</time>
      </trkpt>
      <trkpt lat="35.639292960986495" lon="127.58931297808886">
        <ele>731.2000122070312</ele>
        <time>2023-07-13T15:21:29.000Z</time>
      </trkpt>
      <trkpt lat="35.63917997293174" lon="127.58946896530688">
        <ele>730.7999877929688</ele>
        <time>2023-07-13T15:21:43.000Z</time>
      </trkpt>
      <trkpt lat="35.63905198127031" lon="127.58958597667515">
        <ele>735.2000122070312</ele>
        <time>2023-07-13T15:21:58.000Z</time>
      </trkpt>
      <trkpt lat="35.63883296214044" lon="127.58960994891822">
        <ele>743.2000122070312</ele>
        <time>2023-07-13T15:22:12.000Z</time>
      </trkpt>
      <trkpt lat="35.638714944943786" lon="127.58968295529485">
        <ele>747.2000122070312</ele>
        <time>2023-07-13T15:22:26.000Z</time>
      </trkpt>
      <trkpt lat="35.63872693106532" lon="127.58979896083474">
        <ele>748</ele>
        <time>2023-07-13T15:22:41.000Z</time>
      </trkpt>
      <trkpt lat="35.63869893550873" lon="127.58987791836262">
        <ele>750.2000122070312</ele>
        <time>2023-07-13T15:22:55.000Z</time>
      </trkpt>
      <trkpt lat="35.63868795521557" lon="127.58998193778098">
        <ele>752.4000244140625</ele>
        <time>2023-07-13T15:23:09.000Z</time>
      </trkpt>
      <trkpt lat="35.63871997408569" lon="127.590092997998">
        <ele>754.4000244140625</ele>
        <time>2023-07-13T15:23:24.000Z</time>
      </trkpt>
      <trkpt lat="35.63876993022859" lon="127.59014597162604">
        <ele>754.7999877929688</ele>
        <time>2023-07-13T15:23:38.000Z</time>
      </trkpt>
      <trkpt lat="35.63898492604494" lon="127.59022392332554">
        <ele>752</ele>
        <time>2023-07-13T15:23:53.000Z</time>
      </trkpt>
      <trkpt lat="35.639224983751774" lon="127.59028393775225">
        <ele>747</ele>
        <time>2023-07-13T15:24:07.000Z</time>
      </trkpt>
      <trkpt lat="35.63930394127965" lon="127.59032199159265">
        <ele>745</ele>
        <time>2023-07-13T15:24:22.000Z</time>
      </trkpt>
      <trkpt lat="35.639359932392836" lon="127.59039793163538">
        <ele>743.2000122070312</ele>
        <time>2023-07-13T15:24:36.000Z</time>
      </trkpt>
      <trkpt lat="35.63936898484826" lon="127.59050195105374">
        <ele>742.7999877929688</ele>
        <time>2023-07-13T15:24:51.000Z</time>
      </trkpt>
      <trkpt lat="35.639355992898345" lon="127.59052692912519">
        <ele>743.4000244140625</ele>
        <time>2023-07-13T15:25:05.000Z</time>
      </trkpt>
      <trkpt lat="35.63929899595678" lon="127.59058593772352">
        <ele>745.5999755859375</ele>
        <time>2023-07-13T15:25:20.000Z</time>
      </trkpt>
      <trkpt lat="35.639121970161796" lon="127.59070496074855">
        <ele>748.2000122070312</ele>
        <time>2023-07-13T15:25:34.000Z</time>
      </trkpt>
      <trkpt lat="35.638905968517065" lon="127.59088098071516">
        <ele>754.4000244140625</ele>
        <time>2023-07-13T15:25:49.000Z</time>
      </trkpt>
      <trkpt lat="35.63878795132041" lon="127.59099296294153">
        <ele>757</ele>
        <time>2023-07-13T15:26:03.000Z</time>
      </trkpt>
      <trkpt lat="35.63871796242893" lon="127.59108197875321">
        <ele>759.4000244140625</ele>
        <time>2023-07-13T15:26:18.000Z</time>
      </trkpt>
      <trkpt lat="35.63867697492242" lon="127.59120292961597">
        <ele>761.2000122070312</ele>
        <time>2023-07-13T15:26:32.000Z</time>
      </trkpt>
      <trkpt lat="35.63868393190205" lon="127.59126093238592">
        <ele>761.2000122070312</ele>
        <time>2023-07-13T15:26:47.000Z</time>
      </trkpt>
      <trkpt lat="35.63874394632876" lon="127.59142094291747">
        <ele>759.7999877929688</ele>
        <time>2023-07-13T15:27:02.000Z</time>
      </trkpt>
      <trkpt lat="35.638887947425246" lon="127.59153099730611">
        <ele>755.7999877929688</ele>
        <time>2023-07-13T15:27:16.000Z</time>
      </trkpt>
      <trkpt lat="35.63891594298184" lon="127.59156896732748">
        <ele>755.4000244140625</ele>
        <time>2023-07-13T15:27:31.000Z</time>
      </trkpt>
      <trkpt lat="35.63893597573042" lon="127.59181095287204">
        <ele>762</ele>
        <time>2023-07-13T15:27:46.000Z</time>
      </trkpt>
      <trkpt lat="35.63900294713676" lon="127.59187993593514">
        <ele>762.5999755859375</ele>
        <time>2023-07-13T15:28:00.000Z</time>
      </trkpt>
      <trkpt lat="35.639077965170145" lon="127.59189192205667">
        <ele>760.7999877929688</ele>
        <time>2023-07-13T15:28:15.000Z</time>
      </trkpt>
      <trkpt lat="35.639181984588504" lon="127.59180097840726">
        <ele>753</ele>
        <time>2023-07-13T15:28:30.000Z</time>
      </trkpt>
      <trkpt lat="35.639312993735075" lon="127.59190893732011">
        <ele>758</ele>
        <time>2023-07-13T15:28:44.000Z</time>
      </trkpt>
      <trkpt lat="35.63936898484826" lon="127.59205193258822">
        <ele>766.2000122070312</ele>
        <time>2023-07-13T15:28:59.000Z</time>
      </trkpt>
      <trkpt lat="35.639466969296336" lon="127.59215092286468">
        <ele>773</ele>
        <time>2023-07-13T15:29:14.000Z</time>
      </trkpt>
      <trkpt lat="35.63956696540117" lon="127.59216098114848">
        <ele>773.4000244140625</ele>
        <time>2023-07-13T15:29:29.000Z</time>
      </trkpt>
      <trkpt lat="35.63966897316277" lon="127.59211798198521">
        <ele>770.4000244140625</ele>
        <time>2023-07-13T15:29:43.000Z</time>
      </trkpt>
      <trkpt lat="35.63979595899582" lon="127.59194095619023">
        <ele>759.7999877929688</ele>
        <time>2023-07-13T15:29:58.000Z</time>
      </trkpt>
      <trkpt lat="35.639872988685966" lon="127.59187499061227">
        <ele>757</ele>
        <time>2023-07-13T15:30:13.000Z</time>
      </trkpt>
      <trkpt lat="35.639918921515346" lon="127.59184498339891">
        <ele>755.7999877929688</ele>
        <time>2023-07-13T15:30:28.000Z</time>
      </trkpt>
      <trkpt lat="35.64000994898379" lon="127.59183995425701">
        <ele>756.5999755859375</ele>
        <time>2023-07-13T15:30:42.000Z</time>
      </trkpt>
      <trkpt lat="35.64008396118879" lon="127.59192997589707">
        <ele>760</ele>
        <time>2023-07-13T15:30:57.000Z</time>
      </trkpt>
      <trkpt lat="35.64009695313871" lon="127.59223993867636">
        <ele>768.7999877929688</ele>
        <time>2023-07-13T15:31:12.000Z</time>
      </trkpt>
      <trkpt lat="35.64014699310064" lon="127.59239793755114">
        <ele>770.2000122070312</ele>
        <time>2023-07-13T15:31:27.000Z</time>
      </trkpt>
      <trkpt lat="35.64039492979646" lon="127.59263196028769">
        <ele>761.4000244140625</ele>
        <time>2023-07-13T15:31:42.000Z</time>
      </trkpt>
      <trkpt lat="35.640349918976426" lon="127.59278291836381">
        <ele>759.7999877929688</ele>
        <time>2023-07-13T15:31:57.000Z</time>
      </trkpt>
      <trkpt lat="35.64029292203486" lon="127.59285592474043">
        <ele>760.2000122070312</ele>
        <time>2023-07-13T15:32:12.000Z</time>
      </trkpt>
      <trkpt lat="35.640044985339046" lon="127.59302297607064">
        <ele>768.2000122070312</ele>
        <time>2023-07-13T15:32:27.000Z</time>
      </trkpt>
      <trkpt lat="35.640002992004156" lon="127.59310394525528">
        <ele>767</ele>
        <time>2023-07-13T15:32:42.000Z</time>
      </trkpt>
      <trkpt lat="35.640004919841886" lon="127.59323394857347">
        <ele>760.7999877929688</ele>
        <time>2023-07-13T15:32:57.000Z</time>
      </trkpt>
      <trkpt lat="35.63992093317211" lon="127.59335196577013">
        <ele>759.4000244140625</ele>
        <time>2023-07-13T15:33:12.000Z</time>
      </trkpt>
      <trkpt lat="35.63979797065258" lon="127.59339898824692">
        <ele>762.5999755859375</ele>
        <time>2023-07-13T15:33:27.000Z</time>
      </trkpt>
      <trkpt lat="35.63976997509599" lon="127.59343997575343">
        <ele>761.7999877929688</ele>
        <time>2023-07-13T15:33:42.000Z</time>
      </trkpt>
      <trkpt lat="35.6397279817611" lon="127.59345799684525">
        <ele>762.7999877929688</ele>
        <time>2023-07-13T15:33:57.000Z</time>
      </trkpt>
      <trkpt lat="35.63968598842621" lon="127.5935329310596">
        <ele>761.2000122070312</ele>
        <time>2023-07-13T15:34:12.000Z</time>
      </trkpt>
      <trkpt lat="35.63947593793273" lon="127.59370492771268">
        <ele>761.4000244140625</ele>
        <time>2023-07-13T15:34:27.000Z</time>
      </trkpt>
      <trkpt lat="35.63937099650502" lon="127.59388396516442">
        <ele>757.7999877929688</ele>
        <time>2023-07-13T15:34:42.000Z</time>
      </trkpt>
      <trkpt lat="35.639183996245265" lon="127.59404397569597">
        <ele>759.2000122070312</ele>
        <time>2023-07-13T15:34:57.000Z</time>
      </trkpt>
      <trkpt lat="35.63889498822391" lon="127.59435393847525">
        <ele>756.5999755859375</ele>
        <time>2023-07-13T15:35:12.000Z</time>
      </trkpt>
      <trkpt lat="35.63872994855046" lon="127.59442795068026">
        <ele>762.2000122070312</ele>
        <time>2023-07-13T15:35:27.000Z</time>
      </trkpt>
      <trkpt lat="35.638692984357476" lon="127.59447597898543">
        <ele>762.7999877929688</ele>
        <time>2023-07-13T15:35:43.000Z</time>
      </trkpt>
      <trkpt lat="35.63859399408102" lon="127.59469793178141">
        <ele>763.7999877929688</ele>
        <time>2023-07-13T15:35:58.000Z</time>
      </trkpt>
      <trkpt lat="35.63846298493445" lon="127.5949019473046">
        <ele>767.2000122070312</ele>
        <time>2023-07-13T15:36:13.000Z</time>
      </trkpt>
      <trkpt lat="35.63846298493445" lon="127.59507193230093">
        <ele>767.5999755859375</ele>
        <time>2023-07-13T15:36:28.000Z</time>
      </trkpt>
      <trkpt lat="35.63855292275548" lon="127.59516698308289">
        <ele>767.4000244140625</ele>
        <time>2023-07-13T15:36:44.000Z</time>
      </trkpt>
      <trkpt lat="35.63865199685097" lon="127.59514594450593">
        <ele>763.7999877929688</ele>
        <time>2023-07-13T15:36:59.000Z</time>
      </trkpt>
      <trkpt lat="35.638714944943786" lon="127.5951609481126">
        <ele>760.7999877929688</ele>
        <time>2023-07-13T15:37:14.000Z</time>
      </trkpt>
      <trkpt lat="35.63886699266732" lon="127.59532095864415">
        <ele>756.5999755859375</ele>
        <time>2023-07-13T15:37:29.000Z</time>
      </trkpt>
      <trkpt lat="35.638924995437264" lon="127.59543092921376">
        <ele>756.4000244140625</ele>
        <time>2023-07-13T15:37:45.000Z</time>
      </trkpt>
      <trkpt lat="35.638970928266644" lon="127.59544299915433">
        <ele>756.2000122070312</ele>
        <time>2023-07-13T15:38:00.000Z</time>
      </trkpt>
      <trkpt lat="35.63904091715813" lon="127.5954339466989">
        <ele>755.4000244140625</ele>
        <time>2023-07-13T15:38:15.000Z</time>
      </trkpt>
      <trkpt lat="35.63908198848367" lon="127.59540393948555">
        <ele>754.2000122070312</ele>
        <time>2023-07-13T15:38:31.000Z</time>
      </trkpt>
      <trkpt lat="35.63921794295311" lon="127.59523496031761">
        <ele>748.7999877929688</ele>
        <time>2023-07-13T15:38:46.000Z</time>
      </trkpt>
      <trkpt lat="35.639267982915044" lon="127.59521995671093">
        <ele>748.7999877929688</ele>
        <time>2023-07-13T15:39:01.000Z</time>
      </trkpt>
      <trkpt lat="35.63936496153474" lon="127.59532598778605">
        <ele>751.5999755859375</ele>
        <time>2023-07-13T15:39:17.000Z</time>
      </trkpt>
      <trkpt lat="35.63943495042622" lon="127.59555397555232">
        <ele>761.4000244140625</ele>
        <time>2023-07-13T15:39:32.000Z</time>
      </trkpt>
      <trkpt lat="35.63949898816645" lon="127.59567593224347">
        <ele>766.5999755859375</ele>
        <time>2023-07-13T15:39:48.000Z</time>
      </trkpt>
      <trkpt lat="35.63956797122955" lon="127.59574893862009">
        <ele>768</ele>
        <time>2023-07-13T15:40:03.000Z</time>
      </trkpt>
      <trkpt lat="35.63962697982788" lon="127.59576092474163">
        <ele>767.2000122070312</ele>
        <time>2023-07-13T15:40:18.000Z</time>
      </trkpt>
      <trkpt lat="35.63977592624724" lon="127.59562999941409">
        <ele>762.2000122070312</ele>
        <time>2023-07-13T15:40:34.000Z</time>
      </trkpt>
      <trkpt lat="35.639852955937386" lon="127.59551994502544">
        <ele>759</ele>
        <time>2023-07-13T15:40:49.000Z</time>
      </trkpt>
      <trkpt lat="35.63993199728429" lon="127.59543998166919">
        <ele>756.4000244140625</ele>
        <time>2023-07-13T15:41:05.000Z</time>
      </trkpt>
      <trkpt lat="35.64009292982519" lon="127.59534694254398">
        <ele>753.7999877929688</ele>
        <time>2023-07-13T15:41:20.000Z</time>
      </trkpt>
      <trkpt lat="35.64021899364889" lon="127.59532297030091">
        <ele>754</ele>
        <time>2023-07-13T15:41:36.000Z</time>
      </trkpt>
      <trkpt lat="35.640346985310316" lon="127.59536194615066">
        <ele>756.5999755859375</ele>
        <time>2023-07-13T15:41:51.000Z</time>
      </trkpt>
      <trkpt lat="35.64046198502183" lon="127.59548298083246">
        <ele>763.4000244140625</ele>
        <time>2023-07-13T15:42:07.000Z</time>
      </trkpt>
      <trkpt lat="35.64057195559144" lon="127.59566294029355">
        <ele>772.4000244140625</ele>
        <time>2023-07-13T15:42:22.000Z</time>
      </trkpt>
      <trkpt lat="35.640756944194436" lon="127.59583795443177">
        <ele>776.2000122070312</ele>
        <time>2023-07-13T15:42:38.000Z</time>
      </trkpt>
      <trkpt lat="35.64094092696905" lon="127.59584994055331">
        <ele>774.4000244140625</ele>
        <time>2023-07-13T15:42:54.000Z</time>
      </trkpt>
      <trkpt lat="35.64100597053766" lon="127.59582999162376">
        <ele>773.5999755859375</ele>
        <time>2023-07-13T15:43:09.000Z</time>
      </trkpt>
      <trkpt lat="35.64117394387722" lon="127.59567492641509">
        <ele>766.5999755859375</ele>
        <time>2023-07-13T15:43:25.000Z</time>
      </trkpt>
      <trkpt lat="35.64128492027521" lon="127.59565296582878">
        <ele>764.7999877929688</ele>
        <time>2023-07-13T15:43:41.000Z</time>
      </trkpt>
      <trkpt lat="35.64136194996536" lon="127.59569898247719">
        <ele>766.2000122070312</ele>
        <time>2023-07-13T15:43:56.000Z</time>
      </trkpt>
      <trkpt lat="35.641529923304915" lon="127.59588095359504">
        <ele>775</ele>
        <time>2023-07-13T15:44:12.000Z</time>
      </trkpt>
      <trkpt lat="35.64157795161009" lon="127.59591297246516">
        <ele>777.2000122070312</ele>
        <time>2023-07-13T15:44:28.000Z</time>
      </trkpt>
      <trkpt lat="35.64171298407018" lon="127.5959329213947">
        <ele>779.4000244140625</ele>
        <time>2023-07-13T15:44:43.000Z</time>
      </trkpt>
      <trkpt lat="35.64191699959338" lon="127.59585999883711">
        <ele>779.5999755859375</ele>
        <time>2023-07-13T15:44:59.000Z</time>
      </trkpt>
      <trkpt lat="35.64197592437267" lon="127.59581792168319">
        <ele>778.7999877929688</ele>
        <time>2023-07-13T15:45:15.000Z</time>
      </trkpt>
      <trkpt lat="35.64205194823444" lon="127.59573594667017">
        <ele>777</ele>
        <time>2023-07-13T15:45:31.000Z</time>
      </trkpt>
      <trkpt lat="35.642145993188024" lon="127.59557493031025">
        <ele>773.2000122070312</ele>
        <time>2023-07-13T15:45:46.000Z</time>
      </trkpt>
      <trkpt lat="35.642322935163975" lon="127.59545096196234">
        <ele>774</ele>
        <time>2023-07-13T15:46:02.000Z</time>
      </trkpt>
      <trkpt lat="35.64234891906381" lon="127.59541098028421">
        <ele>773.2000122070312</ele>
        <time>2023-07-13T15:46:18.000Z</time>
      </trkpt>
      <trkpt lat="35.64234891906381" lon="127.59542992338538">
        <ele>774</ele>
        <time>2023-07-13T15:46:34.000Z</time>
      </trkpt>
      <trkpt lat="35.64253197982907" lon="127.59541592560709">
        <ele>776.7999877929688</ele>
        <time>2023-07-13T15:46:50.000Z</time>
      </trkpt>
      <trkpt lat="35.64259492792189" lon="127.59539094753563">
        <ele>775</ele>
        <time>2023-07-13T15:47:05.000Z</time>
      </trkpt>
      <trkpt lat="35.64263197593391" lon="127.59539094753563">
        <ele>774.5999755859375</ele>
        <time>2023-07-13T15:47:21.000Z</time>
      </trkpt>
      <trkpt lat="35.64271395094693" lon="127.5954339466989">
        <ele>776</ele>
        <time>2023-07-13T15:47:37.000Z</time>
      </trkpt>
      <trkpt lat="35.64282392151654" lon="127.59556998498738">
        <ele>782</ele>
        <time>2023-07-13T15:47:53.000Z</time>
      </trkpt>
      <trkpt lat="35.64291193149984" lon="127.59562597610056">
        <ele>781.4000244140625</ele>
        <time>2023-07-13T15:48:09.000Z</time>
      </trkpt>
      <trkpt lat="35.6429829262197" lon="127.59577299468219">
        <ele>786.2000122070312</ele>
        <time>2023-07-13T15:48:25.000Z</time>
      </trkpt>
      <trkpt lat="35.64307194203138" lon="127.59587592445314">
        <ele>787.7999877929688</ele>
        <time>2023-07-13T15:48:41.000Z</time>
      </trkpt>
      <trkpt lat="35.643290961161256" lon="127.59597893804312">
        <ele>786.5999755859375</ele>
        <time>2023-07-13T15:48:57.000Z</time>
      </trkpt>
      <trkpt lat="35.64332499168813" lon="127.59596192277968">
        <ele>784.4000244140625</ele>
        <time>2023-07-13T15:49:13.000Z</time>
      </trkpt>
      <trkpt lat="35.643570916727185" lon="127.59594398550689">
        <ele>777.4000244140625</ele>
        <time>2023-07-13T15:49:29.000Z</time>
      </trkpt>
      <trkpt lat="35.64390795305371" lon="127.59585496969521">
        <ele>761.2000122070312</ele>
        <time>2023-07-13T15:49:45.000Z</time>
      </trkpt>
      <trkpt lat="35.64401691779494" lon="127.59587491862476">
        <ele>765.7999877929688</ele>
        <time>2023-07-13T15:50:01.000Z</time>
      </trkpt>
      <trkpt lat="35.64412194304168" lon="127.5959299877286">
        <ele>774.4000244140625</ele>
        <time>2023-07-13T15:50:17.000Z</time>
      </trkpt>
      <trkpt lat="35.64431497827172" lon="127.59594792500138">
        <ele>776.4000244140625</ele>
        <time>2023-07-13T15:50:33.000Z</time>
      </trkpt>
      <trkpt lat="35.644471971318126" lon="127.59588497690856">
        <ele>773.2000122070312</ele>
        <time>2023-07-13T15:50:49.000Z</time>
      </trkpt>
      <trkpt lat="35.64469995908439" lon="127.59568196721375">
        <ele>763.4000244140625</ele>
        <time>2023-07-13T15:51:05.000Z</time>
      </trkpt>
      <trkpt lat="35.644752932712436" lon="127.59568892419338">
        <ele>764.2000122070312</ele>
        <time>2023-07-13T15:51:21.000Z</time>
      </trkpt>
      <trkpt lat="35.64479995518923" lon="127.59571398608387">
        <ele>763.5999755859375</ele>
        <time>2023-07-13T15:51:37.000Z</time>
      </trkpt>
      <trkpt lat="35.64484898932278" lon="127.59576695971191">
        <ele>763.2000122070312</ele>
        <time>2023-07-13T15:51:53.000Z</time>
      </trkpt>
      <trkpt lat="35.64488796517253" lon="127.5959329213947">
        <ele>764.2000122070312</ele>
        <time>2023-07-13T15:52:09.000Z</time>
      </trkpt>
      <trkpt lat="35.64489198848605" lon="127.5962109491229">
        <ele>769</ele>
        <time>2023-07-13T15:52:26.000Z</time>
      </trkpt>
      <trkpt lat="35.64491596072912" lon="127.59638093411922">
        <ele>769.2000122070312</ele>
        <time>2023-07-13T15:52:42.000Z</time>
      </trkpt>
      <trkpt lat="35.64497798681259" lon="127.59660892188549">
        <ele>767.2000122070312</ele>
        <time>2023-07-13T15:52:58.000Z</time>
      </trkpt>
      <trkpt lat="35.6449809204787" lon="127.5967619754374">
        <ele>768</ele>
        <time>2023-07-13T15:53:14.000Z</time>
      </trkpt>
      <trkpt lat="35.644943956285715" lon="127.59686599485576">
        <ele>771</ele>
        <time>2023-07-13T15:53:30.000Z</time>
      </trkpt>
      <trkpt lat="35.64493699930608" lon="127.59693497791886">
        <ele>772</ele>
        <time>2023-07-13T15:53:47.000Z</time>
      </trkpt>
      <trkpt lat="35.64497698098421" lon="127.59710194543004">
        <ele>771.5999755859375</ele>
        <time>2023-07-13T15:54:03.000Z</time>
      </trkpt>
      <trkpt lat="35.64514193683863" lon="127.59733797982335">
        <ele>772.2000122070312</ele>
        <time>2023-07-13T15:54:19.000Z</time>
      </trkpt>
      <trkpt lat="35.645263977348804" lon="127.59740897454321">
        <ele>773.2000122070312</ele>
        <time>2023-07-13T15:54:35.000Z</time>
      </trkpt>
      <trkpt lat="35.64532198011875" lon="127.59741492569447">
        <ele>772.4000244140625</ele>
        <time>2023-07-13T15:54:52.000Z</time>
      </trkpt>
      <trkpt lat="35.645415941253304" lon="127.59737494401634">
        <ele>771</ele>
        <time>2023-07-13T15:55:08.000Z</time>
      </trkpt>
      <trkpt lat="35.64561794511974" lon="127.59724393486977">
        <ele>761.7999877929688</ele>
        <time>2023-07-13T15:55:24.000Z</time>
      </trkpt>
      <trkpt lat="35.645778961479664" lon="127.59725399315357">
        <ele>763.5999755859375</ele>
        <time>2023-07-13T15:55:41.000Z</time>
      </trkpt>
      <trkpt lat="35.6459619384259" lon="127.59719992987812">
        <ele>763.2000122070312</ele>
        <time>2023-07-13T15:55:57.000Z</time>
      </trkpt>
      <trkpt lat="35.64604693092406" lon="127.5971509795636">
        <ele>762.2000122070312</ele>
        <time>2023-07-13T15:56:14.000Z</time>
      </trkpt>
      <trkpt lat="35.646122954785824" lon="127.59705693461001">
        <ele>759.4000244140625</ele>
        <time>2023-07-13T15:56:30.000Z</time>
      </trkpt>
      <trkpt lat="35.64622697420418" lon="127.59687697514892">
        <ele>753.7999877929688</ele>
        <time>2023-07-13T15:56:46.000Z</time>
      </trkpt>
      <trkpt lat="35.64627994783223" lon="127.59683799929917">
        <ele>753.4000244140625</ele>
        <time>2023-07-13T15:57:03.000Z</time>
      </trkpt>
      <trkpt lat="35.64650299027562" lon="127.59681394323707">
        <ele>758.2000122070312</ele>
        <time>2023-07-13T15:57:19.000Z</time>
      </trkpt>
      <trkpt lat="35.64656996168196" lon="127.59675895795226">
        <ele>757.4000244140625</ele>
        <time>2023-07-13T15:57:36.000Z</time>
      </trkpt>
      <trkpt lat="35.64675394445658" lon="127.59652191773057">
        <ele>750.2000122070312</ele>
        <time>2023-07-13T15:57:52.000Z</time>
      </trkpt>
      <trkpt lat="35.64684698358178" lon="127.59648495353758">
        <ele>748.4000244140625</ele>
        <time>2023-07-13T15:58:09.000Z</time>
      </trkpt>
      <trkpt lat="35.646941950544715" lon="127.5964699499309">
        <ele>748</ele>
        <time>2023-07-13T15:58:25.000Z</time>
      </trkpt>
      <trkpt lat="35.646986961364746" lon="127.59647598490119">
        <ele>748.2000122070312</ele>
        <time>2023-07-13T15:58:42.000Z</time>
      </trkpt>
      <trkpt lat="35.64708393998444" lon="127.59652795270085">
        <ele>747.5999755859375</ele>
        <time>2023-07-13T15:58:58.000Z</time>
      </trkpt>
      <trkpt lat="35.64724696800113" lon="127.59689692407846">
        <ele>753.7999877929688</ele>
        <time>2023-07-13T15:59:15.000Z</time>
      </trkpt>
      <trkpt lat="35.64727395772934" lon="127.59692098014057">
        <ele>753.7999877929688</ele>
        <time>2023-07-13T15:59:32.000Z</time>
      </trkpt>
      <trkpt lat="35.647329948842525" lon="127.59695098735392">
        <ele>754</ele>
        <time>2023-07-13T15:59:48.000Z</time>
      </trkpt>
      <trkpt lat="35.64744494855404" lon="127.59697697125375">
        <ele>753.7999877929688</ele>
        <time>2023-07-13T16:00:05.000Z</time>
      </trkpt>
      <trkpt lat="35.64778491854668" lon="127.59691293351352">
        <ele>747.5999755859375</ele>
        <time>2023-07-13T16:00:21.000Z</time>
      </trkpt>
      <trkpt lat="35.64790293574333" lon="127.59689893573523">
        <ele>745.5999755859375</ele>
        <time>2023-07-13T16:00:38.000Z</time>
      </trkpt>
      <trkpt lat="35.64798792824149" lon="127.59690698236227">
        <ele>744.7999877929688</ele>
        <time>2023-07-13T16:00:55.000Z</time>
      </trkpt>
      <trkpt lat="35.64810996875167" lon="127.59698795154691">
        <ele>745.5999755859375</ele>
        <time>2023-07-13T16:01:11.000Z</time>
      </trkpt>
      <trkpt lat="35.64820099622011" lon="127.59714595042169">
        <ele>742.7999877929688</ele>
        <time>2023-07-13T16:01:28.000Z</time>
      </trkpt>
      <trkpt lat="35.64819697290659" lon="127.59735197760165">
        <ele>743.2000122070312</ele>
        <time>2023-07-13T16:01:45.000Z</time>
      </trkpt>
      <trkpt lat="35.648077949881554" lon="127.59752799756825">
        <ele>746.5999755859375</ele>
        <time>2023-07-13T16:02:02.000Z</time>
      </trkpt>
      <trkpt lat="35.64805096015334" lon="127.59760594926775">
        <ele>747.4000244140625</ele>
        <time>2023-07-13T16:02:18.000Z</time>
      </trkpt>
      <trkpt lat="35.648018941283226" lon="127.59761894121766">
        <ele>748.4000244140625</ele>
        <time>2023-07-13T16:02:35.000Z</time>
      </trkpt>
      <trkpt lat="35.64783495850861" lon="127.5980989728123">
        <ele>751.2000122070312</ele>
        <time>2023-07-13T16:02:52.000Z</time>
      </trkpt>
      <trkpt lat="35.64782598987222" lon="127.59819293394685">
        <ele>750.2000122070312</ele>
        <time>2023-07-13T16:03:09.000Z</time>
      </trkpt>
      <trkpt lat="35.647864965721965" lon="127.59835696779191">
        <ele>746.4000244140625</ele>
        <time>2023-07-13T16:03:26.000Z</time>
      </trkpt>
      <trkpt lat="35.64796295017004" lon="127.59848294779658">
        <ele>742.7999877929688</ele>
        <time>2023-07-13T16:03:42.000Z</time>
      </trkpt>
      <trkpt lat="35.64817199483514" lon="127.5988379213959">
        <ele>736.2000122070312</ele>
        <time>2023-07-13T16:03:59.000Z</time>
      </trkpt>
      <trkpt lat="35.648141987621784" lon="127.59891796857119">
        <ele>737.5999755859375</ele>
        <time>2023-07-13T16:04:16.000Z</time>
      </trkpt>
      <trkpt lat="35.64790192991495" lon="127.59911192581058">
        <ele>742</ele>
        <time>2023-07-13T16:04:33.000Z</time>
      </trkpt>
      <trkpt lat="35.64775298349559" lon="127.5993279274553">
        <ele>739</ele>
        <time>2023-07-13T16:04:50.000Z</time>
      </trkpt>
      <trkpt lat="35.647606970742345" lon="127.59935491718352">
        <ele>739</ele>
        <time>2023-07-13T16:05:07.000Z</time>
      </trkpt>
      <trkpt lat="35.64738191664219" lon="127.59930898435414">
        <ele>745.5999755859375</ele>
        <time>2023-07-13T16:05:24.000Z</time>
      </trkpt>
      <trkpt lat="35.6472709402442" lon="127.59938995353878">
        <ele>746</ele>
        <time>2023-07-13T16:05:41.000Z</time>
      </trkpt>
      <trkpt lat="35.64725199714303" lon="127.59941996075213">
        <ele>745.4000244140625</ele>
        <time>2023-07-13T16:05:58.000Z</time>
      </trkpt>
      <trkpt lat="35.64722995273769" lon="127.59953596629202">
        <ele>743.5999755859375</ele>
        <time>2023-07-13T16:06:15.000Z</time>
      </trkpt>
      <trkpt lat="35.6472569424659" lon="127.5997169315815">
        <ele>739</ele>
        <time>2023-07-13T16:06:32.000Z</time>
      </trkpt>
      <trkpt lat="35.64725794829428" lon="127.60043693706393">
        <ele>737.2000122070312</ele>
        <time>2023-07-13T16:06:49.000Z</time>
      </trkpt>
      <trkpt lat="35.64721595495939" lon="127.60057993233204">
        <ele>737.4000244140625</ele>
        <time>2023-07-13T16:07:06.000Z</time>
      </trkpt>
      <trkpt lat="35.64710598438978" lon="127.60072795674205">
        <ele>734.2000122070312</ele>
        <time>2023-07-13T16:07:24.000Z</time>
      </trkpt>
      <trkpt lat="35.646966928616166" lon="127.60078797116876">
        <ele>731.5999755859375</ele>
        <time>2023-07-13T16:07:41.000Z</time>
      </trkpt>
      <trkpt lat="35.646853940561414" lon="127.6007169764489">
        <ele>734.2000122070312</ele>
        <time>2023-07-13T16:07:58.000Z</time>
      </trkpt>
      <trkpt lat="35.646749921143055" lon="127.60067992843688">
        <ele>735</ele>
        <time>2023-07-13T16:08:15.000Z</time>
      </trkpt>
      <trkpt lat="35.646662916988134" lon="127.6006839517504">
        <ele>734</ele>
        <time>2023-07-13T16:08:32.000Z</time>
      </trkpt>
      <trkpt lat="35.646553952246904" lon="127.60074195452034">
        <ele>730.5999755859375</ele>
        <time>2023-07-13T16:08:50.000Z</time>
      </trkpt>
      <trkpt lat="35.64648295752704" lon="127.60075192898512">
        <ele>730</ele>
        <time>2023-07-13T16:09:07.000Z</time>
      </trkpt>
      <trkpt lat="35.64634499140084" lon="127.60074094869196">
        <ele>731.2000122070312</ele>
        <time>2023-07-13T16:09:24.000Z</time>
      </trkpt>
      <trkpt lat="35.64611599780619" lon="127.60066391900182">
        <ele>738.2000122070312</ele>
        <time>2023-07-13T16:09:41.000Z</time>
      </trkpt>
      <trkpt lat="35.646014995872974" lon="127.60071395896375">
        <ele>738.7999877929688</ele>
        <time>2023-07-13T16:09:59.000Z</time>
      </trkpt>
      <trkpt lat="35.64596294425428" lon="127.60076399892569">
        <ele>738.5999755859375</ele>
        <time>2023-07-13T16:10:16.000Z</time>
      </trkpt>
      <trkpt lat="35.645932937040925" lon="127.60091998614371">
        <ele>734.5999755859375</ele>
        <time>2023-07-13T16:10:33.000Z</time>
      </trkpt>
      <trkpt lat="35.64587996341288" lon="127.60102794505656">
        <ele>733</ele>
        <time>2023-07-13T16:10:50.000Z</time>
      </trkpt>
      <trkpt lat="35.64562096260488" lon="127.6012349780649">
        <ele>732.5999755859375</ele>
        <time>2023-07-13T16:11:08.000Z</time>
      </trkpt>
      <trkpt lat="35.645415941253304" lon="127.60137093253434">
        <ele>738.4000244140625</ele>
        <time>2023-07-13T16:11:25.000Z</time>
      </trkpt>
      <trkpt lat="35.64532097429037" lon="127.6014749519527">
        <ele>741.5999755859375</ele>
        <time>2023-07-13T16:11:43.000Z</time>
      </trkpt>
      <trkpt lat="35.645289961248636" lon="127.60154594667256">
        <ele>743.2000122070312</ele>
        <time>2023-07-13T16:12:00.000Z</time>
      </trkpt>
      <trkpt lat="35.64529096707702" lon="127.60168198496103">
        <ele>744.4000244140625</ele>
        <time>2023-07-13T16:12:17.000Z</time>
      </trkpt>
      <trkpt lat="35.645305970683694" lon="127.60169296525419">
        <ele>744.2000122070312</ele>
        <time>2023-07-13T16:12:35.000Z</time>
      </trkpt>
      <trkpt lat="35.645587937906384" lon="127.60177292861044">
        <ele>737.7999877929688</ele>
        <time>2023-07-13T16:12:52.000Z</time>
      </trkpt>
      <trkpt lat="35.64583797007799" lon="127.60191692970693">
        <ele>737.7999877929688</ele>
        <time>2023-07-13T16:13:10.000Z</time>
      </trkpt>
      <trkpt lat="35.645928997546434" lon="127.60201591998339">
        <ele>738</ele>
        <time>2023-07-13T16:13:27.000Z</time>
      </trkpt>
      <trkpt lat="35.64598297700286" lon="127.60212798602879">
        <ele>739.7999877929688</ele>
        <time>2023-07-13T16:13:45.000Z</time>
      </trkpt>
      <trkpt lat="35.64602195285261" lon="127.60232898406684">
        <ele>746.2000122070312</ele>
        <time>2023-07-13T16:14:02.000Z</time>
      </trkpt>
      <trkpt lat="35.64611792564392" lon="127.60241992771626">
        <ele>746.4000244140625</ele>
        <time>2023-07-13T16:14:20.000Z</time>
      </trkpt>
      <trkpt lat="35.646209958940744" lon="127.6023949496448">
        <ele>741.5999755859375</ele>
        <time>2023-07-13T16:14:37.000Z</time>
      </trkpt>
      <trkpt lat="35.64626796171069" lon="127.60239595547318">
        <ele>739.5999755859375</ele>
        <time>2023-07-13T16:14:55.000Z</time>
      </trkpt>
      <trkpt lat="35.64645898528397" lon="127.60252394713461">
        <ele>738.2000122070312</ele>
        <time>2023-07-13T16:15:12.000Z</time>
      </trkpt>
      <trkpt lat="35.646503996104" lon="127.60258194990456">
        <ele>738</ele>
        <time>2023-07-13T16:15:30.000Z</time>
      </trkpt>
      <trkpt lat="35.64655998721719" lon="127.6027649268508">
        <ele>741.5999755859375</ele>
        <time>2023-07-13T16:15:48.000Z</time>
      </trkpt>
      <trkpt lat="35.64661195501685" lon="127.6028669346124">
        <ele>742.4000244140625</ele>
        <time>2023-07-13T16:16:05.000Z</time>
      </trkpt>
      <trkpt lat="35.64672997221351" lon="127.60297992266715">
        <ele>740.5999755859375</ele>
        <time>2023-07-13T16:16:23.000Z</time>
      </trkpt>
      <trkpt lat="35.64693692140281" lon="127.60309299454093">
        <ele>735.4000244140625</ele>
        <time>2023-07-13T16:16:40.000Z</time>
      </trkpt>
      <trkpt lat="35.647091986611485" lon="127.60325694456697">
        <ele>735.7999877929688</ele>
        <time>2023-07-13T16:16:58.000Z</time>
      </trkpt>
      <trkpt lat="35.647174967452884" lon="127.60325895622373">
        <ele>733.2000122070312</ele>
        <time>2023-07-13T16:17:16.000Z</time>
      </trkpt>
      <trkpt lat="35.64725794829428" lon="127.60322391986847">
        <ele>729.5999755859375</ele>
        <time>2023-07-13T16:17:34.000Z</time>
      </trkpt>
      <trkpt lat="35.64733598381281" lon="127.60321595706046">
        <ele>727.2000122070312</ele>
        <time>2023-07-13T16:17:51.000Z</time>
      </trkpt>
      <trkpt lat="35.64740295521915" lon="127.60326197370887">
        <ele>726.7999877929688</ele>
        <time>2023-07-13T16:18:09.000Z</time>
      </trkpt>
      <trkpt lat="35.647455928847194" lon="127.6033899653703">
        <ele>729.2000122070312</ele>
        <time>2023-07-13T16:18:27.000Z</time>
      </trkpt>
      <trkpt lat="35.647459952160716" lon="127.60343899950385">
        <ele>730.2000122070312</ele>
        <time>2023-07-13T16:18:44.000Z</time>
      </trkpt>
      <trkpt lat="35.64743799157441" lon="127.60353396646678">
        <ele>733.2000122070312</ele>
        <time>2023-07-13T16:19:02.000Z</time>
      </trkpt>
      <trkpt lat="35.647439919412136" lon="127.6037129200995">
        <ele>737.4000244140625</ele>
        <time>2023-07-13T16:19:20.000Z</time>
      </trkpt>
      <trkpt lat="35.647476967424154" lon="127.60382599197328">
        <ele>737.7999877929688</ele>
        <time>2023-07-13T16:19:38.000Z</time>
      </trkpt>
      <trkpt lat="35.64759397879243" lon="127.6039409916848">
        <ele>734.7999877929688</ele>
        <time>2023-07-13T16:19:56.000Z</time>
      </trkpt>
      <trkpt lat="35.647735968232155" lon="127.6039719209075">
        <ele>729</ele>
        <time>2023-07-13T16:20:13.000Z</time>
      </trkpt>
      <trkpt lat="35.64783294685185" lon="127.60402598418295">
        <ele>725</ele>
        <time>2023-07-13T16:20:31.000Z</time>
      </trkpt>
      <trkpt lat="35.647843927145004" lon="127.60411097668111">
        <ele>724.2000122070312</ele>
        <time>2023-07-13T16:20:49.000Z</time>
      </trkpt>
      <trkpt lat="35.64782498404384" lon="127.60415892116725">
        <ele>724.7999877929688</ele>
        <time>2023-07-13T16:21:07.000Z</time>
      </trkpt>
      <trkpt lat="35.647500939667225" lon="127.60443594306707">
        <ele>731.5999755859375</ele>
        <time>2023-07-13T16:21:25.000Z</time>
      </trkpt>
      <trkpt lat="35.647476967424154" lon="127.60457994416356">
        <ele>728.7999877929688</ele>
        <time>2023-07-13T16:21:43.000Z</time>
      </trkpt>
      <trkpt lat="35.647465987131" lon="127.60455898940563">
        <ele>730</ele>
        <time>2023-07-13T16:22:01.000Z</time>
      </trkpt>
      <trkpt lat="35.64747394993901" lon="127.60461799800396">
        <ele>727.5999755859375</ele>
        <time>2023-07-13T16:22:18.000Z</time>
      </trkpt>
      <trkpt lat="35.64744897186756" lon="127.60473593138158">
        <ele>725.5999755859375</ele>
        <time>2023-07-13T16:22:36.000Z</time>
      </trkpt>
      <trkpt lat="35.64732098020613" lon="127.60491295717657">
        <ele>728</ele>
        <time>2023-07-13T16:22:54.000Z</time>
      </trkpt>
      <trkpt lat="35.64729097299278" lon="127.60512099601328">
        <ele>724.5999755859375</ele>
        <time>2023-07-13T16:23:12.000Z</time>
      </trkpt>
      <trkpt lat="35.64722794108093" lon="127.60521998628974">
        <ele>726.4000244140625</ele>
        <time>2023-07-13T16:23:30.000Z</time>
      </trkpt>
      <trkpt lat="35.647201957181096" lon="127.60538997128606">
        <ele>724.7999877929688</ele>
        <time>2023-07-13T16:23:48.000Z</time>
      </trkpt>
      <trkpt lat="35.64722693525255" lon="127.60550497099757">
        <ele>721.4000244140625</ele>
        <time>2023-07-13T16:24:06.000Z</time>
      </trkpt>
      <trkpt lat="35.64731595106423" lon="127.60566992685199">
        <ele>714.5999755859375</ele>
        <time>2023-07-13T16:24:24.000Z</time>
      </trkpt>
      <trkpt lat="35.647330954670906" lon="127.60572893545032">
        <ele>713.5999755859375</ele>
        <time>2023-07-13T16:24:42.000Z</time>
      </trkpt>
      <trkpt lat="35.647307988256216" lon="127.60576296597719">
        <ele>714.7999877929688</ele>
        <time>2023-07-13T16:25:00.000Z</time>
      </trkpt>
      <trkpt lat="35.64722995273769" lon="127.60617493651807">
        <ele>714.4000244140625</ele>
        <time>2023-07-13T16:25:18.000Z</time>
      </trkpt>
      <trkpt lat="35.64718695357442" lon="127.60630896314979">
        <ele>712.4000244140625</ele>
        <time>2023-07-13T16:25:36.000Z</time>
      </trkpt>
      <trkpt lat="35.64714294858277" lon="127.60638498701155">
        <ele>711.2000122070312</ele>
        <time>2023-07-13T16:25:54.000Z</time>
      </trkpt>
      <trkpt lat="35.646922923624516" lon="127.60657399892807">
        <ele>713.5999755859375</ele>
        <time>2023-07-13T16:26:13.000Z</time>
      </trkpt>
      <trkpt lat="35.64686693251133" lon="127.60668899863958">
        <ele>713.2000122070312</ele>
        <time>2023-07-13T16:26:31.000Z</time>
      </trkpt>
      <trkpt lat="35.64686492085457" lon="127.60671791620553">
        <ele>713</ele>
        <time>2023-07-13T16:26:49.000Z</time>
      </trkpt>
      <trkpt lat="35.646917978301644" lon="127.60684196837246">
        <ele>711.5999755859375</ele>
        <time>2023-07-13T16:27:07.000Z</time>
      </trkpt>
      <trkpt lat="35.64694496802986" lon="127.60685697197914">
        <ele>711</ele>
        <time>2023-07-13T16:27:25.000Z</time>
      </trkpt>
      <trkpt lat="35.646966928616166" lon="127.6068449858576">
        <ele>710.4000244140625</ele>
        <time>2023-07-13T16:27:43.000Z</time>
      </trkpt>
      <trkpt lat="35.64706591889262" lon="127.60719099082053">
        <ele>712.2000122070312</ele>
        <time>2023-07-13T16:28:01.000Z</time>
      </trkpt>
      <trkpt lat="35.64712995663285" lon="127.60722292587161">
        <ele>711.4000244140625</ele>
        <time>2023-07-13T16:28:20.000Z</time>
      </trkpt>
      <trkpt lat="35.647155940532684" lon="127.60717296972871">
        <ele>709.7999877929688</ele>
        <time>2023-07-13T16:28:38.000Z</time>
      </trkpt>
      <trkpt lat="35.64719097688794" lon="127.60715696029365">
        <ele>709</ele>
        <time>2023-07-13T16:28:56.000Z</time>
      </trkpt>
      <trkpt lat="35.647181924432516" lon="127.60719291865826">
        <ele>709.5999755859375</ele>
        <time>2023-07-13T16:29:14.000Z</time>
      </trkpt>
      <trkpt lat="35.64701998606324" lon="127.60730993002653">
        <ele>716</ele>
        <time>2023-07-13T16:29:33.000Z</time>
      </trkpt>
      <trkpt lat="35.646963994950056" lon="127.60741998441517">
        <ele>719.4000244140625</ele>
        <time>2023-07-13T16:29:51.000Z</time>
      </trkpt>
      <trkpt lat="35.64694597385824" lon="127.60742291808128">
        <ele>720</ele>
        <time>2023-07-13T16:30:09.000Z</time>
      </trkpt>
      <trkpt lat="35.646940944716334" lon="127.60745694860816">
        <ele>720.7999877929688</ele>
        <time>2023-07-13T16:30:27.000Z</time>
      </trkpt>
      <trkpt lat="35.6468959338963" lon="127.60750095359981">
        <ele>722.5999755859375</ele>
        <time>2023-07-13T16:30:45.000Z</time>
      </trkpt>
      <trkpt lat="35.64682493917644" lon="127.60749994777143">
        <ele>724.2000122070312</ele>
        <time>2023-07-13T16:31:04.000Z</time>
      </trkpt>
      <trkpt lat="35.64671195112169" lon="127.60759399272501">
        <ele>729</ele>
        <time>2023-07-13T16:31:22.000Z</time>
      </trkpt>
      <trkpt lat="35.64668093807995" lon="127.6075759716332">
        <ele>729.2000122070312</ele>
        <time>2023-07-13T16:31:40.000Z</time>
      </trkpt>
      <trkpt lat="35.64658094197512" lon="127.60778199881315">
        <ele>736.5999755859375</ele>
        <time>2023-07-13T16:31:59.000Z</time>
      </trkpt>
      <trkpt lat="35.64650097861886" lon="127.60785894468427">
        <ele>739.2000122070312</ele>
        <time>2023-07-13T16:32:17.000Z</time>
      </trkpt>
      <trkpt lat="35.646429983899" lon="127.60790294967592">
        <ele>740</ele>
        <time>2023-07-13T16:32:35.000Z</time>
      </trkpt>
      <trkpt lat="35.64640894532204" lon="127.60795692913234">
        <ele>741.4000244140625</ele>
        <time>2023-07-13T16:32:54.000Z</time>
      </trkpt>
      <trkpt lat="35.646384973078966" lon="127.60794896632433">
        <ele>741.4000244140625</ele>
        <time>2023-07-13T16:33:12.000Z</time>
      </trkpt>
      <trkpt lat="35.64639494754374" lon="127.60795692913234">
        <ele>741.4000244140625</ele>
        <time>2023-07-13T16:33:30.000Z</time>
      </trkpt>
      <trkpt lat="35.646359995007515" lon="127.60796195827425">
        <ele>741.7999877929688</ele>
        <time>2023-07-13T16:33:49.000Z</time>
      </trkpt>
      <trkpt lat="35.64635597169399" lon="127.60800395160913">
        <ele>742.7999877929688</ele>
        <time>2023-07-13T16:34:07.000Z</time>
      </trkpt>
      <trkpt lat="35.6463279761374" lon="127.60802993550897">
        <ele>743.2000122070312</ele>
        <time>2023-07-13T16:34:25.000Z</time>
      </trkpt>
      <trkpt lat="35.646277936175466" lon="127.60804393328726">
        <ele>743.4000244140625</ele>
        <time>2023-07-13T16:34:44.000Z</time>
      </trkpt>
      <trkpt lat="35.646255975589156" lon="127.60802599601448">
        <ele>743.2000122070312</ele>
        <time>2023-07-13T16:35:02.000Z</time>
      </trkpt>
      <trkpt lat="35.64622798003256" lon="127.60807394050062">
        <ele>743.7999877929688</ele>
        <time>2023-07-13T16:35:20.000Z</time>
      </trkpt>
      <trkpt lat="35.646230997517705" lon="127.60812498629093">
        <ele>745</ele>
        <time>2023-07-13T16:35:39.000Z</time>
      </trkpt>
      <trkpt lat="35.646211970597506" lon="127.60816999711096">
        <ele>746</ele>
        <time>2023-07-13T16:35:57.000Z</time>
      </trkpt>
      <trkpt lat="35.646104933694005" lon="127.60822799988091">
        <ele>748</ele>
        <time>2023-07-13T16:36:15.000Z</time>
      </trkpt>
      <trkpt lat="35.64605095423758" lon="127.60834199376404">
        <ele>751</ele>
        <time>2023-07-13T16:36:34.000Z</time>
      </trkpt>
      <trkpt lat="35.64600393176079" lon="127.60836998932064">
        <ele>752.4000244140625</ele>
        <time>2023-07-13T16:36:52.000Z</time>
      </trkpt>
      <trkpt lat="35.64601298421621" lon="127.60842497460544">
        <ele>754.4000244140625</ele>
        <time>2023-07-13T16:37:11.000Z</time>
      </trkpt>
      <trkpt lat="35.64597291871905" lon="127.60844794102013">
        <ele>756</ele>
        <time>2023-07-13T16:37:29.000Z</time>
      </trkpt>
      <trkpt lat="35.64596093259752" lon="127.60847493074834">
        <ele>757</ele>
        <time>2023-07-13T16:37:47.000Z</time>
      </trkpt>
      <trkpt lat="35.64593696035445" lon="127.6084769424051">
        <ele>757.2000122070312</ele>
        <time>2023-07-13T16:38:06.000Z</time>
      </trkpt>
      <trkpt lat="35.645933942869306" lon="127.60851994156837">
        <ele>758.5999755859375</ele>
        <time>2023-07-13T16:38:24.000Z</time>
      </trkpt>
      <trkpt lat="35.64594391733408" lon="127.60850292630494">
        <ele>758</ele>
        <time>2023-07-13T16:38:43.000Z</time>
      </trkpt>
      <trkpt lat="35.64589396119118" lon="127.60852798819542">
        <ele>759.2000122070312</ele>
        <time>2023-07-13T16:39:01.000Z</time>
      </trkpt>
      <trkpt lat="35.64581491984427" lon="127.60847895406187">
        <ele>758.7999877929688</ele>
        <time>2023-07-13T16:39:20.000Z</time>
      </trkpt>
      <trkpt lat="35.64575197175145" lon="127.60849999263883">
        <ele>760.5999755859375</ele>
        <time>2023-07-13T16:39:38.000Z</time>
      </trkpt>
      <trkpt lat="35.64574199728668" lon="127.60854098014534">
        <ele>761.7999877929688</ele>
        <time>2023-07-13T16:39:57.000Z</time>
      </trkpt>
      <trkpt lat="35.64566597342491" lon="127.60854399763048">
        <ele>762.7999877929688</ele>
        <time>2023-07-13T16:40:15.000Z</time>
      </trkpt>
      <trkpt lat="35.645630937069654" lon="127.60858096182346">
        <ele>764.2000122070312</ele>
        <time>2023-07-13T16:40:33.000Z</time>
      </trkpt>
      <trkpt lat="35.64560193568468" lon="127.60871297679842">
        <ele>768</ele>
        <time>2023-07-13T16:40:52.000Z</time>
      </trkpt>
      <trkpt lat="35.64562196843326" lon="127.60876494459808">
        <ele>769.4000244140625</ele>
        <time>2023-07-13T16:41:10.000Z</time>
      </trkpt>
      <trkpt lat="35.64561199396849" lon="127.6088049262762">
        <ele>770.5999755859375</ele>
        <time>2023-07-13T16:41:29.000Z</time>
      </trkpt>
      <trkpt lat="35.64562791958451" lon="127.60882898233831">
        <ele>771.2000122070312</ele>
        <time>2023-07-13T16:41:47.000Z</time>
      </trkpt>
      <trkpt lat="35.64562297426164" lon="127.60885396040976">
        <ele>772</ele>
        <time>2023-07-13T16:42:06.000Z</time>
      </trkpt>
      <trkpt lat="35.6456009298563" lon="127.6089309900999">
        <ele>774.4000244140625</ele>
        <time>2023-07-13T16:42:24.000Z</time>
      </trkpt>
      <trkpt lat="35.645543932914734" lon="127.60897893458605">
        <ele>777.5999755859375</ele>
        <time>2023-07-13T16:42:43.000Z</time>
      </trkpt>
      <trkpt lat="35.64550596289337" lon="127.60904096066952">
        <ele>780.7999877929688</ele>
        <time>2023-07-13T16:43:01.000Z</time>
      </trkpt>
      <trkpt lat="35.64550998620689" lon="127.60906593874097">
        <ele>781.5999755859375</ele>
        <time>2023-07-13T16:43:20.000Z</time>
      </trkpt>
      <trkpt lat="35.645524989813566" lon="127.60906593874097">
        <ele>781</ele>
        <time>2023-07-13T16:43:38.000Z</time>
      </trkpt>
      <trkpt lat="35.64547696150839" lon="127.60913198813796">
        <ele>784.2000122070312</ele>
        <time>2023-07-13T16:43:57.000Z</time>
      </trkpt>
      <trkpt lat="35.64540999010205" lon="127.60916291736066">
        <ele>786.2000122070312</ele>
        <time>2023-07-13T16:44:15.000Z</time>
      </trkpt>
      <trkpt lat="35.64527395181358" lon="127.60910994373262">
        <ele>789</ele>
        <time>2023-07-13T16:44:34.000Z</time>
      </trkpt>
      <trkpt lat="35.645199939608574" lon="127.60914799757302">
        <ele>792.5999755859375</ele>
        <time>2023-07-13T16:44:53.000Z</time>
      </trkpt>
      <trkpt lat="35.64514998346567" lon="127.60915495455265">
        <ele>794.4000244140625</ele>
        <time>2023-07-13T16:45:11.000Z</time>
      </trkpt>
      <trkpt lat="35.64516892656684" lon="127.60919292457402">
        <ele>794.4000244140625</ele>
        <time>2023-07-13T16:45:30.000Z</time>
      </trkpt>
      <trkpt lat="35.645133974030614" lon="127.60921094566584">
        <ele>796</ele>
        <time>2023-07-13T16:45:48.000Z</time>
      </trkpt>
      <trkpt lat="35.64514596015215" lon="127.60924095287919">
        <ele>796.5999755859375</ele>
        <time>2023-07-13T16:46:07.000Z</time>
      </trkpt>
      <trkpt lat="35.64508091658354" lon="127.60931798256934">
        <ele>799.7999877929688</ele>
        <time>2023-07-13T16:46:25.000Z</time>
      </trkpt>
      <trkpt lat="35.64504696987569" lon="127.60933097451925">
        <ele>800.4000244140625</ele>
        <time>2023-07-13T16:46:44.000Z</time>
      </trkpt>
      <trkpt lat="35.64507898874581" lon="127.60939995758235">
        <ele>800.5999755859375</ele>
        <time>2023-07-13T16:47:03.000Z</time>
      </trkpt>
      <trkpt lat="35.64502693712711" lon="127.60944999754429">
        <ele>802.2000122070312</ele>
        <time>2023-07-13T16:47:21.000Z</time>
      </trkpt>
      <trkpt lat="35.645048981532454" lon="127.60946198366582">
        <ele>801.7999877929688</ele>
        <time>2023-07-13T16:47:40.000Z</time>
      </trkpt>
      <trkpt lat="35.645027942955494" lon="127.60949593037367">
        <ele>803</ele>
        <time>2023-07-13T16:47:59.000Z</time>
      </trkpt>
      <trkpt lat="35.64503892324865" lon="127.60954194702208">
        <ele>803.7999877929688</ele>
        <time>2023-07-13T16:48:17.000Z</time>
      </trkpt>
      <trkpt lat="35.64494093880057" lon="127.6096619758755">
        <ele>809.7999877929688</ele>
        <time>2023-07-13T16:48:36.000Z</time>
      </trkpt>
      <trkpt lat="35.6449359934777" lon="127.60964898392558">
        <ele>809.7999877929688</ele>
        <time>2023-07-13T16:48:54.000Z</time>
      </trkpt>
      <trkpt lat="35.644900957122445" lon="127.60965996421874">
        <ele>810.5999755859375</ele>
        <time>2023-07-13T16:49:13.000Z</time>
      </trkpt>
      <trkpt lat="35.64485292881727" lon="127.60970497503877">
        <ele>811.7999877929688</ele>
        <time>2023-07-13T16:49:32.000Z</time>
      </trkpt>
      <trkpt lat="35.64486399292946" lon="127.60975794866681">
        <ele>812.4000244140625</ele>
        <time>2023-07-13T16:49:50.000Z</time>
      </trkpt>
      <trkpt lat="35.64483197405934" lon="127.60977395810187">
        <ele>813.7999877929688</ele>
        <time>2023-07-13T16:50:09.000Z</time>
      </trkpt>
      <trkpt lat="35.644839936867356" lon="127.60979499667883">
        <ele>814.7999877929688</ele>
        <time>2023-07-13T16:50:28.000Z</time>
      </trkpt>
      <trkpt lat="35.64480096101761" lon="127.60984495282173">
        <ele>816.7999877929688</ele>
        <time>2023-07-13T16:50:46.000Z</time>
      </trkpt>
      <trkpt lat="35.64478595741093" lon="127.60983699001372">
        <ele>816.5999755859375</ele>
        <time>2023-07-13T16:51:05.000Z</time>
      </trkpt>
      <trkpt lat="35.644770953804255" lon="127.6098549272865">
        <ele>817</ele>
        <time>2023-07-13T16:51:24.000Z</time>
      </trkpt>
      <trkpt lat="35.64477891661227" lon="127.6098829228431">
        <ele>817.7999877929688</ele>
        <time>2023-07-13T16:51:42.000Z</time>
      </trkpt>
      <trkpt lat="35.644816970452666" lon="127.60987194254994">
        <ele>817.5999755859375</ele>
        <time>2023-07-13T16:52:01.000Z</time>
      </trkpt>
      <trkpt lat="35.64480599015951" lon="127.60990396142006">
        <ele>818.5999755859375</ele>
        <time>2023-07-13T16:52:20.000Z</time>
      </trkpt>
      <trkpt lat="35.64469291828573" lon="127.60992893949151">
        <ele>821.4000244140625</ele>
        <time>2023-07-13T16:52:38.000Z</time>
      </trkpt>
      <trkpt lat="35.64459694549441" lon="127.6099809911102">
        <ele>823.7999877929688</ele>
        <time>2023-07-13T16:52:57.000Z</time>
      </trkpt>
      <trkpt lat="35.644579930230975" lon="127.61002792976797">
        <ele>824.5999755859375</ele>
        <time>2023-07-13T16:53:16.000Z</time>
      </trkpt>
      <trkpt lat="35.64458998851478" lon="127.61006095446646">
        <ele>826</ele>
        <time>2023-07-13T16:53:35.000Z</time>
      </trkpt>
      <trkpt lat="35.64452393911779" lon="127.61013898998499">
        <ele>829.5999755859375</ele>
        <time>2023-07-13T16:53:53.000Z</time>
      </trkpt>
      <trkpt lat="35.64447599463165" lon="127.61015298776329">
        <ele>830.4000244140625</ele>
        <time>2023-07-13T16:54:12.000Z</time>
      </trkpt>
      <trkpt lat="35.64445696771145" lon="127.61020696721971">
        <ele>833.2000122070312</ele>
        <time>2023-07-13T16:54:31.000Z</time>
      </trkpt>
      <trkpt lat="35.644406927749515" lon="127.61026396416128">
        <ele>836.7999877929688</ele>
        <time>2023-07-13T16:54:49.000Z</time>
      </trkpt>
      <trkpt lat="35.64441396854818" lon="127.61027695611119">
        <ele>836.5999755859375</ele>
        <time>2023-07-13T16:55:08.000Z</time>
      </trkpt>
      <trkpt lat="35.644383961334825" lon="127.61029195971787">
        <ele>837.7999877929688</ele>
        <time>2023-07-13T16:55:27.000Z</time>
      </trkpt>
      <trkpt lat="35.64437096938491" lon="127.61037192307413">
        <ele>841</ele>
        <time>2023-07-13T16:55:46.000Z</time>
      </trkpt>
      <trkpt lat="35.64438999630511" lon="127.61038097552955">
        <ele>840.7999877929688</ele>
        <time>2023-07-13T16:56:04.000Z</time>
      </trkpt>
      <trkpt lat="35.64435495994985" lon="127.61039991863072">
        <ele>842.5999755859375</ele>
        <time>2023-07-13T16:56:23.000Z</time>
      </trkpt>
      <trkpt lat="35.64433199353516" lon="127.6103919558227">
        <ele>843</ele>
        <time>2023-07-13T16:56:42.000Z</time>
      </trkpt>
      <trkpt lat="35.64433199353516" lon="127.61046395637095">
        <ele>845.5999755859375</ele>
        <time>2023-07-13T16:57:01.000Z</time>
      </trkpt>
      <trkpt lat="35.644342973828316" lon="127.6104249805212">
        <ele>844.2000122070312</ele>
        <time>2023-07-13T16:57:20.000Z</time>
      </trkpt>
      <trkpt lat="35.64443794079125" lon="127.6104749366641">
        <ele>843.5999755859375</ele>
        <time>2023-07-13T16:57:38.000Z</time>
      </trkpt>
      <trkpt lat="35.644300980493426" lon="127.61055992916226">
        <ele>848.7999877929688</ele>
        <time>2023-07-13T16:57:57.000Z</time>
      </trkpt>
      <trkpt lat="35.64422596246004" lon="127.61057795025408">
        <ele>850.4000244140625</ele>
        <time>2023-07-13T16:58:16.000Z</time>
      </trkpt>
      <trkpt lat="35.64413099549711" lon="127.61054794304073">
        <ele>853.4000244140625</ele>
        <time>2023-07-13T16:58:35.000Z</time>
      </trkpt>
      <trkpt lat="35.644102999940515" lon="127.61061097495258">
        <ele>855.7999877929688</ele>
        <time>2023-07-13T16:58:54.000Z</time>
      </trkpt>
      <trkpt lat="35.64405094832182" lon="127.61060192249715">
        <ele>857.2000122070312</ele>
        <time>2023-07-13T16:59:12.000Z</time>
      </trkpt>
      <trkpt lat="35.644018929451704" lon="127.61056596413255">
        <ele>857.5999755859375</ele>
        <time>2023-07-13T16:59:31.000Z</time>
      </trkpt>
      <trkpt lat="35.64400099217892" lon="127.61056596413255">
        <ele>858.2000122070312</ele>
        <time>2023-07-13T16:59:50.000Z</time>
      </trkpt>
      <trkpt lat="35.64390594139695" lon="127.61064693331718">
        <ele>863.5999755859375</ele>
        <time>2023-07-13T17:00:09.000Z</time>
      </trkpt>
      <trkpt lat="35.64384299330413" lon="127.6107479352504">
        <ele>869.4000244140625</ele>
        <time>2023-07-13T17:00:28.000Z</time>
      </trkpt>
      <trkpt lat="35.64373495057225" lon="127.6107999868691">
        <ele>876.2000122070312</ele>
        <time>2023-07-13T17:00:47.000Z</time>
      </trkpt>
      <trkpt lat="35.64366898499429" lon="127.61086997576058">
        <ele>881.2000122070312</ele>
        <time>2023-07-13T17:01:06.000Z</time>
      </trkpt>
      <trkpt lat="35.64357896335423" lon="127.61093392968178">
        <ele>887.7999877929688</ele>
        <time>2023-07-13T17:01:25.000Z</time>
      </trkpt>
      <trkpt lat="35.64353093504906" lon="127.61104691773653">
        <ele>894</ele>
        <time>2023-07-13T17:01:44.000Z</time>
      </trkpt>
      <trkpt lat="35.64354099333286" lon="127.61110894382">
        <ele>895.5999755859375</ele>
        <time>2023-07-13T17:02:02.000Z</time>
      </trkpt>
      <trkpt lat="35.64353093504906" lon="127.61116694658995">
        <ele>898.4000244140625</ele>
        <time>2023-07-13T17:02:21.000Z</time>
      </trkpt>
      <trkpt lat="35.6435389816761" lon="127.61115898378193">
        <ele>897.5999755859375</ele>
        <time>2023-07-13T17:02:40.000Z</time>
      </trkpt>
      <trkpt lat="35.64354292117059" lon="127.61117499321699">
        <ele>898</ele>
        <time>2023-07-13T17:02:59.000Z</time>
      </trkpt>
      <trkpt lat="35.64351391978562" lon="127.61116493493319">
        <ele>899.4000244140625</ele>
        <time>2023-07-13T17:03:18.000Z</time>
      </trkpt>
      <trkpt lat="35.64348894171417" lon="127.61118697933853">
        <ele>901.7999877929688</ele>
        <time>2023-07-13T17:03:37.000Z</time>
      </trkpt>
      <trkpt lat="35.64344896003604" lon="127.61118597351015">
        <ele>904.2000122070312</ele>
        <time>2023-07-13T17:03:56.000Z</time>
      </trkpt>
      <trkpt lat="35.643481984734535" lon="127.61120097711682">
        <ele>902.7999877929688</ele>
        <time>2023-07-13T17:04:15.000Z</time>
      </trkpt>
      <trkpt lat="35.64347192645073" lon="127.6111969538033">
        <ele>903.4000244140625</ele>
        <time>2023-07-13T17:04:34.000Z</time>
      </trkpt>
      <trkpt lat="35.64347192645073" lon="127.61122897267342">
        <ele>904.7999877929688</ele>
        <time>2023-07-13T17:04:53.000Z</time>
      </trkpt>
      <trkpt lat="35.643418952822685" lon="127.61124699376523">
        <ele>908.7999877929688</ele>
        <time>2023-07-13T17:05:12.000Z</time>
      </trkpt>
      <trkpt lat="35.64342498779297" lon="127.6112989615649">
        <ele>910.5999755859375</ele>
        <time>2023-07-13T17:05:31.000Z</time>
      </trkpt>
      <trkpt lat="35.643394980579615" lon="127.61132997460663">
        <ele>913.7999877929688</ele>
        <time>2023-07-13T17:05:50.000Z</time>
      </trkpt>
      <trkpt lat="35.64340294338763" lon="127.61134698987007">
        <ele>914</ele>
        <time>2023-07-13T17:06:09.000Z</time>
      </trkpt>
      <trkpt lat="35.64332792535424" lon="127.61133098043501">
        <ele>918.2000122070312</ele>
        <time>2023-07-13T17:06:28.000Z</time>
      </trkpt>
      <trkpt lat="35.64329599030316" lon="127.61127792298794">
        <ele>918.2000122070312</ele>
        <time>2023-07-13T17:06:47.000Z</time>
      </trkpt>
      <trkpt lat="35.64327595755458" lon="127.61131094768643">
        <ele>921</ele>
        <time>2023-07-13T17:07:06.000Z</time>
      </trkpt>
      <trkpt lat="35.64329498447478" lon="127.61133793741465">
        <ele>920.7999877929688</ele>
        <time>2023-07-13T17:07:25.000Z</time>
      </trkpt>
      <trkpt lat="35.64327696338296" lon="127.61134598404169">
        <ele>922</ele>
        <time>2023-07-13T17:07:44.000Z</time>
      </trkpt>
      <trkpt lat="35.64327595755458" lon="127.611367944628">
        <ele>922.4000244140625</ele>
        <time>2023-07-13T17:08:03.000Z</time>
      </trkpt>
      <trkpt lat="35.64324293285608" lon="127.61136199347675">
        <ele>923.7999877929688</ele>
        <time>2023-07-13T17:08:22.000Z</time>
      </trkpt>
      <trkpt lat="35.64323597587645" lon="127.61141295544803">
        <ele>925.2000122070312</ele>
        <time>2023-07-13T17:08:41.000Z</time>
      </trkpt>
      <trkpt lat="35.64328392036259" lon="127.61144698597491">
        <ele>924.2000122070312</ele>
        <time>2023-07-13T17:09:00.000Z</time>
      </trkpt>
      <trkpt lat="35.64326296560466" lon="127.61150498874485">
        <ele>927.2000122070312</ele>
        <time>2023-07-13T17:09:19.000Z</time>
      </trkpt>
      <trkpt lat="35.64329498447478" lon="127.6115299668163">
        <ele>926.5999755859375</ele>
        <time>2023-07-13T17:09:38.000Z</time>
      </trkpt>
      <trkpt lat="35.6432609539479" lon="127.61157095432281">
        <ele>929.5999755859375</ele>
        <time>2023-07-13T17:09:57.000Z</time>
      </trkpt>
      <trkpt lat="35.64327394589782" lon="127.61159794405103">
        <ele>930</ele>
        <time>2023-07-13T17:10:16.000Z</time>
      </trkpt>
      <trkpt lat="35.64325693063438" lon="127.61160196736455">
        <ele>930.7999877929688</ele>
        <time>2023-07-13T17:10:35.000Z</time>
      </trkpt>
      <trkpt lat="35.64325693063438" lon="127.61162996292114">
        <ele>931.5999755859375</ele>
        <time>2023-07-13T17:10:54.000Z</time>
      </trkpt>
      <trkpt lat="35.643289955332875" lon="127.61165393516421">
        <ele>931</ele>
        <time>2023-07-13T17:11:13.000Z</time>
      </trkpt>
      <trkpt lat="35.643310993909836" lon="127.61170699261129">
        <ele>931.7999877929688</ele>
        <time>2023-07-13T17:11:32.000Z</time>
      </trkpt>
      <trkpt lat="35.643245950341225" lon="127.61181293986738">
        <ele>939</ele>
        <time>2023-07-13T17:11:51.000Z</time>
      </trkpt>
      <trkpt lat="35.643184930086136" lon="127.61180497705936">
        <ele>940.7999877929688</ele>
        <time>2023-07-13T17:12:10.000Z</time>
      </trkpt>
      <trkpt lat="35.64316498115659" lon="127.61178293265402">
        <ele>940.5999755859375</ele>
        <time>2023-07-13T17:12:29.000Z</time>
      </trkpt>
      <trkpt lat="35.64312793314457" lon="127.61179299093783">
        <ele>941.4000244140625</ele>
        <time>2023-07-13T17:12:48.000Z</time>
      </trkpt>
      <trkpt lat="35.64310798421502" lon="127.61185199953616">
        <ele>943.2000122070312</ele>
        <time>2023-07-13T17:13:07.000Z</time>
      </trkpt>
      <trkpt lat="35.64314696006477" lon="127.61190597899258">
        <ele>943.5999755859375</ele>
        <time>2023-07-13T17:13:26.000Z</time>
      </trkpt>
      <trkpt lat="35.6431229878217" lon="127.6119049731642">
        <ele>944</ele>
        <time>2023-07-13T17:13:46.000Z</time>
      </trkpt>
      <trkpt lat="35.6431229878217" lon="127.611951995641">
        <ele>945</ele>
        <time>2023-07-13T17:14:05.000Z</time>
      </trkpt>
      <trkpt lat="35.643097925931215" lon="127.6120069809258">
        <ele>946.2000122070312</ele>
        <time>2023-07-13T17:14:24.000Z</time>
      </trkpt>
      <trkpt lat="35.64308392815292" lon="127.61201695539057">
        <ele>946.5999755859375</ele>
        <time>2023-07-13T17:14:43.000Z</time>
      </trkpt>
      <trkpt lat="35.643070936203" lon="127.61200295761228">
        <ele>946.5999755859375</ele>
        <time>2023-07-13T17:15:02.000Z</time>
      </trkpt>
      <trkpt lat="35.64306791871786" lon="127.61201494373381">
        <ele>946.7999877929688</ele>
        <time>2023-07-13T17:15:21.000Z</time>
      </trkpt>
      <trkpt lat="35.643007988110185" lon="127.61199197731912">
        <ele>947.5999755859375</ele>
        <time>2023-07-13T17:15:40.000Z</time>
      </trkpt>
      <trkpt lat="35.64297898672521" lon="127.61200295761228">
        <ele>948.2000122070312</ele>
        <time>2023-07-13T17:15:59.000Z</time>
      </trkpt>
      <trkpt lat="35.64306096173823" lon="127.61215492151678">
        <ele>948</ele>
        <time>2023-07-13T17:16:18.000Z</time>
      </trkpt>
      <trkpt lat="35.643094992265105" lon="127.61217696592212">
        <ele>947.4000244140625</ele>
        <time>2023-07-13T17:16:38.000Z</time>
      </trkpt>
      <trkpt lat="35.643092980608344" lon="127.61219892650843">
        <ele>947.5999755859375</ele>
        <time>2023-07-13T17:16:57.000Z</time>
      </trkpt>
      <trkpt lat="35.6431089900434" lon="127.61218895204365">
        <ele>947.5999755859375</ele>
        <time>2023-07-13T17:17:02.225Z</time>
      </trkpt>
      <trkpt lat="35.6431089900434" lon="127.61218895204365">
        <ele>953.2598942210575</ele>
        <time>2023-07-13T17:17:02.225Z</time>
      </trkpt>
      <trkpt lat="35.64302592538297" lon="127.61229791678488">
        <ele>952.1265834665332</ele>
        <time>2023-07-13T17:17:37.582Z</time>
      </trkpt>
      <trkpt lat="35.64302592538297" lon="127.61229791678488">
        <ele>952.1265834665332</ele>
        <time>2023-07-13T17:17:37.582Z</time>
      </trkpt>
      <trkpt lat="35.64322346891451" lon="127.61248576999373">
        <ele>951.2660598837311</ele>
        <time>2023-07-13T17:18:16.696Z</time>
      </trkpt>
      <trkpt lat="35.64335883290734" lon="127.61265723797203">
        <ele>952.5922621337533</ele>
        <time>2023-07-13T17:18:33.483Z</time>
      </trkpt>
      <trkpt lat="35.64339068322509" lon="127.61289239405835">
        <ele>953.4247328210529</ele>
        <time>2023-07-13T17:18:50.225Z</time>
      </trkpt>
      <trkpt lat="35.643410589667255" lon="127.6130467152397">
        <ele>954.7407227841904</ele>
        <time>2023-07-13T17:19:01.198Z</time>
      </trkpt>
      <trkpt lat="35.64335684226208" lon="127.61332106400681">
        <ele>954.4284806124676</ele>
        <time>2023-07-13T17:19:21.016Z</time>
      </trkpt>
      <trkpt lat="35.64337276742293" lon="127.6135880641454">
        <ele>955.7846551152728</ele>
        <time>2023-07-13T17:19:39.816Z</time>
      </trkpt>
      <trkpt lat="35.64336082355257" lon="127.61369584401928">
        <ele>955.9117007598886</ele>
        <time>2023-07-13T17:19:47.455Z</time>
      </trkpt>
      <trkpt lat="35.6431876372304" lon="127.61391140376344">
        <ele>954.5256282209884</ele>
        <time>2023-07-13T17:20:08.742Z</time>
      </trkpt>
      <trkpt lat="35.64315379618135" lon="127.61394814690254">
        <ele>953.7358121735191</ele>
        <time>2023-07-13T17:20:12.642Z</time>
      </trkpt>
      <trkpt lat="35.64315578683167" lon="127.61402653226406">
        <ele>953.4060781994018</ele>
        <time>2023-07-13T17:20:18.149Z</time>
      </trkpt>
      <trkpt lat="35.643287169645234" lon="127.61422004612615">
        <ele>952.7045190418407</ele>
        <time>2023-07-13T17:20:35.857Z</time>
      </trkpt>
      <trkpt lat="35.643362814197786" lon="127.61431312874487">
        <ele>951.835562566205</ele>
        <time>2023-07-13T17:20:45.101Z</time>
      </trkpt>
      <trkpt lat="35.64339267386954" lon="127.61471240418092">
        <ele>947.964840177563</ele>
        <time>2023-07-13T17:21:13.259Z</time>
      </trkpt>
      <trkpt lat="35.64336082355257" lon="127.61505289059772">
        <ele>945.8375607562484</ele>
        <time>2023-07-13T17:21:37.328Z</time>
      </trkpt>
      <trkpt lat="35.6433429077437" lon="127.61509453282201">
        <ele>945.6399757781247</ele>
        <time>2023-07-13T17:21:40.636Z</time>
      </trkpt>
      <trkpt lat="35.64336480484289" lon="127.61521945949278">
        <ele>945.1063539215829</ele>
        <time>2023-07-13T17:21:49.610Z</time>
      </trkpt>
      <trkpt lat="35.643321010638516" lon="127.6152978448543">
        <ele>944.8153119581053</ele>
        <time>2023-07-13T17:21:56.290Z</time>
      </trkpt>
      <trkpt lat="35.64318365593125" lon="127.61543746878039">
        <ele>943.3049100042259</ele>
        <time>2023-07-13T17:22:11.685Z</time>
      </trkpt>
      <trkpt lat="35.643110001861345" lon="127.61550850551515">
        <ele>942.2740002859143</ele>
        <time>2023-07-13T17:22:19.771Z</time>
      </trkpt>
      <trkpt lat="35.64307417012992" lon="127.61558934040886">
        <ele>941.6894934702711</ele>
        <time>2023-07-13T17:22:26.237Z</time>
      </trkpt>
      <trkpt lat="35.64286515135922" lon="127.61582939558036">
        <ele>939.686370389348</ele>
        <time>2023-07-13T17:22:50.944Z</time>
      </trkpt>
      <trkpt lat="35.642508822859995" lon="127.61595187270956">
        <ele>941.1920862385082</ele>
        <time>2023-07-13T17:23:22.915Z</time>
      </trkpt>
      <trkpt lat="35.64245507484745" lon="127.61597391859158">
        <ele>940.858246787272</ele>
        <time>2023-07-13T17:23:27.810Z</time>
      </trkpt>
      <trkpt lat="35.64240530813767" lon="127.61607924892195">
        <ele>938.9921028093668</ele>
        <time>2023-07-13T17:23:36.366Z</time>
      </trkpt>
      <trkpt lat="35.64227790521858" lon="127.6161233406878">
        <ele>936.7670663418248</ele>
        <time>2023-07-13T17:23:47.802Z</time>
      </trkpt>
      <trkpt lat="35.64221022233599" lon="127.61643443260101">
        <ele>929.9870418273003</ele>
        <time>2023-07-13T17:24:10.418Z</time>
      </trkpt>
      <trkpt lat="35.64218633424596" lon="127.61672837770851">
        <ele>931.9295637167506</ele>
        <time>2023-07-13T17:24:31.164Z</time>
      </trkpt>
      <trkpt lat="35.64218235289691" lon="127.6168753502613">
        <ele>937.2796264589631</ele>
        <time>2023-07-13T17:24:41.491Z</time>
      </trkpt>
      <trkpt lat="35.64197185774944" lon="127.61691479372018">
        <ele>935.5137907177824</ele>
        <time>2023-07-13T17:24:59.890Z</time>
      </trkpt>
      <trkpt lat="35.64177478020369" lon="127.61686580286732">
        <ele>930.9670101642503</ele>
        <time>2023-07-13T17:25:17.264Z</time>
      </trkpt>
      <trkpt lat="35.64154784182617" lon="127.61675802299015">
        <ele>926.2903930505272</ele>
        <time>2023-07-13T17:25:38.285Z</time>
      </trkpt>
      <trkpt lat="35.64144034447294" lon="127.61654491278762">
        <ele>919.7832908658311</ele>
        <time>2023-07-13T17:25:55.899Z</time>
      </trkpt>
      <trkpt lat="35.6413447911486" lon="127.61638324297957">
        <ele>915.2956220664688</ele>
        <time>2023-07-13T17:26:09.937Z</time>
      </trkpt>
      <trkpt lat="35.64129701444392" lon="127.61612114192422">
        <ele>909.4575310654878</ele>
        <time>2023-07-13T17:26:28.801Z</time>
      </trkpt>
      <trkpt lat="35.64127710747522" lon="127.61590313263662">
        <ele>906.1555122551309</ele>
        <time>2023-07-13T17:26:44.207Z</time>
      </trkpt>
      <trkpt lat="35.64126118189671" lon="127.61575126099689">
        <ele>903.6999908804428</ele>
        <time>2023-07-13T17:26:54.961Z</time>
      </trkpt>
      <trkpt lat="35.64124525631425" lon="127.61558224256021">
        <ele>900.6236679420826</ele>
        <time>2023-07-13T17:27:06.910Z</time>
      </trkpt>
      <trkpt lat="35.641253219105494" lon="127.6153446369322">
        <ele>895.8884921149264</ele>
        <time>2023-07-13T17:27:23.610Z</time>
      </trkpt>
      <trkpt lat="35.64141446545911" lon="127.6150163982291">
        <ele>892.7210820845403</ele>
        <time>2023-07-13T17:27:50.545Z</time>
      </trkpt>
      <trkpt lat="35.64144034447294" lon="127.61484982933405">
        <ele>890.2413796403516</ele>
        <time>2023-07-13T17:28:02.454Z</time>
      </trkpt>
      <trkpt lat="35.641354744625104" lon="127.6147224531216">
        <ele>886.740364164845</ele>
        <time>2023-07-13T17:28:14.061Z</time>
      </trkpt>
      <trkpt lat="35.64121738653864" lon="127.61465141638678">
        <ele>883.0646716235788</ele>
        <time>2023-07-13T17:28:26.936Z</time>
      </trkpt>
      <trkpt lat="35.64110988874083" lon="127.61461957233462">
        <ele>880.3873814260245</ele>
        <time>2023-07-13T17:28:36.490Z</time>
      </trkpt>
      <trkpt lat="35.64105016768633" lon="127.61459507689369">
        <ele>879.3062642923323</ele>
        <time>2023-07-13T17:28:42.822Z</time>
      </trkpt>
      <trkpt lat="35.64105016768633" lon="127.61459507689369">
        <ele>879.3062642923323</ele>
        <time>2023-07-13T17:28:42.822Z</time>
      </trkpt>
      <trkpt lat="35.64097470646196" lon="127.61477413141068">
        <ele>877.9569536517374</ele>
        <time>2023-07-13T17:28:59.311Z</time>
      </trkpt>
      <trkpt lat="35.64101813853769" lon="127.61456924724365">
        <ele>878.9184342010412</ele>
        <time>2023-07-13T17:29:16.620Z</time>
      </trkpt>
      <trkpt lat="35.64101813853769" lon="127.61456924724365">
        <ele>878.9184342010412</ele>
        <time>2023-07-13T17:29:16.620Z</time>
      </trkpt>
      <trkpt lat="35.641123645758" lon="127.61459129312561">
        <ele>880.9608586151735</ele>
        <time>2023-07-13T17:29:27.385Z</time>
      </trkpt>
      <trkpt lat="35.641249059819614" lon="127.61463293534985">
        <ele>883.859307313629</ele>
        <time>2023-07-13T17:29:38.610Z</time>
      </trkpt>
      <trkpt lat="35.64135655742942" lon="127.61469172437097">
        <ele>886.7246331758414</ele>
        <time>2023-07-13T17:29:48.775Z</time>
      </trkpt>
      <trkpt lat="35.64146007351037" lon="127.61481665104185">
        <ele>890.1751538456356</ele>
        <time>2023-07-13T17:30:01.304Z</time>
      </trkpt>
      <trkpt lat="35.64145609212515" lon="127.61500281627724">
        <ele>893.4093596186124</ele>
        <time>2023-07-13T17:30:14.382Z</time>
      </trkpt>
      <trkpt lat="35.64129086446283" lon="127.6153090090965">
        <ele>896.1076150666921</ele>
        <time>2023-07-13T17:30:40.194Z</time>
      </trkpt>
      <trkpt lat="35.641278920281295" lon="127.61536044949094">
        <ele>896.8567701139254</ele>
        <time>2023-07-13T17:30:43.951Z</time>
      </trkpt>
      <trkpt lat="35.641278920281295" lon="127.61563724779967">
        <ele>902.3319255626752</ele>
        <time>2023-07-13T17:31:03.390Z</time>
      </trkpt>
      <trkpt lat="35.641308780731805" lon="127.6159801837581">
        <ele>907.6993889933768</ele>
        <time>2023-07-13T17:31:27.611Z</time>
      </trkpt>
      <trkpt lat="35.64135058534376" lon="127.6162569820687">
        <ele>912.4503628046093</ele>
        <time>2023-07-13T17:31:47.382Z</time>
      </trkpt>
      <trkpt lat="35.64139438062887" lon="127.61641620233519">
        <ele>916.281626467343</ele>
        <time>2023-07-13T17:31:59.186Z</time>
      </trkpt>
      <trkpt lat="35.641501878043925" lon="127.61661951436747">
        <ele>921.9562193718739</ele>
        <time>2023-07-13T17:32:16.220Z</time>
      </trkpt>
      <trkpt lat="35.64156159876717" lon="127.61671749606933">
        <ele>925.0412238058633</ele>
        <time>2023-07-13T17:32:24.821Z</time>
      </trkpt>
      <trkpt lat="35.64177659300279" lon="127.61689386313458">
        <ele>931.9404526980633</ele>
        <time>2023-07-13T17:32:47.150Z</time>
      </trkpt>
      <trkpt lat="35.64198362394228" lon="127.6169502026122">
        <ele>937.1044096684316</ele>
        <time>2023-07-13T17:33:05.473Z</time>
      </trkpt>
      <trkpt lat="35.642212551759556" lon="127.61689141359113">
        <ele>938.534764076238</ele>
        <time>2023-07-13T17:33:25.682Z</time>
      </trkpt>
      <trkpt lat="35.64218468232133" lon="127.61648233998301">
        <ele>928.7512235484676</ele>
        <time>2023-07-13T17:33:54.511Z</time>
      </trkpt>
      <trkpt lat="35.64224241186194" lon="127.61610755997242">
        <ele>936.5340045192279</ele>
        <time>2023-07-13T17:34:21.299Z</time>
      </trkpt>
      <trkpt lat="35.64244210834288" lon="127.6160717193876">
        <ele>939.2555875850376</ele>
        <time>2023-07-13T17:34:38.738Z</time>
      </trkpt>
      <trkpt lat="35.64244210834288" lon="127.61594434317334">
        <ele>940.9387723536768</ele>
        <time>2023-07-13T17:34:47.683Z</time>
      </trkpt>
      <trkpt lat="35.64285218492043" lon="127.61580226970563">
        <ele>940.0957310327101</ele>
        <time>2023-07-13T17:35:24.497Z</time>
      </trkpt>
      <trkpt lat="35.64305405654733" lon="127.61556711362016">
        <ele>941.6243033748449</ele>
        <time>2023-07-13T17:35:48.518Z</time>
      </trkpt>
      <trkpt lat="35.64308988829136" lon="127.6154985264289">
        <ele>942.1274199884554</ele>
        <time>2023-07-13T17:35:54.244Z</time>
      </trkpt>
      <trkpt lat="35.64316752367996" lon="127.61540299426855">
        <ele>943.1514723721224</ele>
        <time>2023-07-13T17:36:03.731Z</time>
      </trkpt>
      <trkpt lat="35.643294925180584" lon="127.61528786576798">
        <ele>944.6457391427626</ele>
        <time>2023-07-13T17:36:17.390Z</time>
      </trkpt>
      <trkpt lat="35.64334071004572" lon="127.61519478315114">
        <ele>945.2432496382407</ele>
        <time>2023-07-13T17:36:25.031Z</time>
      </trkpt>
      <trkpt lat="35.643318812939185" lon="127.61507720510707">
        <ele>945.4280409211871</ele>
        <time>2023-07-13T17:36:33.502Z</time>
      </trkpt>
      <trkpt lat="35.64337256037071" lon="127.61471712235175">
        <ele>947.9957023798488</ele>
        <time>2023-07-13T17:36:59.212Z</time>
      </trkpt>
      <trkpt lat="35.643338719400006" lon="127.61432274599889">
        <ele>951.8062882252092</ele>
        <time>2023-07-13T17:37:27.061Z</time>
      </trkpt>
      <trkpt lat="35.64317349562978" lon="127.61409248899764">
        <ele>953.4126257756313</ele>
        <time>2023-07-13T17:37:48.632Z</time>
      </trkpt>
      <trkpt lat="35.64313368262239" lon="127.61392347056096">
        <ele>953.4004834674997</ele>
        <time>2023-07-13T17:38:00.990Z</time>
      </trkpt>
      <trkpt lat="35.643390476172925" lon="127.61367361721932">
        <ele>956.0657286946846</ele>
        <time>2023-07-13T17:38:29.279Z</time>
      </trkpt>
      <trkpt lat="35.64333473811382" lon="127.61328903903603">
        <ele>953.8762625998353</ele>
        <time>2023-07-13T17:38:56.712Z</time>
      </trkpt>
      <trkpt lat="35.6433805229554" lon="127.61303918569439">
        <ele>954.0502745765261</ele>
        <time>2023-07-13T17:39:14.698Z</time>
      </trkpt>
      <trkpt lat="35.64336658844118" lon="127.61288731405466">
        <ele>952.9058045311338</ele>
        <time>2023-07-13T17:39:25.431Z</time>
      </trkpt>
      <trkpt lat="35.64333871940545" lon="127.612669304767">
        <ele>952.3365180831086</ele>
        <time>2023-07-13T17:39:40.929Z</time>
      </trkpt>
      <trkpt lat="35.64316155173509" lon="127.61245374502101">
        <ele>950.8928700296916</ele>
        <time>2023-07-13T17:40:02.459Z</time>
      </trkpt>
      <trkpt lat="35.64302592538297" lon="127.61229791678488">
        <ele>947.7999877929688</ele>
        <time>2023-07-13T17:40:31.604Z</time>
      </trkpt>
      <trkpt lat="35.64301796257496" lon="127.61227495037019">
        <ele>948</ele>
        <time>2023-07-13T17:40:38.743Z</time>
      </trkpt>
      <trkpt lat="35.64301796257496" lon="127.61227495037019">
        <ele>952.5177124659077</ele>
        <time>2023-07-13T17:40:38.743Z</time>
      </trkpt>
      <trkpt lat="35.64288695342839" lon="127.61227092705667">
        <ele>952.3072927291977</ele>
        <time>2023-07-13T17:41:24.850Z</time>
      </trkpt>
      <trkpt lat="35.64288695342839" lon="127.61227092705667">
        <ele>948</ele>
        <time>2023-07-13T17:41:24.850Z</time>
      </trkpt>
      <trkpt lat="35.642664916813374" lon="127.61212399229407">
        <ele>950.7999877929688</ele>
        <time>2023-07-13T17:42:07.604Z</time>
      </trkpt>
      <trkpt lat="35.64257598482072" lon="127.6120069809258">
        <ele>953.2000122070312</ele>
        <time>2023-07-13T17:42:26.604Z</time>
      </trkpt>
      <trkpt lat="35.642495937645435" lon="127.61187496595085">
        <ele>955.4000244140625</ele>
        <time>2023-07-13T17:42:46.604Z</time>
      </trkpt>
      <trkpt lat="35.64243994653225" lon="127.61168695986271">
        <ele>957.7999877929688</ele>
        <time>2023-07-13T17:43:05.604Z</time>
      </trkpt>
      <trkpt lat="35.642407927662134" lon="127.61132997460663">
        <ele>960.4000244140625</ele>
        <time>2023-07-13T17:43:24.604Z</time>
      </trkpt>
      <trkpt lat="35.6423629168421" lon="127.611293932423">
        <ele>961.2000122070312</ele>
        <time>2023-07-13T17:43:43.604Z</time>
      </trkpt>
      <trkpt lat="35.64230994321406" lon="127.61115998961031">
        <ele>962.7999877929688</ele>
        <time>2023-07-13T17:44:03.604Z</time>
      </trkpt>
      <trkpt lat="35.642189998179674" lon="127.61106896214187">
        <ele>964.2000122070312</ele>
        <time>2023-07-13T17:44:22.604Z</time>
      </trkpt>
      <trkpt lat="35.642016995698214" lon="127.61103593744338">
        <ele>964.4000244140625</ele>
        <time>2023-07-13T17:44:41.604Z</time>
      </trkpt>
      <trkpt lat="35.64202898181975" lon="127.61102395132184">
        <ele>964.4000244140625</ele>
        <time>2023-07-13T17:45:01.604Z</time>
      </trkpt>
      <trkpt lat="35.641996962949634" lon="127.61099494993687">
        <ele>964.5999755859375</ele>
        <time>2023-07-13T17:45:20.604Z</time>
      </trkpt>
      <trkpt lat="35.64196796156466" lon="127.61100098490715">
        <ele>964.5999755859375</ele>
        <time>2023-07-13T17:45:40.604Z</time>
      </trkpt>
      <trkpt lat="35.64173393882811" lon="127.61088095605373">
        <ele>966.7999877929688</ele>
        <time>2023-07-13T17:45:59.604Z</time>
      </trkpt>
      <trkpt lat="35.6416879221797" lon="127.61083192192018">
        <ele>967.2000122070312</ele>
        <time>2023-07-13T17:46:18.604Z</time>
      </trkpt>
      <trkpt lat="35.641695968806744" lon="127.61082295328379">
        <ele>967.2000122070312</ele>
        <time>2023-07-13T17:46:38.604Z</time>
      </trkpt>
      <trkpt lat="35.64157694578171" lon="127.61070795357227">
        <ele>967.5999755859375</ele>
        <time>2023-07-13T17:46:57.604Z</time>
      </trkpt>
      <trkpt lat="35.64142397604883" lon="127.61047191917896">
        <ele>969.5999755859375</ele>
        <time>2023-07-13T17:47:17.604Z</time>
      </trkpt>
      <trkpt lat="35.64132993109524" lon="127.61024594306946">
        <ele>972.2000122070312</ele>
        <time>2023-07-13T17:47:36.604Z</time>
      </trkpt>
      <trkpt lat="35.641290955245495" lon="127.61020495556295">
        <ele>972.5999755859375</ele>
        <time>2023-07-13T17:47:56.604Z</time>
      </trkpt>
      <trkpt lat="35.64112398773432" lon="127.60992198251188">
        <ele>975</ele>
        <time>2023-07-13T17:48:15.604Z</time>
      </trkpt>
      <trkpt lat="35.64106296747923" lon="127.60983497835696">
        <ele>976</ele>
        <time>2023-07-13T17:48:35.604Z</time>
      </trkpt>
      <trkpt lat="35.64097495749593" lon="127.60976993478835">
        <ele>977.2000122070312</ele>
        <time>2023-07-13T17:48:54.604Z</time>
      </trkpt>
      <trkpt lat="35.640862975269556" lon="127.60959793813527">
        <ele>982.2000122070312</ele>
        <time>2023-07-13T17:49:14.604Z</time>
      </trkpt>
      <trkpt lat="35.64080899581313" lon="127.60958896949887">
        <ele>984</ele>
        <time>2023-07-13T17:49:33.604Z</time>
      </trkpt>
      <trkpt lat="35.64078996889293" lon="127.6095649972558">
        <ele>985.2000122070312</ele>
        <time>2023-07-13T17:49:53.604Z</time>
      </trkpt>
      <trkpt lat="35.640797931700945" lon="127.609554938972">
        <ele>985.2000122070312</ele>
        <time>2023-07-13T17:50:12.604Z</time>
      </trkpt>
      <trkpt lat="35.640645967796445" lon="127.60950095951557">
        <ele>990.7999877929688</ele>
        <time>2023-07-13T17:50:32.604Z</time>
      </trkpt>
      <trkpt lat="35.640580924227834" lon="127.60945393703878">
        <ele>993.5999755859375</ele>
        <time>2023-07-13T17:50:51.604Z</time>
      </trkpt>
      <trkpt lat="35.640478916466236" lon="127.609443962574">
        <ele>996.4000244140625</ele>
        <time>2023-07-13T17:51:11.604Z</time>
      </trkpt>
      <trkpt lat="35.640410939231515" lon="127.60938696563244">
        <ele>999.2000122070312</ele>
        <time>2023-07-13T17:51:31.604Z</time>
      </trkpt>
      <trkpt lat="35.640362994745374" lon="127.60930297896266">
        <ele>1002</ele>
        <time>2023-07-13T17:51:50.604Z</time>
      </trkpt>
      <trkpt lat="35.64030499197543" lon="127.60926593095064">
        <ele>1003.5999755859375</ele>
        <time>2023-07-13T17:52:10.604Z</time>
      </trkpt>
      <trkpt lat="35.64022796228528" lon="127.60916794650257">
        <ele>1004.4000244140625</ele>
        <time>2023-07-13T17:52:30.604Z</time>
      </trkpt>
      <trkpt lat="35.64017892815173" lon="127.60904992930591">
        <ele>1007.2000122070312</ele>
        <time>2023-07-13T17:52:49.604Z</time>
      </trkpt>
      <trkpt lat="35.640110950917006" lon="127.6089589856565">
        <ele>1008.5999755859375</ele>
        <time>2023-07-13T17:53:09.604Z</time>
      </trkpt>
      <trkpt lat="35.64001196064055" lon="127.60848691686988">
        <ele>1016</ele>
        <time>2023-07-13T17:53:29.604Z</time>
      </trkpt>
      <trkpt lat="35.63992797397077" lon="127.60833092965186">
        <ele>1016.7999877929688</ele>
        <time>2023-07-13T17:53:48.604Z</time>
      </trkpt>
      <trkpt lat="35.63990098424256" lon="127.608333947137">
        <ele>1016.7999877929688</ele>
        <time>2023-07-13T17:54:08.604Z</time>
      </trkpt>
      <trkpt lat="35.63968498259783" lon="127.60806698352098">
        <ele>1018.7999877929688</ele>
        <time>2023-07-13T17:54:28.604Z</time>
      </trkpt>
      <trkpt lat="35.63950192183256" lon="127.60798199102283">
        <ele>1022.2000122070312</ele>
        <time>2023-07-13T17:54:48.604Z</time>
      </trkpt>
      <trkpt lat="35.6394359562546" lon="127.60786497965455">
        <ele>1026.4000244140625</ele>
        <time>2023-07-13T17:55:07.604Z</time>
      </trkpt>
      <trkpt lat="35.63941592350602" lon="127.60785098187625">
        <ele>1026.800048828125</ele>
        <time>2023-07-13T17:55:27.604Z</time>
      </trkpt>
      <trkpt lat="35.63936898484826" lon="127.60785793885589">
        <ele>1026.800048828125</ele>
        <time>2023-07-13T17:55:47.604Z</time>
      </trkpt>
      <trkpt lat="35.63929991796613" lon="127.6077929791063">
        <ele>1029</ele>
        <time>2023-07-13T17:56:07.604Z</time>
      </trkpt>
      <trkpt lat="35.63934098929167" lon="127.6077829208225">
        <ele>1029.199951171875</ele>
        <time>2023-07-13T17:56:27.604Z</time>
      </trkpt>
      <trkpt lat="35.639312993735075" lon="127.60775492526591">
        <ele>1030.199951171875</ele>
        <time>2023-07-13T17:56:46.604Z</time>
      </trkpt>
      <trkpt lat="35.63918994739652" lon="127.60750891640782">
        <ele>1037.4000244140625</ele>
        <time>2023-07-13T17:57:06.604Z</time>
      </trkpt>
      <trkpt lat="35.639162957668304" lon="127.60748494416475">
        <ele>1038</ele>
        <time>2023-07-13T17:57:26.604Z</time>
      </trkpt>
      <trkpt lat="35.63919698819518" lon="127.60747698135674">
        <ele>1037.5999755859375</ele>
        <time>2023-07-13T17:57:46.604Z</time>
      </trkpt>
      <trkpt lat="35.639181984588504" lon="127.60744797997177">
        <ele>1038</ele>
        <time>2023-07-13T17:58:06.604Z</time>
      </trkpt>
      <trkpt lat="35.6391959823668" lon="127.60742995887995">
        <ele>1037.800048828125</ele>
        <time>2023-07-13T17:58:26.604Z</time>
      </trkpt>
      <trkpt lat="35.63909296877682" lon="127.60734999552369">
        <ele>1040</ele>
        <time>2023-07-13T17:58:46.604Z</time>
      </trkpt>
      <trkpt lat="35.63908995129168" lon="127.60732292197645">
        <ele>1040.199951171875</ele>
        <time>2023-07-13T17:59:06.604Z</time>
      </trkpt>
      <trkpt lat="35.639011999592185" lon="127.60724295862019">
        <ele>1042</ele>
        <time>2023-07-13T17:59:25.604Z</time>
      </trkpt>
      <trkpt lat="35.63899699598551" lon="127.6072099339217">
        <ele>1042.800048828125</ele>
        <time>2023-07-13T17:59:45.604Z</time>
      </trkpt>
      <trkpt lat="35.639011999592185" lon="127.60717196390033">
        <ele>1043.199951171875</ele>
        <time>2023-07-13T18:00:05.604Z</time>
      </trkpt>
      <trkpt lat="35.638821981847286" lon="127.60708395391703">
        <ele>1046</ele>
        <time>2023-07-13T18:00:25.604Z</time>
      </trkpt>
      <trkpt lat="35.638776971027255" lon="127.60708194226027">
        <ele>1046</ele>
        <time>2023-07-13T18:00:45.604Z</time>
      </trkpt>
      <trkpt lat="35.638756938278675" lon="127.60703592561185">
        <ele>1046.800048828125</ele>
        <time>2023-07-13T18:01:05.604Z</time>
      </trkpt>
      <trkpt lat="35.638709999620914" lon="127.60702896863222">
        <ele>1047</ele>
        <time>2023-07-13T18:01:25.604Z</time>
      </trkpt>
      <trkpt lat="35.63863892108202" lon="127.60677298530936">
        <ele>1052.199951171875</ele>
        <time>2023-07-13T18:01:45.604Z</time>
      </trkpt>
      <trkpt lat="35.638622995465994" lon="127.60664398781955">
        <ele>1054.800048828125</ele>
        <time>2023-07-13T18:02:05.604Z</time>
      </trkpt>
      <trkpt lat="35.63848695717752" lon="127.60634693317115">
        <ele>1058.5999755859375</ele>
        <time>2023-07-13T18:02:25.604Z</time>
      </trkpt>
      <trkpt lat="35.638473965227604" lon="127.60627099312842">
        <ele>1059.4000244140625</ele>
        <time>2023-07-13T18:02:45.604Z</time>
      </trkpt>
      <trkpt lat="35.63834094442427" lon="127.60608298704028">
        <ele>1060.199951171875</ele>
        <time>2023-07-13T18:03:05.604Z</time>
      </trkpt>
      <trkpt lat="35.638304986059666" lon="127.60600394569337">
        <ele>1060.800048828125</ele>
        <time>2023-07-13T18:03:25.604Z</time>
      </trkpt>
      <trkpt lat="35.638197949156165" lon="127.6059009321034">
        <ele>1060.800048828125</ele>
        <time>2023-07-13T18:03:45.604Z</time>
      </trkpt>
      <trkpt lat="35.63813793472946" lon="127.60578299872577">
        <ele>1063</ele>
        <time>2023-07-13T18:04:05.604Z</time>
      </trkpt>
      <trkpt lat="35.63805495388806" lon="127.60571493767202">
        <ele>1064.4000244140625</ele>
        <time>2023-07-13T18:04:25.604Z</time>
      </trkpt>
      <trkpt lat="35.63805998302996" lon="127.60570295155048">
        <ele>1064.800048828125</ele>
        <time>2023-07-13T18:04:45.604Z</time>
      </trkpt>
      <trkpt lat="35.638027964159846" lon="127.6056659873575">
        <ele>1065.5999755859375</ele>
        <time>2023-07-13T18:05:05.604Z</time>
      </trkpt>
      <trkpt lat="35.6379889883101" lon="127.60554092936218">
        <ele>1069.199951171875</ele>
        <time>2023-07-13T18:05:26.604Z</time>
      </trkpt>
      <trkpt lat="35.63801899552345" lon="127.60551293380558">
        <ele>1070.199951171875</ele>
        <time>2023-07-13T18:05:46.604Z</time>
      </trkpt>
      <trkpt lat="35.63801195472479" lon="127.6054949965328">
        <ele>1070.800048828125</ele>
        <time>2023-07-13T18:06:06.604Z</time>
      </trkpt>
      <trkpt lat="35.63802997581661" lon="127.60547697544098">
        <ele>1071.4000244140625</ele>
        <time>2023-07-13T18:06:26.604Z</time>
      </trkpt>
      <trkpt lat="35.638043973594904" lon="127.60524597018957">
        <ele>1078.199951171875</ele>
        <time>2023-07-13T18:06:46.604Z</time>
      </trkpt>
      <trkpt lat="35.63799594528973" lon="127.60522099211812">
        <ele>1078.4000244140625</ele>
        <time>2023-07-13T18:07:06.604Z</time>
      </trkpt>
      <trkpt lat="35.6379559636116" lon="127.6051649171859">
        <ele>1079.5999755859375</ele>
        <time>2023-07-13T18:07:26.604Z</time>
      </trkpt>
      <trkpt lat="35.6378819514066" lon="127.60498898103833">
        <ele>1083.4000244140625</ele>
        <time>2023-07-13T18:07:47.604Z</time>
      </trkpt>
      <trkpt lat="35.63784699887037" lon="127.60493692941964">
        <ele>1084.199951171875</ele>
        <time>2023-07-13T18:08:07.604Z</time>
      </trkpt>
      <trkpt lat="35.63777793198824" lon="127.60488194413483">
        <ele>1085</ele>
        <time>2023-07-13T18:08:27.604Z</time>
      </trkpt>
      <trkpt lat="35.63766796141863" lon="127.60465093888342">
        <ele>1088.4000244140625</ele>
        <time>2023-07-13T18:08:47.604Z</time>
      </trkpt>
      <trkpt lat="35.63754592090845" lon="127.60449193418026">
        <ele>1089.800048828125</ele>
        <time>2023-07-13T18:09:07.604Z</time>
      </trkpt>
      <trkpt lat="35.63758498057723" lon="127.60442898608744">
        <ele>1089.5999755859375</ele>
        <time>2023-07-13T18:09:28.604Z</time>
      </trkpt>
      <trkpt lat="35.63757995143533" lon="127.60444398969412">
        <ele>1089.800048828125</ele>
        <time>2023-07-13T18:09:48.604Z</time>
      </trkpt>
      <trkpt lat="35.637527983635664" lon="127.60438397526741">
        <ele>1090.199951171875</ele>
        <time>2023-07-13T18:10:08.604Z</time>
      </trkpt>
      <trkpt lat="35.63754298724234" lon="127.60440392419696">
        <ele>1089.800048828125</ele>
        <time>2023-07-13T18:10:28.604Z</time>
      </trkpt>
      <trkpt lat="35.63751893118024" lon="127.60439696721733">
        <ele>1090.5999755859375</ele>
        <time>2023-07-13T18:10:49.604Z</time>
      </trkpt>
      <trkpt lat="35.637491941452026" lon="127.60441398248076">
        <ele>1091.800048828125</ele>
        <time>2023-07-13T18:11:09.604Z</time>
      </trkpt>
      <trkpt lat="35.63755698502064" lon="127.60439998470247">
        <ele>1089.5999755859375</ele>
        <time>2023-07-13T18:11:29.604Z</time>
      </trkpt>
      <trkpt lat="35.63739596866071" lon="127.60446896776557">
        <ele>1094.199951171875</ele>
        <time>2023-07-13T18:11:49.604Z</time>
      </trkpt>
      <trkpt lat="35.637400997802615" lon="127.60448799468577">
        <ele>1093.800048828125</ele>
        <time>2023-07-13T18:12:10.604Z</time>
      </trkpt>
      <trkpt lat="35.63720293343067" lon="127.60448296554387">
        <ele>1100</ele>
        <time>2023-07-13T18:12:30.604Z</time>
      </trkpt>
      <trkpt lat="35.637034960091114" lon="127.60453795082867">
        <ele>1105.4000244140625</ele>
        <time>2023-07-13T18:12:50.604Z</time>
      </trkpt>
      <trkpt lat="35.63698492012918" lon="127.60450693778694">
        <ele>1108</ele>
        <time>2023-07-13T18:13:11.604Z</time>
      </trkpt>
      <trkpt lat="35.63694594427943" lon="127.6045279763639">
        <ele>1107.800048828125</ele>
        <time>2023-07-13T18:13:31.604Z</time>
      </trkpt>
      <trkpt lat="35.63689196482301" lon="127.60451599024236">
        <ele>1108.5999755859375</ele>
        <time>2023-07-13T18:13:51.604Z</time>
      </trkpt>
      <trkpt lat="35.63682993873954" lon="127.60454599745572">
        <ele>1108.199951171875</ele>
        <time>2023-07-13T18:14:12.604Z</time>
      </trkpt>
      <trkpt lat="35.63677495345473" lon="127.60454096831381">
        <ele>1108.800048828125</ele>
        <time>2023-07-13T18:14:32.604Z</time>
      </trkpt>
      <trkpt lat="35.63673094846308" lon="127.60456594638526">
        <ele>1108.4000244140625</ele>
        <time>2023-07-13T18:14:52.604Z</time>
      </trkpt>
      <trkpt lat="35.63663396984339" lon="127.60453694500029">
        <ele>1107.5999755859375</ele>
        <time>2023-07-13T18:15:13.604Z</time>
      </trkpt>
      <trkpt lat="35.63652592711151" lon="127.60446293279529">
        <ele>1106.5999755859375</ele>
        <time>2023-07-13T18:15:33.604Z</time>
      </trkpt>
      <trkpt lat="35.63642199151218" lon="127.60416495613754">
        <ele>1108.4000244140625</ele>
        <time>2023-07-13T18:15:54.604Z</time>
      </trkpt>
      <trkpt lat="35.63642391934991" lon="127.60412991978228">
        <ele>1108.800048828125</ele>
        <time>2023-07-13T18:16:14.604Z</time>
      </trkpt>
      <trkpt lat="35.636350996792316" lon="127.60396697558463">
        <ele>1109.5999755859375</ele>
        <time>2023-07-13T18:16:35.604Z</time>
      </trkpt>
      <trkpt lat="35.63608696684241" lon="127.60380696505308">
        <ele>1104</ele>
        <time>2023-07-13T18:16:55.604Z</time>
      </trkpt>
      <trkpt lat="35.63577499240637" lon="127.6038059592247">
        <ele>1102.4000244140625</ele>
        <time>2023-07-13T18:17:16.604Z</time>
      </trkpt>
      <trkpt lat="35.63543192110956" lon="127.60396898724139">
        <ele>1109</ele>
        <time>2023-07-13T18:17:36.604Z</time>
      </trkpt>
      <trkpt lat="35.63534298911691" lon="127.60392598807812">
        <ele>1111.4000244140625</ele>
        <time>2023-07-13T18:17:57.604Z</time>
      </trkpt>
      <trkpt lat="35.635209968313575" lon="127.60389992035925">
        <ele>1113.5999755859375</ele>
        <time>2023-07-13T18:18:17.604Z</time>
      </trkpt>
      <trkpt lat="35.63515992835164" lon="127.60387192480266">
        <ele>1114.199951171875</ele>
        <time>2023-07-13T18:18:38.604Z</time>
      </trkpt>
      <trkpt lat="35.63502992503345" lon="127.60385599918664">
        <ele>1116</ele>
        <time>2023-07-13T18:18:58.604Z</time>
      </trkpt>
      <trkpt lat="35.634890953078866" lon="127.60387192480266">
        <ele>1114.800048828125</ele>
        <time>2023-07-13T18:19:19.604Z</time>
      </trkpt>
      <trkpt lat="35.634864969179034" lon="127.60383496060967">
        <ele>1114.800048828125</ele>
        <time>2023-07-13T18:19:40.604Z</time>
      </trkpt>
      <trkpt lat="35.634866980835795" lon="127.60377192869782">
        <ele>1115.199951171875</ele>
        <time>2023-07-13T18:20:00.604Z</time>
      </trkpt>
      <trkpt lat="35.6348339561373" lon="127.6037269178778">
        <ele>1115.199951171875</ele>
        <time>2023-07-13T18:20:21.604Z</time>
      </trkpt>
      <trkpt lat="35.63485499471426" lon="127.60358593426645">
        <ele>1115.4000244140625</ele>
        <time>2023-07-13T18:20:42.604Z</time>
      </trkpt>
      <trkpt lat="35.6348389852792" lon="127.60354092344642">
        <ele>1115.199951171875</ele>
        <time>2023-07-13T18:21:02.604Z</time>
      </trkpt>
      <trkpt lat="35.63478793948889" lon="127.6035279314965">
        <ele>1115.199951171875</ele>
        <time>2023-07-13T18:21:23.604Z</time>
      </trkpt>
      <trkpt lat="35.63476899638772" lon="127.60350697673857">
        <ele>1115</ele>
        <time>2023-07-13T18:21:44.604Z</time>
      </trkpt>
      <trkpt lat="35.6347839999944" lon="127.6034449506551">
        <ele>1115</ele>
        <time>2023-07-13T18:22:04.604Z</time>
      </trkpt>
      <trkpt lat="35.63475399278104" lon="127.60332894511521">
        <ele>1114.800048828125</ele>
        <time>2023-07-13T18:22:25.604Z</time>
      </trkpt>
      <trkpt lat="35.6347649730742" lon="127.60320296511054">
        <ele>1113.800048828125</ele>
        <time>2023-07-13T18:22:46.604Z</time>
      </trkpt>
      <trkpt lat="35.63472993671894" lon="127.60309592820704">
        <ele>1113.199951171875</ele>
        <time>2023-07-13T18:23:06.604Z</time>
      </trkpt>
      <trkpt lat="35.63460194505751" lon="127.60294396430254">
        <ele>1114.5999755859375</ele>
        <time>2023-07-13T18:23:27.604Z</time>
      </trkpt>
      <trkpt lat="35.63449499197304" lon="127.60265797376633">
        <ele>1116.4000244140625</ele>
        <time>2023-07-13T18:23:48.604Z</time>
      </trkpt>
      <trkpt lat="35.63445492647588" lon="127.6026039943099">
        <ele>1116.4000244140625</ele>
        <time>2023-07-13T18:24:09.604Z</time>
      </trkpt>
      <trkpt lat="35.63444193452597" lon="127.6025109551847">
        <ele>1116.5999755859375</ele>
        <time>2023-07-13T18:24:29.604Z</time>
      </trkpt>
      <trkpt lat="35.63447495922446" lon="127.60230995714664">
        <ele>1118.5999755859375</ele>
        <time>2023-07-13T18:24:50.604Z</time>
      </trkpt>
      <trkpt lat="35.634435983374715" lon="127.60213896632195">
        <ele>1119.199951171875</ele>
        <time>2023-07-13T18:25:11.604Z</time>
      </trkpt>
      <trkpt lat="35.634390972554684" lon="127.60206595994532">
        <ele>1119.4000244140625</ele>
        <time>2023-07-13T18:25:32.604Z</time>
      </trkpt>
      <trkpt lat="35.63410699367523" lon="127.60175096802413">
        <ele>1116</ele>
        <time>2023-07-13T18:25:53.604Z</time>
      </trkpt>
      <trkpt lat="35.634072963148355" lon="127.60165398940444">
        <ele>1114.5999755859375</ele>
        <time>2023-07-13T18:26:13.604Z</time>
      </trkpt>
      <trkpt lat="35.63399895094335" lon="127.60154695250094">
        <ele>1113</ele>
        <time>2023-07-13T18:26:34.604Z</time>
      </trkpt>
      <trkpt lat="35.63397095538676" lon="127.60151694528759">
        <ele>1112.4000244140625</ele>
        <time>2023-07-13T18:26:55.604Z</time>
      </trkpt>
      <trkpt lat="35.63376199454069" lon="127.60148894973099">
        <ele>1110</ele>
        <time>2023-07-13T18:27:16.604Z</time>
      </trkpt>
      <trkpt lat="35.63372494652867" lon="127.60146891698241">
        <ele>1109.4000244140625</ele>
        <time>2023-07-13T18:27:37.604Z</time>
      </trkpt>
      <trkpt lat="35.63356393016875" lon="127.60146799497306">
        <ele>1109</ele>
        <time>2023-07-13T18:27:58.604Z</time>
      </trkpt>
      <trkpt lat="35.63333795405924" lon="127.60143195278943">
        <ele>1110.5999755859375</ele>
        <time>2023-07-13T18:28:19.604Z</time>
      </trkpt>
      <trkpt lat="35.633124969899654" lon="127.60132499970496">
        <ele>1113.199951171875</ele>
        <time>2023-07-13T18:28:40.604Z</time>
      </trkpt>
      <trkpt lat="35.63300594687462" lon="127.60120899416506">
        <ele>1114.4000244140625</ele>
        <time>2023-07-13T18:29:01.604Z</time>
      </trkpt>
      <trkpt lat="35.633000917732716" lon="127.6011659950018">
        <ele>1114.4000244140625</ele>
        <time>2023-07-13T18:29:22.604Z</time>
      </trkpt>
      <trkpt lat="35.63285197131336" lon="127.6010999456048">
        <ele>1117</ele>
        <time>2023-07-13T18:29:43.604Z</time>
      </trkpt>
      <trkpt lat="35.632761949673295" lon="127.60093498975039">
        <ele>1120.4000244140625</ele>
        <time>2023-07-13T18:30:04.604Z</time>
      </trkpt>
      <trkpt lat="35.63272297382355" lon="127.60092099197209">
        <ele>1120.800048828125</ele>
        <time>2023-07-13T18:30:25.604Z</time>
      </trkpt>
      <trkpt lat="35.63262498937547" lon="127.60079794563353">
        <ele>1123.800048828125</ele>
        <time>2023-07-13T18:30:46.604Z</time>
      </trkpt>
      <trkpt lat="35.63260093331337" lon="127.60073298588395">
        <ele>1125.4000244140625</ele>
        <time>2023-07-13T18:31:07.604Z</time>
      </trkpt>
      <trkpt lat="35.63261794857681" lon="127.60067699477077">
        <ele>1126.4000244140625</ele>
        <time>2023-07-13T18:31:28.604Z</time>
      </trkpt>
      <trkpt lat="35.63259799964726" lon="127.60064899921417">
        <ele>1127.199951171875</ele>
        <time>2023-07-13T18:31:49.604Z</time>
      </trkpt>
      <trkpt lat="35.632501943036914" lon="127.60059191845357">
        <ele>1129</ele>
        <time>2023-07-13T18:32:10.604Z</time>
      </trkpt>
      <trkpt lat="35.632484927773476" lon="127.60053492151201">
        <ele>1129.800048828125</ele>
        <time>2023-07-13T18:32:32.604Z</time>
      </trkpt>
      <trkpt lat="35.63244896940887" lon="127.60051597841084">
        <ele>1130.199951171875</ele>
        <time>2023-07-13T18:32:53.604Z</time>
      </trkpt>
      <trkpt lat="35.63243094831705" lon="127.60044892318547">
        <ele>1130.800048828125</ele>
        <time>2023-07-13T18:33:14.604Z</time>
      </trkpt>
      <trkpt lat="35.6323679164052" lon="127.60038698092103">
        <ele>1131.5999755859375</ele>
        <time>2023-07-13T18:33:35.604Z</time>
      </trkpt>
      <trkpt lat="35.63230295665562" lon="127.60027994401753">
        <ele>1132.4000244140625</ele>
        <time>2023-07-13T18:33:56.604Z</time>
      </trkpt>
      <trkpt lat="35.63208695501089" lon="127.60011197067797">
        <ele>1132.199951171875</ele>
        <time>2023-07-13T18:34:17.604Z</time>
      </trkpt>
      <trkpt lat="35.63195292837918" lon="127.5999619346112">
        <ele>1131</ele>
        <time>2023-07-13T18:34:38.604Z</time>
      </trkpt>
      <trkpt lat="35.63189894892275" lon="127.59993092156947">
        <ele>1131.5999755859375</ele>
        <time>2023-07-13T18:35:00.604Z</time>
      </trkpt>
      <trkpt lat="35.63179895281792" lon="127.59993997402489">
        <ele>1132.4000244140625</ele>
        <time>2023-07-13T18:35:21.604Z</time>
      </trkpt>
      <trkpt lat="35.63169493339956" lon="127.59992195293307">
        <ele>1132.800048828125</ele>
        <time>2023-07-13T18:35:42.604Z</time>
      </trkpt>
      <trkpt lat="35.63167992979288" lon="127.59989999234676">
        <ele>1133.199951171875</ele>
        <time>2023-07-13T18:36:03.604Z</time>
      </trkpt>
      <trkpt lat="35.63163894228637" lon="127.59990493766963">
        <ele>1134.5999755859375</ele>
        <time>2023-07-13T18:36:24.604Z</time>
      </trkpt>
      <trkpt lat="35.631622932851315" lon="127.59987794794142">
        <ele>1135</ele>
        <time>2023-07-13T18:36:46.604Z</time>
      </trkpt>
      <trkpt lat="35.63154196366668" lon="127.59990099817514">
        <ele>1137.199951171875</ele>
        <time>2023-07-13T18:37:07.604Z</time>
      </trkpt>
      <trkpt lat="35.631539952009916" lon="127.59987291879952">
        <ele>1137.5999755859375</ele>
        <time>2023-07-13T18:37:28.604Z</time>
      </trkpt>
      <trkpt lat="35.63115698285401" lon="127.59979697875679">
        <ele>1145.800048828125</ele>
        <time>2023-07-13T18:37:49.604Z</time>
      </trkpt>
      <trkpt lat="35.63100594095886" lon="127.59963797405362">
        <ele>1145.199951171875</ele>
        <time>2023-07-13T18:38:11.604Z</time>
      </trkpt>
      <trkpt lat="35.630977945402265" lon="127.59947092272341">
        <ele>1144.4000244140625</ele>
        <time>2023-07-13T18:38:32.604Z</time>
      </trkpt>
      <trkpt lat="35.630806954577565" lon="127.59907999075949">
        <ele>1141.800048828125</ele>
        <time>2023-07-13T18:38:53.604Z</time>
      </trkpt>
      <trkpt lat="35.63081097789109" lon="127.59891293942928">
        <ele>1141.199951171875</ele>
        <time>2023-07-13T18:39:15.604Z</time>
      </trkpt>
      <trkpt lat="35.630828998982906" lon="127.59882794693112">
        <ele>1140.5999755859375</ele>
        <time>2023-07-13T18:39:36.604Z</time>
      </trkpt>
      <trkpt lat="35.63081399537623" lon="127.59878997690976">
        <ele>1139.800048828125</ele>
        <time>2023-07-13T18:39:58.604Z</time>
      </trkpt>
      <trkpt lat="35.630742916837335" lon="127.59867497719824">
        <ele>1136.4000244140625</ele>
        <time>2023-07-13T18:40:19.604Z</time>
      </trkpt>
      <trkpt lat="35.630591958761215" lon="127.59859593585134">
        <ele>1132.5999755859375</ele>
        <time>2023-07-13T18:40:40.604Z</time>
      </trkpt>
      <trkpt lat="35.63053697347641" lon="127.59847397916019">
        <ele>1131.5999755859375</ele>
        <time>2023-07-13T18:41:02.604Z</time>
      </trkpt>
      <trkpt lat="35.63038098625839" lon="127.59828999638557">
        <ele>1131</ele>
        <time>2023-07-13T18:41:23.604Z</time>
      </trkpt>
      <trkpt lat="35.63030395656824" lon="127.5981209333986">
        <ele>1132.5999755859375</ele>
        <time>2023-07-13T18:41:45.604Z</time>
      </trkpt>
      <trkpt lat="35.63023095019162" lon="127.5980659481138">
        <ele>1134</ele>
        <time>2023-07-13T18:42:06.604Z</time>
      </trkpt>
      <trkpt lat="35.63019691966474" lon="127.59798891842365">
        <ele>1135.199951171875</ele>
        <time>2023-07-13T18:42:28.604Z</time>
      </trkpt>
      <trkpt lat="35.630096923559904" lon="127.5979879964143">
        <ele>1136.4000244140625</ele>
        <time>2023-07-13T18:42:49.604Z</time>
      </trkpt>
      <trkpt lat="35.63008099794388" lon="127.5979829672724">
        <ele>1136.5999755859375</ele>
        <time>2023-07-13T18:43:11.604Z</time>
      </trkpt>
      <trkpt lat="35.63008594326675" lon="127.59797098115087">
        <ele>1136.5999755859375</ele>
        <time>2023-07-13T18:43:32.604Z</time>
      </trkpt>
      <trkpt lat="35.62997597269714" lon="127.5979499425739">
        <ele>1137.199951171875</ele>
        <time>2023-07-13T18:43:54.604Z</time>
      </trkpt>
      <trkpt lat="35.62992098741233" lon="127.59792094118893">
        <ele>1137.4000244140625</ele>
        <time>2023-07-13T18:44:15.604Z</time>
      </trkpt>
      <trkpt lat="35.629902966320515" lon="127.59766495786607">
        <ele>1143</ele>
        <time>2023-07-13T18:44:37.604Z</time>
      </trkpt>
      <trkpt lat="35.62991595827043" lon="127.597566973418">
        <ele>1145.800048828125</ele>
        <time>2023-07-13T18:44:58.604Z</time>
      </trkpt>
      <trkpt lat="35.62989592552185" lon="127.59748793207109">
        <ele>1148.5999755859375</ele>
        <time>2023-07-13T18:45:20.604Z</time>
      </trkpt>
      <trkpt lat="35.629904977977276" lon="127.59742096066475">
        <ele>1151.5999755859375</ele>
        <time>2023-07-13T18:45:42.604Z</time>
      </trkpt>
      <trkpt lat="35.62988896854222" lon="127.59738994762301">
        <ele>1153</ele>
        <time>2023-07-13T18:46:03.604Z</time>
      </trkpt>
      <trkpt lat="35.629902966320515" lon="127.59737293235958">
        <ele>1153.199951171875</ele>
        <time>2023-07-13T18:46:25.604Z</time>
      </trkpt>
      <trkpt lat="35.629881927743554" lon="127.59731492958963">
        <ele>1155.199951171875</ele>
        <time>2023-07-13T18:46:46.604Z</time>
      </trkpt>
      <trkpt lat="35.629902966320515" lon="127.59725692681968">
        <ele>1156.199951171875</ele>
        <time>2023-07-13T18:47:08.604Z</time>
      </trkpt>
      <trkpt lat="35.62989491969347" lon="127.59717696346343">
        <ele>1158.199951171875</ele>
        <time>2023-07-13T18:47:30.604Z</time>
      </trkpt>
      <trkpt lat="35.62981093302369" lon="127.5971179548651">
        <ele>1160.800048828125</ele>
        <time>2023-07-13T18:47:51.604Z</time>
      </trkpt>
      <trkpt lat="35.62978394329548" lon="127.59704494848847">
        <ele>1163</ele>
        <time>2023-07-13T18:48:13.604Z</time>
      </trkpt>
      <trkpt lat="35.629711942747235" lon="127.59695794433355">
        <ele>1165</ele>
        <time>2023-07-13T18:48:34.604Z</time>
      </trkpt>
      <trkpt lat="35.629688976332545" lon="127.59681092575192">
        <ele>1168.800048828125</ele>
        <time>2023-07-13T18:48:56.604Z</time>
      </trkpt>
      <trkpt lat="35.629645977169275" lon="127.59674194268882">
        <ele>1170.4000244140625</ele>
        <time>2023-07-13T18:49:18.604Z</time>
      </trkpt>
      <trkpt lat="35.629620999097824" lon="127.59674093686044">
        <ele>1170.4000244140625</ele>
        <time>2023-07-13T18:49:39.604Z</time>
      </trkpt>
      <trkpt lat="35.629577999934554" lon="127.59670598432422">
        <ele>1171.4000244140625</ele>
        <time>2023-07-13T18:50:01.604Z</time>
      </trkpt>
      <trkpt lat="35.62954497523606" lon="127.59664395824075">
        <ele>1173</ele>
        <time>2023-07-13T18:50:23.604Z</time>
      </trkpt>
      <trkpt lat="35.62951094470918" lon="127.59639996103942">
        <ele>1178.800048828125</ele>
        <time>2023-07-13T18:50:44.604Z</time>
      </trkpt>
      <trkpt lat="35.62940298579633" lon="127.59626392275095">
        <ele>1182.800048828125</ele>
        <time>2023-07-13T18:51:06.604Z</time>
      </trkpt>
      <trkpt lat="35.62937398441136" lon="127.59618597105145">
        <ele>1184.800048828125</ele>
        <time>2023-07-13T18:51:28.604Z</time>
      </trkpt>
      <trkpt lat="35.629367949441075" lon="127.59609494358301">
        <ele>1187.5999755859375</ele>
        <time>2023-07-13T18:51:50.604Z</time>
      </trkpt>
      <trkpt lat="35.62932796776295" lon="127.5960319954902">
        <ele>1190.5999755859375</ele>
        <time>2023-07-13T18:52:11.604Z</time>
      </trkpt>
      <trkpt lat="35.62934992834926" lon="127.59594993665814">
        <ele>1192.5999755859375</ele>
        <time>2023-07-13T18:52:33.604Z</time>
      </trkpt>
      <trkpt lat="35.62931296415627" lon="127.59593493305147">
        <ele>1194</ele>
        <time>2023-07-13T18:52:55.604Z</time>
      </trkpt>
      <trkpt lat="35.62931095249951" lon="127.59587097913027">
        <ele>1195.199951171875</ele>
        <time>2023-07-13T18:53:17.604Z</time>
      </trkpt>
      <trkpt lat="35.629280945286155" lon="127.5958639383316">
        <ele>1196.4000244140625</ele>
        <time>2023-07-13T18:53:38.604Z</time>
      </trkpt>
      <trkpt lat="35.62929594889283" lon="127.59586695581675">
        <ele>1195.800048828125</ele>
        <time>2023-07-13T18:54:00.604Z</time>
      </trkpt>
      <trkpt lat="35.629282956942916" lon="127.59584499523044">
        <ele>1197</ele>
        <time>2023-07-13T18:54:22.604Z</time>
      </trkpt>
      <trkpt lat="35.629194946959615" lon="127.59583191946149">
        <ele>1200.199951171875</ele>
        <time>2023-07-13T18:54:44.604Z</time>
      </trkpt>
      <trkpt lat="35.6291869841516" lon="127.5957949552685">
        <ele>1201.5999755859375</ele>
        <time>2023-07-13T18:55:05.604Z</time>
      </trkpt>
      <trkpt lat="35.62921095639467" lon="127.59577098302543">
        <ele>1202.199951171875</ele>
        <time>2023-07-13T18:55:27.604Z</time>
      </trkpt>
      <trkpt lat="35.629196958616376" lon="127.59572898969054">
        <ele>1204.199951171875</ele>
        <time>2023-07-13T18:55:49.604Z</time>
      </trkpt>
      <trkpt lat="35.62915999442339" lon="127.5957259722054">
        <ele>1204.4000244140625</ele>
        <time>2023-07-13T18:56:11.604Z</time>
      </trkpt>
      <trkpt lat="35.62915898859501" lon="127.5957119744271">
        <ele>1205</ele>
        <time>2023-07-13T18:56:32.604Z</time>
      </trkpt>
      <trkpt lat="35.629021944478154" lon="127.59561792947352">
        <ele>1209.199951171875</ele>
        <time>2023-07-13T18:56:54.604Z</time>
      </trkpt>
      <trkpt lat="35.629002917557955" lon="127.59562597610056">
        <ele>1209</ele>
        <time>2023-07-13T18:57:16.604Z</time>
      </trkpt>
      <trkpt lat="35.62896897085011" lon="127.59559898637235">
        <ele>1210.199951171875</ele>
        <time>2023-07-13T18:57:38.604Z</time>
      </trkpt>
      <trkpt lat="35.62897693365812" lon="127.5955909397453">
        <ele>1210.4000244140625</ele>
        <time>2023-07-13T18:58:00.604Z</time>
      </trkpt>
      <trkpt lat="35.62896494753659" lon="127.59559596888721">
        <ele>1210.4000244140625</ele>
        <time>2023-07-13T18:58:22.604Z</time>
      </trkpt>
      <trkpt lat="35.62898699194193" lon="127.59550896473229">
        <ele>1212.5999755859375</ele>
        <time>2023-07-13T18:58:43.604Z</time>
      </trkpt>
      <trkpt lat="35.628978945314884" lon="127.59533395059407">
        <ele>1217.199951171875</ele>
        <time>2023-07-13T18:59:05.604Z</time>
      </trkpt>
      <trkpt lat="35.628997972235084" lon="127.59529195725918">
        <ele>1218.4000244140625</ele>
        <time>2023-07-13T18:59:27.604Z</time>
      </trkpt>
      <trkpt lat="35.62899596057832" lon="127.59521995671093">
        <ele>1218.5999755859375</ele>
        <time>2023-07-13T18:59:49.604Z</time>
      </trkpt>
      <trkpt lat="35.62903099693358" lon="127.59515893645585">
        <ele>1219</ele>
        <time>2023-07-13T19:00:11.604Z</time>
      </trkpt>
      <trkpt lat="35.6291869841516" lon="127.5950729381293">
        <ele>1221.4000244140625</ele>
        <time>2023-07-13T19:00:33.604Z</time>
      </trkpt>
      <trkpt lat="35.62911699526012" lon="127.59509297087789">
        <ele>1220.4000244140625</ele>
        <time>2023-07-13T19:00:55.604Z</time>
      </trkpt>
      <trkpt lat="35.62907692976296" lon="127.59511593729258">
        <ele>1219.5999755859375</ele>
        <time>2023-07-13T19:01:16.604Z</time>
      </trkpt>
      <trkpt lat="35.62907592393458" lon="127.59513094089925">
        <ele>1219.5999755859375</ele>
        <time>2023-07-13T19:01:38.604Z</time>
      </trkpt>
      <trkpt lat="35.62901993282139" lon="127.59512297809124">
        <ele>1219</ele>
        <time>2023-07-13T19:02:00.604Z</time>
      </trkpt>
      <trkpt lat="35.629020938649774" lon="127.59511199779809">
        <ele>1219.199951171875</ele>
        <time>2023-07-13T19:02:22.604Z</time>
      </trkpt>
      <trkpt lat="35.62894399277866" lon="127.59513597004116">
        <ele>1218.5999755859375</ele>
        <time>2023-07-13T19:02:44.604Z</time>
      </trkpt>
      <trkpt lat="35.62887794338167" lon="127.59512691758573">
        <ele>1218.4000244140625</ele>
        <time>2023-07-13T19:03:06.604Z</time>
      </trkpt>
      <trkpt lat="35.62879798002541" lon="127.59507997892797">
        <ele>1217.800048828125</ele>
        <time>2023-07-13T19:03:28.604Z</time>
      </trkpt>
      <trkpt lat="35.628789933398366" lon="127.59509397670627">
        <ele>1217.800048828125</ele>
        <time>2023-07-13T19:03:50.604Z</time>
      </trkpt>
      <trkpt lat="35.628763949498534" lon="127.59508894756436">
        <ele>1217.5999755859375</ele>
        <time>2023-07-13T19:04:12.604Z</time>
      </trkpt>
      <trkpt lat="35.62869396060705" lon="127.59502499364316">
        <ele>1217.199951171875</ele>
        <time>2023-07-13T19:04:34.604Z</time>
      </trkpt>
      <trkpt lat="35.62864794395864" lon="127.59500797837973">
        <ele>1216.199951171875</ele>
        <time>2023-07-13T19:04:56.604Z</time>
      </trkpt>
      <trkpt lat="35.62861894257367" lon="127.59502792730927">
        <ele>1216.4000244140625</ele>
        <time>2023-07-13T19:05:18.604Z</time>
      </trkpt>
      <trkpt lat="35.628526993095875" lon="127.59503094479442">
        <ele>1214.199951171875</ele>
        <time>2023-07-13T19:05:40.604Z</time>
      </trkpt>
      <trkpt lat="35.628271931782365" lon="127.59485894814134">
        <ele>1209.4000244140625</ele>
        <time>2023-07-13T19:06:02.604Z</time>
      </trkpt>
      <trkpt lat="35.62821191735566" lon="127.59487093426287">
        <ele>1208.800048828125</ele>
        <time>2023-07-13T19:06:24.604Z</time>
      </trkpt>
      <trkpt lat="35.62816799618304" lon="127.59485894814134">
        <ele>1207.800048828125</ele>
        <time>2023-07-13T19:06:46.604Z</time>
      </trkpt>
      <trkpt lat="35.62816891819239" lon="127.59479591622949">
        <ele>1208</ele>
        <time>2023-07-13T19:07:08.604Z</time>
      </trkpt>
      <trkpt lat="35.62804696150124" lon="127.59463397786021">
        <ele>1206.800048828125</ele>
        <time>2023-07-13T19:07:30.604Z</time>
      </trkpt>
      <trkpt lat="35.62795895151794" lon="127.59454898536205">
        <ele>1206.5999755859375</ele>
        <time>2023-07-13T19:07:52.604Z</time>
      </trkpt>
      <trkpt lat="35.62787094153464" lon="127.59454797953367">
        <ele>1206</ele>
        <time>2023-07-13T19:08:14.604Z</time>
      </trkpt>
      <trkpt lat="35.62783196568489" lon="127.5944949220866">
        <ele>1206</ele>
        <time>2023-07-13T19:08:36.604Z</time>
      </trkpt>
      <trkpt lat="35.62774496152997" lon="127.59443893097341">
        <ele>1205.199951171875</ele>
        <time>2023-07-13T19:08:58.604Z</time>
      </trkpt>
      <trkpt lat="35.62767396681011" lon="127.59434597566724">
        <ele>1204.4000244140625</ele>
        <time>2023-07-13T19:09:20.604Z</time>
      </trkpt>
      <trkpt lat="35.62754597514868" lon="127.59428193792701">
        <ele>1203.199951171875</ele>
        <time>2023-07-13T19:09:42.604Z</time>
      </trkpt>
      <trkpt lat="35.62735394574702" lon="127.59412192739546">
        <ele>1201</ele>
        <time>2023-07-13T19:10:04.604Z</time>
      </trkpt>
      <trkpt lat="35.62721396796405" lon="127.59404992684722">
        <ele>1200.4000244140625</ele>
        <time>2023-07-13T19:10:26.604Z</time>
      </trkpt>
      <trkpt lat="35.627174992114305" lon="127.59399292990565">
        <ele>1200.800048828125</ele>
        <time>2023-07-13T19:10:49.604Z</time>
      </trkpt>
      <trkpt lat="35.62711891718209" lon="127.59396392852068">
        <ele>1201.4000244140625</ele>
        <time>2023-07-13T19:11:11.604Z</time>
      </trkpt>
      <trkpt lat="35.62703493051231" lon="127.59387197904289">
        <ele>1202.800048828125</ele>
        <time>2023-07-13T19:11:33.604Z</time>
      </trkpt>
      <trkpt lat="35.62699193134904" lon="127.59387499652803">
        <ele>1203.199951171875</ele>
        <time>2023-07-13T19:11:55.604Z</time>
      </trkpt>
      <trkpt lat="35.626936946064234" lon="127.59382596239448">
        <ele>1204</ele>
        <time>2023-07-13T19:12:17.604Z</time>
      </trkpt>
      <trkpt lat="35.62690895050764" lon="127.5937179196626">
        <ele>1205</ele>
        <time>2023-07-13T19:12:39.604Z</time>
      </trkpt>
      <trkpt lat="35.62684994190931" lon="127.59361993521452">
        <ele>1206</ele>
        <time>2023-07-13T19:13:02.604Z</time>
      </trkpt>
      <trkpt lat="35.62666394747794" lon="127.59352496825159">
        <ele>1207.4000244140625</ele>
        <time>2023-07-13T19:13:24.604Z</time>
      </trkpt>
      <trkpt lat="35.62662899494171" lon="127.59347995743155">
        <ele>1207.800048828125</ele>
        <time>2023-07-13T19:13:46.604Z</time>
      </trkpt>
      <trkpt lat="35.62662295997143" lon="127.593385996297">
        <ele>1207.800048828125</ele>
        <time>2023-07-13T19:14:08.604Z</time>
      </trkpt>
      <trkpt lat="35.62664793804288" lon="127.593311984092">
        <ele>1206.5999755859375</ele>
        <time>2023-07-13T19:14:31.604Z</time>
      </trkpt>
      <trkpt lat="35.626614997163415" lon="127.59327292442322">
        <ele>1206</ele>
        <time>2023-07-13T19:14:53.604Z</time>
      </trkpt>
      <trkpt lat="35.626592952758074" lon="127.59319899603724">
        <ele>1205</ele>
        <time>2023-07-13T19:15:15.604Z</time>
      </trkpt>
      <trkpt lat="35.626615919172764" lon="127.59311391972005">
        <ele>1203.800048828125</ele>
        <time>2023-07-13T19:15:37.604Z</time>
      </trkpt>
      <trkpt lat="35.62658993527293" lon="127.59302993305027">
        <ele>1200.5999755859375</ele>
        <time>2023-07-13T19:16:00.604Z</time>
      </trkpt>
      <trkpt lat="35.626593958586454" lon="127.59288299828768">
        <ele>1193.5999755859375</ele>
        <time>2023-07-13T19:16:22.604Z</time>
      </trkpt>
      <trkpt lat="35.626619942486286" lon="127.59281099773943">
        <ele>1190.800048828125</ele>
        <time>2023-07-13T19:16:44.604Z</time>
      </trkpt>
      <trkpt lat="35.62666495330632" lon="127.59278099052608">
        <ele>1189.4000244140625</ele>
        <time>2023-07-13T19:17:07.604Z</time>
      </trkpt>
      <trkpt lat="35.62666797079146" lon="127.59270898997784">
        <ele>1186.199951171875</ele>
        <time>2023-07-13T19:17:29.604Z</time>
      </trkpt>
      <trkpt lat="35.62671692110598" lon="127.59251796640456">
        <ele>1179.800048828125</ele>
        <time>2023-07-13T19:17:51.604Z</time>
      </trkpt>
      <trkpt lat="35.62671692110598" lon="127.59242995642126">
        <ele>1177.199951171875</ele>
        <time>2023-07-13T19:18:14.604Z</time>
      </trkpt>
      <trkpt lat="35.62676293775439" lon="127.59240699000657">
        <ele>1176.5999755859375</ele>
        <time>2023-07-13T19:18:36.604Z</time>
      </trkpt>
      <trkpt lat="35.62676092609763" lon="127.59222795255482">
        <ele>1171.5999755859375</ele>
        <time>2023-07-13T19:18:58.604Z</time>
      </trkpt>
      <trkpt lat="35.626809960231185" lon="127.59216793812811">
        <ele>1170.5999755859375</ele>
        <time>2023-07-13T19:19:21.604Z</time>
      </trkpt>
      <trkpt lat="35.62679294496775" lon="127.59212795644999">
        <ele>1169.800048828125</ele>
        <time>2023-07-13T19:19:43.604Z</time>
      </trkpt>
      <trkpt lat="35.62682194635272" lon="127.59205897338688">
        <ele>1168.199951171875</ele>
        <time>2023-07-13T19:20:06.604Z</time>
      </trkpt>
      <trkpt lat="35.62681297771633" lon="127.59185797534883">
        <ele>1160.199951171875</ele>
        <time>2023-07-13T19:20:28.604Z</time>
      </trkpt>
      <trkpt lat="35.62675095163286" lon="127.59182595647871">
        <ele>1159.5999755859375</ele>
        <time>2023-07-13T19:20:50.604Z</time>
      </trkpt>
      <trkpt lat="35.62675799243152" lon="127.59177591651678">
        <ele>1157.199951171875</ele>
        <time>2023-07-13T19:21:13.604Z</time>
      </trkpt>
      <trkpt lat="35.62681398354471" lon="127.59174599312246">
        <ele>1155.5999755859375</ele>
        <time>2023-07-13T19:21:35.604Z</time>
      </trkpt>
      <trkpt lat="35.626810966059566" lon="127.59160995483398">
        <ele>1149.800048828125</ele>
        <time>2023-07-13T19:21:58.604Z</time>
      </trkpt>
      <trkpt lat="35.62686393968761" lon="127.59150199592113">
        <ele>1145.4000244140625</ele>
        <time>2023-07-13T19:22:20.604Z</time>
      </trkpt>
      <trkpt lat="35.62688497826457" lon="127.59137995541096">
        <ele>1141</ele>
        <time>2023-07-13T19:22:43.604Z</time>
      </trkpt>
      <trkpt lat="35.62686092220247" lon="127.5912899337709">
        <ele>1137.199951171875</ele>
        <time>2023-07-13T19:23:05.604Z</time>
      </trkpt>
      <trkpt lat="35.626851953566074" lon="127.5911569967866">
        <ele>1133.199951171875</ele>
        <time>2023-07-13T19:23:28.604Z</time>
      </trkpt>
      <trkpt lat="35.62688196077943" lon="127.59103897958994">
        <ele>1128.5999755859375</ele>
        <time>2023-07-13T19:23:50.604Z</time>
      </trkpt>
      <trkpt lat="35.62690895050764" lon="127.59099991992116">
        <ele>1127.5999755859375</ele>
        <time>2023-07-13T19:24:12.604Z</time>
      </trkpt>
      <trkpt lat="35.62690895050764" lon="127.59096396155655">
        <ele>1126</ele>
        <time>2023-07-13T19:24:35.604Z</time>
      </trkpt>
      <trkpt lat="35.626940969377756" lon="127.59093998931348">
        <ele>1125.5999755859375</ele>
        <time>2023-07-13T19:24:58.604Z</time>
      </trkpt>
      <trkpt lat="35.62695295549929" lon="127.5909059587866">
        <ele>1124.4000244140625</ele>
        <time>2023-07-13T19:25:20.604Z</time>
      </trkpt>
      <trkpt lat="35.62695094384253" lon="127.59086094796658">
        <ele>1122.4000244140625</ele>
        <time>2023-07-13T19:25:43.604Z</time>
      </trkpt>
      <trkpt lat="35.62690693885088" lon="127.59080998599529">
        <ele>1119.5999755859375</ele>
        <time>2023-07-13T19:26:05.604Z</time>
      </trkpt>
      <trkpt lat="35.62688598409295" lon="127.59073999710381">
        <ele>1116.199951171875</ele>
        <time>2023-07-13T19:26:28.604Z</time>
      </trkpt>
      <trkpt lat="35.62679294496775" lon="127.5906249973923">
        <ele>1109.5999755859375</ele>
        <time>2023-07-13T19:26:50.604Z</time>
      </trkpt>
      <trkpt lat="35.626748939976096" lon="127.59050698019564">
        <ele>1104.4000244140625</ele>
        <time>2023-07-13T19:27:13.604Z</time>
      </trkpt>
      <trkpt lat="35.62673393636942" lon="127.5902999471873">
        <ele>1097.5999755859375</ele>
        <time>2023-07-13T19:27:35.604Z</time>
      </trkpt>
      <trkpt lat="35.62670795246959" lon="127.59027094580233">
        <ele>1096.4000244140625</ele>
        <time>2023-07-13T19:27:58.604Z</time>
      </trkpt>
      <trkpt lat="35.62671993859112" lon="127.59020397439599">
        <ele>1094.800048828125</ele>
        <time>2023-07-13T19:28:20.604Z</time>
      </trkpt>
      <trkpt lat="35.626705940812826" lon="127.59015292860568">
        <ele>1093.199951171875</ele>
        <time>2023-07-13T19:28:43.604Z</time>
      </trkpt>
      <trkpt lat="35.626725973561406" lon="127.59012292139232">
        <ele>1093</ele>
        <time>2023-07-13T19:29:06.604Z</time>
      </trkpt>
      <trkpt lat="35.62672697938979" lon="127.59005594998598">
        <ele>1091.199951171875</ele>
        <time>2023-07-13T19:29:28.604Z</time>
      </trkpt>
      <trkpt lat="35.626747934147716" lon="127.58999593555927">
        <ele>1089.5999755859375</ele>
        <time>2023-07-13T19:29:51.604Z</time>
      </trkpt>
      <trkpt lat="35.626748939976096" lon="127.58987196721137">
        <ele>1085.5999755859375</ele>
        <time>2023-07-13T19:30:13.604Z</time>
      </trkpt>
      <trkpt lat="35.62673192471266" lon="127.58982192724943">
        <ele>1083.800048828125</ele>
        <time>2023-07-13T19:30:36.604Z</time>
      </trkpt>
      <trkpt lat="35.6267729960382" lon="127.58957298472524">
        <ele>1078.199951171875</ele>
        <time>2023-07-13T19:30:59.604Z</time>
      </trkpt>
      <trkpt lat="35.62674994580448" lon="127.5895419716835">
        <ele>1077.199951171875</ele>
        <time>2023-07-13T19:31:21.604Z</time>
      </trkpt>
      <trkpt lat="35.62675698660314" lon="127.58946997113526">
        <ele>1075.199951171875</ele>
        <time>2023-07-13T19:31:44.604Z</time>
      </trkpt>
      <trkpt lat="35.626742988824844" lon="127.58937894366682">
        <ele>1074.800048828125</ele>
        <time>2023-07-13T19:32:07.604Z</time>
      </trkpt>
      <trkpt lat="35.626747934147716" lon="127.58926796726882">
        <ele>1074.4000244140625</ele>
        <time>2023-07-13T19:32:29.604Z</time>
      </trkpt>
      <trkpt lat="35.62677995301783" lon="127.58913293480873">
        <ele>1073.199951171875</ele>
        <time>2023-07-13T19:32:52.604Z</time>
      </trkpt>
      <trkpt lat="35.626744916662574" lon="127.58896797895432">
        <ele>1070.800048828125</ele>
        <time>2023-07-13T19:33:15.604Z</time>
      </trkpt>
      <trkpt lat="35.626742988824844" lon="127.58857897482812">
        <ele>1065</ele>
        <time>2023-07-13T19:33:38.604Z</time>
      </trkpt>
      <trkpt lat="35.62676293775439" lon="127.58854695595801">
        <ele>1065.199951171875</ele>
        <time>2023-07-13T19:34:00.604Z</time>
      </trkpt>
      <trkpt lat="35.62673896551132" lon="127.58836196735501">
        <ele>1064.4000244140625</ele>
        <time>2023-07-13T19:34:23.604Z</time>
      </trkpt>
      <trkpt lat="35.626743994653225" lon="127.58828896097839">
        <ele>1064.199951171875</ele>
        <time>2023-07-13T19:34:46.604Z</time>
      </trkpt>
      <trkpt lat="35.62682496383786" lon="127.58813196793199">
        <ele>1064.199951171875</ele>
        <time>2023-07-13T19:35:09.604Z</time>
      </trkpt>
      <trkpt lat="35.62679495662451" lon="127.58808896876872">
        <ele>1063.800048828125</ele>
        <time>2023-07-13T19:35:31.604Z</time>
      </trkpt>
      <trkpt lat="35.62677492387593" lon="127.58801797404885">
        <ele>1062.800048828125</ele>
        <time>2023-07-13T19:35:54.604Z</time>
      </trkpt>
      <trkpt lat="35.62670795246959" lon="127.58792694658041">
        <ele>1061.4000244140625</ele>
        <time>2023-07-13T19:36:17.604Z</time>
      </trkpt>
      <trkpt lat="35.62667392194271" lon="127.58784798905253">
        <ele>1058.800048828125</ele>
        <time>2023-07-13T19:36:40.604Z</time>
      </trkpt>
      <trkpt lat="35.62667693942785" lon="127.58777791634202">
        <ele>1058.5999755859375</ele>
        <time>2023-07-13T19:37:03.604Z</time>
      </trkpt>
      <trkpt lat="35.62665095552802" lon="127.5877429638058">
        <ele>1057</ele>
        <time>2023-07-13T19:37:26.604Z</time>
      </trkpt>
      <trkpt lat="35.62668398022652" lon="127.5876269582659">
        <ele>1057.199951171875</ele>
        <time>2023-07-13T19:37:48.604Z</time>
      </trkpt>
      <trkpt lat="35.62667794525623" lon="127.5874609965831">
        <ele>1056</ele>
        <time>2023-07-13T19:38:11.604Z</time>
      </trkpt>
      <trkpt lat="35.6266519613564" lon="127.58733593858778">
        <ele>1054.800048828125</ele>
        <time>2023-07-13T19:38:34.604Z</time>
      </trkpt>
      <trkpt lat="35.626682974398136" lon="127.58721197023988">
        <ele>1055.800048828125</ele>
        <time>2023-07-13T19:38:57.604Z</time>
      </trkpt>
      <trkpt lat="35.6267589982599" lon="127.5871229544282">
        <ele>1055.199951171875</ele>
        <time>2023-07-13T19:39:20.604Z</time>
      </trkpt>
      <trkpt lat="35.62684298492968" lon="127.58696394972503">
        <ele>1053.199951171875</ele>
        <time>2023-07-13T19:39:43.604Z</time>
      </trkpt>
      <trkpt lat="35.62683996744454" lon="127.58683696389198">
        <ele>1046.800048828125</ele>
        <time>2023-07-13T19:40:06.604Z</time>
      </trkpt>
      <trkpt lat="35.62684499658644" lon="127.58680695667863">
        <ele>1046.199951171875</ele>
        <time>2023-07-13T19:40:29.604Z</time>
      </trkpt>
      <trkpt lat="35.62686695717275" lon="127.58678994141519">
        <ele>1046.4000244140625</ele>
        <time>2023-07-13T19:40:52.604Z</time>
      </trkpt>
      <trkpt lat="35.626871986314654" lon="127.58670897223055">
        <ele>1045</ele>
        <time>2023-07-13T19:41:15.604Z</time>
      </trkpt>
      <trkpt lat="35.62688799574971" lon="127.58669195696712">
        <ele>1045</ele>
        <time>2023-07-13T19:41:37.604Z</time>
      </trkpt>
      <trkpt lat="35.626875925809145" lon="127.58662791922688">
        <ele>1042</ele>
        <time>2023-07-13T19:42:00.604Z</time>
      </trkpt>
      <trkpt lat="35.62691196799278" lon="127.58660696446896">
        <ele>1042</ele>
        <time>2023-07-13T19:42:23.604Z</time>
      </trkpt>
      <trkpt lat="35.626873997971416" lon="127.58652297779918">
        <ele>1036.4000244140625</ele>
        <time>2023-07-13T19:42:46.604Z</time>
      </trkpt>
      <trkpt lat="35.62692395411432" lon="127.58638995699584">
        <ele>1030</ele>
        <time>2023-07-13T19:43:09.604Z</time>
      </trkpt>
      <trkpt lat="35.626918924972415" lon="127.58603892289102">
        <ele>1020</ele>
        <time>2023-07-13T19:43:32.604Z</time>
      </trkpt>
      <trkpt lat="35.62693392857909" lon="127.58594999089837">
        <ele>1018.5999755859375</ele>
        <time>2023-07-13T19:43:55.604Z</time>
      </trkpt>
      <trkpt lat="35.62699696049094" lon="127.58577497676015">
        <ele>1016</ele>
        <time>2023-07-13T19:44:18.604Z</time>
      </trkpt>
      <trkpt lat="35.62702193856239" lon="127.58558596484363">
        <ele>1010.7999877929688</ele>
        <time>2023-07-13T19:44:41.604Z</time>
      </trkpt>
      <trkpt lat="35.62696594744921" lon="127.58538194932044">
        <ele>1003.5999755859375</ele>
        <time>2023-07-13T19:45:05.604Z</time>
      </trkpt>
      <trkpt lat="35.62695597298443" lon="127.58528597652912">
        <ele>999.7999877929688</ele>
        <time>2023-07-13T19:45:28.604Z</time>
      </trkpt>
      <trkpt lat="35.62697499990463" lon="127.58510492742062">
        <ele>993.7999877929688</ele>
        <time>2023-07-13T19:45:51.604Z</time>
      </trkpt>
      <trkpt lat="35.62694792635739" lon="127.58499294519424">
        <ele>988.5999755859375</ele>
        <time>2023-07-13T19:46:14.604Z</time>
      </trkpt>
      <trkpt lat="35.62697198241949" lon="127.58492295630276">
        <ele>986.4000244140625</ele>
        <time>2023-07-13T19:46:37.604Z</time>
      </trkpt>
      <trkpt lat="35.62701892107725" lon="127.58493393659592">
        <ele>987.5999755859375</ele>
        <time>2023-07-13T19:47:00.604Z</time>
      </trkpt>
      <trkpt lat="35.62705496326089" lon="127.58492295630276">
        <ele>987.4000244140625</ele>
        <time>2023-07-13T19:47:23.604Z</time>
      </trkpt>
      <trkpt lat="35.62705596908927" lon="127.5848049391061">
        <ele>982.4000244140625</ele>
        <time>2023-07-13T19:47:46.604Z</time>
      </trkpt>
      <trkpt lat="35.627068961039186" lon="127.58478096686304">
        <ele>981.2000122070312</ele>
        <time>2023-07-13T19:48:09.604Z</time>
      </trkpt>
      <trkpt lat="35.627043982967734" lon="127.5847139954567">
        <ele>978.2000122070312</ele>
        <time>2023-07-13T19:48:33.604Z</time>
      </trkpt>
      <trkpt lat="35.62705093994737" lon="127.58466596715152">
        <ele>976.4000244140625</ele>
        <time>2023-07-13T19:48:56.604Z</time>
      </trkpt>
      <trkpt lat="35.62710491940379" lon="127.5845839921385">
        <ele>973.5999755859375</ele>
        <time>2023-07-13T19:49:19.604Z</time>
      </trkpt>
      <trkpt lat="35.62708396464586" lon="127.58452699519694">
        <ele>971.2000122070312</ele>
        <time>2023-07-13T19:49:42.604Z</time>
      </trkpt>
      <trkpt lat="35.627089999616146" lon="127.58433697745204">
        <ele>964.4000244140625</ele>
        <time>2023-07-13T19:50:05.604Z</time>
      </trkpt>
      <trkpt lat="35.62713794410229" lon="127.58423798717558">
        <ele>962.2000122070312</ele>
        <time>2023-07-13T19:50:29.604Z</time>
      </trkpt>
      <trkpt lat="35.627177925780416" lon="127.58419297635555">
        <ele>961.5999755859375</ele>
        <time>2023-07-13T19:50:52.604Z</time>
      </trkpt>
      <trkpt lat="35.62716694548726" lon="127.5841629691422">
        <ele>960.5999755859375</ele>
        <time>2023-07-13T19:51:15.604Z</time>
      </trkpt>
      <trkpt lat="35.62718798406422" lon="127.5840749591589">
        <ele>958.7999877929688</ele>
        <time>2023-07-13T19:51:38.604Z</time>
      </trkpt>
      <trkpt lat="35.62718194909394" lon="127.58396993391216">
        <ele>956</ele>
        <time>2023-07-13T19:52:01.604Z</time>
      </trkpt>
      <trkpt lat="35.627215979620814" lon="127.58377195335925">
        <ele>952</ele>
        <time>2023-07-13T19:52:25.604Z</time>
      </trkpt>
      <trkpt lat="35.62724799849093" lon="127.58375292643905">
        <ele>952.4000244140625</ele>
        <time>2023-07-13T19:52:48.604Z</time>
      </trkpt>
      <trkpt lat="35.62729393132031" lon="127.58367095142603">
        <ele>950.2000122070312</ele>
        <time>2023-07-13T19:53:11.604Z</time>
      </trkpt>
      <trkpt lat="35.62729292549193" lon="127.58354396559298">
        <ele>948.4000244140625</ele>
        <time>2023-07-13T19:53:34.604Z</time>
      </trkpt>
      <trkpt lat="35.627324944362044" lon="127.58351395837963">
        <ele>947.7999877929688</ele>
        <time>2023-07-13T19:53:58.604Z</time>
      </trkpt>
      <trkpt lat="35.62731496989727" lon="127.58348294533789">
        <ele>947.4000244140625</ele>
        <time>2023-07-13T19:54:21.604Z</time>
      </trkpt>
      <trkpt lat="35.62753591686487" lon="127.58336995728314">
        <ele>944.2000122070312</ele>
        <time>2023-07-13T19:54:44.604Z</time>
      </trkpt>
      <trkpt lat="35.62764395959675" lon="127.58333299309015">
        <ele>940</ele>
        <time>2023-07-13T19:55:08.604Z</time>
      </trkpt>
      <trkpt lat="35.6277709454298" lon="127.58332394063473">
        <ele>935.7999877929688</ele>
        <time>2023-07-13T19:55:31.604Z</time>
      </trkpt>
      <trkpt lat="35.62785794958472" lon="127.58333693258464">
        <ele>932.5999755859375</ele>
        <time>2023-07-13T19:55:54.604Z</time>
      </trkpt>
      <trkpt lat="35.627882927656174" lon="127.58335998281837">
        <ele>932</ele>
        <time>2023-07-13T19:56:18.604Z</time>
      </trkpt>
      <trkpt lat="35.627928944304585" lon="127.58336199447513">
        <ele>930</ele>
        <time>2023-07-13T19:56:41.604Z</time>
      </trkpt>
      <trkpt lat="35.627989964559674" lon="127.58339493535459">
        <ele>928</ele>
        <time>2023-07-13T19:57:04.604Z</time>
      </trkpt>
      <trkpt lat="35.62810597009957" lon="127.58341195061803">
        <ele>923</ele>
        <time>2023-07-13T19:57:28.604Z</time>
      </trkpt>
      <trkpt lat="35.628183921799064" lon="127.58338395506144">
        <ele>918.2000122070312</ele>
        <time>2023-07-13T19:57:51.604Z</time>
      </trkpt>
      <trkpt lat="35.6282389909029" lon="127.58332092314959">
        <ele>914.2000122070312</ele>
        <time>2023-07-13T19:58:14.604Z</time>
      </trkpt>
      <trkpt lat="35.62827997840941" lon="127.58332192897797">
        <ele>912</ele>
        <time>2023-07-13T19:58:38.604Z</time>
      </trkpt>
      <trkpt lat="35.62832096591592" lon="127.58329393342137">
        <ele>909.4000244140625</ele>
        <time>2023-07-13T19:59:01.604Z</time>
      </trkpt>
      <trkpt lat="35.62836991623044" lon="127.58330399170518">
        <ele>907.2000122070312</ele>
        <time>2023-07-13T19:59:25.604Z</time>
      </trkpt>
      <trkpt lat="35.62845096923411" lon="127.58328194729984">
        <ele>902.7999877929688</ele>
        <time>2023-07-13T19:59:48.604Z</time>
      </trkpt>
      <trkpt lat="35.628574937582016" lon="127.5832839589566">
        <ele>896.5999755859375</ele>
        <time>2023-07-13T20:00:11.604Z</time>
      </trkpt>
      <trkpt lat="35.62860595062375" lon="127.58326794952154">
        <ele>895.2000122070312</ele>
        <time>2023-07-13T20:00:35.604Z</time>
      </trkpt>
      <trkpt lat="35.628720950335264" lon="127.5831679534167">
        <ele>889.7999877929688</ele>
        <time>2023-07-13T20:00:58.604Z</time>
      </trkpt>
      <trkpt lat="35.62875799834728" lon="127.5830939412117">
        <ele>888.4000244140625</ele>
        <time>2023-07-13T20:01:22.604Z</time>
      </trkpt>
      <trkpt lat="35.62883595004678" lon="127.58302596397698">
        <ele>885.4000244140625</ele>
        <time>2023-07-13T20:01:45.604Z</time>
      </trkpt>
      <trkpt lat="35.628874925896525" lon="127.58293493650854">
        <ele>883.7999877929688</ele>
        <time>2023-07-13T20:02:09.604Z</time>
      </trkpt>
      <trkpt lat="35.629040971398354" lon="127.58277593180537">
        <ele>877.5999755859375</ele>
        <time>2023-07-13T20:02:32.604Z</time>
      </trkpt>
      <trkpt lat="35.62914499081671" lon="127.58279797621071">
        <ele>874.7999877929688</ele>
        <time>2023-07-13T20:02:56.604Z</time>
      </trkpt>
      <trkpt lat="35.62921196222305" lon="127.58290995843709">
        <ele>874</ele>
        <time>2023-07-13T20:03:19.604Z</time>
      </trkpt>
      <trkpt lat="35.62926099635661" lon="127.58292697370052">
        <ele>872.7999877929688</ele>
        <time>2023-07-13T20:03:43.604Z</time>
      </trkpt>
      <trkpt lat="35.629259990528226" lon="127.5829419773072">
        <ele>873</ele>
        <time>2023-07-13T20:04:06.604Z</time>
      </trkpt>
      <trkpt lat="35.62933492474258" lon="127.58298899978399">
        <ele>871.5999755859375</ele>
        <time>2023-07-13T20:04:30.604Z</time>
      </trkpt>
      <trkpt lat="35.62935495749116" lon="127.58298397064209">
        <ele>871.2000122070312</ele>
        <time>2023-07-13T20:04:54.604Z</time>
      </trkpt>
      <trkpt lat="35.629388988018036" lon="127.58295798674226">
        <ele>869.7999877929688</ele>
        <time>2023-07-13T20:05:17.604Z</time>
      </trkpt>
      <trkpt lat="35.629391921684146" lon="127.582922950387">
        <ele>869.4000244140625</ele>
        <time>2023-07-13T20:05:41.604Z</time>
      </trkpt>
      <trkpt lat="35.62950499355793" lon="127.58281792514026">
        <ele>864.5999755859375</ele>
        <time>2023-07-13T20:06:04.604Z</time>
      </trkpt>
      <trkpt lat="35.62953097745776" lon="127.58278297260404">
        <ele>862.7999877929688</ele>
        <time>2023-07-13T20:06:28.604Z</time>
      </trkpt>
      <trkpt lat="35.629520919173956" lon="127.58276193402708">
        <ele>862.4000244140625</ele>
        <time>2023-07-13T20:06:51.604Z</time>
      </trkpt>
      <trkpt lat="35.62956995330751" lon="127.58273695595562">
        <ele>860</ele>
        <time>2023-07-13T20:07:15.604Z</time>
      </trkpt>
      <trkpt lat="35.62961395829916" lon="127.58261499926448">
        <ele>855.4000244140625</ele>
        <time>2023-07-13T20:07:39.604Z</time>
      </trkpt>
      <trkpt lat="35.62963591888547" lon="127.58260695263743">
        <ele>855</ele>
        <time>2023-07-13T20:08:02.604Z</time>
      </trkpt>
      <trkpt lat="35.62964195385575" lon="127.5825619418174">
        <ele>854.2000122070312</ele>
        <time>2023-07-13T20:08:26.604Z</time>
      </trkpt>
      <trkpt lat="35.62961395829916" lon="127.58251693099737">
        <ele>854</ele>
        <time>2023-07-13T20:08:49.604Z</time>
      </trkpt>
      <trkpt lat="35.629581939429045" lon="127.58239698596299">
        <ele>852.2000122070312</ele>
        <time>2023-07-13T20:09:13.604Z</time>
      </trkpt>
      <trkpt lat="35.62954497523606" lon="127.58214695379138">
        <ele>850</ele>
        <time>2023-07-13T20:09:37.604Z</time>
      </trkpt>
      <trkpt lat="35.62950197607279" lon="127.58203597739339">
        <ele>847.4000244140625</ele>
        <time>2023-07-13T20:10:00.604Z</time>
      </trkpt>
      <trkpt lat="35.62941991724074" lon="127.5819009449333">
        <ele>845.4000244140625</ele>
        <time>2023-07-13T20:10:24.604Z</time>
      </trkpt>
      <trkpt lat="35.629365937784314" lon="127.58171897381544">
        <ele>843.7999877929688</ele>
        <time>2023-07-13T20:10:48.604Z</time>
      </trkpt>
      <trkpt lat="35.6293339189142" lon="127.5815949216485">
        <ele>841.7999877929688</ele>
        <time>2023-07-13T20:11:11.604Z</time>
      </trkpt>
      <trkpt lat="35.62935093417764" lon="127.58154798299074">
        <ele>841</ele>
        <time>2023-07-13T20:11:35.604Z</time>
      </trkpt>
      <trkpt lat="35.62933492474258" lon="127.58145594969392">
        <ele>840</ele>
        <time>2023-07-13T20:11:59.604Z</time>
      </trkpt>
      <trkpt lat="35.6292649358511" lon="127.58128495886922">
        <ele>836.4000244140625</ele>
        <time>2023-07-13T20:12:23.604Z</time>
      </trkpt>
      <trkpt lat="35.62924993224442" lon="127.58112595416605">
        <ele>833.5999755859375</ele>
        <time>2023-07-13T20:12:46.604Z</time>
      </trkpt>
      <trkpt lat="35.62917994335294" lon="127.5809939391911">
        <ele>830.4000244140625</ele>
        <time>2023-07-13T20:13:10.604Z</time>
      </trkpt>
      <trkpt lat="35.62909997999668" lon="127.58094691671431">
        <ele>829.2000122070312</ele>
        <time>2023-07-13T20:13:34.604Z</time>
      </trkpt>
      <trkpt lat="35.62904994003475" lon="127.5808889977634">
        <ele>828</ele>
        <time>2023-07-13T20:13:58.604Z</time>
      </trkpt>
      <trkpt lat="35.62898598611355" lon="127.58084792643785">
        <ele>827</ele>
        <time>2023-07-13T20:14:21.604Z</time>
      </trkpt>
      <trkpt lat="35.62880292534828" lon="127.58060392923653">
        <ele>825.5999755859375</ele>
        <time>2023-07-13T20:14:45.604Z</time>
      </trkpt>
      <trkpt lat="35.628764955326915" lon="127.5803049467504">
        <ele>823</ele>
        <time>2023-07-13T20:15:09.604Z</time>
      </trkpt>
      <trkpt lat="35.62881097197533" lon="127.58024895563722">
        <ele>821.4000244140625</ele>
        <time>2023-07-13T20:15:33.604Z</time>
      </trkpt>
      <trkpt lat="35.62881298363209" lon="127.58022598922253">
        <ele>821.2000122070312</ele>
        <time>2023-07-13T20:15:57.604Z</time>
      </trkpt>
      <trkpt lat="35.62884693033993" lon="127.58021492511034">
        <ele>820.4000244140625</ele>
        <time>2023-07-13T20:16:21.604Z</time>
      </trkpt>
      <trkpt lat="35.6288399733603" lon="127.58019397035241">
        <ele>820.4000244140625</ele>
        <time>2023-07-13T20:16:44.604Z</time>
      </trkpt>
      <trkpt lat="35.62885698862374" lon="127.5801669806242">
        <ele>819.7999877929688</ele>
        <time>2023-07-13T20:17:08.604Z</time>
      </trkpt>
      <trkpt lat="35.62884592451155" lon="127.58018793538213">
        <ele>820.2000122070312</ele>
        <time>2023-07-13T20:17:32.604Z</time>
      </trkpt>
      <trkpt lat="35.62877694144845" lon="127.58013194426894">
        <ele>821.5999755859375</ele>
        <time>2023-07-13T20:17:56.604Z</time>
      </trkpt>
      <trkpt lat="35.62866294756532" lon="127.5798339676112">
        <ele>818.7999877929688</ele>
        <time>2023-07-13T20:18:20.604Z</time>
      </trkpt>
      <trkpt lat="35.628612991422415" lon="127.57977998815477">
        <ele>819</ele>
        <time>2023-07-13T20:18:44.604Z</time>
      </trkpt>
      <trkpt lat="35.628617936745286" lon="127.5797319598496">
        <ele>817.4000244140625</ele>
        <time>2023-07-13T20:19:08.604Z</time>
      </trkpt>
      <trkpt lat="35.62855599448085" lon="127.57955996319652">
        <ele>812</ele>
        <time>2023-07-13T20:19:32.604Z</time>
      </trkpt>
      <trkpt lat="35.6285119894892" lon="127.57950992323458">
        <ele>811</ele>
        <time>2023-07-13T20:19:56.604Z</time>
      </trkpt>
      <trkpt lat="35.62839497812092" lon="127.57922192104161">
        <ele>801.7999877929688</ele>
        <time>2023-07-13T20:20:20.604Z</time>
      </trkpt>
      <trkpt lat="35.62835097312927" lon="127.57918495684862">
        <ele>801.4000244140625</ele>
        <time>2023-07-13T20:20:44.604Z</time>
      </trkpt>
      <trkpt lat="35.628292970359325" lon="127.57909895852208">
        <ele>801</ele>
        <time>2023-07-13T20:21:08.604Z</time>
      </trkpt>
      <trkpt lat="35.62829498201609" lon="127.57906895130873">
        <ele>800.5999755859375</ele>
        <time>2023-07-13T20:21:32.604Z</time>
      </trkpt>
      <trkpt lat="35.62826497480273" lon="127.57903198711574">
        <ele>800.5999755859375</ele>
        <time>2023-07-13T20:21:56.604Z</time>
      </trkpt>
      <trkpt lat="35.628272937610745" lon="127.57901991717517">
        <ele>800.4000244140625</ele>
        <time>2023-07-13T20:22:20.604Z</time>
      </trkpt>
      <trkpt lat="35.628182999789715" lon="127.57888597436249">
        <ele>799.7999877929688</ele>
        <time>2023-07-13T20:22:44.604Z</time>
      </trkpt>
      <trkpt lat="35.62814997509122" lon="127.57881196215749">
        <ele>798</ele>
        <time>2023-07-13T20:23:08.604Z</time>
      </trkpt>
      <trkpt lat="35.62815299257636" lon="127.57875295355916">
        <ele>796.5999755859375</ele>
        <time>2023-07-13T20:23:32.604Z</time>
      </trkpt>
      <trkpt lat="35.62806196510792" lon="127.57856695912778">
        <ele>792.7999877929688</ele>
        <time>2023-07-13T20:23:56.604Z</time>
      </trkpt>
      <trkpt lat="35.62797898426652" lon="127.5784969702363">
        <ele>791.2000122070312</ele>
        <time>2023-07-13T20:24:20.604Z</time>
      </trkpt>
      <trkpt lat="35.62802399508655" lon="127.57848096080124">
        <ele>791</ele>
        <time>2023-07-13T20:24:44.604Z</time>
      </trkpt>
      <trkpt lat="35.62798292376101" lon="127.5784639455378">
        <ele>790.5999755859375</ele>
        <time>2023-07-13T20:25:08.604Z</time>
      </trkpt>
      <trkpt lat="35.627965992316604" lon="127.57839596830308">
        <ele>789.2000122070312</ele>
        <time>2023-07-13T20:25:32.604Z</time>
      </trkpt>
      <trkpt lat="35.62793598510325" lon="127.57816596888006">
        <ele>785.7999877929688</ele>
        <time>2023-07-13T20:25:56.604Z</time>
      </trkpt>
      <trkpt lat="35.62795995734632" lon="127.57809195667505">
        <ele>785.2000122070312</ele>
        <time>2023-07-13T20:26:20.604Z</time>
      </trkpt>
      <trkpt lat="35.62793799676001" lon="127.57807192392647">
        <ele>785</ele>
        <time>2023-07-13T20:26:45.604Z</time>
      </trkpt>
      <trkpt lat="35.62793397344649" lon="127.57796396501362">
        <ele>786</ele>
        <time>2023-07-13T20:27:09.604Z</time>
      </trkpt>
      <trkpt lat="35.627903966233134" lon="127.57783195003867">
        <ele>787</ele>
        <time>2023-07-13T20:27:33.604Z</time>
      </trkpt>
      <trkpt lat="35.62790798954666" lon="127.57776095531881">
        <ele>787.4000244140625</ele>
        <time>2023-07-13T20:27:57.604Z</time>
      </trkpt>
      <trkpt lat="35.62785593792796" lon="127.57752098143101">
        <ele>786.4000244140625</ele>
        <time>2023-07-13T20:28:21.604Z</time>
      </trkpt>
      <trkpt lat="35.62784696929157" lon="127.5773259345442">
        <ele>780.2000122070312</ele>
        <time>2023-07-13T20:28:45.604Z</time>
      </trkpt>
      <trkpt lat="35.627905977889895" lon="127.5770999584347">
        <ele>775.7999877929688</ele>
        <time>2023-07-13T20:29:10.604Z</time>
      </trkpt>
      <trkpt lat="35.62791293486953" lon="127.57678094319999">
        <ele>776.2000122070312</ele>
        <time>2023-07-13T20:29:34.604Z</time>
      </trkpt>
      <trkpt lat="35.6278229970485" lon="127.5764059368521">
        <ele>774.7999877929688</ele>
        <time>2023-07-13T20:29:58.604Z</time>
      </trkpt>
      <trkpt lat="35.62774697318673" lon="127.57631298154593">
        <ele>775.2000122070312</ele>
        <time>2023-07-13T20:30:22.604Z</time>
      </trkpt>
      <trkpt lat="35.62773599289358" lon="127.57627199403942">
        <ele>775.2000122070312</ele>
        <time>2023-07-13T20:30:47.604Z</time>
      </trkpt>
      <trkpt lat="35.627750996500254" lon="127.57622899487615">
        <ele>774.5999755859375</ele>
        <time>2023-07-13T20:31:11.604Z</time>
      </trkpt>
      <trkpt lat="35.62785694375634" lon="127.57614199072123">
        <ele>772.7999877929688</ele>
        <time>2023-07-13T20:31:35.604Z</time>
      </trkpt>
      <trkpt lat="35.62792098149657" lon="127.57605196908116">
        <ele>773.4000244140625</ele>
        <time>2023-07-13T20:32:00.604Z</time>
      </trkpt>
      <trkpt lat="35.62793891876936" lon="127.57598893716931">
        <ele>774</ele>
        <time>2023-07-13T20:32:24.604Z</time>
      </trkpt>
      <trkpt lat="35.62803992070258" lon="127.57588298991323">
        <ele>771.4000244140625</ele>
        <time>2023-07-13T20:32:48.604Z</time>
      </trkpt>
      <trkpt lat="35.62813094817102" lon="127.57570093497634">
        <ele>768.4000244140625</ele>
        <time>2023-07-13T20:33:13.604Z</time>
      </trkpt>
      <trkpt lat="35.62823597341776" lon="127.57535392418504">
        <ele>761.2000122070312</ele>
        <time>2023-07-13T20:33:37.604Z</time>
      </trkpt>
      <trkpt lat="35.62830596230924" lon="127.5752179697156">
        <ele>757.7999877929688</ele>
        <time>2023-07-13T20:34:01.604Z</time>
      </trkpt>
      <trkpt lat="35.62840797007084" lon="127.57482293061912">
        <ele>751.4000244140625</ele>
        <time>2023-07-13T20:34:26.604Z</time>
      </trkpt>
      <trkpt lat="35.62860494479537" lon="127.57445395924151">
        <ele>745.4000244140625</ele>
        <time>2023-07-13T20:34:50.604Z</time>
      </trkpt>
      <trkpt lat="35.62875296920538" lon="127.57412999868393">
        <ele>743.4000244140625</ele>
        <time>2023-07-13T20:35:15.604Z</time>
      </trkpt>
      <trkpt lat="35.62879798002541" lon="127.57398499175906">
        <ele>742.7999877929688</ele>
        <time>2023-07-13T20:35:39.604Z</time>
      </trkpt>
      <trkpt lat="35.62879496254027" lon="127.57386898621917">
        <ele>742.4000244140625</ele>
        <time>2023-07-13T20:36:04.604Z</time>
      </trkpt>
      <trkpt lat="35.62888599000871" lon="127.57372892461717">
        <ele>740.7999877929688</ele>
        <time>2023-07-13T20:36:29.604Z</time>
      </trkpt>
      <trkpt lat="35.629040971398354" lon="127.57354393601418">
        <ele>739.4000244140625</ele>
        <time>2023-07-13T20:36:53.604Z</time>
      </trkpt>
      <trkpt lat="35.62913996167481" lon="127.57348098792136">
        <ele>739</ele>
        <time>2023-07-13T20:37:18.604Z</time>
      </trkpt>
      <trkpt lat="35.629341965541244" lon="127.57341192103922">
        <ele>741.2000122070312</ele>
        <time>2023-07-13T20:37:42.604Z</time>
      </trkpt>
      <trkpt lat="35.62950893305242" lon="127.57331997156143">
        <ele>741.7999877929688</ele>
        <time>2023-07-13T20:38:07.604Z</time>
      </trkpt>
      <trkpt lat="35.62999692745507" lon="127.57296994328499">
        <ele>736.5999755859375</ele>
        <time>2023-07-13T20:38:32.604Z</time>
      </trkpt>
      <trkpt lat="35.63031694851816" lon="127.57265293970704">
        <ele>737</ele>
        <time>2023-07-13T20:38:57.604Z</time>
      </trkpt>
      <trkpt lat="35.63042691908777" lon="127.57260692305863">
        <ele>738.4000244140625</ele>
        <time>2023-07-13T20:39:21.604Z</time>
      </trkpt>
      <trkpt lat="35.63053697347641" lon="127.57251899689436">
        <ele>737.7999877929688</ele>
        <time>2023-07-13T20:39:46.604Z</time>
      </trkpt>
      <trkpt lat="35.630570920184255" lon="127.57251899689436">
        <ele>738</ele>
        <time>2023-07-13T20:40:11.604Z</time>
      </trkpt>
      <trkpt lat="35.63059992156923" lon="127.57248798385262">
        <ele>738.4000244140625</ele>
        <time>2023-07-13T20:40:36.604Z</time>
      </trkpt>
      <trkpt lat="35.63068399205804" lon="127.57249192334712">
        <ele>738.5999755859375</ele>
        <time>2023-07-13T20:41:01.604Z</time>
      </trkpt>
      <trkpt lat="35.6307549867779" lon="127.57243593223393">
        <ele>739.4000244140625</ele>
        <time>2023-07-13T20:41:25.604Z</time>
      </trkpt>
      <trkpt lat="35.63084593042731" lon="127.57241095416248">
        <ele>739.4000244140625</ele>
        <time>2023-07-13T20:41:50.604Z</time>
      </trkpt>
      <trkpt lat="35.630937963724136" lon="127.57235395722091">
        <ele>738.4000244140625</ele>
        <time>2023-07-13T20:42:15.604Z</time>
      </trkpt>
      <trkpt lat="35.631065955385566" lon="127.5723269674927">
        <ele>735.4000244140625</ele>
        <time>2023-07-13T20:42:40.604Z</time>
      </trkpt>
      <trkpt lat="35.63122898340225" lon="127.57223493419588">
        <ele>733.2000122070312</ele>
        <time>2023-07-13T20:43:05.604Z</time>
      </trkpt>
      <trkpt lat="35.6314439792186" lon="127.57225194945931">
        <ele>733.5999755859375</ele>
        <time>2023-07-13T20:43:30.604Z</time>
      </trkpt>
      <trkpt lat="35.63152092508972" lon="127.57223694585264">
        <ele>734.4000244140625</ele>
        <time>2023-07-13T20:43:55.604Z</time>
      </trkpt>
      <trkpt lat="35.63163299113512" lon="127.57213393226266">
        <ele>735.7999877929688</ele>
        <time>2023-07-13T20:44:20.604Z</time>
      </trkpt>
      <trkpt lat="35.6318049877882" lon="127.57185699418187">
        <ele>732.7999877929688</ele>
        <time>2023-07-13T20:44:44.604Z</time>
      </trkpt>
      <trkpt lat="35.63187095336616" lon="127.57179195061326">
        <ele>732.4000244140625</ele>
        <time>2023-07-13T20:45:09.604Z</time>
      </trkpt>
      <trkpt lat="35.63191093504429" lon="127.57177392952144">
        <ele>731.5999755859375</ele>
        <time>2023-07-13T20:45:34.604Z</time>
      </trkpt>
      <trkpt lat="35.63193297944963" lon="127.57178197614849">
        <ele>731.4000244140625</ele>
        <time>2023-07-13T20:45:59.604Z</time>
      </trkpt>
      <trkpt lat="35.632007997483015" lon="127.57171995006502">
        <ele>730.2000122070312</ele>
        <time>2023-07-13T20:46:24.604Z</time>
      </trkpt>
      <trkpt lat="35.632073963060975" lon="127.57161995396018">
        <ele>729.4000244140625</ele>
        <time>2023-07-13T20:46:49.604Z</time>
      </trkpt>
      <trkpt lat="35.63213397748768" lon="127.57160092703998">
        <ele>728.7999877929688</ele>
        <time>2023-07-13T20:47:14.604Z</time>
      </trkpt>
      <trkpt lat="35.632373951375484" lon="127.57139598950744">
        <ele>728.2000122070312</ele>
        <time>2023-07-13T20:47:39.604Z</time>
      </trkpt>
      <trkpt lat="35.63287694938481" lon="127.57127394899726">
        <ele>727</ele>
        <time>2023-07-13T20:48:05.604Z</time>
      </trkpt>
      <trkpt lat="35.63296596519649" lon="127.57122994400561">
        <ele>726.7999877929688</ele>
        <time>2023-07-13T20:48:30.604Z</time>
      </trkpt>
      <trkpt lat="35.63311499543488" lon="127.57108996622264">
        <ele>724.2000122070312</ele>
        <time>2023-07-13T20:48:55.604Z</time>
      </trkpt>
      <trkpt lat="35.63330392353237" lon="127.57096096873283">
        <ele>722</ele>
        <time>2023-07-13T20:49:20.604Z</time>
      </trkpt>
      <trkpt lat="35.633385982364416" lon="127.57094495929778">
        <ele>720.2000122070312</ele>
        <time>2023-07-13T20:49:45.604Z</time>
      </trkpt>
      <trkpt lat="35.63347994349897" lon="127.57089097984135">
        <ele>719.4000244140625</ele>
        <time>2023-07-13T20:50:10.604Z</time>
      </trkpt>
      <trkpt lat="35.633597960695624" lon="127.57085493765771">
        <ele>718.2000122070312</ele>
        <time>2023-07-13T20:50:36.604Z</time>
      </trkpt>
      <trkpt lat="35.63376593403518" lon="127.57071596570313">
        <ele>718</ele>
        <time>2023-07-13T20:51:01.604Z</time>
      </trkpt>
      <trkpt lat="35.633876994252205" lon="127.57067196071148">
        <ele>716.7999877929688</ele>
        <time>2023-07-13T20:51:26.604Z</time>
      </trkpt>
      <trkpt lat="35.6339929997921" lon="127.57058495655656">
        <ele>714.7999877929688</ele>
        <time>2023-07-13T20:51:51.604Z</time>
      </trkpt>
      <trkpt lat="35.63408696092665" lon="127.57049895823002">
        <ele>713.7999877929688</ele>
        <time>2023-07-13T20:52:17.604Z</time>
      </trkpt>
      <trkpt lat="35.63415493816137" lon="127.57038999348879">
        <ele>712.4000244140625</ele>
        <time>2023-07-13T20:52:42.604Z</time>
      </trkpt>
      <trkpt lat="35.63423498533666" lon="127.57032696157694">
        <ele>712</ele>
        <time>2023-07-13T20:53:07.604Z</time>
      </trkpt>
      <trkpt lat="35.63438192009926" lon="127.57026795297861">
        <ele>712.5999755859375</ele>
        <time>2023-07-13T20:53:32.604Z</time>
      </trkpt>
      <trkpt lat="35.634519970044494" lon="127.57013292051852">
        <ele>713.5999755859375</ele>
        <time>2023-07-13T20:53:58.604Z</time>
      </trkpt>
      <trkpt lat="35.63469699583948" lon="127.5698849838227">
        <ele>714</ele>
        <time>2023-07-13T20:54:23.604Z</time>
      </trkpt>
      <trkpt lat="35.634823981672525" lon="127.56976998411119">
        <ele>711.5999755859375</ele>
        <time>2023-07-13T20:54:45.666Z</time>
      </trkpt>
      <trkpt lat="35.634823981672525" lon="127.56976998411119">
        <ele>710.8264578898547</ele>
        <time>2023-07-13T20:54:45.666Z</time>
      </trkpt>
      <trkpt lat="35.63522161543854" lon="127.56954591729419">
        <ele>711.6868675686043</ele>
        <time>2023-07-13T20:55:46.862Z</time>
      </trkpt>
      <trkpt lat="35.63549634879552" lon="127.56910792821157">
        <ele>705.7940984794793</ele>
        <time>2023-07-13T20:56:49.780Z</time>
      </trkpt>
      <trkpt lat="35.63555384412892" lon="127.56901626723305">
        <ele>706.3064835135211</ele>
        <time>2023-07-13T20:57:02.947Z</time>
      </trkpt>
      <trkpt lat="35.63555384412892" lon="127.56901626723305">
        <ele>706.3064835135211</ele>
        <time>2023-07-13T20:57:02.947Z</time>
      </trkpt>
      <trkpt lat="35.63555384412892" lon="127.56901626723305">
        <ele>706.3064835135211</ele>
        <time>2023-07-13T20:57:02.947Z</time>
      </trkpt>
      <trkpt lat="35.63595291244273" lon="127.5687814274113">
        <ele>703.9862114359814</ele>
        <time>2023-07-13T20:58:12.964Z</time>
      </trkpt>
      <trkpt lat="35.63595291244273" lon="127.5687814274113">
        <ele>703.9862114359814</ele>
        <time>2023-07-13T20:58:12.964Z</time>
      </trkpt>
      <trkpt lat="35.63622924395206" lon="127.56834495887742">
        <ele>704.1558332564038</ele>
        <time>2023-07-13T20:59:24.136Z</time>
      </trkpt>
      <trkpt lat="35.63633693659223" lon="127.56817485721626">
        <ele>703.4638994335997</ele>
        <time>2023-07-13T20:59:50.961Z</time>
      </trkpt>
      <trkpt lat="35.63633693659223" lon="127.56817485721626">
        <ele>703.4638994335997</ele>
        <time>2023-07-13T20:59:50.961Z</time>
      </trkpt>
      <trkpt lat="35.636438618117296" lon="127.56871379676947">
        <ele>699.0980998338782</ele>
        <time>2023-07-13T21:00:59.794Z</time>
      </trkpt>
      <trkpt lat="35.63647625652487" lon="127.56891329049807">
        <ele>698.3406369687873</ele>
        <time>2023-07-13T21:01:25.273Z</time>
      </trkpt>
      <trkpt lat="35.63645863633591" lon="127.56946613677053">
        <ele>701.6453050074616</ele>
        <time>2023-07-13T21:02:34.106Z</time>
      </trkpt>
      <trkpt lat="35.63645125040111" lon="127.56969787585876">
        <ele>708.2457359109928</ele>
        <time>2023-07-13T21:03:02.959Z</time>
      </trkpt>
      <trkpt lat="35.63645125040111" lon="127.56969787585876">
        <ele>708.2457359109928</ele>
        <time>2023-07-13T21:03:02.959Z</time>
      </trkpt>
      <trkpt lat="35.63645125040111" lon="127.56969787585876">
        <ele>708.2457359109928</ele>
        <time>2023-07-13T21:03:02.959Z</time>
      </trkpt>
      <trkpt lat="35.636676305234616" lon="127.56981435491815">
        <ele>706.4061346117712</ele>
        <time>2023-07-13T21:03:37.037Z</time>
      </trkpt>
      <trkpt lat="35.636676305234616" lon="127.56981435491815">
        <ele>706.4061346117712</ele>
        <time>2023-07-13T21:03:37.037Z</time>
      </trkpt>
      <trkpt lat="35.63711336863329" lon="127.56994439619027">
        <ele>704.8585025868214</ele>
        <time>2023-07-13T21:04:39.799Z</time>
      </trkpt>
      <trkpt lat="35.63755043203195" lon="127.5700744374624">
        <ele>705.8893003636159</ele>
        <time>2023-07-13T21:05:42.561Z</time>
      </trkpt>
      <trkpt lat="35.6375803950761" lon="127.57008335249026">
        <ele>705.9353369941692</ele>
        <time>2023-07-13T21:05:46.865Z</time>
      </trkpt>
      <trkpt lat="35.6375803950761" lon="127.57008335249026">
        <ele>705.9353369941692</ele>
        <time>2023-07-13T21:05:46.865Z</time>
      </trkpt>
      <trkpt lat="35.63786545012627" lon="127.5702474097809">
        <ele>705.716950352844</ele>
        <time>2023-07-13T21:06:30.802Z</time>
      </trkpt>
      <trkpt lat="35.638086137209186" lon="127.57039449562575">
        <ele>705.3410637868268</ele>
        <time>2023-07-13T21:07:05.844Z</time>
      </trkpt>
      <trkpt lat="35.638086137209186" lon="127.57039449562575">
        <ele>705.3410637868268</ele>
        <time>2023-07-13T21:07:05.844Z</time>
      </trkpt>
      <trkpt lat="35.638086137209186" lon="127.57039449562575">
        <ele>705.3410637868268</ele>
        <time>2023-07-13T21:07:05.844Z</time>
      </trkpt>
      <trkpt lat="35.63847693575623" lon="127.57051895287913">
        <ele>708.4772368104403</ele>
        <time>2023-07-13T21:08:02.249Z</time>
      </trkpt>
      <trkpt lat="35.63886873683471" lon="127.57079045221332">
        <ele>709.9469580858237</ele>
        <time>2023-07-13T21:09:05.079Z</time>
      </trkpt>
      <trkpt lat="35.63894595019519" lon="127.57084395736456">
        <ele>709.4151024526996</ele>
        <time>2023-07-13T21:09:17.461Z</time>
      </trkpt>
      <trkpt lat="35.63894595019519" lon="127.57084395736456">
        <ele>715.5999755859375</ele>
        <time>2023-07-13T21:09:17.461Z</time>
      </trkpt>
      <trkpt lat="35.639122975990176" lon="127.57086792960763">
        <ele>717.7999877929688</ele>
        <time>2023-07-13T21:10:54.526Z</time>
      </trkpt>
      <trkpt lat="35.63924694433808" lon="127.57085694931448">
        <ele>718.7999877929688</ele>
        <time>2023-07-13T21:11:20.526Z</time>
      </trkpt>
      <trkpt lat="35.63970593735576" lon="127.5707449670881">
        <ele>719</ele>
        <time>2023-07-13T21:11:46.526Z</time>
      </trkpt>
      <trkpt lat="35.64011698588729" lon="127.57077497430146">
        <ele>722.4000244140625</ele>
        <time>2023-07-13T21:12:12.526Z</time>
      </trkpt>
      <trkpt lat="35.64037799835205" lon="127.57072996348143">
        <ele>719.7999877929688</ele>
        <time>2023-07-13T21:12:38.526Z</time>
      </trkpt>
      <trkpt lat="35.64047992229462" lon="127.57073692046106">
        <ele>720.4000244140625</ele>
        <time>2023-07-13T21:13:05.526Z</time>
      </trkpt>
      <trkpt lat="35.640580924227834" lon="127.57077396847308">
        <ele>720.5999755859375</ele>
        <time>2023-07-13T21:13:31.526Z</time>
      </trkpt>
      <trkpt lat="35.64061897806823" lon="127.57077095098794">
        <ele>720.2000122070312</ele>
        <time>2023-07-13T21:13:57.526Z</time>
      </trkpt>
      <trkpt lat="35.640990966930985" lon="127.5706619862467">
        <ele>717.2000122070312</ele>
        <time>2023-07-13T21:14:23.526Z</time>
      </trkpt>
      <trkpt lat="35.641265977174044" lon="127.57055394351482">
        <ele>721.2000122070312</ele>
        <time>2023-07-13T21:14:49.526Z</time>
      </trkpt>
      <trkpt lat="35.64140796661377" lon="127.57052091881633">
        <ele>724</ele>
        <time>2023-07-13T21:15:15.526Z</time>
      </trkpt>
      <trkpt lat="35.641505951061845" lon="127.570535922423">
        <ele>724.2000122070312</ele>
        <time>2023-07-13T21:15:42.526Z</time>
      </trkpt>
      <trkpt lat="35.64179596491158" lon="127.57077991962433">
        <ele>722.5999755859375</ele>
        <time>2023-07-13T21:16:08.526Z</time>
      </trkpt>
      <trkpt lat="35.64201297238469" lon="127.5709209870547">
        <ele>722.5999755859375</ele>
        <time>2023-07-13T21:16:34.526Z</time>
      </trkpt>
      <trkpt lat="35.642189998179674" lon="127.57111796177924">
        <ele>724.5999755859375</ele>
        <time>2023-07-13T21:17:01.526Z</time>
      </trkpt>
      <trkpt lat="35.6423319876194" lon="127.57121091708541">
        <ele>726.4000244140625</ele>
        <time>2023-07-13T21:17:27.526Z</time>
      </trkpt>
      <trkpt lat="35.64250993542373" lon="127.57123195566237">
        <ele>729.4000244140625</ele>
        <time>2023-07-13T21:17:53.526Z</time>
      </trkpt>
      <trkpt lat="35.64261596649885" lon="127.57121091708541">
        <ele>730.2000122070312</ele>
        <time>2023-07-13T21:18:20.526Z</time>
      </trkpt>
      <trkpt lat="35.642774971202016" lon="127.5712079834193">
        <ele>732.5999755859375</ele>
        <time>2023-07-13T21:18:46.526Z</time>
      </trkpt>
      <trkpt lat="35.64296096563339" lon="127.57125098258257">
        <ele>734.4000244140625</ele>
        <time>2023-07-13T21:19:12.526Z</time>
      </trkpt>
      <trkpt lat="35.643012933433056" lon="127.57135592401028">
        <ele>733.5999755859375</ele>
        <time>2023-07-13T21:19:39.526Z</time>
      </trkpt>
      <trkpt lat="35.64303992316127" lon="127.57152599282563">
        <ele>733.4000244140625</ele>
        <time>2023-07-13T21:20:05.526Z</time>
      </trkpt>
      <trkpt lat="35.64308099448681" lon="127.57159899920225">
        <ele>733.7999877929688</ele>
        <time>2023-07-13T21:20:32.526Z</time>
      </trkpt>
      <trkpt lat="35.64316598698497" lon="127.57164694368839">
        <ele>735.2000122070312</ele>
        <time>2023-07-13T21:20:58.526Z</time>
      </trkpt>
      <trkpt lat="35.64326296560466" lon="127.57174693979323">
        <ele>736.7999877929688</ele>
        <time>2023-07-13T21:21:25.526Z</time>
      </trkpt>
      <trkpt lat="35.64337897114456" lon="127.57178692147136">
        <ele>738.7999877929688</ele>
        <time>2023-07-13T21:21:51.526Z</time>
      </trkpt>
      <trkpt lat="35.643568988889456" lon="127.57191197946668">
        <ele>740.4000244140625</ele>
        <time>2023-07-13T21:22:18.526Z</time>
      </trkpt>
      <trkpt lat="35.64372497610748" lon="127.57204491645098">
        <ele>741.4000244140625</ele>
        <time>2023-07-13T21:22:44.526Z</time>
      </trkpt>
      <trkpt lat="35.643890700705825" lon="127.57212414888966">
        <ele>744.3801714857888</ele>
        <time>2023-07-13T21:23:32.335Z</time>
      </trkpt>
      <trkpt lat="35.643890700705825" lon="127.57212414888966">
        <ele>744.7855896682233</ele>
        <time>2023-07-13T21:23:32.335Z</time>
      </trkpt>
      <trkpt lat="35.64408157346385" lon="127.57228968780294">
        <ele>749.4882757579056</ele>
        <time>2023-07-13T21:24:35.128Z</time>
      </trkpt>
      <trkpt lat="35.64408157346385" lon="127.57228968780294">
        <ele>749.4882757579056</ele>
        <time>2023-07-13T21:24:35.128Z</time>
      </trkpt>
      <trkpt lat="35.644442535408906" lon="127.57261964915166">
        <ele>756.179610873767</ele>
        <time>2023-07-13T21:26:36.043Z</time>
      </trkpt>
      <trkpt lat="35.64456260051767" lon="127.5727294026749">
        <ele>756.204967766622</ele>
        <time>2023-07-13T21:27:16.262Z</time>
      </trkpt>
      <trkpt lat="35.64492214175079" lon="127.57306170637102">
        <ele>757.7042925134522</ele>
        <time>2023-07-13T21:29:17.177Z</time>
      </trkpt>
      <trkpt lat="35.64498192630708" lon="127.57311696186662">
        <ele>758.5888176549443</ele>
        <time>2023-07-13T21:29:37.282Z</time>
      </trkpt>
      <trkpt lat="35.64498192630708" lon="127.57311696186662">
        <ele>758</ele>
        <time>2023-07-13T21:29:37.282Z</time>
      </trkpt>
      <trkpt lat="35.64506792463362" lon="127.57319893687963">
        <ele>759</ele>
        <time>2023-07-13T21:31:38.526Z</time>
      </trkpt>
      <trkpt lat="35.6451019551605" lon="127.57327194325626">
        <ele>758.7999877929688</ele>
        <time>2023-07-13T21:32:04.526Z</time>
      </trkpt>
      <trkpt lat="35.64523296430707" lon="127.5734129268676">
        <ele>758.5999755859375</ele>
        <time>2023-07-13T21:32:31.526Z</time>
      </trkpt>
      <trkpt lat="35.6452399212867" lon="127.57346699014306">
        <ele>758.5999755859375</ele>
        <time>2023-07-13T21:32:58.526Z</time>
      </trkpt>
      <trkpt lat="35.645267916843295" lon="127.57351795211434">
        <ele>758.7999877929688</ele>
        <time>2023-07-13T21:33:25.526Z</time>
      </trkpt>
      <trkpt lat="35.645309993997216" lon="127.57353999651968">
        <ele>758.5999755859375</ele>
        <time>2023-07-13T21:33:51.526Z</time>
      </trkpt>
      <trkpt lat="35.64538895152509" lon="127.57366597652435">
        <ele>758.5999755859375</ele>
        <time>2023-07-13T21:34:18.526Z</time>
      </trkpt>
      <trkpt lat="35.645435974001884" lon="127.57378198206425">
        <ele>759.5999755859375</ele>
        <time>2023-07-13T21:34:45.526Z</time>
      </trkpt>
      <trkpt lat="35.64560394734144" lon="127.57401692681015">
        <ele>761.7999877929688</ele>
        <time>2023-07-13T21:35:12.526Z</time>
      </trkpt>
      <trkpt lat="35.64570494927466" lon="127.57427894510329">
        <ele>768</ele>
        <time>2023-07-13T21:35:39.526Z</time>
      </trkpt>
      <trkpt lat="35.645719952881336" lon="127.57437592372298">
        <ele>770.5999755859375</ele>
        <time>2023-07-13T21:36:06.526Z</time>
      </trkpt>
      <trkpt lat="35.645758928731084" lon="127.574412971735">
        <ele>771.4000244140625</ele>
        <time>2023-07-13T21:36:33.526Z</time>
      </trkpt>
      <trkpt lat="35.64575197175145" lon="127.57453794591129">
        <ele>774.4000244140625</ele>
        <time>2023-07-13T21:37:00.526Z</time>
      </trkpt>
      <trkpt lat="35.64572699368" lon="127.57462696172297">
        <ele>776.7999877929688</ele>
        <time>2023-07-13T21:37:27.526Z</time>
      </trkpt>
      <trkpt lat="35.645758928731084" lon="127.57480097003281">
        <ele>780.5999755859375</ele>
        <time>2023-07-13T21:37:54.526Z</time>
      </trkpt>
      <trkpt lat="35.645821960642934" lon="127.57500196807086">
        <ele>783.5999755859375</ele>
        <time>2023-07-13T21:38:21.526Z</time>
      </trkpt>
      <trkpt lat="35.64581491984427" lon="127.57510799914598">
        <ele>786.2000122070312</ele>
        <time>2023-07-13T21:38:47.526Z</time>
      </trkpt>
      <trkpt lat="35.64582698978484" lon="127.5751519203186">
        <ele>786.7999877929688</ele>
        <time>2023-07-13T21:39:14.526Z</time>
      </trkpt>
      <trkpt lat="35.64593997783959" lon="127.5753939896822">
        <ele>789.7999877929688</ele>
        <time>2023-07-13T21:39:41.526Z</time>
      </trkpt>
      <trkpt lat="35.64601197838783" lon="127.57550597190857">
        <ele>791</ele>
        <time>2023-07-13T21:40:08.526Z</time>
      </trkpt>
      <trkpt lat="35.64609898254275" lon="127.57574493996799">
        <ele>792.5999755859375</ele>
        <time>2023-07-13T21:40:36.526Z</time>
      </trkpt>
      <trkpt lat="35.64624097198248" lon="127.57598198018968">
        <ele>796.5999755859375</ele>
        <time>2023-07-13T21:41:03.526Z</time>
      </trkpt>
      <trkpt lat="35.64624893479049" lon="127.57622295990586">
        <ele>798.4000244140625</ele>
        <time>2023-07-13T21:41:30.526Z</time>
      </trkpt>
      <trkpt lat="35.646289922297" lon="127.57628599181771">
        <ele>799.5999755859375</ele>
        <time>2023-07-13T21:41:57.526Z</time>
      </trkpt>
      <trkpt lat="35.64628195948899" lon="127.57636997848749">
        <ele>800.4000244140625</ele>
        <time>2023-07-13T21:42:24.526Z</time>
      </trkpt>
      <trkpt lat="35.6463039200753" lon="127.57649495266378">
        <ele>801.7999877929688</ele>
        <time>2023-07-13T21:42:51.526Z</time>
      </trkpt>
      <trkpt lat="35.646362928673625" lon="127.57657592184842">
        <ele>803.2000122070312</ele>
        <time>2023-07-13T21:43:18.526Z</time>
      </trkpt>
      <trkpt lat="35.64636594615877" lon="127.57667298428714">
        <ele>804.5999755859375</ele>
        <time>2023-07-13T21:43:45.526Z</time>
      </trkpt>
      <trkpt lat="35.64638799056411" lon="127.57672998122871">
        <ele>805.5999755859375</ele>
        <time>2023-07-13T21:44:12.526Z</time>
      </trkpt>
      <trkpt lat="35.64635496586561" lon="127.57678094319999">
        <ele>806.4000244140625</ele>
        <time>2023-07-13T21:44:40.526Z</time>
      </trkpt>
      <trkpt lat="35.64628891646862" lon="127.57696894928813">
        <ele>809</ele>
        <time>2023-07-13T21:45:07.526Z</time>
      </trkpt>
      <trkpt lat="35.64631096087396" lon="127.57698797620833">
        <ele>809.5999755859375</ele>
        <time>2023-07-13T21:45:34.526Z</time>
      </trkpt>
      <trkpt lat="35.64628397114575" lon="127.5770809315145">
        <ele>811.4000244140625</ele>
        <time>2023-07-13T21:46:01.526Z</time>
      </trkpt>
      <trkpt lat="35.646314984187484" lon="127.57713197730482">
        <ele>812.7999877929688</ele>
        <time>2023-07-13T21:46:28.526Z</time>
      </trkpt>
      <trkpt lat="35.64629394561052" lon="127.57729299366474">
        <ele>815.5999755859375</ele>
        <time>2023-07-13T21:46:56.526Z</time>
      </trkpt>
      <trkpt lat="35.64632898196578" lon="127.57740899920464">
        <ele>818.4000244140625</ele>
        <time>2023-07-13T21:47:23.526Z</time>
      </trkpt>
      <trkpt lat="35.64642093144357" lon="127.57744596339762">
        <ele>820.2000122070312</ele>
        <time>2023-07-13T21:47:50.526Z</time>
      </trkpt>
      <trkpt lat="35.64644096419215" lon="127.57747898809612">
        <ele>821.5999755859375</ele>
        <time>2023-07-13T21:48:17.526Z</time>
      </trkpt>
      <trkpt lat="35.646450938656926" lon="127.57760597392917">
        <ele>825.2000122070312</ele>
        <time>2023-07-13T21:48:45.526Z</time>
      </trkpt>
      <trkpt lat="35.64647692255676" lon="127.57767898030579">
        <ele>828</ele>
        <time>2023-07-13T21:49:12.526Z</time>
      </trkpt>
      <trkpt lat="35.64645999111235" lon="127.5777559261769">
        <ele>829.7999877929688</ele>
        <time>2023-07-13T21:49:39.526Z</time>
      </trkpt>
      <trkpt lat="35.64649594947696" lon="127.57781594060361">
        <ele>832.4000244140625</ele>
        <time>2023-07-13T21:50:06.526Z</time>
      </trkpt>
      <trkpt lat="35.64643794670701" lon="127.57793898694217">
        <ele>834.5999755859375</ele>
        <time>2023-07-13T21:50:34.526Z</time>
      </trkpt>
      <trkpt lat="35.646449932828546" lon="127.57798299193382">
        <ele>836.4000244140625</ele>
        <time>2023-07-13T21:51:01.526Z</time>
      </trkpt>
      <trkpt lat="35.646429983899" lon="127.57812892086804">
        <ele>841</ele>
        <time>2023-07-13T21:51:28.526Z</time>
      </trkpt>
      <trkpt lat="35.64645596779883" lon="127.57823696359992">
        <ele>845.4000244140625</ele>
        <time>2023-07-13T21:51:55.526Z</time>
      </trkpt>
      <trkpt lat="35.646426966413856" lon="127.57825498469174">
        <ele>846</ele>
        <time>2023-07-13T21:52:23.526Z</time>
      </trkpt>
      <trkpt lat="35.646424954757094" lon="127.57832799106836">
        <ele>849</ele>
        <time>2023-07-13T21:52:50.526Z</time>
      </trkpt>
      <trkpt lat="35.6464109569788" lon="127.57833394221961">
        <ele>849</ele>
        <time>2023-07-13T21:53:17.526Z</time>
      </trkpt>
      <trkpt lat="35.646423948928714" lon="127.57832899689674">
        <ele>849</ele>
        <time>2023-07-13T21:53:45.526Z</time>
      </trkpt>
      <trkpt lat="35.646425960585475" lon="127.57836696691811">
        <ele>850.5999755859375</ele>
        <time>2023-07-13T21:54:12.526Z</time>
      </trkpt>
      <trkpt lat="35.64640995115042" lon="127.57839194498956">
        <ele>851.5999755859375</ele>
        <time>2023-07-13T21:54:39.526Z</time>
      </trkpt>
      <trkpt lat="35.64641992561519" lon="127.5784279871732">
        <ele>853</ele>
        <time>2023-07-13T21:55:07.526Z</time>
      </trkpt>
      <trkpt lat="35.64642193727195" lon="127.5784139893949">
        <ele>852.4000244140625</ele>
        <time>2023-07-13T21:55:34.526Z</time>
      </trkpt>
      <trkpt lat="35.6464159861207" lon="127.57847199216485">
        <ele>854.7999877929688</ele>
        <time>2023-07-13T21:56:01.526Z</time>
      </trkpt>
      <trkpt lat="35.64639494754374" lon="127.57849998772144">
        <ele>856.2000122070312</ele>
        <time>2023-07-13T21:56:29.526Z</time>
      </trkpt>
      <trkpt lat="35.64639997668564" lon="127.57852597162127">
        <ele>857</ele>
        <time>2023-07-13T21:56:56.526Z</time>
      </trkpt>
      <trkpt lat="35.646449932828546" lon="127.5785299949348">
        <ele>856.5999755859375</ele>
        <time>2023-07-13T21:57:23.526Z</time>
      </trkpt>
      <trkpt lat="35.64646292477846" lon="127.5785469263792">
        <ele>857.2000122070312</ele>
        <time>2023-07-13T21:57:51.526Z</time>
      </trkpt>
      <trkpt lat="35.646445993334055" lon="127.57856293581426">
        <ele>858</ele>
        <time>2023-07-13T21:58:18.526Z</time>
      </trkpt>
      <trkpt lat="35.64638991840184" lon="127.57891195826232">
        <ele>866</ele>
        <time>2023-07-13T21:58:46.526Z</time>
      </trkpt>
      <trkpt lat="35.64635697752237" lon="127.57900197990239">
        <ele>866</ele>
        <time>2023-07-13T21:59:13.526Z</time>
      </trkpt>
      <trkpt lat="35.64635194838047" lon="127.57911597378552">
        <ele>866</ele>
        <time>2023-07-13T21:59:40.526Z</time>
      </trkpt>
      <trkpt lat="35.6463779322803" lon="127.57925595156848">
        <ele>865.2000122070312</ele>
        <time>2023-07-13T22:00:08.526Z</time>
      </trkpt>
      <trkpt lat="35.646400982514024" lon="127.57925393991172">
        <ele>865.4000244140625</ele>
        <time>2023-07-13T22:00:35.526Z</time>
      </trkpt>
      <trkpt lat="35.646404922008514" lon="127.57920892909169">
        <ele>865.5999755859375</ele>
        <time>2023-07-13T22:01:03.526Z</time>
      </trkpt>
      <trkpt lat="35.64647398889065" lon="127.57924597710371">
        <ele>866.2000122070312</ele>
        <time>2023-07-13T22:01:30.526Z</time>
      </trkpt>
      <trkpt lat="35.64667096361518" lon="127.57927598431706">
        <ele>868.7999877929688</ele>
        <time>2023-07-13T22:01:58.526Z</time>
      </trkpt>
      <trkpt lat="35.646789986640215" lon="127.57925695739686">
        <ele>869.5999755859375</ele>
        <time>2023-07-13T22:02:25.526Z</time>
      </trkpt>
      <trkpt lat="35.646896939724684" lon="127.57925896905363">
        <ele>869.4000244140625</ele>
        <time>2023-07-13T22:02:53.526Z</time>
      </trkpt>
      <trkpt lat="35.647174967452884" lon="127.57915997877717">
        <ele>869.4000244140625</ele>
        <time>2023-07-13T22:03:20.526Z</time>
      </trkpt>
      <trkpt lat="35.647413935512304" lon="127.57911094464362">
        <ele>870.5999755859375</ele>
        <time>2023-07-13T22:03:48.526Z</time>
      </trkpt>
      <trkpt lat="35.647628931328654" lon="127.57891195826232">
        <ele>875</ele>
        <time>2023-07-13T22:04:15.526Z</time>
      </trkpt>
      <trkpt lat="35.64767595380545" lon="127.5788299832493">
        <ele>874.7999877929688</ele>
        <time>2023-07-13T22:04:43.526Z</time>
      </trkpt>
      <trkpt lat="35.647905953228474" lon="127.5786489341408">
        <ele>880.5999755859375</ele>
        <time>2023-07-13T22:05:10.526Z</time>
      </trkpt>
      <trkpt lat="35.647906959056854" lon="127.57862093858421">
        <ele>881.4000244140625</ele>
        <time>2023-07-13T22:05:38.526Z</time>
      </trkpt>
      <trkpt lat="35.647929925471544" lon="127.57861993275583">
        <ele>882</ele>
        <time>2023-07-13T22:06:06.526Z</time>
      </trkpt>
      <trkpt lat="35.647993963211775" lon="127.5785109680146">
        <ele>885.7999877929688</ele>
        <time>2023-07-13T22:06:33.526Z</time>
      </trkpt>
      <trkpt lat="35.648080967366695" lon="127.57846796885133">
        <ele>890.7999877929688</ele>
        <time>2023-07-13T22:07:01.526Z</time>
      </trkpt>
      <trkpt lat="35.64810896292329" lon="127.57847392000258">
        <ele>891.2000122070312</ele>
        <time>2023-07-13T22:07:29.526Z</time>
      </trkpt>
      <trkpt lat="35.648190937936306" lon="127.57839596830308">
        <ele>895.2000122070312</ele>
        <time>2023-07-13T22:07:56.526Z</time>
      </trkpt>
      <trkpt lat="35.648314990103245" lon="127.57832396775484">
        <ele>900.2000122070312</ele>
        <time>2023-07-13T22:08:24.526Z</time>
      </trkpt>
      <trkpt lat="35.648358995094895" lon="127.57824098691344">
        <ele>903.4000244140625</ele>
        <time>2023-07-13T22:08:52.526Z</time>
      </trkpt>
      <trkpt lat="35.648378944024444" lon="127.57823092862964">
        <ele>904.2000122070312</ele>
        <time>2023-07-13T22:09:19.526Z</time>
      </trkpt>
      <trkpt lat="35.64837098121643" lon="127.57821491919458">
        <ele>904.4000244140625</ele>
        <time>2023-07-13T22:09:47.526Z</time>
      </trkpt>
      <trkpt lat="35.6483949534595" lon="127.57818499580026">
        <ele>905.2000122070312</ele>
        <time>2023-07-13T22:10:15.526Z</time>
      </trkpt>
      <trkpt lat="35.64840693958104" lon="127.57811894640326">
        <ele>907</ele>
        <time>2023-07-13T22:10:42.526Z</time>
      </trkpt>
      <trkpt lat="35.64850492402911" lon="127.57804694585502">
        <ele>910.4000244140625</ele>
        <time>2023-07-13T22:11:10.526Z</time>
      </trkpt>
      <trkpt lat="35.648488998413086" lon="127.57800897583365">
        <ele>910</ele>
        <time>2023-07-13T22:11:38.526Z</time>
      </trkpt>
      <trkpt lat="35.648572985082865" lon="127.57794795557857">
        <ele>912.2000122070312</ele>
        <time>2023-07-13T22:12:06.526Z</time>
      </trkpt>
      <trkpt lat="35.648702988401055" lon="127.57796094752848">
        <ele>915.2000122070312</ele>
        <time>2023-07-13T22:12:33.526Z</time>
      </trkpt>
      <trkpt lat="35.64870793372393" lon="127.57793596945703">
        <ele>915.5999755859375</ele>
        <time>2023-07-13T22:13:01.526Z</time>
      </trkpt>
      <trkpt lat="35.648765936493874" lon="127.57787092588842">
        <ele>917.4000244140625</ele>
        <time>2023-07-13T22:13:29.526Z</time>
      </trkpt>
      <trkpt lat="35.64881396479905" lon="127.57785097695887">
        <ele>918.7999877929688</ele>
        <time>2023-07-13T22:13:57.526Z</time>
      </trkpt>
      <trkpt lat="35.64883399754763" lon="127.57780395448208">
        <ele>920.2000122070312</ele>
        <time>2023-07-13T22:14:24.526Z</time>
      </trkpt>
      <trkpt lat="35.64890692010522" lon="127.57773698307574">
        <ele>922.2000122070312</ele>
        <time>2023-07-13T22:14:52.526Z</time>
      </trkpt>
      <trkpt lat="35.64893592149019" lon="127.57767093367875">
        <ele>924.4000244140625</ele>
        <time>2023-07-13T22:15:20.526Z</time>
      </trkpt>
      <trkpt lat="35.64903692342341" lon="127.57756498642266">
        <ele>927.5999755859375</ele>
        <time>2023-07-13T22:15:48.526Z</time>
      </trkpt>
      <trkpt lat="35.64907195977867" lon="127.57748292759061">
        <ele>929.7999877929688</ele>
        <time>2023-07-13T22:16:16.526Z</time>
      </trkpt>
      <trkpt lat="35.649109929800034" lon="127.57743791677058">
        <ele>930.7999877929688</ele>
        <time>2023-07-13T22:16:43.526Z</time>
      </trkpt>
      <trkpt lat="35.64916399307549" lon="127.57741293869913">
        <ele>932.5999755859375</ele>
        <time>2023-07-13T22:17:11.526Z</time>
      </trkpt>
      <trkpt lat="35.64920397475362" lon="127.57735795341432">
        <ele>934.7999877929688</ele>
        <time>2023-07-13T22:17:39.526Z</time>
      </trkpt>
      <trkpt lat="35.649196933954954" lon="127.5773259345442">
        <ele>935.2000122070312</ele>
        <time>2023-07-13T22:18:07.526Z</time>
      </trkpt>
      <trkpt lat="35.649216966703534" lon="127.57732895202935">
        <ele>935.4000244140625</ele>
        <time>2023-07-13T22:18:35.526Z</time>
      </trkpt>
      <trkpt lat="35.64925099723041" lon="127.57729399949312">
        <ele>936.2000122070312</ele>
        <time>2023-07-13T22:19:03.526Z</time>
      </trkpt>
      <trkpt lat="35.64928092062473" lon="127.57728796452284">
        <ele>936.7999877929688</ele>
        <time>2023-07-13T22:19:30.526Z</time>
      </trkpt>
      <trkpt lat="35.64940094947815" lon="127.57715796120465">
        <ele>940</ele>
        <time>2023-07-13T22:19:58.526Z</time>
      </trkpt>
      <trkpt lat="35.64944596029818" lon="127.57714899256825">
        <ele>942</ele>
        <time>2023-07-13T22:20:26.526Z</time>
      </trkpt>
      <trkpt lat="35.64948895946145" lon="127.57711596786976">
        <ele>944.2000122070312</ele>
        <time>2023-07-13T22:20:54.526Z</time>
      </trkpt>
      <trkpt lat="35.64953598193824" lon="127.57692293263972">
        <ele>948</ele>
        <time>2023-07-13T22:21:22.526Z</time>
      </trkpt>
      <trkpt lat="35.64961099997163" lon="127.57679997012019">
        <ele>947.7999877929688</ele>
        <time>2023-07-13T22:21:50.526Z</time>
      </trkpt>
      <trkpt lat="35.64965693280101" lon="127.57677893154323">
        <ele>948.4000244140625</ele>
        <time>2023-07-13T22:22:18.526Z</time>
      </trkpt>
      <trkpt lat="35.64968392252922" lon="127.57672998122871">
        <ele>948.7999877929688</ele>
        <time>2023-07-13T22:22:46.526Z</time>
      </trkpt>
      <trkpt lat="35.649753995239735" lon="127.57671598345041">
        <ele>949.7999877929688</ele>
        <time>2023-07-13T22:23:14.526Z</time>
      </trkpt>
      <trkpt lat="35.64977494999766" lon="127.57669494487345">
        <ele>949.5999755859375</ele>
        <time>2023-07-13T22:23:42.526Z</time>
      </trkpt>
      <trkpt lat="35.64989497885108" lon="127.57656192407012">
        <ele>943.5999755859375</ele>
        <time>2023-07-13T22:24:10.526Z</time>
      </trkpt>
      <trkpt lat="35.649931943044066" lon="127.57645597681403">
        <ele>942</ele>
        <time>2023-07-13T22:24:37.526Z</time>
      </trkpt>
      <trkpt lat="35.65002992749214" lon="127.57640794850886">
        <ele>940.2000122070312</ele>
        <time>2023-07-13T22:25:05.526Z</time>
      </trkpt>
      <trkpt lat="35.650037974119186" lon="127.57638397626579">
        <ele>939.7999877929688</ele>
        <time>2023-07-13T22:25:33.526Z</time>
      </trkpt>
      <trkpt lat="35.65015791915357" lon="127.57630191743374">
        <ele>935</ele>
        <time>2023-07-13T22:26:01.526Z</time>
      </trkpt>
      <trkpt lat="35.65031994134188" lon="127.57601492106915">
        <ele>930.2000122070312</ele>
        <time>2023-07-13T22:26:29.526Z</time>
      </trkpt>
      <trkpt lat="35.6504619307816" lon="127.57584191858768">
        <ele>929.4000244140625</ele>
        <time>2023-07-13T22:26:58.526Z</time>
      </trkpt>
      <trkpt lat="35.650529991835356" lon="127.57572398521006">
        <ele>928.4000244140625</ele>
        <time>2023-07-13T22:27:26.526Z</time>
      </trkpt>
      <trkpt lat="35.65056595019996" lon="127.57555592805147">
        <ele>927</ele>
        <time>2023-07-13T22:27:54.526Z</time>
      </trkpt>
      <trkpt lat="35.65054499544203" lon="127.57550798356533">
        <ele>925.4000244140625</ele>
        <time>2023-07-13T22:28:22.526Z</time>
      </trkpt>
      <trkpt lat="35.65054893493652" lon="127.57546498440206">
        <ele>924.7999877929688</ele>
        <time>2023-07-13T22:28:50.526Z</time>
      </trkpt>
      <trkpt lat="35.65066695213318" lon="127.5751109328121">
        <ele>916</ele>
        <time>2023-07-13T22:29:18.526Z</time>
      </trkpt>
      <trkpt lat="35.650660917162895" lon="127.57493298500776">
        <ele>913</ele>
        <time>2023-07-13T22:29:46.526Z</time>
      </trkpt>
      <trkpt lat="35.65073794685304" lon="127.57479795254767">
        <ele>911</ele>
        <time>2023-07-13T22:30:14.526Z</time>
      </trkpt>
      <trkpt lat="35.6507399585098" lon="127.57465495727956">
        <ele>909.7999877929688</ele>
        <time>2023-07-13T22:30:42.526Z</time>
      </trkpt>
      <trkpt lat="35.65079896710813" lon="127.57443794980645">
        <ele>910.2000122070312</ele>
        <time>2023-07-13T22:31:11.526Z</time>
      </trkpt>
      <trkpt lat="35.650809947401285" lon="127.57432295009494">
        <ele>910.7999877929688</ele>
        <time>2023-07-13T22:31:39.526Z</time>
      </trkpt>
      <trkpt lat="35.650787986814976" lon="127.57422597147524">
        <ele>911.2000122070312</ele>
        <time>2023-07-13T22:32:07.526Z</time>
      </trkpt>
      <trkpt lat="35.65079896710813" lon="127.57418892346323">
        <ele>911.5999755859375</ele>
        <time>2023-07-13T22:32:35.526Z</time>
      </trkpt>
      <trkpt lat="35.650790920481086" lon="127.57407593540847">
        <ele>912.2000122070312</ele>
        <time>2023-07-13T22:33:03.526Z</time>
      </trkpt>
      <trkpt lat="35.65081992186606" lon="127.57405397482216">
        <ele>913</ele>
        <time>2023-07-13T22:33:32.526Z</time>
      </trkpt>
      <trkpt lat="35.650850934907794" lon="127.57390293292701">
        <ele>914.5999755859375</ele>
        <time>2023-07-13T22:34:00.526Z</time>
      </trkpt>
      <trkpt lat="35.65084397792816" lon="127.57384593598545">
        <ele>914.4000244140625</ele>
        <time>2023-07-13T22:34:28.526Z</time>
      </trkpt>
      <trkpt lat="35.650894939899445" lon="127.5737599376589">
        <ele>914.2000122070312</ele>
        <time>2023-07-13T22:34:56.526Z</time>
      </trkpt>
      <trkpt lat="35.65101396292448" lon="127.57363898679614">
        <ele>913</ele>
        <time>2023-07-13T22:35:25.526Z</time>
      </trkpt>
      <trkpt lat="35.6510819401592" lon="127.57348299957812">
        <ele>910.4000244140625</ele>
        <time>2023-07-13T22:35:53.526Z</time>
      </trkpt>
      <trkpt lat="35.6512859556824" lon="127.57317395880818">
        <ele>905.4000244140625</ele>
        <time>2023-07-13T22:36:21.526Z</time>
      </trkpt>
      <trkpt lat="35.65140397287905" lon="127.57308594882488">
        <ele>906.7999877929688</ele>
        <time>2023-07-13T22:36:50.526Z</time>
      </trkpt>
      <trkpt lat="35.65147094428539" lon="127.57300497964025">
        <ele>906.4000244140625</ele>
        <time>2023-07-13T22:37:18.526Z</time>
      </trkpt>
      <trkpt lat="35.65148091875017" lon="127.57294898852706">
        <ele>906</ele>
        <time>2023-07-13T22:37:46.526Z</time>
      </trkpt>
      <trkpt lat="35.651536993682384" lon="127.57286894135177">
        <ele>906.4000244140625</ele>
        <time>2023-07-13T22:38:15.526Z</time>
      </trkpt>
      <trkpt lat="35.65159591846168" lon="127.57273893803358">
        <ele>908.7999877929688</ele>
        <time>2023-07-13T22:38:43.526Z</time>
      </trkpt>
      <trkpt lat="35.65167294815183" lon="127.57267892360687">
        <ele>910.5999755859375</ele>
        <time>2023-07-13T22:39:12.526Z</time>
      </trkpt>
      <trkpt lat="35.65171795897186" lon="127.57261698134243">
        <ele>911.4000244140625</ele>
        <time>2023-07-13T22:39:40.526Z</time>
      </trkpt>
      <trkpt lat="35.651967991143465" lon="127.57262293249369">
        <ele>915.2000122070312</ele>
        <time>2023-07-13T22:40:08.526Z</time>
      </trkpt>
      <trkpt lat="35.65200193785131" lon="127.57261094637215">
        <ele>915.7999877929688</ele>
        <time>2023-07-13T22:40:37.526Z</time>
      </trkpt>
      <trkpt lat="35.65213294699788" lon="127.57262695580721">
        <ele>916.4000244140625</ele>
        <time>2023-07-13T22:41:05.526Z</time>
      </trkpt>
      <trkpt lat="35.65224199555814" lon="127.5725529436022">
        <ele>919.7999877929688</ele>
        <time>2023-07-13T22:41:34.526Z</time>
      </trkpt>
      <trkpt lat="35.65248993225396" lon="127.57246694527566">
        <ele>921.7999877929688</ele>
        <time>2023-07-13T22:42:02.526Z</time>
      </trkpt>
      <trkpt lat="35.652549946680665" lon="127.57246795110404">
        <ele>923.2000122070312</ele>
        <time>2023-07-13T22:42:31.526Z</time>
      </trkpt>
      <trkpt lat="35.652635945007205" lon="127.57234498858452">
        <ele>924</ele>
        <time>2023-07-13T22:42:59.526Z</time>
      </trkpt>
      <trkpt lat="35.65264399163425" lon="127.57216092199087">
        <ele>923.4000244140625</ele>
        <time>2023-07-13T22:43:28.526Z</time>
      </trkpt>
      <trkpt lat="35.65260694362223" lon="127.57206394337118">
        <ele>922.4000244140625</ele>
        <time>2023-07-13T22:43:56.526Z</time>
      </trkpt>
      <trkpt lat="35.65257894806564" lon="127.5720489397645">
        <ele>922</ele>
        <time>2023-07-13T22:44:25.526Z</time>
      </trkpt>
      <trkpt lat="35.65256394445896" lon="127.57197895087302">
        <ele>921.2000122070312</ele>
        <time>2023-07-13T22:44:53.526Z</time>
      </trkpt>
      <trkpt lat="35.65249596722424" lon="127.5719329342246">
        <ele>919</ele>
        <time>2023-07-13T22:45:22.526Z</time>
      </trkpt>
      <trkpt lat="35.652488926425576" lon="127.57190896198153">
        <ele>918.2000122070312</ele>
        <time>2023-07-13T22:45:51.526Z</time>
      </trkpt>
      <trkpt lat="35.65251893363893" lon="127.57184693589807">
        <ele>917.4000244140625</ele>
        <time>2023-07-13T22:46:19.526Z</time>
      </trkpt>
      <trkpt lat="35.652549946680665" lon="127.57183394394815">
        <ele>917.7999877929688</ele>
        <time>2023-07-13T22:46:48.526Z</time>
      </trkpt>
      <trkpt lat="35.652594957500696" lon="127.57176596671343">
        <ele>916</ele>
        <time>2023-07-13T22:47:16.526Z</time>
      </trkpt>
      <trkpt lat="35.65262999385595" lon="127.5716709997505">
        <ele>913.2000122070312</ele>
        <time>2023-07-13T22:47:45.526Z</time>
      </trkpt>
      <trkpt lat="35.652653966099024" lon="127.57151392288506">
        <ele>909.2000122070312</ele>
        <time>2023-07-13T22:48:13.526Z</time>
      </trkpt>
      <trkpt lat="35.65268992446363" lon="127.57141895592213">
        <ele>906.7999877929688</ele>
        <time>2023-07-13T22:48:42.526Z</time>
      </trkpt>
      <trkpt lat="35.65267098136246" lon="127.57132298313081">
        <ele>904</ele>
        <time>2023-07-13T22:49:11.526Z</time>
      </trkpt>
      <trkpt lat="35.65277491696179" lon="127.57109893485904">
        <ele>896.4000244140625</ele>
        <time>2023-07-13T22:49:39.526Z</time>
      </trkpt>
      <trkpt lat="35.65277692861855" lon="127.57103799842298">
        <ele>894.4000244140625</ele>
        <time>2023-07-13T22:50:08.526Z</time>
      </trkpt>
      <trkpt lat="35.652829986065626" lon="127.57094596512616">
        <ele>890.7999877929688</ele>
        <time>2023-07-13T22:50:37.526Z</time>
      </trkpt>
      <trkpt lat="35.65291992388666" lon="127.57070196792483">
        <ele>884.4000244140625</ele>
        <time>2023-07-13T22:51:05.526Z</time>
      </trkpt>
      <trkpt lat="35.65298798494041" lon="127.57045897655189">
        <ele>879.7999877929688</ele>
        <time>2023-07-13T22:51:34.526Z</time>
      </trkpt>
      <trkpt lat="35.65301698632538" lon="127.5704069249332">
        <ele>879.2000122070312</ele>
        <time>2023-07-13T22:52:03.526Z</time>
      </trkpt>
      <trkpt lat="35.6530799344182" lon="127.57034992799163">
        <ele>878.5999755859375</ele>
        <time>2023-07-13T22:52:32.526Z</time>
      </trkpt>
      <trkpt lat="35.65319795161486" lon="127.57010391913354">
        <ele>875.7999877929688</ele>
        <time>2023-07-13T22:53:00.526Z</time>
      </trkpt>
      <trkpt lat="35.65323097631335" lon="127.5698749255389">
        <ele>873</ele>
        <time>2023-07-13T22:53:29.526Z</time>
      </trkpt>
      <trkpt lat="35.65320499241352" lon="127.56972899660468">
        <ele>872</ele>
        <time>2023-07-13T22:53:58.526Z</time>
      </trkpt>
      <trkpt lat="35.65320398658514" lon="127.56959899328649">
        <ele>869.5999755859375</ele>
        <time>2023-07-13T22:54:27.526Z</time>
      </trkpt>
      <trkpt lat="35.65316492691636" lon="127.56940394639969">
        <ele>867.7999877929688</ele>
        <time>2023-07-13T22:54:56.526Z</time>
      </trkpt>
      <trkpt lat="35.653065936639905" lon="127.56917495280504">
        <ele>866.5999755859375</ele>
        <time>2023-07-13T22:55:24.526Z</time>
      </trkpt>
      <trkpt lat="35.65305897966027" lon="127.56910999305546">
        <ele>867</ele>
        <time>2023-07-13T22:55:53.526Z</time>
      </trkpt>
      <trkpt lat="35.652998965233564" lon="127.5689679197967">
        <ele>867.2000122070312</ele>
        <time>2023-07-13T22:56:22.526Z</time>
      </trkpt>
      <trkpt lat="35.652954960241914" lon="127.56879793480039">
        <ele>868.5999755859375</ele>
        <time>2023-07-13T22:56:51.526Z</time>
      </trkpt>
      <trkpt lat="35.65290592610836" lon="127.56875292398036">
        <ele>868.4000244140625</ele>
        <time>2023-07-13T22:57:20.526Z</time>
      </trkpt>
      <trkpt lat="35.65287499688566" lon="127.56863197311759">
        <ele>869.5999755859375</ele>
        <time>2023-07-13T22:57:49.526Z</time>
      </trkpt>
      <trkpt lat="35.65273099578917" lon="127.56852895952761">
        <ele>868.7999877929688</ele>
        <time>2023-07-13T22:58:18.526Z</time>
      </trkpt>
      <trkpt lat="35.6526689697057" lon="127.56843893788755">
        <ele>868.7999877929688</ele>
        <time>2023-07-13T22:58:47.526Z</time>
      </trkpt>
      <trkpt lat="35.65263292752206" lon="127.56843692623079">
        <ele>868.4000244140625</ele>
        <time>2023-07-13T22:59:16.526Z</time>
      </trkpt>
      <trkpt lat="35.65257693640888" lon="127.56829099729657">
        <ele>869</ele>
        <time>2023-07-13T22:59:45.526Z</time>
      </trkpt>
      <trkpt lat="35.65252999775112" lon="127.56808698177338">
        <ele>870.7999877929688</ele>
        <time>2023-07-13T23:00:14.526Z</time>
      </trkpt>
      <trkpt lat="35.65245598554611" lon="127.5679839681834">
        <ele>871.5999755859375</ele>
        <time>2023-07-13T23:00:43.526Z</time>
      </trkpt>
      <trkpt lat="35.65236898139119" lon="127.5678909290582">
        <ele>872.2000122070312</ele>
        <time>2023-07-13T23:01:12.526Z</time>
      </trkpt>
      <trkpt lat="35.6522889342159" lon="127.5678679626435">
        <ele>872.2000122070312</ele>
        <time>2023-07-13T23:01:41.526Z</time>
      </trkpt>
      <trkpt lat="35.65199498087168" lon="127.5677299965173">
        <ele>874</ele>
        <time>2023-07-13T23:02:10.526Z</time>
      </trkpt>
      <trkpt lat="35.6518919672817" lon="127.56766092963517">
        <ele>874.2000122070312</ele>
        <time>2023-07-13T23:02:39.526Z</time>
      </trkpt>
      <trkpt lat="35.651797922328115" lon="127.56764693185687">
        <ele>873.5999755859375</ele>
        <time>2023-07-13T23:03:08.526Z</time>
      </trkpt>
      <trkpt lat="35.65170496702194" lon="127.56760493852198">
        <ele>873.4000244140625</ele>
        <time>2023-07-13T23:03:37.526Z</time>
      </trkpt>
      <trkpt lat="35.65157496370375" lon="127.56751399487257">
        <ele>874</ele>
        <time>2023-07-13T23:04:06.526Z</time>
      </trkpt>
      <trkpt lat="35.65147195011377" lon="127.56746898405254">
        <ele>873.2000122070312</ele>
        <time>2023-07-13T23:04:35.526Z</time>
      </trkpt>
      <trkpt lat="35.65138394013047" lon="127.5674709957093">
        <ele>872.2000122070312</ele>
        <time>2023-07-13T23:05:04.526Z</time>
      </trkpt>
      <trkpt lat="35.6511699501425" lon="127.56741793826222">
        <ele>870</ele>
        <time>2023-07-13T23:05:33.526Z</time>
      </trkpt>
      <trkpt lat="35.65107196569443" lon="127.56742891855538">
        <ele>868.5999755859375</ele>
        <time>2023-07-13T23:06:03.526Z</time>
      </trkpt>
      <trkpt lat="35.6510129570961" lon="127.56741492077708">
        <ele>867.4000244140625</ele>
        <time>2023-07-13T23:06:32.526Z</time>
      </trkpt>
      <trkpt lat="35.65098898485303" lon="127.56742799654603">
        <ele>867</ele>
        <time>2023-07-13T23:07:01.526Z</time>
      </trkpt>
      <trkpt lat="35.65064197406173" lon="127.56730293855071">
        <ele>855</ele>
        <time>2023-07-13T23:07:30.526Z</time>
      </trkpt>
      <trkpt lat="35.65054398961365" lon="127.56731299683452">
        <ele>856.7999877929688</ele>
        <time>2023-07-13T23:07:59.526Z</time>
      </trkpt>
      <trkpt lat="35.650398982688785" lon="127.56738893687725">
        <ele>861.7999877929688</ele>
        <time>2023-07-13T23:08:29.526Z</time>
      </trkpt>
      <trkpt lat="35.650335950776935" lon="127.5673969835043">
        <ele>861.4000244140625</ele>
        <time>2023-07-13T23:08:58.526Z</time>
      </trkpt>
      <trkpt lat="35.65022396855056" lon="127.56735691800714">
        <ele>862.7999877929688</ele>
        <time>2023-07-13T23:09:27.526Z</time>
      </trkpt>
      <trkpt lat="35.649888943880796" lon="127.56730293855071">
        <ele>866</ele>
        <time>2023-07-13T23:09:56.526Z</time>
      </trkpt>
      <trkpt lat="35.649802945554256" lon="127.5672669801861">
        <ele>866.7999877929688</ele>
        <time>2023-07-13T23:10:26.526Z</time>
      </trkpt>
      <trkpt lat="35.649647964164615" lon="127.56729698739946">
        <ele>863.5999755859375</ele>
        <time>2023-07-13T23:10:55.526Z</time>
      </trkpt>
      <trkpt lat="35.64942492172122" lon="127.56730997934937">
        <ele>859.5999755859375</ele>
        <time>2023-07-13T23:11:24.526Z</time>
      </trkpt>
      <trkpt lat="35.64918997697532" lon="127.56721291691065">
        <ele>856.5999755859375</ele>
        <time>2023-07-13T23:11:54.526Z</time>
      </trkpt>
      <trkpt lat="35.64875294454396" lon="127.56712691858411">
        <ele>862.7999877929688</ele>
        <time>2023-07-13T23:12:23.526Z</time>
      </trkpt>
      <trkpt lat="35.64866996370256" lon="127.56708693690598">
        <ele>863.5999755859375</ele>
        <time>2023-07-13T23:12:53.526Z</time>
      </trkpt>
      <trkpt lat="35.648405933752656" lon="127.5670999288559">
        <ele>868.5999755859375</ele>
        <time>2023-07-13T23:13:22.526Z</time>
      </trkpt>
      <trkpt lat="35.64828992821276" lon="127.56713496521115">
        <ele>873.2000122070312</ele>
        <time>2023-07-13T23:13:52.526Z</time>
      </trkpt>
      <trkpt lat="35.648101922124624" lon="127.56711392663419">
        <ele>877</ele>
        <time>2023-07-13T23:14:21.526Z</time>
      </trkpt>
      <trkpt lat="35.64794694073498" lon="127.56721098907292">
        <ele>878.4000244140625</ele>
        <time>2023-07-13T23:14:51.526Z</time>
      </trkpt>
      <trkpt lat="35.647889943793416" lon="127.56720294244587">
        <ele>879</ele>
        <time>2023-07-13T23:15:20.526Z</time>
      </trkpt>
      <trkpt lat="35.64784895628691" lon="127.56722297519445">
        <ele>879.5999755859375</ele>
        <time>2023-07-13T23:15:50.526Z</time>
      </trkpt>
      <trkpt lat="35.6477749440819" lon="127.56728491745889">
        <ele>879.7999877929688</ele>
        <time>2023-07-13T23:16:19.526Z</time>
      </trkpt>
      <trkpt lat="35.64774795435369" lon="127.56733395159245">
        <ele>879.7999877929688</ele>
        <time>2023-07-13T23:16:49.526Z</time>
      </trkpt>
      <trkpt lat="35.64770696684718" lon="127.56735792383552">
        <ele>879.5999755859375</ele>
        <time>2023-07-13T23:17:18.526Z</time>
      </trkpt>
      <trkpt lat="35.64744897186756" lon="127.5673689879477">
        <ele>878</ele>
        <time>2023-07-13T23:17:48.526Z</time>
      </trkpt>
      <trkpt lat="35.64741997048259" lon="127.56739195436239">
        <ele>877.5999755859375</ele>
        <time>2023-07-13T23:18:18.526Z</time>
      </trkpt>
      <trkpt lat="35.64736498519778" lon="127.56738097406924">
        <ele>876.7999877929688</ele>
        <time>2023-07-13T23:18:47.526Z</time>
      </trkpt>
      <trkpt lat="35.64731695689261" lon="127.56739798933268">
        <ele>875.7999877929688</ele>
        <time>2023-07-13T23:19:17.526Z</time>
      </trkpt>
      <trkpt lat="35.647284938022494" lon="127.56738197989762">
        <ele>875.4000244140625</ele>
        <time>2023-07-13T23:19:46.526Z</time>
      </trkpt>
      <trkpt lat="35.64714194275439" lon="127.56736999377608">
        <ele>873.7999877929688</ele>
        <time>2023-07-13T23:20:16.526Z</time>
      </trkpt>
      <trkpt lat="35.64711797051132" lon="127.56733193993568">
        <ele>873.7999877929688</ele>
        <time>2023-07-13T23:20:46.526Z</time>
      </trkpt>
      <trkpt lat="35.646961983293295" lon="127.56725398823619">
        <ele>872</ele>
        <time>2023-07-13T23:21:15.526Z</time>
      </trkpt>
      <trkpt lat="35.646790992468596" lon="127.56710093468428">
        <ele>868.4000244140625</ele>
        <time>2023-07-13T23:21:45.526Z</time>
      </trkpt>
      <trkpt lat="35.6466369330883" lon="127.56705299019814">
        <ele>864.7999877929688</ele>
        <time>2023-07-13T23:22:15.526Z</time>
      </trkpt>
      <trkpt lat="35.646535931155086" lon="127.56699498742819">
        <ele>863</ele>
        <time>2023-07-13T23:22:44.526Z</time>
      </trkpt>
      <trkpt lat="35.646320935338736" lon="127.56691192276776">
        <ele>860.2000122070312</ele>
        <time>2023-07-13T23:23:14.526Z</time>
      </trkpt>
      <trkpt lat="35.64626896753907" lon="127.56687093526125">
        <ele>860</ele>
        <time>2023-07-13T23:23:44.526Z</time>
      </trkpt>
      <trkpt lat="35.646186992526054" lon="127.56684998050332">
        <ele>859.2000122070312</ele>
        <time>2023-07-13T23:24:14.526Z</time>
      </trkpt>
      <trkpt lat="35.64611398614943" lon="127.56685894913971">
        <ele>859</ele>
        <time>2023-07-13T23:24:43.526Z</time>
      </trkpt>
      <trkpt lat="35.646017929539084" lon="127.56682592444122">
        <ele>860</ele>
        <time>2023-07-13T23:25:13.526Z</time>
      </trkpt>
      <trkpt lat="35.64594198949635" lon="127.56681997328997">
        <ele>861</ele>
        <time>2023-07-13T23:25:43.526Z</time>
      </trkpt>
      <trkpt lat="35.64578692428768" lon="127.56686397828162">
        <ele>863.7999877929688</ele>
        <time>2023-07-13T23:26:13.526Z</time>
      </trkpt>
      <trkpt lat="35.645565977320075" lon="127.56689096800983">
        <ele>867.7999877929688</ele>
        <time>2023-07-13T23:26:43.526Z</time>
      </trkpt>
      <trkpt lat="35.64545491710305" lon="127.56694192998111">
        <ele>868.2000122070312</ele>
        <time>2023-07-13T23:27:12.526Z</time>
      </trkpt>
      <trkpt lat="35.64537696540356" lon="127.56694897077978">
        <ele>868.5999755859375</ele>
        <time>2023-07-13T23:27:42.526Z</time>
      </trkpt>
      <trkpt lat="35.64531594514847" lon="127.56700093857944">
        <ele>868.5999755859375</ele>
        <time>2023-07-13T23:28:12.526Z</time>
      </trkpt>
      <trkpt lat="35.64523095265031" lon="127.56701393052936">
        <ele>868.7999877929688</ele>
        <time>2023-07-13T23:28:42.526Z</time>
      </trkpt>
      <trkpt lat="35.645004976540804" lon="127.56691192276776">
        <ele>868.5999755859375</ele>
        <time>2023-07-13T23:29:12.526Z</time>
      </trkpt>
      <trkpt lat="35.644877990707755" lon="127.56688493303955">
        <ele>865.5999755859375</ele>
        <time>2023-07-13T23:29:42.526Z</time>
      </trkpt>
      <trkpt lat="35.644709933549166" lon="127.56681594997644">
        <ele>861.5999755859375</ele>
        <time>2023-07-13T23:30:12.526Z</time>
      </trkpt>
      <trkpt lat="35.64441396854818" lon="127.5667769741267">
        <ele>857.7999877929688</ele>
        <time>2023-07-13T23:30:42.526Z</time>
      </trkpt>
      <trkpt lat="35.64426493830979" lon="127.56678694859147">
        <ele>859.2000122070312</ele>
        <time>2023-07-13T23:31:12.526Z</time>
      </trkpt>
      <trkpt lat="35.644065951928496" lon="127.56677093915641">
        <ele>863.5999755859375</ele>
        <time>2023-07-13T23:31:42.526Z</time>
      </trkpt>
      <trkpt lat="35.64384592697024" lon="127.56680798716843">
        <ele>868.4000244140625</ele>
        <time>2023-07-13T23:32:12.526Z</time>
      </trkpt>
      <trkpt lat="35.64376898109913" lon="127.56679692305624">
        <ele>869.2000122070312</ele>
        <time>2023-07-13T23:32:42.526Z</time>
      </trkpt>
      <trkpt lat="35.64368398860097" lon="127.5667629763484">
        <ele>869.7999877929688</ele>
        <time>2023-07-13T23:33:12.526Z</time>
      </trkpt>
      <trkpt lat="35.643590949475765" lon="127.56667597219348">
        <ele>868.7999877929688</ele>
        <time>2023-07-13T23:33:42.526Z</time>
      </trkpt>
      <trkpt lat="35.64348793588579" lon="127.56661092862487">
        <ele>865.4000244140625</ele>
        <time>2023-07-13T23:34:12.526Z</time>
      </trkpt>
      <trkpt lat="35.64315794035792" lon="127.56655292585492">
        <ele>859.7999877929688</ele>
        <time>2023-07-13T23:34:42.526Z</time>
      </trkpt>
      <trkpt lat="35.64286692067981" lon="127.56647296249866">
        <ele>857.2000122070312</ele>
        <time>2023-07-13T23:35:12.526Z</time>
      </trkpt>
      <trkpt lat="35.642537930980325" lon="127.56642795167863">
        <ele>854.7999877929688</ele>
        <time>2023-07-13T23:35:42.526Z</time>
      </trkpt>
      <trkpt lat="35.64231497235596" lon="127.56642292253673">
        <ele>856.4000244140625</ele>
        <time>2023-07-13T23:36:13.526Z</time>
      </trkpt>
      <trkpt lat="35.64220299012959" lon="127.56639995612204">
        <ele>857</ele>
        <time>2023-07-13T23:36:43.526Z</time>
      </trkpt>
      <trkpt lat="35.64203593879938" lon="127.56643692031503">
        <ele>857.5999755859375</ele>
        <time>2023-07-13T23:37:13.526Z</time>
      </trkpt>
      <trkpt lat="35.64196695573628" lon="127.56653599441051">
        <ele>859.5999755859375</ele>
        <time>2023-07-13T23:37:43.526Z</time>
      </trkpt>
      <trkpt lat="35.64184399321675" lon="127.56657999940217">
        <ele>860.7999877929688</ele>
        <time>2023-07-13T23:38:14.526Z</time>
      </trkpt>
      <trkpt lat="35.64177492633462" lon="127.56665199995041">
        <ele>861.5999755859375</ele>
        <time>2023-07-13T23:38:44.526Z</time>
      </trkpt>
      <trkpt lat="35.641481978818774" lon="127.56666398607194">
        <ele>860.2000122070312</ele>
        <time>2023-07-13T23:39:14.526Z</time>
      </trkpt>
      <trkpt lat="35.641139997169375" lon="127.5667109247297">
        <ele>862</ele>
        <time>2023-07-13T23:39:45.526Z</time>
      </trkpt>
      <trkpt lat="35.640706988051534" lon="127.56672592833638">
        <ele>867.7999877929688</ele>
        <time>2023-07-13T23:40:15.526Z</time>
      </trkpt>
      <trkpt lat="35.64048293977976" lon="127.56655694916844">
        <ele>868.7999877929688</ele>
        <time>2023-07-13T23:40:45.526Z</time>
      </trkpt>
      <trkpt lat="35.640406999737024" lon="127.56647296249866">
        <ele>868.7999877929688</ele>
        <time>2023-07-13T23:41:16.526Z</time>
      </trkpt>
      <trkpt lat="35.64027892425656" lon="127.56627196446061">
        <ele>868.7999877929688</ele>
        <time>2023-07-13T23:41:46.526Z</time>
      </trkpt>
      <trkpt lat="35.64017599448562" lon="127.56618596613407">
        <ele>868.4000244140625</ele>
        <time>2023-07-13T23:42:17.526Z</time>
      </trkpt>
      <trkpt lat="35.64002897590399" lon="127.56613299250603">
        <ele>868</ele>
        <time>2023-07-13T23:42:47.526Z</time>
      </trkpt>
      <trkpt lat="35.639999974519014" lon="127.56608597002923">
        <ele>867.7999877929688</ele>
        <time>2023-07-13T23:43:18.526Z</time>
      </trkpt>
      <trkpt lat="35.63988799229264" lon="127.56605395115912">
        <ele>868</ele>
        <time>2023-07-13T23:43:48.526Z</time>
      </trkpt>
      <trkpt lat="35.63971297815442" lon="127.56601598113775">
        <ele>868.2000122070312</ele>
        <time>2023-07-13T23:44:19.526Z</time>
      </trkpt>
      <trkpt lat="35.63952195458114" lon="127.56600592285395">
        <ele>867.5999755859375</ele>
        <time>2023-07-13T23:44:49.526Z</time>
      </trkpt>
      <trkpt lat="35.63938893377781" lon="127.56590198725462">
        <ele>864.2000122070312</ele>
        <time>2023-07-13T23:45:20.526Z</time>
      </trkpt>
      <trkpt lat="35.639355992898345" lon="127.56585999391973">
        <ele>863</ele>
        <time>2023-07-13T23:45:51.526Z</time>
      </trkpt>
      <trkpt lat="35.639353981241584" lon="127.56582495756447">
        <ele>862.2000122070312</ele>
        <time>2023-07-13T23:46:21.526Z</time>
      </trkpt>
      <trkpt lat="35.63921794295311" lon="127.5657769292593">
        <ele>856.7999877929688</ele>
        <time>2023-07-13T23:46:52.526Z</time>
      </trkpt>
      <trkpt lat="35.63909296877682" lon="127.56566595286131">
        <ele>849.5999755859375</ele>
        <time>2023-07-13T23:47:22.526Z</time>
      </trkpt>
      <trkpt lat="35.6390889454633" lon="127.56557693704963">
        <ele>847.4000244140625</ele>
        <time>2023-07-13T23:47:53.526Z</time>
      </trkpt>
      <trkpt lat="35.63904695212841" lon="127.56541994400322">
        <ele>845.7999877929688</ele>
        <time>2023-07-13T23:48:24.526Z</time>
      </trkpt>
      <trkpt lat="35.63893396407366" lon="127.56525096483529">
        <ele>841.4000244140625</ele>
        <time>2023-07-13T23:48:54.526Z</time>
      </trkpt>
      <trkpt lat="35.63883396796882" lon="127.5650099851191">
        <ele>841.4000244140625</ele>
        <time>2023-07-13T23:49:25.526Z</time>
      </trkpt>
      <trkpt lat="35.63872299157083" lon="127.56486992351711">
        <ele>841.4000244140625</ele>
        <time>2023-07-13T23:49:56.526Z</time>
      </trkpt>
      <trkpt lat="35.63868099823594" lon="127.5647509843111">
        <ele>842</ele>
        <time>2023-07-13T23:50:27.526Z</time>
      </trkpt>
      <trkpt lat="35.63854998908937" lon="127.56448896601796">
        <ele>847</ele>
        <time>2023-07-13T23:50:57.526Z</time>
      </trkpt>
      <trkpt lat="35.63854898326099" lon="127.56444797851145">
        <ele>848.2000122070312</ele>
        <time>2023-07-13T23:51:28.526Z</time>
      </trkpt>
      <trkpt lat="35.63846591860056" lon="127.56435099989176">
        <ele>852.2000122070312</ele>
        <time>2023-07-13T23:51:59.526Z</time>
      </trkpt>
      <trkpt lat="35.638473965227604" lon="127.56433993577957">
        <ele>852.5999755859375</ele>
        <time>2023-07-13T23:52:30.526Z</time>
      </trkpt>
      <trkpt lat="35.63842493109405" lon="127.56419291719794">
        <ele>857.7999877929688</ele>
        <time>2023-07-13T23:53:00.526Z</time>
      </trkpt>
      <trkpt lat="35.638390984386206" lon="127.56418696604669">
        <ele>858.5999755859375</ele>
        <time>2023-07-13T23:53:31.526Z</time>
      </trkpt>
      <trkpt lat="35.63835494220257" lon="127.56410096772015">
        <ele>861</ele>
        <time>2023-07-13T23:54:02.526Z</time>
      </trkpt>
      <trkpt lat="35.638370951637626" lon="127.56409392692149">
        <ele>861.2000122070312</ele>
        <time>2023-07-13T23:54:33.526Z</time>
      </trkpt>
      <trkpt lat="35.63835494220257" lon="127.56403994746506">
        <ele>862.5999755859375</ele>
        <time>2023-07-13T23:55:04.526Z</time>
      </trkpt>
      <trkpt lat="35.63836592249572" lon="127.56398093886673">
        <ele>864</ele>
        <time>2023-07-13T23:55:34.526Z</time>
      </trkpt>
      <trkpt lat="35.63828797079623" lon="127.56392595358193">
        <ele>865</ele>
        <time>2023-07-13T23:56:05.526Z</time>
      </trkpt>
      <trkpt lat="35.63832392916083" lon="127.56373493000865">
        <ele>868.2000122070312</ele>
        <time>2023-07-13T23:56:36.526Z</time>
      </trkpt>
      <trkpt lat="35.638265926390886" lon="127.56365396082401">
        <ele>868.7999877929688</ele>
        <time>2023-07-13T23:57:07.526Z</time>
      </trkpt>
      <trkpt lat="35.63826793804765" lon="127.56354499608278">
        <ele>869.2000122070312</ele>
        <time>2023-07-13T23:57:38.526Z</time>
      </trkpt>
      <trkpt lat="35.63821395859122" lon="127.56335296668112">
        <ele>869.2000122070312</ele>
        <time>2023-07-13T23:58:09.526Z</time>
      </trkpt>
      <trkpt lat="35.63822996802628" lon="127.56316898390651">
        <ele>871.4000244140625</ele>
        <time>2023-07-13T23:58:40.526Z</time>
      </trkpt>
      <trkpt lat="35.63818797469139" lon="127.56297695450485">
        <ele>872.4000244140625</ele>
        <time>2023-07-13T23:59:10.526Z</time>
      </trkpt>
      <trkpt lat="35.63819199800491" lon="127.5628829933703">
        <ele>873.2000122070312</ele>
        <time>2023-07-13T23:59:41.526Z</time>
      </trkpt>
      <trkpt lat="35.638152938336134" lon="127.56267998367548">
        <ele>875.5999755859375</ele>
        <time>2023-07-14T00:00:12.526Z</time>
      </trkpt>
      <trkpt lat="35.638155955821276" lon="127.56254293955863">
        <ele>877.2000122070312</ele>
        <time>2023-07-14T00:00:43.526Z</time>
      </trkpt>
      <trkpt lat="35.63814195804298" lon="127.56248292513192">
        <ele>878.2000122070312</ele>
        <time>2023-07-14T00:01:14.526Z</time>
      </trkpt>
      <trkpt lat="35.63807599246502" lon="127.5623919814825">
        <ele>880</ele>
        <time>2023-07-14T00:01:45.526Z</time>
      </trkpt>
      <trkpt lat="35.63806199468672" lon="127.56213197484612">
        <ele>881.5999755859375</ele>
        <time>2023-07-14T00:02:16.526Z</time>
      </trkpt>
      <trkpt lat="35.63810097053647" lon="127.5619019754231">
        <ele>882.2000122070312</ele>
        <time>2023-07-14T00:02:47.526Z</time>
      </trkpt>
      <trkpt lat="35.63805998302996" lon="127.56149997934699">
        <ele>879.2000122070312</ele>
        <time>2023-07-14T00:03:18.526Z</time>
      </trkpt>
      <trkpt lat="35.63806392252445" lon="127.56140392273664">
        <ele>879.2000122070312</ele>
        <time>2023-07-14T00:03:49.526Z</time>
      </trkpt>
      <trkpt lat="35.63815193250775" lon="127.56103998050094">
        <ele>876.7999877929688</ele>
        <time>2023-07-14T00:04:21.526Z</time>
      </trkpt>
      <trkpt lat="35.63814899884164" lon="127.56080897524953">
        <ele>876</ele>
        <time>2023-07-14T00:04:52.526Z</time>
      </trkpt>
      <trkpt lat="35.638087978586555" lon="127.56047998555005">
        <ele>875.7999877929688</ele>
        <time>2023-07-14T00:05:23.526Z</time>
      </trkpt>
      <trkpt lat="35.63809493556619" lon="127.56043799221516">
        <ele>876</ele>
        <time>2023-07-14T00:05:54.526Z</time>
      </trkpt>
      <trkpt lat="35.63806492835283" lon="127.56032994948328">
        <ele>875.4000244140625</ele>
        <time>2023-07-14T00:06:25.526Z</time>
      </trkpt>
      <trkpt lat="35.63808294944465" lon="127.5602229963988">
        <ele>876</ele>
        <time>2023-07-14T00:06:56.526Z</time>
      </trkpt>
      <trkpt lat="35.63800893723965" lon="127.56012199446559">
        <ele>875</ele>
        <time>2023-07-14T00:07:28.526Z</time>
      </trkpt>
      <trkpt lat="35.63797792419791" lon="127.56005795672536">
        <ele>874.7999877929688</ele>
        <time>2023-07-14T00:07:59.526Z</time>
      </trkpt>
      <trkpt lat="35.63796895556152" lon="127.55998897366226">
        <ele>874.7999877929688</ele>
        <time>2023-07-14T00:08:30.526Z</time>
      </trkpt>
      <trkpt lat="35.63786099664867" lon="127.55981898866594">
        <ele>873.5999755859375</ele>
        <time>2023-07-14T00:09:01.526Z</time>
      </trkpt>
      <trkpt lat="35.63784498721361" lon="127.55975696258247">
        <ele>873.4000244140625</ele>
        <time>2023-07-14T00:09:32.526Z</time>
      </trkpt>
      <trkpt lat="35.637915981933475" lon="127.55921297706664">
        <ele>875.5999755859375</ele>
        <time>2023-07-14T00:10:04.526Z</time>
      </trkpt>
      <trkpt lat="35.63797398470342" lon="127.5590939540416">
        <ele>877.5999755859375</ele>
        <time>2023-07-14T00:10:35.526Z</time>
      </trkpt>
      <trkpt lat="35.63797096721828" lon="127.55900493822992">
        <ele>877.5999755859375</ele>
        <time>2023-07-14T00:11:06.526Z</time>
      </trkpt>
      <trkpt lat="35.638005919754505" lon="127.55895498208702">
        <ele>879</ele>
        <time>2023-07-14T00:11:38.526Z</time>
      </trkpt>
      <trkpt lat="35.63796895556152" lon="127.55893293768167">
        <ele>877.7999877929688</ele>
        <time>2023-07-14T00:12:09.526Z</time>
      </trkpt>
      <trkpt lat="35.63798697665334" lon="127.5588679779321">
        <ele>878.5999755859375</ele>
        <time>2023-07-14T00:12:40.526Z</time>
      </trkpt>
      <trkpt lat="35.63794699497521" lon="127.55888197571039">
        <ele>877.4000244140625</ele>
        <time>2023-07-14T00:13:12.526Z</time>
      </trkpt>
      <trkpt lat="35.63803299330175" lon="127.55876496434212">
        <ele>880.2000122070312</ele>
        <time>2023-07-14T00:13:43.526Z</time>
      </trkpt>
      <trkpt lat="35.63805595971644" lon="127.55868097767234">
        <ele>881</ele>
        <time>2023-07-14T00:14:14.526Z</time>
      </trkpt>
      <trkpt lat="35.637959986925125" lon="127.55848492495716">
        <ele>880</ele>
        <time>2023-07-14T00:14:46.526Z</time>
      </trkpt>
      <trkpt lat="35.63788798637688" lon="127.55839699879289">
        <ele>878.7999877929688</ele>
        <time>2023-07-14T00:15:17.526Z</time>
      </trkpt>
      <trkpt lat="35.6374379619956" lon="127.55816792137921">
        <ele>876.4000244140625</ele>
        <time>2023-07-14T00:15:49.526Z</time>
      </trkpt>
      <trkpt lat="35.63741197809577" lon="127.55812894552946">
        <ele>876.7999877929688</ele>
        <time>2023-07-14T00:16:20.526Z</time>
      </trkpt>
      <trkpt lat="35.63733394257724" lon="127.55808192305267">
        <ele>877.4000244140625</ele>
        <time>2023-07-14T00:16:51.526Z</time>
      </trkpt>
      <trkpt lat="35.63730091787875" lon="127.558029955253">
        <ele>877.7999877929688</ele>
        <time>2023-07-14T00:17:23.526Z</time>
      </trkpt>
      <trkpt lat="35.63728398643434" lon="127.55802199244499">
        <ele>878</ele>
        <time>2023-07-14T00:17:54.526Z</time>
      </trkpt>
      <trkpt lat="35.63728298060596" lon="127.55803791806102">
        <ele>878</ele>
        <time>2023-07-14T00:18:26.526Z</time>
      </trkpt>
      <trkpt lat="35.63728298060596" lon="127.55801696330309">
        <ele>878</ele>
        <time>2023-07-14T00:18:57.526Z</time>
      </trkpt>
      <trkpt lat="35.63723796978593" lon="127.55801193416119">
        <ele>878.5999755859375</ele>
        <time>2023-07-14T00:19:29.526Z</time>
      </trkpt>
      <trkpt lat="35.63716194592416" lon="127.55794999189675">
        <ele>879.7999877929688</ele>
        <time>2023-07-14T00:20:00.526Z</time>
      </trkpt>
      <trkpt lat="35.63700696453452" lon="127.55772393196821">
        <ele>882.7999877929688</ele>
        <time>2023-07-14T00:20:32.526Z</time>
      </trkpt>
      <trkpt lat="35.63694695010781" lon="127.5576689466834">
        <ele>884</ele>
        <time>2023-07-14T00:21:03.526Z</time>
      </trkpt>
      <trkpt lat="35.636864975094795" lon="127.55763692781329">
        <ele>885.2000122070312</ele>
        <time>2023-07-14T00:21:35.526Z</time>
      </trkpt>
      <trkpt lat="35.636782916262746" lon="127.55756299942732">
        <ele>886.7999877929688</ele>
        <time>2023-07-14T00:22:06.526Z</time>
      </trkpt>
      <trkpt lat="35.63651192933321" lon="127.5574519392103">
        <ele>889</ele>
        <time>2023-07-14T00:22:38.526Z</time>
      </trkpt>
      <trkpt lat="35.636135917156935" lon="127.55743492394686">
        <ele>889.4000244140625</ele>
        <time>2023-07-14T00:23:10.526Z</time>
      </trkpt>
      <trkpt lat="35.63608495518565" lon="127.55747498944402">
        <ele>889.5999755859375</ele>
        <time>2023-07-14T00:23:41.526Z</time>
      </trkpt>
      <trkpt lat="35.635964926332235" lon="127.55750097334385">
        <ele>889.2000122070312</ele>
        <time>2023-07-14T00:24:13.526Z</time>
      </trkpt>
      <trkpt lat="35.63593693077564" lon="127.5575349200517">
        <ele>889.4000244140625</ele>
        <time>2023-07-14T00:24:44.526Z</time>
      </trkpt>
      <trkpt lat="35.63588295131922" lon="127.55756098777056">
        <ele>889.4000244140625</ele>
        <time>2023-07-14T00:25:16.526Z</time>
      </trkpt>
      <trkpt lat="35.63574096187949" lon="127.55758596584201">
        <ele>892</ele>
        <time>2023-07-14T00:25:48.526Z</time>
      </trkpt>
      <trkpt lat="35.63560693524778" lon="127.55763692781329">
        <ele>894.5999755859375</ele>
        <time>2023-07-14T00:26:19.526Z</time>
      </trkpt>
      <trkpt lat="35.635466957464814" lon="127.55774195306003">
        <ele>897.2000122070312</ele>
        <time>2023-07-14T00:26:51.526Z</time>
      </trkpt>
      <trkpt lat="35.63534198328853" lon="127.55774698220193">
        <ele>899.2000122070312</ele>
        <time>2023-07-14T00:27:23.526Z</time>
      </trkpt>
      <trkpt lat="35.63526294194162" lon="127.55778193473816">
        <ele>899.5999755859375</ele>
        <time>2023-07-14T00:27:55.526Z</time>
      </trkpt>
      <trkpt lat="35.63525799661875" lon="127.55779693834484">
        <ele>899.7999877929688</ele>
        <time>2023-07-14T00:28:26.526Z</time>
      </trkpt>
      <trkpt lat="35.63513997942209" lon="127.55779199302197">
        <ele>899.4000244140625</ele>
        <time>2023-07-14T00:28:58.526Z</time>
      </trkpt>
      <trkpt lat="35.63504794612527" lon="127.55780599080026">
        <ele>899</ele>
        <time>2023-07-14T00:29:30.526Z</time>
      </trkpt>
      <trkpt lat="35.63500092364848" lon="127.55780297331512">
        <ele>898.7999877929688</ele>
        <time>2023-07-14T00:30:02.526Z</time>
      </trkpt>
      <trkpt lat="35.63497795723379" lon="127.55778394639492">
        <ele>898.4000244140625</ele>
        <time>2023-07-14T00:30:33.526Z</time>
      </trkpt>
      <trkpt lat="35.63493495807052" lon="127.55779492668808">
        <ele>898.2000122070312</ele>
        <time>2023-07-14T00:31:05.526Z</time>
      </trkpt>
      <trkpt lat="35.63491593115032" lon="127.55782292224467">
        <ele>898.2000122070312</ele>
        <time>2023-07-14T00:31:37.526Z</time>
      </trkpt>
      <trkpt lat="35.63485499471426" lon="127.55779794417322">
        <ele>897.7999877929688</ele>
        <time>2023-07-14T00:32:09.526Z</time>
      </trkpt>
      <trkpt lat="35.63477193005383" lon="127.55782191641629">
        <ele>897</ele>
        <time>2023-07-14T00:32:40.526Z</time>
      </trkpt>
      <trkpt lat="35.634692972525954" lon="127.5577799230814">
        <ele>897.4000244140625</ele>
        <time>2023-07-14T00:33:12.526Z</time>
      </trkpt>
      <trkpt lat="35.63461493700743" lon="127.55777891725302">
        <ele>898</ele>
        <time>2023-07-14T00:33:44.526Z</time>
      </trkpt>
      <trkpt lat="35.63459599390626" lon="127.55780599080026">
        <ele>898</ele>
        <time>2023-07-14T00:34:16.526Z</time>
      </trkpt>
      <trkpt lat="35.634499937295914" lon="127.55781898275018">
        <ele>898.4000244140625</ele>
        <time>2023-07-14T00:34:48.526Z</time>
      </trkpt>
      <trkpt lat="35.63436792232096" lon="127.55778294056654">
        <ele>900.2000122070312</ele>
        <time>2023-07-14T00:35:20.526Z</time>
      </trkpt>
      <trkpt lat="35.634201960638165" lon="127.55777598358691">
        <ele>902</ele>
        <time>2023-07-14T00:35:51.526Z</time>
      </trkpt>
      <trkpt lat="35.63401194289327" lon="127.55772292613983">
        <ele>904.4000244140625</ele>
        <time>2023-07-14T00:36:23.526Z</time>
      </trkpt>
      <trkpt lat="35.63393399119377" lon="127.55761697888374">
        <ele>906.4000244140625</ele>
        <time>2023-07-14T00:36:55.526Z</time>
      </trkpt>
      <trkpt lat="35.63382594846189" lon="127.55739997141063">
        <ele>909.7999877929688</ele>
        <time>2023-07-14T00:37:27.526Z</time>
      </trkpt>
      <trkpt lat="35.63364791683853" lon="127.55718095228076">
        <ele>913.2000122070312</ele>
        <time>2023-07-14T00:37:59.526Z</time>
      </trkpt>
      <trkpt lat="35.63356393016875" lon="127.55710593424737">
        <ele>914</ele>
        <time>2023-07-14T00:38:31.526Z</time>
      </trkpt>
      <trkpt lat="35.633553955703974" lon="127.55707098171115">
        <ele>914.2000122070312</ele>
        <time>2023-07-14T00:39:03.526Z</time>
      </trkpt>
      <trkpt lat="35.633492935448885" lon="127.556993952021">
        <ele>915</ele>
        <time>2023-07-14T00:39:35.526Z</time>
      </trkpt>
      <trkpt lat="35.633524954319" lon="127.55695899948478">
        <ele>914.7999877929688</ele>
        <time>2023-07-14T00:40:07.526Z</time>
      </trkpt>
      <trkpt lat="35.633426969870925" lon="127.55693796090782">
        <ele>915.4000244140625</ele>
        <time>2023-07-14T00:40:39.526Z</time>
      </trkpt>
      <trkpt lat="35.633299984037876" lon="127.55681994371116">
        <ele>915.4000244140625</ele>
        <time>2023-07-14T00:41:11.526Z</time>
      </trkpt>
      <trkpt lat="35.63323091715574" lon="127.5567819736898">
        <ele>915.7999877929688</ele>
        <time>2023-07-14T00:41:43.526Z</time>
      </trkpt>
      <trkpt lat="35.633143996819854" lon="127.55666496232152">
        <ele>915.5999755859375</ele>
        <time>2023-07-14T00:42:15.526Z</time>
      </trkpt>
      <trkpt lat="35.63310292549431" lon="127.55657494068146">
        <ele>915.2000122070312</ele>
        <time>2023-07-14T00:42:47.526Z</time>
      </trkpt>
      <trkpt lat="35.63302698545158" lon="127.55648198537529">
        <ele>915</ele>
        <time>2023-07-14T00:43:19.526Z</time>
      </trkpt>
      <trkpt lat="35.632804948836565" lon="127.55633697845042">
        <ele>915.7999877929688</ele>
        <time>2023-07-14T00:43:51.526Z</time>
      </trkpt>
      <trkpt lat="35.63270595856011" lon="127.55633094348013">
        <ele>916.4000244140625</ele>
        <time>2023-07-14T00:44:23.526Z</time>
      </trkpt>
      <trkpt lat="35.63249196857214" lon="127.55634594708681">
        <ele>916.4000244140625</ele>
        <time>2023-07-14T00:44:55.526Z</time>
      </trkpt>
      <trkpt lat="35.63247294165194" lon="127.55635994486511">
        <ele>916.4000244140625</ele>
        <time>2023-07-14T00:45:27.526Z</time>
      </trkpt>
      <trkpt lat="35.632376968860626" lon="127.55634997040033">
        <ele>917.4000244140625</ele>
        <time>2023-07-14T00:46:00.526Z</time>
      </trkpt>
      <trkpt lat="35.63227496109903" lon="127.55631694570184">
        <ele>918.7999877929688</ele>
        <time>2023-07-14T00:46:32.526Z</time>
      </trkpt>
      <trkpt lat="35.63221695832908" lon="127.5562359765172">
        <ele>920.5999755859375</ele>
        <time>2023-07-14T00:47:04.526Z</time>
      </trkpt>
      <trkpt lat="35.63211193308234" lon="127.55617998540401">
        <ele>921.7999877929688</ele>
        <time>2023-07-14T00:47:36.526Z</time>
      </trkpt>
      <trkpt lat="35.631926944479346" lon="127.55592794157565">
        <ele>924</ele>
        <time>2023-07-14T00:48:08.526Z</time>
      </trkpt>
      <trkpt lat="35.631661992520094" lon="127.5557079166174">
        <ele>926.7999877929688</ele>
        <time>2023-07-14T00:48:40.526Z</time>
      </trkpt>
      <trkpt lat="35.63152092508972" lon="127.55550398491323">
        <ele>933.7999877929688</ele>
        <time>2023-07-14T00:49:13.526Z</time>
      </trkpt>
      <trkpt lat="35.63139393925667" lon="127.55539099685848">
        <ele>939</ele>
        <time>2023-07-14T00:49:45.526Z</time>
      </trkpt>
      <trkpt lat="35.63132797367871" lon="127.55525697022676">
        <ele>943.7999877929688</ele>
        <time>2023-07-14T00:50:17.526Z</time>
      </trkpt>
      <trkpt lat="35.63127491623163" lon="127.55521195940673">
        <ele>946.2000122070312</ele>
        <time>2023-07-14T00:50:50.526Z</time>
      </trkpt>
      <trkpt lat="35.6312729883939" lon="127.5551859755069">
        <ele>946.5999755859375</ele>
        <time>2023-07-14T00:51:22.526Z</time>
      </trkpt>
      <trkpt lat="35.63122898340225" lon="127.55517499521375">
        <ele>948.4000244140625</ele>
        <time>2023-07-14T00:51:54.526Z</time>
      </trkpt>
      <trkpt lat="35.631195958703756" lon="127.55511992610991">
        <ele>950.2000122070312</ele>
        <time>2023-07-14T00:52:26.526Z</time>
      </trkpt>
      <trkpt lat="35.63118397258222" lon="127.55512696690857">
        <ele>950.4000244140625</ele>
        <time>2023-07-14T00:52:59.526Z</time>
      </trkpt>
      <trkpt lat="35.63105698674917" lon="127.5549169164151">
        <ele>953.7999877929688</ele>
        <time>2023-07-14T00:53:31.526Z</time>
      </trkpt>
      <trkpt lat="35.63098498620093" lon="127.55483997054398">
        <ele>954.2000122070312</ele>
        <time>2023-07-14T00:54:03.526Z</time>
      </trkpt>
      <trkpt lat="35.6309209484607" lon="127.55480099469423">
        <ele>954.7999877929688</ele>
        <time>2023-07-14T00:54:36.526Z</time>
      </trkpt>
      <trkpt lat="35.63082095235586" lon="127.55482899025083">
        <ele>955.2000122070312</ele>
        <time>2023-07-14T00:55:08.526Z</time>
      </trkpt>
      <trkpt lat="35.63077694736421" lon="127.55485095083714">
        <ele>954.7999877929688</ele>
        <time>2023-07-14T00:55:41.526Z</time>
      </trkpt>
      <trkpt lat="35.63062992878258" lon="127.55499294027686">
        <ele>957.4000244140625</ele>
        <time>2023-07-14T00:56:13.526Z</time>
      </trkpt>
      <trkpt lat="35.630609979853034" lon="127.55503795109689">
        <ele>958</ele>
        <time>2023-07-14T00:56:45.526Z</time>
      </trkpt>
      <trkpt lat="35.63054099678993" lon="127.55504096858203">
        <ele>958</ele>
        <time>2023-07-14T00:57:18.526Z</time>
      </trkpt>
      <trkpt lat="35.63044594600797" lon="127.55502697080374">
        <ele>957</ele>
        <time>2023-07-14T00:57:50.526Z</time>
      </trkpt>
      <trkpt lat="35.63029993325472" lon="127.55497491918504">
        <ele>955</ele>
        <time>2023-07-14T00:58:23.526Z</time>
      </trkpt>
      <trkpt lat="35.6302179582417" lon="127.55498497746885">
        <ele>954.2000122070312</ele>
        <time>2023-07-14T00:58:55.526Z</time>
      </trkpt>
      <trkpt lat="35.63011494465172" lon="127.55494994111359">
        <ele>952.2000122070312</ele>
        <time>2023-07-14T00:59:28.526Z</time>
      </trkpt>
      <trkpt lat="35.629968931898475" lon="127.55492798052728">
        <ele>950.7999877929688</ele>
        <time>2023-07-14T01:00:00.526Z</time>
      </trkpt>
      <trkpt lat="35.6298659183085" lon="127.55489193834364">
        <ele>949.5999755859375</ele>
        <time>2023-07-14T01:00:32.526Z</time>
      </trkpt>
      <trkpt lat="35.62973993830383" lon="127.55481298081577">
        <ele>948</ele>
        <time>2023-07-14T01:01:05.526Z</time>
      </trkpt>
      <trkpt lat="35.62945595942438" lon="127.55475799553096">
        <ele>947.4000244140625</ele>
        <time>2023-07-14T01:01:38.526Z</time>
      </trkpt>
      <trkpt lat="35.629365937784314" lon="127.55472094751894">
        <ele>947</ele>
        <time>2023-07-14T01:02:10.526Z</time>
      </trkpt>
      <trkpt lat="35.6292889919132" lon="127.55454995669425">
        <ele>948.5999755859375</ele>
        <time>2023-07-14T01:02:43.526Z</time>
      </trkpt>
      <trkpt lat="35.629237946122885" lon="127.55449991673231">
        <ele>948.7999877929688</ele>
        <time>2023-07-14T01:03:15.526Z</time>
      </trkpt>
      <trkpt lat="35.6291489303112" lon="127.55446094088256">
        <ele>948.2000122070312</ele>
        <time>2023-07-14T01:03:48.526Z</time>
      </trkpt>
      <trkpt lat="35.629010964185" lon="127.55428592674434">
        <ele>948.7999877929688</ele>
        <time>2023-07-14T01:04:20.526Z</time>
      </trkpt>
      <trkpt lat="35.62886696308851" lon="127.55416095256805">
        <ele>948.7999877929688</ele>
        <time>2023-07-14T01:04:53.526Z</time>
      </trkpt>
      <trkpt lat="35.62881097197533" lon="127.5541359744966">
        <ele>948.4000244140625</ele>
        <time>2023-07-14T01:05:26.526Z</time>
      </trkpt>
      <trkpt lat="35.628720950335264" lon="127.55412692204118">
        <ele>948</ele>
        <time>2023-07-14T01:05:58.526Z</time>
      </trkpt>
      <trkpt lat="35.6286689825356" lon="127.55409892648458">
        <ele>947.7999877929688</ele>
        <time>2023-07-14T01:06:31.526Z</time>
      </trkpt>
      <trkpt lat="35.62862799502909" lon="127.55410797894001">
        <ele>948</ele>
        <time>2023-07-14T01:07:04.526Z</time>
      </trkpt>
      <trkpt lat="35.62841392122209" lon="127.55408492870629">
        <ele>950.7999877929688</ele>
        <time>2023-07-14T01:07:36.526Z</time>
      </trkpt>
      <trkpt lat="35.6282149348408" lon="127.55397797562182">
        <ele>953.4000244140625</ele>
        <time>2023-07-14T01:08:09.526Z</time>
      </trkpt>
      <trkpt lat="35.6281129270792" lon="127.55396397784352">
        <ele>954.4000244140625</ele>
        <time>2023-07-14T01:08:42.526Z</time>
      </trkpt>
      <trkpt lat="35.62813497148454" lon="127.55397194065154">
        <ele>954.2000122070312</ele>
        <time>2023-07-14T01:09:14.526Z</time>
      </trkpt>
      <trkpt lat="35.627945959568024" lon="127.55370698869228">
        <ele>952.5999755859375</ele>
        <time>2023-07-14T01:09:47.526Z</time>
      </trkpt>
      <trkpt lat="35.627909917384386" lon="127.5536959245801">
        <ele>952.5999755859375</ele>
        <time>2023-07-14T01:10:20.526Z</time>
      </trkpt>
      <trkpt lat="35.62783095985651" lon="127.55356793291867">
        <ele>951</ele>
        <time>2023-07-14T01:10:53.526Z</time>
      </trkpt>
      <trkpt lat="35.62772593460977" lon="127.5535109359771">
        <ele>951.5999755859375</ele>
        <time>2023-07-14T01:11:26.526Z</time>
      </trkpt>
      <trkpt lat="35.627472968772054" lon="127.55345896817744">
        <ele>951.5999755859375</ele>
        <time>2023-07-14T01:11:58.526Z</time>
      </trkpt>
      <trkpt lat="35.62731396406889" lon="127.55335595458746">
        <ele>953.5999755859375</ele>
        <time>2023-07-14T01:12:31.526Z</time>
      </trkpt>
      <trkpt lat="35.62709796242416" lon="127.55314799956977">
        <ele>958.2000122070312</ele>
        <time>2023-07-14T01:13:04.526Z</time>
      </trkpt>
      <trkpt lat="35.627005929127336" lon="127.55307893268764">
        <ele>960.4000244140625</ele>
        <time>2023-07-14T01:13:37.526Z</time>
      </trkpt>
      <trkpt lat="35.62694499269128" lon="127.55305998958647">
        <ele>961</ele>
        <time>2023-07-14T01:14:10.526Z</time>
      </trkpt>
      <trkpt lat="35.6269109621644" lon="127.55302495323122">
        <ele>960.4000244140625</ele>
        <time>2023-07-14T01:14:43.526Z</time>
      </trkpt>
      <trkpt lat="35.62692596577108" lon="127.552997963503">
        <ele>960.2000122070312</ele>
        <time>2023-07-14T01:15:16.526Z</time>
      </trkpt>
      <trkpt lat="35.626854971051216" lon="127.55297793075442">
        <ele>959.7999877929688</ele>
        <time>2023-07-14T01:15:49.526Z</time>
      </trkpt>
      <trkpt lat="35.62673594802618" lon="127.55288497544825">
        <ele>958.5999755859375</ele>
        <time>2023-07-14T01:16:21.526Z</time>
      </trkpt>
      <trkpt lat="35.62673795968294" lon="127.55290593020618">
        <ele>959</ele>
        <time>2023-07-14T01:16:54.526Z</time>
      </trkpt>
      <trkpt lat="35.62678095884621" lon="127.55289997905493">
        <ele>958.5999755859375</ele>
        <time>2023-07-14T01:17:27.526Z</time>
      </trkpt>
      <trkpt lat="35.62681398354471" lon="127.55291992798448">
        <ele>958.7999877929688</ele>
        <time>2023-07-14T01:18:00.526Z</time>
      </trkpt>
      <trkpt lat="35.62677794136107" lon="127.55271792411804">
        <ele>956.4000244140625</ele>
        <time>2023-07-14T01:18:33.526Z</time>
      </trkpt>
      <trkpt lat="35.62677391804755" lon="127.55254592746496">
        <ele>953.4000244140625</ele>
        <time>2023-07-14T01:19:06.526Z</time>
      </trkpt>
      <trkpt lat="35.62688296660781" lon="127.5523179396987">
        <ele>950.7999877929688</ele>
        <time>2023-07-14T01:19:39.526Z</time>
      </trkpt>
      <trkpt lat="35.62686293385923" lon="127.55210294388235">
        <ele>946.2000122070312</ele>
        <time>2023-07-14T01:20:12.526Z</time>
      </trkpt>
      <trkpt lat="35.62684692442417" lon="127.55207695998251">
        <ele>945.5999755859375</ele>
        <time>2023-07-14T01:20:45.526Z</time>
      </trkpt>
      <trkpt lat="35.626852959394455" lon="127.5520169455558">
        <ele>944.5999755859375</ele>
        <time>2023-07-14T01:21:18.526Z</time>
      </trkpt>
      <trkpt lat="35.626834938302636" lon="127.55200093612075">
        <ele>944.2000122070312</ele>
        <time>2023-07-14T01:21:51.526Z</time>
      </trkpt>
      <trkpt lat="35.62686192803085" lon="127.55186196416616">
        <ele>939.7999877929688</ele>
        <time>2023-07-14T01:22:24.526Z</time>
      </trkpt>
      <trkpt lat="35.62685698270798" lon="127.5517389178276">
        <ele>933.7999877929688</ele>
        <time>2023-07-14T01:22:57.526Z</time>
      </trkpt>
      <trkpt lat="35.62692596577108" lon="127.5516149494797">
        <ele>927.7999877929688</ele>
        <time>2023-07-14T01:23:30.526Z</time>
      </trkpt>
      <trkpt lat="35.62695396132767" lon="127.55148192867637">
        <ele>921.5999755859375</ele>
        <time>2023-07-14T01:24:03.526Z</time>
      </trkpt>
      <trkpt lat="35.626981956884265" lon="127.55144999362528">
        <ele>920</ele>
        <time>2023-07-14T01:24:37.526Z</time>
      </trkpt>
      <trkpt lat="35.62698698602617" lon="127.55136491730809">
        <ele>916.4000244140625</ele>
        <time>2023-07-14T01:25:10.526Z</time>
      </trkpt>
      <trkpt lat="35.6271839607507" lon="127.55093693733215">
        <ele>903.5999755859375</ele>
        <time>2023-07-14T01:25:43.526Z</time>
      </trkpt>
      <trkpt lat="35.627218997105956" lon="127.55088899284601">
        <ele>902.7999877929688</ele>
        <time>2023-07-14T01:26:16.526Z</time>
      </trkpt>
      <trkpt lat="35.6272529438138" lon="127.55076494067907">
        <ele>900.5999755859375</ele>
        <time>2023-07-14T01:26:49.526Z</time>
      </trkpt>
      <trkpt lat="35.62724799849093" lon="127.55071892403066">
        <ele>900</ele>
        <time>2023-07-14T01:27:22.526Z</time>
      </trkpt>
      <trkpt lat="35.62730994075537" lon="127.5506619270891">
        <ele>898.4000244140625</ele>
        <time>2023-07-14T01:27:55.526Z</time>
      </trkpt>
      <trkpt lat="35.627344977110624" lon="127.5504489429295">
        <ele>893.5999755859375</ele>
        <time>2023-07-14T01:28:29.526Z</time>
      </trkpt>
      <trkpt lat="35.62733097933233" lon="127.55038297735155">
        <ele>891.7999877929688</ele>
        <time>2023-07-14T01:29:02.526Z</time>
      </trkpt>
      <trkpt lat="35.627344977110624" lon="127.55026697181165">
        <ele>889.4000244140625</ele>
        <time>2023-07-14T01:29:35.526Z</time>
      </trkpt>
      <trkpt lat="35.627325950190425" lon="127.55006899125874">
        <ele>885.4000244140625</ele>
        <time>2023-07-14T01:30:08.526Z</time>
      </trkpt>
      <trkpt lat="35.62735696323216" lon="127.5500109884888">
        <ele>885.4000244140625</ele>
        <time>2023-07-14T01:30:41.526Z</time>
      </trkpt>
      <trkpt lat="35.62736492604017" lon="127.54990395158529">
        <ele>882.4000244140625</ele>
        <time>2023-07-14T01:31:15.526Z</time>
      </trkpt>
      <trkpt lat="35.62746299430728" lon="127.54977797158062">
        <ele>882.5999755859375</ele>
        <time>2023-07-14T01:31:48.526Z</time>
      </trkpt>
      <trkpt lat="35.627515967935324" lon="127.54953699186444">
        <ele>877</ele>
        <time>2023-07-14T01:32:21.526Z</time>
      </trkpt>
      <trkpt lat="35.62749199569225" lon="127.54933197051287">
        <ele>866.4000244140625</ele>
        <time>2023-07-14T01:32:54.526Z</time>
      </trkpt>
      <trkpt lat="35.62750792130828" lon="127.54925795830786">
        <ele>862.2000122070312</ele>
        <time>2023-07-14T01:33:28.526Z</time>
      </trkpt>
      <trkpt lat="35.62748093158007" lon="127.54923792555928">
        <ele>860.5999755859375</ele>
        <time>2023-07-14T01:34:01.526Z</time>
      </trkpt>
      <trkpt lat="35.62747196294367" lon="127.5492059905082">
        <ele>858.4000244140625</ele>
        <time>2023-07-14T01:34:34.526Z</time>
      </trkpt>
      <trkpt lat="35.627515967935324" lon="127.5490939244628">
        <ele>853.2000122070312</ele>
        <time>2023-07-14T01:35:08.526Z</time>
      </trkpt>
      <trkpt lat="35.627496941015124" lon="127.54906693473458">
        <ele>851.4000244140625</ele>
        <time>2023-07-14T01:35:41.526Z</time>
      </trkpt>
      <trkpt lat="35.627498952671885" lon="127.54902695305645">
        <ele>849.4000244140625</ele>
        <time>2023-07-14T01:36:14.526Z</time>
      </trkpt>
      <trkpt lat="35.62755494378507" lon="127.54893198609352">
        <ele>845.2000122070312</ele>
        <time>2023-07-14T01:36:48.526Z</time>
      </trkpt>
      <trkpt lat="35.627603977918625" lon="127.54888596944511">
        <ele>843.7999877929688</ele>
        <time>2023-07-14T01:37:21.526Z</time>
      </trkpt>
      <trkpt lat="35.627624932676554" lon="127.54882796667516">
        <ele>842</ele>
        <time>2023-07-14T01:37:54.526Z</time>
      </trkpt>
      <trkpt lat="35.62759894877672" lon="127.54869092255831">
        <ele>837.4000244140625</ele>
        <time>2023-07-14T01:38:28.526Z</time>
      </trkpt>
      <trkpt lat="35.627608923241496" lon="127.54859696142375">
        <ele>834.4000244140625</ele>
        <time>2023-07-14T01:39:01.526Z</time>
      </trkpt>
      <trkpt lat="35.627581933513284" lon="127.54857894033194">
        <ele>833.7999877929688</ele>
        <time>2023-07-14T01:39:35.526Z</time>
      </trkpt>
      <trkpt lat="35.627581933513284" lon="127.54852496087551">
        <ele>832.2000122070312</ele>
        <time>2023-07-14T01:40:08.526Z</time>
      </trkpt>
      <trkpt lat="35.62753398902714" lon="127.54847995005548">
        <ele>830.7999877929688</ele>
        <time>2023-07-14T01:40:41.526Z</time>
      </trkpt>
      <trkpt lat="35.627558967098594" lon="127.54833091981709">
        <ele>826.4000244140625</ele>
        <time>2023-07-14T01:41:15.526Z</time>
      </trkpt>
      <trkpt lat="35.627540946006775" lon="127.54825699143112">
        <ele>824.5999755859375</ele>
        <time>2023-07-14T01:41:48.526Z</time>
      </trkpt>
      <trkpt lat="35.627542957663536" lon="127.54815791733563">
        <ele>822.2000122070312</ele>
        <time>2023-07-14T01:42:22.526Z</time>
      </trkpt>
      <trkpt lat="35.627522924914956" lon="127.54810494370759">
        <ele>820.7999877929688</ele>
        <time>2023-07-14T01:42:55.526Z</time>
      </trkpt>
      <trkpt lat="35.6275259424001" lon="127.5479939673096">
        <ele>818.7999877929688</ele>
        <time>2023-07-14T01:43:28.526Z</time>
      </trkpt>
      <trkpt lat="35.627430975437164" lon="127.54770596511662">
        <ele>814</ele>
        <time>2023-07-14T01:44:02.526Z</time>
      </trkpt>
      <trkpt lat="35.627366937696934" lon="127.54739399068058">
        <ele>809.5999755859375</ele>
        <time>2023-07-14T01:44:35.526Z</time>
      </trkpt>
      <trkpt lat="35.62737699598074" lon="127.54725996404886">
        <ele>807.4000244140625</ele>
        <time>2023-07-14T01:45:09.526Z</time>
      </trkpt>
      <trkpt lat="35.62734195962548" lon="127.54715896211565">
        <ele>805.5999755859375</ele>
        <time>2023-07-14T01:45:42.526Z</time>
      </trkpt>
      <trkpt lat="35.627216985449195" lon="127.54689493216574">
        <ele>800</ele>
        <time>2023-07-14T01:46:16.526Z</time>
      </trkpt>
      <trkpt lat="35.6271649338305" lon="127.54683399572968">
        <ele>797.7999877929688</ele>
        <time>2023-07-14T01:46:50.526Z</time>
      </trkpt>
      <trkpt lat="35.62715898267925" lon="127.5467949360609">
        <ele>796.5999755859375</ele>
        <time>2023-07-14T01:47:23.526Z</time>
      </trkpt>
      <trkpt lat="35.62709695659578" lon="127.546744979918">
        <ele>794.7999877929688</ele>
        <time>2023-07-14T01:47:57.526Z</time>
      </trkpt>
      <trkpt lat="35.626918924972415" lon="127.54654197022319">
        <ele>788.7999877929688</ele>
        <time>2023-07-14T01:48:30.526Z</time>
      </trkpt>
      <trkpt lat="35.6268419791013" lon="127.54648396745324">
        <ele>786.2000122070312</ele>
        <time>2023-07-14T01:49:04.526Z</time>
      </trkpt>
      <trkpt lat="35.626722956076264" lon="127.54631993360817">
        <ele>781.5999755859375</ele>
        <time>2023-07-14T01:49:38.526Z</time>
      </trkpt>
      <trkpt lat="35.6266659591347" lon="127.54629394970834">
        <ele>780</ele>
        <time>2023-07-14T01:50:11.526Z</time>
      </trkpt>
      <trkpt lat="35.62664592638612" lon="127.54620593972504">
        <ele>778.4000244140625</ele>
        <time>2023-07-14T01:50:45.526Z</time>
      </trkpt>
      <trkpt lat="35.62656797468662" lon="127.54606696777046">
        <ele>775.4000244140625</ele>
        <time>2023-07-14T01:51:18.526Z</time>
      </trkpt>
      <trkpt lat="35.62656495720148" lon="127.54601592198014">
        <ele>775.2000122070312</ele>
        <time>2023-07-14T01:51:52.526Z</time>
      </trkpt>
      <trkpt lat="35.6266849860549" lon="127.54578399471939">
        <ele>774.5999755859375</ele>
        <time>2023-07-14T01:52:26.526Z</time>
      </trkpt>
      <trkpt lat="35.62669395469129" lon="127.54562398418784">
        <ele>771.2000122070312</ele>
        <time>2023-07-14T01:53:00.526Z</time>
      </trkpt>
      <trkpt lat="35.6267729960382" lon="127.54538895562291">
        <ele>766.2000122070312</ele>
        <time>2023-07-14T01:53:33.526Z</time>
      </trkpt>
      <trkpt lat="35.62680199742317" lon="127.54532994702458">
        <ele>764.4000244140625</ele>
        <time>2023-07-14T01:54:07.526Z</time>
      </trkpt>
      <trkpt lat="35.626894952729344" lon="127.54522299394011">
        <ele>761.4000244140625</ele>
        <time>2023-07-14T01:54:41.526Z</time>
      </trkpt>
      <trkpt lat="35.62690392136574" lon="127.54515099339187">
        <ele>759.7999877929688</ele>
        <time>2023-07-14T01:55:14.526Z</time>
      </trkpt>
      <trkpt lat="35.62688095495105" lon="127.54514898173511">
        <ele>760</ele>
        <time>2023-07-14T01:55:48.526Z</time>
      </trkpt>
      <trkpt lat="35.6268369499594" lon="127.5451859459281">
        <ele>761.2000122070312</ele>
        <time>2023-07-14T01:56:22.526Z</time>
      </trkpt>
      <trkpt lat="35.626704934984446" lon="127.54518896341324">
        <ele>762.2000122070312</ele>
        <time>2023-07-14T01:56:56.526Z</time>
      </trkpt>
      <trkpt lat="35.62658993527293" lon="127.54514797590673">
        <ele>762.5999755859375</ele>
        <time>2023-07-14T01:57:30.526Z</time>
      </trkpt>
      <trkpt lat="35.62651298940182" lon="127.54509491845965">
        <ele>762.5999755859375</ele>
        <time>2023-07-14T01:58:03.526Z</time>
      </trkpt>
      <trkpt lat="35.62645599246025" lon="127.54497899673879">
        <ele>761.2000122070312</ele>
        <time>2023-07-14T01:58:37.526Z</time>
      </trkpt>
      <trkpt lat="35.626403940841556" lon="127.54475997760892">
        <ele>758.2000122070312</ele>
        <time>2023-07-14T01:59:11.526Z</time>
      </trkpt>
      <trkpt lat="35.626359935849905" lon="127.54465193487704">
        <ele>757</ele>
        <time>2023-07-14T01:59:45.526Z</time>
      </trkpt>
      <trkpt lat="35.62633856565269" lon="127.54460824045593">
        <ele>756.6357821949041</ele>
        <time>2023-07-14T02:00:01.005Z</time>
      </trkpt>
      <trkpt lat="35.626312997192144" lon="127.54455596208572">
        <ele>756.2000122070312</ele>
        <time>2023-07-14T02:00:19.526Z</time>
      </trkpt>
      <trkpt lat="35.62626798637211" lon="127.54452293738723">
        <ele>755.5999755859375</ele>
        <time>2023-07-14T02:00:53.526Z</time>
      </trkpt>
      <trkpt lat="35.626230938360095" lon="127.54441497847438">
        <ele>754.7999877929688</ele>
        <time>2023-07-14T02:01:20.109Z</time>
      </trkpt>
      <trkpt lat="35.626230938360095" lon="127.54441497847438">
        <ele>751.2395553884562</ele>
        <time>2023-07-14T02:01:20.109Z</time>
      </trkpt>
      <trkpt lat="35.626227603162334" lon="127.54436409935624">
        <ele>750.974217869807</ele>
        <time>2023-07-14T02:01:31.688Z</time>
      </trkpt>
      <trkpt lat="35.626235967502" lon="127.54394793882966">
        <ele>750.8564115095651</ele>
        <time>2023-07-14T02:03:06.123Z</time>
      </trkpt>
      <trkpt lat="35.626235967502" lon="127.54394793882966">
        <ele>753.2000122070312</ele>
        <time>2023-07-14T02:03:06.123Z</time>
      </trkpt>
      <trkpt lat="35.62627092003822" lon="127.54385498352349">
        <ele>753.5999755859375</ele>
        <time>2023-07-14T02:07:40.526Z</time>
      </trkpt>
      <trkpt lat="35.626269998028874" lon="127.54372891969979">
        <ele>754.5999755859375</ele>
        <time>2023-07-14T02:08:14.526Z</time>
      </trkpt>
      <trkpt lat="35.626292964443564" lon="127.54367996938527">
        <ele>754.7999877929688</ele>
        <time>2023-07-14T02:08:48.526Z</time>
      </trkpt>
      <trkpt lat="35.626314925029874" lon="127.54342197440565">
        <ele>757.7999877929688</ele>
        <time>2023-07-14T02:09:22.526Z</time>
      </trkpt>
      <trkpt lat="35.626381980255246" lon="127.54320798441768">
        <ele>761.2000122070312</ele>
        <time>2023-07-14T02:09:56.526Z</time>
      </trkpt>
      <trkpt lat="35.626422967761755" lon="127.54317495971918">
        <ele>761.4000244140625</ele>
        <time>2023-07-14T02:10:30.526Z</time>
      </trkpt>
      <trkpt lat="35.62662597745657" lon="127.54315693862736">
        <ele>764.7999877929688</ele>
        <time>2023-07-14T02:11:04.526Z</time>
      </trkpt>
      <trkpt lat="35.62670694664121" lon="127.54306197166443">
        <ele>766.2000122070312</ele>
        <time>2023-07-14T02:11:38.526Z</time>
      </trkpt>
      <trkpt lat="35.626741982996464" lon="127.5429199822247">
        <ele>767.2000122070312</ele>
        <time>2023-07-14T02:12:12.526Z</time>
      </trkpt>
      <trkpt lat="35.626699989661574" lon="127.54277396947145">
        <ele>767</ele>
        <time>2023-07-14T02:12:46.526Z</time>
      </trkpt>
      <trkpt lat="35.626569986343384" lon="127.54267196170986">
        <ele>767.7999877929688</ele>
        <time>2023-07-14T02:13:20.526Z</time>
      </trkpt>
      <trkpt lat="35.62654199078679" lon="127.54267296753824">
        <ele>767.7999877929688</ele>
        <time>2023-07-14T02:13:54.526Z</time>
      </trkpt>
      <trkpt lat="35.62647795304656" lon="127.54263793118298">
        <ele>768</ele>
        <time>2023-07-14T02:14:28.526Z</time>
      </trkpt>
      <trkpt lat="35.62643595971167" lon="127.54264899529517">
        <ele>768</ele>
        <time>2023-07-14T02:15:02.526Z</time>
      </trkpt>
      <trkpt lat="35.62637695111334" lon="127.54263591952622">
        <ele>768.7999877929688</ele>
        <time>2023-07-14T02:15:37.526Z</time>
      </trkpt>
      <trkpt lat="35.62619891948998" lon="127.54256894811988">
        <ele>771.7999877929688</ele>
        <time>2023-07-14T02:16:11.526Z</time>
      </trkpt>
      <trkpt lat="35.62612993642688" lon="127.54251094534993">
        <ele>773.4000244140625</ele>
        <time>2023-07-14T02:16:45.526Z</time>
      </trkpt>
      <trkpt lat="35.62610697001219" lon="127.54252393729985">
        <ele>773.7999877929688</ele>
        <time>2023-07-14T02:17:19.526Z</time>
      </trkpt>
      <trkpt lat="35.62607092782855" lon="127.54250792786479">
        <ele>775</ele>
        <time>2023-07-14T02:17:53.526Z</time>
      </trkpt>
      <trkpt lat="35.626015942543745" lon="127.54245797172189">
        <ele>777.2000122070312</ele>
        <time>2023-07-14T02:18:28.526Z</time>
      </trkpt>
      <trkpt lat="35.6259819958359" lon="127.54243995063007">
        <ele>778.4000244140625</ele>
        <time>2023-07-14T02:19:02.526Z</time>
      </trkpt>
      <trkpt lat="35.625970931723714" lon="127.5424519367516">
        <ele>778.4000244140625</ele>
        <time>2023-07-14T02:19:36.526Z</time>
      </trkpt>
      <trkpt lat="35.625967998057604" lon="127.54240592010319">
        <ele>779.4000244140625</ele>
        <time>2023-07-14T02:20:10.526Z</time>
      </trkpt>
      <trkpt lat="35.62590999528766" lon="127.54236493259668">
        <ele>781.5999755859375</ele>
        <time>2023-07-14T02:20:44.526Z</time>
      </trkpt>
      <trkpt lat="35.62576691620052" lon="127.54227499477565">
        <ele>785</ele>
        <time>2023-07-14T02:21:19.526Z</time>
      </trkpt>
      <trkpt lat="35.62568594701588" lon="127.54224197007716">
        <ele>786.2000122070312</ele>
        <time>2023-07-14T02:21:53.526Z</time>
      </trkpt>
      <trkpt lat="35.62554999254644" lon="127.54206092096865">
        <ele>791</ele>
        <time>2023-07-14T02:22:27.526Z</time>
      </trkpt>
      <trkpt lat="35.62550598755479" lon="127.54194198176265">
        <ele>794.2000122070312</ele>
        <time>2023-07-14T02:23:01.526Z</time>
      </trkpt>
      <trkpt lat="35.62540397979319" lon="127.54188699647784">
        <ele>798</ele>
        <time>2023-07-14T02:23:36.526Z</time>
      </trkpt>
      <trkpt lat="35.625413954257965" lon="127.54180795513093">
        <ele>800</ele>
        <time>2023-07-14T02:24:10.526Z</time>
      </trkpt>
      <trkpt lat="35.62525092624128" lon="127.54167292267084">
        <ele>808.2000122070312</ele>
        <time>2023-07-14T02:24:44.526Z</time>
      </trkpt>
      <trkpt lat="35.62520893290639" lon="127.54160293377936">
        <ele>811.5999755859375</ele>
        <time>2023-07-14T02:25:19.526Z</time>
      </trkpt>
      <trkpt lat="35.62515998259187" lon="127.54157493822277">
        <ele>814</ele>
        <time>2023-07-14T02:25:53.526Z</time>
      </trkpt>
      <trkpt lat="35.62502997927368" lon="127.5414299312979">
        <ele>822.2000122070312</ele>
        <time>2023-07-14T02:26:27.526Z</time>
      </trkpt>
      <trkpt lat="35.62501698732376" lon="127.54138693213463">
        <ele>823.7999877929688</ele>
        <time>2023-07-14T02:27:02.526Z</time>
      </trkpt>
      <trkpt lat="35.62503098510206" lon="127.54137394018471">
        <ele>823.5999755859375</ele>
        <time>2023-07-14T02:27:36.526Z</time>
      </trkpt>
      <trkpt lat="35.625001983717084" lon="127.54133496433496">
        <ele>825</ele>
        <time>2023-07-14T02:28:10.526Z</time>
      </trkpt>
      <trkpt lat="35.62502997927368" lon="127.54131199792027">
        <ele>824.7999877929688</ele>
        <time>2023-07-14T02:28:45.526Z</time>
      </trkpt>
      <trkpt lat="35.6250009778887" lon="127.5412119179964">
        <ele>827.2000122070312</ele>
        <time>2023-07-14T02:29:19.526Z</time>
      </trkpt>
      <trkpt lat="35.62498999759555" lon="127.54122197628021">
        <ele>827.4000244140625</ele>
        <time>2023-07-14T02:29:53.526Z</time>
      </trkpt>
      <trkpt lat="35.62486393377185" lon="127.54109792411327">
        <ele>832.7999877929688</ele>
        <time>2023-07-14T02:30:28.526Z</time>
      </trkpt>
      <trkpt lat="35.624831998720765" lon="127.54099499434233">
        <ele>835.4000244140625</ele>
        <time>2023-07-14T02:31:02.526Z</time>
      </trkpt>
      <trkpt lat="35.6248059310019" lon="127.54096096381545">
        <ele>836.5999755859375</ele>
        <time>2023-07-14T02:31:37.526Z</time>
      </trkpt>
      <trkpt lat="35.624813977628946" lon="127.5408839341253">
        <ele>837.7999877929688</ele>
        <time>2023-07-14T02:32:11.526Z</time>
      </trkpt>
      <trkpt lat="35.624767960980535" lon="127.54081696271896">
        <ele>840.4000244140625</ele>
        <time>2023-07-14T02:32:45.526Z</time>
      </trkpt>
      <trkpt lat="35.62477592378855" lon="127.54080497659743">
        <ele>840.4000244140625</ele>
        <time>2023-07-14T02:33:20.526Z</time>
      </trkpt>
      <trkpt lat="35.624791933223605" lon="127.54082593135536">
        <ele>839.5999755859375</ele>
        <time>2023-07-14T02:33:54.526Z</time>
      </trkpt>
      <trkpt lat="35.62477793544531" lon="127.54081293940544">
        <ele>840.2000122070312</ele>
        <time>2023-07-14T02:34:29.526Z</time>
      </trkpt>
      <trkpt lat="35.62473393045366" lon="127.54082593135536">
        <ele>841</ele>
        <time>2023-07-14T02:35:03.526Z</time>
      </trkpt>
      <trkpt lat="35.624682968482375" lon="127.5407929904759">
        <ele>843</ele>
        <time>2023-07-14T02:35:38.526Z</time>
      </trkpt>
      <trkpt lat="35.624617924913764" lon="127.540676984936">
        <ele>847.5999755859375</ele>
        <time>2023-07-14T02:36:12.526Z</time>
      </trkpt>
      <trkpt lat="35.62452597543597" lon="127.54055695608258">
        <ele>852.7999877929688</ele>
        <time>2023-07-14T02:36:47.526Z</time>
      </trkpt>
      <trkpt lat="35.624496974051" lon="127.54055192694068">
        <ele>853.7999877929688</ele>
        <time>2023-07-14T02:37:21.526Z</time>
      </trkpt>
      <trkpt lat="35.624489933252335" lon="127.54050498828292">
        <ele>854.7999877929688</ele>
        <time>2023-07-14T02:37:56.526Z</time>
      </trkpt>
      <trkpt lat="35.62443695962429" lon="127.54049099050462">
        <ele>855.5999755859375</ele>
        <time>2023-07-14T02:38:30.526Z</time>
      </trkpt>
      <trkpt lat="35.62443997710943" lon="127.54050197079778">
        <ele>855.4000244140625</ele>
        <time>2023-07-14T02:39:04.526Z</time>
      </trkpt>
      <trkpt lat="35.62441592104733" lon="127.54049995914102">
        <ele>855.5999755859375</ele>
        <time>2023-07-14T02:39:39.526Z</time>
      </trkpt>
      <trkpt lat="35.62436797656119" lon="127.54042997024953">
        <ele>857.2000122070312</ele>
        <time>2023-07-14T02:40:13.526Z</time>
      </trkpt>
      <trkpt lat="35.62434593215585" lon="127.54043793305755">
        <ele>857.2000122070312</ele>
        <time>2023-07-14T02:40:48.526Z</time>
      </trkpt>
      <trkpt lat="35.62431097961962" lon="127.54040692001581">
        <ele>858</ele>
        <time>2023-07-14T02:41:22.526Z</time>
      </trkpt>
      <trkpt lat="35.624211989343166" lon="127.54037599079311">
        <ele>858.7999877929688</ele>
        <time>2023-07-14T02:41:57.526Z</time>
      </trkpt>
      <trkpt lat="35.62413395382464" lon="127.54017993807793">
        <ele>862.5999755859375</ele>
        <time>2023-07-14T02:42:32.526Z</time>
      </trkpt>
      <trkpt lat="35.62411299906671" lon="127.54006292670965">
        <ele>864</ele>
        <time>2023-07-14T02:43:06.526Z</time>
      </trkpt>
      <trkpt lat="35.62408894300461" lon="127.540018921718">
        <ele>864.7999877929688</ele>
        <time>2023-07-14T02:43:41.526Z</time>
      </trkpt>
      <trkpt lat="35.62403094023466" lon="127.53999293781817">
        <ele>865.5999755859375</ele>
        <time>2023-07-14T02:44:15.526Z</time>
      </trkpt>
      <trkpt lat="35.624037981033325" lon="127.53995697945356">
        <ele>866.4000244140625</ele>
        <time>2023-07-14T02:44:50.526Z</time>
      </trkpt>
      <trkpt lat="35.62395893968642" lon="127.53984197974205">
        <ele>869.4000244140625</ele>
        <time>2023-07-14T02:45:24.526Z</time>
      </trkpt>
      <trkpt lat="35.62394695356488" lon="127.53973896615207">
        <ele>871.5999755859375</ele>
        <time>2023-07-14T02:45:59.526Z</time>
      </trkpt>
      <trkpt lat="35.62392893247306" lon="127.53973091952503">
        <ele>872</ele>
        <time>2023-07-14T02:46:34.526Z</time>
      </trkpt>
      <trkpt lat="35.62387595884502" lon="127.53956898115575">
        <ele>875.2000122070312</ele>
        <time>2023-07-14T02:47:08.526Z</time>
      </trkpt>
      <trkpt lat="35.623822985216975" lon="127.53951399587095">
        <ele>876</ele>
        <time>2023-07-14T02:47:43.526Z</time>
      </trkpt>
      <trkpt lat="35.62379297800362" lon="127.53940595313907">
        <ele>878</ele>
        <time>2023-07-14T02:48:17.526Z</time>
      </trkpt>
      <trkpt lat="35.623801946640015" lon="127.53936094231904">
        <ele>878.7999877929688</ele>
        <time>2023-07-14T02:48:52.526Z</time>
      </trkpt>
      <trkpt lat="35.62372894026339" lon="127.53920696675777">
        <ele>880.7999877929688</ele>
        <time>2023-07-14T02:49:27.526Z</time>
      </trkpt>
      <trkpt lat="35.623719971627" lon="127.53910194151103">
        <ele>883.2000122070312</ele>
        <time>2023-07-14T02:50:01.526Z</time>
      </trkpt>
      <trkpt lat="35.62367998994887" lon="127.5390759576112">
        <ele>883.5999755859375</ele>
        <time>2023-07-14T02:50:36.526Z</time>
      </trkpt>
      <trkpt lat="35.62370697967708" lon="127.53906799480319">
        <ele>884</ele>
        <time>2023-07-14T02:51:11.526Z</time>
      </trkpt>
      <trkpt lat="35.62368996441364" lon="127.53902792930603">
        <ele>885</ele>
        <time>2023-07-14T02:51:45.526Z</time>
      </trkpt>
      <trkpt lat="35.623649982735515" lon="127.53899792209268">
        <ele>885.5999755859375</ele>
        <time>2023-07-14T02:52:20.526Z</time>
      </trkpt>
      <trkpt lat="35.623654928058386" lon="127.5389469601214">
        <ele>886.7999877929688</ele>
        <time>2023-07-14T02:52:55.526Z</time>
      </trkpt>
      <trkpt lat="35.623631961643696" lon="127.53889398649335">
        <ele>888</ele>
        <time>2023-07-14T02:53:29.526Z</time>
      </trkpt>
      <trkpt lat="35.62359298579395" lon="127.53884897567332">
        <ele>889.2000122070312</ele>
        <time>2023-07-14T02:54:04.526Z</time>
      </trkpt>
      <trkpt lat="35.62358292751014" lon="127.53885392099619">
        <ele>889</ele>
        <time>2023-07-14T02:54:39.526Z</time>
      </trkpt>
      <trkpt lat="35.62359994277358" lon="127.53881595097482">
        <ele>890.2000122070312</ele>
        <time>2023-07-14T02:55:13.526Z</time>
      </trkpt>
      <trkpt lat="35.62353892251849" lon="127.53863397985697">
        <ele>894.5999755859375</ele>
        <time>2023-07-14T02:55:48.526Z</time>
      </trkpt>
      <trkpt lat="35.62352894805372" lon="127.53851797431707">
        <ele>895</ele>
        <time>2023-07-14T02:56:23.526Z</time>
      </trkpt>
      <trkpt lat="35.62350698746741" lon="127.53849199041724">
        <ele>895</ele>
        <time>2023-07-14T02:56:58.526Z</time>
      </trkpt>
      <trkpt lat="35.62341897748411" lon="127.53824598155916">
        <ele>895</ele>
        <time>2023-07-14T02:57:32.526Z</time>
      </trkpt>
      <trkpt lat="35.62342895194888" lon="127.53818093799055">
        <ele>894.7999877929688</ele>
        <time>2023-07-14T02:58:07.526Z</time>
      </trkpt>
      <trkpt lat="35.62356096692383" lon="127.53801799379289">
        <ele>891.7999877929688</ele>
        <time>2023-07-14T02:58:42.526Z</time>
      </trkpt>
      <trkpt lat="35.623588962480426" lon="127.53792696632445">
        <ele>888.5999755859375</ele>
        <time>2023-07-14T02:59:17.526Z</time>
      </trkpt>
      <trkpt lat="35.62361494638026" lon="127.53789796493948">
        <ele>887.5999755859375</ele>
        <time>2023-07-14T02:59:52.526Z</time>
      </trkpt>
      <trkpt lat="35.623715948313475" lon="127.53787198103964">
        <ele>885.2000122070312</ele>
        <time>2023-07-14T03:00:26.526Z</time>
      </trkpt>
      <trkpt lat="35.623735981062055" lon="127.53782093524933">
        <ele>884</ele>
        <time>2023-07-14T03:01:01.526Z</time>
      </trkpt>
      <trkpt lat="35.62378593720496" lon="127.53778195939958">
        <ele>882.5999755859375</ele>
        <time>2023-07-14T03:01:36.526Z</time>
      </trkpt>
      <trkpt lat="35.623803958296776" lon="127.53781297244132">
        <ele>883.4000244140625</ele>
        <time>2023-07-14T03:02:11.526Z</time>
      </trkpt>
      <trkpt lat="35.62388593330979" lon="127.53770995885134">
        <ele>878.4000244140625</ele>
        <time>2023-07-14T03:02:46.526Z</time>
      </trkpt>
      <trkpt lat="35.62392398715019" lon="127.53775195218623">
        <ele>880.2000122070312</ele>
        <time>2023-07-14T03:03:20.526Z</time>
      </trkpt>
      <trkpt lat="35.6239599455148" lon="127.53773795440793">
        <ele>878.7999877929688</ele>
        <time>2023-07-14T03:03:55.526Z</time>
      </trkpt>
      <trkpt lat="35.62398299574852" lon="127.53775094635785">
        <ele>879</ele>
        <time>2023-07-14T03:04:30.526Z</time>
      </trkpt>
      <trkpt lat="35.62407595105469" lon="127.5376739166677">
        <ele>873.4000244140625</ele>
        <time>2023-07-14T03:05:05.526Z</time>
      </trkpt>
      <trkpt lat="35.62417896464467" lon="127.53763996995986">
        <ele>871.4000244140625</ele>
        <time>2023-07-14T03:05:40.526Z</time>
      </trkpt>
      <trkpt lat="35.62420193105936" lon="127.53765497356653">
        <ele>871.5999755859375</ele>
        <time>2023-07-14T03:06:15.526Z</time>
      </trkpt>
      <trkpt lat="35.62426295131445" lon="127.53764097578824">
        <ele>868.4000244140625</ele>
        <time>2023-07-14T03:06:50.526Z</time>
      </trkpt>
      <trkpt lat="35.62430796213448" lon="127.53759898245335">
        <ele>865.4000244140625</ele>
        <time>2023-07-14T03:07:25.526Z</time>
      </trkpt>
      <trkpt lat="35.62428298406303" lon="127.53760795108974">
        <ele>866.4000244140625</ele>
        <time>2023-07-14T03:07:59.526Z</time>
      </trkpt>
      <trkpt lat="35.624319948256016" lon="127.53760392777622">
        <ele>865.2000122070312</ele>
        <time>2023-07-14T03:08:34.526Z</time>
      </trkpt>
      <trkpt lat="35.62437099404633" lon="127.53763292916119">
        <ele>864.2000122070312</ele>
        <time>2023-07-14T03:09:09.526Z</time>
      </trkpt>
      <trkpt lat="35.624361941590905" lon="127.53762094303966">
        <ele>864.4000244140625</ele>
        <time>2023-07-14T03:09:44.526Z</time>
      </trkpt>
      <trkpt lat="35.62444098293781" lon="127.53757492639124">
        <ele>862.2000122070312</ele>
        <time>2023-07-14T03:10:19.526Z</time>
      </trkpt>
      <trkpt lat="35.62449797987938" lon="127.53757199272513">
        <ele>860.7999877929688</ele>
        <time>2023-07-14T03:10:54.526Z</time>
      </trkpt>
      <trkpt lat="35.624496974051" lon="127.53754793666303">
        <ele>860.5999755859375</ele>
        <time>2023-07-14T03:11:29.526Z</time>
      </trkpt>
      <trkpt lat="35.624768966808915" lon="127.53759294748306">
        <ele>853.5999755859375</ele>
        <time>2023-07-14T03:12:04.526Z</time>
      </trkpt>
      <trkpt lat="35.624750945717096" lon="127.53759998828173">
        <ele>854.2000122070312</ele>
        <time>2023-07-14T03:12:39.526Z</time>
      </trkpt>
      <trkpt lat="35.62479997985065" lon="127.53752899356186">
        <ele>853</ele>
        <time>2023-07-14T03:13:14.526Z</time>
      </trkpt>
      <trkpt lat="35.62490592710674" lon="127.53743293695152">
        <ele>848</ele>
        <time>2023-07-14T03:13:49.526Z</time>
      </trkpt>
      <trkpt lat="35.62498999759555" lon="127.53744592890143">
        <ele>847</ele>
        <time>2023-07-14T03:14:24.526Z</time>
      </trkpt>
      <trkpt lat="35.62501296401024" lon="127.53742095082998">
        <ele>846.7999877929688</ele>
        <time>2023-07-14T03:14:59.526Z</time>
      </trkpt>
      <trkpt lat="35.62502997927368" lon="127.53743997775018">
        <ele>847</ele>
        <time>2023-07-14T03:15:34.526Z</time>
      </trkpt>
      <trkpt lat="35.62505898065865" lon="127.53743696026504">
        <ele>846.5999755859375</ele>
        <time>2023-07-14T03:16:09.526Z</time>
      </trkpt>
      <trkpt lat="35.62507297843695" lon="127.53739798441529">
        <ele>845.5999755859375</ele>
        <time>2023-07-14T03:16:44.526Z</time>
      </trkpt>
      <trkpt lat="35.6251669395715" lon="127.53732698969543">
        <ele>843.4000244140625</ele>
        <time>2023-07-14T03:17:19.526Z</time>
      </trkpt>
      <trkpt lat="35.62518294900656" lon="127.53729497082531">
        <ele>843.2000122070312</ele>
        <time>2023-07-14T03:17:54.526Z</time>
      </trkpt>
      <trkpt lat="35.62523399479687" lon="127.53728499636054">
        <ele>842.7999877929688</ele>
        <time>2023-07-14T03:18:29.526Z</time>
      </trkpt>
      <trkpt lat="35.625350922346115" lon="127.5371749419719">
        <ele>839.4000244140625</ele>
        <time>2023-07-14T03:19:04.526Z</time>
      </trkpt>
      <trkpt lat="35.625500958412886" lon="127.5371799711138">
        <ele>834.5999755859375</ele>
        <time>2023-07-14T03:19:39.526Z</time>
      </trkpt>
      <trkpt lat="35.625565918162465" lon="127.53714594058692">
        <ele>831.5999755859375</ele>
        <time>2023-07-14T03:20:14.526Z</time>
      </trkpt>
      <trkpt lat="35.62557798810303" lon="127.53711693920195">
        <ele>830.4000244140625</ele>
        <time>2023-07-14T03:20:49.526Z</time>
      </trkpt>
      <trkpt lat="35.62557597644627" lon="127.53712892532349">
        <ele>830.7999877929688</ele>
        <time>2023-07-14T03:21:24.526Z</time>
      </trkpt>
      <trkpt lat="35.62563892453909" lon="127.53713093698025">
        <ele>828</ele>
        <time>2023-07-14T03:21:59.526Z</time>
      </trkpt>
      <trkpt lat="35.62569499947131" lon="127.53711492754519">
        <ele>824.7999877929688</ele>
        <time>2023-07-14T03:22:34.526Z</time>
      </trkpt>
      <trkpt lat="35.62581494450569" lon="127.53711693920195">
        <ele>819.2000122070312</ele>
        <time>2023-07-14T03:23:09.526Z</time>
      </trkpt>
      <trkpt lat="35.62590999528766" lon="127.53714493475854">
        <ele>816.5999755859375</ele>
        <time>2023-07-14T03:23:45.526Z</time>
      </trkpt>
      <trkpt lat="35.62598099000752" lon="127.53713998943567">
        <ele>815</ele>
        <time>2023-07-14T03:24:20.526Z</time>
      </trkpt>
      <trkpt lat="35.626034969463944" lon="127.53718692809343">
        <ele>814.5999755859375</ele>
        <time>2023-07-14T03:24:55.526Z</time>
      </trkpt>
      <trkpt lat="35.62613295391202" lon="127.53719195723534">
        <ele>812.5999755859375</ele>
        <time>2023-07-14T03:25:30.526Z</time>
      </trkpt>
      <trkpt lat="35.6261149328202" lon="127.53716999664903">
        <ele>812.5999755859375</ele>
        <time>2023-07-14T03:26:05.526Z</time>
      </trkpt>
      <trkpt lat="35.62618198804557" lon="127.53719598054886">
        <ele>812.5999755859375</ele>
        <time>2023-07-14T03:26:40.526Z</time>
      </trkpt>
      <trkpt lat="35.626232950016856" lon="127.5372489541769">
        <ele>813.2000122070312</ele>
        <time>2023-07-14T03:27:15.526Z</time>
      </trkpt>
      <trkpt lat="35.62622792087495" lon="127.53726596944034">
        <ele>813</ele>
        <time>2023-07-14T03:27:51.526Z</time>
      </trkpt>
      <trkpt lat="35.626291958615184" lon="127.5372959766537">
        <ele>813</ele>
        <time>2023-07-14T03:28:26.526Z</time>
      </trkpt>
      <trkpt lat="35.626294976100326" lon="127.53727795556188">
        <ele>813.2000122070312</ele>
        <time>2023-07-14T03:29:01.526Z</time>
      </trkpt>
      <trkpt lat="35.62632598914206" lon="127.53731098026037">
        <ele>813</ele>
        <time>2023-07-14T03:29:36.526Z</time>
      </trkpt>
      <trkpt lat="35.62632699497044" lon="127.53733394667506">
        <ele>813</ele>
        <time>2023-07-14T03:30:11.526Z</time>
      </trkpt>
      <trkpt lat="35.62634593807161" lon="127.53733294084668">
        <ele>813</ele>
        <time>2023-07-14T03:30:47.526Z</time>
      </trkpt>
      <trkpt lat="35.62633395195007" lon="127.53734895028174">
        <ele>812.7999877929688</ele>
        <time>2023-07-14T03:31:22.526Z</time>
      </trkpt>
      <trkpt lat="35.626402935013175" lon="127.53736194223166">
        <ele>813</ele>
        <time>2023-07-14T03:31:57.526Z</time>
      </trkpt>
      <trkpt lat="35.6263929605484" lon="127.53737795166671">
        <ele>812.7999877929688</ele>
        <time>2023-07-14T03:32:32.526Z</time>
      </trkpt>
      <trkpt lat="35.6264069583267" lon="127.53740795888007">
        <ele>812.5999755859375</ele>
        <time>2023-07-14T03:33:07.526Z</time>
      </trkpt>
      <trkpt lat="35.62640595249832" lon="127.53736898303032">
        <ele>813</ele>
        <time>2023-07-14T03:33:42.526Z</time>
      </trkpt>
      <trkpt lat="35.626423973590136" lon="127.5373699888587">
        <ele>813</ele>
        <time>2023-07-14T03:34:18.526Z</time>
      </trkpt>
      <trkpt lat="35.62643998302519" lon="127.53741692751646">
        <ele>812.5999755859375</ele>
        <time>2023-07-14T03:34:53.526Z</time>
      </trkpt>
      <trkpt lat="35.62649496831" lon="127.53745598718524">
        <ele>812.4000244140625</ele>
        <time>2023-07-14T03:35:28.526Z</time>
      </trkpt>
      <trkpt lat="35.62647694721818" lon="127.53751994110644">
        <ele>811.7999877929688</ele>
        <time>2023-07-14T03:36:03.526Z</time>
      </trkpt>
      <trkpt lat="35.626484993845224" lon="127.53749898634851">
        <ele>812</ele>
        <time>2023-07-14T03:36:39.526Z</time>
      </trkpt>
      <trkpt lat="35.62650594860315" lon="127.53753796219826">
        <ele>811.5999755859375</ele>
        <time>2023-07-14T03:37:14.526Z</time>
      </trkpt>
      <trkpt lat="35.626616925001144" lon="127.53759495913982">
        <ele>810.4000244140625</ele>
        <time>2023-07-14T03:37:49.526Z</time>
      </trkpt>
      <trkpt lat="35.62660996802151" lon="127.53760392777622">
        <ele>810.4000244140625</ele>
        <time>2023-07-14T03:38:24.526Z</time>
      </trkpt>
      <trkpt lat="35.626660929992795" lon="127.53764893859625">
        <ele>809.5999755859375</ele>
        <time>2023-07-14T03:38:59.526Z</time>
      </trkpt>
      <trkpt lat="35.62673192471266" lon="127.53780492581427">
        <ele>806</ele>
        <time>2023-07-14T03:39:35.526Z</time>
      </trkpt>
      <trkpt lat="35.62689897604287" lon="127.53789192996919">
        <ele>800.4000244140625</ele>
        <time>2023-07-14T03:40:10.526Z</time>
      </trkpt>
      <trkpt lat="35.626963935792446" lon="127.53795898519456">
        <ele>797.4000244140625</ele>
        <time>2023-07-14T03:40:45.526Z</time>
      </trkpt>
      <trkpt lat="35.62697399407625" lon="127.5379379466176">
        <ele>797.7999877929688</ele>
        <time>2023-07-14T03:41:21.526Z</time>
      </trkpt>
      <trkpt lat="35.626939963549376" lon="127.53793694078922">
        <ele>798.4000244140625</ele>
        <time>2023-07-14T03:41:56.526Z</time>
      </trkpt>
      <trkpt lat="35.62693392857909" lon="127.53791196271777">
        <ele>799.2000122070312</ele>
        <time>2023-07-14T03:42:31.526Z</time>
      </trkpt>
      <trkpt lat="35.62697399407625" lon="127.53791498020291">
        <ele>798.4000244140625</ele>
        <time>2023-07-14T03:43:07.526Z</time>
      </trkpt>
      <trkpt lat="35.627047922462225" lon="127.53795295022428">
        <ele>797.5999755859375</ele>
        <time>2023-07-14T03:43:42.526Z</time>
      </trkpt>
      <trkpt lat="35.62719393521547" lon="127.53795395605266">
        <ele>797.2000122070312</ele>
        <time>2023-07-14T03:44:17.526Z</time>
      </trkpt>
      <trkpt lat="35.62725495547056" lon="127.53794398158789">
        <ele>796.4000244140625</ele>
        <time>2023-07-14T03:44:53.526Z</time>
      </trkpt>
      <trkpt lat="35.62735193409026" lon="127.53787692636251">
        <ele>797</ele>
        <time>2023-07-14T03:45:28.526Z</time>
      </trkpt>
      <trkpt lat="35.627538934350014" lon="127.53781699575484">
        <ele>793.2000122070312</ele>
        <time>2023-07-14T03:46:03.526Z</time>
      </trkpt>
      <trkpt lat="35.62777999788523" lon="127.537835938856">
        <ele>790.5999755859375</ele>
        <time>2023-07-14T03:46:39.526Z</time>
      </trkpt>
      <trkpt lat="35.6278679240495" lon="127.53788991831243">
        <ele>791</ele>
        <time>2023-07-14T03:47:14.526Z</time>
      </trkpt>
      <trkpt lat="35.62791293486953" lon="127.53790693357587">
        <ele>791.2000122070312</ele>
        <time>2023-07-14T03:47:50.526Z</time>
      </trkpt>
      <trkpt lat="35.62796297483146" lon="127.53790299408138">
        <ele>791</ele>
        <time>2023-07-14T03:48:25.526Z</time>
      </trkpt>
      <trkpt lat="35.62806791625917" lon="127.53793492913246">
        <ele>791.5999755859375</ele>
        <time>2023-07-14T03:49:00.526Z</time>
      </trkpt>
      <trkpt lat="35.62806992791593" lon="127.53794993273914">
        <ele>792</ele>
        <time>2023-07-14T03:49:36.526Z</time>
      </trkpt>
      <trkpt lat="35.62810597009957" lon="127.5379429757595">
        <ele>791.7999877929688</ele>
        <time>2023-07-14T03:50:11.526Z</time>
      </trkpt>
      <trkpt lat="35.62812994234264" lon="127.53796191886067">
        <ele>792.2000122070312</ele>
        <time>2023-07-14T03:50:47.526Z</time>
      </trkpt>
      <trkpt lat="35.62817998230457" lon="127.53794398158789">
        <ele>791.7999877929688</ele>
        <time>2023-07-14T03:51:22.526Z</time>
      </trkpt>
      <trkpt lat="35.62814796343446" lon="127.53798094578087">
        <ele>792.4000244140625</ele>
        <time>2023-07-14T03:51:58.526Z</time>
      </trkpt>
      <trkpt lat="35.62820194289088" lon="127.53799896687269">
        <ele>792.7999877929688</ele>
        <time>2023-07-14T03:52:33.526Z</time>
      </trkpt>
      <trkpt lat="35.62834292650223" lon="127.5379659421742">
        <ele>792.7999877929688</ele>
        <time>2023-07-14T03:53:09.526Z</time>
      </trkpt>
      <trkpt lat="35.62849598005414" lon="127.53789394162595">
        <ele>792.5999755859375</ele>
        <time>2023-07-14T03:53:44.526Z</time>
      </trkpt>
      <trkpt lat="35.62857996672392" lon="127.53775195218623">
        <ele>788.7999877929688</ele>
        <time>2023-07-14T03:54:20.526Z</time>
      </trkpt>
      <trkpt lat="35.62864894978702" lon="127.53771498799324">
        <ele>787</ele>
        <time>2023-07-14T03:54:55.526Z</time>
      </trkpt>
      <trkpt lat="35.62863998115063" lon="127.53770099021494">
        <ele>786.2000122070312</ele>
        <time>2023-07-14T03:55:31.526Z</time>
      </trkpt>
      <trkpt lat="35.62867099419236" lon="127.53766897134483">
        <ele>783.5999755859375</ele>
        <time>2023-07-14T03:56:06.526Z</time>
      </trkpt>
      <trkpt lat="35.628678957000375" lon="127.53763594664633">
        <ele>781.5999755859375</ele>
        <time>2023-07-14T03:56:42.526Z</time>
      </trkpt>
      <trkpt lat="35.628719944506884" lon="127.5376239605248">
        <ele>779.4000244140625</ele>
        <time>2023-07-14T03:57:17.526Z</time>
      </trkpt>
      <trkpt lat="35.628806948661804" lon="127.53753393888474">
        <ele>775.4000244140625</ele>
        <time>2023-07-14T03:57:53.526Z</time>
      </trkpt>
      <trkpt lat="35.62893996946514" lon="127.53736194223166">
        <ele>768</ele>
        <time>2023-07-14T03:58:28.526Z</time>
      </trkpt>
      <trkpt lat="35.6290059350431" lon="127.53736194223166">
        <ele>765.4000244140625</ele>
        <time>2023-07-14T03:59:04.526Z</time>
      </trkpt>
      <trkpt lat="35.629085982218385" lon="127.5372349563986">
        <ele>760.5999755859375</ele>
        <time>2023-07-14T03:59:40.526Z</time>
      </trkpt>
      <trkpt lat="35.62911699526012" lon="127.53723395057023">
        <ele>759.7999877929688</ele>
        <time>2023-07-14T04:00:15.526Z</time>
      </trkpt>
      <trkpt lat="35.62935596331954" lon="127.53707092255354">
        <ele>747.7999877929688</ele>
        <time>2023-07-14T04:00:51.526Z</time>
      </trkpt>
      <trkpt lat="35.62948898412287" lon="127.53705197945237">
        <ele>745.4000244140625</ele>
        <time>2023-07-14T04:01:27.526Z</time>
      </trkpt>
      <trkpt lat="35.62947993166745" lon="127.53704192116857">
        <ele>745.5999755859375</ele>
        <time>2023-07-14T04:02:02.526Z</time>
      </trkpt>
      <trkpt lat="35.629495941102505" lon="127.53702691756189">
        <ele>744.7999877929688</ele>
        <time>2023-07-14T04:02:38.526Z</time>
      </trkpt>
      <trkpt lat="35.62955293804407" lon="127.53702792339027">
        <ele>742.7999877929688</ele>
        <time>2023-07-14T04:03:13.526Z</time>
      </trkpt>
      <trkpt lat="35.62956492416561" lon="127.53701291978359">
        <ele>742.2000122070312</ele>
        <time>2023-07-14T04:03:49.526Z</time>
      </trkpt>
      <trkpt lat="35.62966299243271" lon="127.53699397668242">
        <ele>739.2000122070312</ele>
        <time>2023-07-14T04:04:25.526Z</time>
      </trkpt>
      <trkpt lat="35.62968495301902" lon="127.53697193227708">
        <ele>738.2000122070312</ele>
        <time>2023-07-14T04:05:00.526Z</time>
      </trkpt>
      <trkpt lat="35.62971998937428" lon="127.53696992062032">
        <ele>737.2000122070312</ele>
        <time>2023-07-14T04:05:36.526Z</time>
      </trkpt>
      <trkpt lat="35.62974496744573" lon="127.53693899139762">
        <ele>735.5999755859375</ele>
        <time>2023-07-14T04:06:12.526Z</time>
      </trkpt>
      <trkpt lat="35.629815962165594" lon="127.53691996447742">
        <ele>734.4000244140625</ele>
        <time>2023-07-14T04:06:48.526Z</time>
      </trkpt>
      <trkpt lat="35.62986994162202" lon="127.53692398779094">
        <ele>733.7999877929688</ele>
        <time>2023-07-14T04:07:23.526Z</time>
      </trkpt>
      <trkpt lat="35.62991796992719" lon="127.53690395504236">
        <ele>732.5999755859375</ele>
        <time>2023-07-14T04:07:59.526Z</time>
      </trkpt>
      <trkpt lat="35.63001696020365" lon="127.5368189625442">
        <ele>729.7999877929688</ele>
        <time>2023-07-14T04:08:35.526Z</time>
      </trkpt>
      <trkpt lat="35.63013397157192" lon="127.53678493201733">
        <ele>726.2000122070312</ele>
        <time>2023-07-14T04:09:10.526Z</time>
      </trkpt>
      <trkpt lat="35.63025894574821" lon="127.53666398115456">
        <ele>724.7999877929688</ele>
        <time>2023-07-14T04:09:46.526Z</time>
      </trkpt>
      <trkpt lat="35.6303389929235" lon="127.5366569403559">
        <ele>723.5999755859375</ele>
        <time>2023-07-14T04:10:22.526Z</time>
      </trkpt>
      <trkpt lat="35.630331952124834" lon="127.53666599281132">
        <ele>724</ele>
        <time>2023-07-14T04:10:58.526Z</time>
      </trkpt>
      <trkpt lat="35.63040495850146" lon="127.53662492148578">
        <ele>720.5999755859375</ele>
        <time>2023-07-14T04:11:33.526Z</time>
      </trkpt>
      <trkpt lat="35.63062992878258" lon="127.5366979278624">
        <ele>715.7999877929688</ele>
        <time>2023-07-14T04:12:09.526Z</time>
      </trkpt>
      <trkpt lat="35.630999989807606" lon="127.53674595616758">
        <ele>703.7999877929688</ele>
        <time>2023-07-14T04:12:45.526Z</time>
      </trkpt>
      <trkpt lat="35.63109294511378" lon="127.53668393008411">
        <ele>702.2000122070312</ele>
        <time>2023-07-14T04:13:21.526Z</time>
      </trkpt>
      <trkpt lat="35.631126975640655" lon="127.53667697310448">
        <ele>701.5999755859375</ele>
        <time>2023-07-14T04:13:57.526Z</time>
      </trkpt>
      <trkpt lat="35.63113896176219" lon="127.53665098920465">
        <ele>700.5999755859375</ele>
        <time>2023-07-14T04:14:33.526Z</time>
      </trkpt>
      <trkpt lat="35.63118296675384" lon="127.53663699142635">
        <ele>698.5999755859375</ele>
        <time>2023-07-14T04:15:09.526Z</time>
      </trkpt>
      <trkpt lat="35.63118699006736" lon="127.53661997616291">
        <ele>698</ele>
        <time>2023-07-14T04:15:44.526Z</time>
      </trkpt>
      <trkpt lat="35.6312489323318" lon="127.53658493980765">
        <ele>694.7999877929688</ele>
        <time>2023-07-14T04:16:20.526Z</time>
      </trkpt>
      <trkpt lat="35.63132998533547" lon="127.53647798672318">
        <ele>690.5999755859375</ele>
        <time>2023-07-14T04:16:56.526Z</time>
      </trkpt>
      <trkpt lat="35.6313699670136" lon="127.5364809203893">
        <ele>689.7999877929688</ele>
        <time>2023-07-14T04:17:32.526Z</time>
      </trkpt>
      <trkpt lat="35.63137792982161" lon="127.53646197728813">
        <ele>689.5999755859375</ele>
        <time>2023-07-14T04:18:08.526Z</time>
      </trkpt>
      <trkpt lat="35.63149192370474" lon="127.53641394898295">
        <ele>687</ele>
        <time>2023-07-14T04:18:44.526Z</time>
      </trkpt>
      <trkpt lat="35.631684958934784" lon="127.53639693371952">
        <ele>684.2000122070312</ele>
        <time>2023-07-14T04:19:20.526Z</time>
      </trkpt>
      <trkpt lat="35.63180792145431" lon="127.53634194843471">
        <ele>679.7999877929688</ele>
        <time>2023-07-14T04:19:56.526Z</time>
      </trkpt>
      <trkpt lat="35.63189492560923" lon="127.53635695204139">
        <ele>678.4000244140625</ele>
        <time>2023-07-14T04:20:32.526Z</time>
      </trkpt>
      <trkpt lat="35.6319069955498" lon="127.53633197396994">
        <ele>677.4000244140625</ele>
        <time>2023-07-14T04:21:08.526Z</time>
      </trkpt>
      <trkpt lat="35.631945971399546" lon="127.53636097535491">
        <ele>677.5999755859375</ele>
        <time>2023-07-14T04:21:44.526Z</time>
      </trkpt>
      <trkpt lat="35.632117968052626" lon="127.53635795786977">
        <ele>674.7999877929688</ele>
        <time>2023-07-14T04:22:20.526Z</time>
      </trkpt>
      <trkpt lat="35.63221494667232" lon="127.53633096814156">
        <ele>672.7999877929688</ele>
        <time>2023-07-14T04:22:56.526Z</time>
      </trkpt>
      <trkpt lat="35.632288958877325" lon="127.53620993345976">
        <ele>671.4000244140625</ele>
        <time>2023-07-14T04:23:32.526Z</time>
      </trkpt>
      <trkpt lat="35.632458943873644" lon="127.5360279623419">
        <ele>669.4000244140625</ele>
        <time>2023-07-14T04:24:08.526Z</time>
      </trkpt>
      <trkpt lat="35.63250898383558" lon="127.53592293709517">
        <ele>670.4000244140625</ele>
        <time>2023-07-14T04:24:44.526Z</time>
      </trkpt>
      <trkpt lat="35.632544942200184" lon="127.53589695319533">
        <ele>670.5999755859375</ele>
        <time>2023-07-14T04:25:20.526Z</time>
      </trkpt>
      <trkpt lat="35.632654996588826" lon="127.53572998568416">
        <ele>669</ele>
        <time>2023-07-14T04:25:56.526Z</time>
      </trkpt>
      <trkpt lat="35.632806960493326" lon="127.53560199402273">
        <ele>669</ele>
        <time>2023-07-14T04:26:32.526Z</time>
      </trkpt>
      <trkpt lat="35.63309194520116" lon="127.53558095544577">
        <ele>669.7999877929688</ele>
        <time>2023-07-14T04:27:08.526Z</time>
      </trkpt>
      <trkpt lat="35.63343493267894" lon="127.53544894047081">
        <ele>674.4000244140625</ele>
        <time>2023-07-14T04:27:44.526Z</time>
      </trkpt>
      <trkpt lat="35.63355999067426" lon="127.5353619363159">
        <ele>677.4000244140625</ele>
        <time>2023-07-14T04:28:20.526Z</time>
      </trkpt>
      <trkpt lat="35.633789990097284" lon="127.5352559890598">
        <ele>682.5999755859375</ele>
        <time>2023-07-14T04:28:57.526Z</time>
      </trkpt>
      <trkpt lat="35.63397095538676" lon="127.53514694049954">
        <ele>683.4000244140625</ele>
        <time>2023-07-14T04:29:33.526Z</time>
      </trkpt>
      <trkpt lat="35.634116968140006" lon="127.53509799018502">
        <ele>683.7999877929688</ele>
        <time>2023-07-14T04:30:09.526Z</time>
      </trkpt>
      <trkpt lat="35.63420497812331" lon="127.53501199185848">
        <ele>685</ele>
        <time>2023-07-14T04:30:45.526Z</time>
      </trkpt>
      <trkpt lat="35.63429097644985" lon="127.53498097881675">
        <ele>687.7999877929688</ele>
        <time>2023-07-14T04:31:22.526Z</time>
      </trkpt>
      <trkpt lat="35.63433598726988" lon="127.53490797244012">
        <ele>689.5999755859375</ele>
        <time>2023-07-14T04:31:58.526Z</time>
      </trkpt>
      <trkpt lat="35.634391978383064" lon="127.53490093164146">
        <ele>691.4000244140625</ele>
        <time>2023-07-14T04:32:34.526Z</time>
      </trkpt>
      <trkpt lat="35.63440597616136" lon="127.53487595357001">
        <ele>692.4000244140625</ele>
        <time>2023-07-14T04:33:11.526Z</time>
      </trkpt>
      <trkpt lat="35.634482922032475" lon="127.53485499881208">
        <ele>695.7999877929688</ele>
        <time>2023-07-14T04:33:47.526Z</time>
      </trkpt>
      <trkpt lat="35.634525921195745" lon="127.53481392748654">
        <ele>697.5999755859375</ele>
        <time>2023-07-14T04:34:23.526Z</time>
      </trkpt>
      <trkpt lat="35.6345419306308" lon="127.5348299369216">
        <ele>697.7999877929688</ele>
        <time>2023-07-14T04:34:59.526Z</time>
      </trkpt>
      <trkpt lat="35.63470898196101" lon="127.53467897884548">
        <ele>702.2000122070312</ele>
        <time>2023-07-14T04:35:36.526Z</time>
      </trkpt>
      <trkpt lat="35.63478693366051" lon="127.53465693444014">
        <ele>702.7999877929688</ele>
        <time>2023-07-14T04:36:12.526Z</time>
      </trkpt>
      <trkpt lat="35.634906962513924" lon="127.5345069821924">
        <ele>702</ele>
        <time>2023-07-14T04:36:48.526Z</time>
      </trkpt>
      <trkpt lat="35.634932946413755" lon="127.5342699419707">
        <ele>699</ele>
        <time>2023-07-14T04:37:25.526Z</time>
      </trkpt>
      <trkpt lat="35.63496798276901" lon="127.53424999304116">
        <ele>698.7999877929688</ele>
        <time>2023-07-14T04:38:01.526Z</time>
      </trkpt>
      <trkpt lat="35.635145930573344" lon="127.53403499722481">
        <ele>693.7999877929688</ele>
        <time>2023-07-14T04:38:38.526Z</time>
      </trkpt>
      <trkpt lat="35.635146936401725" lon="127.53393399529159">
        <ele>693.4000244140625</ele>
        <time>2023-07-14T04:39:14.526Z</time>
      </trkpt>
      <trkpt lat="35.635189935564995" lon="127.53384799696505">
        <ele>692</ele>
        <time>2023-07-14T04:39:51.526Z</time>
      </trkpt>
      <trkpt lat="35.635191947221756" lon="127.53387792035937">
        <ele>692.4000244140625</ele>
        <time>2023-07-14T04:40:27.526Z</time>
      </trkpt>
      <trkpt lat="35.63522991724312" lon="127.53389795310795">
        <ele>692.2000122070312</ele>
        <time>2023-07-14T04:41:03.526Z</time>
      </trkpt>
      <trkpt lat="35.63529898412526" lon="127.53391195088625">
        <ele>691.2000122070312</ele>
        <time>2023-07-14T04:41:40.526Z</time>
      </trkpt>
      <trkpt lat="35.635319938883185" lon="127.53389099612832">
        <ele>690.7999877929688</ele>
        <time>2023-07-14T04:42:16.526Z</time>
      </trkpt>
      <trkpt lat="35.63534491695464" lon="127.53394598141313">
        <ele>689.2000122070312</ele>
        <time>2023-07-14T04:42:53.526Z</time>
      </trkpt>
      <trkpt lat="35.63555094413459" lon="127.53399996086955">
        <ele>679.4000244140625</ele>
        <time>2023-07-14T04:43:29.526Z</time>
      </trkpt>
      <trkpt lat="35.63558991998434" lon="127.53397791646421">
        <ele>678</ele>
        <time>2023-07-14T04:44:06.526Z</time>
      </trkpt>
      <trkpt lat="35.63558899797499" lon="127.53396299667656">
        <ele>678.2000122070312</ele>
        <time>2023-07-14T04:44:42.526Z</time>
      </trkpt>
      <trkpt lat="35.63567399047315" lon="127.53392192535102">
        <ele>674.5999755859375</ele>
        <time>2023-07-14T04:45:19.526Z</time>
      </trkpt>
      <trkpt lat="35.635984959080815" lon="127.53391597419977">
        <ele>661.5999755859375</ele>
        <time>2023-07-14T04:45:55.526Z</time>
      </trkpt>
      <trkpt lat="35.63606198877096" lon="127.53389099612832">
        <ele>659.5999755859375</ele>
        <time>2023-07-14T04:46:32.526Z</time>
      </trkpt>
      <trkpt lat="35.63611898571253" lon="127.53390197642148">
        <ele>657.7999877929688</ele>
        <time>2023-07-14T04:47:08.526Z</time>
      </trkpt>
      <trkpt lat="35.63618998043239" lon="127.53388898447156">
        <ele>655.5999755859375</ele>
        <time>2023-07-14T04:47:45.526Z</time>
      </trkpt>
      <trkpt lat="35.636223927140236" lon="127.53390692174435">
        <ele>654.4000244140625</ele>
        <time>2023-07-14T04:48:22.526Z</time>
      </trkpt>
      <trkpt lat="35.63621294684708" lon="127.53391396254301">
        <ele>654.7999877929688</ele>
        <time>2023-07-14T04:48:58.526Z</time>
      </trkpt>
      <trkpt lat="35.63627094961703" lon="127.53387196920812">
        <ele>652.7999877929688</ele>
        <time>2023-07-14T04:49:35.526Z</time>
      </trkpt>
      <trkpt lat="35.6363139487803" lon="127.53369092009962">
        <ele>649</ele>
        <time>2023-07-14T04:50:11.526Z</time>
      </trkpt>
      <trkpt lat="35.63635393045843" lon="127.53360693342984">
        <ele>646.4000244140625</ele>
        <time>2023-07-14T04:50:48.526Z</time>
      </trkpt>
      <trkpt lat="35.6364209856838" lon="127.5335589889437">
        <ele>643</ele>
        <time>2023-07-14T04:51:25.526Z</time>
      </trkpt>
      <trkpt lat="35.63644696958363" lon="127.5334929395467">
        <ele>640.4000244140625</ele>
        <time>2023-07-14T04:52:01.526Z</time>
      </trkpt>
      <trkpt lat="35.63653095625341" lon="127.53348799422383">
        <ele>636.5999755859375</ele>
        <time>2023-07-14T04:52:38.526Z</time>
      </trkpt>
      <trkpt lat="35.63655995763838" lon="127.53344893455505">
        <ele>634.5999755859375</ele>
        <time>2023-07-14T04:53:14.526Z</time>
      </trkpt>
      <trkpt lat="35.636606980115175" lon="127.5334239564836">
        <ele>632</ele>
        <time>2023-07-14T04:53:51.526Z</time>
      </trkpt>
      <trkpt lat="35.6366419326514" lon="127.53335396759212">
        <ele>629</ele>
        <time>2023-07-14T04:54:28.526Z</time>
      </trkpt>
      <trkpt lat="35.63665894791484" lon="127.53335698507726">
        <ele>628.2000122070312</ele>
        <time>2023-07-14T04:55:04.526Z</time>
      </trkpt>
      <trkpt lat="35.636693984270096" lon="127.53331599757075">
        <ele>626</ele>
        <time>2023-07-14T04:55:41.526Z</time>
      </trkpt>
      <trkpt lat="35.63679791986942" lon="127.5332999881357">
        <ele>621.7999877929688</ele>
        <time>2023-07-14T04:56:18.526Z</time>
      </trkpt>
      <trkpt lat="35.63687696121633" lon="127.5332669634372">
        <ele>618.2000122070312</ele>
        <time>2023-07-14T04:56:54.526Z</time>
      </trkpt>
      <trkpt lat="35.63702397979796" lon="127.53325698897243">
        <ele>612.5999755859375</ele>
        <time>2023-07-14T04:57:31.526Z</time>
      </trkpt>
      <trkpt lat="35.63708994537592" lon="127.53323092125356">
        <ele>610</ele>
        <time>2023-07-14T04:58:08.526Z</time>
      </trkpt>
      <trkpt lat="35.637190947309136" lon="127.53327299840748">
        <ele>608.2000122070312</ele>
        <time>2023-07-14T04:58:44.526Z</time>
      </trkpt>
      <trkpt lat="35.637252973392606" lon="127.5332809612155">
        <ele>607.5999755859375</ele>
        <time>2023-07-14T04:59:21.526Z</time>
      </trkpt>
      <trkpt lat="35.63732396811247" lon="127.53325992263854">
        <ele>605.2000122070312</ele>
        <time>2023-07-14T04:59:58.526Z</time>
      </trkpt>
      <trkpt lat="35.637464951723814" lon="127.53308298066258">
        <ele>602.2000122070312</ele>
        <time>2023-07-14T05:00:35.526Z</time>
      </trkpt>
      <trkpt lat="35.63758699223399" lon="127.53303193487227">
        <ele>599</ele>
        <time>2023-07-14T05:01:11.526Z</time>
      </trkpt>
      <trkpt lat="35.63775597140193" lon="127.53299094736576">
        <ele>594</ele>
        <time>2023-07-14T05:01:48.526Z</time>
      </trkpt>
      <trkpt lat="35.63815796747804" lon="127.53303294070065">
        <ele>588.7999877929688</ele>
        <time>2023-07-14T05:02:25.526Z</time>
      </trkpt>
      <trkpt lat="35.63828998245299" lon="127.53287997096777">
        <ele>587.5999755859375</ele>
        <time>2023-07-14T05:03:02.526Z</time>
      </trkpt>
      <trkpt lat="35.63848192803562" lon="127.53284493461251">
        <ele>585.2000122070312</ele>
        <time>2023-07-14T05:03:39.526Z</time>
      </trkpt>
      <trkpt lat="35.638540936633945" lon="127.53281593322754">
        <ele>584.4000244140625</ele>
        <time>2023-07-14T05:04:16.526Z</time>
      </trkpt>
      <trkpt lat="35.63883296214044" lon="127.53285499289632">
        <ele>581.7999877929688</ele>
        <time>2023-07-14T05:04:53.526Z</time>
      </trkpt>
      <trkpt lat="35.639077965170145" lon="127.53296798095107">
        <ele>578</ele>
        <time>2023-07-14T05:05:30.526Z</time>
      </trkpt>
      <trkpt lat="35.63915591686964" lon="127.53297192044556">
        <ele>576</ele>
        <time>2023-07-14T05:06:07.526Z</time>
      </trkpt>
      <trkpt lat="35.63930897042155" lon="127.53289296291769">
        <ele>570.4000244140625</ele>
        <time>2023-07-14T05:06:43.526Z</time>
      </trkpt>
      <trkpt lat="35.639356998726726" lon="127.53283898346126">
        <ele>568.7999877929688</ele>
        <time>2023-07-14T05:07:20.526Z</time>
      </trkpt>
      <trkpt lat="35.63938591629267" lon="127.53283898346126">
        <ele>568</ele>
        <time>2023-07-14T05:07:57.526Z</time>
      </trkpt>
      <trkpt lat="35.63941491767764" lon="127.53279699012637">
        <ele>567</ele>
        <time>2023-07-14T05:08:34.526Z</time>
      </trkpt>
      <trkpt lat="35.639423970133066" lon="127.53274996764958">
        <ele>565.4000244140625</ele>
        <time>2023-07-14T05:09:11.526Z</time>
      </trkpt>
      <trkpt lat="35.63947593793273" lon="127.53274996764958">
        <ele>564</ele>
        <time>2023-07-14T05:09:48.526Z</time>
      </trkpt>
      <trkpt lat="35.63949094153941" lon="127.53272197209299">
        <ele>562.7999877929688</ele>
        <time>2023-07-14T05:10:25.526Z</time>
      </trkpt>
      <trkpt lat="35.63969294540584" lon="127.53272197209299">
        <ele>557.5999755859375</ele>
        <time>2023-07-14T05:11:03.526Z</time>
      </trkpt>
      <trkpt lat="35.639680959284306" lon="127.5326519832015">
        <ele>556.4000244140625</ele>
        <time>2023-07-14T05:11:40.526Z</time>
      </trkpt>
      <trkpt lat="35.63967299647629" lon="127.53266296349466">
        <ele>556.7999877929688</ele>
        <time>2023-07-14T05:12:17.526Z</time>
      </trkpt>
      <trkpt lat="35.639721946790814" lon="127.53255693241954">
        <ele>554.2000122070312</ele>
        <time>2023-07-14T05:12:54.526Z</time>
      </trkpt>
      <trkpt lat="35.639894949272275" lon="127.53236498683691">
        <ele>551.4000244140625</ele>
        <time>2023-07-14T05:13:31.526Z</time>
      </trkpt>
      <trkpt lat="35.639980947598815" lon="127.53236498683691">
        <ele>552</ele>
        <time>2023-07-14T05:14:08.526Z</time>
      </trkpt>
      <trkpt lat="35.640021935105324" lon="127.53234294243157">
        <ele>552.2000122070312</ele>
        <time>2023-07-14T05:14:45.526Z</time>
      </trkpt>
      <trkpt lat="35.640128972008824" lon="127.53233497962356">
        <ele>551.4000244140625</ele>
        <time>2023-07-14T05:15:22.526Z</time>
      </trkpt>
      <trkpt lat="35.64021195285022" lon="127.53239893354475">
        <ele>550.7999877929688</ele>
        <time>2023-07-14T05:15:59.526Z</time>
      </trkpt>
      <trkpt lat="35.64030499197543" lon="127.53243799321353">
        <ele>549.7999877929688</ele>
        <time>2023-07-14T05:16:36.526Z</time>
      </trkpt>
      <trkpt lat="35.64036098308861" lon="127.53249993547797">
        <ele>549</ele>
        <time>2023-07-14T05:17:13.526Z</time>
      </trkpt>
      <trkpt lat="35.64044295810163" lon="127.53254394046962">
        <ele>546.7999877929688</ele>
        <time>2023-07-14T05:17:51.526Z</time>
      </trkpt>
      <trkpt lat="35.6404909864068" lon="127.53253396600485">
        <ele>545.7999877929688</ele>
        <time>2023-07-14T05:18:28.526Z</time>
      </trkpt>
      <trkpt lat="35.640560975298285" lon="127.53248392604291">
        <ele>544.5999755859375</ele>
        <time>2023-07-14T05:19:05.526Z</time>
      </trkpt>
      <trkpt lat="35.640602968633175" lon="127.53242894075811">
        <ele>543.5999755859375</ele>
        <time>2023-07-14T05:19:42.526Z</time>
      </trkpt>
      <trkpt lat="35.640752920880914" lon="127.53231997601688">
        <ele>539.5999755859375</ele>
        <time>2023-07-14T05:20:19.526Z</time>
      </trkpt>
      <trkpt lat="35.6410369835794" lon="127.53221293911338">
        <ele>533.4000244140625</ele>
        <time>2023-07-14T05:20:56.526Z</time>
      </trkpt>
      <trkpt lat="35.64108098857105" lon="127.53215694800019">
        <ele>532</ele>
        <time>2023-07-14T05:21:34.526Z</time>
      </trkpt>
      <trkpt lat="35.64115491695702" lon="127.53216792829335">
        <ele>530.4000244140625</ele>
        <time>2023-07-14T05:22:11.526Z</time>
      </trkpt>
      <trkpt lat="35.64128793776035" lon="127.53213993273675">
        <ele>526.7999877929688</ele>
        <time>2023-07-14T05:22:48.526Z</time>
      </trkpt>
      <trkpt lat="35.64160594716668" lon="127.53187196329236">
        <ele>519.2000122070312</ele>
        <time>2023-07-14T05:23:25.526Z</time>
      </trkpt>
      <trkpt lat="35.64166394993663" lon="127.53186592832208">
        <ele>518.7999877929688</ele>
        <time>2023-07-14T05:24:03.526Z</time>
      </trkpt>
      <trkpt lat="35.64182094298303" lon="127.5318059977144">
        <ele>514.4000244140625</ele>
        <time>2023-07-14T05:24:40.526Z</time>
      </trkpt>
      <trkpt lat="35.64182094298303" lon="127.531767943874">
        <ele>514.4000244140625</ele>
        <time>2023-07-14T05:25:17.526Z</time>
      </trkpt>
      <trkpt lat="35.64186092466116" lon="127.53171999938786">
        <ele>513.4000244140625</ele>
        <time>2023-07-14T05:25:55.526Z</time>
      </trkpt>
      <trkpt lat="35.641871988773346" lon="127.53172494471073">
        <ele>513</ele>
        <time>2023-07-14T05:26:32.526Z</time>
      </trkpt>
      <trkpt lat="35.64188699238002" lon="127.53154096193612">
        <ele>511.3999938964844</ele>
        <time>2023-07-14T05:27:09.526Z</time>
      </trkpt>
      <trkpt lat="35.64191993325949" lon="127.53144792281091">
        <ele>509.3999938964844</ele>
        <time>2023-07-14T05:27:47.526Z</time>
      </trkpt>
      <trkpt lat="35.64199495129287" lon="127.53132194280624">
        <ele>503.79998779296875</ele>
        <time>2023-07-14T05:28:24.526Z</time>
      </trkpt>
      <trkpt lat="35.642084972932935" lon="127.53107693977654">
        <ele>492.6000061035156</ele>
        <time>2023-07-14T05:29:02.526Z</time>
      </trkpt>
      <trkpt lat="35.64218798652291" lon="127.5309359561652">
        <ele>485.3999938964844</ele>
        <time>2023-07-14T05:29:39.526Z</time>
      </trkpt>
      <trkpt lat="35.64232796430588" lon="127.53095397725701">
        <ele>482.79998779296875</ele>
        <time>2023-07-14T05:30:16.526Z</time>
      </trkpt>
      <trkpt lat="35.64238294959068" lon="127.53097593784332">
        <ele>482.20001220703125</ele>
        <time>2023-07-14T05:30:54.526Z</time>
      </trkpt>
      <trkpt lat="35.64245997928083" lon="127.53086496144533">
        <ele>479.20001220703125</ele>
        <time>2023-07-14T05:31:31.526Z</time>
      </trkpt>
      <trkpt lat="35.64258696511388" lon="127.53082598559558">
        <ele>477.6000061035156</ele>
        <time>2023-07-14T05:32:09.526Z</time>
      </trkpt>
      <trkpt lat="35.642754938453436" lon="127.5306959822774">
        <ele>475.6000061035156</ele>
        <time>2023-07-14T05:32:46.526Z</time>
      </trkpt>
      <trkpt lat="35.64319096505642" lon="127.53059498034418">
        <ele>469</ele>
        <time>2023-07-14T05:33:24.526Z</time>
      </trkpt>
      <trkpt lat="35.643437979742885" lon="127.53048392012715">
        <ele>464.20001220703125</ele>
        <time>2023-07-14T05:34:01.526Z</time>
      </trkpt>
      <trkpt lat="35.6434509716928" lon="127.53046195954084">
        <ele>464</ele>
        <time>2023-07-14T05:34:39.526Z</time>
      </trkpt>
      <trkpt lat="35.64340394921601" lon="127.53014193847775">
        <ele>465.3999938964844</ele>
        <time>2023-07-14T05:35:17.526Z</time>
      </trkpt>
      <trkpt lat="35.64334594644606" lon="127.53003892488778">
        <ele>466.6000061035156</ele>
        <time>2023-07-14T05:35:54.526Z</time>
      </trkpt>
      <trkpt lat="35.64332499168813" lon="127.53003196790814">
        <ele>467.20001220703125</ele>
        <time>2023-07-14T05:36:32.526Z</time>
      </trkpt>
      <trkpt lat="35.64321795478463" lon="127.52988394349813">
        <ele>470</ele>
        <time>2023-07-14T05:37:09.526Z</time>
      </trkpt>
      <trkpt lat="35.64312893897295" lon="127.5297979451716">
        <ele>472.20001220703125</ele>
        <time>2023-07-14T05:37:47.526Z</time>
      </trkpt>
      <trkpt lat="35.64300295896828" lon="127.52979693934321">
        <ele>475</ele>
        <time>2023-07-14T05:38:25.526Z</time>
      </trkpt>
      <trkpt lat="35.642901957035065" lon="127.52982099540532">
        <ele>477.20001220703125</ele>
        <time>2023-07-14T05:39:02.526Z</time>
      </trkpt>
      <trkpt lat="35.64278192818165" lon="127.52992895431817">
        <ele>479.3999938964844</ele>
        <time>2023-07-14T05:39:40.526Z</time>
      </trkpt>
      <trkpt lat="35.64267598092556" lon="127.53000095486641">
        <ele>480</ele>
        <time>2023-07-14T05:40:18.526Z</time>
      </trkpt>
      <trkpt lat="35.64257397316396" lon="127.53004697151482">
        <ele>480.6000061035156</ele>
        <time>2023-07-14T05:40:56.526Z</time>
      </trkpt>
      <trkpt lat="35.642471965402365" lon="127.53005191683769">
        <ele>480.20001220703125</ele>
        <time>2023-07-14T05:41:33.526Z</time>
      </trkpt>
      <trkpt lat="35.642383955419064" lon="127.53000598400831">
        <ele>480.3999938964844</ele>
        <time>2023-07-14T05:42:11.526Z</time>
      </trkpt>
      <trkpt lat="35.64243994653225" lon="127.52981395460665">
        <ele>480.6000061035156</ele>
        <time>2023-07-14T05:42:49.526Z</time>
      </trkpt>
      <trkpt lat="35.64247992821038" lon="127.52973197959363">
        <ele>481.3999938964844</ele>
        <time>2023-07-14T05:43:27.526Z</time>
      </trkpt>
      <trkpt lat="35.642515970394015" lon="127.52948194742203">
        <ele>480.79998779296875</ele>
        <time>2023-07-14T05:44:04.526Z</time>
      </trkpt>
      <trkpt lat="35.64251194708049" lon="127.52928799018264">
        <ele>479.20001220703125</ele>
        <time>2023-07-14T05:44:42.526Z</time>
      </trkpt>
      <trkpt lat="35.642556957900524" lon="127.5291829649359">
        <ele>479</ele>
        <time>2023-07-14T05:45:20.526Z</time>
      </trkpt>
      <trkpt lat="35.64280799590051" lon="127.52893393859267">
        <ele>480.79998779296875</ele>
        <time>2023-07-14T05:45:58.526Z</time>
      </trkpt>
      <trkpt lat="35.642858957871795" lon="127.52890694886446">
        <ele>480.79998779296875</ele>
        <time>2023-07-14T05:46:36.526Z</time>
      </trkpt>
      <trkpt lat="35.64288494177163" lon="127.52890191972256">
        <ele>480.79998779296875</ele>
        <time>2023-07-14T05:47:14.526Z</time>
      </trkpt>
      <trkpt lat="35.64298393204808" lon="127.52894399687648">
        <ele>480</ele>
        <time>2023-07-14T05:47:52.526Z</time>
      </trkpt>
      <trkpt lat="35.64316699281335" lon="127.52895891666412">
        <ele>479</ele>
        <time>2023-07-14T05:48:29.526Z</time>
      </trkpt>
      <trkpt lat="35.64331895671785" lon="127.52884894609451">
        <ele>479</ele>
        <time>2023-07-14T05:49:07.526Z</time>
      </trkpt>
      <trkpt lat="35.64338098280132" lon="127.52878692001104">
        <ele>479.3999938964844</ele>
        <time>2023-07-14T05:49:45.526Z</time>
      </trkpt>
      <trkpt lat="35.64338299445808" lon="127.52870695665479">
        <ele>479.6000061035156</ele>
        <time>2023-07-14T05:50:23.526Z</time>
      </trkpt>
      <trkpt lat="35.64340394921601" lon="127.5286509655416">
        <ele>479.6000061035156</ele>
        <time>2023-07-14T05:51:01.526Z</time>
      </trkpt>
      <trkpt lat="35.643469998613" lon="127.52856396138668">
        <ele>480.3999938964844</ele>
        <time>2023-07-14T05:51:39.526Z</time>
      </trkpt>
      <trkpt lat="35.643546944484115" lon="127.52850696444511">
        <ele>480.79998779296875</ele>
        <time>2023-07-14T05:52:17.526Z</time>
      </trkpt>
      <trkpt lat="35.64362598583102" lon="127.52847695723176">
        <ele>482.6000061035156</ele>
        <time>2023-07-14T05:52:55.526Z</time>
      </trkpt>
      <trkpt lat="35.64371491782367" lon="127.52839992754161">
        <ele>484</ele>
        <time>2023-07-14T05:53:33.526Z</time>
      </trkpt>
      <trkpt lat="35.64373092725873" lon="127.52830294892192">
        <ele>484.20001220703125</ele>
        <time>2023-07-14T05:54:11.526Z</time>
      </trkpt>
      <trkpt lat="35.643721958622336" lon="127.528215944767">
        <ele>483</ele>
        <time>2023-07-14T05:54:49.526Z</time>
      </trkpt>
      <trkpt lat="35.64375598914921" lon="127.52814997918904">
        <ele>482</ele>
        <time>2023-07-14T05:55:27.526Z</time>
      </trkpt>
      <trkpt lat="35.643893955275416" lon="127.52801595255733">
        <ele>481</ele>
        <time>2023-07-14T05:56:05.526Z</time>
      </trkpt>
      <trkpt lat="35.64401498995721" lon="127.52802793867886">
        <ele>481.20001220703125</ele>
        <time>2023-07-14T05:56:43.526Z</time>
      </trkpt>
      <trkpt lat="35.64407198689878" lon="127.52801796421409">
        <ele>480.79998779296875</ele>
        <time>2023-07-14T05:57:21.526Z</time>
      </trkpt>
      <trkpt lat="35.644167959690094" lon="127.52786591649055">
        <ele>478.79998779296875</ele>
        <time>2023-07-14T05:57:59.526Z</time>
      </trkpt>
      <trkpt lat="35.64430198632181" lon="127.52773691900074">
        <ele>477.20001220703125</ele>
        <time>2023-07-14T05:58:37.526Z</time>
      </trkpt>
      <trkpt lat="35.64439494162798" lon="127.52767095342278">
        <ele>476.20001220703125</ele>
        <time>2023-07-14T05:59:16.526Z</time>
      </trkpt>
      <trkpt lat="35.64446493051946" lon="127.52756894566119">
        <ele>475.3999938964844</ele>
        <time>2023-07-14T05:59:54.526Z</time>
      </trkpt>
      <trkpt lat="35.6444679480046" lon="127.5275219231844">
        <ele>475.20001220703125</ele>
        <time>2023-07-14T06:00:32.526Z</time>
      </trkpt>
      <trkpt lat="35.64442394301295" lon="127.52738596871495">
        <ele>474.3999938964844</ele>
        <time>2023-07-14T06:01:10.526Z</time>
      </trkpt>
      <trkpt lat="35.64443299546838" lon="127.527327965945">
        <ele>474.3999938964844</ele>
        <time>2023-07-14T06:01:48.526Z</time>
      </trkpt>
      <trkpt lat="35.64441095106304" lon="127.52710995264351">
        <ele>475.20001220703125</ele>
        <time>2023-07-14T06:02:26.526Z</time>
      </trkpt>
      <trkpt lat="35.644452944397926" lon="127.52703694626689">
        <ele>476.6000061035156</ele>
        <time>2023-07-14T06:03:04.526Z</time>
      </trkpt>
      <trkpt lat="35.64445897936821" lon="127.52693192102015">
        <ele>478</ele>
        <time>2023-07-14T06:03:43.526Z</time>
      </trkpt>
      <trkpt lat="35.64444095827639" lon="127.52687299624085">
        <ele>478.3999938964844</ele>
        <time>2023-07-14T06:04:21.526Z</time>
      </trkpt>
      <trkpt lat="35.64439091831446" lon="127.52680795267224">
        <ele>478.6000061035156</ele>
        <time>2023-07-14T06:04:59.526Z</time>
      </trkpt>
      <trkpt lat="35.64424691721797" lon="127.52667593769729">
        <ele>478.3999938964844</ele>
        <time>2023-07-14T06:05:37.526Z</time>
      </trkpt>
      <trkpt lat="35.6442089471966" lon="127.52648994326591">
        <ele>480</ele>
        <time>2023-07-14T06:06:15.526Z</time>
      </trkpt>
      <trkpt lat="35.644191931933165" lon="127.52614594995975">
        <ele>483.3999938964844</ele>
        <time>2023-07-14T06:06:54.526Z</time>
      </trkpt>
      <trkpt lat="35.64425194635987" lon="127.5260379910469">
        <ele>484.3999938964844</ele>
        <time>2023-07-14T06:07:32.526Z</time>
      </trkpt>
      <trkpt lat="35.64443693496287" lon="127.52592299133539">
        <ele>487</ele>
        <time>2023-07-14T06:08:10.526Z</time>
      </trkpt>
      <trkpt lat="35.64450692385435" lon="127.52582995221019">
        <ele>488</ele>
        <time>2023-07-14T06:08:49.526Z</time>
      </trkpt>
      <trkpt lat="35.64459392800927" lon="127.52552996389568">
        <ele>487.6000061035156</ele>
        <time>2023-07-14T06:09:27.526Z</time>
      </trkpt>
      <trkpt lat="35.644683949649334" lon="127.52547598443925">
        <ele>487.79998779296875</ele>
        <time>2023-07-14T06:10:05.526Z</time>
      </trkpt>
      <trkpt lat="35.644753938540816" lon="127.52540398389101">
        <ele>488.3999938964844</ele>
        <time>2023-07-14T06:10:44.526Z</time>
      </trkpt>
      <trkpt lat="35.64499399624765" lon="127.52531697973609">
        <ele>491.20001220703125</ele>
        <time>2023-07-14T06:11:22.526Z</time>
      </trkpt>
      <trkpt lat="35.64503992907703" lon="127.52525495365262">
        <ele>491.79998779296875</ele>
        <time>2023-07-14T06:12:01.526Z</time>
      </trkpt>
      <trkpt lat="35.64505996182561" lon="127.52512595616281">
        <ele>491.3999938964844</ele>
        <time>2023-07-14T06:12:39.526Z</time>
      </trkpt>
      <trkpt lat="35.64501796849072" lon="127.52495697699487">
        <ele>490.79998779296875</ele>
        <time>2023-07-14T06:13:17.526Z</time>
      </trkpt>
      <trkpt lat="35.64494898542762" lon="127.52479093149304">
        <ele>490.20001220703125</ele>
        <time>2023-07-14T06:13:56.526Z</time>
      </trkpt>
      <trkpt lat="35.644966922700405" lon="127.5247239600867">
        <ele>490.6000061035156</ele>
        <time>2023-07-14T06:14:34.526Z</time>
      </trkpt>
      <trkpt lat="35.645009921863675" lon="127.52466293983161">
        <ele>491.20001220703125</ele>
        <time>2023-07-14T06:15:13.526Z</time>
      </trkpt>
      <trkpt lat="35.64499793574214" lon="127.5245949625969">
        <ele>490.79998779296875</ele>
        <time>2023-07-14T06:15:51.526Z</time>
      </trkpt>
      <trkpt lat="35.644876984879375" lon="127.5244099739939">
        <ele>487.6000061035156</ele>
        <time>2023-07-14T06:16:30.526Z</time>
      </trkpt>
      <trkpt lat="35.644813952967525" lon="127.52415399067104">
        <ele>483.20001220703125</ele>
        <time>2023-07-14T06:17:08.526Z</time>
      </trkpt>
      <trkpt lat="35.64481797628105" lon="127.52396799623966">
        <ele>480</ele>
        <time>2023-07-14T06:17:47.526Z</time>
      </trkpt>
      <trkpt lat="35.64480196684599" lon="127.5239329598844">
        <ele>479.20001220703125</ele>
        <time>2023-07-14T06:18:25.526Z</time>
      </trkpt>
      <trkpt lat="35.644857957959175" lon="127.52378895878792">
        <ele>477.3999938964844</ele>
        <time>2023-07-14T06:19:04.526Z</time>
      </trkpt>
      <trkpt lat="35.64485192298889" lon="127.52365895546973">
        <ele>475.20001220703125</ele>
        <time>2023-07-14T06:19:42.526Z</time>
      </trkpt>
      <trkpt lat="35.64469895325601" lon="127.52340699546039">
        <ele>469.6000061035156</ele>
        <time>2023-07-14T06:20:21.526Z</time>
      </trkpt>
      <trkpt lat="35.64469492994249" lon="127.52321295440197">
        <ele>466</ele>
        <time>2023-07-14T06:21:00.526Z</time>
      </trkpt>
      <trkpt lat="35.64467892050743" lon="127.52311899326742">
        <ele>464</ele>
        <time>2023-07-14T06:21:38.526Z</time>
      </trkpt>
      <trkpt lat="35.64463793300092" lon="127.52301698550582">
        <ele>461.79998779296875</ele>
        <time>2023-07-14T06:22:17.526Z</time>
      </trkpt>
      <trkpt lat="35.6446529366076" lon="127.5229659397155">
        <ele>460.79998779296875</ele>
        <time>2023-07-14T06:22:56.526Z</time>
      </trkpt>
      <trkpt lat="35.644644973799586" lon="127.5228919275105">
        <ele>459.6000061035156</ele>
        <time>2023-07-14T06:23:34.526Z</time>
      </trkpt>
      <trkpt lat="35.64460499212146" lon="127.52276393584907">
        <ele>457</ele>
        <time>2023-07-14T06:24:13.526Z</time>
      </trkpt>
      <trkpt lat="35.64458697102964" lon="127.52258892171085">
        <ele>453.79998779296875</ele>
        <time>2023-07-14T06:24:52.526Z</time>
      </trkpt>
      <trkpt lat="35.64455998130143" lon="127.52258598804474">
        <ele>453.79998779296875</ele>
        <time>2023-07-14T06:25:30.526Z</time>
      </trkpt>
      <trkpt lat="35.64454698935151" lon="127.52255195751786">
        <ele>453</ele>
        <time>2023-07-14T06:26:09.526Z</time>
      </trkpt>
      <trkpt lat="35.64454497769475" lon="127.52248699776828">
        <ele>452.20001220703125</ele>
        <time>2023-07-14T06:26:48.526Z</time>
      </trkpt>
      <trkpt lat="35.64457196742296" lon="127.522406950593">
        <ele>452</ele>
        <time>2023-07-14T06:27:26.526Z</time>
      </trkpt>
      <trkpt lat="35.64462795853615" lon="127.52236797474325">
        <ele>452</ele>
        <time>2023-07-14T06:28:05.526Z</time>
      </trkpt>
      <trkpt lat="35.64478193409741" lon="127.52232497557998">
        <ele>449.6000061035156</ele>
        <time>2023-07-14T06:28:44.526Z</time>
      </trkpt>
      <trkpt lat="35.644859969615936" lon="127.52225297503173">
        <ele>447.3999938964844</ele>
        <time>2023-07-14T06:29:22.526Z</time>
      </trkpt>
      <trkpt lat="35.64486399292946" lon="127.5221889372915">
        <ele>446</ele>
        <time>2023-07-14T06:30:01.526Z</time>
      </trkpt>
      <trkpt lat="35.64473994076252" lon="127.52177193760872">
        <ele>440.79998779296875</ele>
        <time>2023-07-14T06:30:40.526Z</time>
      </trkpt>
      <trkpt lat="35.644550928846" lon="127.52124194987118">
        <ele>443.3999938964844</ele>
        <time>2023-07-14T06:31:19.526Z</time>
      </trkpt>
      <trkpt lat="35.64443098381162" lon="127.52101899124682">
        <ele>444.20001220703125</ele>
        <time>2023-07-14T06:31:58.526Z</time>
      </trkpt>
      <trkpt lat="35.64434699714184" lon="127.5209039915353">
        <ele>443.3999938964844</ele>
        <time>2023-07-14T06:32:37.526Z</time>
      </trkpt>
      <trkpt lat="35.64408095553517" lon="127.5206349324435">
        <ele>439</ele>
        <time>2023-07-14T06:33:15.526Z</time>
      </trkpt>
      <trkpt lat="35.64402697607875" lon="127.52048498019576">
        <ele>437.20001220703125</ele>
        <time>2023-07-14T06:33:54.526Z</time>
      </trkpt>
      <trkpt lat="35.64402395859361" lon="127.52000394277275">
        <ele>435</ele>
        <time>2023-07-14T06:34:33.526Z</time>
      </trkpt>
      <trkpt lat="35.643869983032346" lon="127.51954193226993">
        <ele>432.6000061035156</ele>
        <time>2023-07-14T06:35:12.526Z</time>
      </trkpt>
      <trkpt lat="35.64383695833385" lon="127.51911797560751">
        <ele>429.3999938964844</ele>
        <time>2023-07-14T06:35:51.526Z</time>
      </trkpt>
      <trkpt lat="35.64379697665572" lon="127.51901898533106">
        <ele>428.3999938964844</ele>
        <time>2023-07-14T06:36:31.526Z</time>
      </trkpt>
      <trkpt lat="35.64333697780967" lon="127.51865797676146">
        <ele>425.3999938964844</ele>
        <time>2023-07-14T06:37:10.526Z</time>
      </trkpt>
      <trkpt lat="35.642838925123215" lon="127.51816897653043">
        <ele>426.79998779296875</ele>
        <time>2023-07-14T06:37:49.526Z</time>
      </trkpt>
      <trkpt lat="35.64271898008883" lon="127.51807694323361">
        <ele>427.79998779296875</ele>
        <time>2023-07-14T06:38:28.526Z</time>
      </trkpt>
      <trkpt lat="35.64263692125678" lon="127.5180449243635">
        <ele>428.20001220703125</ele>
        <time>2023-07-14T06:39:07.526Z</time>
      </trkpt>
      <trkpt lat="35.64251094125211" lon="127.51806797459722">
        <ele>429</ele>
        <time>2023-07-14T06:39:47.526Z</time>
      </trkpt>
      <trkpt lat="35.64239795319736" lon="127.51812798902392">
        <ele>428.79998779296875</ele>
        <time>2023-07-14T06:40:26.526Z</time>
      </trkpt>
      <trkpt lat="35.64214096404612" lon="127.51843594014645">
        <ele>429.20001220703125</ele>
        <time>2023-07-14T06:41:05.526Z</time>
      </trkpt>
      <trkpt lat="35.641953963786364" lon="127.51861397176981">
        <ele>430.20001220703125</ele>
        <time>2023-07-14T06:41:45.526Z</time>
      </trkpt>
      <trkpt lat="35.641871988773346" lon="127.51874196343124">
        <ele>430</ele>
        <time>2023-07-14T06:42:24.526Z</time>
      </trkpt>
      <trkpt lat="35.64185698516667" lon="127.51883994787931">
        <ele>429.6000061035156</ele>
        <time>2023-07-14T06:43:03.526Z</time>
      </trkpt>
      <trkpt lat="35.6417949590832" lon="127.51894094981253">
        <ele>429.6000061035156</ele>
        <time>2023-07-14T06:43:43.526Z</time>
      </trkpt>
      <trkpt lat="35.641720946878195" lon="127.51935199834406">
        <ele>431.20001220703125</ele>
        <time>2023-07-14T06:44:22.526Z</time>
      </trkpt>
      <trkpt lat="35.641699992120266" lon="127.51939298585057">
        <ele>431.6000061035156</ele>
        <time>2023-07-14T06:45:01.526Z</time>
      </trkpt>
      <trkpt lat="35.64155791886151" lon="127.51948996447027">
        <ele>432.3999938964844</ele>
        <time>2023-07-14T06:45:41.526Z</time>
      </trkpt>
      <trkpt lat="35.641525983810425" lon="127.51954796724021">
        <ele>432.20001220703125</ele>
        <time>2023-07-14T06:46:20.526Z</time>
      </trkpt>
      <trkpt lat="35.641444930806756" lon="127.51960697583854">
        <ele>432.79998779296875</ele>
        <time>2023-07-14T06:47:00.526Z</time>
      </trkpt>
      <trkpt lat="35.64123094081879" lon="127.51969297416508">
        <ele>433.79998779296875</ele>
        <time>2023-07-14T06:47:39.526Z</time>
      </trkpt>
      <trkpt lat="35.64097395166755" lon="127.51982892863452">
        <ele>434</ele>
        <time>2023-07-14T06:48:19.526Z</time>
      </trkpt>
      <trkpt lat="35.64067396335304" lon="127.5200429186225">
        <ele>434.79998779296875</ele>
        <time>2023-07-14T06:48:58.526Z</time>
      </trkpt>
      <trkpt lat="35.64039694145322" lon="127.52013193443418">
        <ele>436.3999938964844</ele>
        <time>2023-07-14T06:49:38.526Z</time>
      </trkpt>
      <trkpt lat="35.64024799503386" lon="127.52020594663918">
        <ele>437.3999938964844</ele>
        <time>2023-07-14T06:50:17.526Z</time>
      </trkpt>
    </trkseg>
  </trk>
</gpx>
