<?xml version="1.0" encoding="UTF-8"?>
<gpx creator="Garmin Connect" version="1.1" schemaLocation="http://www.topografix.com/GPX/1/1 http://www.topografix.com/GPX/11.xsd" xmlns="http://www.topografix.com/GPX/1/1" xmlns:xsi="http://www.w3.org/2001/XMLSchema-instance" xsi:schemaLocation="http://www.topografix.com/GPX/1/1 http://www.topografix.com/GPX/1/1/gpx.xsd http://www.garmin.com/xmlschemas/GpxExtensions/v3 http://www.garmin.com/xmlschemas/GpxExtensionsv3.xsd http://www.garmin.com/xmlschemas/TrackPointExtension/v1 http://www.garmin.com/xmlschemas/TrackPointExtensionv1.xsd http://www.garmin.com/xmlschemas/PowerExtension/v1 http://www.garmin.com/xmlschemas/PowerExtensionv1.xsd http://www.topografix.com/GPX/gpx_style/0/2 http://www.topografix.com/GPX/gpx_style/0/2/gpx_style.xsd" xmlns:gpxtpx="http://www.garmin.com/xmlschemas/TrackPointExtension/v1" xmlns:gpxx="http://www.garmin.com/xmlschemas/GpxExtensions/v3" xmlns:gpxpx="http://www.garmin.com/xmlschemas/PowerExtension/v1" xmlns:gpx_style="http://www.topografix.com/GPX/gpx_style/0/2">
  <metadata>
    <name>JTR_38K-P</name>
    <author>
      <name>gpx.studio</name>
      <link href="https://gpx.studio"/>
    </author>
    <link href="connect.garmin.com">
      <text>Garmin Connect</text>
    </link>
    <time>2024-03-16T08:16:11.000Z</time>
  </metadata>
  <trk>
    <name>장수트레일레이스 38K-P</name>
    <type>other</type>
    <trkseg>
      <trkpt lat="35.64039995893836" lon="127.52024995163083">
        <ele>436.3999938964844</ele>
        <time>2024-03-16T08:16:11.000Z</time>
      </trkpt>
      <trkpt lat="35.640259981155396" lon="127.52019999548793">
        <ele>437.3999938964844</ele>
        <time>2024-03-16T08:16:11.000Z</time>
      </trkpt>
      <trkpt lat="35.64019996672869" lon="127.52024995163083">
        <ele>437.79998779296875</ele>
        <time>2024-03-16T08:16:11.000Z</time>
      </trkpt>
      <trkpt lat="35.6398799456656" lon="127.52032999880612">
        <ele>439.79998779296875</ele>
        <time>2024-03-16T08:16:11.000Z</time>
      </trkpt>
      <trkpt lat="35.639829989522696" lon="127.52034994773567">
        <ele>440</ele>
        <time>2024-03-16T08:16:11.000Z</time>
      </trkpt>
      <trkpt lat="35.63977994956076" lon="127.52037995494902">
        <ele>440.20001220703125</ele>
        <time>2024-03-16T08:16:11.000Z</time>
      </trkpt>
      <trkpt lat="35.63970996066928" lon="127.52043996937573">
        <ele>440.79998779296875</ele>
        <time>2024-03-16T08:16:11.000Z</time>
      </trkpt>
      <trkpt lat="35.63964994624257" lon="127.52054993994534">
        <ele>441.3999938964844</ele>
        <time>2024-03-16T08:16:11.000Z</time>
      </trkpt>
      <trkpt lat="35.63961993902922" lon="127.5206399615854">
        <ele>441.6000061035156</ele>
        <time>2024-03-16T08:16:11.000Z</time>
      </trkpt>
      <trkpt lat="35.63961993902922" lon="127.52077993936837">
        <ele>441.6000061035156</ele>
        <time>2024-03-16T08:16:11.000Z</time>
      </trkpt>
      <trkpt lat="35.6396399717778" lon="127.5208799354732">
        <ele>441.6000061035156</ele>
        <time>2024-03-16T08:16:11.000Z</time>
      </trkpt>
      <trkpt lat="35.639659920707345" lon="127.52093994989991">
        <ele>441.79998779296875</ele>
        <time>2024-03-16T08:16:11.000Z</time>
      </trkpt>
      <trkpt lat="35.639699986204505" lon="127.52099996432662">
        <ele>441.79998779296875</ele>
        <time>2024-03-16T08:16:11.000Z</time>
      </trkpt>
      <trkpt lat="35.63975991681218" lon="127.52105997875333">
        <ele>441.79998779296875</ele>
        <time>2024-03-16T08:16:12.000Z</time>
      </trkpt>
      <trkpt lat="35.639829989522696" lon="127.52110993489623">
        <ele>441.3999938964844</ele>
        <time>2024-03-16T08:16:12.000Z</time>
      </trkpt>
      <trkpt lat="35.639999974519014" lon="127.52114991657436">
        <ele>440.20001220703125</ele>
        <time>2024-03-16T08:16:12.000Z</time>
      </trkpt>
      <trkpt lat="35.64002998173237" lon="127.52113994210958">
        <ele>440</ele>
        <time>2024-03-16T08:16:12.000Z</time>
      </trkpt>
      <trkpt lat="35.640109945088625" lon="127.52113994210958">
        <ele>439.20001220703125</ele>
        <time>2024-03-16T08:16:12.000Z</time>
      </trkpt>
      <trkpt lat="35.64024992287159" lon="127.52111999318004">
        <ele>437.79998779296875</ele>
        <time>2024-03-16T08:16:12.000Z</time>
      </trkpt>
      <trkpt lat="35.640319995582104" lon="127.52108998596668">
        <ele>437</ele>
        <time>2024-03-16T08:16:13.000Z</time>
      </trkpt>
      <trkpt lat="35.640429966151714" lon="127.52107992768288">
        <ele>437.20001220703125</ele>
        <time>2024-03-16T08:16:13.000Z</time>
      </trkpt>
      <trkpt lat="35.6404999550432" lon="127.52104992046952">
        <ele>437.20001220703125</ele>
        <time>2024-03-16T08:16:13.000Z</time>
      </trkpt>
      <trkpt lat="35.64065996557474" lon="127.5210199970752">
        <ele>436.79998779296875</ele>
        <time>2024-03-16T08:16:13.000Z</time>
      </trkpt>
      <trkpt lat="35.64077999442816" lon="127.52097993157804">
        <ele>437</ele>
        <time>2024-03-16T08:16:14.000Z</time>
      </trkpt>
      <trkpt lat="35.64097998663783" lon="127.52095998264849">
        <ele>436.79998779296875</ele>
        <time>2024-03-16T08:16:14.000Z</time>
      </trkpt>
      <trkpt lat="35.64107998274267" lon="127.52095998264849">
        <ele>436.79998779296875</ele>
        <time>2024-03-16T08:16:14.000Z</time>
      </trkpt>
      <trkpt lat="35.64110998995602" lon="127.52096995711327">
        <ele>437</ele>
        <time>2024-03-16T08:16:14.000Z</time>
      </trkpt>
      <trkpt lat="35.64114997163415" lon="127.52099996432662">
        <ele>437.20001220703125</ele>
        <time>2024-03-16T08:16:15.000Z</time>
      </trkpt>
      <trkpt lat="35.64119992777705" lon="127.52104992046952">
        <ele>437.3999938964844</ele>
        <time>2024-03-16T08:16:15.000Z</time>
      </trkpt>
      <trkpt lat="35.64121996052563" lon="127.52105997875333">
        <ele>437.3999938964844</ele>
        <time>2024-03-16T08:16:15.000Z</time>
      </trkpt>
      <trkpt lat="35.64125994220376" lon="127.52110993489623">
        <ele>437.6000061035156</ele>
        <time>2024-03-16T08:16:16.000Z</time>
      </trkpt>
      <trkpt lat="35.64134996384382" lon="127.5211999565363">
        <ele>437</ele>
        <time>2024-03-16T08:16:16.000Z</time>
      </trkpt>
      <trkpt lat="35.64151994884014" lon="127.52133993431926">
        <ele>435.20001220703125</ele>
        <time>2024-03-16T08:16:16.000Z</time>
      </trkpt>
      <trkpt lat="35.641699992120266" lon="127.5214499887079">
        <ele>432.79998779296875</ele>
        <time>2024-03-16T08:16:16.000Z</time>
      </trkpt>
      <trkpt lat="35.641739973798394" lon="127.5214499887079">
        <ele>432.6000061035156</ele>
        <time>2024-03-16T08:16:17.000Z</time>
      </trkpt>
      <trkpt lat="35.64176998101175" lon="127.5214399304241">
        <ele>432.3999938964844</ele>
        <time>2024-03-16T08:16:17.000Z</time>
      </trkpt>
      <trkpt lat="35.64181993715465" lon="127.52137999981642">
        <ele>432.20001220703125</ele>
        <time>2024-03-16T08:16:18.000Z</time>
      </trkpt>
      <trkpt lat="35.64183996990323" lon="127.52128997817636">
        <ele>432.79998779296875</ele>
        <time>2024-03-16T08:16:18.000Z</time>
      </trkpt>
      <trkpt lat="35.64183996990323" lon="127.52124999649823">
        <ele>433</ele>
        <time>2024-03-16T08:16:18.000Z</time>
      </trkpt>
      <trkpt lat="35.6417999882251" lon="127.5210199970752">
        <ele>433.6000061035156</ele>
        <time>2024-03-16T08:16:19.000Z</time>
      </trkpt>
      <trkpt lat="35.641719941049814" lon="127.52060995437205">
        <ele>433</ele>
        <time>2024-03-16T08:16:19.000Z</time>
      </trkpt>
      <trkpt lat="35.64170996658504" lon="127.5205799471587">
        <ele>433</ele>
        <time>2024-03-16T08:16:20.000Z</time>
      </trkpt>
      <trkpt lat="35.64157996326685" lon="127.51981995999813">
        <ele>432</ele>
        <time>2024-03-16T08:16:20.000Z</time>
      </trkpt>
      <trkpt lat="35.64150997437537" lon="127.51954997889698">
        <ele>432.3999938964844</ele>
        <time>2024-03-16T08:16:21.000Z</time>
      </trkpt>
      <trkpt lat="35.64147996716201" lon="127.51938996836543">
        <ele>432.6000061035156</ele>
        <time>2024-03-16T08:16:21.000Z</time>
      </trkpt>
      <trkpt lat="35.641439985483885" lon="127.51908998005092">
        <ele>431.6000061035156</ele>
        <time>2024-03-16T08:16:22.000Z</time>
      </trkpt>
      <trkpt lat="35.64142992720008" lon="127.51905997283757">
        <ele>431.6000061035156</ele>
        <time>2024-03-16T08:16:22.000Z</time>
      </trkpt>
      <trkpt lat="35.641419952735305" lon="127.51895997673273">
        <ele>431.20001220703125</ele>
        <time>2024-03-16T08:16:23.000Z</time>
      </trkpt>
      <trkpt lat="35.64137997105718" lon="127.51874992623925">
        <ele>431.3999938964844</ele>
        <time>2024-03-16T08:16:23.000Z</time>
      </trkpt>
      <trkpt lat="35.64138994552195" lon="127.518669962883">
        <ele>431.20001220703125</ele>
        <time>2024-03-16T08:16:24.000Z</time>
      </trkpt>
      <trkpt lat="35.64140997827053" lon="127.51858999952674">
        <ele>431.3999938964844</ele>
        <time>2024-03-16T08:16:25.000Z</time>
      </trkpt>
      <trkpt lat="35.64145993441343" lon="127.51852998510003">
        <ele>431.6000061035156</ele>
        <time>2024-03-16T08:16:25.000Z</time>
      </trkpt>
      <trkpt lat="35.64147996716201" lon="127.51848991960287">
        <ele>432</ele>
        <time>2024-03-16T08:16:26.000Z</time>
      </trkpt>
      <trkpt lat="35.641569988802075" lon="127.51843996345997">
        <ele>432</ele>
        <time>2024-03-16T08:16:27.000Z</time>
      </trkpt>
      <trkpt lat="35.641679959371686" lon="127.51832999289036">
        <ele>431.20001220703125</ele>
        <time>2024-03-16T08:16:27.000Z</time>
      </trkpt>
      <trkpt lat="35.64172999933362" lon="127.51826997846365">
        <ele>431.20001220703125</ele>
        <time>2024-03-16T08:16:28.000Z</time>
      </trkpt>
      <trkpt lat="35.64177995547652" lon="127.51817995682359">
        <ele>431.3999938964844</ele>
        <time>2024-03-16T08:16:28.000Z</time>
      </trkpt>
      <trkpt lat="35.64181993715465" lon="127.51812991686165">
        <ele>431.20001220703125</ele>
        <time>2024-03-16T08:16:29.000Z</time>
      </trkpt>
      <trkpt lat="35.64195999875665" lon="127.5180499535054">
        <ele>430.20001220703125</ele>
        <time>2024-03-16T08:16:30.000Z</time>
      </trkpt>
      <trkpt lat="35.64228999428451" lon="127.51803997904062">
        <ele>429</ele>
        <time>2024-03-16T08:16:31.000Z</time>
      </trkpt>
      <trkpt lat="35.64237993210554" lon="127.51801994629204">
        <ele>429.20001220703125</ele>
        <time>2024-03-16T08:16:31.000Z</time>
      </trkpt>
      <trkpt lat="35.642599957063794" lon="127.5179999973625">
        <ele>428.6000061035156</ele>
        <time>2024-03-16T08:16:32.000Z</time>
      </trkpt>
      <trkpt lat="35.64276994206011" lon="127.51796999014914">
        <ele>427.20001220703125</ele>
        <time>2024-03-16T08:16:33.000Z</time>
      </trkpt>
      <trkpt lat="35.643139919266105" lon="127.51787996850908">
        <ele>421.20001220703125</ele>
        <time>2024-03-16T08:16:34.000Z</time>
      </trkpt>
      <trkpt lat="35.64331996254623" lon="127.5178599357605">
        <ele>420</ele>
        <time>2024-03-16T08:16:34.000Z</time>
      </trkpt>
      <trkpt lat="35.64334996975958" lon="127.51783998683095">
        <ele>419.6000061035156</ele>
        <time>2024-03-16T08:16:35.000Z</time>
      </trkpt>
      <trkpt lat="35.643459940329194" lon="127.51769992522895">
        <ele>418.3999938964844</ele>
        <time>2024-03-16T08:16:36.000Z</time>
      </trkpt>
      <trkpt lat="35.64355993643403" lon="127.51745995134115">
        <ele>416.79998779296875</ele>
        <time>2024-03-16T08:16:37.000Z</time>
      </trkpt>
      <trkpt lat="35.64361995086074" lon="127.5172399263829">
        <ele>416.79998779296875</ele>
        <time>2024-03-16T08:16:38.000Z</time>
      </trkpt>
      <trkpt lat="35.64367996528745" lon="127.51709994859993">
        <ele>416.6000061035156</ele>
        <time>2024-03-16T08:16:39.000Z</time>
      </trkpt>
      <trkpt lat="35.64398992806673" lon="127.5165699608624">
        <ele>415.3999938964844</ele>
        <time>2024-03-16T08:16:40.000Z</time>
      </trkpt>
      <trkpt lat="35.64422998577356" lon="127.51608992926776">
        <ele>414</ele>
        <time>2024-03-16T08:16:41.000Z</time>
      </trkpt>
      <trkpt lat="35.64449996687472" lon="127.51562993042171">
        <ele>413.20001220703125</ele>
        <time>2024-03-16T08:16:42.000Z</time>
      </trkpt>
      <trkpt lat="35.6445699557662" lon="127.51544997096062">
        <ele>412.20001220703125</ele>
        <time>2024-03-16T08:16:43.000Z</time>
      </trkpt>
      <trkpt lat="35.64465997740626" lon="127.5152799859643">
        <ele>411.3999938964844</ele>
        <time>2024-03-16T08:16:44.000Z</time>
      </trkpt>
      <trkpt lat="35.64469995908439" lon="127.51514998264611">
        <ele>410.79998779296875</ele>
        <time>2024-03-16T08:16:45.000Z</time>
      </trkpt>
      <trkpt lat="35.644729966297746" lon="127.51509994268417">
        <ele>410.3999938964844</ele>
        <time>2024-03-16T08:16:46.000Z</time>
      </trkpt>
      <trkpt lat="35.644789980724454" lon="127.51504998654127">
        <ele>410</ele>
        <time>2024-03-16T08:16:47.000Z</time>
      </trkpt>
      <trkpt lat="35.64488997682929" lon="127.51503992825747">
        <ele>410.3999938964844</ele>
        <time>2024-03-16T08:16:48.000Z</time>
      </trkpt>
      <trkpt lat="35.645219972357154" lon="127.5150899682194">
        <ele>411.6000061035156</ele>
        <time>2024-03-16T08:16:49.000Z</time>
      </trkpt>
      <trkpt lat="35.64531996846199" lon="127.51506993547082">
        <ele>412</ele>
        <time>2024-03-16T08:16:51.000Z</time>
      </trkpt>
      <trkpt lat="35.64535995014012" lon="127.51500992104411">
        <ele>412.20001220703125</ele>
        <time>2024-03-16T08:16:52.000Z</time>
      </trkpt>
      <trkpt lat="35.64538995735347" lon="127.51491998322308">
        <ele>412.6000061035156</ele>
        <time>2024-03-16T08:16:53.000Z</time>
      </trkpt>
      <trkpt lat="35.64544997178018" lon="127.51466995105147">
        <ele>412.79998779296875</ele>
        <time>2024-03-16T08:16:54.000Z</time>
      </trkpt>
      <trkpt lat="35.64549992792308" lon="127.51454992219806">
        <ele>412.3999938964844</ele>
        <time>2024-03-16T08:16:55.000Z</time>
      </trkpt>
      <trkpt lat="35.645569916814566" lon="127.51440994441509">
        <ele>411.79998779296875</ele>
        <time>2024-03-16T08:16:57.000Z</time>
      </trkpt>
      <trkpt lat="35.64557997509837" lon="127.51428999938071">
        <ele>411.3999938964844</ele>
        <time>2024-03-16T08:16:58.000Z</time>
      </trkpt>
      <trkpt lat="35.64565993845463" lon="127.51413996331394">
        <ele>411</ele>
        <time>2024-03-16T08:16:59.000Z</time>
      </trkpt>
      <trkpt lat="35.64578994177282" lon="127.51399998553097">
        <ele>411</ele>
        <time>2024-03-16T08:17:00.000Z</time>
      </trkpt>
      <trkpt lat="35.64589999616146" lon="127.51391993835568">
        <ele>411</ele>
        <time>2024-03-16T08:17:02.000Z</time>
      </trkpt>
      <trkpt lat="35.646079955622554" lon="127.51376998610795">
        <ele>410.20001220703125</ele>
        <time>2024-03-16T08:17:03.000Z</time>
      </trkpt>
      <trkpt lat="35.64624994061887" lon="127.51354996114969">
        <ele>408.79998779296875</ele>
        <time>2024-03-16T08:17:04.000Z</time>
      </trkpt>
      <trkpt lat="35.64629998058081" lon="127.51345993950963">
        <ele>407.79998779296875</ele>
        <time>2024-03-16T08:17:06.000Z</time>
      </trkpt>
      <trkpt lat="35.64638991840184" lon="127.5133599434048">
        <ele>406.3999938964844</ele>
        <time>2024-03-16T08:17:07.000Z</time>
      </trkpt>
      <trkpt lat="35.646529980003834" lon="127.51315995119512">
        <ele>406</ele>
        <time>2024-03-16T08:17:08.000Z</time>
      </trkpt>
      <trkpt lat="35.646579936146736" lon="127.51304998062551">
        <ele>406</ele>
        <time>2024-03-16T08:17:10.000Z</time>
      </trkpt>
      <trkpt lat="35.64664992503822" lon="127.51283993013203">
        <ele>407</ele>
        <time>2024-03-16T08:17:11.000Z</time>
      </trkpt>
      <trkpt lat="35.64672997221351" lon="127.51270992681384">
        <ele>407.6000061035156</ele>
        <time>2024-03-16T08:17:13.000Z</time>
      </trkpt>
      <trkpt lat="35.64675997942686" lon="127.51267991960049">
        <ele>408</ele>
        <time>2024-03-16T08:17:14.000Z</time>
      </trkpt>
      <trkpt lat="35.646879924461246" lon="127.51257992349565">
        <ele>408.3999938964844</ele>
        <time>2024-03-16T08:17:15.000Z</time>
      </trkpt>
      <trkpt lat="35.647049993276596" lon="127.51250993460417">
        <ele>408.20001220703125</ele>
        <time>2024-03-16T08:17:17.000Z</time>
      </trkpt>
      <trkpt lat="35.6470999494195" lon="127.51247992739081">
        <ele>408.3999938964844</ele>
        <time>2024-03-16T08:17:18.000Z</time>
      </trkpt>
      <trkpt lat="35.647519966587424" lon="127.51218999736011">
        <ele>409</ele>
        <time>2024-03-16T08:17:20.000Z</time>
      </trkpt>
      <trkpt lat="35.64767997711897" lon="127.51210995018482">
        <ele>409</ele>
        <time>2024-03-16T08:17:21.000Z</time>
      </trkpt>
      <trkpt lat="35.64782992936671" lon="127.5119899213314">
        <ele>409</ele>
        <time>2024-03-16T08:17:23.000Z</time>
      </trkpt>
      <trkpt lat="35.64797996543348" lon="127.51189998351038">
        <ele>409</ele>
        <time>2024-03-16T08:17:24.000Z</time>
      </trkpt>
      <trkpt lat="35.64799999818206" lon="127.5118799507618">
        <ele>409</ele>
        <time>2024-03-16T08:17:26.000Z</time>
      </trkpt>
      <trkpt lat="35.648319935426116" lon="127.51166998408735">
        <ele>408.20001220703125</ele>
        <time>2024-03-16T08:17:28.000Z</time>
      </trkpt>
      <trkpt lat="35.648339968174696" lon="127.51164995133877">
        <ele>408</ele>
        <time>2024-03-16T08:17:29.000Z</time>
      </trkpt>
      <trkpt lat="35.64846997149289" lon="127.51156998798251">
        <ele>408.3999938964844</ele>
        <time>2024-03-16T08:17:31.000Z</time>
      </trkpt>
      <trkpt lat="35.64860994927585" lon="127.51149999909103">
        <ele>408.20001220703125</ele>
        <time>2024-03-16T08:17:33.000Z</time>
      </trkpt>
      <trkpt lat="35.64890993759036" lon="127.51136999577284">
        <ele>406.20001220703125</ele>
        <time>2024-03-16T08:17:34.000Z</time>
      </trkpt>
      <trkpt lat="35.64922995865345" lon="127.51129992306232">
        <ele>406.3999938964844</ele>
        <time>2024-03-16T08:17:36.000Z</time>
      </trkpt>
      <trkpt lat="35.64941997639835" lon="127.51129992306232">
        <ele>407</ele>
        <time>2024-03-16T08:17:38.000Z</time>
      </trkpt>
      <trkpt lat="35.64956992864609" lon="127.51132993027568">
        <ele>407.79998779296875</ele>
        <time>2024-03-16T08:17:39.000Z</time>
      </trkpt>
      <trkpt lat="35.649839993566275" lon="127.51140997745097">
        <ele>409</ele>
        <time>2024-03-16T08:17:41.000Z</time>
      </trkpt>
      <trkpt lat="35.649929931387305" lon="127.5114499591291">
        <ele>409</ele>
        <time>2024-03-16T08:17:43.000Z</time>
      </trkpt>
      <trkpt lat="35.65017996355891" lon="127.51162991859019">
        <ele>409</ele>
        <time>2024-03-16T08:17:45.000Z</time>
      </trkpt>
      <trkpt lat="35.65058992244303" lon="127.51189998351038">
        <ele>407.3999938964844</ele>
        <time>2024-03-16T08:17:47.000Z</time>
      </trkpt>
      <trkpt lat="35.6507399585098" lon="127.51202998682857">
        <ele>407.20001220703125</ele>
        <time>2024-03-16T08:17:48.000Z</time>
      </trkpt>
      <trkpt lat="35.65094992518425" lon="127.51215999014676">
        <ele>407.20001220703125</ele>
        <time>2024-03-16T08:17:50.000Z</time>
      </trkpt>
      <trkpt lat="35.65121999010444" lon="127.51229996792972">
        <ele>407.3999938964844</ele>
        <time>2024-03-16T08:17:52.000Z</time>
      </trkpt>
      <trkpt lat="35.65131998620927" lon="127.5123699568212">
        <ele>408.20001220703125</ele>
        <time>2024-03-16T08:17:54.000Z</time>
      </trkpt>
      <trkpt lat="35.65156993456185" lon="127.51256994903088">
        <ele>409.20001220703125</ele>
        <time>2024-03-16T08:17:56.000Z</time>
      </trkpt>
      <trkpt lat="35.65186992287636" lon="127.51281998120248">
        <ele>408.20001220703125</ele>
        <time>2024-03-16T08:17:58.000Z</time>
      </trkpt>
      <trkpt lat="35.651949970051646" lon="127.51291997730732">
        <ele>407.6000061035156</ele>
        <time>2024-03-16T08:18:00.000Z</time>
      </trkpt>
      <trkpt lat="35.65210998058319" lon="127.5130399223417">
        <ele>406.20001220703125</ele>
        <time>2024-03-16T08:18:02.000Z</time>
      </trkpt>
      <trkpt lat="35.65244995057583" lon="127.51336991786957">
        <ele>404.3999938964844</ele>
        <time>2024-03-16T08:18:04.000Z</time>
      </trkpt>
      <trkpt lat="35.65248993225396" lon="127.51338995061815">
        <ele>404.3999938964844</ele>
        <time>2024-03-16T08:18:06.000Z</time>
      </trkpt>
      <trkpt lat="35.65251993946731" lon="127.51338995061815">
        <ele>404.20001220703125</ele>
        <time>2024-03-16T08:18:08.000Z</time>
      </trkpt>
      <trkpt lat="35.652549946680665" lon="127.51337997615337">
        <ele>404.20001220703125</ele>
        <time>2024-03-16T08:18:11.000Z</time>
      </trkpt>
      <trkpt lat="35.6525999866426" lon="127.51332993619144">
        <ele>404.20001220703125</ele>
        <time>2024-03-16T08:18:13.000Z</time>
      </trkpt>
      <trkpt lat="35.65262999385595" lon="127.51326992176473">
        <ele>404.3999938964844</ele>
        <time>2024-03-16T08:18:15.000Z</time>
      </trkpt>
      <trkpt lat="35.65266997553408" lon="127.5132299400866">
        <ele>404.3999938964844</ele>
        <time>2024-03-16T08:18:17.000Z</time>
      </trkpt>
      <trkpt lat="35.652659917250276" lon="127.51321996562183">
        <ele>404.3999938964844</ele>
        <time>2024-03-16T08:18:19.000Z</time>
      </trkpt>
      <trkpt lat="35.65298999659717" lon="127.51262996345758">
        <ele>406.6000061035156</ele>
        <time>2024-03-16T08:18:21.000Z</time>
      </trkpt>
      <trkpt lat="35.65311999991536" lon="127.51245997846127">
        <ele>407.79998779296875</ele>
        <time>2024-03-16T08:18:23.000Z</time>
      </trkpt>
      <trkpt lat="35.653169956058264" lon="127.51240993849933">
        <ele>409</ele>
        <time>2024-03-16T08:18:26.000Z</time>
      </trkpt>
      <trkpt lat="35.65336994826794" lon="127.51227993518114">
        <ele>413.3999938964844</ele>
        <time>2024-03-16T08:18:28.000Z</time>
      </trkpt>
      <trkpt lat="35.65354999154806" lon="127.5121199246496">
        <ele>417.20001220703125</ele>
        <time>2024-03-16T08:18:30.000Z</time>
      </trkpt>
      <trkpt lat="35.653669936582446" lon="127.51203996129334">
        <ele>419.6000061035156</ele>
        <time>2024-03-16T08:18:32.000Z</time>
      </trkpt>
      <trkpt lat="35.65378996543586" lon="127.51192999072373">
        <ele>421</ele>
        <time>2024-03-16T08:18:35.000Z</time>
      </trkpt>
      <trkpt lat="35.65408995375037" lon="127.51172999851406">
        <ele>424.20001220703125</ele>
        <time>2024-03-16T08:18:37.000Z</time>
      </trkpt>
      <trkpt lat="35.65424996428192" lon="127.51160996966064">
        <ele>426.79998779296875</ele>
        <time>2024-03-16T08:18:39.000Z</time>
      </trkpt>
      <trkpt lat="35.65451994538307" lon="127.51136999577284">
        <ele>434.6000061035156</ele>
        <time>2024-03-16T08:18:42.000Z</time>
      </trkpt>
      <trkpt lat="35.65491992980242" lon="127.51105994917452">
        <ele>439.79998779296875</ele>
        <time>2024-03-16T08:18:44.000Z</time>
      </trkpt>
      <trkpt lat="35.655149929225445" lon="127.51090999692678">
        <ele>441.79998779296875</ele>
        <time>2024-03-16T08:18:46.000Z</time>
      </trkpt>
      <trkpt lat="35.65530993975699" lon="127.5108299497515">
        <ele>443</ele>
        <time>2024-03-16T08:18:49.000Z</time>
      </trkpt>
      <trkpt lat="35.6553699541837" lon="127.51080991700292">
        <ele>443.6000061035156</ele>
        <time>2024-03-16T08:18:51.000Z</time>
      </trkpt>
      <trkpt lat="35.65547992475331" lon="127.51079994253814">
        <ele>444.3999938964844</ele>
        <time>2024-03-16T08:18:54.000Z</time>
      </trkpt>
      <trkpt lat="35.655579920858145" lon="127.51079994253814">
        <ele>445.20001220703125</ele>
        <time>2024-03-16T08:18:56.000Z</time>
      </trkpt>
      <trkpt lat="35.65586993470788" lon="127.51084998250008">
        <ele>449.79998779296875</ele>
        <time>2024-03-16T08:18:59.000Z</time>
      </trkpt>
      <trkpt lat="35.65588996745646" lon="127.51085995696485">
        <ele>449.79998779296875</ele>
        <time>2024-03-16T08:19:01.000Z</time>
      </trkpt>
      <trkpt lat="35.6559899635613" lon="127.51085995696485">
        <ele>450.6000061035156</ele>
        <time>2024-03-16T08:19:04.000Z</time>
      </trkpt>
      <trkpt lat="35.65610999241471" lon="127.51080991700292">
        <ele>451.79998779296875</ele>
        <time>2024-03-16T08:19:06.000Z</time>
      </trkpt>
      <trkpt lat="35.656349966302514" lon="127.51061998307705">
        <ele>455.6000061035156</ele>
        <time>2024-03-16T08:19:09.000Z</time>
      </trkpt>
      <trkpt lat="35.65661994740367" lon="127.5103999581188">
        <ele>458.20001220703125</ele>
        <time>2024-03-16T08:19:12.000Z</time>
      </trkpt>
      <trkpt lat="35.656779957935214" lon="127.51031999476254">
        <ele>458.20001220703125</ele>
        <time>2024-03-16T08:19:14.000Z</time>
      </trkpt>
      <trkpt lat="35.657039964571595" lon="127.51013995148242">
        <ele>457.6000061035156</ele>
        <time>2024-03-16T08:19:17.000Z</time>
      </trkpt>
      <trkpt lat="35.65736996009946" lon="127.50990995205939">
        <ele>454.79998779296875</ele>
        <time>2024-03-16T08:19:20.000Z</time>
      </trkpt>
      <trkpt lat="35.6577199883759" lon="127.5097299925983">
        <ele>455</ele>
        <time>2024-03-16T08:19:22.000Z</time>
      </trkpt>
      <trkpt lat="35.65797999501228" lon="127.50963997095823">
        <ele>457.6000061035156</ele>
        <time>2024-03-16T08:19:25.000Z</time>
      </trkpt>
      <trkpt lat="35.65805995836854" lon="127.50961993820965">
        <ele>458.3999938964844</ele>
        <time>2024-03-16T08:19:28.000Z</time>
      </trkpt>
      <trkpt lat="35.65811997279525" lon="127.50957995653152">
        <ele>459.20001220703125</ele>
        <time>2024-03-16T08:19:31.000Z</time>
      </trkpt>
      <trkpt lat="35.6583399977535" lon="127.50949999317527">
        <ele>461.79998779296875</ele>
        <time>2024-03-16T08:19:33.000Z</time>
      </trkpt>
      <trkpt lat="35.65850998274982" lon="127.50945992767811">
        <ele>462.3999938964844</ele>
        <time>2024-03-16T08:19:36.000Z</time>
      </trkpt>
      <trkpt lat="35.65873998217285" lon="127.50942992046475">
        <ele>463</ele>
        <time>2024-03-16T08:19:39.000Z</time>
      </trkpt>
      <trkpt lat="35.65885992720723" lon="127.50938993878663">
        <ele>464.6000061035156</ele>
        <time>2024-03-16T08:19:42.000Z</time>
      </trkpt>
      <trkpt lat="35.65925999544561" lon="127.5092199537903">
        <ele>469.79998779296875</ele>
        <time>2024-03-16T08:19:45.000Z</time>
      </trkpt>
      <trkpt lat="35.65929997712374" lon="127.50920997932553">
        <ele>470.3999938964844</ele>
        <time>2024-03-16T08:19:48.000Z</time>
      </trkpt>
      <trkpt lat="35.6593899987638" lon="127.5091599393636">
        <ele>472</ele>
        <time>2024-03-16T08:19:51.000Z</time>
      </trkpt>
      <trkpt lat="35.659639947116375" lon="127.50899992883205">
        <ele>477.3999938964844</ele>
        <time>2024-03-16T08:19:54.000Z</time>
      </trkpt>
      <trkpt lat="35.65975997596979" lon="127.50893999822438">
        <ele>479.6000061035156</ele>
        <time>2024-03-16T08:19:57.000Z</time>
      </trkpt>
      <trkpt lat="35.6598699465394" lon="127.50892993994057">
        <ele>480.3999938964844</ele>
        <time>2024-03-16T08:20:00.000Z</time>
      </trkpt>
      <trkpt lat="35.6600599642843" lon="127.50893999822438">
        <ele>481.3999938964844</ele>
        <time>2024-03-16T08:20:03.000Z</time>
      </trkpt>
      <trkpt lat="35.66041996702552" lon="127.50887998379767">
        <ele>480.6000061035156</ele>
        <time>2024-03-16T08:20:06.000Z</time>
      </trkpt>
      <trkpt lat="35.66065994091332" lon="127.50881996937096">
        <ele>481.3999938964844</ele>
        <time>2024-03-16T08:20:09.000Z</time>
      </trkpt>
      <trkpt lat="35.66076999530196" lon="127.50877998769283">
        <ele>482.3999938964844</ele>
        <time>2024-03-16T08:20:12.000Z</time>
      </trkpt>
      <trkpt lat="35.66090997308493" lon="127.50875995494425">
        <ele>483</ele>
        <time>2024-03-16T08:20:15.000Z</time>
      </trkpt>
      <trkpt lat="35.66095992922783" lon="127.50876992940903">
        <ele>482.6000061035156</ele>
        <time>2024-03-16T08:20:18.000Z</time>
      </trkpt>
      <trkpt lat="35.661119939759374" lon="127.50871997326612">
        <ele>484.3999938964844</ele>
        <time>2024-03-16T08:20:21.000Z</time>
      </trkpt>
      <trkpt lat="35.66130995750427" lon="127.50869994051754">
        <ele>485.79998779296875</ele>
        <time>2024-03-16T08:20:24.000Z</time>
      </trkpt>
      <trkpt lat="35.661489916965365" lon="127.50864998437464">
        <ele>488</ele>
        <time>2024-03-16T08:20:27.000Z</time>
      </trkpt>
      <trkpt lat="35.661679934710264" lon="127.50856993719935">
        <ele>487.79998779296875</ele>
        <time>2024-03-16T08:20:30.000Z</time>
      </trkpt>
      <trkpt lat="35.66181999631226" lon="127.50856993719935">
        <ele>488.20001220703125</ele>
        <time>2024-03-16T08:20:34.000Z</time>
      </trkpt>
      <trkpt lat="35.66183994524181" lon="127.50857999548316">
        <ele>487.79998779296875</ele>
        <time>2024-03-16T08:20:37.000Z</time>
      </trkpt>
      <trkpt lat="35.661979923024774" lon="127.50857999548316">
        <ele>488.3999938964844</ele>
        <time>2024-03-16T08:20:40.000Z</time>
      </trkpt>
      <trkpt lat="35.662069944664836" lon="127.50859994441271">
        <ele>488.20001220703125</ele>
        <time>2024-03-16T08:20:43.000Z</time>
      </trkpt>
      <trkpt lat="35.66221998073161" lon="127.50866993330419">
        <ele>487.6000061035156</ele>
        <time>2024-03-16T08:20:46.000Z</time>
      </trkpt>
      <trkpt lat="35.66230991855264" lon="127.50869994051754">
        <ele>487.79998779296875</ele>
        <time>2024-03-16T08:20:50.000Z</time>
      </trkpt>
      <trkpt lat="35.66242994740605" lon="127.50870999880135">
        <ele>487.79998779296875</ele>
        <time>2024-03-16T08:20:53.000Z</time>
      </trkpt>
      <trkpt lat="35.662689954042435" lon="127.50869994051754">
        <ele>487.20001220703125</ele>
        <time>2024-03-16T08:20:56.000Z</time>
      </trkpt>
      <trkpt lat="35.662709986791015" lon="127.50870999880135">
        <ele>487</ele>
        <time>2024-03-16T08:20:59.000Z</time>
      </trkpt>
      <trkpt lat="35.66290997900069" lon="127.50869994051754">
        <ele>486.6000061035156</ele>
        <time>2024-03-16T08:21:03.000Z</time>
      </trkpt>
      <trkpt lat="35.66297996789217" lon="127.508679991588">
        <ele>486.3999938964844</ele>
        <time>2024-03-16T08:21:06.000Z</time>
      </trkpt>
      <trkpt lat="35.662989942356944" lon="127.50868996605277">
        <ele>486.3999938964844</ele>
        <time>2024-03-16T08:21:09.000Z</time>
      </trkpt>
      <trkpt lat="35.663099996745586" lon="127.50862995162606">
        <ele>486</ele>
        <time>2024-03-16T08:21:12.000Z</time>
      </trkpt>
      <trkpt lat="35.663489922881126" lon="127.50847999937832">
        <ele>489.20001220703125</ele>
        <time>2024-03-16T08:21:16.000Z</time>
      </trkpt>
      <trkpt lat="35.663679940626025" lon="127.50837991945446">
        <ele>493</ele>
        <time>2024-03-16T08:21:19.000Z</time>
      </trkpt>
      <trkpt lat="35.66390994004905" lon="127.5082999560982">
        <ele>498.3999938964844</ele>
        <time>2024-03-16T08:21:23.000Z</time>
      </trkpt>
      <trkpt lat="35.66419995389879" lon="127.50815997831523">
        <ele>504</ele>
        <time>2024-03-16T08:21:26.000Z</time>
      </trkpt>
      <trkpt lat="35.66434998996556" lon="127.50804992392659">
        <ele>508.79998779296875</ele>
        <time>2024-03-16T08:21:29.000Z</time>
      </trkpt>
      <trkpt lat="35.66443992778659" lon="127.50796996057034">
        <ele>512.5999755859375</ele>
        <time>2024-03-16T08:21:33.000Z</time>
      </trkpt>
      <trkpt lat="35.6644999422133" lon="127.50785999000072">
        <ele>514</ele>
        <time>2024-03-16T08:21:36.000Z</time>
      </trkpt>
      <trkpt lat="35.66460999660194" lon="127.50757995061576">
        <ele>519.2000122070312</ele>
        <time>2024-03-16T08:21:40.000Z</time>
      </trkpt>
      <trkpt lat="35.664669927209616" lon="127.50747995451093">
        <ele>520.7999877929688</ele>
        <time>2024-03-16T08:21:43.000Z</time>
      </trkpt>
      <trkpt lat="35.66473999992013" lon="127.50737995840609">
        <ele>525.2000122070312</ele>
        <time>2024-03-16T08:21:47.000Z</time>
      </trkpt>
      <trkpt lat="35.66486991941929" lon="127.50726998783648">
        <ele>530.7999877929688</ele>
        <time>2024-03-16T08:21:50.000Z</time>
      </trkpt>
      <trkpt lat="35.66505993716419" lon="127.50718994066119">
        <ele>534.4000244140625</ele>
        <time>2024-03-16T08:21:54.000Z</time>
      </trkpt>
      <trkpt lat="35.665159933269024" lon="127.50717996619642">
        <ele>535.5999755859375</ele>
        <time>2024-03-16T08:21:58.000Z</time>
      </trkpt>
      <trkpt lat="35.6653599254787" lon="127.50721994787455">
        <ele>535.2000122070312</ele>
        <time>2024-03-16T08:22:01.000Z</time>
      </trkpt>
      <trkpt lat="35.66537995822728" lon="127.50723998062313">
        <ele>535</ele>
        <time>2024-03-16T08:22:05.000Z</time>
      </trkpt>
      <trkpt lat="35.66555991768837" lon="127.50733997672796">
        <ele>534.5999755859375</ele>
        <time>2024-03-16T08:22:08.000Z</time>
      </trkpt>
      <trkpt lat="35.66572998650372" lon="127.50727996230125">
        <ele>536.2000122070312</ele>
        <time>2024-03-16T08:22:12.000Z</time>
      </trkpt>
      <trkpt lat="35.66576996818185" lon="127.50721994787455">
        <ele>536.5999755859375</ele>
        <time>2024-03-16T08:22:16.000Z</time>
      </trkpt>
      <trkpt lat="35.66587993875146" lon="127.50697997398674">
        <ele>538.7999877929688</ele>
        <time>2024-03-16T08:22:19.000Z</time>
      </trkpt>
      <trkpt lat="35.66595998592675" lon="127.50683999620378">
        <ele>538.5999755859375</ele>
        <time>2024-03-16T08:22:23.000Z</time>
      </trkpt>
      <trkpt lat="35.66606995649636" lon="127.50666992738843">
        <ele>536.2000122070312</ele>
        <time>2024-03-16T08:22:27.000Z</time>
      </trkpt>
      <trkpt lat="35.66615997813642" lon="127.50655995681882">
        <ele>534</ele>
        <time>2024-03-16T08:22:30.000Z</time>
      </trkpt>
      <trkpt lat="35.666169952601194" lon="127.50653992407024">
        <ele>534</ele>
        <time>2024-03-16T08:22:34.000Z</time>
      </trkpt>
      <trkpt lat="35.666319988667965" lon="127.50641997903585">
        <ele>531.4000244140625</ele>
        <time>2024-03-16T08:22:38.000Z</time>
      </trkpt>
      <trkpt lat="35.66637991927564" lon="127.50639994628727">
        <ele>530.2000122070312</ele>
        <time>2024-03-16T08:22:41.000Z</time>
      </trkpt>
      <trkpt lat="35.666539929807186" lon="127.50630992464721">
        <ele>528.2000122070312</ele>
        <time>2024-03-16T08:22:45.000Z</time>
      </trkpt>
      <trkpt lat="35.66677998751402" lon="127.50611999072134">
        <ele>524</ele>
        <time>2024-03-16T08:22:49.000Z</time>
      </trkpt>
      <trkpt lat="35.66692993976176" lon="127.5060099363327">
        <ele>521.5999755859375</ele>
        <time>2024-03-16T08:22:53.000Z</time>
      </trkpt>
      <trkpt lat="35.66697997972369" lon="127.50593994744122">
        <ele>520.7999877929688</ele>
        <time>2024-03-16T08:22:57.000Z</time>
      </trkpt>
      <trkpt lat="35.66705994307995" lon="127.50587993301451">
        <ele>519.5999755859375</ele>
        <time>2024-03-16T08:23:00.000Z</time>
      </trkpt>
      <trkpt lat="35.66720997914672" lon="127.50566996634007">
        <ele>515.2000122070312</ele>
        <time>2024-03-16T08:23:04.000Z</time>
      </trkpt>
      <trkpt lat="35.667349956929684" lon="127.5055199302733">
        <ele>511.6000061035156</ele>
        <time>2024-03-16T08:23:08.000Z</time>
      </trkpt>
      <trkpt lat="35.66742992028594" lon="127.50540995970368">
        <ele>510.20001220703125</ele>
        <time>2024-03-16T08:23:12.000Z</time>
      </trkpt>
      <trkpt lat="35.667439978569746" lon="127.50537995249033">
        <ele>509.79998779296875</ele>
        <time>2024-03-16T08:23:16.000Z</time>
      </trkpt>
      <trkpt lat="35.667459927499294" lon="127.50535991974175">
        <ele>509</ele>
        <time>2024-03-16T08:23:20.000Z</time>
      </trkpt>
      <trkpt lat="35.667479960247874" lon="127.50522991642356">
        <ele>508</ele>
        <time>2024-03-16T08:23:24.000Z</time>
      </trkpt>
      <trkpt lat="35.66764994524419" lon="127.5050899386406">
        <ele>501.6000061035156</ele>
        <time>2024-03-16T08:23:27.000Z</time>
      </trkpt>
      <trkpt lat="35.66778992302716" lon="127.50498994253576">
        <ele>500.3999938964844</ele>
        <time>2024-03-16T08:23:31.000Z</time>
      </trkpt>
      <trkpt lat="35.66787994466722" lon="127.50494996085763">
        <ele>500.6000061035156</ele>
        <time>2024-03-16T08:23:35.000Z</time>
      </trkpt>
      <trkpt lat="35.66800994798541" lon="127.50491995364428">
        <ele>501.6000061035156</ele>
        <time>2024-03-16T08:23:39.000Z</time>
      </trkpt>
      <trkpt lat="35.6681399513036" lon="127.50497996807098">
        <ele>502.3999938964844</ele>
        <time>2024-03-16T08:23:43.000Z</time>
      </trkpt>
      <trkpt lat="35.66825998015702" lon="127.50501994974911">
        <ele>502.79998779296875</ele>
        <time>2024-03-16T08:23:47.000Z</time>
      </trkpt>
      <trkpt lat="35.668299961835146" lon="127.50503998249769">
        <ele>502.79998779296875</ele>
        <time>2024-03-16T08:23:51.000Z</time>
      </trkpt>
      <trkpt lat="35.66854999400675" lon="127.50529998913407">
        <ele>500.3999938964844</ele>
        <time>2024-03-16T08:23:55.000Z</time>
      </trkpt>
      <trkpt lat="35.66882994957268" lon="127.5055299885571">
        <ele>497.20001220703125</ele>
        <time>2024-03-16T08:23:59.000Z</time>
      </trkpt>
      <trkpt lat="35.66926999948919" lon="127.50590994022787">
        <ele>490</ele>
        <time>2024-03-16T08:24:03.000Z</time>
      </trkpt>
      <trkpt lat="35.66957996226847" lon="127.5061999540776">
        <ele>483.3999938964844</ele>
        <time>2024-03-16T08:24:07.000Z</time>
      </trkpt>
      <trkpt lat="35.66968993283808" lon="127.50630992464721">
        <ele>482.6000061035156</ele>
        <time>2024-03-16T08:24:12.000Z</time>
      </trkpt>
      <trkpt lat="35.66982999444008" lon="127.50646993517876">
        <ele>482</ele>
        <time>2024-03-16T08:24:16.000Z</time>
      </trkpt>
      <trkpt lat="35.67011992447078" lon="127.50675994902849">
        <ele>483</ele>
        <time>2024-03-16T08:24:20.000Z</time>
      </trkpt>
      <trkpt lat="35.67024992778897" lon="127.50691995956004">
        <ele>483</ele>
        <time>2024-03-16T08:24:24.000Z</time>
      </trkpt>
      <trkpt lat="35.67041999660432" lon="127.50702993012965">
        <ele>486</ele>
        <time>2024-03-16T08:24:28.000Z</time>
      </trkpt>
      <trkpt lat="35.670549999922514" lon="127.50704996287823">
        <ele>489.20001220703125</ele>
        <time>2024-03-16T08:24:33.000Z</time>
      </trkpt>
      <trkpt lat="35.670639937743545" lon="127.50702993012965">
        <ele>492.20001220703125</ele>
        <time>2024-03-16T08:24:37.000Z</time>
      </trkpt>
      <trkpt lat="35.67071998491883" lon="127.50697997398674">
        <ele>494</ele>
        <time>2024-03-16T08:24:41.000Z</time>
      </trkpt>
      <trkpt lat="35.67077999934554" lon="127.50689992681146">
        <ele>494.79998779296875</ele>
        <time>2024-03-16T08:24:46.000Z</time>
      </trkpt>
      <trkpt lat="35.67086993716657" lon="127.50674997456372">
        <ele>495.3999938964844</ele>
        <time>2024-03-16T08:24:50.000Z</time>
      </trkpt>
      <trkpt lat="35.67099994048476" lon="127.50646993517876">
        <ele>497.6000061035156</ele>
        <time>2024-03-16T08:24:54.000Z</time>
      </trkpt>
      <trkpt lat="35.67113991826773" lon="127.50626994296908">
        <ele>500.6000061035156</ele>
        <time>2024-03-16T08:24:59.000Z</time>
      </trkpt>
      <trkpt lat="35.67131996154785" lon="127.50609995797276">
        <ele>505.20001220703125</ele>
        <time>2024-03-16T08:25:03.000Z</time>
      </trkpt>
      <trkpt lat="35.671479972079396" lon="127.50598998740315">
        <ele>508.6000061035156</ele>
        <time>2024-03-16T08:25:07.000Z</time>
      </trkpt>
      <trkpt lat="35.671539986506104" lon="127.50592997297645">
        <ele>509.79998779296875</ele>
        <time>2024-03-16T08:25:12.000Z</time>
      </trkpt>
      <trkpt lat="35.67169999703765" lon="127.50580994412303">
        <ele>511.20001220703125</ele>
        <time>2024-03-16T08:25:16.000Z</time>
      </trkpt>
      <trkpt lat="35.67178993485868" lon="127.50578999519348">
        <ele>513.2000122070312</ele>
        <time>2024-03-16T08:25:21.000Z</time>
      </trkpt>
      <trkpt lat="35.671819942072034" lon="127.50575998798013">
        <ele>514.2000122070312</ele>
        <time>2024-03-16T08:25:25.000Z</time>
      </trkpt>
      <trkpt lat="35.67185992375016" lon="127.50574992969632">
        <ele>515.2000122070312</ele>
        <time>2024-03-16T08:25:30.000Z</time>
      </trkpt>
      <trkpt lat="35.67206997424364" lon="127.50575998798013">
        <ele>520.7999877929688</ele>
        <time>2024-03-16T08:25:34.000Z</time>
      </trkpt>
      <trkpt lat="35.67216997034848" lon="127.50571992248297">
        <ele>523.7999877929688</ele>
        <time>2024-03-16T08:25:39.000Z</time>
      </trkpt>
      <trkpt lat="35.672209952026606" lon="127.50565999187529">
        <ele>524.2000122070312</ele>
        <time>2024-03-16T08:25:43.000Z</time>
      </trkpt>
      <trkpt lat="35.67221992649138" lon="127.50562998466194">
        <ele>524.4000244140625</ele>
        <time>2024-03-16T08:25:47.000Z</time>
      </trkpt>
      <trkpt lat="35.672229984775186" lon="127.50548992305994">
        <ele>526.2000122070312</ele>
        <time>2024-03-16T08:25:52.000Z</time>
      </trkpt>
      <trkpt lat="35.672249933704734" lon="127.50532999634743">
        <ele>529.7999877929688</ele>
        <time>2024-03-16T08:25:56.000Z</time>
      </trkpt>
      <trkpt lat="35.672289999201894" lon="127.50521994195879">
        <ele>533</ele>
        <time>2024-03-16T08:26:01.000Z</time>
      </trkpt>
      <trkpt lat="35.672359988093376" lon="127.5050899386406">
        <ele>537.4000244140625</ele>
        <time>2024-03-16T08:26:06.000Z</time>
      </trkpt>
      <trkpt lat="35.67251999862492" lon="127.50497996807098">
        <ele>538</ele>
        <time>2024-03-16T08:26:10.000Z</time>
      </trkpt>
      <trkpt lat="35.672699958086014" lon="127.5049099791795">
        <ele>540.5999755859375</ele>
        <time>2024-03-16T08:26:15.000Z</time>
      </trkpt>
      <trkpt lat="35.672809928655624" lon="127.5048999208957">
        <ele>540.5999755859375</ele>
        <time>2024-03-16T08:26:19.000Z</time>
      </trkpt>
      <trkpt lat="35.67294999025762" lon="127.50492992810905">
        <ele>541.2000122070312</ele>
        <time>2024-03-16T08:26:24.000Z</time>
      </trkpt>
      <trkpt lat="35.67318996414542" lon="127.50494996085763">
        <ele>543</ele>
        <time>2024-03-16T08:26:29.000Z</time>
      </trkpt>
      <trkpt lat="35.6734499707818" lon="127.50503998249769">
        <ele>545.7999877929688</ele>
        <time>2024-03-16T08:26:33.000Z</time>
      </trkpt>
      <trkpt lat="35.67367997020483" lon="127.50506998971105">
        <ele>548</ele>
        <time>2024-03-16T08:26:38.000Z</time>
      </trkpt>
      <trkpt lat="35.67374995909631" lon="127.5050999969244">
        <ele>549.5999755859375</ele>
        <time>2024-03-16T08:26:43.000Z</time>
      </trkpt>
      <trkpt lat="35.673929918557405" lon="127.50505993142724">
        <ele>553.2000122070312</ele>
        <time>2024-03-16T08:26:47.000Z</time>
      </trkpt>
      <trkpt lat="35.673989932984114" lon="127.50502992421389">
        <ele>554.7999877929688</ele>
        <time>2024-03-16T08:26:52.000Z</time>
      </trkpt>
      <trkpt lat="35.67420995794237" lon="127.50499991700053">
        <ele>561.7999877929688</ele>
        <time>2024-03-16T08:26:57.000Z</time>
      </trkpt>
      <trkpt lat="35.67432998679578" lon="127.50493998639286">
        <ele>566.2000122070312</ele>
        <time>2024-03-16T08:27:01.000Z</time>
      </trkpt>
      <trkpt lat="35.674569960683584" lon="127.50453991815448">
        <ele>570.7999877929688</ele>
        <time>2024-03-16T08:27:06.000Z</time>
      </trkpt>
      <trkpt lat="35.674699964001775" lon="127.50445995479822">
        <ele>570.2000122070312</ele>
        <time>2024-03-16T08:27:11.000Z</time>
      </trkpt>
      <trkpt lat="35.67485997453332" lon="127.50430991873145">
        <ele>570.7999877929688</ele>
        <time>2024-03-16T08:27:16.000Z</time>
      </trkpt>
      <trkpt lat="35.675019985064864" lon="127.50419994816184">
        <ele>566.2000122070312</ele>
        <time>2024-03-16T08:27:21.000Z</time>
      </trkpt>
      <trkpt lat="35.67505996674299" lon="127.50417999923229">
        <ele>564.7999877929688</ele>
        <time>2024-03-16T08:27:26.000Z</time>
      </trkpt>
      <trkpt lat="35.675149988383055" lon="127.50415996648371">
        <ele>561.7999877929688</ele>
        <time>2024-03-16T08:27:30.000Z</time>
      </trkpt>
      <trkpt lat="35.675239926204085" lon="127.50411998480558">
        <ele>559.4000244140625</ele>
        <time>2024-03-16T08:27:35.000Z</time>
      </trkpt>
      <trkpt lat="35.675409995019436" lon="127.50396994873881">
        <ele>556.4000244140625</ele>
        <time>2024-03-16T08:27:40.000Z</time>
      </trkpt>
      <trkpt lat="35.67550999112427" lon="127.5038599781692">
        <ele>553.7999877929688</ele>
        <time>2024-03-16T08:27:45.000Z</time>
      </trkpt>
      <trkpt lat="35.67558995448053" lon="127.50380993820727">
        <ele>551.2000122070312</ele>
        <time>2024-03-16T08:27:50.000Z</time>
      </trkpt>
      <trkpt lat="35.67571995779872" lon="127.50368999317288">
        <ele>546.7999877929688</ele>
        <time>2024-03-16T08:27:55.000Z</time>
      </trkpt>
      <trkpt lat="35.67574996501207" lon="127.50364992767572">
        <ele>545.4000244140625</ele>
        <time>2024-03-16T08:28:00.000Z</time>
      </trkpt>
      <trkpt lat="35.67576999776065" lon="127.50359997153282">
        <ele>543.7999877929688</ele>
        <time>2024-03-16T08:28:05.000Z</time>
      </trkpt>
      <trkpt lat="35.67572993226349" lon="127.50344993546605">
        <ele>541.5999755859375</ele>
        <time>2024-03-16T08:28:10.000Z</time>
      </trkpt>
      <trkpt lat="35.67569992505014" lon="127.50339997932315">
        <ele>542</ele>
        <time>2024-03-16T08:28:15.000Z</time>
      </trkpt>
      <trkpt lat="35.6755999289453" lon="127.50326997600496">
        <ele>541.7999877929688</ele>
        <time>2024-03-16T08:28:20.000Z</time>
      </trkpt>
      <trkpt lat="35.67551996558905" lon="127.50319998711348">
        <ele>543.2000122070312</ele>
        <time>2024-03-16T08:28:25.000Z</time>
      </trkpt>
      <trkpt lat="35.67545995116234" lon="127.50316997990012">
        <ele>544.7999877929688</ele>
        <time>2024-03-16T08:28:30.000Z</time>
      </trkpt>
      <trkpt lat="35.67531997337937" lon="127.50306998379529">
        <ele>547.7999877929688</ele>
        <time>2024-03-16T08:28:35.000Z</time>
      </trkpt>
      <trkpt lat="35.675239926204085" lon="127.50303997658193">
        <ele>549.7999877929688</ele>
        <time>2024-03-16T08:28:40.000Z</time>
      </trkpt>
      <trkpt lat="35.6751699373126" lon="127.50296998769045">
        <ele>550</ele>
        <time>2024-03-16T08:28:45.000Z</time>
      </trkpt>
      <trkpt lat="35.67503993399441" lon="127.50286999158561">
        <ele>551.5999755859375</ele>
        <time>2024-03-16T08:28:50.000Z</time>
      </trkpt>
      <trkpt lat="35.674959970638156" lon="127.5027499627322">
        <ele>549.7999877929688</ele>
        <time>2024-03-16T08:28:55.000Z</time>
      </trkpt>
      <trkpt lat="35.6749299634248" lon="127.50272992998362">
        <ele>550</ele>
        <time>2024-03-16T08:29:00.000Z</time>
      </trkpt>
      <trkpt lat="35.6749299634248" lon="127.50262993387878">
        <ele>546.5999755859375</ele>
        <time>2024-03-16T08:29:05.000Z</time>
      </trkpt>
      <trkpt lat="35.67489995621145" lon="127.50249993056059">
        <ele>543.2000122070312</ele>
        <time>2024-03-16T08:29:10.000Z</time>
      </trkpt>
      <trkpt lat="35.67485997453332" lon="127.50238995999098">
        <ele>540</ele>
        <time>2024-03-16T08:29:15.000Z</time>
      </trkpt>
      <trkpt lat="35.674719996750355" lon="127.50227998942137">
        <ele>540.7999877929688</ele>
        <time>2024-03-16T08:29:20.000Z</time>
      </trkpt>
      <trkpt lat="35.67466995678842" lon="127.50221997499466">
        <ele>541</ele>
        <time>2024-03-16T08:29:25.000Z</time>
      </trkpt>
      <trkpt lat="35.67464992403984" lon="127.50216993503273">
        <ele>540.4000244140625</ele>
        <time>2024-03-16T08:29:30.000Z</time>
      </trkpt>
      <trkpt lat="35.67455998621881" lon="127.50211997888982">
        <ele>543.2000122070312</ele>
        <time>2024-03-16T08:29:35.000Z</time>
      </trkpt>
      <trkpt lat="35.6744999717921" lon="127.5019999500364">
        <ele>542.4000244140625</ele>
        <time>2024-03-16T08:29:41.000Z</time>
      </trkpt>
      <trkpt lat="35.67448999732733" lon="127.50189995393157">
        <ele>540.2000122070312</ele>
        <time>2024-03-16T08:29:46.000Z</time>
      </trkpt>
      <trkpt lat="35.674459990113974" lon="127.50183993950486">
        <ele>539.5999755859375</ele>
        <time>2024-03-16T08:29:51.000Z</time>
      </trkpt>
      <trkpt lat="35.674399975687265" lon="127.50167992897332">
        <ele>537.5999755859375</ele>
        <time>2024-03-16T08:29:56.000Z</time>
      </trkpt>
      <trkpt lat="35.674249939620495" lon="127.50139997340739">
        <ele>535.5999755859375</ele>
        <time>2024-03-16T08:30:01.000Z</time>
      </trkpt>
      <trkpt lat="35.67416997626424" lon="127.50130995176733">
        <ele>535</ele>
        <time>2024-03-16T08:30:06.000Z</time>
      </trkpt>
      <trkpt lat="35.67412999458611" lon="127.50123996287584">
        <ele>534</ele>
        <time>2024-03-16T08:30:12.000Z</time>
      </trkpt>
      <trkpt lat="35.674099987372756" lon="127.50104994513094">
        <ele>531.2000122070312</ele>
        <time>2024-03-16T08:30:17.000Z</time>
      </trkpt>
      <trkpt lat="35.674119936302304" lon="127.5008399784565">
        <ele>530</ele>
        <time>2024-03-16T08:30:22.000Z</time>
      </trkpt>
      <trkpt lat="35.67417995072901" lon="127.50073998235166">
        <ele>530.7999877929688</ele>
        <time>2024-03-16T08:30:27.000Z</time>
      </trkpt>
      <trkpt lat="35.67421993240714" lon="127.50071994960308">
        <ele>530.5999755859375</ele>
        <time>2024-03-16T08:30:33.000Z</time>
      </trkpt>
      <trkpt lat="35.67448999732733" lon="127.50067996792495">
        <ele>534.4000244140625</ele>
        <time>2024-03-16T08:30:38.000Z</time>
      </trkpt>
      <trkpt lat="35.67476995289326" lon="127.50063998624682">
        <ele>536.7999877929688</ele>
        <time>2024-03-16T08:30:43.000Z</time>
      </trkpt>
      <trkpt lat="35.6749299634248" lon="127.50061995349824">
        <ele>537.4000244140625</ele>
        <time>2024-03-16T08:30:49.000Z</time>
      </trkpt>
      <trkpt lat="35.67500992678106" lon="127.50061995349824">
        <ele>537.4000244140625</ele>
        <time>2024-03-16T08:30:54.000Z</time>
      </trkpt>
      <trkpt lat="35.67531997337937" lon="127.50062992796302">
        <ele>540.7999877929688</ele>
        <time>2024-03-16T08:30:59.000Z</time>
      </trkpt>
      <trkpt lat="35.67548995837569" lon="127.5006499607116">
        <ele>543.4000244140625</ele>
        <time>2024-03-16T08:31:05.000Z</time>
      </trkpt>
      <trkpt lat="35.67564996890724" lon="127.5007099751383">
        <ele>544.4000244140625</ele>
        <time>2024-03-16T08:31:10.000Z</time>
      </trkpt>
      <trkpt lat="35.67577997222543" lon="127.50074995681643">
        <ele>544</ele>
        <time>2024-03-16T08:31:16.000Z</time>
      </trkpt>
      <trkpt lat="35.675819953903556" lon="127.50075993128121">
        <ele>544</ele>
        <time>2024-03-16T08:31:21.000Z</time>
      </trkpt>
      <trkpt lat="35.675859935581684" lon="127.50075993128121">
        <ele>544.5999755859375</ele>
        <time>2024-03-16T08:31:26.000Z</time>
      </trkpt>
      <trkpt lat="35.67603997886181" lon="127.50071994960308">
        <ele>547</ele>
        <time>2024-03-16T08:31:32.000Z</time>
      </trkpt>
      <trkpt lat="35.67615992389619" lon="127.50065993517637">
        <ele>548.5999755859375</ele>
        <time>2024-03-16T08:31:37.000Z</time>
      </trkpt>
      <trkpt lat="35.67619998939335" lon="127.50060997903347">
        <ele>550</ele>
        <time>2024-03-16T08:31:43.000Z</time>
      </trkpt>
      <trkpt lat="35.67633996717632" lon="127.50053999014199">
        <ele>552.7999877929688</ele>
        <time>2024-03-16T08:31:48.000Z</time>
      </trkpt>
      <trkpt lat="35.67653995938599" lon="127.50056999735534">
        <ele>553.5999755859375</ele>
        <time>2024-03-16T08:31:54.000Z</time>
      </trkpt>
      <trkpt lat="35.6766499299556" lon="127.50066999346018">
        <ele>551.5999755859375</ele>
        <time>2024-03-16T08:31:59.000Z</time>
      </trkpt>
      <trkpt lat="35.6767899915576" lon="127.50084995292127">
        <ele>546</ele>
        <time>2024-03-16T08:32:05.000Z</time>
      </trkpt>
      <trkpt lat="35.6768399477005" lon="127.5008999928832">
        <ele>544.5999755859375</ele>
        <time>2024-03-16T08:32:10.000Z</time>
      </trkpt>
      <trkpt lat="35.67695997655392" lon="127.50092991627753">
        <ele>544.2000122070312</ele>
        <time>2024-03-16T08:32:16.000Z</time>
      </trkpt>
      <trkpt lat="35.677019990980625" lon="127.50090996734798">
        <ele>545</ele>
        <time>2024-03-16T08:32:22.000Z</time>
      </trkpt>
      <trkpt lat="35.677149994298816" lon="127.50082992017269">
        <ele>547</ele>
        <time>2024-03-16T08:32:27.000Z</time>
      </trkpt>
      <trkpt lat="35.67720992490649" lon="127.5006499607116">
        <ele>553</ele>
        <time>2024-03-16T08:32:33.000Z</time>
      </trkpt>
      <trkpt lat="35.6772199831903" lon="127.50056999735534">
        <ele>555.4000244140625</ele>
        <time>2024-03-16T08:32:38.000Z</time>
      </trkpt>
      <trkpt lat="35.67733992822468" lon="127.50024997629225">
        <ele>563.4000244140625</ele>
        <time>2024-03-16T08:32:44.000Z</time>
      </trkpt>
      <trkpt lat="35.677429949864745" lon="127.50017998740077">
        <ele>563.7999877929688</ele>
        <time>2024-03-16T08:32:50.000Z</time>
      </trkpt>
      <trkpt lat="35.67763991653919" lon="127.50012994743884">
        <ele>563</ele>
        <time>2024-03-16T08:32:55.000Z</time>
      </trkpt>
      <trkpt lat="35.6776999309659" lon="127.50008996576071">
        <ele>563.2000122070312</ele>
        <time>2024-03-16T08:33:01.000Z</time>
      </trkpt>
      <trkpt lat="35.677749970927835" lon="127.500029951334">
        <ele>563.2000122070312</ele>
        <time>2024-03-16T08:33:07.000Z</time>
      </trkpt>
      <trkpt lat="35.67779992707074" lon="127.49993992969394">
        <ele>564</ele>
        <time>2024-03-16T08:33:12.000Z</time>
      </trkpt>
      <trkpt lat="35.67784996703267" lon="127.49973993748426">
        <ele>566</ele>
        <time>2024-03-16T08:33:18.000Z</time>
      </trkpt>
      <trkpt lat="35.677879974246025" lon="127.49965997412801">
        <ele>566.2000122070312</ele>
        <time>2024-03-16T08:33:24.000Z</time>
      </trkpt>
      <trkpt lat="35.67792993038893" lon="127.49945998191833">
        <ele>569.2000122070312</ele>
        <time>2024-03-16T08:33:30.000Z</time>
      </trkpt>
      <trkpt lat="35.67799991928041" lon="127.49934992752969">
        <ele>570.4000244140625</ele>
        <time>2024-03-16T08:33:35.000Z</time>
      </trkpt>
      <trkpt lat="35.67805993370712" lon="127.49931992031634">
        <ele>570.7999877929688</ele>
        <time>2024-03-16T08:33:41.000Z</time>
      </trkpt>
      <trkpt lat="35.67809999920428" lon="127.49930994585156">
        <ele>570.7999877929688</ele>
        <time>2024-03-16T08:33:47.000Z</time>
      </trkpt>
      <trkpt lat="35.67829999141395" lon="127.49937993474305">
        <ele>564.2000122070312</ele>
        <time>2024-03-16T08:33:53.000Z</time>
      </trkpt>
      <trkpt lat="35.67833997309208" lon="127.49936996027827">
        <ele>563.7999877929688</ele>
        <time>2024-03-16T08:33:58.000Z</time>
      </trkpt>
      <trkpt lat="35.67844994366169" lon="127.49930994585156">
        <ele>564.2000122070312</ele>
        <time>2024-03-16T08:34:04.000Z</time>
      </trkpt>
      <trkpt lat="35.678569972515106" lon="127.49910995364189">
        <ele>565.7999877929688</ele>
        <time>2024-03-16T08:34:10.000Z</time>
      </trkpt>
      <trkpt lat="35.67870995029807" lon="127.49855993315578">
        <ele>572.7999877929688</ele>
        <time>2024-03-16T08:34:16.000Z</time>
      </trkpt>
      <trkpt lat="35.6787499319762" lon="127.49845993705094">
        <ele>571.7999877929688</ele>
        <time>2024-03-16T08:34:22.000Z</time>
      </trkpt>
      <trkpt lat="35.678759990260005" lon="127.49838994815946">
        <ele>572.5999755859375</ele>
        <time>2024-03-16T08:34:28.000Z</time>
      </trkpt>
      <trkpt lat="35.678759990260005" lon="127.49814997427166">
        <ele>578</ele>
        <time>2024-03-16T08:34:33.000Z</time>
      </trkpt>
      <trkpt lat="35.678889993578196" lon="127.49781997874379">
        <ele>581.4000244140625</ele>
        <time>2024-03-16T08:34:39.000Z</time>
      </trkpt>
      <trkpt lat="35.67894992418587" lon="127.4977399315685">
        <ele>582</ele>
        <time>2024-03-16T08:34:45.000Z</time>
      </trkpt>
      <trkpt lat="35.678979931399226" lon="127.49771998263896">
        <ele>582.4000244140625</ele>
        <time>2024-03-16T08:34:51.000Z</time>
      </trkpt>
      <trkpt lat="35.67913994193077" lon="127.49770992435515">
        <ele>582.2000122070312</ele>
        <time>2024-03-16T08:34:57.000Z</time>
      </trkpt>
      <trkpt lat="35.6791799236089" lon="127.49771998263896">
        <ele>581.7999877929688</ele>
        <time>2024-03-16T08:35:03.000Z</time>
      </trkpt>
      <trkpt lat="35.679299952462316" lon="127.49779994599521">
        <ele>580.2000122070312</ele>
        <time>2024-03-16T08:35:09.000Z</time>
      </trkpt>
      <trkpt lat="35.67934999242425" lon="127.49784998595715">
        <ele>579.5999755859375</ele>
        <time>2024-03-16T08:35:15.000Z</time>
      </trkpt>
      <trkpt lat="35.67950991913676" lon="127.49794998206198">
        <ele>578.7999877929688</ele>
        <time>2024-03-16T08:35:21.000Z</time>
      </trkpt>
      <trkpt lat="35.679599940776825" lon="127.49796993099153">
        <ele>577.7999877929688</ele>
        <time>2024-03-16T08:35:27.000Z</time>
      </trkpt>
      <trkpt lat="35.67967998795211" lon="127.49794998206198">
        <ele>577.5999755859375</ele>
        <time>2024-03-16T08:35:33.000Z</time>
      </trkpt>
      <trkpt lat="35.679789958521724" lon="127.4978799931705">
        <ele>578.2000122070312</ele>
        <time>2024-03-16T08:35:39.000Z</time>
      </trkpt>
      <trkpt lat="35.67986992187798" lon="127.4977399315685">
        <ele>577.5999755859375</ele>
        <time>2024-03-16T08:35:45.000Z</time>
      </trkpt>
      <trkpt lat="35.679899929091334" lon="127.49762996099889">
        <ele>577.5999755859375</ele>
        <time>2024-03-16T08:35:51.000Z</time>
      </trkpt>
      <trkpt lat="35.67986992187798" lon="127.49727993272245">
        <ele>579.7999877929688</ele>
        <time>2024-03-16T08:35:57.000Z</time>
      </trkpt>
      <trkpt lat="35.6797999329865" lon="127.49710994772613">
        <ele>579.2000122070312</ele>
        <time>2024-03-16T08:36:04.000Z</time>
      </trkpt>
      <trkpt lat="35.679749976843596" lon="127.49703995883465">
        <ele>579.4000244140625</ele>
        <time>2024-03-16T08:36:10.000Z</time>
      </trkpt>
      <trkpt lat="35.67952995188534" lon="127.4968199338764">
        <ele>584.4000244140625</ele>
        <time>2024-03-16T08:36:16.000Z</time>
      </trkpt>
      <trkpt lat="35.67939994856715" lon="127.49672999605536">
        <ele>589.4000244140625</ele>
        <time>2024-03-16T08:36:22.000Z</time>
      </trkpt>
      <trkpt lat="35.679339934140444" lon="127.49666998162866">
        <ele>591.5999755859375</ele>
        <time>2024-03-16T08:36:28.000Z</time>
      </trkpt>
      <trkpt lat="35.67922996357083" lon="127.49650997109711">
        <ele>596.4000244140625</ele>
        <time>2024-03-16T08:36:34.000Z</time>
      </trkpt>
      <trkpt lat="35.67920993082225" lon="127.49648993834853">
        <ele>597.2000122070312</ele>
        <time>2024-03-16T08:36:41.000Z</time>
      </trkpt>
      <trkpt lat="35.67919995635748" lon="127.4964499566704">
        <ele>597.4000244140625</ele>
        <time>2024-03-16T08:36:47.000Z</time>
      </trkpt>
      <trkpt lat="35.679129967466" lon="127.49635993503034">
        <ele>599.2000122070312</ele>
        <time>2024-03-16T08:36:53.000Z</time>
      </trkpt>
      <trkpt lat="35.67915997467935" lon="127.49605994671583">
        <ele>593.5999755859375</ele>
        <time>2024-03-16T08:36:59.000Z</time>
      </trkpt>
      <trkpt lat="35.679189981892705" lon="127.49592994339764">
        <ele>591.5999755859375</ele>
        <time>2024-03-16T08:37:05.000Z</time>
      </trkpt>
      <trkpt lat="35.67919995635748" lon="127.4957799911499">
        <ele>591.5999755859375</ele>
        <time>2024-03-16T08:37:12.000Z</time>
      </trkpt>
      <trkpt lat="35.6791799236089" lon="127.49557999894023">
        <ele>595.4000244140625</ele>
        <time>2024-03-16T08:37:18.000Z</time>
      </trkpt>
      <trkpt lat="35.679129967466" lon="127.49545997008681">
        <ele>598.5999755859375</ele>
        <time>2024-03-16T08:37:24.000Z</time>
      </trkpt>
      <trkpt lat="35.679039945825934" lon="127.49535997398198">
        <ele>603.4000244140625</ele>
        <time>2024-03-16T08:37:30.000Z</time>
      </trkpt>
      <trkpt lat="35.679019996896386" lon="127.49532996676862">
        <ele>604.5999755859375</ele>
        <time>2024-03-16T08:37:37.000Z</time>
      </trkpt>
      <trkpt lat="35.67895998246968" lon="127.49519996345043">
        <ele>607.7999877929688</ele>
        <time>2024-03-16T08:37:43.000Z</time>
      </trkpt>
      <trkpt lat="35.678909942507744" lon="127.49497993849218">
        <ele>609.7999877929688</ele>
        <time>2024-03-16T08:37:49.000Z</time>
      </trkpt>
      <trkpt lat="35.67882997915149" lon="127.49482998624444">
        <ele>609</ele>
        <time>2024-03-16T08:37:56.000Z</time>
      </trkpt>
      <trkpt lat="35.6787499319762" lon="127.4947199318558">
        <ele>609.4000244140625</ele>
        <time>2024-03-16T08:38:02.000Z</time>
      </trkpt>
      <trkpt lat="35.67861992865801" lon="127.49461993575096">
        <ele>612.2000122070312</ele>
        <time>2024-03-16T08:38:08.000Z</time>
      </trkpt>
      <trkpt lat="35.678629986941814" lon="127.49457995407283">
        <ele>610.7999877929688</ele>
        <time>2024-03-16T08:38:15.000Z</time>
      </trkpt>
      <trkpt lat="35.678439969196916" lon="127.49436998739839">
        <ele>614.2000122070312</ele>
        <time>2024-03-16T08:38:21.000Z</time>
      </trkpt>
      <trkpt lat="35.67840996198356" lon="127.49422992579639">
        <ele>613</ele>
        <time>2024-03-16T08:38:28.000Z</time>
      </trkpt>
      <trkpt lat="35.67840996198356" lon="127.49414996244013">
        <ele>612.2000122070312</ele>
        <time>2024-03-16T08:38:34.000Z</time>
      </trkpt>
      <trkpt lat="35.67851993255317" lon="127.49384997412562">
        <ele>608</ele>
        <time>2024-03-16T08:38:40.000Z</time>
      </trkpt>
      <trkpt lat="35.67851993255317" lon="127.49337991699576">
        <ele>612</ele>
        <time>2024-03-16T08:38:47.000Z</time>
      </trkpt>
      <trkpt lat="35.67855999805033" lon="127.49316995032132">
        <ele>612.2000122070312</ele>
        <time>2024-03-16T08:38:53.000Z</time>
      </trkpt>
      <trkpt lat="35.67865999415517" lon="127.49302997253835">
        <ele>611.2000122070312</ele>
        <time>2024-03-16T08:39:00.000Z</time>
      </trkpt>
      <trkpt lat="35.67885998636484" lon="127.49289996922016">
        <ele>606</ele>
        <time>2024-03-16T08:39:07.000Z</time>
      </trkpt>
      <trkpt lat="35.679039945825934" lon="127.49270995147526">
        <ele>603.2000122070312</ele>
        <time>2024-03-16T08:39:13.000Z</time>
      </trkpt>
      <trkpt lat="35.67906995303929" lon="127.49264993704855">
        <ele>603</ele>
        <time>2024-03-16T08:39:20.000Z</time>
      </trkpt>
      <trkpt lat="35.67904992029071" lon="127.49224995262921">
        <ele>605.4000244140625</ele>
        <time>2024-03-16T08:39:26.000Z</time>
      </trkpt>
      <trkpt lat="35.67904992029071" lon="127.49207996763289">
        <ele>604.7999877929688</ele>
        <time>2024-03-16T08:39:33.000Z</time>
      </trkpt>
      <trkpt lat="35.678979931399226" lon="127.49177997931838">
        <ele>606</ele>
        <time>2024-03-16T08:39:40.000Z</time>
      </trkpt>
      <trkpt lat="35.67894992418587" lon="127.49169993214309">
        <ele>606.7999877929688</ele>
        <time>2024-03-16T08:39:46.000Z</time>
      </trkpt>
      <trkpt lat="35.678909942507744" lon="127.49161996878684">
        <ele>608</ele>
        <time>2024-03-16T08:39:53.000Z</time>
      </trkpt>
      <trkpt lat="35.67882997915149" lon="127.49137999489903">
        <ele>610.7999877929688</ele>
        <time>2024-03-16T08:40:00.000Z</time>
      </trkpt>
      <trkpt lat="35.67879997193813" lon="127.49125996604562">
        <ele>611.5999755859375</ele>
        <time>2024-03-16T08:40:06.000Z</time>
      </trkpt>
      <trkpt lat="35.67878999747336" lon="127.4911399371922">
        <ele>611.4000244140625</ele>
        <time>2024-03-16T08:40:13.000Z</time>
      </trkpt>
      <trkpt lat="35.67878999747336" lon="127.49083994887769">
        <ele>612.2000122070312</ele>
        <time>2024-03-16T08:40:20.000Z</time>
      </trkpt>
      <trkpt lat="35.678759990260005" lon="127.49055999331176">
        <ele>614.7999877929688</ele>
        <time>2024-03-16T08:40:26.000Z</time>
      </trkpt>
      <trkpt lat="35.67876996472478" lon="127.49032999388874">
        <ele>617.5999755859375</ele>
        <time>2024-03-16T08:40:33.000Z</time>
      </trkpt>
      <trkpt lat="35.67878999747336" lon="127.49016998335719">
        <ele>619</ele>
        <time>2024-03-16T08:40:40.000Z</time>
      </trkpt>
      <trkpt lat="35.678869960829616" lon="127.48987996950746">
        <ele>617.7999877929688</ele>
        <time>2024-03-16T08:40:47.000Z</time>
      </trkpt>
      <trkpt lat="35.67887993529439" lon="127.48976999893785">
        <ele>616.7999877929688</ele>
        <time>2024-03-16T08:40:54.000Z</time>
      </trkpt>
      <trkpt lat="35.67895998246968" lon="127.48956992290914">
        <ele>616</ele>
        <time>2024-03-16T08:41:00.000Z</time>
      </trkpt>
      <trkpt lat="35.67896995693445" lon="127.48939993791282">
        <ele>616.7999877929688</ele>
        <time>2024-03-16T08:41:07.000Z</time>
      </trkpt>
      <trkpt lat="35.67900993861258" lon="127.48933992348611">
        <ele>616.5999755859375</ele>
        <time>2024-03-16T08:41:14.000Z</time>
      </trkpt>
      <trkpt lat="35.67902997136116" lon="127.48913993127644">
        <ele>618.2000122070312</ele>
        <time>2024-03-16T08:41:21.000Z</time>
      </trkpt>
      <trkpt lat="35.678999964147806" lon="127.48900992795825">
        <ele>620.5999755859375</ele>
        <time>2024-03-16T08:41:28.000Z</time>
      </trkpt>
      <trkpt lat="35.678929975256324" lon="127.48890993185341">
        <ele>624.2000122070312</ele>
        <time>2024-03-16T08:41:35.000Z</time>
      </trkpt>
      <trkpt lat="35.678869960829616" lon="127.48883994296193">
        <ele>627.4000244140625</ele>
        <time>2024-03-16T08:41:42.000Z</time>
      </trkpt>
      <trkpt lat="35.67879997193813" lon="127.48869996517897">
        <ele>630.4000244140625</ele>
        <time>2024-03-16T08:41:49.000Z</time>
      </trkpt>
      <trkpt lat="35.67877993918955" lon="127.4886099435389">
        <ele>631</ele>
        <time>2024-03-16T08:41:56.000Z</time>
      </trkpt>
      <trkpt lat="35.67878999747336" lon="127.48857993632555">
        <ele>630.2000122070312</ele>
        <time>2024-03-16T08:42:03.000Z</time>
      </trkpt>
      <trkpt lat="35.67878999747336" lon="127.48853995464742">
        <ele>629.7999877929688</ele>
        <time>2024-03-16T08:42:10.000Z</time>
      </trkpt>
      <trkpt lat="35.67879997193813" lon="127.4884999729693">
        <ele>628.7999877929688</ele>
        <time>2024-03-16T08:42:16.000Z</time>
      </trkpt>
      <trkpt lat="35.67879997193813" lon="127.48844993300736">
        <ele>628.4000244140625</ele>
        <time>2024-03-16T08:42:23.000Z</time>
      </trkpt>
      <trkpt lat="35.67876996472478" lon="127.488419925794">
        <ele>629.5999755859375</ele>
        <time>2024-03-16T08:42:30.000Z</time>
      </trkpt>
      <trkpt lat="35.67872998304665" lon="127.48839997686446">
        <ele>631.2000122070312</ele>
        <time>2024-03-16T08:42:37.000Z</time>
      </trkpt>
      <trkpt lat="35.67853996530175" lon="127.48816997744143">
        <ele>639</ele>
        <time>2024-03-16T08:42:44.000Z</time>
      </trkpt>
      <trkpt lat="35.678459918126464" lon="127.48809998854995">
        <ele>643</ele>
        <time>2024-03-16T08:42:51.000Z</time>
      </trkpt>
      <trkpt lat="35.67840996198356" lon="127.48803997412324">
        <ele>645.2000122070312</ele>
        <time>2024-03-16T08:42:58.000Z</time>
      </trkpt>
      <trkpt lat="35.678289933130145" lon="127.48783998191357">
        <ele>647.5999755859375</ele>
        <time>2024-03-16T08:43:05.000Z</time>
      </trkpt>
      <trkpt lat="35.67827995866537" lon="127.4877999164164">
        <ele>647.2000122070312</ele>
        <time>2024-03-16T08:43:12.000Z</time>
      </trkpt>
      <trkpt lat="35.678139980882406" lon="127.4876899458468">
        <ele>652.4000244140625</ele>
        <time>2024-03-16T08:43:19.000Z</time>
      </trkpt>
      <trkpt lat="35.67809999920428" lon="127.48762993142009">
        <ele>653.5999755859375</ele>
        <time>2024-03-16T08:43:26.000Z</time>
      </trkpt>
      <trkpt lat="35.678049959242344" lon="127.48757997527719">
        <ele>654.2000122070312</ele>
        <time>2024-03-16T08:43:33.000Z</time>
      </trkpt>
      <trkpt lat="35.677989944815636" lon="127.4874999281019">
        <ele>655</ele>
        <time>2024-03-16T08:43:41.000Z</time>
      </trkpt>
      <trkpt lat="35.67791995592415" lon="127.48737998306751">
        <ele>655</ele>
        <time>2024-03-16T08:43:48.000Z</time>
      </trkpt>
      <trkpt lat="35.6778899487108" lon="127.48729993589222">
        <ele>654.5999755859375</ele>
        <time>2024-03-16T08:43:55.000Z</time>
      </trkpt>
      <trkpt lat="35.67786999978125" lon="127.48726992867887">
        <ele>654.5999755859375</ele>
        <time>2024-03-16T08:44:02.000Z</time>
      </trkpt>
      <trkpt lat="35.67776991985738" lon="127.4872099980712">
        <ele>656.5999755859375</ele>
        <time>2024-03-16T08:44:09.000Z</time>
      </trkpt>
      <trkpt lat="35.677709989249706" lon="127.48715995810926">
        <ele>657.5999755859375</ele>
        <time>2024-03-16T08:44:16.000Z</time>
      </trkpt>
      <trkpt lat="35.67765994928777" lon="127.487079994753">
        <ele>657.7999877929688</ele>
        <time>2024-03-16T08:44:23.000Z</time>
      </trkpt>
      <trkpt lat="35.67765994928777" lon="127.48705996200442">
        <ele>657.5999755859375</ele>
        <time>2024-03-16T08:44:30.000Z</time>
      </trkpt>
      <trkpt lat="35.67760999314487" lon="127.48694999143481">
        <ele>657.7999877929688</ele>
        <time>2024-03-16T08:44:37.000Z</time>
      </trkpt>
      <trkpt lat="35.67746993154287" lon="127.48678998090327">
        <ele>660.2000122070312</ele>
        <time>2024-03-16T08:44:44.000Z</time>
      </trkpt>
      <trkpt lat="35.67743992432952" lon="127.48672996647656">
        <ele>660.5999755859375</ele>
        <time>2024-03-16T08:44:52.000Z</time>
      </trkpt>
      <trkpt lat="35.677429949864745" lon="127.48665997758508">
        <ele>660.5999755859375</ele>
        <time>2024-03-16T08:44:59.000Z</time>
      </trkpt>
      <trkpt lat="35.6774599570781" lon="127.48654992319643">
        <ele>660.5999755859375</ele>
        <time>2024-03-16T08:45:06.000Z</time>
      </trkpt>
      <trkpt lat="35.67748996429145" lon="127.48652997426689">
        <ele>660.2000122070312</ele>
        <time>2024-03-16T08:45:13.000Z</time>
      </trkpt>
      <trkpt lat="35.67754997871816" lon="127.48652997426689">
        <ele>659.4000244140625</ele>
        <time>2024-03-16T08:45:20.000Z</time>
      </trkpt>
      <trkpt lat="35.67762994207442" lon="127.4865099415183">
        <ele>658.7999877929688</ele>
        <time>2024-03-16T08:45:27.000Z</time>
      </trkpt>
      <trkpt lat="35.6776999309659" lon="127.48647993430495">
        <ele>658.7999877929688</ele>
        <time>2024-03-16T08:45:35.000Z</time>
      </trkpt>
      <trkpt lat="35.67778995260596" lon="127.4864599853754">
        <ele>658.7999877929688</ele>
        <time>2024-03-16T08:45:42.000Z</time>
      </trkpt>
      <trkpt lat="35.6780799664557" lon="127.48641991987824">
        <ele>654.7999877929688</ele>
        <time>2024-03-16T08:45:49.000Z</time>
      </trkpt>
      <trkpt lat="35.678119948133826" lon="127.48640994541347">
        <ele>654</ele>
        <time>2024-03-16T08:45:56.000Z</time>
      </trkpt>
      <trkpt lat="35.678179962560534" lon="127.48635998927057">
        <ele>652.5999755859375</ele>
        <time>2024-03-16T08:46:04.000Z</time>
      </trkpt>
      <trkpt lat="35.678199995309114" lon="127.48632998205721">
        <ele>652.5999755859375</ele>
        <time>2024-03-16T08:46:11.000Z</time>
      </trkpt>
      <trkpt lat="35.678179962560534" lon="127.48623996041715">
        <ele>655.5999755859375</ele>
        <time>2024-03-16T08:46:18.000Z</time>
      </trkpt>
      <trkpt lat="35.678119948133826" lon="127.48605991713703">
        <ele>663</ele>
        <time>2024-03-16T08:46:25.000Z</time>
      </trkpt>
      <trkpt lat="35.678119948133826" lon="127.4860199354589">
        <ele>664.4000244140625</ele>
        <time>2024-03-16T08:46:33.000Z</time>
      </trkpt>
      <trkpt lat="35.67814995534718" lon="127.48595992103219">
        <ele>665.4000244140625</ele>
        <time>2024-03-16T08:46:40.000Z</time>
      </trkpt>
      <trkpt lat="35.67821994423866" lon="127.48588993214071">
        <ele>665.7999877929688</ele>
        <time>2024-03-16T08:46:47.000Z</time>
      </trkpt>
      <trkpt lat="35.67821994423866" lon="127.48586998321116">
        <ele>666.4000244140625</ele>
        <time>2024-03-16T08:46:54.000Z</time>
      </trkpt>
      <trkpt lat="35.678309965878725" lon="127.48575992882252">
        <ele>668.7999877929688</ele>
        <time>2024-03-16T08:47:02.000Z</time>
      </trkpt>
      <trkpt lat="35.678439969196916" lon="127.48554996214807">
        <ele>674.2000122070312</ele>
        <time>2024-03-16T08:47:09.000Z</time>
      </trkpt>
      <trkpt lat="35.67852999083698" lon="127.48544996604323">
        <ele>677.2000122070312</ele>
        <time>2024-03-16T08:47:16.000Z</time>
      </trkpt>
      <trkpt lat="35.678589921444654" lon="127.4854099843651">
        <ele>678.4000244140625</ele>
        <time>2024-03-16T08:47:24.000Z</time>
      </trkpt>
      <trkpt lat="35.67867994308472" lon="127.4854099843651">
        <ele>677.5999755859375</ele>
        <time>2024-03-16T08:47:31.000Z</time>
      </trkpt>
      <trkpt lat="35.67878999747336" lon="127.48544996604323">
        <ele>676.2000122070312</ele>
        <time>2024-03-16T08:47:39.000Z</time>
      </trkpt>
      <trkpt lat="35.67883995361626" lon="127.48550998046994">
        <ele>673.5999755859375</ele>
        <time>2024-03-16T08:47:46.000Z</time>
      </trkpt>
      <trkpt lat="35.678909942507744" lon="127.48556999489665">
        <ele>671.2000122070312</ele>
        <time>2024-03-16T08:47:53.000Z</time>
      </trkpt>
      <trkpt lat="35.67895998246968" lon="127.48557996936142">
        <ele>671.2000122070312</ele>
        <time>2024-03-16T08:48:01.000Z</time>
      </trkpt>
      <trkpt lat="35.679129967466" lon="127.48547997325659">
        <ele>677.7999877929688</ele>
        <time>2024-03-16T08:48:08.000Z</time>
      </trkpt>
      <trkpt lat="35.67922996357083" lon="127.4854099843651">
        <ele>679.5999755859375</ele>
        <time>2024-03-16T08:48:15.000Z</time>
      </trkpt>
      <trkpt lat="35.67925997078419" lon="127.48536991886795">
        <ele>680.4000244140625</ele>
        <time>2024-03-16T08:48:23.000Z</time>
      </trkpt>
      <trkpt lat="35.67934999242425" lon="127.4853499699384">
        <ele>679.2000122070312</ele>
        <time>2024-03-16T08:48:30.000Z</time>
      </trkpt>
      <trkpt lat="35.6793699413538" lon="127.48532993718982">
        <ele>678.5999755859375</ele>
        <time>2024-03-16T08:48:38.000Z</time>
      </trkpt>
      <trkpt lat="35.67938997410238" lon="127.48526992276311">
        <ele>678</ele>
        <time>2024-03-16T08:48:45.000Z</time>
      </trkpt>
      <trkpt lat="35.679379999637604" lon="127.48524997383356">
        <ele>678.5999755859375</ele>
        <time>2024-03-16T08:48:53.000Z</time>
      </trkpt>
      <trkpt lat="35.679379999637604" lon="127.48520999215543">
        <ele>679</ele>
        <time>2024-03-16T08:49:00.000Z</time>
      </trkpt>
      <trkpt lat="35.679359966889024" lon="127.48516992665827">
        <ele>680</ele>
        <time>2024-03-16T08:49:08.000Z</time>
      </trkpt>
      <trkpt lat="35.67932995967567" lon="127.4849799927324">
        <ele>680.5999755859375</ele>
        <time>2024-03-16T08:49:15.000Z</time>
      </trkpt>
      <trkpt lat="35.67930992692709" lon="127.4849699344486">
        <ele>681.5999755859375</ele>
        <time>2024-03-16T08:49:23.000Z</time>
      </trkpt>
      <trkpt lat="35.67930992692709" lon="127.48489994555712">
        <ele>681.5999755859375</ele>
        <time>2024-03-16T08:49:30.000Z</time>
      </trkpt>
      <trkpt lat="35.67932995967567" lon="127.48487999662757">
        <ele>680.5999755859375</ele>
        <time>2024-03-16T08:49:37.000Z</time>
      </trkpt>
      <trkpt lat="35.679359966889024" lon="127.4847799167037">
        <ele>679</ele>
        <time>2024-03-16T08:49:45.000Z</time>
      </trkpt>
      <trkpt lat="35.679359966889024" lon="127.48474999330938">
        <ele>678.7999877929688</ele>
        <time>2024-03-16T08:49:52.000Z</time>
      </trkpt>
      <trkpt lat="35.679409923031926" lon="127.48457992449403">
        <ele>677.2000122070312</ele>
        <time>2024-03-16T08:50:00.000Z</time>
      </trkpt>
      <trkpt lat="35.67943993024528" lon="127.48456995002925">
        <ele>675.7999877929688</ele>
        <time>2024-03-16T08:50:07.000Z</time>
      </trkpt>
      <trkpt lat="35.679469937458634" lon="127.48450993560255">
        <ele>674.7999877929688</ele>
        <time>2024-03-16T08:50:15.000Z</time>
      </trkpt>
      <trkpt lat="35.67951997742057" lon="127.48446995392442">
        <ele>672.4000244140625</ele>
        <time>2024-03-16T08:50:22.000Z</time>
      </trkpt>
      <trkpt lat="35.67958996631205" lon="127.48433995060623">
        <ele>668.7999877929688</ele>
        <time>2024-03-16T08:50:30.000Z</time>
      </trkpt>
      <trkpt lat="35.679619973525405" lon="127.48433995060623">
        <ele>667.4000244140625</ele>
        <time>2024-03-16T08:50:38.000Z</time>
      </trkpt>
      <trkpt lat="35.679619973525405" lon="127.48431991785765">
        <ele>667.2000122070312</ele>
        <time>2024-03-16T08:50:45.000Z</time>
      </trkpt>
      <trkpt lat="35.67964998073876" lon="127.48428999446332">
        <ele>665.5999755859375</ele>
        <time>2024-03-16T08:50:53.000Z</time>
      </trkpt>
      <trkpt lat="35.67964998073876" lon="127.48425998724997">
        <ele>665.5999755859375</ele>
        <time>2024-03-16T08:51:00.000Z</time>
      </trkpt>
      <trkpt lat="35.67957999184728" lon="127.4841099511832">
        <ele>668</ele>
        <time>2024-03-16T08:51:08.000Z</time>
      </trkpt>
      <trkpt lat="35.679489970207214" lon="127.48397994786501">
        <ele>670.4000244140625</ele>
        <time>2024-03-16T08:51:15.000Z</time>
      </trkpt>
      <trkpt lat="35.67945996299386" lon="127.48378993012011">
        <ele>666.5999755859375</ele>
        <time>2024-03-16T08:51:23.000Z</time>
      </trkpt>
      <trkpt lat="35.67945996299386" lon="127.48366998508573">
        <ele>663.5999755859375</ele>
        <time>2024-03-16T08:51:31.000Z</time>
      </trkpt>
      <trkpt lat="35.679469937458634" lon="127.48363997787237">
        <ele>662.7999877929688</ele>
        <time>2024-03-16T08:51:38.000Z</time>
      </trkpt>
      <trkpt lat="35.679359966889024" lon="127.48338994570076">
        <ele>657.4000244140625</ele>
        <time>2024-03-16T08:51:46.000Z</time>
      </trkpt>
      <trkpt lat="35.679339934140444" lon="127.48335993848741">
        <ele>656.5999755859375</ele>
        <time>2024-03-16T08:51:53.000Z</time>
      </trkpt>
      <trkpt lat="35.679299952462316" lon="127.48331995680928">
        <ele>655.7999877929688</ele>
        <time>2024-03-16T08:52:01.000Z</time>
      </trkpt>
      <trkpt lat="35.67922996357083" lon="127.48328994959593">
        <ele>655</ele>
        <time>2024-03-16T08:52:09.000Z</time>
      </trkpt>
      <trkpt lat="35.67910993471742" lon="127.48335993848741">
        <ele>653.5999755859375</ele>
        <time>2024-03-16T08:52:16.000Z</time>
      </trkpt>
      <trkpt lat="35.67900993861258" lon="127.48344996012747">
        <ele>653.7999877929688</ele>
        <time>2024-03-16T08:52:24.000Z</time>
      </trkpt>
      <trkpt lat="35.67900993861258" lon="127.48350997455418">
        <ele>656.4000244140625</ele>
        <time>2024-03-16T08:52:32.000Z</time>
      </trkpt>
      <trkpt lat="35.67898998968303" lon="127.48356998898089">
        <ele>658.7999877929688</ele>
        <time>2024-03-16T08:52:39.000Z</time>
      </trkpt>
      <trkpt lat="35.67895998246968" lon="127.48361994512379">
        <ele>660.7999877929688</ele>
        <time>2024-03-16T08:52:47.000Z</time>
      </trkpt>
      <trkpt lat="35.6789399497211" lon="127.48362991958857">
        <ele>661.2000122070312</ele>
        <time>2024-03-16T08:52:55.000Z</time>
      </trkpt>
      <trkpt lat="35.67887993529439" lon="127.48377995565534">
        <ele>668.4000244140625</ele>
        <time>2024-03-16T08:53:02.000Z</time>
      </trkpt>
      <trkpt lat="35.67880994640291" lon="127.48387995176017">
        <ele>672.7999877929688</ele>
        <time>2024-03-16T08:53:10.000Z</time>
      </trkpt>
      <trkpt lat="35.67872998304665" lon="127.4839199334383">
        <ele>673.5999755859375</ele>
        <time>2024-03-16T08:53:18.000Z</time>
      </trkpt>
      <trkpt lat="35.6786999758333" lon="127.48390995897353">
        <ele>672.7999877929688</ele>
        <time>2024-03-16T08:53:26.000Z</time>
      </trkpt>
      <trkpt lat="35.67861992865801" lon="127.48385991901159">
        <ele>667.5999755859375</ele>
        <time>2024-03-16T08:53:33.000Z</time>
      </trkpt>
      <trkpt lat="35.67857994697988" lon="127.48380996286869">
        <ele>662.5999755859375</ele>
        <time>2024-03-16T08:53:41.000Z</time>
      </trkpt>
      <trkpt lat="35.67852999083698" lon="127.48378993012011">
        <ele>659.2000122070312</ele>
        <time>2024-03-16T08:53:49.000Z</time>
      </trkpt>
      <trkpt lat="35.67842999473214" lon="127.48378993012011">
        <ele>654.4000244140625</ele>
        <time>2024-03-16T08:53:57.000Z</time>
      </trkpt>
      <trkpt lat="35.678289933130145" lon="127.48388992622495">
        <ele>655</ele>
        <time>2024-03-16T08:54:04.000Z</time>
      </trkpt>
      <trkpt lat="35.67818993702531" lon="127.48393996618688">
        <ele>653.7999877929688</ele>
        <time>2024-03-16T08:54:12.000Z</time>
      </trkpt>
      <trkpt lat="35.67791995592415" lon="127.4840599950403">
        <ele>653.7999877929688</ele>
        <time>2024-03-16T08:54:20.000Z</time>
      </trkpt>
      <trkpt lat="35.67779992707074" lon="127.48409997671843">
        <ele>652.7999877929688</ele>
        <time>2024-03-16T08:54:28.000Z</time>
      </trkpt>
      <trkpt lat="35.677669923752546" lon="127.48416996560991">
        <ele>653.5999755859375</ele>
        <time>2024-03-16T08:54:36.000Z</time>
      </trkpt>
      <trkpt lat="35.67750999704003" lon="127.48419997282326">
        <ele>651.5999755859375</ele>
        <time>2024-03-16T08:54:43.000Z</time>
      </trkpt>
      <trkpt lat="35.67741997539997" lon="127.48426996171474">
        <ele>652.4000244140625</ele>
        <time>2024-03-16T08:54:51.000Z</time>
      </trkpt>
      <trkpt lat="35.67735996097326" lon="127.4843599833548">
        <ele>656</ele>
        <time>2024-03-16T08:54:59.000Z</time>
      </trkpt>
      <trkpt lat="35.67733992822468" lon="127.48437993228436">
        <ele>656.7999877929688</ele>
        <time>2024-03-16T08:55:07.000Z</time>
      </trkpt>
      <trkpt lat="35.677239932119846" lon="127.48442997224629">
        <ele>658.2000122070312</ele>
        <time>2024-03-16T08:55:15.000Z</time>
      </trkpt>
      <trkpt lat="35.677149994298816" lon="127.48441999778152">
        <ele>656.5999755859375</ele>
        <time>2024-03-16T08:55:23.000Z</time>
      </trkpt>
      <trkpt lat="35.6770799215883" lon="127.48444992117584">
        <ele>656.7999877929688</ele>
        <time>2024-03-16T08:55:31.000Z</time>
      </trkpt>
      <trkpt lat="35.67706994712353" lon="127.48445997945964">
        <ele>657.2000122070312</ele>
        <time>2024-03-16T08:55:39.000Z</time>
      </trkpt>
      <trkpt lat="35.676979925483465" lon="127.48440993949771">
        <ele>654.2000122070312</ele>
        <time>2024-03-16T08:55:47.000Z</time>
      </trkpt>
      <trkpt lat="35.67694991827011" lon="127.48426996171474">
        <ele>650</ele>
        <time>2024-03-16T08:55:55.000Z</time>
      </trkpt>
      <trkpt lat="35.67695997655392" lon="127.48419997282326">
        <ele>647.5999755859375</ele>
        <time>2024-03-16T08:56:02.000Z</time>
      </trkpt>
      <trkpt lat="35.67700993269682" lon="127.4841099511832">
        <ele>645.5999755859375</ele>
        <time>2024-03-16T08:56:10.000Z</time>
      </trkpt>
      <trkpt lat="35.67709995433688" lon="127.48401992954314">
        <ele>644.5999755859375</ele>
        <time>2024-03-16T08:56:18.000Z</time>
      </trkpt>
      <trkpt lat="35.67711998708546" lon="127.48398992232978">
        <ele>644</ele>
        <time>2024-03-16T08:56:26.000Z</time>
      </trkpt>
      <trkpt lat="35.67713993601501" lon="127.48396997340024">
        <ele>643.2000122070312</ele>
        <time>2024-03-16T08:56:34.000Z</time>
      </trkpt>
      <trkpt lat="35.67722995765507" lon="127.48390995897353">
        <ele>640.2000122070312</ele>
        <time>2024-03-16T08:56:42.000Z</time>
      </trkpt>
      <trkpt lat="35.677299946546555" lon="127.48384994454682">
        <ele>639.2000122070312</ele>
        <time>2024-03-16T08:56:50.000Z</time>
      </trkpt>
      <trkpt lat="35.67741997539997" lon="127.48371994122863">
        <ele>638.7999877929688</ele>
        <time>2024-03-16T08:56:58.000Z</time>
      </trkpt>
      <trkpt lat="35.677449982613325" lon="127.48364995233715">
        <ele>636.7999877929688</ele>
        <time>2024-03-16T08:57:06.000Z</time>
      </trkpt>
      <trkpt lat="35.6774599570781" lon="127.48357996344566">
        <ele>636.2000122070312</ele>
        <time>2024-03-16T08:57:14.000Z</time>
      </trkpt>
      <trkpt lat="35.67749993875623" lon="127.48350997455418">
        <ele>636.4000244140625</ele>
        <time>2024-03-16T08:57:22.000Z</time>
      </trkpt>
      <trkpt lat="35.67749993875623" lon="127.4834899418056">
        <ele>636.5999755859375</ele>
        <time>2024-03-16T08:57:30.000Z</time>
      </trkpt>
      <trkpt lat="35.67756992764771" lon="127.48338994570076">
        <ele>636.4000244140625</ele>
        <time>2024-03-16T08:57:38.000Z</time>
      </trkpt>
      <trkpt lat="35.677599934861064" lon="127.48330998234451">
        <ele>636.4000244140625</ele>
        <time>2024-03-16T08:57:46.000Z</time>
      </trkpt>
      <trkpt lat="35.6776999309659" lon="127.48327997513115">
        <ele>635.2000122070312</ele>
        <time>2024-03-16T08:57:54.000Z</time>
      </trkpt>
      <trkpt lat="35.6778399925679" lon="127.48320998623967">
        <ele>633</ele>
        <time>2024-03-16T08:58:03.000Z</time>
      </trkpt>
      <trkpt lat="35.67791995592415" lon="127.48309993185103">
        <ele>633.2000122070312</ele>
        <time>2024-03-16T08:58:11.000Z</time>
      </trkpt>
      <trkpt lat="35.678029926493764" lon="127.48303991742432">
        <ele>629.5999755859375</ele>
        <time>2024-03-16T08:58:19.000Z</time>
      </trkpt>
      <trkpt lat="35.67809999920428" lon="127.48296992853284">
        <ele>627.2000122070312</ele>
        <time>2024-03-16T08:58:27.000Z</time>
      </trkpt>
      <trkpt lat="35.678139980882406" lon="127.48291997238994">
        <ele>626.5999755859375</ele>
        <time>2024-03-16T08:58:35.000Z</time>
      </trkpt>
      <trkpt lat="35.67818993702531" lon="127.48273992910981">
        <ele>625.5999755859375</ele>
        <time>2024-03-16T08:58:43.000Z</time>
      </trkpt>
      <trkpt lat="35.67822991870344" lon="127.48265996575356">
        <ele>625.2000122070312</ele>
        <time>2024-03-16T08:58:51.000Z</time>
      </trkpt>
      <trkpt lat="35.67823997698724" lon="127.48265996575356">
        <ele>625</ele>
        <time>2024-03-16T08:58:59.000Z</time>
      </trkpt>
      <trkpt lat="35.678289933130145" lon="127.48253993690014">
        <ele>623.5999755859375</ele>
        <time>2024-03-16T08:59:07.000Z</time>
      </trkpt>
      <trkpt lat="35.67829999141395" lon="127.48244999907911">
        <ele>623.5999755859375</ele>
        <time>2024-03-16T08:59:16.000Z</time>
      </trkpt>
      <trkpt lat="35.67833997309208" lon="127.48232997022569">
        <ele>621.2000122070312</ele>
        <time>2024-03-16T08:59:24.000Z</time>
      </trkpt>
      <trkpt lat="35.67833997309208" lon="127.48227993026376">
        <ele>620.5999755859375</ele>
        <time>2024-03-16T08:59:32.000Z</time>
      </trkpt>
      <trkpt lat="35.67834994755685" lon="127.48225998133421">
        <ele>620</ele>
        <time>2024-03-16T08:59:40.000Z</time>
      </trkpt>
      <trkpt lat="35.67833997309208" lon="127.4821999669075">
        <ele>619.7999877929688</ele>
        <time>2024-03-16T08:59:48.000Z</time>
      </trkpt>
      <trkpt lat="35.67833997309208" lon="127.48215998522937">
        <ele>619.5999755859375</ele>
        <time>2024-03-16T08:59:56.000Z</time>
      </trkpt>
      <trkpt lat="35.67836998030543" lon="127.48207993805408">
        <ele>618.5999755859375</ele>
        <time>2024-03-16T09:00:05.000Z</time>
      </trkpt>
      <trkpt lat="35.67836998030543" lon="127.48205998912454">
        <ele>618.5999755859375</ele>
        <time>2024-03-16T09:00:13.000Z</time>
      </trkpt>
      <trkpt lat="35.67837995477021" lon="127.48204993084073">
        <ele>618.2000122070312</ele>
        <time>2024-03-16T09:00:21.000Z</time>
      </trkpt>
      <trkpt lat="35.67839998751879" lon="127.48204993084073">
        <ele>617.5999755859375</ele>
        <time>2024-03-16T09:00:29.000Z</time>
      </trkpt>
      <trkpt lat="35.678479950875044" lon="127.48208999633789">
        <ele>616</ele>
        <time>2024-03-16T09:00:37.000Z</time>
      </trkpt>
      <trkpt lat="35.67848992533982" lon="127.48210994526744">
        <ele>615.5999755859375</ele>
        <time>2024-03-16T09:00:46.000Z</time>
      </trkpt>
      <trkpt lat="35.67848992533982" lon="127.48217993415892">
        <ele>615.5999755859375</ele>
        <time>2024-03-16T09:00:54.000Z</time>
      </trkpt>
      <trkpt lat="35.678499983623624" lon="127.4821999669075">
        <ele>615.4000244140625</ele>
        <time>2024-03-16T09:01:02.000Z</time>
      </trkpt>
      <trkpt lat="35.678499983623624" lon="127.48227993026376">
        <ele>616.5999755859375</ele>
        <time>2024-03-16T09:01:10.000Z</time>
      </trkpt>
      <trkpt lat="35.67852999083698" lon="127.4823799263686">
        <ele>617.5999755859375</ele>
        <time>2024-03-16T09:01:18.000Z</time>
      </trkpt>
      <trkpt lat="35.67855999805033" lon="127.48240993358195">
        <ele>617.5999755859375</ele>
        <time>2024-03-16T09:01:27.000Z</time>
      </trkpt>
      <trkpt lat="35.67863996140659" lon="127.48242996633053">
        <ele>616.2000122070312</ele>
        <time>2024-03-16T09:01:35.000Z</time>
      </trkpt>
      <trkpt lat="35.67872998304665" lon="127.48239995911717">
        <ele>617.2000122070312</ele>
        <time>2024-03-16T09:01:43.000Z</time>
      </trkpt>
      <trkpt lat="35.67877993918955" lon="127.48235997743905">
        <ele>618</ele>
        <time>2024-03-16T09:01:51.000Z</time>
      </trkpt>
      <trkpt lat="35.67880994640291" lon="127.48218999244273">
        <ele>612.7999877929688</ele>
        <time>2024-03-16T09:02:00.000Z</time>
      </trkpt>
      <trkpt lat="35.678849928081036" lon="127.48209997080266">
        <ele>611.5999755859375</ele>
        <time>2024-03-16T09:02:08.000Z</time>
      </trkpt>
      <trkpt lat="35.678869960829616" lon="127.48201992362738">
        <ele>609.5999755859375</ele>
        <time>2024-03-16T09:02:16.000Z</time>
      </trkpt>
      <trkpt lat="35.67887993529439" lon="127.48190995305777">
        <ele>607.2000122070312</ele>
        <time>2024-03-16T09:02:25.000Z</time>
      </trkpt>
      <trkpt lat="35.678869960829616" lon="127.48185999691486">
        <ele>606.7999877929688</ele>
        <time>2024-03-16T09:02:33.000Z</time>
      </trkpt>
      <trkpt lat="35.67891991697252" lon="127.48167995363474">
        <ele>601.7999877929688</ele>
        <time>2024-03-16T09:02:41.000Z</time>
      </trkpt>
      <trkpt lat="35.67891991697252" lon="127.48161993920803">
        <ele>600.7999877929688</ele>
        <time>2024-03-16T09:02:49.000Z</time>
      </trkpt>
      <trkpt lat="35.67896995693445" lon="127.48147996142507">
        <ele>599</ele>
        <time>2024-03-16T09:02:58.000Z</time>
      </trkpt>
      <trkpt lat="35.67898998968303" lon="127.48144995421171">
        <ele>598.7999877929688</ele>
        <time>2024-03-16T09:03:06.000Z</time>
      </trkpt>
      <trkpt lat="35.679039945825934" lon="127.48124996200204">
        <ele>596.2000122070312</ele>
        <time>2024-03-16T09:03:15.000Z</time>
      </trkpt>
      <trkpt lat="35.679149916395545" lon="127.48100998811424">
        <ele>592</ele>
        <time>2024-03-16T09:03:23.000Z</time>
      </trkpt>
      <trkpt lat="35.6791799236089" lon="127.4809599481523">
        <ele>592</ele>
        <time>2024-03-16T09:03:31.000Z</time>
      </trkpt>
      <trkpt lat="35.67920993082225" lon="127.48092994093895">
        <ele>591.7999877929688</ele>
        <time>2024-03-16T09:03:40.000Z</time>
      </trkpt>
      <trkpt lat="35.67922996357083" lon="127.48086992651224">
        <ele>592</ele>
        <time>2024-03-16T09:03:48.000Z</time>
      </trkpt>
      <trkpt lat="35.67943993024528" lon="127.48074998147786">
        <ele>588.5999755859375</ele>
        <time>2024-03-16T09:03:56.000Z</time>
      </trkpt>
      <trkpt lat="35.679599940776825" lon="127.48066993430257">
        <ele>586</ele>
        <time>2024-03-16T09:04:05.000Z</time>
      </trkpt>
      <trkpt lat="35.67981996573508" lon="127.48061997815967">
        <ele>582</ele>
        <time>2024-03-16T09:04:13.000Z</time>
      </trkpt>
      <trkpt lat="35.67983999848366" lon="127.48060991987586">
        <ele>582</ele>
        <time>2024-03-16T09:04:22.000Z</time>
      </trkpt>
      <trkpt lat="35.679919961839914" lon="127.48060991987586">
        <ele>580</ele>
        <time>2024-03-16T09:04:30.000Z</time>
      </trkpt>
      <trkpt lat="35.67996991798282" lon="127.48058997094631">
        <ele>578.4000244140625</ele>
        <time>2024-03-16T09:04:39.000Z</time>
      </trkpt>
      <trkpt lat="35.68003999069333" lon="127.48054998926818">
        <ele>576.2000122070312</ele>
        <time>2024-03-16T09:04:47.000Z</time>
      </trkpt>
      <trkpt lat="35.68011995404959" lon="127.4804699420929">
        <ele>576.2000122070312</ele>
        <time>2024-03-16T09:04:56.000Z</time>
      </trkpt>
      <trkpt lat="35.680199917405844" lon="127.48042996041477">
        <ele>575.4000244140625</ele>
        <time>2024-03-16T09:05:04.000Z</time>
      </trkpt>
      <trkpt lat="35.680329920724034" lon="127.48041998595">
        <ele>571.7999877929688</ele>
        <time>2024-03-16T09:05:13.000Z</time>
      </trkpt>
      <trkpt lat="35.68057995289564" lon="127.48042996041477">
        <ele>566.4000244140625</ele>
        <time>2024-03-16T09:05:21.000Z</time>
      </trkpt>
      <trkpt lat="35.68078991957009" lon="127.48040992766619">
        <ele>562.5999755859375</ele>
        <time>2024-03-16T09:05:30.000Z</time>
      </trkpt>
      <trkpt lat="35.68094993010163" lon="127.48031998984516">
        <ele>559</ele>
        <time>2024-03-16T09:05:38.000Z</time>
      </trkpt>
      <trkpt lat="35.68110994063318" lon="127.48015997931361">
        <ele>555.2000122070312</ele>
        <time>2024-03-16T09:05:47.000Z</time>
      </trkpt>
      <trkpt lat="35.68112997338176" lon="127.48012997210026">
        <ele>554.7999877929688</ele>
        <time>2024-03-16T09:05:56.000Z</time>
      </trkpt>
      <trkpt lat="35.681169955059886" lon="127.47992997989058">
        <ele>554</ele>
        <time>2024-03-16T09:06:04.000Z</time>
      </trkpt>
      <trkpt lat="35.681189987808466" lon="127.47973996214569">
        <ele>554.4000244140625</ele>
        <time>2024-03-16T09:06:13.000Z</time>
      </trkpt>
      <trkpt lat="35.68119996227324" lon="127.47956997714937">
        <ele>554.4000244140625</ele>
        <time>2024-03-16T09:06:21.000Z</time>
      </trkpt>
      <trkpt lat="35.68123994395137" lon="127.47930997051299">
        <ele>552.5999755859375</ele>
        <time>2024-03-16T09:06:30.000Z</time>
      </trkpt>
      <trkpt lat="35.68117992952466" lon="127.4792899377644">
        <ele>553.5999755859375</ele>
        <time>2024-03-16T09:06:39.000Z</time>
      </trkpt>
      <trkpt lat="35.68104992620647" lon="127.47918994165957">
        <ele>555.5999755859375</ele>
        <time>2024-03-16T09:06:48.000Z</time>
      </trkpt>
      <trkpt lat="35.68099142052233" lon="127.47915188781917">
        <ele>556.5999755859375</ele>
        <time>2024-03-16T09:06:56.000Z</time>
      </trkpt>
      <trkpt lat="35.680649941787124" lon="127.47892993502319">
        <ele>561.5999755859375</ele>
        <time>2024-03-16T09:07:05.000Z</time>
      </trkpt>
      <trkpt lat="35.680589927360415" lon="127.47886992059648">
        <ele>562.4000244140625</ele>
        <time>2024-03-16T09:07:14.000Z</time>
      </trkpt>
      <trkpt lat="35.68043997511268" lon="127.47875995002687">
        <ele>567</ele>
        <time>2024-03-16T09:07:22.000Z</time>
      </trkpt>
      <trkpt lat="35.68038993515074" lon="127.47870999388397">
        <ele>568.2000122070312</ele>
        <time>2024-03-16T09:07:31.000Z</time>
      </trkpt>
      <trkpt lat="35.68026999011636" lon="127.4786199722439">
        <ele>571</ele>
        <time>2024-03-16T09:07:40.000Z</time>
      </trkpt>
      <trkpt lat="35.680159935727715" lon="127.47849994339049">
        <ele>571.5999755859375</ele>
        <time>2024-03-16T09:07:49.000Z</time>
      </trkpt>
      <trkpt lat="35.68001995794475" lon="127.4783199839294">
        <ele>571.4000244140625</ele>
        <time>2024-03-16T09:07:58.000Z</time>
      </trkpt>
      <trkpt lat="35.67988995462656" lon="127.47816994786263">
        <ele>571</ele>
        <time>2024-03-16T09:08:07.000Z</time>
      </trkpt>
      <trkpt lat="35.67977998405695" lon="127.47801999561489">
        <ele>570.5999755859375</ele>
        <time>2024-03-16T09:08:15.000Z</time>
      </trkpt>
      <trkpt lat="35.67977998405695" lon="127.47796995565295">
        <ele>570</ele>
        <time>2024-03-16T09:08:24.000Z</time>
      </trkpt>
      <trkpt lat="35.67970999516547" lon="127.47789996676147">
        <ele>570.7999877929688</ele>
        <time>2024-03-16T09:08:33.000Z</time>
      </trkpt>
      <trkpt lat="35.67957999184728" lon="127.47772998176515">
        <ele>571.7999877929688</ele>
        <time>2024-03-16T09:08:42.000Z</time>
      </trkpt>
      <trkpt lat="35.67949994467199" lon="127.47766996733844">
        <ele>573.2000122070312</ele>
        <time>2024-03-16T09:08:51.000Z</time>
      </trkpt>
      <trkpt lat="35.679409923031926" lon="127.47761992737651">
        <ele>574.4000244140625</ele>
        <time>2024-03-16T09:09:00.000Z</time>
      </trkpt>
      <trkpt lat="35.679319985210896" lon="127.47758992016315">
        <ele>575.7999877929688</ele>
        <time>2024-03-16T09:09:09.000Z</time>
      </trkpt>
      <trkpt lat="35.67911999300122" lon="127.47759997844696">
        <ele>580.5999755859375</ele>
        <time>2024-03-16T09:09:18.000Z</time>
      </trkpt>
      <trkpt lat="35.67891991697252" lon="127.47757994569838">
        <ele>584.4000244140625</ele>
        <time>2024-03-16T09:09:27.000Z</time>
      </trkpt>
      <trkpt lat="35.67882997915149" lon="127.47754993848503">
        <ele>586.4000244140625</ele>
        <time>2024-03-16T09:09:36.000Z</time>
      </trkpt>
      <trkpt lat="35.67872998304665" lon="127.47753996402025">
        <ele>588.5999755859375</ele>
        <time>2024-03-16T09:09:45.000Z</time>
      </trkpt>
      <trkpt lat="35.678549939766526" lon="127.47744994238019">
        <ele>591.2000122070312</ele>
        <time>2024-03-16T09:09:54.000Z</time>
      </trkpt>
      <trkpt lat="35.678459918126464" lon="127.47741993516684">
        <ele>592.4000244140625</ele>
        <time>2024-03-16T09:10:03.000Z</time>
      </trkpt>
      <trkpt lat="35.67836998030543" lon="127.47742999345064">
        <ele>593.5999755859375</ele>
        <time>2024-03-16T09:10:12.000Z</time>
      </trkpt>
      <trkpt lat="35.678179962560534" lon="127.47737995348871">
        <ele>594.5999755859375</ele>
        <time>2024-03-16T09:10:24.275Z</time>
      </trkpt>
      <trkpt lat="35.678176" lon="127.477419">
        <ele>598</ele>
        <time>2024-03-16T09:10:26.294Z</time>
      </trkpt>
      <trkpt lat="35.67808" lon="127.47741">
        <ele>599.5</ele>
        <time>2024-03-16T09:10:32.376Z</time>
      </trkpt>
      <trkpt lat="35.677936" lon="127.477396">
        <ele>601.5</ele>
        <time>2024-03-16T09:10:41.501Z</time>
      </trkpt>
      <trkpt lat="35.677888" lon="127.477174">
        <ele>602.75</ele>
        <time>2024-03-16T09:10:53.290Z</time>
      </trkpt>
      <trkpt lat="35.677793" lon="127.476959">
        <ele>604.25</ele>
        <time>2024-03-16T09:11:05.849Z</time>
      </trkpt>
      <trkpt lat="35.677692" lon="127.476903">
        <ele>605.5</ele>
        <time>2024-03-16T09:11:12.846Z</time>
      </trkpt>
      <trkpt lat="35.677525" lon="127.476905">
        <ele>607.25</ele>
        <time>2024-03-16T09:11:23.396Z</time>
      </trkpt>
      <trkpt lat="35.677368" lon="127.476967">
        <ele>609.75</ele>
        <time>2024-03-16T09:11:33.812Z</time>
      </trkpt>
      <trkpt lat="35.677217" lon="127.47701">
        <ele>612.25</ele>
        <time>2024-03-16T09:11:43.603Z</time>
      </trkpt>
      <trkpt lat="35.677102" lon="127.477031">
        <ele>614.5</ele>
        <time>2024-03-16T09:11:50.947Z</time>
      </trkpt>
      <trkpt lat="35.676938" lon="127.477031">
        <ele>617.25</ele>
        <time>2024-03-16T09:12:01.307Z</time>
      </trkpt>
      <trkpt lat="35.676825" lon="127.477093">
        <ele>620</ele>
        <time>2024-03-16T09:12:09.122Z</time>
      </trkpt>
      <trkpt lat="35.676729" lon="127.477208">
        <ele>623.75</ele>
        <time>2024-03-16T09:12:17.584Z</time>
      </trkpt>
      <trkpt lat="35.676675" lon="127.47734">
        <ele>627</ele>
        <time>2024-03-16T09:12:25.168Z</time>
      </trkpt>
      <trkpt lat="35.676649" lon="127.47736">
        <ele>628</ele>
        <time>2024-03-16T09:12:27.104Z</time>
      </trkpt>
      <trkpt lat="35.676614" lon="127.477388">
        <ele>629.5</ele>
        <time>2024-03-16T09:12:29.740Z</time>
      </trkpt>
      <trkpt lat="35.676527" lon="127.477351">
        <ele>631.75</ele>
        <time>2024-03-16T09:12:35.554Z</time>
      </trkpt>
      <trkpt lat="35.676481" lon="127.477233">
        <ele>630.75</ele>
        <time>2024-03-16T09:12:42.270Z</time>
      </trkpt>
      <trkpt lat="35.676453" lon="127.477106">
        <ele>629</ele>
        <time>2024-03-16T09:12:49.023Z</time>
      </trkpt>
      <trkpt lat="35.6764" lon="127.47705">
        <ele>629.5</ele>
        <time>2024-03-16T09:12:53.435Z</time>
      </trkpt>
      <trkpt lat="35.676204" lon="127.47697">
        <ele>632.75</ele>
        <time>2024-03-16T09:13:06.479Z</time>
      </trkpt>
      <trkpt lat="35.675901" lon="127.476887">
        <ele>638.25</ele>
        <time>2024-03-16T09:13:26.088Z</time>
      </trkpt>
      <trkpt lat="35.675751" lon="127.476897">
        <ele>641.5</ele>
        <time>2024-03-16T09:13:35.578Z</time>
      </trkpt>
      <trkpt lat="35.675592" lon="127.476895">
        <ele>644</ele>
        <time>2024-03-16T09:13:45.623Z</time>
      </trkpt>
      <trkpt lat="35.675407" lon="127.476814">
        <ele>644.75</ele>
        <time>2024-03-16T09:13:58.027Z</time>
      </trkpt>
      <trkpt lat="35.674908" lon="127.476549">
        <ele>648.75</ele>
        <time>2024-03-16T09:14:32.359Z</time>
      </trkpt>
      <trkpt lat="35.674577" lon="127.476398">
        <ele>655</ele>
        <time>2024-03-16T09:14:54.659Z</time>
      </trkpt>
      <trkpt lat="35.674311" lon="127.476267">
        <ele>659</ele>
        <time>2024-03-16T09:15:12.758Z</time>
      </trkpt>
      <trkpt lat="35.674154" lon="127.476213">
        <ele>661.25</ele>
        <time>2024-03-16T09:15:23.056Z</time>
      </trkpt>
      <trkpt lat="35.673967" lon="127.476125">
        <ele>663.5</ele>
        <time>2024-03-16T09:15:35.703Z</time>
      </trkpt>
      <trkpt lat="35.673509" lon="127.475972">
        <ele>668.5</ele>
        <time>2024-03-16T09:16:05.683Z</time>
      </trkpt>
      <trkpt lat="35.673282" lon="127.475902">
        <ele>670.75</ele>
        <time>2024-03-16T09:16:20.466Z</time>
      </trkpt>
      <trkpt lat="35.673141" lon="127.475867">
        <ele>673</ele>
        <time>2024-03-16T09:16:29.552Z</time>
      </trkpt>
      <trkpt lat="35.672823" lon="127.475913">
        <ele>681</ele>
        <time>2024-03-16T09:16:49.779Z</time>
      </trkpt>
      <trkpt lat="35.672661" lon="127.475893">
        <ele>684.25</ele>
        <time>2024-03-16T09:17:00.064Z</time>
      </trkpt>
      <trkpt lat="35.672659976407886" lon="127.47591999359429">
        <ele>680.5999755859375</ele>
        <time>2024-03-16T09:17:01.450Z</time>
      </trkpt>
      <trkpt lat="35.67248999141157" lon="127.47577993199229">
        <ele>683</ele>
        <time>2024-03-16T09:17:22.000Z</time>
      </trkpt>
      <trkpt lat="35.67241991870105" lon="127.47566996142268">
        <ele>683.7999877929688</ele>
        <time>2024-03-16T09:17:32.000Z</time>
      </trkpt>
      <trkpt lat="35.67236996255815" lon="127.47556996531785">
        <ele>684.5999755859375</ele>
        <time>2024-03-16T09:17:42.000Z</time>
      </trkpt>
      <trkpt lat="35.67229997366667" lon="127.47546996921301">
        <ele>686.2000122070312</ele>
        <time>2024-03-16T09:17:51.000Z</time>
      </trkpt>
      <trkpt lat="35.67221992649138" lon="127.47538992203772">
        <ele>688.4000244140625</ele>
        <time>2024-03-16T09:18:01.000Z</time>
      </trkpt>
      <trkpt lat="35.67212998867035" lon="127.47534994035959">
        <ele>691</ele>
        <time>2024-03-16T09:18:11.000Z</time>
      </trkpt>
      <trkpt lat="35.67202999256551" lon="127.47532999143004">
        <ele>694</ele>
        <time>2024-03-16T09:18:21.000Z</time>
      </trkpt>
      <trkpt lat="35.67176998592913" lon="127.47518992982805">
        <ele>701.7999877929688</ele>
        <time>2024-03-16T09:18:30.000Z</time>
      </trkpt>
      <trkpt lat="35.67157996818423" lon="127.47510996647179">
        <ele>706.5999755859375</ele>
        <time>2024-03-16T09:18:40.000Z</time>
      </trkpt>
      <trkpt lat="35.67139992490411" lon="127.47499999590218">
        <ele>709.5999755859375</ele>
        <time>2024-03-16T09:18:50.000Z</time>
      </trkpt>
      <trkpt lat="35.67131996154785" lon="127.47491994872689">
        <ele>709.4000244140625</ele>
        <time>2024-03-16T09:19:00.000Z</time>
      </trkpt>
      <trkpt lat="35.671239998191595" lon="127.47485993430018">
        <ele>709.5999755859375</ele>
        <time>2024-03-16T09:19:10.000Z</time>
      </trkpt>
      <trkpt lat="35.67113991826773" lon="127.47480997815728">
        <ele>710.2000122070312</ele>
        <time>2024-03-16T09:19:20.000Z</time>
      </trkpt>
      <trkpt lat="35.671049980446696" lon="127.4747399892658">
        <ele>710</ele>
        <time>2024-03-16T09:19:30.000Z</time>
      </trkpt>
      <trkpt lat="35.67087999545038" lon="127.47462993487716">
        <ele>711</ele>
        <time>2024-03-16T09:19:40.000Z</time>
      </trkpt>
      <trkpt lat="35.67068997770548" lon="127.47452993877232">
        <ele>715.7999877929688</ele>
        <time>2024-03-16T09:19:49.000Z</time>
      </trkpt>
      <trkpt lat="35.67060993053019" lon="127.47444997541606">
        <ele>717.7999877929688</ele>
        <time>2024-03-16T09:19:59.000Z</time>
      </trkpt>
      <trkpt lat="35.670549999922514" lon="127.47434997931123">
        <ele>718.7999877929688</ele>
        <time>2024-03-16T09:20:09.000Z</time>
      </trkpt>
      <trkpt lat="35.670489985495806" lon="127.47426993213594">
        <ele>719.5999755859375</ele>
        <time>2024-03-16T09:20:19.000Z</time>
      </trkpt>
      <trkpt lat="35.67038998939097" lon="127.47407999821007">
        <ele>721.5999755859375</ele>
        <time>2024-03-16T09:20:29.000Z</time>
      </trkpt>
      <trkpt lat="35.67036995664239" lon="127.47395996935666">
        <ele>723</ele>
        <time>2024-03-16T09:20:39.000Z</time>
      </trkpt>
      <trkpt lat="35.67030994221568" lon="127.4738699477166">
        <ele>724.4000244140625</ele>
        <time>2024-03-16T09:20:49.000Z</time>
      </trkpt>
      <trkpt lat="35.67021992057562" lon="127.47381999157369">
        <ele>727</ele>
        <time>2024-03-16T09:20:59.000Z</time>
      </trkpt>
      <trkpt lat="35.67015998996794" lon="127.4737399443984">
        <ele>729.2000122070312</ele>
        <time>2024-03-16T09:21:09.000Z</time>
      </trkpt>
      <trkpt lat="35.670059993863106" lon="127.47371999546885">
        <ele>731.7999877929688</ele>
        <time>2024-03-16T09:21:19.000Z</time>
      </trkpt>
      <trkpt lat="35.66996997222304" lon="127.47372996993363">
        <ele>733.7999877929688</ele>
        <time>2024-03-16T09:21:30.000Z</time>
      </trkpt>
      <trkpt lat="35.66987995058298" lon="127.47369996272027">
        <ele>736</ele>
        <time>2024-03-16T09:21:40.000Z</time>
      </trkpt>
      <trkpt lat="35.669719940051436" lon="127.47357993386686">
        <ele>740</ele>
        <time>2024-03-16T09:21:50.000Z</time>
      </trkpt>
      <trkpt lat="35.66953998059034" lon="127.47346996329725">
        <ele>743.7999877929688</ele>
        <time>2024-03-16T09:22:00.000Z</time>
      </trkpt>
      <trkpt lat="35.66955992951989" lon="127.47335999272764">
        <ele>743</ele>
        <time>2024-03-16T09:22:10.000Z</time>
      </trkpt>
      <trkpt lat="35.66931995563209" lon="127.47315991669893">
        <ele>750.7999877929688</ele>
        <time>2024-03-16T09:22:20.000Z</time>
      </trkpt>
      <trkpt lat="35.66924996674061" lon="127.47308992780745">
        <ele>753.5999755859375</ele>
        <time>2024-03-16T09:22:30.000Z</time>
      </trkpt>
      <trkpt lat="35.66912993788719" lon="127.47291994281113">
        <ele>760.2000122070312</ele>
        <time>2024-03-16T09:22:40.000Z</time>
      </trkpt>
      <trkpt lat="35.66905994899571" lon="127.47283997945487">
        <ele>763.7999877929688</ele>
        <time>2024-03-16T09:22:50.000Z</time>
      </trkpt>
      <trkpt lat="35.66897998563945" lon="127.47278993949294">
        <ele>766.5999755859375</ele>
        <time>2024-03-16T09:23:01.000Z</time>
      </trkpt>
      <trkpt lat="35.668789967894554" lon="127.47270997613668">
        <ele>770.2000122070312</ele>
        <time>2024-03-16T09:23:11.000Z</time>
      </trkpt>
      <trkpt lat="35.66864999011159" lon="127.4725799728185">
        <ele>774.7999877929688</ele>
        <time>2024-03-16T09:23:21.000Z</time>
      </trkpt>
      <trkpt lat="35.66843993961811" lon="127.47232994064689">
        <ele>784.2000122070312</ele>
        <time>2024-03-16T09:23:31.000Z</time>
      </trkpt>
      <trkpt lat="35.66834991797805" lon="127.47228995896876">
        <ele>785</ele>
        <time>2024-03-16T09:23:42.000Z</time>
      </trkpt>
      <trkpt lat="35.66825998015702" lon="127.47226992622018">
        <ele>784</ele>
        <time>2024-03-16T09:23:52.000Z</time>
      </trkpt>
      <trkpt lat="35.668169958516955" lon="127.47222994454205">
        <ele>783.7999877929688</ele>
        <time>2024-03-16T09:24:02.000Z</time>
      </trkpt>
      <trkpt lat="35.6680899951607" lon="127.47216993011534">
        <ele>784.5999755859375</ele>
        <time>2024-03-16T09:24:12.000Z</time>
      </trkpt>
      <trkpt lat="35.6679499335587" lon="127.47202995233238">
        <ele>787.5999755859375</ele>
        <time>2024-03-16T09:24:23.000Z</time>
      </trkpt>
      <trkpt lat="35.66787994466722" lon="127.47194998897612">
        <ele>789.5999755859375</ele>
        <time>2024-03-16T09:24:33.000Z</time>
      </trkpt>
      <trkpt lat="35.66782998852432" lon="127.47183993458748">
        <ele>792.2000122070312</ele>
        <time>2024-03-16T09:24:43.000Z</time>
      </trkpt>
      <trkpt lat="35.667799981310964" lon="127.4717199895531">
        <ele>796.2000122070312</ele>
        <time>2024-03-16T09:24:54.000Z</time>
      </trkpt>
      <trkpt lat="35.6677099596709" lon="127.47165997512639">
        <ele>798.4000244140625</ele>
        <time>2024-03-16T09:25:04.000Z</time>
      </trkpt>
      <trkpt lat="35.66772999241948" lon="127.47153994627297">
        <ele>801.4000244140625</ele>
        <time>2024-03-16T09:25:14.000Z</time>
      </trkpt>
      <trkpt lat="35.66763997077942" lon="127.4713399540633">
        <ele>806.5999755859375</ele>
        <time>2024-03-16T09:25:25.000Z</time>
      </trkpt>
      <trkpt lat="35.667609963566065" lon="127.47121992520988">
        <ele>808.4000244140625</ele>
        <time>2024-03-16T09:25:35.000Z</time>
      </trkpt>
      <trkpt lat="35.66754994913936" lon="127.47110995464027">
        <ele>810</ele>
        <time>2024-03-16T09:25:46.000Z</time>
      </trkpt>
      <trkpt lat="35.667499992996454" lon="127.47087995521724">
        <ele>817</ele>
        <time>2024-03-16T09:25:56.000Z</time>
      </trkpt>
      <trkpt lat="35.66750996746123" lon="127.47076998464763">
        <ele>819.7999877929688</ele>
        <time>2024-03-16T09:26:07.000Z</time>
      </trkpt>
      <trkpt lat="35.667459927499294" lon="127.4706699885428">
        <ele>824.4000244140625</ele>
        <time>2024-03-16T09:26:17.000Z</time>
      </trkpt>
      <trkpt lat="35.66738993860781" lon="127.4705899413675">
        <ele>828.7999877929688</ele>
        <time>2024-03-16T09:26:27.000Z</time>
      </trkpt>
      <trkpt lat="35.667369989678264" lon="127.4704799707979">
        <ele>832.2000122070312</ele>
        <time>2024-03-16T09:26:38.000Z</time>
      </trkpt>
      <trkpt lat="35.66729991696775" lon="127.47039992362261">
        <ele>835.5999755859375</ele>
        <time>2024-03-16T09:26:48.000Z</time>
      </trkpt>
      <trkpt lat="35.66723998636007" lon="127.47030998580158">
        <ele>839</ele>
        <time>2024-03-16T09:26:59.000Z</time>
      </trkpt>
      <trkpt lat="35.66709992475808" lon="127.47016992419958">
        <ele>845</ele>
        <time>2024-03-16T09:27:09.000Z</time>
      </trkpt>
      <trkpt lat="35.667049968615174" lon="127.47005995362997">
        <ele>847.5999755859375</ele>
        <time>2024-03-16T09:27:20.000Z</time>
      </trkpt>
      <trkpt lat="35.667029935866594" lon="127.46994998306036">
        <ele>849.7999877929688</ele>
        <time>2024-03-16T09:27:30.000Z</time>
      </trkpt>
      <trkpt lat="35.66694997251034" lon="127.4699099175632">
        <ele>852.4000244140625</ele>
        <time>2024-03-16T09:27:41.000Z</time>
      </trkpt>
      <trkpt lat="35.666899932548404" lon="127.46980992145836">
        <ele>855.2000122070312</ele>
        <time>2024-03-16T09:27:51.000Z</time>
      </trkpt>
      <trkpt lat="35.666749980300665" lon="127.46964999474585">
        <ele>861.7999877929688</ele>
        <time>2024-03-16T09:28:02.000Z</time>
      </trkpt>
      <trkpt lat="35.6666599586606" lon="127.46960992924869">
        <ele>864.2000122070312</ele>
        <time>2024-03-16T09:28:13.000Z</time>
      </trkpt>
      <trkpt lat="35.66643993370235" lon="127.46958998031914">
        <ele>869.2000122070312</ele>
        <time>2024-03-16T09:28:23.000Z</time>
      </trkpt>
      <trkpt lat="35.66634999588132" lon="127.46958998031914">
        <ele>871.4000244140625</ele>
        <time>2024-03-16T09:28:34.000Z</time>
      </trkpt>
      <trkpt lat="35.66625997424126" lon="127.46956994757056">
        <ele>874.2000122070312</ele>
        <time>2024-03-16T09:28:44.000Z</time>
      </trkpt>
      <trkpt lat="35.66615997813642" lon="127.46956994757056">
        <ele>877.4000244140625</ele>
        <time>2024-03-16T09:28:55.000Z</time>
      </trkpt>
      <trkpt lat="35.66606995649636" lon="127.46955997310579">
        <ele>879.4000244140625</ele>
        <time>2024-03-16T09:29:06.000Z</time>
      </trkpt>
      <trkpt lat="35.6659899931401" lon="127.46949995867908">
        <ele>881.4000244140625</ele>
        <time>2024-03-16T09:29:16.000Z</time>
      </trkpt>
      <trkpt lat="35.66591992042959" lon="127.4694299697876">
        <ele>883</ele>
        <time>2024-03-16T09:29:27.000Z</time>
      </trkpt>
      <trkpt lat="35.66581992432475" lon="127.46940993703902">
        <ele>883.7999877929688</ele>
        <time>2024-03-16T09:29:38.000Z</time>
      </trkpt>
      <trkpt lat="35.665759993717074" lon="127.4696199875325">
        <ele>887.2000122070312</ele>
        <time>2024-03-16T09:29:48.000Z</time>
      </trkpt>
      <trkpt lat="35.66570995375514" lon="127.46971998363733">
        <ele>891.5999755859375</ele>
        <time>2024-03-16T09:29:59.000Z</time>
      </trkpt>
      <trkpt lat="35.66564993932843" lon="127.46980992145836">
        <ele>894.7999877929688</ele>
        <time>2024-03-16T09:30:10.000Z</time>
      </trkpt>
      <trkpt lat="35.66559998318553" lon="127.46989994309843">
        <ele>897</ele>
        <time>2024-03-16T09:30:20.000Z</time>
      </trkpt>
      <trkpt lat="35.66545992158353" lon="127.4700499791652">
        <ele>901.4000244140625</ele>
        <time>2024-03-16T09:30:31.000Z</time>
      </trkpt>
      <trkpt lat="35.6653699837625" lon="127.4700999353081">
        <ele>903.4000244140625</ele>
        <time>2024-03-16T09:30:42.000Z</time>
      </trkpt>
      <trkpt lat="35.665099918842316" lon="127.47018995694816">
        <ele>909.7999877929688</ele>
        <time>2024-03-16T09:30:53.000Z</time>
      </trkpt>
      <trkpt lat="35.66490998491645" lon="127.47021996416152">
        <ele>912.4000244140625</ele>
        <time>2024-03-16T09:31:03.000Z</time>
      </trkpt>
      <trkpt lat="35.66475994884968" lon="127.4703499674797">
        <ele>916.2000122070312</ele>
        <time>2024-03-16T09:31:14.000Z</time>
      </trkpt>
      <trkpt lat="35.66467998549342" lon="127.47042993083596">
        <ele>917.4000244140625</ele>
        <time>2024-03-16T09:31:25.000Z</time>
      </trkpt>
      <trkpt lat="35.66461997106671" lon="127.47050997801125">
        <ele>919.2000122070312</ele>
        <time>2024-03-16T09:31:36.000Z</time>
      </trkpt>
      <trkpt lat="35.66447999328375" lon="127.4706699885428">
        <ele>921.2000122070312</ele>
        <time>2024-03-16T09:31:47.000Z</time>
      </trkpt>
      <trkpt lat="35.664299950003624" lon="127.4707199446857">
        <ele>924.2000122070312</ele>
        <time>2024-03-16T09:31:58.000Z</time>
      </trkpt>
      <trkpt lat="35.66411999054253" lon="127.47073997743428">
        <ele>926</ele>
        <time>2024-03-16T09:32:08.000Z</time>
      </trkpt>
      <trkpt lat="35.66402996890247" lon="127.47079999186099">
        <ele>930.2000122070312</ele>
        <time>2024-03-16T09:32:19.000Z</time>
      </trkpt>
      <trkpt lat="35.6638799328357" lon="127.47093996964395">
        <ele>933.7999877929688</ele>
        <time>2024-03-16T09:32:30.000Z</time>
      </trkpt>
      <trkpt lat="35.66377993673086" lon="127.47098992578685">
        <ele>935</ele>
        <time>2024-03-16T09:32:41.000Z</time>
      </trkpt>
      <trkpt lat="35.66374992951751" lon="127.47110995464027">
        <ele>939</ele>
        <time>2024-03-16T09:32:52.000Z</time>
      </trkpt>
      <trkpt lat="35.66368999890983" lon="127.4712099507451">
        <ele>940</ele>
        <time>2024-03-16T09:33:03.000Z</time>
      </trkpt>
      <trkpt lat="35.66361992619932" lon="127.4712899979204">
        <ele>941.2000122070312</ele>
        <time>2024-03-16T09:33:14.000Z</time>
      </trkpt>
      <trkpt lat="35.66353996284306" lon="127.47132997959852">
        <ele>943.2000122070312</ele>
        <time>2024-03-16T09:33:25.000Z</time>
      </trkpt>
      <trkpt lat="35.663439966738224" lon="127.47134992852807">
        <ele>946.5999755859375</ele>
        <time>2024-03-16T09:33:36.000Z</time>
      </trkpt>
      <trkpt lat="35.66336997784674" lon="127.47142997570336">
        <ele>949.7999877929688</ele>
        <time>2024-03-16T09:33:47.000Z</time>
      </trkpt>
      <trkpt lat="35.66328993067145" lon="127.47148999013007">
        <ele>952.7999877929688</ele>
        <time>2024-03-16T09:33:58.000Z</time>
      </trkpt>
      <trkpt lat="35.663139978423715" lon="127.47162996791303">
        <ele>960.7999877929688</ele>
        <time>2024-03-16T09:34:09.000Z</time>
      </trkpt>
      <trkpt lat="35.663059931248426" lon="127.47168998233974">
        <ele>962.7999877929688</ele>
        <time>2024-03-16T09:34:20.000Z</time>
      </trkpt>
      <trkpt lat="35.662989942356944" lon="127.47175997123122">
        <ele>962.5999755859375</ele>
        <time>2024-03-16T09:34:31.000Z</time>
      </trkpt>
      <trkpt lat="35.66293998621404" lon="127.47185996733606">
        <ele>962.7999877929688</ele>
        <time>2024-03-16T09:34:42.000Z</time>
      </trkpt>
      <trkpt lat="35.662819957360625" lon="127.47203992679715">
        <ele>962.7999877929688</ele>
        <time>2024-03-16T09:34:53.000Z</time>
      </trkpt>
      <trkpt lat="35.66261996515095" lon="127.47228995896876">
        <ele>956.2000122070312</ele>
        <time>2024-03-16T09:35:04.000Z</time>
      </trkpt>
      <trkpt lat="35.662539917975664" lon="127.47234997339547">
        <ele>957.2000122070312</ele>
        <time>2024-03-16T09:35:15.000Z</time>
      </trkpt>
      <trkpt lat="35.66254997625947" lon="127.47246991842985">
        <ele>958.7999877929688</ele>
        <time>2024-03-16T09:35:26.000Z</time>
      </trkpt>
      <trkpt lat="35.66252994351089" lon="127.47258994728327">
        <ele>959</ele>
        <time>2024-03-16T09:35:37.000Z</time>
      </trkpt>
      <trkpt lat="35.66242994740605" lon="127.47277996502817">
        <ele>961.4000244140625</ele>
        <time>2024-03-16T09:35:49.000Z</time>
      </trkpt>
      <trkpt lat="35.66228996962309" lon="127.47295992448926">
        <ele>967.2000122070312</ele>
        <time>2024-03-16T09:36:00.000Z</time>
      </trkpt>
      <trkpt lat="35.66217999905348" lon="127.47313996776938">
        <ele>971.5999755859375</ele>
        <time>2024-03-16T09:36:11.000Z</time>
      </trkpt>
      <trkpt lat="35.662109926342964" lon="127.47333995997906">
        <ele>978</ele>
        <time>2024-03-16T09:36:22.000Z</time>
      </trkpt>
      <trkpt lat="35.66205997020006" lon="127.4734399560839">
        <ele>980.4000244140625</ele>
        <time>2024-03-16T09:36:33.000Z</time>
      </trkpt>
      <trkpt lat="35.661979923024774" lon="127.47364992275834">
        <ele>985.5999755859375</ele>
        <time>2024-03-16T09:36:45.000Z</time>
      </trkpt>
      <trkpt lat="35.661959974095225" lon="127.47376995161176">
        <ele>987.2000122070312</ele>
        <time>2024-03-16T09:36:56.000Z</time>
      </trkpt>
      <trkpt lat="35.66194999963045" lon="127.47387992218137">
        <ele>989.2000122070312</ele>
        <time>2024-03-16T09:37:07.000Z</time>
      </trkpt>
      <trkpt lat="35.66190993413329" lon="127.47399995103478">
        <ele>988.2000122070312</ele>
        <time>2024-03-16T09:37:18.000Z</time>
      </trkpt>
      <trkpt lat="35.66178998909891" lon="127.47417999431491">
        <ele>991.2000122070312</ele>
        <time>2024-03-16T09:37:30.000Z</time>
      </trkpt>
      <trkpt lat="35.66174992360175" lon="127.47427999041975">
        <ele>993</ele>
        <time>2024-03-16T09:37:41.000Z</time>
      </trkpt>
      <trkpt lat="35.6617299746722" lon="127.47438996098936">
        <ele>995</ele>
        <time>2024-03-16T09:37:52.000Z</time>
      </trkpt>
      <trkpt lat="35.661699967458844" lon="127.47450998984277">
        <ele>996.2000122070312</ele>
        <time>2024-03-16T09:38:04.000Z</time>
      </trkpt>
      <trkpt lat="35.661659985780716" lon="127.47460998594761">
        <ele>995.4000244140625</ele>
        <time>2024-03-16T09:38:15.000Z</time>
      </trkpt>
      <trkpt lat="35.66164992749691" lon="127.474729930982">
        <ele>996.7999877929688</ele>
        <time>2024-03-16T09:38:26.000Z</time>
      </trkpt>
      <trkpt lat="35.66160994581878" lon="127.47483998537064">
        <ele>996.7999877929688</ele>
        <time>2024-03-16T09:38:37.000Z</time>
      </trkpt>
      <trkpt lat="35.66159997135401" lon="127.47494995594025">
        <ele>997.5999755859375</ele>
        <time>2024-03-16T09:38:49.000Z</time>
      </trkpt>
      <trkpt lat="35.661529982462525" lon="127.4750299192965">
        <ele>996</ele>
        <time>2024-03-16T09:39:00.000Z</time>
      </trkpt>
      <trkpt lat="35.66144993528724" lon="127.4753599986434">
        <ele>998.7999877929688</ele>
        <time>2024-03-16T09:39:12.000Z</time>
      </trkpt>
      <trkpt lat="35.66132999025285" lon="127.47555999085307">
        <ele>999.4000244140625</ele>
        <time>2024-03-16T09:39:23.000Z</time>
      </trkpt>
      <trkpt lat="35.66125991754234" lon="127.47563995420933">
        <ele>1000.4000244140625</ele>
        <time>2024-03-16T09:39:34.000Z</time>
      </trkpt>
      <trkpt lat="35.66121993586421" lon="127.47574992477894">
        <ele>1003.5999755859375</ele>
        <time>2024-03-16T09:39:46.000Z</time>
      </trkpt>
      <trkpt lat="35.66117995418608" lon="127.47598998248577">
        <ele>1008.7999877929688</ele>
        <time>2024-03-16T09:39:57.000Z</time>
      </trkpt>
      <trkpt lat="35.66116997972131" lon="127.47610992752016">
        <ele>1011</ele>
        <time>2024-03-16T09:40:09.000Z</time>
      </trkpt>
      <trkpt lat="35.66114994697273" lon="127.47622995637357">
        <ele>1013.5999755859375</ele>
        <time>2024-03-16T09:40:20.000Z</time>
      </trkpt>
      <trkpt lat="35.661119939759374" lon="127.47632995247841">
        <ele>1015.4000244140625</ele>
        <time>2024-03-16T09:40:32.000Z</time>
      </trkpt>
      <trkpt lat="35.6611099652946" lon="127.47655995190144">
        <ele>1018.5999755859375</ele>
        <time>2024-03-16T09:40:43.000Z</time>
      </trkpt>
      <trkpt lat="35.66106998361647" lon="127.47665994800627">
        <ele>1020</ele>
        <time>2024-03-16T09:40:55.000Z</time>
      </trkpt>
      <trkpt lat="35.66103997640312" lon="127.47676991857588">
        <ele>1021.2000122070312</ele>
        <time>2024-03-16T09:41:06.000Z</time>
      </trkpt>
      <trkpt lat="35.66099999472499" lon="127.47687997296453">
        <ele>1023</ele>
        <time>2024-03-16T09:41:18.000Z</time>
      </trkpt>
      <trkpt lat="35.66098993644118" lon="127.47699991799891">
        <ele>1024</ele>
        <time>2024-03-16T09:41:29.000Z</time>
      </trkpt>
      <trkpt lat="35.66095992922783" lon="127.47709999792278">
        <ele>1025</ele>
        <time>2024-03-16T09:41:41.000Z</time>
      </trkpt>
      <trkpt lat="35.66080997698009" lon="127.47723997570574">
        <ele>1030.4000244140625</ele>
        <time>2024-03-16T09:41:52.000Z</time>
      </trkpt>
      <trkpt lat="35.66071995534003" lon="127.47727995738387">
        <ele>1033.5999755859375</ele>
        <time>2024-03-16T09:42:04.000Z</time>
      </trkpt>
      <trkpt lat="35.660519963130355" lon="127.47730996459723">
        <ele>1039.199951171875</ele>
        <time>2024-03-16T09:42:16.000Z</time>
      </trkpt>
      <trkpt lat="35.66041996702552" lon="127.47730996459723">
        <ele>1042.4000244140625</ele>
        <time>2024-03-16T09:42:27.000Z</time>
      </trkpt>
      <trkpt lat="35.66013992764056" lon="127.47734994627535">
        <ele>1048.5999755859375</ele>
        <time>2024-03-16T09:42:39.000Z</time>
      </trkpt>
      <trkpt lat="35.66004998981953" lon="127.47737995348871">
        <ele>1051.5999755859375</ele>
        <time>2024-03-16T09:42:50.000Z</time>
      </trkpt>
      <trkpt lat="35.65992996096611" lon="127.47754993848503">
        <ele>1053</ele>
        <time>2024-03-16T09:43:02.000Z</time>
      </trkpt>
      <trkpt lat="35.659849997609854" lon="127.47760995291173">
        <ele>1053.4000244140625</ele>
        <time>2024-03-16T09:43:14.000Z</time>
      </trkpt>
      <trkpt lat="35.65977992489934" lon="127.47767994180322">
        <ele>1056.4000244140625</ele>
        <time>2024-03-16T09:43:25.000Z</time>
      </trkpt>
      <trkpt lat="35.65968998707831" lon="127.47772998176515">
        <ele>1060.4000244140625</ele>
        <time>2024-03-16T09:43:37.000Z</time>
      </trkpt>
      <trkpt lat="35.65960993990302" lon="127.47779997065663">
        <ele>1064.4000244140625</ele>
        <time>2024-03-16T09:43:49.000Z</time>
      </trkpt>
      <trkpt lat="35.659529976546764" lon="127.47782997786999">
        <ele>1068.199951171875</ele>
        <time>2024-03-16T09:44:01.000Z</time>
      </trkpt>
      <trkpt lat="35.659339958801866" lon="127.47783995233476">
        <ele>1074.199951171875</ele>
        <time>2024-03-16T09:44:12.000Z</time>
      </trkpt>
      <trkpt lat="35.65915999934077" lon="127.47790994122624">
        <ele>1076.199951171875</ele>
        <time>2024-03-16T09:44:24.000Z</time>
      </trkpt>
      <trkpt lat="35.65906997770071" lon="127.47790994122624">
        <ele>1076.5999755859375</ele>
        <time>2024-03-16T09:44:36.000Z</time>
      </trkpt>
      <trkpt lat="35.65895992331207" lon="127.47789996676147">
        <ele>1076.5999755859375</ele>
        <time>2024-03-16T09:44:48.000Z</time>
      </trkpt>
      <trkpt lat="35.65886998549104" lon="127.47789996676147">
        <ele>1076.4000244140625</ele>
        <time>2024-03-16T09:44:59.000Z</time>
      </trkpt>
      <trkpt lat="35.65868994221091" lon="127.47784992679954">
        <ele>1076.800048828125</ele>
        <time>2024-03-16T09:45:11.000Z</time>
      </trkpt>
      <trkpt lat="35.658669993281364" lon="127.47773995622993">
        <ele>1076.800048828125</ele>
        <time>2024-03-16T09:45:23.000Z</time>
      </trkpt>
      <trkpt lat="35.65863998606801" lon="127.47762998566031">
        <ele>1075.5999755859375</ele>
        <time>2024-03-16T09:45:35.000Z</time>
      </trkpt>
      <trkpt lat="35.6585799716413" lon="127.47753996402025">
        <ele>1073.800048828125</ele>
        <time>2024-03-16T09:45:47.000Z</time>
      </trkpt>
      <trkpt lat="35.658539989963174" lon="127.47743996791542">
        <ele>1072.4000244140625</ele>
        <time>2024-03-16T09:45:58.000Z</time>
      </trkpt>
      <trkpt lat="35.658519957214594" lon="127.47720996849239">
        <ele>1072.199951171875</ele>
        <time>2024-03-16T09:46:10.000Z</time>
      </trkpt>
      <trkpt lat="35.65848995000124" lon="127.47709999792278">
        <ele>1072</ele>
        <time>2024-03-16T09:46:22.000Z</time>
      </trkpt>
      <trkpt lat="35.65846991725266" lon="127.47698994353414">
        <ele>1071.5999755859375</ele>
        <time>2024-03-16T09:46:34.000Z</time>
      </trkpt>
      <trkpt lat="35.65840998664498" lon="127.47686999849975">
        <ele>1070.199951171875</ele>
        <time>2024-03-16T09:46:46.000Z</time>
      </trkpt>
      <trkpt lat="35.65829993225634" lon="127.4766999296844">
        <ele>1068</ele>
        <time>2024-03-16T09:46:58.000Z</time>
      </trkpt>
      <trkpt lat="35.658159954473376" lon="127.47652994468808">
        <ele>1065.800048828125</ele>
        <time>2024-03-16T09:47:10.000Z</time>
      </trkpt>
      <trkpt lat="35.658069932833314" lon="127.47647998854518">
        <ele>1064.4000244140625</ele>
        <time>2024-03-16T09:47:22.000Z</time>
      </trkpt>
      <trkpt lat="35.65798996947706" lon="127.4764099996537">
        <ele>1063</ele>
        <time>2024-03-16T09:47:34.000Z</time>
      </trkpt>
      <trkpt lat="35.65781998448074" lon="127.47630991972983">
        <ele>1058.199951171875</ele>
        <time>2024-03-16T09:47:46.000Z</time>
      </trkpt>
      <trkpt lat="35.657749995589256" lon="127.47623993083835">
        <ele>1056.199951171875</ele>
        <time>2024-03-16T09:47:58.000Z</time>
      </trkpt>
      <trkpt lat="35.65766994841397" lon="127.47611998580396">
        <ele>1052.800048828125</ele>
        <time>2024-03-16T09:48:10.000Z</time>
      </trkpt>
      <trkpt lat="35.65758998505771" lon="127.47605997137725">
        <ele>1050.800048828125</ele>
        <time>2024-03-16T09:48:22.000Z</time>
      </trkpt>
      <trkpt lat="35.65730994567275" lon="127.47594991698861">
        <ele>1053.5999755859375</ele>
        <time>2024-03-16T09:48:34.000Z</time>
      </trkpt>
      <trkpt lat="35.6570999789983" lon="127.47589996084571">
        <ele>1057.5999755859375</ele>
        <time>2024-03-16T09:48:46.000Z</time>
      </trkpt>
      <trkpt lat="35.656909961253405" lon="127.475839946419">
        <ele>1059.199951171875</ele>
        <time>2024-03-16T09:48:58.000Z</time>
      </trkpt>
      <trkpt lat="35.656739976257086" lon="127.47572997584939">
        <ele>1061.199951171875</ele>
        <time>2024-03-16T09:49:10.000Z</time>
      </trkpt>
      <trkpt lat="35.65663998015225" lon="127.47567993588746">
        <ele>1062</ele>
        <time>2024-03-16T09:49:22.000Z</time>
      </trkpt>
      <trkpt lat="35.65648994408548" lon="127.47555999085307">
        <ele>1064</ele>
        <time>2024-03-16T09:49:34.000Z</time>
      </trkpt>
      <trkpt lat="35.656419955193996" lon="127.47546996921301">
        <ele>1064.4000244140625</ele>
        <time>2024-03-16T09:49:46.000Z</time>
      </trkpt>
      <trkpt lat="35.65637997351587" lon="127.47536997310817">
        <ele>1064.800048828125</ele>
        <time>2024-03-16T09:49:58.000Z</time>
      </trkpt>
      <trkpt lat="35.65629992634058" lon="127.47539998032153">
        <ele>1065</ele>
        <time>2024-03-16T09:50:10.000Z</time>
      </trkpt>
      <trkpt lat="35.65620998851955" lon="127.47538992203772">
        <ele>1064.4000244140625</ele>
        <time>2024-03-16T09:50:23.000Z</time>
      </trkpt>
      <trkpt lat="35.656029945239425" lon="127.47531993314624">
        <ele>1062.800048828125</ele>
        <time>2024-03-16T09:50:35.000Z</time>
      </trkpt>
      <trkpt lat="35.65593992359936" lon="127.47529998421669">
        <ele>1061.5999755859375</ele>
        <time>2024-03-16T09:50:47.000Z</time>
      </trkpt>
      <trkpt lat="35.655859960243106" lon="127.47523996978998">
        <ele>1061.199951171875</ele>
        <time>2024-03-16T09:50:59.000Z</time>
      </trkpt>
      <trkpt lat="35.65573993138969" lon="127.47505992650986">
        <ele>1061.5999755859375</ele>
        <time>2024-03-16T09:51:11.000Z</time>
      </trkpt>
      <trkpt lat="35.655599953606725" lon="127.47488994151354">
        <ele>1060</ele>
        <time>2024-03-16T09:51:24.000Z</time>
      </trkpt>
      <trkpt lat="35.65553993918002" lon="127.47477997094393">
        <ele>1059.199951171875</ele>
        <time>2024-03-16T09:51:36.000Z</time>
      </trkpt>
      <trkpt lat="35.655409935861826" lon="127.47460998594761">
        <ele>1058.4000244140625</ele>
        <time>2024-03-16T09:51:48.000Z</time>
      </trkpt>
      <trkpt lat="35.65515998750925" lon="127.47439993545413">
        <ele>1054.4000244140625</ele>
        <time>2024-03-16T09:52:00.000Z</time>
      </trkpt>
      <trkpt lat="35.65506996586919" lon="127.47434997931123">
        <ele>1051.800048828125</ele>
        <time>2024-03-16T09:52:13.000Z</time>
      </trkpt>
      <trkpt lat="35.654979944229126" lon="127.47434997931123">
        <ele>1048.5999755859375</ele>
        <time>2024-03-16T09:52:25.000Z</time>
      </trkpt>
      <trkpt lat="35.65465992316604" lon="127.4745499715209">
        <ele>1038.5999755859375</ele>
        <time>2024-03-16T09:52:37.000Z</time>
      </trkpt>
      <trkpt lat="35.6545599270612" lon="127.47457997873425">
        <ele>1036</ele>
        <time>2024-03-16T09:52:50.000Z</time>
      </trkpt>
      <trkpt lat="35.65437996760011" lon="127.47464996762574">
        <ele>1031.4000244140625</ele>
        <time>2024-03-16T09:53:02.000Z</time>
      </trkpt>
      <trkpt lat="35.654099928215146" lon="127.47466991655529">
        <ele>1022.2000122070312</ele>
        <time>2024-03-16T09:53:15.000Z</time>
      </trkpt>
      <trkpt lat="35.65390999428928" lon="127.47465994209051">
        <ele>1016.2000122070312</ele>
        <time>2024-03-16T09:53:27.000Z</time>
      </trkpt>
      <trkpt lat="35.65381997264922" lon="127.47466991655529">
        <ele>1014</ele>
        <time>2024-03-16T09:53:39.000Z</time>
      </trkpt>
      <trkpt lat="35.653539933264256" lon="127.47462993487716">
        <ele>1008.5999755859375</ele>
        <time>2024-03-16T09:53:52.000Z</time>
      </trkpt>
      <trkpt lat="35.653449995443225" lon="127.47464996762574">
        <ele>1007.7999877929688</ele>
        <time>2024-03-16T09:54:04.000Z</time>
      </trkpt>
      <trkpt lat="35.65334999933839" lon="127.47462993487716">
        <ele>1006.4000244140625</ele>
        <time>2024-03-16T09:54:17.000Z</time>
      </trkpt>
      <trkpt lat="35.65324991941452" lon="127.4745999276638">
        <ele>1005</ele>
        <time>2024-03-16T09:54:29.000Z</time>
      </trkpt>
      <trkpt lat="35.653149923309684" lon="127.47461996041238">
        <ele>1004.5999755859375</ele>
        <time>2024-03-16T09:54:42.000Z</time>
      </trkpt>
      <trkpt lat="35.65305998548865" lon="127.47465994209051">
        <ele>1004.5999755859375</ele>
        <time>2024-03-16T09:54:54.000Z</time>
      </trkpt>
      <trkpt lat="35.652979938313365" lon="127.47470998205245">
        <ele>1004.5999755859375</ele>
        <time>2024-03-16T09:55:07.000Z</time>
      </trkpt>
      <trkpt lat="35.65287994220853" lon="127.47474996373057">
        <ele>1003.2000122070312</ele>
        <time>2024-03-16T09:55:20.000Z</time>
      </trkpt>
      <trkpt lat="35.65260996110737" lon="127.47466991655529">
        <ele>998</ele>
        <time>2024-03-16T09:55:32.000Z</time>
      </trkpt>
      <trkpt lat="35.65249999053776" lon="127.47464996762574">
        <ele>995.5999755859375</ele>
        <time>2024-03-16T09:55:45.000Z</time>
      </trkpt>
      <trkpt lat="35.652419943362474" lon="127.47461996041238">
        <ele>994</ele>
        <time>2024-03-16T09:55:57.000Z</time>
      </trkpt>
      <trkpt lat="35.65232992172241" lon="127.47461996041238">
        <ele>991.5999755859375</ele>
        <time>2024-03-16T09:56:10.000Z</time>
      </trkpt>
      <trkpt lat="35.6520299334079" lon="127.47468994930387">
        <ele>989.7999877929688</ele>
        <time>2024-03-16T09:56:22.000Z</time>
      </trkpt>
      <trkpt lat="35.65165995620191" lon="127.47453999705613">
        <ele>988.2000122070312</ele>
        <time>2024-03-16T09:56:35.000Z</time>
      </trkpt>
      <trkpt lat="35.651559960097075" lon="127.47455994598567">
        <ele>988</ele>
        <time>2024-03-16T09:56:48.000Z</time>
      </trkpt>
      <trkpt lat="35.65146993845701" lon="127.47452993877232">
        <ele>987</ele>
        <time>2024-03-16T09:57:01.000Z</time>
      </trkpt>
      <trkpt lat="35.65127992071211" lon="127.47449993155897">
        <ele>986.2000122070312</ele>
        <time>2024-03-16T09:57:13.000Z</time>
      </trkpt>
      <trkpt lat="35.65119995735586" lon="127.47445994988084">
        <ele>986</ele>
        <time>2024-03-16T09:57:26.000Z</time>
      </trkpt>
      <trkpt lat="35.65100993961096" lon="127.47440999373794">
        <ele>985.4000244140625</ele>
        <time>2024-03-16T09:57:39.000Z</time>
      </trkpt>
      <trkpt lat="35.6509299762547" lon="127.47436992824078">
        <ele>984.5999755859375</ele>
        <time>2024-03-16T09:57:51.000Z</time>
      </trkpt>
      <trkpt lat="35.65084992907941" lon="127.4743099976331">
        <ele>982.7999877929688</ele>
        <time>2024-03-16T09:58:04.000Z</time>
      </trkpt>
      <trkpt lat="35.65074993297458" lon="127.47425995767117">
        <ele>980</ele>
        <time>2024-03-16T09:58:17.000Z</time>
      </trkpt>
      <trkpt lat="35.650679944083095" lon="127.47419994324446">
        <ele>977.4000244140625</ele>
        <time>2024-03-16T09:58:30.000Z</time>
      </trkpt>
      <trkpt lat="35.65058992244303" lon="127.47414998710155">
        <ele>974.7999877929688</ele>
        <time>2024-03-16T09:58:43.000Z</time>
      </trkpt>
      <trkpt lat="35.650499984622" lon="127.4741199798882">
        <ele>973.7999877929688</ele>
        <time>2024-03-16T09:58:55.000Z</time>
      </trkpt>
      <trkpt lat="35.65040996298194" lon="127.47403993271291">
        <ele>972.7999877929688</ele>
        <time>2024-03-16T09:59:08.000Z</time>
      </trkpt>
      <trkpt lat="35.650249952450395" lon="127.47391998767853">
        <ele>971.5999755859375</ele>
        <time>2024-03-16T09:59:21.000Z</time>
      </trkpt>
      <trkpt lat="35.6500699929893" lon="127.47388998046517">
        <ele>971</ele>
        <time>2024-03-16T09:59:34.000Z</time>
      </trkpt>
      <trkpt lat="35.649949964135885" lon="127.47385997325182">
        <ele>972.5999755859375</ele>
        <time>2024-03-16T09:59:47.000Z</time>
      </trkpt>
      <trkpt lat="35.64985994249582" lon="127.47390992939472">
        <ele>973.2000122070312</ele>
        <time>2024-03-16T10:00:00.000Z</time>
      </trkpt>
      <trkpt lat="35.649779979139566" lon="127.47384999878705">
        <ele>975.2000122070312</ele>
        <time>2024-03-16T10:00:12.000Z</time>
      </trkpt>
      <trkpt lat="35.649689957499504" lon="127.47381999157369">
        <ele>977.2000122070312</ele>
        <time>2024-03-16T10:00:25.000Z</time>
      </trkpt>
      <trkpt lat="35.64959993585944" lon="127.47379995882511">
        <ele>978.5999755859375</ele>
        <time>2024-03-16T10:00:38.000Z</time>
      </trkpt>
      <trkpt lat="35.64950999803841" lon="127.47379995882511">
        <ele>979.5999755859375</ele>
        <time>2024-03-16T10:00:51.000Z</time>
      </trkpt>
      <trkpt lat="35.64934998750687" lon="127.47364992275834">
        <ele>984</ele>
        <time>2024-03-16T10:01:04.000Z</time>
      </trkpt>
      <trkpt lat="35.649259965866804" lon="127.47360994108021">
        <ele>985.4000244140625</ele>
        <time>2024-03-16T10:01:17.000Z</time>
      </trkpt>
      <trkpt lat="35.649179918691516" lon="127.47353995218873">
        <ele>985.5999755859375</ele>
        <time>2024-03-16T10:01:30.000Z</time>
      </trkpt>
      <trkpt lat="35.649089980870485" lon="127.47351991944015">
        <ele>985.4000244140625</ele>
        <time>2024-03-16T10:01:43.000Z</time>
      </trkpt>
      <trkpt lat="35.64890993759036" lon="127.47360994108021">
        <ele>988</ele>
        <time>2024-03-16T10:01:56.000Z</time>
      </trkpt>
      <trkpt lat="35.64862998202443" lon="127.47370993718505">
        <ele>989.4000244140625</ele>
        <time>2024-03-16T10:02:09.000Z</time>
      </trkpt>
      <trkpt lat="35.648229997605085" lon="127.47374991886318">
        <ele>987</ele>
        <time>2024-03-16T10:02:22.000Z</time>
      </trkpt>
      <trkpt lat="35.64813997596502" lon="127.47380993328989">
        <ele>986.2000122070312</ele>
        <time>2024-03-16T10:02:35.000Z</time>
      </trkpt>
      <trkpt lat="35.64804995432496" lon="127.47381999157369">
        <ele>984.7999877929688</ele>
        <time>2024-03-16T10:02:48.000Z</time>
      </trkpt>
      <trkpt lat="35.647949958220124" lon="127.47385997325182">
        <ele>986</ele>
        <time>2024-03-16T10:03:01.000Z</time>
      </trkpt>
      <trkpt lat="35.64785993658006" lon="127.47387992218137">
        <ele>986.7999877929688</ele>
        <time>2024-03-16T10:03:14.000Z</time>
      </trkpt>
      <trkpt lat="35.64768995158374" lon="127.4739799182862">
        <ele>987.4000244140625</ele>
        <time>2024-03-16T10:03:27.000Z</time>
      </trkpt>
      <trkpt lat="35.64758995547891" lon="127.47399995103478">
        <ele>987.5999755859375</ele>
        <time>2024-03-16T10:03:41.000Z</time>
      </trkpt>
      <trkpt lat="35.647499933838844" lon="127.47396994382143">
        <ele>987.4000244140625</ele>
        <time>2024-03-16T10:03:54.000Z</time>
      </trkpt>
      <trkpt lat="35.64730999991298" lon="127.47388998046517">
        <ele>986.4000244140625</ele>
        <time>2024-03-16T10:04:07.000Z</time>
      </trkpt>
      <trkpt lat="35.64711998216808" lon="127.47382996603847">
        <ele>984</ele>
        <time>2024-03-16T10:04:20.000Z</time>
      </trkpt>
      <trkpt lat="35.64703993499279" lon="127.47375997714698">
        <ele>982.7999877929688</ele>
        <time>2024-03-16T10:04:33.000Z</time>
      </trkpt>
      <trkpt lat="35.64696994610131" lon="127.4736799299717">
        <ele>981.5999755859375</ele>
        <time>2024-03-16T10:04:46.000Z</time>
      </trkpt>
      <trkpt lat="35.646879924461246" lon="127.47363994829357">
        <ele>978.5999755859375</ele>
        <time>2024-03-16T10:05:00.000Z</time>
      </trkpt>
      <trkpt lat="35.6466699577868" lon="127.47338999994099">
        <ele>974</ele>
        <time>2024-03-16T10:05:13.000Z</time>
      </trkpt>
      <trkpt lat="35.64660994336009" lon="127.47328992001712">
        <ele>973.4000244140625</ele>
        <time>2024-03-16T10:05:26.000Z</time>
      </trkpt>
      <trkpt lat="35.64655998721719" lon="127.47318992391229">
        <ele>974.2000122070312</ele>
        <time>2024-03-16T10:05:39.000Z</time>
      </trkpt>
      <trkpt lat="35.64651992172003" lon="127.47308992780745">
        <ele>974</ele>
        <time>2024-03-16T10:05:53.000Z</time>
      </trkpt>
      <trkpt lat="35.64643995836377" lon="127.47301993891597">
        <ele>973.2000122070312</ele>
        <time>2024-03-16T10:06:06.000Z</time>
      </trkpt>
      <trkpt lat="35.64636996947229" lon="127.47293997555971">
        <ele>972.5999755859375</ele>
        <time>2024-03-16T10:06:19.000Z</time>
      </trkpt>
      <trkpt lat="35.64627994783223" lon="127.472879961133">
        <ele>971.4000244140625</ele>
        <time>2024-03-16T10:06:32.000Z</time>
      </trkpt>
      <trkpt lat="35.64621993340552" lon="127.47279999777675">
        <ele>970.7999877929688</ele>
        <time>2024-03-16T10:06:46.000Z</time>
      </trkpt>
      <trkpt lat="35.646039973944426" lon="127.4726899433881">
        <ele>969</ele>
        <time>2024-03-16T10:06:59.000Z</time>
      </trkpt>
      <trkpt lat="35.64593997783959" lon="127.47267996892333">
        <ele>968</ele>
        <time>2024-03-16T10:07:12.000Z</time>
      </trkpt>
      <trkpt lat="35.64584995619953" lon="127.47264996170998">
        <ele>967.4000244140625</ele>
        <time>2024-03-16T10:07:26.000Z</time>
      </trkpt>
      <trkpt lat="35.645669996738434" lon="127.47251995839179">
        <ele>968</ele>
        <time>2024-03-16T10:07:39.000Z</time>
      </trkpt>
      <trkpt lat="35.64557997509837" lon="127.47247997671366">
        <ele>968</ele>
        <time>2024-03-16T10:07:52.000Z</time>
      </trkpt>
      <trkpt lat="35.64548995345831" lon="127.47240998782218">
        <ele>968.2000122070312</ele>
        <time>2024-03-16T10:08:06.000Z</time>
      </trkpt>
      <trkpt lat="35.64540999010205" lon="127.47231996618211">
        <ele>969.4000244140625</ele>
        <time>2024-03-16T10:08:19.000Z</time>
      </trkpt>
      <trkpt lat="35.64536992460489" lon="127.4722099956125">
        <ele>971</ele>
        <time>2024-03-16T10:08:33.000Z</time>
      </trkpt>
      <trkpt lat="35.64533991739154" lon="127.47208996675909">
        <ele>972.7999877929688</ele>
        <time>2024-03-16T10:08:46.000Z</time>
      </trkpt>
      <trkpt lat="35.64529993571341" lon="127.47198997065425">
        <ele>973.5999755859375</ele>
        <time>2024-03-16T10:09:00.000Z</time>
      </trkpt>
      <trkpt lat="35.6452399212867" lon="127.4718799162656">
        <ele>972.5999755859375</ele>
        <time>2024-03-16T10:09:13.000Z</time>
      </trkpt>
      <trkpt lat="35.64520999789238" lon="127.471769945696">
        <ele>972.4000244140625</ele>
        <time>2024-03-16T10:09:26.000Z</time>
      </trkpt>
      <trkpt lat="35.64520999789238" lon="127.47165997512639">
        <ele>973</ele>
        <time>2024-03-16T10:09:40.000Z</time>
      </trkpt>
      <trkpt lat="35.64524997957051" lon="127.47140994295478">
        <ele>972.4000244140625</ele>
        <time>2024-03-16T10:09:53.000Z</time>
      </trkpt>
      <trkpt lat="35.64527998678386" lon="127.47129997238517">
        <ele>973.2000122070312</ele>
        <time>2024-03-16T10:10:07.000Z</time>
      </trkpt>
      <trkpt lat="35.64527998678386" lon="127.47118991799653">
        <ele>973.5999755859375</ele>
        <time>2024-03-16T10:10:20.000Z</time>
      </trkpt>
      <trkpt lat="35.64524997957051" lon="127.47104994021356">
        <ele>974.5999755859375</ele>
        <time>2024-03-16T10:10:34.000Z</time>
      </trkpt>
      <trkpt lat="35.645199939608574" lon="127.4709099624306">
        <ele>975.7999877929688</ele>
        <time>2024-03-16T10:10:47.000Z</time>
      </trkpt>
      <trkpt lat="35.64514998346567" lon="127.47081994079053">
        <ele>976.7999877929688</ele>
        <time>2024-03-16T10:11:01.000Z</time>
      </trkpt>
      <trkpt lat="35.645049987360835" lon="127.47048994526267">
        <ele>983.7999877929688</ele>
        <time>2024-03-16T10:11:14.000Z</time>
      </trkpt>
      <trkpt lat="35.645009921863675" lon="127.47038994915783">
        <ele>985.5999755859375</ele>
        <time>2024-03-16T10:11:28.000Z</time>
      </trkpt>
      <trkpt lat="35.64495996572077" lon="127.470289953053">
        <ele>987</ele>
        <time>2024-03-16T10:11:42.000Z</time>
      </trkpt>
      <trkpt lat="35.64488997682929" lon="127.47020998969674">
        <ele>987.4000244140625</ele>
        <time>2024-03-16T10:11:55.000Z</time>
      </trkpt>
      <trkpt lat="35.644809929654" lon="127.4701599497348">
        <ele>987.2000122070312</ele>
        <time>2024-03-16T10:12:09.000Z</time>
      </trkpt>
      <trkpt lat="35.644619995728135" lon="127.47008996084332">
        <ele>985.7999877929688</ele>
        <time>2024-03-16T10:12:22.000Z</time>
      </trkpt>
      <trkpt lat="35.6445199996233" lon="127.4700999353081">
        <ele>984.4000244140625</ele>
        <time>2024-03-16T10:12:36.000Z</time>
      </trkpt>
      <trkpt lat="35.64441991969943" lon="127.47007998637855">
        <ele>983.2000122070312</ele>
        <time>2024-03-16T10:12:50.000Z</time>
      </trkpt>
      <trkpt lat="35.6443299818784" lon="127.47008996084332">
        <ele>981.7999877929688</ele>
        <time>2024-03-16T10:13:03.000Z</time>
      </trkpt>
      <trkpt lat="35.64422998577356" lon="127.47011996805668">
        <ele>981.7999877929688</ele>
        <time>2024-03-16T10:13:17.000Z</time>
      </trkpt>
      <trkpt lat="35.6441399641335" lon="127.4701099935919">
        <ele>980.4000244140625</ele>
        <time>2024-03-16T10:13:31.000Z</time>
      </trkpt>
      <trkpt lat="35.64404994249344" lon="127.47012994252145">
        <ele>978.7999877929688</ele>
        <time>2024-03-16T10:13:44.000Z</time>
      </trkpt>
      <trkpt lat="35.643869983032346" lon="127.47022993862629">
        <ele>978.5999755859375</ele>
        <time>2024-03-16T10:13:58.000Z</time>
      </trkpt>
      <trkpt lat="35.64376998692751" lon="127.4702399969101">
        <ele>976.7999877929688</ele>
        <time>2024-03-16T10:14:12.000Z</time>
      </trkpt>
      <trkpt lat="35.64357996918261" lon="127.47020998969674">
        <ele>973</ele>
        <time>2024-03-16T10:14:26.000Z</time>
      </trkpt>
      <trkpt lat="35.64349992200732" lon="127.4701599497348">
        <ele>970.5999755859375</ele>
        <time>2024-03-16T10:14:39.000Z</time>
      </trkpt>
      <trkpt lat="35.64342993311584" lon="127.47006992809474">
        <ele>968.5999755859375</ele>
        <time>2024-03-16T10:14:53.000Z</time>
      </trkpt>
      <trkpt lat="35.64335994422436" lon="127.46999993920326">
        <ele>966.4000244140625</ele>
        <time>2024-03-16T10:15:07.000Z</time>
      </trkpt>
      <trkpt lat="35.64329992979765" lon="127.4699099175632">
        <ele>963</ele>
        <time>2024-03-16T10:15:21.000Z</time>
      </trkpt>
      <trkpt lat="35.64322994090617" lon="127.46983992867172">
        <ele>959.5999755859375</ele>
        <time>2024-03-16T10:15:34.000Z</time>
      </trkpt>
      <trkpt lat="35.64316992647946" lon="127.46974999085069">
        <ele>955.7999877929688</ele>
        <time>2024-03-16T10:15:48.000Z</time>
      </trkpt>
      <trkpt lat="35.64301997423172" lon="127.46960992924869">
        <ele>948.7999877929688</ele>
        <time>2024-03-16T10:16:02.000Z</time>
      </trkpt>
      <trkpt lat="35.64294998534024" lon="127.46951999142766">
        <ele>945.4000244140625</ele>
        <time>2024-03-16T10:16:16.000Z</time>
      </trkpt>
      <trkpt lat="35.64275996759534" lon="127.46944991871715">
        <ele>941.5999755859375</ele>
        <time>2024-03-16T10:16:30.000Z</time>
      </trkpt>
      <trkpt lat="35.64267992042005" lon="127.46938998810947">
        <ele>941.2000122070312</ele>
        <time>2024-03-16T10:16:43.000Z</time>
      </trkpt>
      <trkpt lat="35.642599957063794" lon="127.46934992261231">
        <ele>940.7999877929688</ele>
        <time>2024-03-16T10:16:57.000Z</time>
      </trkpt>
      <trkpt lat="35.642559975385666" lon="127.46924992650747">
        <ele>940.7999877929688</ele>
        <time>2024-03-16T10:17:11.000Z</time>
      </trkpt>
      <trkpt lat="35.64250993542373" lon="127.46914993040264">
        <ele>940.4000244140625</ele>
        <time>2024-03-16T10:17:25.000Z</time>
      </trkpt>
      <trkpt lat="35.64236995764077" lon="127.46898991987109">
        <ele>938.5999755859375</ele>
        <time>2024-03-16T10:17:39.000Z</time>
      </trkpt>
      <trkpt lat="35.642279936000705" lon="127.46893996372819">
        <ele>937.2000122070312</ele>
        <time>2024-03-16T10:17:53.000Z</time>
      </trkpt>
      <trkpt lat="35.64220994710922" lon="127.46888992376626">
        <ele>935.4000244140625</ele>
        <time>2024-03-16T10:18:07.000Z</time>
      </trkpt>
      <trkpt lat="35.64211992546916" lon="127.46884994208813">
        <ele>932.4000244140625</ele>
        <time>2024-03-16T10:18:21.000Z</time>
      </trkpt>
      <trkpt lat="35.642019929364324" lon="127.46882999315858">
        <ele>929.4000244140625</ele>
        <time>2024-03-16T10:18:35.000Z</time>
      </trkpt>
      <trkpt lat="35.64192999154329" lon="127.46882999315858">
        <ele>926.7999877929688</ele>
        <time>2024-03-16T10:18:49.000Z</time>
      </trkpt>
      <trkpt lat="35.64183996990323" lon="127.46883996762335">
        <ele>923.5999755859375</ele>
        <time>2024-03-16T10:19:03.000Z</time>
      </trkpt>
      <trkpt lat="35.64164995215833" lon="127.46877995319664">
        <ele>917.2000122070312</ele>
        <time>2024-03-16T10:19:16.000Z</time>
      </trkpt>
      <trkpt lat="35.64146999269724" lon="127.46868993155658">
        <ele>912.2000122070312</ele>
        <time>2024-03-16T10:19:30.000Z</time>
      </trkpt>
      <trkpt lat="35.64138994552195" lon="127.4686199426651">
        <ele>909.7999877929688</ele>
        <time>2024-03-16T10:19:44.000Z</time>
      </trkpt>
      <trkpt lat="35.64132993109524" lon="127.46854995377362">
        <ele>907.2000122070312</ele>
        <time>2024-03-16T10:19:58.000Z</time>
      </trkpt>
      <trkpt lat="35.641269916668534" lon="127.46845993213356">
        <ele>904.4000244140625</ele>
        <time>2024-03-16T10:20:13.000Z</time>
      </trkpt>
      <trkpt lat="35.64121996052563" lon="127.46835993602872">
        <ele>901.5999755859375</ele>
        <time>2024-03-16T10:20:27.000Z</time>
      </trkpt>
      <trkpt lat="35.64114997163415" lon="127.46826999820769">
        <ele>898</ele>
        <time>2024-03-16T10:20:41.000Z</time>
      </trkpt>
      <trkpt lat="35.640989961102605" lon="127.4681399948895">
        <ele>892.7999877929688</ele>
        <time>2024-03-16T10:20:55.000Z</time>
      </trkpt>
      <trkpt lat="35.64093992114067" lon="127.46804997324944">
        <ele>890.2000122070312</ele>
        <time>2024-03-16T10:21:09.000Z</time>
      </trkpt>
      <trkpt lat="35.64071998000145" lon="127.46784998103976">
        <ele>882</ele>
        <time>2024-03-16T10:21:23.000Z</time>
      </trkpt>
      <trkpt lat="35.64061998389661" lon="127.46786992996931">
        <ele>880</ele>
        <time>2024-03-16T10:21:37.000Z</time>
      </trkpt>
      <trkpt lat="35.640429966151714" lon="127.46782994829118">
        <ele>878.2000122070312</ele>
        <time>2024-03-16T10:21:51.000Z</time>
      </trkpt>
      <trkpt lat="35.640239948406816" lon="127.46770991943777">
        <ele>875.7999877929688</ele>
        <time>2024-03-16T10:22:05.000Z</time>
      </trkpt>
      <trkpt lat="35.64014992676675" lon="127.46767999604344">
        <ele>874.5999755859375</ele>
        <time>2024-03-16T10:22:19.000Z</time>
      </trkpt>
      <trkpt lat="35.639979941770434" lon="127.46755996719003">
        <ele>872.2000122070312</ele>
        <time>2024-03-16T10:22:34.000Z</time>
      </trkpt>
      <trkpt lat="35.63989997841418" lon="127.4675199855119">
        <ele>871</ele>
        <time>2024-03-16T10:22:48.000Z</time>
      </trkpt>
      <trkpt lat="35.63973996788263" lon="127.4673799239099">
        <ele>867.4000244140625</ele>
        <time>2024-03-16T10:23:02.000Z</time>
      </trkpt>
      <trkpt lat="35.63964994624257" lon="127.467329967767">
        <ele>865.5999755859375</ele>
        <time>2024-03-16T10:23:16.000Z</time>
      </trkpt>
      <trkpt lat="35.639549950137734" lon="127.46731999330223">
        <ele>863.5999755859375</ele>
        <time>2024-03-16T10:23:30.000Z</time>
      </trkpt>
      <trkpt lat="35.63945992849767" lon="127.46728998608887">
        <ele>862</ele>
        <time>2024-03-16T10:23:45.000Z</time>
      </trkpt>
      <trkpt lat="35.63936999067664" lon="127.46723994612694">
        <ele>862.4000244140625</ele>
        <time>2024-03-16T10:23:59.000Z</time>
      </trkpt>
      <trkpt lat="35.63931995071471" lon="127.46714992448688">
        <ele>863.4000244140625</ele>
        <time>2024-03-16T10:24:13.000Z</time>
      </trkpt>
      <trkpt lat="35.63916999846697" lon="127.46701992116868">
        <ele>866.5999755859375</ele>
        <time>2024-03-16T10:24:27.000Z</time>
      </trkpt>
      <trkpt lat="35.63910998404026" lon="127.46692998334765">
        <ele>869.4000244140625</ele>
        <time>2024-03-16T10:24:42.000Z</time>
      </trkpt>
      <trkpt lat="35.63908995129168" lon="127.46681992895901">
        <ele>871.2000122070312</ele>
        <time>2024-03-16T10:24:56.000Z</time>
      </trkpt>
      <trkpt lat="35.63899992965162" lon="127.46680995449424">
        <ele>873.5999755859375</ele>
        <time>2024-03-16T10:25:10.000Z</time>
      </trkpt>
      <trkpt lat="35.638929940760136" lon="127.4668899178505">
        <ele>874.4000244140625</ele>
        <time>2024-03-16T10:25:25.000Z</time>
      </trkpt>
      <trkpt lat="35.63875995576382" lon="127.46695999056101">
        <ele>877.5999755859375</ele>
        <time>2024-03-16T10:25:39.000Z</time>
      </trkpt>
      <trkpt lat="35.63867999240756" lon="127.46701992116868">
        <ele>878.2000122070312</ele>
        <time>2024-03-16T10:25:53.000Z</time>
      </trkpt>
      <trkpt lat="35.6385899707675" lon="127.46700994670391">
        <ele>880.4000244140625</ele>
        <time>2024-03-16T10:26:08.000Z</time>
      </trkpt>
      <trkpt lat="35.63848997466266" lon="127.46696996502578">
        <ele>883.2000122070312</ele>
        <time>2024-03-16T10:26:22.000Z</time>
      </trkpt>
      <trkpt lat="35.63814992085099" lon="127.46675999835134">
        <ele>887.7999877929688</ele>
        <time>2024-03-16T10:26:37.000Z</time>
      </trkpt>
      <trkpt lat="35.63800994306803" lon="127.46659998781979">
        <ele>890.2000122070312</ele>
        <time>2024-03-16T10:26:51.000Z</time>
      </trkpt>
      <trkpt lat="35.63790994696319" lon="127.4665199406445">
        <ele>891.7999877929688</ele>
        <time>2024-03-16T10:27:05.000Z</time>
      </trkpt>
      <trkpt lat="35.63781992532313" lon="127.46649999171495">
        <ele>892.5999755859375</ele>
        <time>2024-03-16T10:27:20.000Z</time>
      </trkpt>
      <trkpt lat="35.6377299875021" lon="127.46649999171495">
        <ele>893</ele>
        <time>2024-03-16T10:27:34.000Z</time>
      </trkpt>
      <trkpt lat="35.63764994032681" lon="127.46656998060644">
        <ele>893.2000122070312</ele>
        <time>2024-03-16T10:27:49.000Z</time>
      </trkpt>
      <trkpt lat="35.63760995864868" lon="127.46665991842747">
        <ele>893.2000122070312</ele>
        <time>2024-03-16T10:28:03.000Z</time>
      </trkpt>
      <trkpt lat="35.63760995864868" lon="127.46663996949792">
        <ele>893.2000122070312</ele>
        <time>2024-03-16T10:28:18.000Z</time>
      </trkpt>
      <trkpt lat="35.637529995292425" lon="127.4667099583894">
        <ele>893.5999755859375</ele>
        <time>2024-03-16T10:28:32.000Z</time>
      </trkpt>
      <trkpt lat="35.63746998086572" lon="127.46680995449424">
        <ele>893.4000244140625</ele>
        <time>2024-03-16T10:28:47.000Z</time>
      </trkpt>
      <trkpt lat="35.63741994090378" lon="127.46684993617237">
        <ele>893.7999877929688</ele>
        <time>2024-03-16T10:29:01.000Z</time>
      </trkpt>
      <trkpt lat="35.637269988656044" lon="127.46702997945249">
        <ele>896</ele>
        <time>2024-03-16T10:29:16.000Z</time>
      </trkpt>
      <trkpt lat="35.63704996369779" lon="127.46714992448688">
        <ele>897.2000122070312</ele>
        <time>2024-03-16T10:29:30.000Z</time>
      </trkpt>
      <trkpt lat="35.63697997480631" lon="127.46722997166216">
        <ele>897.5999755859375</ele>
        <time>2024-03-16T10:29:45.000Z</time>
      </trkpt>
      <trkpt lat="35.636889953166246" lon="127.46724992059171">
        <ele>897.2000122070312</ele>
        <time>2024-03-16T10:29:59.000Z</time>
      </trkpt>
      <trkpt lat="35.63685994595289" lon="127.46726995334029">
        <ele>896.7999877929688</ele>
        <time>2024-03-16T10:30:14.000Z</time>
      </trkpt>
      <trkpt lat="35.636839997023344" lon="127.46730993501842">
        <ele>896</ele>
        <time>2024-03-16T10:30:29.000Z</time>
      </trkpt>
      <trkpt lat="35.636799931526184" lon="127.46735997498035">
        <ele>895</ele>
        <time>2024-03-16T10:30:43.000Z</time>
      </trkpt>
      <trkpt lat="35.636779982596636" lon="127.46741998940706">
        <ele>894</ele>
        <time>2024-03-16T10:30:58.000Z</time>
      </trkpt>
      <trkpt lat="35.63666992820799" lon="127.46753993444145">
        <ele>891.7999877929688</ele>
        <time>2024-03-16T10:31:12.000Z</time>
      </trkpt>
      <trkpt lat="35.63661997206509" lon="127.46753993444145">
        <ele>891.5999755859375</ele>
        <time>2024-03-16T10:31:27.000Z</time>
      </trkpt>
      <trkpt lat="35.6364899687469" lon="127.46759994886816">
        <ele>890.4000244140625</ele>
        <time>2024-03-16T10:31:42.000Z</time>
      </trkpt>
      <trkpt lat="35.63642995432019" lon="127.46761998161674">
        <ele>890.5999755859375</ele>
        <time>2024-03-16T10:31:56.000Z</time>
      </trkpt>
      <trkpt lat="35.636219987645745" lon="127.46763993054628">
        <ele>890.2000122070312</ele>
        <time>2024-03-16T10:32:11.000Z</time>
      </trkpt>
      <trkpt lat="35.63616994768381" lon="127.46765996329486">
        <ele>890.4000244140625</ele>
        <time>2024-03-16T10:32:26.000Z</time>
      </trkpt>
      <trkpt lat="35.63611999154091" lon="127.46770991943777">
        <ele>890.2000122070312</ele>
        <time>2024-03-16T10:32:40.000Z</time>
      </trkpt>
      <trkpt lat="35.635939948260784" lon="127.46785995550454">
        <ele>889.2000122070312</ele>
        <time>2024-03-16T10:32:55.000Z</time>
      </trkpt>
      <trkpt lat="35.635829977691174" lon="127.46785995550454">
        <ele>890.2000122070312</ele>
        <time>2024-03-16T10:33:10.000Z</time>
      </trkpt>
      <trkpt lat="35.6356299854815" lon="127.4679399188608">
        <ele>891.7999877929688</ele>
        <time>2024-03-16T10:33:24.000Z</time>
      </trkpt>
      <trkpt lat="35.63541993498802" lon="127.46806992217898">
        <ele>894</ele>
        <time>2024-03-16T10:33:39.000Z</time>
      </trkpt>
      <trkpt lat="35.635359920561314" lon="127.46811996214092">
        <ele>894.4000244140625</ele>
        <time>2024-03-16T10:33:54.000Z</time>
      </trkpt>
      <trkpt lat="35.63530996441841" lon="127.46819992549717">
        <ele>895.5999755859375</ele>
        <time>2024-03-16T10:34:09.000Z</time>
      </trkpt>
      <trkpt lat="35.63515992835164" lon="127.46833998709917">
        <ele>898</ele>
        <time>2024-03-16T10:34:23.000Z</time>
      </trkpt>
      <trkpt lat="35.63513997942209" lon="127.46832992881536">
        <ele>898.4000244140625</ele>
        <time>2024-03-16T10:34:38.000Z</time>
      </trkpt>
      <trkpt lat="35.63497996889055" lon="127.46839991770685">
        <ele>898.5999755859375</ele>
        <time>2024-03-16T10:34:53.000Z</time>
      </trkpt>
      <trkpt lat="35.63489992171526" lon="127.46846999041736">
        <ele>897</ele>
        <time>2024-03-16T10:35:08.000Z</time>
      </trkpt>
      <trkpt lat="35.634819958359" lon="127.46851994656026">
        <ele>894.4000244140625</ele>
        <time>2024-03-16T10:35:23.000Z</time>
      </trkpt>
      <trkpt lat="35.63478995114565" lon="127.46852992102504">
        <ele>893.5999755859375</ele>
        <time>2024-03-16T10:35:37.000Z</time>
      </trkpt>
      <trkpt lat="35.634589958935976" lon="127.46845993213356">
        <ele>892.7999877929688</ele>
        <time>2024-03-16T10:35:52.000Z</time>
      </trkpt>
      <trkpt lat="35.634569926187396" lon="127.46846999041736">
        <ele>892.5999755859375</ele>
        <time>2024-03-16T10:36:07.000Z</time>
      </trkpt>
      <trkpt lat="35.63448996283114" lon="127.46845993213356">
        <ele>892.2000122070312</ele>
        <time>2024-03-16T10:36:22.000Z</time>
      </trkpt>
      <trkpt lat="35.63426993787289" lon="127.46850997209549">
        <ele>895.4000244140625</ele>
        <time>2024-03-16T10:36:37.000Z</time>
      </trkpt>
      <trkpt lat="35.634139934554696" lon="127.46850997209549">
        <ele>897</ele>
        <time>2024-03-16T10:36:52.000Z</time>
      </trkpt>
      <trkpt lat="35.63398998230696" lon="127.46864994987845">
        <ele>900.4000244140625</ele>
        <time>2024-03-16T10:37:07.000Z</time>
      </trkpt>
      <trkpt lat="35.63392996788025" lon="127.46865992434323">
        <ele>902.2000122070312</ele>
        <time>2024-03-16T10:37:22.000Z</time>
      </trkpt>
      <trkpt lat="35.63384992070496" lon="127.46870996430516">
        <ele>904.5999755859375</ele>
        <time>2024-03-16T10:37:36.000Z</time>
      </trkpt>
      <trkpt lat="35.63375998288393" lon="127.46869998984039">
        <ele>906.7999877929688</ele>
        <time>2024-03-16T10:37:51.000Z</time>
      </trkpt>
      <trkpt lat="35.63373995013535" lon="127.46871993876994">
        <ele>907.5999755859375</ele>
        <time>2024-03-16T10:38:06.000Z</time>
      </trkpt>
      <trkpt lat="35.633659986779094" lon="127.46874994598329">
        <ele>910.2000122070312</ele>
        <time>2024-03-16T10:38:21.000Z</time>
      </trkpt>
      <trkpt lat="35.633639954030514" lon="127.46873997151852">
        <ele>910.5999755859375</ele>
        <time>2024-03-16T10:38:36.000Z</time>
      </trkpt>
      <trkpt lat="35.633619921281934" lon="127.46874994598329">
        <ele>911</ele>
        <time>2024-03-16T10:38:51.000Z</time>
      </trkpt>
      <trkpt lat="35.633599972352386" lon="127.46877995319664">
        <ele>911.5999755859375</ele>
        <time>2024-03-16T10:39:06.000Z</time>
      </trkpt>
      <trkpt lat="35.633599972352386" lon="127.46879998594522">
        <ele>911.7999877929688</ele>
        <time>2024-03-16T10:39:21.000Z</time>
      </trkpt>
      <trkpt lat="35.63356996513903" lon="127.46880996041">
        <ele>912.4000244140625</ele>
        <time>2024-03-16T10:39:36.000Z</time>
      </trkpt>
      <trkpt lat="35.63350995071232" lon="127.46881993487477">
        <ele>914.2000122070312</ele>
        <time>2024-03-16T10:39:51.000Z</time>
      </trkpt>
      <trkpt lat="35.633319932967424" lon="127.46878992766142">
        <ele>917.7999877929688</ele>
        <time>2024-03-16T10:40:06.000Z</time>
      </trkpt>
      <trkpt lat="35.633259918540716" lon="127.46880996041">
        <ele>918.7999877929688</ele>
        <time>2024-03-16T10:40:21.000Z</time>
      </trkpt>
      <trkpt lat="35.63321993686259" lon="127.46879998594522">
        <ele>919</ele>
        <time>2024-03-16T10:40:36.000Z</time>
      </trkpt>
      <trkpt lat="35.6330899335444" lon="127.46882999315858">
        <ele>920.2000122070312</ele>
        <time>2024-03-16T10:40:51.000Z</time>
      </trkpt>
      <trkpt lat="35.63306998461485" lon="127.46884994208813">
        <ele>920.5999755859375</ele>
        <time>2024-03-16T10:41:06.000Z</time>
      </trkpt>
      <trkpt lat="35.63299999572337" lon="127.46886997483671">
        <ele>920.5999755859375</ele>
        <time>2024-03-16T10:41:21.000Z</time>
      </trkpt>
      <trkpt lat="35.63295993022621" lon="127.46884994208813">
        <ele>920.4000244140625</ele>
        <time>2024-03-16T10:41:36.000Z</time>
      </trkpt>
      <trkpt lat="35.632849959656596" lon="127.46887994930148">
        <ele>920.2000122070312</ele>
        <time>2024-03-16T10:41:51.000Z</time>
      </trkpt>
      <trkpt lat="35.632699923589826" lon="127.46880996041">
        <ele>920.2000122070312</ele>
        <time>2024-03-16T10:42:06.000Z</time>
      </trkpt>
      <trkpt lat="35.63261996023357" lon="127.46873997151852">
        <ele>920.2000122070312</ele>
        <time>2024-03-16T10:42:21.000Z</time>
      </trkpt>
      <trkpt lat="35.63251996412873" lon="127.46870996430516">
        <ele>920.4000244140625</ele>
        <time>2024-03-16T10:42:36.000Z</time>
      </trkpt>
      <trkpt lat="35.63238996081054" lon="127.46870996430516">
        <ele>920.4000244140625</ele>
        <time>2024-03-16T10:42:51.000Z</time>
      </trkpt>
      <trkpt lat="35.63235995359719" lon="127.46872999705374">
        <ele>920.4000244140625</ele>
        <time>2024-03-16T10:43:06.000Z</time>
      </trkpt>
      <trkpt lat="35.63227999024093" lon="127.46868993155658">
        <ele>920</ele>
        <time>2024-03-16T10:43:22.000Z</time>
      </trkpt>
      <trkpt lat="35.63214998692274" lon="127.46867995709181">
        <ele>920.7999877929688</ele>
        <time>2024-03-16T10:43:37.000Z</time>
      </trkpt>
      <trkpt lat="35.63207999803126" lon="127.46868993155658">
        <ele>921.2000122070312</ele>
        <time>2024-03-16T10:43:52.000Z</time>
      </trkpt>
      <trkpt lat="35.63201998360455" lon="127.46868993155658">
        <ele>921.2000122070312</ele>
        <time>2024-03-16T10:44:07.000Z</time>
      </trkpt>
      <trkpt lat="35.632009925320745" lon="127.46867995709181">
        <ele>921.2000122070312</ele>
        <time>2024-03-16T10:44:22.000Z</time>
      </trkpt>
      <trkpt lat="35.631899954751134" lon="127.46869998984039">
        <ele>922.2000122070312</ele>
        <time>2024-03-16T10:44:37.000Z</time>
      </trkpt>
      <trkpt lat="35.63181999139488" lon="127.46867995709181">
        <ele>923.4000244140625</ele>
        <time>2024-03-16T10:44:52.000Z</time>
      </trkpt>
      <trkpt lat="35.63167992979288" lon="127.46870996430516">
        <ele>926.5999755859375</ele>
        <time>2024-03-16T10:45:07.000Z</time>
      </trkpt>
      <trkpt lat="35.6316099409014" lon="127.46875992044806">
        <ele>928</ele>
        <time>2024-03-16T10:45:23.000Z</time>
      </trkpt>
      <trkpt lat="35.63154992647469" lon="127.46875992044806">
        <ele>929</ele>
        <time>2024-03-16T10:45:38.000Z</time>
      </trkpt>
      <trkpt lat="35.631489995867014" lon="127.46877995319664">
        <ele>929.4000244140625</ele>
        <time>2024-03-16T10:45:53.000Z</time>
      </trkpt>
      <trkpt lat="35.63138999976218" lon="127.46877995319664">
        <ele>931</ele>
        <time>2024-03-16T10:46:08.000Z</time>
      </trkpt>
      <trkpt lat="35.63134993426502" lon="127.46878992766142">
        <ele>931.7999877929688</ele>
        <time>2024-03-16T10:46:23.000Z</time>
      </trkpt>
      <trkpt lat="35.631089927628636" lon="127.46871993876994">
        <ele>940.4000244140625</ele>
        <time>2024-03-16T10:46:39.000Z</time>
      </trkpt>
      <trkpt lat="35.63096998259425" lon="127.46874994598329">
        <ele>945</ele>
        <time>2024-03-16T10:46:54.000Z</time>
      </trkpt>
      <trkpt lat="35.63092991709709" lon="127.46874994598329">
        <ele>946.5999755859375</ele>
        <time>2024-03-16T10:47:09.000Z</time>
      </trkpt>
      <trkpt lat="35.63090996816754" lon="127.46873997151852">
        <ele>947.4000244140625</ele>
        <time>2024-03-16T10:47:24.000Z</time>
      </trkpt>
      <trkpt lat="35.630829920992255" lon="127.46874994598329">
        <ele>949.4000244140625</ele>
        <time>2024-03-16T10:47:40.000Z</time>
      </trkpt>
      <trkpt lat="35.63077996484935" lon="127.46876997873187">
        <ele>949.7999877929688</ele>
        <time>2024-03-16T10:47:55.000Z</time>
      </trkpt>
      <trkpt lat="35.63066999427974" lon="127.46876997873187">
        <ele>953.2000122070312</ele>
        <time>2024-03-16T10:48:10.000Z</time>
      </trkpt>
      <trkpt lat="35.630549965426326" lon="127.46882999315858">
        <ele>957</ele>
        <time>2024-03-16T10:48:25.000Z</time>
      </trkpt>
      <trkpt lat="35.63045994378626" lon="127.46889998205006">
        <ele>960.4000244140625</ele>
        <time>2024-03-16T10:48:41.000Z</time>
      </trkpt>
      <trkpt lat="35.63035994768143" lon="127.46890995651484">
        <ele>962</ele>
        <time>2024-03-16T10:48:56.000Z</time>
      </trkpt>
      <trkpt lat="35.63029993325472" lon="127.46892998926342">
        <ele>962.7999877929688</ele>
        <time>2024-03-16T10:49:11.000Z</time>
      </trkpt>
      <trkpt lat="35.63025995157659" lon="127.46895999647677">
        <ele>962</ele>
        <time>2024-03-16T10:49:27.000Z</time>
      </trkpt>
      <trkpt lat="35.63023991882801" lon="127.46895999647677">
        <ele>961.5999755859375</ele>
        <time>2024-03-16T10:49:42.000Z</time>
      </trkpt>
      <trkpt lat="35.630139922723174" lon="127.4690499342978">
        <ele>961.2000122070312</ele>
        <time>2024-03-16T10:49:57.000Z</time>
      </trkpt>
      <trkpt lat="35.63002995215356" lon="127.4691899958998">
        <ele>964.4000244140625</ele>
        <time>2024-03-16T10:50:13.000Z</time>
      </trkpt>
      <trkpt lat="35.629969937726855" lon="127.4692399520427">
        <ele>964</ele>
        <time>2024-03-16T10:50:28.000Z</time>
      </trkpt>
      <trkpt lat="35.6298899743706" lon="127.46936995536089">
        <ele>966.7999877929688</ele>
        <time>2024-03-16T10:50:43.000Z</time>
      </trkpt>
      <trkpt lat="35.62975997105241" lon="127.4694899842143">
        <ele>972</ele>
        <time>2024-03-16T10:50:59.000Z</time>
      </trkpt>
      <trkpt lat="35.62967992387712" lon="127.4696699436754">
        <ele>976</ele>
        <time>2024-03-16T10:51:14.000Z</time>
      </trkpt>
      <trkpt lat="35.629669949412346" lon="127.46965996921062">
        <ele>975.7999877929688</ele>
        <time>2024-03-16T10:51:30.000Z</time>
      </trkpt>
      <trkpt lat="35.62962996773422" lon="127.46964999474585">
        <ele>976.4000244140625</ele>
        <time>2024-03-16T10:51:45.000Z</time>
      </trkpt>
      <trkpt lat="35.62961999326944" lon="127.4696699436754">
        <ele>977.7999877929688</ele>
        <time>2024-03-16T10:52:00.000Z</time>
      </trkpt>
      <trkpt lat="35.62956995330751" lon="127.46968997642398">
        <ele>980.2000122070312</ele>
        <time>2024-03-16T10:52:16.000Z</time>
      </trkpt>
      <trkpt lat="35.62951999716461" lon="127.46973993256688">
        <ele>982.5999755859375</ele>
        <time>2024-03-16T10:52:31.000Z</time>
      </trkpt>
      <trkpt lat="35.62949996441603" lon="127.46973993256688">
        <ele>983.2000122070312</ele>
        <time>2024-03-16T10:52:47.000Z</time>
      </trkpt>
      <trkpt lat="35.62948998995125" lon="127.46976993978024">
        <ele>983.4000244140625</ele>
        <time>2024-03-16T10:53:02.000Z</time>
      </trkpt>
      <trkpt lat="35.62935998663306" lon="127.46983992867172">
        <ele>988.7999877929688</ele>
        <time>2024-03-16T10:53:17.000Z</time>
      </trkpt>
      <trkpt lat="35.629279939457774" lon="127.4698599614203">
        <ele>992.7999877929688</ele>
        <time>2024-03-16T10:53:33.000Z</time>
      </trkpt>
      <trkpt lat="35.62920995056629" lon="127.4698599614203">
        <ele>996.5999755859375</ele>
        <time>2024-03-16T10:53:48.000Z</time>
      </trkpt>
      <trkpt lat="35.62911992892623" lon="127.46987999416888">
        <ele>997.7999877929688</ele>
        <time>2024-03-16T10:54:04.000Z</time>
      </trkpt>
      <trkpt lat="35.62903996556997" lon="127.46983992867172">
        <ele>998.7999877929688</ele>
        <time>2024-03-16T10:54:19.000Z</time>
      </trkpt>
      <trkpt lat="35.628999983891845" lon="127.4698599614203">
        <ele>999</ele>
        <time>2024-03-16T10:54:35.000Z</time>
      </trkpt>
      <trkpt lat="35.628979951143265" lon="127.4698599614203">
        <ele>999</ele>
        <time>2024-03-16T10:54:50.000Z</time>
      </trkpt>
      <trkpt lat="35.62891993671656" lon="127.46977999806404">
        <ele>999.7999877929688</ele>
        <time>2024-03-16T10:55:06.000Z</time>
      </trkpt>
      <trkpt lat="35.6286499556154" lon="127.46969995088875">
        <ele>1000.5999755859375</ele>
        <time>2024-03-16T10:55:21.000Z</time>
      </trkpt>
      <trkpt lat="35.6286499556154" lon="127.46975996531546">
        <ele>1001</ele>
        <time>2024-03-16T10:55:37.000Z</time>
      </trkpt>
      <trkpt lat="35.62860997393727" lon="127.46973993256688">
        <ele>1002</ele>
        <time>2024-03-16T10:55:52.000Z</time>
      </trkpt>
      <trkpt lat="35.62860997393727" lon="127.46974999085069">
        <ele>1002</ele>
        <time>2024-03-16T10:56:08.000Z</time>
      </trkpt>
      <trkpt lat="35.628569992259145" lon="127.46973993256688">
        <ele>1003</ele>
        <time>2024-03-16T10:56:23.000Z</time>
      </trkpt>
      <trkpt lat="35.62846999615431" lon="127.46975996531546">
        <ele>1005.4000244140625</ele>
        <time>2024-03-16T10:56:39.000Z</time>
      </trkpt>
      <trkpt lat="35.62836991623044" lon="127.46979994699359">
        <ele>1008.2000122070312</ele>
        <time>2024-03-16T10:56:54.000Z</time>
      </trkpt>
      <trkpt lat="35.62833999283612" lon="127.46981997974217">
        <ele>1009</ele>
        <time>2024-03-16T10:57:10.000Z</time>
      </trkpt>
      <trkpt lat="35.62825994566083" lon="127.46982995420694">
        <ele>1010.7999877929688</ele>
        <time>2024-03-16T10:57:26.000Z</time>
      </trkpt>
      <trkpt lat="35.628249971196055" lon="127.46984998695552">
        <ele>1011</ele>
        <time>2024-03-16T10:57:41.000Z</time>
      </trkpt>
      <trkpt lat="35.62820998951793" lon="127.46986993588507">
        <ele>1012</ele>
        <time>2024-03-16T10:57:57.000Z</time>
      </trkpt>
      <trkpt lat="35.62818995676935" lon="127.46986993588507">
        <ele>1012.4000244140625</ele>
        <time>2024-03-16T10:58:12.000Z</time>
      </trkpt>
      <trkpt lat="35.62808996066451" lon="127.4699099175632">
        <ele>1014.7999877929688</ele>
        <time>2024-03-16T10:58:28.000Z</time>
      </trkpt>
      <trkpt lat="35.62799993902445" lon="127.4699099175632">
        <ele>1015</ele>
        <time>2024-03-16T10:58:44.000Z</time>
      </trkpt>
      <trkpt lat="35.627929950132966" lon="127.469919975847">
        <ele>1015.4000244140625</ele>
        <time>2024-03-16T10:58:59.000Z</time>
      </trkpt>
      <trkpt lat="35.62789994291961" lon="127.46993992477655">
        <ele>1015.5999755859375</ele>
        <time>2024-03-16T10:59:15.000Z</time>
      </trkpt>
      <trkpt lat="35.62784998677671" lon="127.4699099175632">
        <ele>1015.5999755859375</ele>
        <time>2024-03-16T10:59:30.000Z</time>
      </trkpt>
      <trkpt lat="35.62763993628323" lon="127.4698599614203">
        <ele>1015.2000122070312</ele>
        <time>2024-03-16T10:59:46.000Z</time>
      </trkpt>
      <trkpt lat="35.627369955182076" lon="127.46980992145836">
        <ele>1014.5999755859375</ele>
        <time>2024-03-16T11:00:02.000Z</time>
      </trkpt>
      <trkpt lat="35.627349922433496" lon="127.46979994699359">
        <ele>1014.5999755859375</ele>
        <time>2024-03-16T11:00:17.000Z</time>
      </trkpt>
      <trkpt lat="35.62730994075537" lon="127.46980992145836">
        <ele>1014.4000244140625</ele>
        <time>2024-03-16T11:00:33.000Z</time>
      </trkpt>
      <trkpt lat="35.62718999572098" lon="127.46981997974217">
        <ele>1013.2000122070312</ele>
        <time>2024-03-16T11:00:49.000Z</time>
      </trkpt>
      <trkpt lat="35.62701992690563" lon="127.46992995031178">
        <ele>1013.2000122070312</ele>
        <time>2024-03-16T11:01:04.000Z</time>
      </trkpt>
      <trkpt lat="35.62696997076273" lon="127.46997999027371">
        <ele>1014</ele>
        <time>2024-03-16T11:01:20.000Z</time>
      </trkpt>
      <trkpt lat="35.62690995633602" lon="127.47000999748707">
        <ele>1013.7999877929688</ele>
        <time>2024-03-16T11:01:36.000Z</time>
      </trkpt>
      <trkpt lat="35.62685991637409" lon="127.47001997195184">
        <ele>1013.7999877929688</ele>
        <time>2024-03-16T11:01:51.000Z</time>
      </trkpt>
      <trkpt lat="35.626789927482605" lon="127.47006992809474">
        <ele>1012.7999877929688</ele>
        <time>2024-03-16T11:02:07.000Z</time>
      </trkpt>
      <trkpt lat="35.626659924164414" lon="127.47001997195184">
        <ele>1014.2000122070312</ele>
        <time>2024-03-16T11:02:23.000Z</time>
      </trkpt>
      <trkpt lat="35.62660996802151" lon="127.47000999748707">
        <ele>1014.2000122070312</ele>
        <time>2024-03-16T11:02:39.000Z</time>
      </trkpt>
      <trkpt lat="35.626549953594804" lon="127.47001997195184">
        <ele>1013.7999877929688</ele>
        <time>2024-03-16T11:02:54.000Z</time>
      </trkpt>
      <trkpt lat="35.6264999974519" lon="127.46999993920326">
        <ele>1014</ele>
        <time>2024-03-16T11:03:10.000Z</time>
      </trkpt>
      <trkpt lat="35.62646999023855" lon="127.46994998306036">
        <ele>1014</ele>
        <time>2024-03-16T11:03:26.000Z</time>
      </trkpt>
      <trkpt lat="35.62625993974507" lon="127.46987999416888">
        <ele>1012.7999877929688</ele>
        <time>2024-03-16T11:03:42.000Z</time>
      </trkpt>
      <trkpt lat="35.626229932531714" lon="127.4698599614203">
        <ele>1012.5999755859375</ele>
        <time>2024-03-16T11:03:58.000Z</time>
      </trkpt>
      <trkpt lat="35.626229932531714" lon="127.46983992867172">
        <ele>1012.5999755859375</ele>
        <time>2024-03-16T11:04:13.000Z</time>
      </trkpt>
      <trkpt lat="35.62615994364023" lon="127.46977999806404">
        <ele>1012</ele>
        <time>2024-03-16T11:04:29.000Z</time>
      </trkpt>
      <trkpt lat="35.62597998417914" lon="127.46964999474585">
        <ele>1014.5999755859375</ele>
        <time>2024-03-16T11:04:45.000Z</time>
      </trkpt>
      <trkpt lat="35.625949976965785" lon="127.46959995478392">
        <ele>1014.5999755859375</ele>
        <time>2024-03-16T11:05:01.000Z</time>
      </trkpt>
      <trkpt lat="35.62576993368566" lon="127.46957992203534">
        <ele>1019.2000122070312</ele>
        <time>2024-03-16T11:05:17.000Z</time>
      </trkpt>
      <trkpt lat="35.62571997754276" lon="127.46950993314385">
        <ele>1019.7999877929688</ele>
        <time>2024-03-16T11:05:32.000Z</time>
      </trkpt>
      <trkpt lat="35.625689970329404" lon="127.4694799259305">
        <ele>1020.4000244140625</ele>
        <time>2024-03-16T11:05:48.000Z</time>
      </trkpt>
      <trkpt lat="35.62557999975979" lon="127.46943994425237">
        <ele>1023.2000122070312</ele>
        <time>2024-03-16T11:06:04.000Z</time>
      </trkpt>
      <trkpt lat="35.62554999254644" lon="127.46935998089612">
        <ele>1023</ele>
        <time>2024-03-16T11:06:20.000Z</time>
      </trkpt>
      <trkpt lat="35.62550992704928" lon="127.46930994093418">
        <ele>1023.5999755859375</ele>
        <time>2024-03-16T11:06:36.000Z</time>
      </trkpt>
      <trkpt lat="35.62537992373109" lon="127.46920994482934">
        <ele>1025.800048828125</ele>
        <time>2024-03-16T11:06:52.000Z</time>
      </trkpt>
      <trkpt lat="35.62533994205296" lon="127.4691899958998">
        <ele>1026.5999755859375</ele>
        <time>2024-03-16T11:07:08.000Z</time>
      </trkpt>
      <trkpt lat="35.62526995316148" lon="127.46917993761599">
        <ele>1027.4000244140625</ele>
        <time>2024-03-16T11:07:24.000Z</time>
      </trkpt>
      <trkpt lat="35.62518998980522" lon="127.4691899958998">
        <ele>1028.199951171875</ele>
        <time>2024-03-16T11:07:40.000Z</time>
      </trkpt>
      <trkpt lat="35.62502997927368" lon="127.46912998147309">
        <ele>1029.5999755859375</ele>
        <time>2024-03-16T11:07:56.000Z</time>
      </trkpt>
      <trkpt lat="35.62496996484697" lon="127.46911992318928">
        <ele>1029.5999755859375</ele>
        <time>2024-03-16T11:08:11.000Z</time>
      </trkpt>
      <trkpt lat="35.62492998316884" lon="127.46909997425973">
        <ele>1029.4000244140625</ele>
        <time>2024-03-16T11:08:27.000Z</time>
      </trkpt>
      <trkpt lat="35.62483996152878" lon="127.46908999979496">
        <ele>1029.4000244140625</ele>
        <time>2024-03-16T11:08:43.000Z</time>
      </trkpt>
      <trkpt lat="35.62472999095917" lon="127.46914993040264">
        <ele>1031</ele>
        <time>2024-03-16T11:08:59.000Z</time>
      </trkpt>
      <trkpt lat="35.62458992935717" lon="127.46909997425973">
        <ele>1031.4000244140625</ele>
        <time>2024-03-16T11:09:15.000Z</time>
      </trkpt>
      <trkpt lat="35.62455992214382" lon="127.46910994872451">
        <ele>1031.5999755859375</ele>
        <time>2024-03-16T11:09:31.000Z</time>
      </trkpt>
      <trkpt lat="35.62449999153614" lon="127.46909997425973">
        <ele>1031.800048828125</ele>
        <time>2024-03-16T11:09:47.000Z</time>
      </trkpt>
      <trkpt lat="35.624449951574206" lon="127.46913995593786">
        <ele>1032.4000244140625</ele>
        <time>2024-03-16T11:10:03.000Z</time>
      </trkpt>
      <trkpt lat="35.624379962682724" lon="127.46916996315122">
        <ele>1033.800048828125</ele>
        <time>2024-03-16T11:10:19.000Z</time>
      </trkpt>
      <trkpt lat="35.62429999932647" lon="127.46916996315122">
        <ele>1035.5999755859375</ele>
        <time>2024-03-16T11:10:35.000Z</time>
      </trkpt>
      <trkpt lat="35.62415993772447" lon="127.46924992650747">
        <ele>1039</ele>
        <time>2024-03-16T11:10:51.000Z</time>
      </trkpt>
      <trkpt lat="35.62402993440628" lon="127.46924992650747">
        <ele>1045.5999755859375</ele>
        <time>2024-03-16T11:11:07.000Z</time>
      </trkpt>
      <trkpt lat="35.624019959941506" lon="127.46922997757792">
        <ele>1046.4000244140625</ele>
        <time>2024-03-16T11:11:23.000Z</time>
      </trkpt>
      <trkpt lat="35.62398995272815" lon="127.46921991929412">
        <ele>1048</ele>
        <time>2024-03-16T11:11:40.000Z</time>
      </trkpt>
      <trkpt lat="35.62384997494519" lon="127.46922997757792">
        <ele>1052.800048828125</ele>
        <time>2024-03-16T11:11:56.000Z</time>
      </trkpt>
      <trkpt lat="35.623569935560226" lon="127.46926995925605">
        <ele>1059</ele>
        <time>2024-03-16T11:12:12.000Z</time>
      </trkpt>
      <trkpt lat="35.623459964990616" lon="127.46925998479128">
        <ele>1061</ele>
        <time>2024-03-16T11:12:28.000Z</time>
      </trkpt>
      <trkpt lat="35.623309928923845" lon="127.46922997757792">
        <ele>1064.5999755859375</ele>
        <time>2024-03-16T11:12:44.000Z</time>
      </trkpt>
      <trkpt lat="35.62324999831617" lon="127.46917993761599">
        <ele>1068.199951171875</ele>
        <time>2024-03-16T11:13:00.000Z</time>
      </trkpt>
      <trkpt lat="35.62318998388946" lon="127.46914993040264">
        <ele>1070.5999755859375</ele>
        <time>2024-03-16T11:13:16.000Z</time>
      </trkpt>
      <trkpt lat="35.62316995114088" lon="127.46912998147309">
        <ele>1071.199951171875</ele>
        <time>2024-03-16T11:13:32.000Z</time>
      </trkpt>
      <trkpt lat="35.623089987784624" lon="127.46909997425973">
        <ele>1073.5999755859375</ele>
        <time>2024-03-16T11:13:48.000Z</time>
      </trkpt>
      <trkpt lat="35.623009940609336" lon="127.4690499342978">
        <ele>1077.199951171875</ele>
        <time>2024-03-16T11:14:05.000Z</time>
      </trkpt>
      <trkpt lat="35.62294992618263" lon="127.46907994151115">
        <ele>1079.4000244140625</ele>
        <time>2024-03-16T11:14:21.000Z</time>
      </trkpt>
      <trkpt lat="35.622919918969274" lon="127.46906996704638">
        <ele>1080.4000244140625</ele>
        <time>2024-03-16T11:14:37.000Z</time>
      </trkpt>
      <trkpt lat="35.62286996282637" lon="127.46906996704638">
        <ele>1082</ele>
        <time>2024-03-16T11:14:53.000Z</time>
      </trkpt>
      <trkpt lat="35.62284993007779" lon="127.46903995983303">
        <ele>1083</ele>
        <time>2024-03-16T11:15:09.000Z</time>
      </trkpt>
      <trkpt lat="35.622789999470115" lon="127.46900995261967">
        <ele>1085.199951171875</ele>
        <time>2024-03-16T11:15:25.000Z</time>
      </trkpt>
      <trkpt lat="35.62273995950818" lon="127.46900995261967">
        <ele>1086.5999755859375</ele>
        <time>2024-03-16T11:15:42.000Z</time>
      </trkpt>
      <trkpt lat="35.62269997783005" lon="127.46896997094154">
        <ele>1088.199951171875</ele>
        <time>2024-03-16T11:15:58.000Z</time>
      </trkpt>
      <trkpt lat="35.62262998893857" lon="127.46895999647677">
        <ele>1090.4000244140625</ele>
        <time>2024-03-16T11:16:14.000Z</time>
      </trkpt>
      <trkpt lat="35.62258992344141" lon="127.46896997094154">
        <ele>1091.4000244140625</ele>
        <time>2024-03-16T11:16:30.000Z</time>
      </trkpt>
      <trkpt lat="35.622509960085154" lon="127.46891993097961">
        <ele>1094.199951171875</ele>
        <time>2024-03-16T11:16:46.000Z</time>
      </trkpt>
      <trkpt lat="35.6224799528718" lon="127.46890995651484">
        <ele>1095.5999755859375</ele>
        <time>2024-03-16T11:17:03.000Z</time>
      </trkpt>
      <trkpt lat="35.62243997119367" lon="127.46891993097961">
        <ele>1096.800048828125</ele>
        <time>2024-03-16T11:17:19.000Z</time>
      </trkpt>
      <trkpt lat="35.62238993123174" lon="127.46888992376626">
        <ele>1099</ele>
        <time>2024-03-16T11:17:35.000Z</time>
      </trkpt>
      <trkpt lat="35.62221994623542" lon="127.46892998926342">
        <ele>1103.199951171875</ele>
        <time>2024-03-16T11:17:51.000Z</time>
      </trkpt>
      <trkpt lat="35.622129924595356" lon="127.46889998205006">
        <ele>1106</ele>
        <time>2024-03-16T11:18:08.000Z</time>
      </trkpt>
      <trkpt lat="35.622079968452454" lon="127.46891993097961">
        <ele>1106.5999755859375</ele>
        <time>2024-03-16T11:18:24.000Z</time>
      </trkpt>
      <trkpt lat="35.622059935703874" lon="127.46890995651484">
        <ele>1107.199951171875</ele>
        <time>2024-03-16T11:18:40.000Z</time>
      </trkpt>
      <trkpt lat="35.62202992849052" lon="127.46887994930148">
        <ele>1108.800048828125</ele>
        <time>2024-03-16T11:18:56.000Z</time>
      </trkpt>
      <trkpt lat="35.62193999066949" lon="127.4688599165529">
        <ele>1111.4000244140625</ele>
        <time>2024-03-16T11:19:13.000Z</time>
      </trkpt>
      <trkpt lat="35.621869917958975" lon="127.46879998594522">
        <ele>1114.4000244140625</ele>
        <time>2024-03-16T11:19:29.000Z</time>
      </trkpt>
      <trkpt lat="35.6218099873513" lon="127.46875992044806">
        <ele>1116.5999755859375</ele>
        <time>2024-03-16T11:19:45.000Z</time>
      </trkpt>
      <trkpt lat="35.621759947389364" lon="127.46875992044806">
        <ele>1117.800048828125</ele>
        <time>2024-03-16T11:20:01.000Z</time>
      </trkpt>
      <trkpt lat="35.62170999124646" lon="127.46874994598329">
        <ele>1119</ele>
        <time>2024-03-16T11:20:18.000Z</time>
      </trkpt>
      <trkpt lat="35.62157998792827" lon="127.46862991712987">
        <ele>1121.800048828125</ele>
        <time>2024-03-16T11:20:34.000Z</time>
      </trkpt>
      <trkpt lat="35.62152994796634" lon="127.46860996820033">
        <ele>1122.199951171875</ele>
        <time>2024-03-16T11:20:50.000Z</time>
      </trkpt>
      <trkpt lat="35.62138997018337" lon="127.4686199426651">
        <ele>1120.5999755859375</ele>
        <time>2024-03-16T11:21:07.000Z</time>
      </trkpt>
      <trkpt lat="35.62135996297002" lon="127.46853997930884">
        <ele>1120.4000244140625</ele>
        <time>2024-03-16T11:21:23.000Z</time>
      </trkpt>
      <trkpt lat="35.6213799957186" lon="127.46847996488214">
        <ele>1121.800048828125</ele>
        <time>2024-03-16T11:21:39.000Z</time>
      </trkpt>
      <trkpt lat="35.6213799957186" lon="127.46836999431252">
        <ele>1123</ele>
        <time>2024-03-16T11:21:56.000Z</time>
      </trkpt>
      <trkpt lat="35.62133993022144" lon="127.46825993992388">
        <ele>1123.199951171875</ele>
        <time>2024-03-16T11:22:12.000Z</time>
      </trkpt>
      <trkpt lat="35.621309923008084" lon="127.46811996214092">
        <ele>1122.5999755859375</ele>
        <time>2024-03-16T11:22:29.000Z</time>
      </trkpt>
      <trkpt lat="35.621179919689894" lon="127.46783992275596">
        <ele>1122.800048828125</ele>
        <time>2024-03-16T11:22:45.000Z</time>
      </trkpt>
      <trkpt lat="35.62105997465551" lon="127.46763993054628">
        <ele>1122.5999755859375</ele>
        <time>2024-03-16T11:23:01.000Z</time>
      </trkpt>
      <trkpt lat="35.62103994190693" lon="127.46755996719003">
        <ele>1123</ele>
        <time>2024-03-16T11:23:18.000Z</time>
      </trkpt>
      <trkpt lat="35.6210499163717" lon="127.46754999272525">
        <ele>1123.4000244140625</ele>
        <time>2024-03-16T11:23:34.000Z</time>
      </trkpt>
      <trkpt lat="35.621029967442155" lon="127.46752995997667">
        <ele>1123.199951171875</ele>
        <time>2024-03-16T11:23:51.000Z</time>
      </trkpt>
      <trkpt lat="35.62096995301545" lon="127.46735997498035">
        <ele>1125</ele>
        <time>2024-03-16T11:24:07.000Z</time>
      </trkpt>
      <trkpt lat="35.62096995301545" lon="127.46727992780507">
        <ele>1126</ele>
        <time>2024-03-16T11:24:24.000Z</time>
      </trkpt>
      <trkpt lat="35.62092997133732" lon="127.46714992448688">
        <ele>1126.4000244140625</ele>
        <time>2024-03-16T11:24:40.000Z</time>
      </trkpt>
      <trkpt lat="35.62090993858874" lon="127.46705998666584">
        <ele>1127.199951171875</ele>
        <time>2024-03-16T11:24:57.000Z</time>
      </trkpt>
      <trkpt lat="35.62082997523248" lon="127.46685999445617">
        <ele>1128.199951171875</ele>
        <time>2024-03-16T11:25:13.000Z</time>
      </trkpt>
      <trkpt lat="35.62077993527055" lon="127.46669998392463">
        <ele>1129</ele>
        <time>2024-03-16T11:25:30.000Z</time>
      </trkpt>
      <trkpt lat="35.620749928057194" lon="127.46657995507121">
        <ele>1130</ele>
        <time>2024-03-16T11:25:46.000Z</time>
      </trkpt>
      <trkpt lat="35.62073995359242" lon="127.46642991900444">
        <ele>1132</ele>
        <time>2024-03-16T11:26:03.000Z</time>
      </trkpt>
      <trkpt lat="35.62071992084384" lon="127.46636998839676">
        <ele>1132.5999755859375</ele>
        <time>2024-03-16T11:26:19.000Z</time>
      </trkpt>
      <trkpt lat="35.62069997191429" lon="127.46635993011296">
        <ele>1132.4000244140625</ele>
        <time>2024-03-16T11:26:36.000Z</time>
      </trkpt>
      <trkpt lat="35.62066996470094" lon="127.46635993011296">
        <ele>1131.800048828125</ele>
        <time>2024-03-16T11:26:52.000Z</time>
      </trkpt>
      <trkpt lat="35.62060995027423" lon="127.46613998897374">
        <ele>1135.5999755859375</ele>
        <time>2024-03-16T11:29:52.760Z</time>
      </trkpt>
      <trkpt lat="35.62062" lon="127.466138">
        <ele>1127.25</ele>
        <time>2024-03-16T11:30:02.516Z</time>
      </trkpt>
      <trkpt lat="35.62062" lon="127.466076">
        <ele>1128</ele>
        <time>2024-03-16T11:30:50.822Z</time>
      </trkpt>
      <trkpt lat="35.62059" lon="127.466005">
        <ele>1124.75</ele>
        <time>2024-03-16T11:31:53.167Z</time>
      </trkpt>
      <trkpt lat="35.6205699685961" lon="127.46601996012032">
        <ele>1136.5999755859375</ele>
        <time>2024-03-16T11:32:15.627Z</time>
      </trkpt>
      <trkpt lat="35.62051992863417" lon="127.46582994237542">
        <ele>1137.4000244140625</ele>
        <time>2024-03-16T11:34:51.251Z</time>
      </trkpt>
      <trkpt lat="35.620429990813136" lon="127.46562995016575">
        <ele>1135.800048828125</ele>
        <time>2024-03-16T11:35:08.251Z</time>
      </trkpt>
      <trkpt lat="35.62039998359978" lon="127.46553992852569">
        <ele>1134.800048828125</ele>
        <time>2024-03-16T11:35:24.251Z</time>
      </trkpt>
      <trkpt lat="35.6203799508512" lon="127.46543993242085">
        <ele>1132.4000244140625</ele>
        <time>2024-03-16T11:35:41.251Z</time>
      </trkpt>
      <trkpt lat="35.6203299947083" lon="127.4654099252075">
        <ele>1130.199951171875</ele>
        <time>2024-03-16T11:35:58.251Z</time>
      </trkpt>
      <trkpt lat="35.620299987494946" lon="127.46543993242085">
        <ele>1129.4000244140625</ele>
        <time>2024-03-16T11:36:14.251Z</time>
      </trkpt>
      <trkpt lat="35.62028992921114" lon="127.46542995795608">
        <ele>1128.5999755859375</ele>
        <time>2024-03-16T11:36:31.251Z</time>
      </trkpt>
      <trkpt lat="35.620259921997786" lon="127.46543993242085">
        <ele>1127.199951171875</ele>
        <time>2024-03-16T11:36:48.251Z</time>
      </trkpt>
      <trkpt lat="35.62022999860346" lon="127.46538997627795">
        <ele>1124.5999755859375</ele>
        <time>2024-03-16T11:37:05.251Z</time>
      </trkpt>
      <trkpt lat="35.6201899331063" lon="127.46539995074272">
        <ele>1122.4000244140625</ele>
        <time>2024-03-16T11:37:21.251Z</time>
      </trkpt>
      <trkpt lat="35.620129918679595" lon="127.46543993242085">
        <ele>1119.4000244140625</ele>
        <time>2024-03-16T11:37:38.251Z</time>
      </trkpt>
      <trkpt lat="35.62011994421482" lon="127.46544999070466">
        <ele>1119</ele>
        <time>2024-03-16T11:37:55.251Z</time>
      </trkpt>
      <trkpt lat="35.62010996975005" lon="127.46548997238278">
        <ele>1118.800048828125</ele>
        <time>2024-03-16T11:38:12.251Z</time>
      </trkpt>
      <trkpt lat="35.62008993700147" lon="127.46549994684756">
        <ele>1117.800048828125</ele>
        <time>2024-03-16T11:38:28.251Z</time>
      </trkpt>
      <trkpt lat="35.62004995532334" lon="127.4654199834913">
        <ele>1114.199951171875</ele>
        <time>2024-03-16T11:38:45.251Z</time>
      </trkpt>
      <trkpt lat="35.619999999180436" lon="127.46534999459982">
        <ele>1110</ele>
        <time>2024-03-16T11:39:02.251Z</time>
      </trkpt>
      <trkpt lat="35.619979966431856" lon="127.46529995463789">
        <ele>1108</ele>
        <time>2024-03-16T11:39:19.251Z</time>
      </trkpt>
      <trkpt lat="35.61993998475373" lon="127.46530992910266">
        <ele>1105.5999755859375</ele>
        <time>2024-03-16T11:39:35.251Z</time>
      </trkpt>
      <trkpt lat="35.61993998475373" lon="127.46531998738647">
        <ele>1105.5999755859375</ele>
        <time>2024-03-16T11:39:52.251Z</time>
      </trkpt>
      <trkpt lat="35.61989991925657" lon="127.46534999459982">
        <ele>1103.5999755859375</ele>
        <time>2024-03-16T11:40:09.251Z</time>
      </trkpt>
      <trkpt lat="35.619889944791794" lon="127.46536994352937">
        <ele>1103.199951171875</ele>
        <time>2024-03-16T11:40:26.251Z</time>
      </trkpt>
      <trkpt lat="35.619869995862246" lon="127.46537991799414">
        <ele>1102</ele>
        <time>2024-03-16T11:40:43.251Z</time>
      </trkpt>
      <trkpt lat="35.61980998143554" lon="127.46536994352937">
        <ele>1098</ele>
        <time>2024-03-16T11:40:59.251Z</time>
      </trkpt>
      <trkpt lat="35.61977997422218" lon="127.46532996185124">
        <ele>1095.4000244140625</ele>
        <time>2024-03-16T11:41:16.251Z</time>
      </trkpt>
      <trkpt lat="35.61974996700883" lon="127.46533993631601">
        <ele>1093.800048828125</ele>
        <time>2024-03-16T11:41:33.251Z</time>
      </trkpt>
      <trkpt lat="35.619739992544055" lon="127.46536994352937">
        <ele>1093.5999755859375</ele>
        <time>2024-03-16T11:41:50.251Z</time>
      </trkpt>
      <trkpt lat="35.61972993426025" lon="127.46536994352937">
        <ele>1093.199951171875</ele>
        <time>2024-03-16T11:42:07.251Z</time>
      </trkpt>
      <trkpt lat="35.6197099853307" lon="127.46534999459982">
        <ele>1091.800048828125</ele>
        <time>2024-03-16T11:42:23.251Z</time>
      </trkpt>
      <trkpt lat="35.619699927046895" lon="127.46531998738647">
        <ele>1091</ele>
        <time>2024-03-16T11:42:40.251Z</time>
      </trkpt>
      <trkpt lat="35.61966991983354" lon="127.4652799218893">
        <ele>1088.800048828125</ele>
        <time>2024-03-16T11:42:57.251Z</time>
      </trkpt>
      <trkpt lat="35.61966991983354" lon="127.46526994742453">
        <ele>1088.800048828125</ele>
        <time>2024-03-16T11:43:14.251Z</time>
      </trkpt>
      <trkpt lat="35.61964997090399" lon="127.46523994021118">
        <ele>1086.800048828125</ele>
        <time>2024-03-16T11:43:31.251Z</time>
      </trkpt>
      <trkpt lat="35.61963999643922" lon="127.46519995853305">
        <ele>1085</ele>
        <time>2024-03-16T11:43:47.251Z</time>
      </trkpt>
      <trkpt lat="35.619609989225864" lon="127.4651699513197">
        <ele>1082.4000244140625</ele>
        <time>2024-03-16T11:44:04.251Z</time>
      </trkpt>
      <trkpt lat="35.61957998201251" lon="127.4651699513197">
        <ele>1081</ele>
        <time>2024-03-16T11:44:21.251Z</time>
      </trkpt>
      <trkpt lat="35.61950999312103" lon="127.46529995463789">
        <ele>1081</ele>
        <time>2024-03-16T11:44:38.251Z</time>
      </trkpt>
      <trkpt lat="35.61948996037245" lon="127.46530992910266">
        <ele>1080.800048828125</ele>
        <time>2024-03-16T11:44:55.251Z</time>
      </trkpt>
      <trkpt lat="35.619479985907674" lon="127.46532996185124">
        <ele>1081</ele>
        <time>2024-03-16T11:45:12.251Z</time>
      </trkpt>
      <trkpt lat="35.61942994594574" lon="127.46537991799414">
        <ele>1079.5999755859375</ele>
        <time>2024-03-16T11:45:29.251Z</time>
      </trkpt>
      <trkpt lat="35.61940999701619" lon="127.46537991799414">
        <ele>1078.199951171875</ele>
        <time>2024-03-16T11:45:45.251Z</time>
      </trkpt>
      <trkpt lat="35.61938996426761" lon="127.46539995074272">
        <ele>1077.5999755859375</ele>
        <time>2024-03-16T11:46:02.251Z</time>
      </trkpt>
      <trkpt lat="35.61934998258948" lon="127.4654699396342">
        <ele>1076.4000244140625</ele>
        <time>2024-03-16T11:46:19.251Z</time>
      </trkpt>
      <trkpt lat="35.61930991709232" lon="127.46548997238278">
        <ele>1073.4000244140625</ele>
        <time>2024-03-16T11:46:36.251Z</time>
      </trkpt>
      <trkpt lat="35.61929994262755" lon="127.46551997959614">
        <ele>1073</ele>
        <time>2024-03-16T11:46:53.251Z</time>
      </trkpt>
      <trkpt lat="35.61922995373607" lon="127.46553992852569">
        <ele>1067.4000244140625</ele>
        <time>2024-03-16T11:47:10.251Z</time>
      </trkpt>
      <trkpt lat="35.61922995373607" lon="127.46549994684756">
        <ele>1066.800048828125</ele>
        <time>2024-03-16T11:47:27.251Z</time>
      </trkpt>
      <trkpt lat="35.61920992098749" lon="127.46545996516943">
        <ele>1064.5999755859375</ele>
        <time>2024-03-16T11:47:43.251Z</time>
      </trkpt>
      <trkpt lat="35.61919994652271" lon="127.46537991799414">
        <ele>1062.5999755859375</ele>
        <time>2024-03-16T11:48:00.251Z</time>
      </trkpt>
      <trkpt lat="35.619179997593164" lon="127.4653599690646">
        <ele>1061</ele>
        <time>2024-03-16T11:48:17.251Z</time>
      </trkpt>
      <trkpt lat="35.619159964844584" lon="127.46537991799414">
        <ele>1059.800048828125</ele>
        <time>2024-03-16T11:48:34.251Z</time>
      </trkpt>
      <trkpt lat="35.619139932096004" lon="127.4654199834913">
        <ele>1059</ele>
        <time>2024-03-16T11:48:51.251Z</time>
      </trkpt>
      <trkpt lat="35.61910992488265" lon="127.46544999070466">
        <ele>1057.4000244140625</ele>
        <time>2024-03-16T11:49:08.251Z</time>
      </trkpt>
      <trkpt lat="35.6190899759531" lon="127.46544999070466">
        <ele>1056</ele>
        <time>2024-03-16T11:49:25.251Z</time>
      </trkpt>
      <trkpt lat="35.619079917669296" lon="127.46550992131233">
        <ele>1056</ele>
        <time>2024-03-16T11:49:42.251Z</time>
      </trkpt>
      <trkpt lat="35.61905996873975" lon="127.46551997959614">
        <ele>1054.5999755859375</ele>
        <time>2024-03-16T11:49:59.251Z</time>
      </trkpt>
      <trkpt lat="35.61905996873975" lon="127.46548997238278">
        <ele>1054.4000244140625</ele>
        <time>2024-03-16T11:50:16.251Z</time>
      </trkpt>
      <trkpt lat="35.619049994274974" lon="127.4654699396342">
        <ele>1053.4000244140625</ele>
        <time>2024-03-16T11:50:33.251Z</time>
      </trkpt>
      <trkpt lat="35.61901998706162" lon="127.46547999791801">
        <ele>1051.4000244140625</ele>
        <time>2024-03-16T11:50:50.251Z</time>
      </trkpt>
      <trkpt lat="35.61899995431304" lon="127.46552995406091">
        <ele>1050.4000244140625</ele>
        <time>2024-03-16T11:51:06.251Z</time>
      </trkpt>
      <trkpt lat="35.61895997263491" lon="127.46552995406091">
        <ele>1047.5999755859375</ele>
        <time>2024-03-16T11:51:23.251Z</time>
      </trkpt>
      <trkpt lat="35.618839943781495" lon="127.46558996848762">
        <ele>1041.199951171875</ele>
        <time>2024-03-16T11:51:40.251Z</time>
      </trkpt>
      <trkpt lat="35.61877992935479" lon="127.46560991741717">
        <ele>1038.199951171875</ele>
        <time>2024-03-16T11:51:57.251Z</time>
      </trkpt>
      <trkpt lat="35.61867993324995" lon="127.46566993184388">
        <ele>1034</ele>
        <time>2024-03-16T11:52:14.251Z</time>
      </trkpt>
      <trkpt lat="35.61862997710705" lon="127.46575995348394">
        <ele>1033.199951171875</ele>
        <time>2024-03-16T11:52:31.251Z</time>
      </trkpt>
      <trkpt lat="35.61862997710705" lon="127.465849975124">
        <ele>1034.5999755859375</ele>
        <time>2024-03-16T11:52:48.251Z</time>
      </trkpt>
      <trkpt lat="35.6186599843204" lon="127.46594997122884">
        <ele>1036.5999755859375</ele>
        <time>2024-03-16T11:53:05.251Z</time>
      </trkpt>
      <trkpt lat="35.61863995157182" lon="127.46607997454703">
        <ele>1036.5999755859375</ele>
        <time>2024-03-16T11:53:22.251Z</time>
      </trkpt>
      <trkpt lat="35.618649926036596" lon="127.46610998176038">
        <ele>1037.199951171875</ele>
        <time>2024-03-16T11:53:39.251Z</time>
      </trkpt>
      <trkpt lat="35.61862997710705" lon="127.46617997065187">
        <ele>1035.5999755859375</ele>
        <time>2024-03-16T11:53:56.251Z</time>
      </trkpt>
      <trkpt lat="35.61862997710705" lon="127.46625993400812">
        <ele>1034.5999755859375</ele>
        <time>2024-03-16T11:54:13.251Z</time>
      </trkpt>
      <trkpt lat="35.61861991882324" lon="127.4662799667567">
        <ele>1034</ele>
        <time>2024-03-16T11:54:30.251Z</time>
      </trkpt>
      <trkpt lat="35.618599969893694" lon="127.46629999950528">
        <ele>1033</ele>
        <time>2024-03-16T11:54:47.251Z</time>
      </trkpt>
      <trkpt lat="35.618559988215566" lon="127.46631994843483">
        <ele>1031.199951171875</ele>
        <time>2024-03-16T11:55:04.251Z</time>
      </trkpt>
      <trkpt lat="35.61852998100221" lon="127.46635993011296">
        <ele>1029.5999755859375</ele>
        <time>2024-03-16T11:55:21.251Z</time>
      </trkpt>
      <trkpt lat="35.61847994104028" lon="127.46635993011296">
        <ele>1027.5999755859375</ele>
        <time>2024-03-16T11:55:38.251Z</time>
      </trkpt>
      <trkpt lat="35.618389919400215" lon="127.46641994453967">
        <ele>1022.7999877929688</ele>
        <time>2024-03-16T11:55:55.251Z</time>
      </trkpt>
      <trkpt lat="35.61835999600589" lon="127.46641994453967">
        <ele>1021.7999877929688</ele>
        <time>2024-03-16T11:56:12.251Z</time>
      </trkpt>
      <trkpt lat="35.618279948830605" lon="127.46647995896637">
        <ele>1017.4000244140625</ele>
        <time>2024-03-16T11:56:30.251Z</time>
      </trkpt>
      <trkpt lat="35.61806998215616" lon="127.46649999171495">
        <ele>1010.5999755859375</ele>
        <time>2024-03-16T11:56:47.251Z</time>
      </trkpt>
      <trkpt lat="35.6180399749428" lon="127.46652999892831">
        <ele>1009</ele>
        <time>2024-03-16T11:57:04.251Z</time>
      </trkpt>
      <trkpt lat="35.617959927767515" lon="127.46652999892831">
        <ele>1006.2000122070312</ele>
        <time>2024-03-16T11:57:21.251Z</time>
      </trkpt>
      <trkpt lat="35.61787996441126" lon="127.46654994785786">
        <ele>1004.7999877929688</ele>
        <time>2024-03-16T11:57:38.251Z</time>
      </trkpt>
      <trkpt lat="35.61787996441126" lon="127.46653997339308">
        <ele>1004.7999877929688</ele>
        <time>2024-03-16T11:57:55.251Z</time>
      </trkpt>
      <trkpt lat="35.61783998273313" lon="127.46656998060644">
        <ele>1004.2000122070312</ele>
        <time>2024-03-16T11:58:12.251Z</time>
      </trkpt>
      <trkpt lat="35.617829924449325" lon="127.46660996228456">
        <ele>1004.2000122070312</ele>
        <time>2024-03-16T11:58:29.251Z</time>
      </trkpt>
      <trkpt lat="35.617809975519776" lon="127.46663996949792">
        <ele>1004</ele>
        <time>2024-03-16T11:58:46.251Z</time>
      </trkpt>
      <trkpt lat="35.61775993555784" lon="127.46665991842747">
        <ele>1002.2000122070312</ele>
        <time>2024-03-16T11:59:03.251Z</time>
      </trkpt>
      <trkpt lat="35.617739986628294" lon="127.46668992564082">
        <ele>1000.5999755859375</ele>
        <time>2024-03-16T11:59:21.251Z</time>
      </trkpt>
      <trkpt lat="35.617699921131134" lon="127.46668992564082">
        <ele>999</ele>
        <time>2024-03-16T11:59:38.251Z</time>
      </trkpt>
      <trkpt lat="35.6175999250263" lon="127.46675999835134">
        <ele>994.4000244140625</ele>
        <time>2024-03-16T11:59:55.251Z</time>
      </trkpt>
      <trkpt lat="35.617549968883395" lon="127.46674994006753">
        <ele>994.2000122070312</ele>
        <time>2024-03-16T12:00:12.251Z</time>
      </trkpt>
      <trkpt lat="35.61747997999191" lon="127.46678992174566">
        <ele>992.4000244140625</ele>
        <time>2024-03-16T12:00:29.251Z</time>
      </trkpt>
      <trkpt lat="35.61742994002998" lon="127.46679998002946">
        <ele>991</ele>
        <time>2024-03-16T12:00:46.251Z</time>
      </trkpt>
      <trkpt lat="35.617379983887076" lon="127.46676997281611">
        <ele>989.5999755859375</ele>
        <time>2024-03-16T12:01:04.251Z</time>
      </trkpt>
      <trkpt lat="35.61729993671179" lon="127.46675999835134">
        <ele>987.5999755859375</ele>
        <time>2024-03-16T12:01:21.251Z</time>
      </trkpt>
      <trkpt lat="35.61725995503366" lon="127.46678992174566">
        <ele>986.5999755859375</ele>
        <time>2024-03-16T12:01:38.251Z</time>
      </trkpt>
      <trkpt lat="35.6171799916774" lon="127.46674994006753">
        <ele>984.2000122070312</ele>
        <time>2024-03-16T12:01:55.251Z</time>
      </trkpt>
      <trkpt lat="35.61714998446405" lon="127.46675999835134">
        <ele>983.4000244140625</ele>
        <time>2024-03-16T12:02:12.251Z</time>
      </trkpt>
      <trkpt lat="35.61710991896689" lon="127.46678992174566">
        <ele>982.4000244140625</ele>
        <time>2024-03-16T12:02:29.251Z</time>
      </trkpt>
      <trkpt lat="35.61708997003734" lon="127.46676997281611">
        <ele>981.5999755859375</ele>
        <time>2024-03-16T12:02:47.251Z</time>
      </trkpt>
      <trkpt lat="35.61706993728876" lon="127.46679998002946">
        <ele>981</ele>
        <time>2024-03-16T12:03:04.251Z</time>
      </trkpt>
      <trkpt lat="35.61702995561063" lon="127.46677994728088">
        <ele>979.7999877929688</ele>
        <time>2024-03-16T12:03:21.251Z</time>
      </trkpt>
      <trkpt lat="35.61695996671915" lon="127.46679998002946">
        <ele>977.5999755859375</ele>
        <time>2024-03-16T12:03:38.251Z</time>
      </trkpt>
      <trkpt lat="35.61686994507909" lon="127.46678992174566">
        <ele>975.5999755859375</ele>
        <time>2024-03-16T12:03:55.251Z</time>
      </trkpt>
      <trkpt lat="35.61678998172283" lon="127.46680995449424">
        <ele>972.7999877929688</ele>
        <time>2024-03-16T12:04:13.251Z</time>
      </trkpt>
      <trkpt lat="35.6167399417609" lon="127.46679998002946">
        <ele>971</ele>
        <time>2024-03-16T12:04:30.251Z</time>
      </trkpt>
      <trkpt lat="35.616649920120835" lon="127.46680995449424">
        <ele>968.4000244140625</ele>
        <time>2024-03-16T12:04:47.251Z</time>
      </trkpt>
      <trkpt lat="35.61661999672651" lon="127.46681992895901">
        <ele>967.5999755859375</ele>
        <time>2024-03-16T12:05:04.251Z</time>
      </trkpt>
      <trkpt lat="35.61659996397793" lon="127.46685999445617">
        <ele>966.4000244140625</ele>
        <time>2024-03-16T12:05:22.251Z</time>
      </trkpt>
      <trkpt lat="35.61646996065974" lon="127.46682998724282">
        <ele>964.4000244140625</ele>
        <time>2024-03-16T12:05:39.251Z</time>
      </trkpt>
      <trkpt lat="35.61628991737962" lon="127.46684993617237">
        <ele>960.5999755859375</ele>
        <time>2024-03-16T12:05:56.251Z</time>
      </trkpt>
      <trkpt lat="35.61615999788046" lon="127.46686996892095">
        <ele>959.5999755859375</ele>
        <time>2024-03-16T12:06:14.251Z</time>
      </trkpt>
      <trkpt lat="35.616089925169945" lon="127.46690995059907">
        <ele>959.5999755859375</ele>
        <time>2024-03-16T12:06:31.251Z</time>
      </trkpt>
      <trkpt lat="35.61601993627846" lon="127.4668899178505">
        <ele>960.2000122070312</ele>
        <time>2024-03-16T12:06:48.251Z</time>
      </trkpt>
      <trkpt lat="35.615959921851754" lon="127.46684993617237">
        <ele>961</ele>
        <time>2024-03-16T12:07:05.251Z</time>
      </trkpt>
      <trkpt lat="35.61590996570885" lon="127.46682998724282">
        <ele>961.4000244140625</ele>
        <time>2024-03-16T12:07:23.251Z</time>
      </trkpt>
      <trkpt lat="35.61588993296027" lon="127.46680995449424">
        <ele>961.7999877929688</ele>
        <time>2024-03-16T12:07:40.251Z</time>
      </trkpt>
      <trkpt lat="35.615829918533564" lon="127.46677994728088">
        <ele>962.5999755859375</ele>
        <time>2024-03-16T12:07:57.251Z</time>
      </trkpt>
      <trkpt lat="35.61564995907247" lon="127.46674994006753">
        <ele>964.7999877929688</ele>
        <time>2024-03-16T12:08:15.251Z</time>
      </trkpt>
      <trkpt lat="35.61553998850286" lon="127.46675999835134">
        <ele>965.7999877929688</ele>
        <time>2024-03-16T12:08:32.251Z</time>
      </trkpt>
      <trkpt lat="35.61551995575428" lon="127.46677994728088">
        <ele>965.7999877929688</ele>
        <time>2024-03-16T12:08:50.251Z</time>
      </trkpt>
      <trkpt lat="35.615359945222735" lon="127.46674994006753">
        <ele>965.4000244140625</ele>
        <time>2024-03-16T12:09:07.251Z</time>
      </trkpt>
      <trkpt lat="35.61529993079603" lon="127.46668992564082">
        <ele>965.2000122070312</ele>
        <time>2024-03-16T12:09:24.251Z</time>
      </trkpt>
      <trkpt lat="35.61526992358267" lon="127.46667995117605">
        <ele>965</ele>
        <time>2024-03-16T12:09:42.251Z</time>
      </trkpt>
      <trkpt lat="35.61515995301306" lon="127.46678992174566">
        <ele>965.4000244140625</ele>
        <time>2024-03-16T12:09:59.251Z</time>
      </trkpt>
      <trkpt lat="35.615069931373" lon="127.46681992895901">
        <ele>966</ele>
        <time>2024-03-16T12:10:17.251Z</time>
      </trkpt>
      <trkpt lat="35.615059956908226" lon="127.46682998724282">
        <ele>966.2000122070312</ele>
        <time>2024-03-16T12:10:34.251Z</time>
      </trkpt>
      <trkpt lat="35.614969935268164" lon="127.46683996170759">
        <ele>967</ele>
        <time>2024-03-16T12:10:51.251Z</time>
      </trkpt>
      <trkpt lat="35.61493992805481" lon="127.46681992895901">
        <ele>967.2000122070312</ele>
        <time>2024-03-16T12:11:09.251Z</time>
      </trkpt>
      <trkpt lat="35.61488997191191" lon="127.46681992895901">
        <ele>967.5999755859375</ele>
        <time>2024-03-16T12:11:26.251Z</time>
      </trkpt>
      <trkpt lat="35.61476994305849" lon="127.46674994006753">
        <ele>968</ele>
        <time>2024-03-16T12:11:44.251Z</time>
      </trkpt>
      <trkpt lat="35.61459995806217" lon="127.46673996560276">
        <ele>967.4000244140625</ele>
        <time>2024-03-16T12:12:01.251Z</time>
      </trkpt>
      <trkpt lat="35.61450993642211" lon="127.46675999835134">
        <ele>967.7999877929688</ele>
        <time>2024-03-16T12:12:19.251Z</time>
      </trkpt>
      <trkpt lat="35.614389991387725" lon="127.46683996170759">
        <ele>969</ele>
        <time>2024-03-16T12:12:36.251Z</time>
      </trkpt>
      <trkpt lat="35.61429996974766" lon="127.4668899178505">
        <ele>970</ele>
        <time>2024-03-16T12:12:54.251Z</time>
      </trkpt>
      <trkpt lat="35.61416996642947" lon="127.46706996113062">
        <ele>970.5999755859375</ele>
        <time>2024-03-16T12:13:11.251Z</time>
      </trkpt>
      <trkpt lat="35.61405999585986" lon="127.46714992448688">
        <ele>970.2000122070312</ele>
        <time>2024-03-16T12:13:29.251Z</time>
      </trkpt>
      <trkpt lat="35.6139699742198" lon="127.46715998277068">
        <ele>969.7999877929688</ele>
        <time>2024-03-16T12:13:46.251Z</time>
      </trkpt>
      <trkpt lat="35.613939967006445" lon="127.46714992448688">
        <ele>969.7999877929688</ele>
        <time>2024-03-16T12:14:04.251Z</time>
      </trkpt>
      <trkpt lat="35.61381993815303" lon="127.46714992448688">
        <ele>969.7999877929688</ele>
        <time>2024-03-16T12:14:21.251Z</time>
      </trkpt>
      <trkpt lat="35.61358993873" lon="127.46718998998404">
        <ele>970.5999755859375</ele>
        <time>2024-03-16T12:14:39.251Z</time>
      </trkpt>
      <trkpt lat="35.61349991708994" lon="127.46718998998404">
        <ele>969.7999877929688</ele>
        <time>2024-03-16T12:14:57.251Z</time>
      </trkpt>
      <trkpt lat="35.61344996094704" lon="127.46717993170023">
        <ele>969.4000244140625</ele>
        <time>2024-03-16T12:15:14.251Z</time>
      </trkpt>
      <trkpt lat="35.61342992819846" lon="127.46718998998404">
        <ele>969.4000244140625</ele>
        <time>2024-03-16T12:15:32.251Z</time>
      </trkpt>
      <trkpt lat="35.61336999759078" lon="127.46717993170023">
        <ele>969</ele>
        <time>2024-03-16T12:15:49.251Z</time>
      </trkpt>
      <trkpt lat="35.61321996152401" lon="127.46719996444881">
        <ele>965.4000244140625</ele>
        <time>2024-03-16T12:16:07.251Z</time>
      </trkpt>
      <trkpt lat="35.61317997984588" lon="127.46718998998404">
        <ele>964.4000244140625</ele>
        <time>2024-03-16T12:16:25.251Z</time>
      </trkpt>
      <trkpt lat="35.61313999816775" lon="127.46718998998404">
        <ele>963.4000244140625</ele>
        <time>2024-03-16T12:16:42.251Z</time>
      </trkpt>
      <trkpt lat="35.6131099909544" lon="127.46721999719739">
        <ele>962.4000244140625</ele>
        <time>2024-03-16T12:17:00.251Z</time>
      </trkpt>
      <trkpt lat="35.61309993267059" lon="127.46724992059171">
        <ele>961.5999755859375</ele>
        <time>2024-03-16T12:17:18.251Z</time>
      </trkpt>
      <trkpt lat="35.61306992545724" lon="127.46727992780507">
        <ele>960.4000244140625</ele>
        <time>2024-03-16T12:17:35.251Z</time>
      </trkpt>
      <trkpt lat="35.613059950992465" lon="127.46726995334029">
        <ele>960.2000122070312</ele>
        <time>2024-03-16T12:17:53.251Z</time>
      </trkpt>
      <trkpt lat="35.61304997652769" lon="127.46733994223177">
        <ele>958.5999755859375</ele>
        <time>2024-03-16T12:18:11.251Z</time>
      </trkpt>
      <trkpt lat="35.612949980422854" lon="127.46735997498035">
        <ele>955.4000244140625</ele>
        <time>2024-03-16T12:18:28.251Z</time>
      </trkpt>
      <trkpt lat="35.6129199732095" lon="127.4673799239099">
        <ele>954.4000244140625</ele>
        <time>2024-03-16T12:18:46.251Z</time>
      </trkpt>
      <trkpt lat="35.612909998744726" lon="127.46739995665848">
        <ele>953.7999877929688</ele>
        <time>2024-03-16T12:19:04.251Z</time>
      </trkpt>
      <trkpt lat="35.612889965996146" lon="127.46739995665848">
        <ele>953.4000244140625</ele>
        <time>2024-03-16T12:19:21.251Z</time>
      </trkpt>
      <trkpt lat="35.61287999153137" lon="127.46740993112326">
        <ele>953</ele>
        <time>2024-03-16T12:19:39.251Z</time>
      </trkpt>
      <trkpt lat="35.612799944356084" lon="127.46738998219371">
        <ele>951.2000122070312</ele>
        <time>2024-03-16T12:19:57.251Z</time>
      </trkpt>
      <trkpt lat="35.612779995426536" lon="127.46735997498035">
        <ele>951.4000244140625</ele>
        <time>2024-03-16T12:20:14.251Z</time>
      </trkpt>
      <trkpt lat="35.61274998821318" lon="127.46734991669655">
        <ele>951</ele>
        <time>2024-03-16T12:20:32.251Z</time>
      </trkpt>
      <trkpt lat="35.61271998099983" lon="127.46729996055365">
        <ele>951.2000122070312</ele>
        <time>2024-03-16T12:20:50.251Z</time>
      </trkpt>
      <trkpt lat="35.61269994825125" lon="127.46731999330223">
        <ele>950.4000244140625</ele>
        <time>2024-03-16T12:21:07.251Z</time>
      </trkpt>
      <trkpt lat="35.61266994103789" lon="127.467329967767">
        <ele>949.7999877929688</ele>
        <time>2024-03-16T12:21:25.251Z</time>
      </trkpt>
      <trkpt lat="35.61263993382454" lon="127.46735997498035">
        <ele>948.5999755859375</ele>
        <time>2024-03-16T12:21:43.251Z</time>
      </trkpt>
      <trkpt lat="35.61261998489499" lon="127.46739995665848">
        <ele>947.2000122070312</ele>
        <time>2024-03-16T12:22:00.251Z</time>
      </trkpt>
      <trkpt lat="35.612629959359765" lon="127.46742996387184">
        <ele>946.7999877929688</ele>
        <time>2024-03-16T12:22:18.251Z</time>
      </trkpt>
      <trkpt lat="35.61258997768164" lon="127.46749995276332">
        <ele>944.4000244140625</ele>
        <time>2024-03-16T12:22:36.251Z</time>
      </trkpt>
      <trkpt lat="35.61258997768164" lon="127.4675199855119">
        <ele>944</ele>
        <time>2024-03-16T12:22:54.251Z</time>
      </trkpt>
      <trkpt lat="35.6124899815768" lon="127.46765996329486">
        <ele>939.5999755859375</ele>
        <time>2024-03-16T12:23:11.251Z</time>
      </trkpt>
      <trkpt lat="35.61239995993674" lon="127.46766993775964">
        <ele>937.2000122070312</ele>
        <time>2024-03-16T12:23:29.251Z</time>
      </trkpt>
      <trkpt lat="35.612389985471964" lon="127.46768997050822">
        <ele>936.2000122070312</ele>
        <time>2024-03-16T12:23:47.251Z</time>
      </trkpt>
      <trkpt lat="35.61231999658048" lon="127.46770991943777">
        <ele>933</ele>
        <time>2024-03-16T12:24:05.251Z</time>
      </trkpt>
      <trkpt lat="35.61226995661855" lon="127.46770991943777">
        <ele>931.2000122070312</ele>
        <time>2024-03-16T12:24:22.251Z</time>
      </trkpt>
      <trkpt lat="35.61224992386997" lon="127.46772995218635">
        <ele>930.2000122070312</ele>
        <time>2024-03-16T12:24:40.251Z</time>
      </trkpt>
      <trkpt lat="35.61224992386997" lon="127.46774998493493">
        <ele>929.5999755859375</ele>
        <time>2024-03-16T12:24:58.251Z</time>
      </trkpt>
      <trkpt lat="35.61220994219184" lon="127.46777999214828">
        <ele>928.2000122070312</ele>
        <time>2024-03-16T12:25:16.251Z</time>
      </trkpt>
      <trkpt lat="35.612199967727065" lon="127.46776993386447">
        <ele>928.4000244140625</ele>
        <time>2024-03-16T12:25:33.251Z</time>
      </trkpt>
      <trkpt lat="35.612179934978485" lon="127.46777999214828">
        <ele>927.7999877929688</ele>
        <time>2024-03-16T12:25:51.251Z</time>
      </trkpt>
      <trkpt lat="35.61215998604894" lon="127.46780999936163">
        <ele>926.5999755859375</ele>
        <time>2024-03-16T12:26:09.251Z</time>
      </trkpt>
      <trkpt lat="35.61214992776513" lon="127.46783992275596">
        <ele>925.5999755859375</ele>
        <time>2024-03-16T12:26:27.251Z</time>
      </trkpt>
      <trkpt lat="35.612109946087" lon="127.46783992275596">
        <ele>925.2000122070312</ele>
        <time>2024-03-16T12:26:44.251Z</time>
      </trkpt>
      <trkpt lat="35.612049931660295" lon="127.46781997382641">
        <ele>925.2000122070312</ele>
        <time>2024-03-16T12:27:02.251Z</time>
      </trkpt>
      <trkpt lat="35.612009949982166" lon="127.46781997382641">
        <ele>924.7999877929688</ele>
        <time>2024-03-16T12:27:20.251Z</time>
      </trkpt>
      <trkpt lat="35.61199997551739" lon="127.46785995550454">
        <ele>923.4000244140625</ele>
        <time>2024-03-16T12:27:38.251Z</time>
      </trkpt>
      <trkpt lat="35.61188992112875" lon="127.46788996271789">
        <ele>924.5999755859375</ele>
        <time>2024-03-16T12:27:56.251Z</time>
      </trkpt>
      <trkpt lat="35.61184993945062" lon="127.4679499771446">
        <ele>923.4000244140625</ele>
        <time>2024-03-16T12:28:13.251Z</time>
      </trkpt>
      <trkpt lat="35.61175991781056" lon="127.46804997324944">
        <ele>920</ele>
        <time>2024-03-16T12:28:31.251Z</time>
      </trkpt>
      <trkpt lat="35.61172999441624" lon="127.46810998767614">
        <ele>918.2000122070312</ele>
        <time>2024-03-16T12:28:49.251Z</time>
      </trkpt>
      <trkpt lat="35.61170996166766" lon="127.46812993660569">
        <ele>917.4000244140625</ele>
        <time>2024-03-16T12:29:07.251Z</time>
      </trkpt>
      <trkpt lat="35.61158993281424" lon="127.46817997656763">
        <ele>918.7999877929688</ele>
        <time>2024-03-16T12:29:25.251Z</time>
      </trkpt>
      <trkpt lat="35.61156998388469" lon="127.46820998378098">
        <ele>918</ele>
        <time>2024-03-16T12:29:43.251Z</time>
      </trkpt>
      <trkpt lat="35.61151994392276" lon="127.46822993271053">
        <ele>918.5999755859375</ele>
        <time>2024-03-16T12:30:00.251Z</time>
      </trkpt>
      <trkpt lat="35.61140997335315" lon="127.46834996156394">
        <ele>916.2000122070312</ele>
        <time>2024-03-16T12:30:18.251Z</time>
      </trkpt>
      <trkpt lat="35.61136999167502" lon="127.4683799687773">
        <ele>915.7999877929688</ele>
        <time>2024-03-16T12:30:36.251Z</time>
      </trkpt>
      <trkpt lat="35.61130997724831" lon="127.46840997599065">
        <ele>915.5999755859375</ele>
        <time>2024-03-16T12:30:54.251Z</time>
      </trkpt>
      <trkpt lat="35.61128994449973" lon="127.46846999041736">
        <ele>913.5999755859375</ele>
        <time>2024-03-16T12:31:12.251Z</time>
      </trkpt>
      <trkpt lat="35.61127997003496" lon="127.46855992823839">
        <ele>909.4000244140625</ele>
        <time>2024-03-16T12:31:30.251Z</time>
      </trkpt>
      <trkpt lat="35.61125993728638" lon="127.46859999373555">
        <ele>907.7999877929688</ele>
        <time>2024-03-16T12:31:48.251Z</time>
      </trkpt>
      <trkpt lat="35.61122993007302" lon="127.46863997541368">
        <ele>906.7999877929688</ele>
        <time>2024-03-16T12:32:06.251Z</time>
      </trkpt>
      <trkpt lat="35.61121995560825" lon="127.46869998984039">
        <ele>904.7999877929688</ele>
        <time>2024-03-16T12:32:24.251Z</time>
      </trkpt>
      <trkpt lat="35.61119992285967" lon="127.46873997151852">
        <ele>902.7999877929688</ele>
        <time>2024-03-16T12:32:41.251Z</time>
      </trkpt>
      <trkpt lat="35.61117997393012" lon="127.46876997873187">
        <ele>901.2000122070312</ele>
        <time>2024-03-16T12:32:59.251Z</time>
      </trkpt>
      <trkpt lat="35.611129933968186" lon="127.46876997873187">
        <ele>901.2000122070312</ele>
        <time>2024-03-16T12:33:17.251Z</time>
      </trkpt>
      <trkpt lat="35.61108995229006" lon="127.46880996041">
        <ele>899.2000122070312</ele>
        <time>2024-03-16T12:33:35.251Z</time>
      </trkpt>
      <trkpt lat="35.611059945076704" lon="127.46880996041">
        <ele>898.7999877929688</ele>
        <time>2024-03-16T12:33:53.251Z</time>
      </trkpt>
      <trkpt lat="35.611039996147156" lon="127.46878992766142">
        <ele>899.7999877929688</ele>
        <time>2024-03-16T12:34:11.251Z</time>
      </trkpt>
      <trkpt lat="35.61098995618522" lon="127.46876997873187">
        <ele>900.2000122070312</ele>
        <time>2024-03-16T12:34:29.251Z</time>
      </trkpt>
      <trkpt lat="35.61095994897187" lon="127.46877995319664">
        <ele>899.2000122070312</ele>
        <time>2024-03-16T12:34:47.251Z</time>
      </trkpt>
      <trkpt lat="35.61087998561561" lon="127.46883996762335">
        <ele>894.5999755859375</ele>
        <time>2024-03-16T12:35:05.251Z</time>
      </trkpt>
      <trkpt lat="35.610869927331805" lon="127.46882999315858">
        <ele>895</ele>
        <time>2024-03-16T12:35:23.251Z</time>
      </trkpt>
      <trkpt lat="35.61080999672413" lon="127.46884994208813">
        <ele>892.4000244140625</ele>
        <time>2024-03-16T12:35:41.251Z</time>
      </trkpt>
      <trkpt lat="35.61076993122697" lon="127.46881993487477">
        <ele>893</ele>
        <time>2024-03-16T12:35:59.251Z</time>
      </trkpt>
      <trkpt lat="35.61065996065736" lon="127.46879998594522">
        <ele>892.2000122070312</ele>
        <time>2024-03-16T12:36:17.251Z</time>
      </trkpt>
      <trkpt lat="35.610569939017296" lon="127.46884994208813">
        <ele>888.7999877929688</ele>
        <time>2024-03-16T12:36:35.251Z</time>
      </trkpt>
      <trkpt lat="35.61055996455252" lon="127.46882999315858">
        <ele>889.4000244140625</ele>
        <time>2024-03-16T12:36:53.251Z</time>
      </trkpt>
      <trkpt lat="35.61049995012581" lon="127.4688599165529">
        <ele>886.4000244140625</ele>
        <time>2024-03-16T12:37:11.251Z</time>
      </trkpt>
      <trkpt lat="35.61042996123433" lon="127.46883996762335">
        <ele>885.4000244140625</ele>
        <time>2024-03-16T12:37:29.251Z</time>
      </trkpt>
      <trkpt lat="35.61041998676956" lon="127.46879998594522">
        <ele>887</ele>
        <time>2024-03-16T12:37:47.251Z</time>
      </trkpt>
      <trkpt lat="35.610349997878075" lon="127.46876997873187">
        <ele>886.4000244140625</ele>
        <time>2024-03-16T12:38:05.251Z</time>
      </trkpt>
      <trkpt lat="35.61029995791614" lon="127.46871993876994">
        <ele>887.2000122070312</ele>
        <time>2024-03-16T12:38:23.251Z</time>
      </trkpt>
      <trkpt lat="35.61027992516756" lon="127.46868993155658">
        <ele>888</ele>
        <time>2024-03-16T12:38:41.251Z</time>
      </trkpt>
      <trkpt lat="35.61025997623801" lon="127.46868993155658">
        <ele>887.4000244140625</ele>
        <time>2024-03-16T12:38:59.251Z</time>
      </trkpt>
      <trkpt lat="35.61012997291982" lon="127.46862991712987">
        <ele>886</ele>
        <time>2024-03-16T12:39:17.251Z</time>
      </trkpt>
      <trkpt lat="35.61001991853118" lon="127.46855992823839">
        <ele>885.5999755859375</ele>
        <time>2024-03-16T12:39:35.251Z</time>
      </trkpt>
      <trkpt lat="35.6099499296397" lon="127.46854995377362">
        <ele>883.4000244140625</ele>
        <time>2024-03-16T12:39:53.251Z</time>
      </trkpt>
      <trkpt lat="35.60988999903202" lon="127.46855992823839">
        <ele>880.7999877929688</ele>
        <time>2024-03-16T12:40:11.251Z</time>
      </trkpt>
      <trkpt lat="35.60984993353486" lon="127.46854995377362">
        <ele>879.7999877929688</ele>
        <time>2024-03-16T12:40:29.251Z</time>
      </trkpt>
      <trkpt lat="35.60981992632151" lon="127.46851994656026">
        <ele>880</ele>
        <time>2024-03-16T12:40:47.251Z</time>
      </trkpt>
      <trkpt lat="35.609769970178604" lon="127.46850997209549">
        <ele>878.5999755859375</ele>
        <time>2024-03-16T12:41:05.251Z</time>
      </trkpt>
      <trkpt lat="35.60969998128712" lon="127.46847996488214">
        <ele>878.7999877929688</ele>
        <time>2024-03-16T12:41:23.251Z</time>
      </trkpt>
      <trkpt lat="35.609599985182285" lon="127.46846999041736">
        <ele>878</ele>
        <time>2024-03-16T12:41:41.251Z</time>
      </trkpt>
      <trkpt lat="35.60956997796893" lon="127.46846999041736">
        <ele>877.4000244140625</ele>
        <time>2024-03-16T12:42:00.251Z</time>
      </trkpt>
      <trkpt lat="35.60947995632887" lon="127.46850997209549">
        <ele>873.7999877929688</ele>
        <time>2024-03-16T12:42:18.251Z</time>
      </trkpt>
      <trkpt lat="35.60928993858397" lon="127.46846999041736">
        <ele>875</ele>
        <time>2024-03-16T12:42:36.251Z</time>
      </trkpt>
      <trkpt lat="35.60924995690584" lon="127.46848993934691">
        <ele>873</ele>
        <time>2024-03-16T12:42:54.251Z</time>
      </trkpt>
      <trkpt lat="35.609169993549585" lon="127.46848993934691">
        <ele>871.7999877929688</ele>
        <time>2024-03-16T12:43:12.251Z</time>
      </trkpt>
      <trkpt lat="35.6090899463743" lon="127.46844995766878">
        <ele>873.4000244140625</ele>
        <time>2024-03-16T12:43:30.251Z</time>
      </trkpt>
      <trkpt lat="35.60902993194759" lon="127.46846999041736">
        <ele>870.7999877929688</ele>
        <time>2024-03-16T12:43:48.251Z</time>
      </trkpt>
      <trkpt lat="35.60896991752088" lon="127.46849999763072">
        <ele>867</ele>
        <time>2024-03-16T12:44:07.251Z</time>
      </trkpt>
      <trkpt lat="35.60893999412656" lon="127.46847996488214">
        <ele>867.7999877929688</ele>
        <time>2024-03-16T12:44:25.251Z</time>
      </trkpt>
      <trkpt lat="35.608889954164624" lon="127.46848993934691">
        <ele>865.4000244140625</ele>
        <time>2024-03-16T12:44:43.251Z</time>
      </trkpt>
      <trkpt lat="35.608889954164624" lon="127.46846999041736">
        <ele>867</ele>
        <time>2024-03-16T12:45:01.251Z</time>
      </trkpt>
      <trkpt lat="35.60883999802172" lon="127.46845993213356">
        <ele>866</ele>
        <time>2024-03-16T12:45:19.251Z</time>
      </trkpt>
      <trkpt lat="35.608829939737916" lon="127.46845993213356">
        <ele>865.5999755859375</ele>
        <time>2024-03-16T12:45:37.251Z</time>
      </trkpt>
      <trkpt lat="35.60881996527314" lon="127.46847996488214">
        <ele>863.5999755859375</ele>
        <time>2024-03-16T12:45:56.251Z</time>
      </trkpt>
      <trkpt lat="35.60878995805979" lon="127.46847996488214">
        <ele>862.5999755859375</ele>
        <time>2024-03-16T12:46:14.251Z</time>
      </trkpt>
      <trkpt lat="35.60870999470353" lon="127.46845993213356">
        <ele>861.4000244140625</ele>
        <time>2024-03-16T12:46:32.251Z</time>
      </trkpt>
      <trkpt lat="35.60868996195495" lon="127.46844995766878">
        <ele>861.5999755859375</ele>
        <time>2024-03-16T12:46:50.251Z</time>
      </trkpt>
      <trkpt lat="35.60868996195495" lon="127.46843998320401">
        <ele>862.2000122070312</ele>
        <time>2024-03-16T12:47:08.251Z</time>
      </trkpt>
      <trkpt lat="35.60863992199302" lon="127.46843998320401">
        <ele>860.5999755859375</ele>
        <time>2024-03-16T12:47:27.251Z</time>
      </trkpt>
      <trkpt lat="35.60859994031489" lon="127.46841995045543">
        <ele>860.5999755859375</ele>
        <time>2024-03-16T12:47:45.251Z</time>
      </trkpt>
      <trkpt lat="35.60857999138534" lon="127.4684299249202">
        <ele>859.2000122070312</ele>
        <time>2024-03-16T12:48:03.251Z</time>
      </trkpt>
      <trkpt lat="35.60854998417199" lon="127.46840997599065">
        <ele>859.5999755859375</ele>
        <time>2024-03-16T12:48:21.251Z</time>
      </trkpt>
      <trkpt lat="35.60852995142341" lon="127.46840997599065">
        <ele>858.7999877929688</ele>
        <time>2024-03-16T12:48:39.251Z</time>
      </trkpt>
      <trkpt lat="35.60851997695863" lon="127.4684299249202">
        <ele>857</ele>
        <time>2024-03-16T12:48:58.251Z</time>
      </trkpt>
      <trkpt lat="35.608479995280504" lon="127.46841995045543">
        <ele>856.4000244140625</ele>
        <time>2024-03-16T12:49:16.251Z</time>
      </trkpt>
      <trkpt lat="35.608419980853796" lon="127.46844995766878">
        <ele>852.7999877929688</ele>
        <time>2024-03-16T12:49:34.251Z</time>
      </trkpt>
      <trkpt lat="35.60838997364044" lon="127.46843998320401">
        <ele>852.5999755859375</ele>
        <time>2024-03-16T12:49:52.251Z</time>
      </trkpt>
      <trkpt lat="35.60838997364044" lon="127.46845993213356">
        <ele>851.4000244140625</ele>
        <time>2024-03-16T12:50:11.251Z</time>
      </trkpt>
      <trkpt lat="35.608329959213734" lon="127.46845993213356">
        <ele>849.7999877929688</ele>
        <time>2024-03-16T12:50:29.251Z</time>
      </trkpt>
      <trkpt lat="35.608289977535605" lon="127.46847996488214">
        <ele>847.5999755859375</ele>
        <time>2024-03-16T12:50:47.251Z</time>
      </trkpt>
      <trkpt lat="35.60816994868219" lon="127.46848993934691">
        <ele>845.4000244140625</ele>
        <time>2024-03-16T12:51:05.251Z</time>
      </trkpt>
      <trkpt lat="35.60812996700406" lon="127.46850997209549">
        <ele>844.4000244140625</ele>
        <time>2024-03-16T12:51:23.251Z</time>
      </trkpt>
      <trkpt lat="35.60808998532593" lon="127.46851994656026">
        <ele>843.5999755859375</ele>
        <time>2024-03-16T12:51:42.251Z</time>
      </trkpt>
      <trkpt lat="35.608039945364" lon="127.46850997209549">
        <ele>843.4000244140625</ele>
        <time>2024-03-16T12:52:00.251Z</time>
      </trkpt>
      <trkpt lat="35.60801999643445" lon="127.46851994656026">
        <ele>842.5999755859375</ele>
        <time>2024-03-16T12:52:18.251Z</time>
      </trkpt>
      <trkpt lat="35.60801999643445" lon="127.46850997209549">
        <ele>843</ele>
        <time>2024-03-16T12:52:37.251Z</time>
      </trkpt>
      <trkpt lat="35.60792997479439" lon="127.46853997930884">
        <ele>841.7999877929688</ele>
        <time>2024-03-16T12:52:55.251Z</time>
      </trkpt>
      <trkpt lat="35.607859985902905" lon="127.46853997930884">
        <ele>841.7999877929688</ele>
        <time>2024-03-16T12:53:13.251Z</time>
      </trkpt>
      <trkpt lat="35.607729982584715" lon="127.46850997209549">
        <ele>840.4000244140625</ele>
        <time>2024-03-16T12:53:31.251Z</time>
      </trkpt>
      <trkpt lat="35.60771992430091" lon="127.46852992102504">
        <ele>839.7999877929688</ele>
        <time>2024-03-16T12:53:50.251Z</time>
      </trkpt>
      <trkpt lat="35.60767994262278" lon="127.46852992102504">
        <ele>839.2000122070312</ele>
        <time>2024-03-16T12:54:08.251Z</time>
      </trkpt>
      <trkpt lat="35.60762998647988" lon="127.46855992823839">
        <ele>838</ele>
        <time>2024-03-16T12:54:26.251Z</time>
      </trkpt>
      <trkpt lat="35.60756997205317" lon="127.4685699865222">
        <ele>837</ele>
        <time>2024-03-16T12:54:45.251Z</time>
      </trkpt>
      <trkpt lat="35.607559997588396" lon="127.46862991712987">
        <ele>835.4000244140625</ele>
        <time>2024-03-16T12:55:03.251Z</time>
      </trkpt>
      <trkpt lat="35.60756997205317" lon="127.46863997541368">
        <ele>835</ele>
        <time>2024-03-16T12:55:21.251Z</time>
      </trkpt>
      <trkpt lat="35.60756997205317" lon="127.46869998984039">
        <ele>834.2000122070312</ele>
        <time>2024-03-16T12:55:40.251Z</time>
      </trkpt>
      <trkpt lat="35.60754993930459" lon="127.46875992044806">
        <ele>833.5999755859375</ele>
        <time>2024-03-16T12:55:58.251Z</time>
      </trkpt>
      <trkpt lat="35.60747995041311" lon="127.46888992376626">
        <ele>831</ele>
        <time>2024-03-16T12:56:16.251Z</time>
      </trkpt>
      <trkpt lat="35.6074199359864" lon="127.46902998536825">
        <ele>829.4000244140625</ele>
        <time>2024-03-16T12:56:35.251Z</time>
      </trkpt>
      <trkpt lat="35.60737995430827" lon="127.4690599925816">
        <ele>829</ele>
        <time>2024-03-16T12:56:53.251Z</time>
      </trkpt>
      <trkpt lat="35.60737995430827" lon="127.46908999979496">
        <ele>829.2000122070312</ele>
        <time>2024-03-16T12:57:11.251Z</time>
      </trkpt>
      <trkpt lat="35.60735992155969" lon="127.46913995593786">
        <ele>829</ele>
        <time>2024-03-16T12:57:30.251Z</time>
      </trkpt>
      <trkpt lat="35.60734994709492" lon="127.46913995593786">
        <ele>829</ele>
        <time>2024-03-16T12:57:48.251Z</time>
      </trkpt>
      <trkpt lat="35.60730996541679" lon="127.46916996315122">
        <ele>828.4000244140625</ele>
        <time>2024-03-16T12:58:07.251Z</time>
      </trkpt>
      <trkpt lat="35.60731993988156" lon="127.46919997036457">
        <ele>828.2000122070312</ele>
        <time>2024-03-16T12:58:25.251Z</time>
      </trkpt>
      <trkpt lat="35.60730996541679" lon="127.4692399520427">
        <ele>827.7999877929688</ele>
        <time>2024-03-16T12:58:43.251Z</time>
      </trkpt>
      <trkpt lat="35.60718993656337" lon="127.46932997368276">
        <ele>826.5999755859375</ele>
        <time>2024-03-16T12:59:02.251Z</time>
      </trkpt>
      <trkpt lat="35.6071799620986" lon="127.46936995536089">
        <ele>826.4000244140625</ele>
        <time>2024-03-16T12:59:20.251Z</time>
      </trkpt>
      <trkpt lat="35.607149954885244" lon="127.46941999532282">
        <ele>826.5999755859375</ele>
        <time>2024-03-16T12:59:39.251Z</time>
      </trkpt>
      <trkpt lat="35.60707996599376" lon="127.46949995867908">
        <ele>824</ele>
        <time>2024-03-16T12:59:57.251Z</time>
      </trkpt>
      <trkpt lat="35.60707996599376" lon="127.46954999864101">
        <ele>823</ele>
        <time>2024-03-16T13:00:15.251Z</time>
      </trkpt>
      <trkpt lat="35.60705993324518" lon="127.46956994757056">
        <ele>823.4000244140625</ele>
        <time>2024-03-16T13:00:34.251Z</time>
      </trkpt>
      <trkpt lat="35.60704995878041" lon="127.4696199875325">
        <ele>823.7999877929688</ele>
        <time>2024-03-16T13:00:52.251Z</time>
      </trkpt>
      <trkpt lat="35.60704995878041" lon="127.46965996921062">
        <ele>824</ele>
        <time>2024-03-16T13:01:11.251Z</time>
      </trkpt>
      <trkpt lat="35.606999918818474" lon="127.46971998363733">
        <ele>824.7999877929688</ele>
        <time>2024-03-16T13:01:29.251Z</time>
      </trkpt>
      <trkpt lat="35.606959937140346" lon="127.46978997252882">
        <ele>824.2000122070312</ele>
        <time>2024-03-16T13:01:48.251Z</time>
      </trkpt>
      <trkpt lat="35.6069399882108" lon="127.46983992867172">
        <ele>823.4000244140625</ele>
        <time>2024-03-16T13:02:06.251Z</time>
      </trkpt>
      <trkpt lat="35.60688994824886" lon="127.47006992809474">
        <ele>821.5999755859375</ele>
        <time>2024-03-16T13:02:25.251Z</time>
      </trkpt>
      <trkpt lat="35.60688994824886" lon="127.47022993862629">
        <ele>821.2000122070312</ele>
        <time>2024-03-16T13:02:43.251Z</time>
      </trkpt>
      <trkpt lat="35.60681995935738" lon="127.47024997137487">
        <ele>819.5999755859375</ele>
        <time>2024-03-16T13:03:02.251Z</time>
      </trkpt>
      <trkpt lat="35.606739996001124" lon="127.47021996416152">
        <ele>818</ele>
        <time>2024-03-16T13:03:20.251Z</time>
      </trkpt>
      <trkpt lat="35.60672993771732" lon="127.47019993141294">
        <ele>817.7999877929688</ele>
        <time>2024-03-16T13:03:39.251Z</time>
      </trkpt>
      <trkpt lat="35.60668995603919" lon="127.47018995694816">
        <ele>816.7999877929688</ele>
        <time>2024-03-16T13:03:57.251Z</time>
      </trkpt>
      <trkpt lat="35.60659993439913" lon="127.47019993141294">
        <ele>814</ele>
        <time>2024-03-16T13:04:16.251Z</time>
      </trkpt>
      <trkpt lat="35.60659993439913" lon="127.47018995694816">
        <ele>813.7999877929688</ele>
        <time>2024-03-16T13:04:34.251Z</time>
      </trkpt>
      <trkpt lat="35.606559952721" lon="127.47016992419958">
        <ele>812.7999877929688</ele>
        <time>2024-03-16T13:04:53.251Z</time>
      </trkpt>
      <trkpt lat="35.606529945507646" lon="127.47018995694816">
        <ele>812.5999755859375</ele>
        <time>2024-03-16T13:05:11.251Z</time>
      </trkpt>
      <trkpt lat="35.60647998936474" lon="127.47018995694816">
        <ele>811.5999755859375</ele>
        <time>2024-03-16T13:05:30.251Z</time>
      </trkpt>
      <trkpt lat="35.60640991665423" lon="127.47025994583964">
        <ele>811.4000244140625</ele>
        <time>2024-03-16T13:05:48.251Z</time>
      </trkpt>
      <trkpt lat="35.6063699349761" lon="127.470289953053">
        <ele>810.7999877929688</ele>
        <time>2024-03-16T13:06:07.251Z</time>
      </trkpt>
      <trkpt lat="35.60635996051133" lon="127.47030998580158">
        <ele>810.5999755859375</ele>
        <time>2024-03-16T13:06:25.251Z</time>
      </trkpt>
      <trkpt lat="35.60627999715507" lon="127.47037997469306">
        <ele>809.2000122070312</ele>
        <time>2024-03-16T13:06:44.251Z</time>
      </trkpt>
      <trkpt lat="35.60621998272836" lon="127.47048994526267">
        <ele>808.7999877929688</ele>
        <time>2024-03-16T13:07:02.251Z</time>
      </trkpt>
      <trkpt lat="35.606229957193136" lon="127.47050997801125">
        <ele>809.4000244140625</ele>
        <time>2024-03-16T13:07:21.251Z</time>
      </trkpt>
      <trkpt lat="35.606159968301654" lon="127.47057996690273">
        <ele>807.5999755859375</ele>
        <time>2024-03-16T13:07:40.251Z</time>
      </trkpt>
      <trkpt lat="35.60605997219682" lon="127.47076998464763">
        <ele>803.5999755859375</ele>
        <time>2024-03-16T13:07:58.251Z</time>
      </trkpt>
      <trkpt lat="35.60599995777011" lon="127.47081994079053">
        <ele>801.4000244140625</ele>
        <time>2024-03-16T13:08:17.251Z</time>
      </trkpt>
      <trkpt lat="35.605969950556755" lon="127.47085992246866">
        <ele>799.2000122070312</ele>
        <time>2024-03-16T13:08:35.251Z</time>
      </trkpt>
      <trkpt lat="35.60589996166527" lon="127.47103996574879">
        <ele>793.4000244140625</ele>
        <time>2024-03-16T13:08:54.251Z</time>
      </trkpt>
      <trkpt lat="35.60584992170334" lon="127.47112998738885">
        <ele>790</ele>
        <time>2024-03-16T13:09:13.251Z</time>
      </trkpt>
      <trkpt lat="35.60590993613005" lon="127.47121992520988">
        <ele>789.7999877929688</ele>
        <time>2024-03-16T13:09:31.251Z</time>
      </trkpt>
      <trkpt lat="35.6059399433434" lon="127.47131992131472">
        <ele>788.5999755859375</ele>
        <time>2024-03-16T13:09:50.251Z</time>
      </trkpt>
      <trkpt lat="35.60595997609198" lon="127.47142997570336">
        <ele>787.2000122070312</ele>
        <time>2024-03-16T13:10:09.251Z</time>
      </trkpt>
      <trkpt lat="35.605969950556755" lon="127.4714499246329">
        <ele>787.4000244140625</ele>
        <time>2024-03-16T13:10:27.251Z</time>
      </trkpt>
      <trkpt lat="35.60599995777011" lon="127.4714499246329">
        <ele>788.2000122070312</ele>
        <time>2024-03-16T13:10:46.251Z</time>
      </trkpt>
      <trkpt lat="35.60603993944824" lon="127.47153994627297">
        <ele>788.4000244140625</ele>
        <time>2024-03-16T13:11:05.251Z</time>
      </trkpt>
      <trkpt lat="35.606079921126366" lon="127.4715899862349">
        <ele>789</ele>
        <time>2024-03-16T13:11:23.251Z</time>
      </trkpt>
      <trkpt lat="35.60623993165791" lon="127.4717199895531">
        <ele>791.2000122070312</ele>
        <time>2024-03-16T13:11:42.251Z</time>
      </trkpt>
      <trkpt lat="35.60625996440649" lon="127.47175997123122">
        <ele>791.2000122070312</ele>
        <time>2024-03-16T13:12:01.251Z</time>
      </trkpt>
      <trkpt lat="35.60634998604655" lon="127.47184999287128">
        <ele>791.7999877929688</ele>
        <time>2024-03-16T13:12:20.251Z</time>
      </trkpt>
      <trkpt lat="35.60644998215139" lon="127.47199994511902">
        <ele>791.5999755859375</ele>
        <time>2024-03-16T13:12:38.251Z</time>
      </trkpt>
      <trkpt lat="35.60643992386758" lon="127.47202995233238">
        <ele>791</ele>
        <time>2024-03-16T13:12:57.251Z</time>
      </trkpt>
      <trkpt lat="35.60645995661616" lon="127.47205995954573">
        <ele>791</ele>
        <time>2024-03-16T13:13:16.251Z</time>
      </trkpt>
      <trkpt lat="35.60647998936474" lon="127.47211997397244">
        <ele>790.4000244140625</ele>
        <time>2024-03-16T13:13:35.251Z</time>
      </trkpt>
      <trkpt lat="35.60648996382952" lon="127.47216993011534">
        <ele>790</ele>
        <time>2024-03-16T13:13:53.251Z</time>
      </trkpt>
      <trkpt lat="35.60651997104287" lon="127.47224997729063">
        <ele>789.2000122070312</ele>
        <time>2024-03-16T13:14:12.251Z</time>
      </trkpt>
      <trkpt lat="35.606529945507646" lon="127.47231996618211">
        <ele>788.2000122070312</ele>
        <time>2024-03-16T13:14:31.251Z</time>
      </trkpt>
      <trkpt lat="35.606569927185774" lon="127.47234997339547">
        <ele>788.2000122070312</ele>
        <time>2024-03-16T13:14:50.251Z</time>
      </trkpt>
      <trkpt lat="35.606569927185774" lon="127.47241996228695">
        <ele>786.4000244140625</ele>
        <time>2024-03-16T13:15:08.251Z</time>
      </trkpt>
      <trkpt lat="35.606559952721" lon="127.47242993675172">
        <ele>785.7999877929688</ele>
        <time>2024-03-16T13:15:27.251Z</time>
      </trkpt>
      <trkpt lat="35.606589959934354" lon="127.47254996560514">
        <ele>783.5999755859375</ele>
        <time>2024-03-16T13:15:46.251Z</time>
      </trkpt>
      <trkpt lat="35.606589959934354" lon="127.47267996892333">
        <ele>781</ele>
        <time>2024-03-16T13:16:05.251Z</time>
      </trkpt>
      <trkpt lat="35.606559952721" lon="127.47272992506623">
        <ele>780</ele>
        <time>2024-03-16T13:16:24.251Z</time>
      </trkpt>
      <trkpt lat="35.606559952721" lon="127.47285992838442">
        <ele>777.5999755859375</ele>
        <time>2024-03-16T13:16:42.251Z</time>
      </trkpt>
      <trkpt lat="35.60657998546958" lon="127.47293997555971">
        <ele>776.4000244140625</ele>
        <time>2024-03-16T13:17:01.251Z</time>
      </trkpt>
      <trkpt lat="35.606549978256226" lon="127.47296998277307">
        <ele>776</ele>
        <time>2024-03-16T13:17:20.251Z</time>
      </trkpt>
      <trkpt lat="35.6065099965781" lon="127.47297995723784">
        <ele>775.7999877929688</ele>
        <time>2024-03-16T13:17:39.251Z</time>
      </trkpt>
      <trkpt lat="35.60648996382952" lon="127.4730599205941">
        <ele>775</ele>
        <time>2024-03-16T13:17:58.251Z</time>
      </trkpt>
      <trkpt lat="35.60645995661616" lon="127.47312999330461">
        <ele>773.5999755859375</ele>
        <time>2024-03-16T13:18:17.251Z</time>
      </trkpt>
      <trkpt lat="35.60645995661616" lon="127.47319998219609">
        <ele>772.2000122070312</ele>
        <time>2024-03-16T13:18:35.251Z</time>
      </trkpt>
      <trkpt lat="35.60644998215139" lon="127.47323996387422">
        <ele>771.5999755859375</ele>
        <time>2024-03-16T13:18:54.251Z</time>
      </trkpt>
      <trkpt lat="35.60642994940281" lon="127.47326997108757">
        <ele>771</ele>
        <time>2024-03-16T13:19:13.251Z</time>
      </trkpt>
      <trkpt lat="35.60640991665423" lon="127.47336996719241">
        <ele>769.4000244140625</ele>
        <time>2024-03-16T13:19:32.251Z</time>
      </trkpt>
      <trkpt lat="35.60635996051133" lon="127.47346996329725">
        <ele>767</ele>
        <time>2024-03-16T13:19:51.251Z</time>
      </trkpt>
      <trkpt lat="35.60634998604655" lon="127.47350994497538">
        <ele>766.4000244140625</ele>
        <time>2024-03-16T13:20:10.251Z</time>
      </trkpt>
      <trkpt lat="35.6063699349761" lon="127.47361999936402">
        <ele>766.2000122070312</ele>
        <time>2024-03-16T13:20:29.251Z</time>
      </trkpt>
      <trkpt lat="35.6063699349761" lon="127.47366995550692">
        <ele>766.7999877929688</ele>
        <time>2024-03-16T13:20:48.251Z</time>
      </trkpt>
      <trkpt lat="35.60640991665423" lon="127.47381999157369">
        <ele>770</ele>
        <time>2024-03-16T13:21:06.251Z</time>
      </trkpt>
      <trkpt lat="35.60645995661616" lon="127.47387992218137">
        <ele>770</ele>
        <time>2024-03-16T13:21:25.251Z</time>
      </trkpt>
      <trkpt lat="35.60646993108094" lon="127.47394999489188">
        <ele>770.2000122070312</ele>
        <time>2024-03-16T13:21:44.251Z</time>
      </trkpt>
      <trkpt lat="35.60645995661616" lon="127.47404999099672">
        <ele>771.2000122070312</ele>
        <time>2024-03-16T13:22:03.251Z</time>
      </trkpt>
      <trkpt lat="35.60642994940281" lon="127.47409994713962">
        <ele>772.2000122070312</ele>
        <time>2024-03-16T13:22:22.251Z</time>
      </trkpt>
      <trkpt lat="35.60640991665423" lon="127.47414998710155">
        <ele>772.5999755859375</ele>
        <time>2024-03-16T13:22:41.251Z</time>
      </trkpt>
      <trkpt lat="35.60640991665423" lon="127.47417999431491">
        <ele>772.7999877929688</ele>
        <time>2024-03-16T13:23:00.251Z</time>
      </trkpt>
      <trkpt lat="35.606399942189455" lon="127.47420991770923">
        <ele>772.4000244140625</ele>
        <time>2024-03-16T13:23:19.251Z</time>
      </trkpt>
      <trkpt lat="35.606399942189455" lon="127.47422995045781">
        <ele>772.4000244140625</ele>
        <time>2024-03-16T13:23:38.251Z</time>
      </trkpt>
      <trkpt lat="35.60638996772468" lon="127.47424998320639">
        <ele>772</ele>
        <time>2024-03-16T13:23:57.251Z</time>
      </trkpt>
      <trkpt lat="35.6063699349761" lon="127.47424998320639">
        <ele>771.4000244140625</ele>
        <time>2024-03-16T13:24:16.251Z</time>
      </trkpt>
      <trkpt lat="35.6063699349761" lon="127.47427999041975">
        <ele>771.4000244140625</ele>
        <time>2024-03-16T13:24:35.251Z</time>
      </trkpt>
      <trkpt lat="35.6063199788332" lon="127.47432994656265">
        <ele>769.7999877929688</ele>
        <time>2024-03-16T13:24:54.251Z</time>
      </trkpt>
      <trkpt lat="35.606289971619844" lon="127.47437998652458">
        <ele>769.4000244140625</ele>
        <time>2024-03-16T13:25:13.251Z</time>
      </trkpt>
      <trkpt lat="35.606289971619844" lon="127.47447998262942">
        <ele>769.4000244140625</ele>
        <time>2024-03-16T13:25:32.251Z</time>
      </trkpt>
      <trkpt lat="35.606269938871264" lon="127.47456992045045">
        <ele>768.4000244140625</ele>
        <time>2024-03-16T13:25:51.251Z</time>
      </trkpt>
      <trkpt lat="35.60627999715507" lon="127.4745999276638">
        <ele>768.5999755859375</ele>
        <time>2024-03-16T13:26:10.251Z</time>
      </trkpt>
      <trkpt lat="35.60627999715507" lon="127.47464996762574">
        <ele>768.7999877929688</ele>
        <time>2024-03-16T13:26:29.251Z</time>
      </trkpt>
      <trkpt lat="35.60618997551501" lon="127.47474996373057">
        <ele>766.5999755859375</ele>
        <time>2024-03-16T13:26:48.251Z</time>
      </trkpt>
      <trkpt lat="35.60618997551501" lon="127.47477997094393">
        <ele>766.2000122070312</ele>
        <time>2024-03-16T13:27:07.251Z</time>
      </trkpt>
      <trkpt lat="35.60614999383688" lon="127.47486999258399">
        <ele>766.7999877929688</ele>
        <time>2024-03-16T13:27:26.251Z</time>
      </trkpt>
      <trkpt lat="35.6061299610883" lon="127.47494995594025">
        <ele>766.5999755859375</ele>
        <time>2024-03-16T13:27:45.251Z</time>
      </trkpt>
      <trkpt lat="35.60610992833972" lon="127.47496998868883">
        <ele>765.7999877929688</ele>
        <time>2024-03-16T13:28:04.251Z</time>
      </trkpt>
      <trkpt lat="35.606099953874946" lon="127.47500997036695">
        <ele>765</ele>
        <time>2024-03-16T13:28:23.251Z</time>
      </trkpt>
      <trkpt lat="35.606119986623526" lon="127.47505992650986">
        <ele>765</ele>
        <time>2024-03-16T13:28:42.251Z</time>
      </trkpt>
      <trkpt lat="35.606119986623526" lon="127.47507995925844">
        <ele>764.5999755859375</ele>
        <time>2024-03-16T13:29:01.251Z</time>
      </trkpt>
      <trkpt lat="35.606099953874946" lon="127.47507995925844">
        <ele>763.5999755859375</ele>
        <time>2024-03-16T13:29:20.251Z</time>
      </trkpt>
      <trkpt lat="35.60608997941017" lon="127.47508993372321">
        <ele>763</ele>
        <time>2024-03-16T13:29:39.251Z</time>
      </trkpt>
      <trkpt lat="35.606099953874946" lon="127.47512999922037">
        <ele>762.7999877929688</ele>
        <time>2024-03-16T13:29:58.251Z</time>
      </trkpt>
      <trkpt lat="35.60608997941017" lon="127.4751699808985">
        <ele>761.5999755859375</ele>
        <time>2024-03-16T13:30:17.251Z</time>
      </trkpt>
      <trkpt lat="35.606099953874946" lon="127.47520996257663">
        <ele>761.4000244140625</ele>
        <time>2024-03-16T13:30:36.251Z</time>
      </trkpt>
      <trkpt lat="35.60610992833972" lon="127.4752199370414">
        <ele>761.5999755859375</ele>
        <time>2024-03-16T13:30:55.251Z</time>
      </trkpt>
      <trkpt lat="35.60614999383688" lon="127.4753599986434">
        <ele>760</ele>
        <time>2024-03-16T13:31:14.251Z</time>
      </trkpt>
      <trkpt lat="35.60614999383688" lon="127.47555999085307">
        <ele>756.2000122070312</ele>
        <time>2024-03-16T13:31:33.251Z</time>
      </trkpt>
      <trkpt lat="35.60610992833972" lon="127.4755999725312">
        <ele>754.2000122070312</ele>
        <time>2024-03-16T13:31:52.251Z</time>
      </trkpt>
      <trkpt lat="35.606099953874946" lon="127.47561992146075">
        <ele>753.2000122070312</ele>
        <time>2024-03-16T13:32:11.251Z</time>
      </trkpt>
      <trkpt lat="35.606099953874946" lon="127.47567993588746">
        <ele>751.2000122070312</ele>
        <time>2024-03-16T13:32:30.251Z</time>
      </trkpt>
      <trkpt lat="35.60605997219682" lon="127.47570994310081">
        <ele>748.7999877929688</ele>
        <time>2024-03-16T13:32:50.251Z</time>
      </trkpt>
      <trkpt lat="35.60605997219682" lon="127.47580993920565">
        <ele>746.5999755859375</ele>
        <time>2024-03-16T13:33:09.251Z</time>
      </trkpt>
      <trkpt lat="35.60604999773204" lon="127.475839946419">
        <ele>745.7999877929688</ele>
        <time>2024-03-16T13:33:28.251Z</time>
      </trkpt>
      <trkpt lat="35.60604999773204" lon="127.47587992809713">
        <ele>744</ele>
        <time>2024-03-16T13:33:47.251Z</time>
      </trkpt>
      <trkpt lat="35.60602996498346" lon="127.47589996084571">
        <ele>743</ele>
        <time>2024-03-16T13:34:06.251Z</time>
      </trkpt>
      <trkpt lat="35.6059399433434" lon="127.47590993531048">
        <ele>742</ele>
        <time>2024-03-16T13:34:25.251Z</time>
      </trkpt>
      <trkpt lat="35.60591999441385" lon="127.47588998638093">
        <ele>742.7999877929688</ele>
        <time>2024-03-16T13:34:44.251Z</time>
      </trkpt>
      <trkpt lat="35.60586995445192" lon="127.47597992420197">
        <ele>740.5999755859375</ele>
        <time>2024-03-16T13:35:03.251Z</time>
      </trkpt>
      <trkpt lat="35.605839947238564" lon="127.47611998580396">
        <ele>736.2000122070312</ele>
        <time>2024-03-16T13:35:23.251Z</time>
      </trkpt>
      <trkpt lat="35.605839947238564" lon="127.47616994194686">
        <ele>734.4000244140625</ele>
        <time>2024-03-16T13:35:42.251Z</time>
      </trkpt>
      <trkpt lat="35.605779932811856" lon="127.47623993083835">
        <ele>731.2000122070312</ele>
        <time>2024-03-16T13:36:01.251Z</time>
      </trkpt>
      <trkpt lat="35.605779932811856" lon="127.47622995637357">
        <ele>731.5999755859375</ele>
        <time>2024-03-16T13:36:20.251Z</time>
      </trkpt>
      <trkpt lat="35.60576995834708" lon="127.47628997080028">
        <ele>729.4000244140625</ele>
        <time>2024-03-16T13:36:39.251Z</time>
      </trkpt>
      <trkpt lat="35.60573995113373" lon="127.4762799963355">
        <ele>729.7999877929688</ele>
        <time>2024-03-16T13:36:58.251Z</time>
      </trkpt>
      <trkpt lat="35.60571991838515" lon="127.47629994526505">
        <ele>729.7999877929688</ele>
        <time>2024-03-16T13:37:17.251Z</time>
      </trkpt>
      <trkpt lat="35.60565998777747" lon="127.47632995247841">
        <ele>730</ele>
        <time>2024-03-16T13:37:37.251Z</time>
      </trkpt>
      <trkpt lat="35.60565998777747" lon="127.47633992694318">
        <ele>729.7999877929688</ele>
        <time>2024-03-16T13:37:56.251Z</time>
      </trkpt>
      <trkpt lat="35.60558999888599" lon="127.47638996690512">
        <ele>729.7999877929688</ele>
        <time>2024-03-16T13:38:15.251Z</time>
      </trkpt>
      <trkpt lat="35.605559991672635" lon="127.47638996690512">
        <ele>729.7999877929688</ele>
        <time>2024-03-16T13:38:34.251Z</time>
      </trkpt>
      <trkpt lat="35.605519926175475" lon="127.47647998854518">
        <ele>727.2000122070312</ele>
        <time>2024-03-16T13:38:53.251Z</time>
      </trkpt>
      <trkpt lat="35.60544993728399" lon="127.47653991915286">
        <ele>725.5999755859375</ele>
        <time>2024-03-16T13:39:13.251Z</time>
      </trkpt>
      <trkpt lat="35.605389922857285" lon="127.47657998465002">
        <ele>724.7999877929688</ele>
        <time>2024-03-16T13:39:32.251Z</time>
      </trkpt>
      <trkpt lat="35.605389922857285" lon="127.47656992636621">
        <ele>725</ele>
        <time>2024-03-16T13:39:51.251Z</time>
      </trkpt>
      <trkpt lat="35.60537994839251" lon="127.47657998465002">
        <ele>724.7999877929688</ele>
        <time>2024-03-16T13:40:10.251Z</time>
      </trkpt>
      <trkpt lat="35.60535999946296" lon="127.47655995190144">
        <ele>725.4000244140625</ele>
        <time>2024-03-16T13:40:29.251Z</time>
      </trkpt>
      <trkpt lat="35.60532999224961" lon="127.47656992636621">
        <ele>725.2000122070312</ele>
        <time>2024-03-16T13:40:49.251Z</time>
      </trkpt>
      <trkpt lat="35.605279952287674" lon="127.47655995190144">
        <ele>725</ele>
        <time>2024-03-16T13:41:08.251Z</time>
      </trkpt>
      <trkpt lat="35.6052699778229" lon="127.47654997743666">
        <ele>725.2000122070312</ele>
        <time>2024-03-16T13:41:27.251Z</time>
      </trkpt>
      <trkpt lat="35.60515992343426" lon="127.47655995190144">
        <ele>723</ele>
        <time>2024-03-16T13:41:46.251Z</time>
      </trkpt>
      <trkpt lat="35.60506998561323" lon="127.47649993747473">
        <ele>723</ele>
        <time>2024-03-16T13:42:06.251Z</time>
      </trkpt>
      <trkpt lat="35.60503997839987" lon="127.47646993026137">
        <ele>723.2000122070312</ele>
        <time>2024-03-16T13:42:25.251Z</time>
      </trkpt>
      <trkpt lat="35.60501994565129" lon="127.47637999244034">
        <ele>724.5999755859375</ele>
        <time>2024-03-16T13:42:44.251Z</time>
      </trkpt>
      <trkpt lat="35.604999996721745" lon="127.47635995969176">
        <ele>724</ele>
        <time>2024-03-16T13:43:03.251Z</time>
      </trkpt>
      <trkpt lat="35.60496998950839" lon="127.47634998522699">
        <ele>723</ele>
        <time>2024-03-16T13:43:23.251Z</time>
      </trkpt>
      <trkpt lat="35.604919949546456" lon="127.47628997080028">
        <ele>721.2000122070312</ele>
        <time>2024-03-16T13:43:42.251Z</time>
      </trkpt>
      <trkpt lat="35.60487996786833" lon="127.4762699380517">
        <ele>719.7999877929688</ele>
        <time>2024-03-16T13:44:01.251Z</time>
      </trkpt>
      <trkpt lat="35.604849960654974" lon="127.47628997080028">
        <ele>718.7999877929688</ele>
        <time>2024-03-16T13:44:21.251Z</time>
      </trkpt>
      <trkpt lat="35.6048399861902" lon="127.4762799963355">
        <ele>718.5999755859375</ele>
        <time>2024-03-16T13:44:40.251Z</time>
      </trkpt>
      <trkpt lat="35.60481995344162" lon="127.47628997080028">
        <ele>717.7999877929688</ele>
        <time>2024-03-16T13:44:59.251Z</time>
      </trkpt>
      <trkpt lat="35.60479992069304" lon="127.47625996358693">
        <ele>717.2000122070312</ele>
        <time>2024-03-16T13:45:18.251Z</time>
      </trkpt>
      <trkpt lat="35.60470998287201" lon="127.47622995637357">
        <ele>714.2000122070312</ele>
        <time>2024-03-16T13:45:38.251Z</time>
      </trkpt>
      <trkpt lat="35.60457997955382" lon="127.47624998912215">
        <ele>709.4000244140625</ele>
        <time>2024-03-16T13:45:57.251Z</time>
      </trkpt>
      <trkpt lat="35.60453999787569" lon="127.4762699380517">
        <ele>707.4000244140625</ele>
        <time>2024-03-16T13:46:16.251Z</time>
      </trkpt>
      <trkpt lat="35.604529939591885" lon="127.47625996358693">
        <ele>707</ele>
        <time>2024-03-16T13:46:36.251Z</time>
      </trkpt>
      <trkpt lat="35.60453999787569" lon="127.47625996358693">
        <ele>707.4000244140625</ele>
        <time>2024-03-16T13:46:55.251Z</time>
      </trkpt>
      <trkpt lat="35.60451996512711" lon="127.4762199819088">
        <ele>707</ele>
        <time>2024-03-16T13:47:14.251Z</time>
      </trkpt>
      <trkpt lat="35.60451996512711" lon="127.47622995637357">
        <ele>706.7999877929688</ele>
        <time>2024-03-16T13:47:34.251Z</time>
      </trkpt>
      <trkpt lat="35.60443991795182" lon="127.47622995637357">
        <ele>703.7999877929688</ele>
        <time>2024-03-16T13:47:53.251Z</time>
      </trkpt>
      <trkpt lat="35.60442994348705" lon="127.47623993083835">
        <ele>703.4000244140625</ele>
        <time>2024-03-16T13:48:12.251Z</time>
      </trkpt>
      <trkpt lat="35.60436992906034" lon="127.47623993083835">
        <ele>702</ele>
        <time>2024-03-16T13:48:32.251Z</time>
      </trkpt>
      <trkpt lat="35.60434998013079" lon="127.4762199819088">
        <ele>701.5999755859375</ele>
        <time>2024-03-16T13:48:51.251Z</time>
      </trkpt>
      <trkpt lat="35.604339921846986" lon="127.47622995637357">
        <ele>701.2000122070312</ele>
        <time>2024-03-16T13:49:10.251Z</time>
      </trkpt>
      <trkpt lat="35.60430999845266" lon="127.47618997469544">
        <ele>701</ele>
        <time>2024-03-16T13:49:30.251Z</time>
      </trkpt>
      <trkpt lat="35.60429994016886" lon="127.47619994916022">
        <ele>700.5999755859375</ele>
        <time>2024-03-16T13:49:49.251Z</time>
      </trkpt>
      <trkpt lat="35.604209918528795" lon="127.47617991641164">
        <ele>698.4000244140625</ele>
        <time>2024-03-16T13:50:08.251Z</time>
      </trkpt>
      <trkpt lat="35.6042199768126" lon="127.47618997469544">
        <ele>698.4000244140625</ele>
        <time>2024-03-16T13:50:28.251Z</time>
      </trkpt>
      <trkpt lat="35.60415996238589" lon="127.47615996748209">
        <ele>697.7999877929688</ele>
        <time>2024-03-16T13:50:47.251Z</time>
      </trkpt>
      <trkpt lat="35.60414998792112" lon="127.47612996026874">
        <ele>698.2000122070312</ele>
        <time>2024-03-16T13:51:06.251Z</time>
      </trkpt>
      <trkpt lat="35.60410992242396" lon="127.47608997859061">
        <ele>698.2000122070312</ele>
        <time>2024-03-16T13:51:26.251Z</time>
      </trkpt>
      <trkpt lat="35.60406994074583" lon="127.47598998248577">
        <ele>698</ele>
        <time>2024-03-16T13:51:45.251Z</time>
      </trkpt>
      <trkpt lat="35.60401998460293" lon="127.47590993531048">
        <ele>697.7999877929688</ele>
        <time>2024-03-16T13:52:05.251Z</time>
      </trkpt>
      <trkpt lat="35.603989977389574" lon="127.47587992809713">
        <ele>697.5999755859375</ele>
        <time>2024-03-16T13:52:24.251Z</time>
      </trkpt>
      <trkpt lat="35.60393993742764" lon="127.47585997916758">
        <ele>697.2000122070312</ele>
        <time>2024-03-16T13:52:43.251Z</time>
      </trkpt>
      <trkpt lat="35.603909930214286" lon="127.47589996084571">
        <ele>696.5999755859375</ele>
        <time>2024-03-16T13:53:03.251Z</time>
      </trkpt>
      <trkpt lat="35.60387992300093" lon="127.47596994973719">
        <ele>696</ele>
        <time>2024-03-16T13:53:22.251Z</time>
      </trkpt>
      <trkpt lat="35.60375997796655" lon="127.47598998248577">
        <ele>694.5999755859375</ele>
        <time>2024-03-16T13:53:42.251Z</time>
      </trkpt>
      <trkpt lat="35.603669956326485" lon="127.47606994584203">
        <ele>692.5999755859375</ele>
        <time>2024-03-16T13:54:01.251Z</time>
      </trkpt>
      <trkpt lat="35.60356996022165" lon="127.47612996026874">
        <ele>691.4000244140625</ele>
        <time>2024-03-16T13:54:21.251Z</time>
      </trkpt>
      <trkpt lat="35.603519920259714" lon="127.47620992362499">
        <ele>690</ele>
        <time>2024-03-16T13:54:40.251Z</time>
      </trkpt>
      <trkpt lat="35.60345998965204" lon="127.47624998912215">
        <ele>689.4000244140625</ele>
        <time>2024-03-16T13:55:00.251Z</time>
      </trkpt>
      <trkpt lat="35.60343995690346" lon="127.47629994526505">
        <ele>688.7999877929688</ele>
        <time>2024-03-16T13:55:19.251Z</time>
      </trkpt>
      <trkpt lat="35.60329997912049" lon="127.47633992694318">
        <ele>687.4000244140625</ele>
        <time>2024-03-16T13:55:38.251Z</time>
      </trkpt>
      <trkpt lat="35.60328992083669" lon="127.47636993415654">
        <ele>686.7999877929688</ele>
        <time>2024-03-16T13:55:58.251Z</time>
      </trkpt>
      <trkpt lat="35.60322999022901" lon="127.4764099996537">
        <ele>685.2000122070312</ele>
        <time>2024-03-16T13:56:17.251Z</time>
      </trkpt>
      <trkpt lat="35.60318992473185" lon="127.4764599557966">
        <ele>683.7999877929688</ele>
        <time>2024-03-16T13:56:37.251Z</time>
      </trkpt>
      <trkpt lat="35.60318992473185" lon="127.47647998854518">
        <ele>683.4000244140625</ele>
        <time>2024-03-16T13:56:56.251Z</time>
      </trkpt>
      <trkpt lat="35.603089928627014" lon="127.47653991915286">
        <ele>680.7999877929688</ele>
        <time>2024-03-16T13:57:16.251Z</time>
      </trkpt>
      <trkpt lat="35.60303997248411" lon="127.47653991915286">
        <ele>679.5999755859375</ele>
        <time>2024-03-16T13:57:35.251Z</time>
      </trkpt>
      <trkpt lat="35.60298993252218" lon="127.47657998465002">
        <ele>677.7999877929688</ele>
        <time>2024-03-16T13:57:53.256Z</time>
      </trkpt>
      <trkpt lat="35.60298993252218" lon="127.47657998465002">
        <ele>679.7118318037178</ele>
        <time>2024-03-16T13:57:53.256Z</time>
      </trkpt>
      <trkpt lat="35.60275051943685" lon="127.47703031889046">
        <ele>673.1000145834965</ele>
        <time>2024-03-16T14:01:22.451Z</time>
      </trkpt>
      <trkpt lat="35.60275051943685" lon="127.47703031889046">
        <ele>673.1000145834965</ele>
        <time>2024-03-16T14:01:22.451Z</time>
      </trkpt>
      <trkpt lat="35.602419789320294" lon="127.47734595062474">
        <ele>680.8057922732316</ele>
        <time>2024-03-16T14:04:42.628Z</time>
      </trkpt>
      <trkpt lat="35.60214036864315" lon="127.47777924796861">
        <ele>697.2451970592938</ele>
        <time>2024-03-16T14:08:17.648Z</time>
      </trkpt>
      <trkpt lat="35.60213992372155" lon="127.47777993790805">
        <ele>697.2787332022426</ele>
        <time>2024-03-16T14:08:17.990Z</time>
      </trkpt>
      <trkpt lat="35.60213992372155" lon="127.47777993790805">
        <ele>694</ele>
        <time>2024-03-16T14:08:17.990Z</time>
      </trkpt>
      <trkpt lat="35.60213992372155" lon="127.47776996344328">
        <ele>694</ele>
        <time>2024-03-16T14:14:58.146Z</time>
      </trkpt>
      <trkpt lat="35.60212994925678" lon="127.47776996344328">
        <ele>694.2000122070312</ele>
        <time>2024-03-16T14:15:18.146Z</time>
      </trkpt>
      <trkpt lat="35.602099942043424" lon="127.47779997065663">
        <ele>695.5999755859375</ele>
        <time>2024-03-16T14:15:38.146Z</time>
      </trkpt>
      <trkpt lat="35.602059960365295" lon="127.47779997065663">
        <ele>697</ele>
        <time>2024-03-16T14:15:58.146Z</time>
      </trkpt>
      <trkpt lat="35.60201997868717" lon="127.47780994512141">
        <ele>698.5999755859375</ele>
        <time>2024-03-16T14:16:17.146Z</time>
      </trkpt>
      <trkpt lat="35.60199994593859" lon="127.47778999619186">
        <ele>699.2000122070312</ele>
        <time>2024-03-16T14:16:37.146Z</time>
      </trkpt>
      <trkpt lat="35.60198997147381" lon="127.4777599889785">
        <ele>699</ele>
        <time>2024-03-16T14:16:57.146Z</time>
      </trkpt>
      <trkpt lat="35.60189994983375" lon="127.47777993790805">
        <ele>701</ele>
        <time>2024-03-16T14:17:17.146Z</time>
      </trkpt>
      <trkpt lat="35.60184999369085" lon="127.47783995233476">
        <ele>702.4000244140625</ele>
        <time>2024-03-16T14:17:36.146Z</time>
      </trkpt>
      <trkpt lat="35.601779920980334" lon="127.47787993401289">
        <ele>703.4000244140625</ele>
        <time>2024-03-16T14:17:56.146Z</time>
      </trkpt>
      <trkpt lat="35.60176994651556" lon="127.47789996676147">
        <ele>703.4000244140625</ele>
        <time>2024-03-16T14:18:16.146Z</time>
      </trkpt>
      <trkpt lat="35.60174999758601" lon="127.47790994122624">
        <ele>703.4000244140625</ele>
        <time>2024-03-16T14:18:36.146Z</time>
      </trkpt>
      <trkpt lat="35.60174999758601" lon="127.47791999951005">
        <ele>703.5999755859375</ele>
        <time>2024-03-16T14:18:56.146Z</time>
      </trkpt>
      <trkpt lat="35.60170993208885" lon="127.47792997397482">
        <ele>703.5999755859375</ele>
        <time>2024-03-16T14:19:16.146Z</time>
      </trkpt>
      <trkpt lat="35.601609935984015" lon="127.47784992679954">
        <ele>703.7999877929688</ele>
        <time>2024-03-16T14:19:35.146Z</time>
      </trkpt>
      <trkpt lat="35.60155997984111" lon="127.47782997786999">
        <ele>704.2000122070312</ele>
        <time>2024-03-16T14:19:55.146Z</time>
      </trkpt>
      <trkpt lat="35.60152997262776" lon="127.47783995233476">
        <ele>704.4000244140625</ele>
        <time>2024-03-16T14:20:15.146Z</time>
      </trkpt>
      <trkpt lat="35.60142997652292" lon="127.47780994512141">
        <ele>705.2000122070312</ele>
        <time>2024-03-16T14:20:35.146Z</time>
      </trkpt>
      <trkpt lat="35.60139996930957" lon="127.47783995233476">
        <ele>705.7999877929688</ele>
        <time>2024-03-16T14:20:55.146Z</time>
      </trkpt>
      <trkpt lat="35.601349929347634" lon="127.47785998508334">
        <ele>706.7999877929688</ele>
        <time>2024-03-16T14:21:15.146Z</time>
      </trkpt>
      <trkpt lat="35.601239958778024" lon="127.4779399484396">
        <ele>709.4000244140625</ele>
        <time>2024-03-16T14:21:34.146Z</time>
      </trkpt>
      <trkpt lat="35.60110995545983" lon="127.47795998118818">
        <ele>711.7999877929688</ele>
        <time>2024-03-16T14:21:54.146Z</time>
      </trkpt>
      <trkpt lat="35.601049941033125" lon="127.4779999628663">
        <ele>712.7999877929688</ele>
        <time>2024-03-16T14:22:14.146Z</time>
      </trkpt>
      <trkpt lat="35.60079999268055" lon="127.47795998118818">
        <ele>713.5999755859375</ele>
        <time>2024-03-16T14:22:34.146Z</time>
      </trkpt>
      <trkpt lat="35.600749952718616" lon="127.47797993011773">
        <ele>713.5999755859375</ele>
        <time>2024-03-16T14:22:54.146Z</time>
      </trkpt>
      <trkpt lat="35.60067996382713" lon="127.47798998840153">
        <ele>714.2000122070312</ele>
        <time>2024-03-16T14:23:14.146Z</time>
      </trkpt>
      <trkpt lat="35.6006299238652" lon="127.47800993733108">
        <ele>714.7999877929688</ele>
        <time>2024-03-16T14:23:34.146Z</time>
      </trkpt>
      <trkpt lat="35.60054996050894" lon="127.4781299661845">
        <ele>715.5999755859375</ele>
        <time>2024-03-16T14:23:54.146Z</time>
      </trkpt>
      <trkpt lat="35.60052992776036" lon="127.4781899806112">
        <ele>715.2000122070312</ele>
        <time>2024-03-16T14:24:14.146Z</time>
      </trkpt>
      <trkpt lat="35.600469997152686" lon="127.47822996228933">
        <ele>715.2000122070312</ele>
        <time>2024-03-16T14:24:34.146Z</time>
      </trkpt>
      <trkpt lat="35.60030998662114" lon="127.47825996950269">
        <ele>716.2000122070312</ele>
        <time>2024-03-16T14:24:54.146Z</time>
      </trkpt>
      <trkpt lat="35.60028995387256" lon="127.47826994396746">
        <ele>716</ele>
        <time>2024-03-16T14:25:14.146Z</time>
      </trkpt>
      <trkpt lat="35.60021996498108" lon="127.47826994396746">
        <ele>715.5999755859375</ele>
        <time>2024-03-16T14:25:34.146Z</time>
      </trkpt>
      <trkpt lat="35.60006992891431" lon="127.47834999114275">
        <ele>715.5999755859375</ele>
        <time>2024-03-16T14:25:54.146Z</time>
      </trkpt>
      <trkpt lat="35.60004997998476" lon="127.4783799983561">
        <ele>715.2000122070312</ele>
        <time>2024-03-16T14:26:14.146Z</time>
      </trkpt>
      <trkpt lat="35.59996993280947" lon="127.47838997282088">
        <ele>715</ele>
        <time>2024-03-16T14:26:34.146Z</time>
      </trkpt>
      <trkpt lat="35.599909918382764" lon="127.4783799983561">
        <ele>715.2000122070312</ele>
        <time>2024-03-16T14:26:54.146Z</time>
      </trkpt>
      <trkpt lat="35.59983992949128" lon="127.47833993285894">
        <ele>715.7999877929688</ele>
        <time>2024-03-16T14:27:14.146Z</time>
      </trkpt>
      <trkpt lat="35.59979994781315" lon="127.47829995118082">
        <ele>715.4000244140625</ele>
        <time>2024-03-16T14:27:34.146Z</time>
      </trkpt>
      <trkpt lat="35.59968997724354" lon="127.47829995118082">
        <ele>716.2000122070312</ele>
        <time>2024-03-16T14:27:54.146Z</time>
      </trkpt>
      <trkpt lat="35.59965997003019" lon="127.4783199839294">
        <ele>717.4000244140625</ele>
        <time>2024-03-16T14:28:14.146Z</time>
      </trkpt>
      <trkpt lat="35.59954999946058" lon="127.47830992564559">
        <ele>719</ele>
        <time>2024-03-16T14:28:34.146Z</time>
      </trkpt>
      <trkpt lat="35.59944991953671" lon="127.47834999114275">
        <ele>720.7999877929688</ele>
        <time>2024-03-16T14:28:54.146Z</time>
      </trkpt>
      <trkpt lat="35.599439945071936" lon="127.47833993285894">
        <ele>721</ele>
        <time>2024-03-16T14:29:14.146Z</time>
      </trkpt>
      <trkpt lat="35.59939996339381" lon="127.47835996560752">
        <ele>721</ele>
        <time>2024-03-16T14:29:34.146Z</time>
      </trkpt>
      <trkpt lat="35.59937993064523" lon="127.47841998003423">
        <ele>720.4000244140625</ele>
        <time>2024-03-16T14:29:54.146Z</time>
      </trkpt>
      <trkpt lat="35.599309941753745" lon="127.47846993617713">
        <ele>720.2000122070312</ele>
        <time>2024-03-16T14:30:14.146Z</time>
      </trkpt>
      <trkpt lat="35.59924992732704" lon="127.47848996892571">
        <ele>720.7999877929688</ele>
        <time>2024-03-16T14:30:35.146Z</time>
      </trkpt>
      <trkpt lat="35.59918999671936" lon="127.47854998335242">
        <ele>721.2000122070312</ele>
        <time>2024-03-16T14:30:55.146Z</time>
      </trkpt>
      <trkpt lat="35.59912998229265" lon="127.47857999056578">
        <ele>720.4000244140625</ele>
        <time>2024-03-16T14:31:15.146Z</time>
      </trkpt>
      <trkpt lat="35.59907994233072" lon="127.47857999056578">
        <ele>720</ele>
        <time>2024-03-16T14:31:35.146Z</time>
      </trkpt>
      <trkpt lat="35.599049935117364" lon="127.47859993949533">
        <ele>720</ele>
        <time>2024-03-16T14:31:55.146Z</time>
      </trkpt>
      <trkpt lat="35.59899997897446" lon="127.47864997945726">
        <ele>718.7999877929688</ele>
        <time>2024-03-16T14:32:15.146Z</time>
      </trkpt>
      <trkpt lat="35.59899997897446" lon="127.47866992838681">
        <ele>718.4000244140625</ele>
        <time>2024-03-16T14:32:35.146Z</time>
      </trkpt>
      <trkpt lat="35.59894993901253" lon="127.47869993560016">
        <ele>718.2000122070312</ele>
        <time>2024-03-16T14:32:55.146Z</time>
      </trkpt>
      <trkpt lat="35.59892999008298" lon="127.47868996113539">
        <ele>718.4000244140625</ele>
        <time>2024-03-16T14:33:16.146Z</time>
      </trkpt>
      <trkpt lat="35.59882999397814" lon="127.47871996834874">
        <ele>717.7999877929688</ele>
        <time>2024-03-16T14:33:36.146Z</time>
      </trkpt>
      <trkpt lat="35.598639976233244" lon="127.4786199722439">
        <ele>717.7999877929688</ele>
        <time>2024-03-16T14:33:56.146Z</time>
      </trkpt>
      <trkpt lat="35.59856998734176" lon="127.47860999777913">
        <ele>717.7999877929688</ele>
        <time>2024-03-16T14:34:16.146Z</time>
      </trkpt>
      <trkpt lat="35.59836999513209" lon="127.4786199722439">
        <ele>717</ele>
        <time>2024-03-16T14:34:36.146Z</time>
      </trkpt>
      <trkpt lat="35.59821995906532" lon="127.47870999388397">
        <ele>718</ele>
        <time>2024-03-16T14:34:56.146Z</time>
      </trkpt>
      <trkpt lat="35.59819992631674" lon="127.47875995002687">
        <ele>718.2000122070312</ele>
        <time>2024-03-16T14:35:17.146Z</time>
      </trkpt>
      <trkpt lat="35.59813999570906" lon="127.47881996445358">
        <ele>719.2000122070312</ele>
        <time>2024-03-16T14:35:37.146Z</time>
      </trkpt>
      <trkpt lat="35.59811996296048" lon="127.47882993891835">
        <ele>719.4000244140625</ele>
        <time>2024-03-16T14:35:57.146Z</time>
      </trkpt>
      <trkpt lat="35.59808995574713" lon="127.47887997888029">
        <ele>720</ele>
        <time>2024-03-16T14:36:17.146Z</time>
      </trkpt>
      <trkpt lat="35.59806992299855" lon="127.478939993307">
        <ele>720.4000244140625</ele>
        <time>2024-03-16T14:36:38.146Z</time>
      </trkpt>
      <trkpt lat="35.59800999239087" lon="127.47900998219848">
        <ele>721.2000122070312</ele>
        <time>2024-03-16T14:36:58.146Z</time>
      </trkpt>
      <trkpt lat="35.59792994521558" lon="127.47906999662519">
        <ele>723</ele>
        <time>2024-03-16T14:37:18.146Z</time>
      </trkpt>
      <trkpt lat="35.5978599563241" lon="127.47916999273002">
        <ele>725.7999877929688</ele>
        <time>2024-03-16T14:37:38.146Z</time>
      </trkpt>
      <trkpt lat="35.59779994189739" lon="127.47918994165957">
        <ele>727.2000122070312</ele>
        <time>2024-03-16T14:37:59.146Z</time>
      </trkpt>
      <trkpt lat="35.597779992967844" lon="127.47920997440815">
        <ele>727.5999755859375</ele>
        <time>2024-03-16T14:38:19.146Z</time>
      </trkpt>
      <trkpt lat="35.59774998575449" lon="127.47932991944253">
        <ele>728.4000244140625</ele>
        <time>2024-03-16T14:38:39.146Z</time>
      </trkpt>
      <trkpt lat="35.59776993468404" lon="127.4794199410826">
        <ele>728.4000244140625</ele>
        <time>2024-03-16T14:38:59.146Z</time>
      </trkpt>
      <trkpt lat="35.597809916362166" lon="127.47952999547124">
        <ele>727</ele>
        <time>2024-03-16T14:39:20.146Z</time>
      </trkpt>
      <trkpt lat="35.59787998907268" lon="127.47958992607892">
        <ele>726</ele>
        <time>2024-03-16T14:39:40.146Z</time>
      </trkpt>
      <trkpt lat="35.59789993800223" lon="127.47961993329227">
        <ele>725.7999877929688</ele>
        <time>2024-03-16T14:40:00.146Z</time>
      </trkpt>
      <trkpt lat="35.59793991968036" lon="127.47962999157608">
        <ele>725.4000244140625</ele>
        <time>2024-03-16T14:40:21.146Z</time>
      </trkpt>
      <trkpt lat="35.59794997796416" lon="127.47965999878943">
        <ele>725</ele>
        <time>2024-03-16T14:40:41.146Z</time>
      </trkpt>
      <trkpt lat="35.59800999239087" lon="127.47972998768091">
        <ele>724.2000122070312</ele>
        <time>2024-03-16T14:41:01.146Z</time>
      </trkpt>
      <trkpt lat="35.598019966855645" lon="127.47978991828859">
        <ele>723.4000244140625</ele>
        <time>2024-03-16T14:41:22.146Z</time>
      </trkpt>
      <trkpt lat="35.59808995574713" lon="127.4798499327153">
        <ele>722.5999755859375</ele>
        <time>2024-03-16T14:41:42.146Z</time>
      </trkpt>
      <trkpt lat="35.598169919103384" lon="127.47988999821246">
        <ele>721.7999877929688</ele>
        <time>2024-03-16T14:42:02.146Z</time>
      </trkpt>
      <trkpt lat="35.59819992631674" lon="127.47991992160678">
        <ele>721.4000244140625</ele>
        <time>2024-03-16T14:42:23.146Z</time>
      </trkpt>
      <trkpt lat="35.598279973492026" lon="127.47996996156871">
        <ele>720.5999755859375</ele>
        <time>2024-03-16T14:42:43.146Z</time>
      </trkpt>
      <trkpt lat="35.598279973492026" lon="127.47994992882013">
        <ele>720.7999877929688</ele>
        <time>2024-03-16T14:43:04.146Z</time>
      </trkpt>
      <trkpt lat="35.598279973492026" lon="127.47999996878207">
        <ele>720.2000122070312</ele>
        <time>2024-03-16T14:43:24.146Z</time>
      </trkpt>
      <trkpt lat="35.59826999902725" lon="127.48007993213832">
        <ele>719.7999877929688</ele>
        <time>2024-03-16T14:43:44.146Z</time>
      </trkpt>
      <trkpt lat="35.59824996627867" lon="127.48015997931361">
        <ele>719.2000122070312</ele>
        <time>2024-03-16T14:44:05.146Z</time>
      </trkpt>
      <trkpt lat="35.59822993353009" lon="127.48018998652697">
        <ele>718.7999877929688</ele>
        <time>2024-03-16T14:44:25.146Z</time>
      </trkpt>
      <trkpt lat="35.598209984600544" lon="127.48038997873664">
        <ele>716.2000122070312</ele>
        <time>2024-03-16T14:44:46.146Z</time>
      </trkpt>
      <trkpt lat="35.598169919103384" lon="127.48045996762812">
        <ele>715</ele>
        <time>2024-03-16T14:45:06.146Z</time>
      </trkpt>
      <trkpt lat="35.59810998849571" lon="127.48050992377102">
        <ele>713.7999877929688</ele>
        <time>2024-03-16T14:45:26.146Z</time>
      </trkpt>
      <trkpt lat="35.59806992299855" lon="127.48049994930625">
        <ele>713.5999755859375</ele>
        <time>2024-03-16T14:45:47.146Z</time>
      </trkpt>
      <trkpt lat="35.59795995242894" lon="127.48053993098438">
        <ele>713.2000122070312</ele>
        <time>2024-03-16T14:46:07.146Z</time>
      </trkpt>
      <trkpt lat="35.59789993800223" lon="127.48058997094631">
        <ele>712.5999755859375</ele>
        <time>2024-03-16T14:46:28.146Z</time>
      </trkpt>
      <trkpt lat="35.597889963537455" lon="127.48063992708921">
        <ele>712</ele>
        <time>2024-03-16T14:46:48.146Z</time>
      </trkpt>
      <trkpt lat="35.59776993468404" lon="127.48077998869121">
        <ele>711.2000122070312</ele>
        <time>2024-03-16T14:47:09.146Z</time>
      </trkpt>
      <trkpt lat="35.597739927470684" lon="127.48083991929889">
        <ele>711</ele>
        <time>2024-03-16T14:47:29.146Z</time>
      </trkpt>
      <trkpt lat="35.597739927470684" lon="127.4808499775827">
        <ele>710.7999877929688</ele>
        <time>2024-03-16T14:47:50.146Z</time>
      </trkpt>
      <trkpt lat="35.59767999686301" lon="127.4809099920094">
        <ele>710.4000244140625</ele>
        <time>2024-03-16T14:48:10.146Z</time>
      </trkpt>
      <trkpt lat="35.59765996411443" lon="127.48099992983043">
        <ele>710.4000244140625</ele>
        <time>2024-03-16T14:48:31.146Z</time>
      </trkpt>
      <trkpt lat="35.59765996411443" lon="127.48104996979237">
        <ele>710.5999755859375</ele>
        <time>2024-03-16T14:48:51.146Z</time>
      </trkpt>
      <trkpt lat="35.5976199824363" lon="127.48107997700572">
        <ele>711.4000244140625</ele>
        <time>2024-03-16T14:49:12.146Z</time>
      </trkpt>
      <trkpt lat="35.59760992415249" lon="127.48112993314862">
        <ele>711.7999877929688</ele>
        <time>2024-03-16T14:49:32.146Z</time>
      </trkpt>
      <trkpt lat="35.59757991693914" lon="127.48116999864578">
        <ele>712.4000244140625</ele>
        <time>2024-03-16T14:49:53.146Z</time>
      </trkpt>
      <trkpt lat="35.59753993526101" lon="127.4811999220401">
        <ele>713.4000244140625</ele>
        <time>2024-03-16T14:50:13.146Z</time>
      </trkpt>
      <trkpt lat="35.59750992804766" lon="127.48124996200204">
        <ele>714</ele>
        <time>2024-03-16T14:50:34.146Z</time>
      </trkpt>
      <trkpt lat="35.59750992804766" lon="127.48128994368017">
        <ele>714.4000244140625</ele>
        <time>2024-03-16T14:50:54.146Z</time>
      </trkpt>
      <trkpt lat="35.5974799208343" lon="127.48137996532023">
        <ele>715.4000244140625</ele>
        <time>2024-03-16T14:51:15.146Z</time>
      </trkpt>
      <trkpt lat="35.59740993194282" lon="127.48149999417365">
        <ele>716.5999755859375</ele>
        <time>2024-03-16T14:51:35.146Z</time>
      </trkpt>
      <trkpt lat="35.597379924729466" lon="127.48161993920803">
        <ele>718.5999755859375</ele>
        <time>2024-03-16T14:51:56.146Z</time>
      </trkpt>
      <trkpt lat="35.59729996137321" lon="127.48174994252622">
        <ele>722</ele>
        <time>2024-03-16T14:52:16.146Z</time>
      </trkpt>
      <trkpt lat="35.59727992862463" lon="127.48179998248816">
        <ele>723.7999877929688</ele>
        <time>2024-03-16T14:52:37.146Z</time>
      </trkpt>
      <trkpt lat="35.59727992862463" lon="127.48185999691486">
        <ele>725.2000122070312</ele>
        <time>2024-03-16T14:52:57.146Z</time>
      </trkpt>
      <trkpt lat="35.597269954159856" lon="127.48190995305777">
        <ele>726.5999755859375</ele>
        <time>2024-03-16T14:53:18.146Z</time>
      </trkpt>
      <trkpt lat="35.59721999801695" lon="127.48199997469783">
        <ele>728.7999877929688</ele>
        <time>2024-03-16T14:53:39.146Z</time>
      </trkpt>
      <trkpt lat="35.5971899908036" lon="127.48206996358931">
        <ele>729.5999755859375</ele>
        <time>2024-03-16T14:53:59.146Z</time>
      </trkpt>
      <trkpt lat="35.597139950841665" lon="127.48210994526744">
        <ele>730</ele>
        <time>2024-03-16T14:54:20.146Z</time>
      </trkpt>
      <trkpt lat="35.59709996916354" lon="127.48215998522937">
        <ele>731</ele>
        <time>2024-03-16T14:54:40.146Z</time>
      </trkpt>
      <trkpt lat="35.597009947523475" lon="127.48221999965608">
        <ele>732</ele>
        <time>2024-03-16T14:55:01.146Z</time>
      </trkpt>
      <trkpt lat="35.59694993309677" lon="127.48223994858563">
        <ele>732</ele>
        <time>2024-03-16T14:55:22.146Z</time>
      </trkpt>
      <trkpt lat="35.59688991867006" lon="127.48234991915524">
        <ele>732.7999877929688</ele>
        <time>2024-03-16T14:55:42.146Z</time>
      </trkpt>
      <trkpt lat="35.59686996974051" lon="127.48235997743905">
        <ele>732.7999877929688</ele>
        <time>2024-03-16T14:56:03.146Z</time>
      </trkpt>
      <trkpt lat="35.59677994810045" lon="127.48253993690014">
        <ele>738.4000244140625</ele>
        <time>2024-03-16T14:56:24.146Z</time>
      </trkpt>
      <trkpt lat="35.59676997363567" lon="127.4825699441135">
        <ele>739</ele>
        <time>2024-03-16T14:56:44.146Z</time>
      </trkpt>
      <trkpt lat="35.59677994810045" lon="127.48260992579162">
        <ele>739.5999755859375</ele>
        <time>2024-03-16T14:57:05.146Z</time>
      </trkpt>
      <trkpt lat="35.5967599991709" lon="127.48271998018026">
        <ele>741.7999877929688</ele>
        <time>2024-03-16T14:57:26.146Z</time>
      </trkpt>
      <trkpt lat="35.59673996642232" lon="127.48275996185839">
        <ele>743</ele>
        <time>2024-03-16T14:57:46.146Z</time>
      </trkpt>
      <trkpt lat="35.59667995199561" lon="127.48296992853284">
        <ele>745.7999877929688</ele>
        <time>2024-03-16T14:58:07.146Z</time>
      </trkpt>
      <trkpt lat="35.59658993035555" lon="127.48300999403">
        <ele>748.4000244140625</ele>
        <time>2024-03-16T14:58:28.146Z</time>
      </trkpt>
      <trkpt lat="35.596559923142195" lon="127.48300999403">
        <ele>749.2000122070312</ele>
        <time>2024-03-16T14:58:48.146Z</time>
      </trkpt>
      <trkpt lat="35.596569981426" lon="127.48301996849477">
        <ele>749.2000122070312</ele>
        <time>2024-03-16T14:59:09.146Z</time>
      </trkpt>
      <trkpt lat="35.596559923142195" lon="127.48302994295955">
        <ele>749.5999755859375</ele>
        <time>2024-03-16T14:59:30.146Z</time>
      </trkpt>
      <trkpt lat="35.59643997810781" lon="127.48304997570813">
        <ele>753.2000122070312</ele>
        <time>2024-03-16T14:59:51.146Z</time>
      </trkpt>
      <trkpt lat="35.59643997810781" lon="127.4830599501729">
        <ele>753.2000122070312</ele>
        <time>2024-03-16T15:00:11.146Z</time>
      </trkpt>
      <trkpt lat="35.59635993093252" lon="127.48314997181296">
        <ele>756.5999755859375</ele>
        <time>2024-03-16T15:00:32.146Z</time>
      </trkpt>
      <trkpt lat="35.59634995646775" lon="127.48320998623967">
        <ele>757.7999877929688</ele>
        <time>2024-03-16T15:00:53.146Z</time>
      </trkpt>
      <trkpt lat="35.59635993093252" lon="127.4832499679178">
        <ele>758</ele>
        <time>2024-03-16T15:01:14.146Z</time>
      </trkpt>
      <trkpt lat="35.59632992371917" lon="127.4832499679178">
        <ele>758.7999877929688</ele>
        <time>2024-03-16T15:01:34.146Z</time>
      </trkpt>
      <trkpt lat="35.596319949254394" lon="127.48326991684735">
        <ele>759.7999877929688</ele>
        <time>2024-03-16T15:01:55.146Z</time>
      </trkpt>
      <trkpt lat="35.596299916505814" lon="127.48326991684735">
        <ele>760.4000244140625</ele>
        <time>2024-03-16T15:02:16.146Z</time>
      </trkpt>
      <trkpt lat="35.59630997478962" lon="127.48327997513115">
        <ele>760.4000244140625</ele>
        <time>2024-03-16T15:02:37.146Z</time>
      </trkpt>
      <trkpt lat="35.596299916505814" lon="127.48328994959593">
        <ele>761</ele>
        <time>2024-03-16T15:02:57.146Z</time>
      </trkpt>
      <trkpt lat="35.596279967576265" lon="127.48327997513115">
        <ele>761.4000244140625</ele>
        <time>2024-03-16T15:03:18.146Z</time>
      </trkpt>
      <trkpt lat="35.59622992761433" lon="127.48330998234451">
        <ele>764.2000122070312</ele>
        <time>2024-03-16T15:03:39.146Z</time>
      </trkpt>
      <trkpt lat="35.59622992761433" lon="127.4832999240607">
        <ele>763.7999877929688</ele>
        <time>2024-03-16T15:04:00.146Z</time>
      </trkpt>
      <trkpt lat="35.596169997006655" lon="127.48334996402264">
        <ele>767</ele>
        <time>2024-03-16T15:04:20.146Z</time>
      </trkpt>
      <trkpt lat="35.596169997006655" lon="127.48333998955786">
        <ele>767</ele>
        <time>2024-03-16T15:04:41.146Z</time>
      </trkpt>
      <trkpt lat="35.59615993872285" lon="127.48335993848741">
        <ele>767.5999755859375</ele>
        <time>2024-03-16T15:05:02.146Z</time>
      </trkpt>
      <trkpt lat="35.5961399897933" lon="127.48335993848741">
        <ele>768.5999755859375</ele>
        <time>2024-03-16T15:05:23.146Z</time>
      </trkpt>
      <trkpt lat="35.596129931509495" lon="127.48337997123599">
        <ele>769.4000244140625</ele>
        <time>2024-03-16T15:05:44.146Z</time>
      </trkpt>
      <trkpt lat="35.59600998647511" lon="127.4834899418056">
        <ele>774</ele>
        <time>2024-03-16T15:06:04.146Z</time>
      </trkpt>
      <trkpt lat="35.595999928191304" lon="127.48351994901896">
        <ele>775.4000244140625</ele>
        <time>2024-03-16T15:06:25.146Z</time>
      </trkpt>
      <trkpt lat="35.5959499720484" lon="127.48353998176754">
        <ele>777.4000244140625</ele>
        <time>2024-03-16T15:06:46.146Z</time>
      </trkpt>
      <trkpt lat="35.5959499720484" lon="127.48355993069708">
        <ele>778</ele>
        <time>2024-03-16T15:07:07.146Z</time>
      </trkpt>
      <trkpt lat="35.59591996483505" lon="127.48356998898089">
        <ele>779.2000122070312</ele>
        <time>2024-03-16T15:07:28.146Z</time>
      </trkpt>
      <trkpt lat="35.595909990370274" lon="127.48358993791044">
        <ele>780.2000122070312</ele>
        <time>2024-03-16T15:07:48.146Z</time>
      </trkpt>
      <trkpt lat="35.59591996483505" lon="127.48368993401527">
        <ele>782.2000122070312</ele>
        <time>2024-03-16T15:08:09.146Z</time>
      </trkpt>
      <trkpt lat="35.59587998315692" lon="127.48378993012011">
        <ele>787.5999755859375</ele>
        <time>2024-03-16T15:08:30.146Z</time>
      </trkpt>
      <trkpt lat="35.59587998315692" lon="127.48381993733346">
        <ele>788.7999877929688</ele>
        <time>2024-03-16T15:08:51.146Z</time>
      </trkpt>
      <trkpt lat="35.595849975943565" lon="127.48388992622495">
        <ele>792.2000122070312</ele>
        <time>2024-03-16T15:09:12.146Z</time>
      </trkpt>
      <trkpt lat="35.59583991765976" lon="127.48395999893546">
        <ele>793.7999877929688</ele>
        <time>2024-03-16T15:09:33.146Z</time>
      </trkpt>
      <trkpt lat="35.59576992876828" lon="127.48403996229172">
        <ele>796</ele>
        <time>2024-03-16T15:09:53.146Z</time>
      </trkpt>
      <trkpt lat="35.5957599543035" lon="127.48407994396985">
        <ele>797.2000122070312</ele>
        <time>2024-03-16T15:10:14.146Z</time>
      </trkpt>
      <trkpt lat="35.59572994709015" lon="127.48411992564797">
        <ele>799.2000122070312</ele>
        <time>2024-03-16T15:10:35.146Z</time>
      </trkpt>
      <trkpt lat="35.595699939876795" lon="127.48420994728804">
        <ele>801.5999755859375</ele>
        <time>2024-03-16T15:10:56.146Z</time>
      </trkpt>
      <trkpt lat="35.59562995098531" lon="127.48431991785765">
        <ele>805.2000122070312</ele>
        <time>2024-03-16T15:11:17.146Z</time>
      </trkpt>
      <trkpt lat="35.59557999484241" lon="127.4843599833548">
        <ele>807.5999755859375</ele>
        <time>2024-03-16T15:11:38.146Z</time>
      </trkpt>
      <trkpt lat="35.595509922131896" lon="127.48438999056816">
        <ele>809</ele>
        <time>2024-03-16T15:11:59.146Z</time>
      </trkpt>
      <trkpt lat="35.59548997320235" lon="127.48440993949771">
        <ele>809.5999755859375</ele>
        <time>2024-03-16T15:12:20.146Z</time>
      </trkpt>
      <trkpt lat="35.59549994766712" lon="127.48441999778152">
        <ele>809.5999755859375</ele>
        <time>2024-03-16T15:12:40.146Z</time>
      </trkpt>
      <trkpt lat="35.595479998737574" lon="127.48445997945964">
        <ele>810</ele>
        <time>2024-03-16T15:13:01.146Z</time>
      </trkpt>
      <trkpt lat="35.59544999152422" lon="127.48444992117584">
        <ele>810.4000244140625</ele>
        <time>2024-03-16T15:13:22.146Z</time>
      </trkpt>
      <trkpt lat="35.595439933240414" lon="127.48446995392442">
        <ele>810.4000244140625</ele>
        <time>2024-03-16T15:13:43.146Z</time>
      </trkpt>
      <trkpt lat="35.59540992602706" lon="127.48447992838919">
        <ele>810.7999877929688</ele>
        <time>2024-03-16T15:14:04.146Z</time>
      </trkpt>
      <trkpt lat="35.595379918813705" lon="127.48447992838919">
        <ele>811</ele>
        <time>2024-03-16T15:14:25.146Z</time>
      </trkpt>
      <trkpt lat="35.59524999931455" lon="127.48444992117584">
        <ele>813</ele>
        <time>2024-03-16T15:14:46.146Z</time>
      </trkpt>
      <trkpt lat="35.595159977674484" lon="127.48444992117584">
        <ele>814.5999755859375</ele>
        <time>2024-03-16T15:15:07.146Z</time>
      </trkpt>
      <trkpt lat="35.595119995996356" lon="127.48446995392442">
        <ele>815.4000244140625</ele>
        <time>2024-03-16T15:15:28.146Z</time>
      </trkpt>
      <trkpt lat="35.59505998156965" lon="127.48447992838919">
        <ele>816.5999755859375</ele>
        <time>2024-03-16T15:15:49.146Z</time>
      </trkpt>
      <trkpt lat="35.59492997825146" lon="127.4845399428159">
        <ele>819.4000244140625</ele>
        <time>2024-03-16T15:16:10.146Z</time>
      </trkpt>
      <trkpt lat="35.594859989359975" lon="127.48455997556448">
        <ele>821</ele>
        <time>2024-03-16T15:16:31.146Z</time>
      </trkpt>
      <trkpt lat="35.59478991664946" lon="127.48455997556448">
        <ele>822.5999755859375</ele>
        <time>2024-03-16T15:16:52.146Z</time>
      </trkpt>
      <trkpt lat="35.59463996440172" lon="127.48466994613409">
        <ele>827.2000122070312</ele>
        <time>2024-03-16T15:17:13.146Z</time>
      </trkpt>
      <trkpt lat="35.594599982723594" lon="127.48468997888267">
        <ele>828.7999877929688</ele>
        <time>2024-03-16T15:17:34.146Z</time>
      </trkpt>
      <trkpt lat="35.594539968296885" lon="127.48474999330938">
        <ele>831.2000122070312</ele>
        <time>2024-03-16T15:17:55.146Z</time>
      </trkpt>
      <trkpt lat="35.5944699794054" lon="127.4847799167037">
        <ele>833.7999877929688</ele>
        <time>2024-03-16T15:18:16.146Z</time>
      </trkpt>
      <trkpt lat="35.5944599211216" lon="127.48476994223893">
        <ele>833.7999877929688</ele>
        <time>2024-03-16T15:18:37.146Z</time>
      </trkpt>
      <trkpt lat="35.594389932230115" lon="127.48476994223893">
        <ele>834.5999755859375</ele>
        <time>2024-03-16T15:18:58.146Z</time>
      </trkpt>
      <trkpt lat="35.59430996887386" lon="127.4847899749875">
        <ele>835.7999877929688</ele>
        <time>2024-03-16T15:19:19.146Z</time>
      </trkpt>
      <trkpt lat="35.594239979982376" lon="127.48486993834376">
        <ele>839.2000122070312</ele>
        <time>2024-03-16T15:19:40.146Z</time>
      </trkpt>
      <trkpt lat="35.59420997276902" lon="127.48488997109234">
        <ele>840.5999755859375</ele>
        <time>2024-03-16T15:20:01.146Z</time>
      </trkpt>
      <trkpt lat="35.59417996555567" lon="127.48489994555712">
        <ele>840.7999877929688</ele>
        <time>2024-03-16T15:20:22.146Z</time>
      </trkpt>
      <trkpt lat="35.59409991838038" lon="127.48498996719718">
        <ele>842.7999877929688</ele>
        <time>2024-03-16T15:20:43.146Z</time>
      </trkpt>
      <trkpt lat="35.59405993670225" lon="127.48501997441053">
        <ele>842.5999755859375</ele>
        <time>2024-03-16T15:21:04.146Z</time>
      </trkpt>
      <trkpt lat="35.59404996223748" lon="127.48503992334008">
        <ele>842.5999755859375</ele>
        <time>2024-03-16T15:21:25.146Z</time>
      </trkpt>
      <trkpt lat="35.59400998055935" lon="127.48506993055344">
        <ele>842.2000122070312</ele>
        <time>2024-03-16T15:21:46.146Z</time>
      </trkpt>
      <trkpt lat="35.59388995170593" lon="127.48527998104692">
        <ele>849</ele>
        <time>2024-03-16T15:22:07.146Z</time>
      </trkpt>
      <trkpt lat="35.593789955601096" lon="127.48543999157846">
        <ele>850.4000244140625</ele>
        <time>2024-03-16T15:22:28.146Z</time>
      </trkpt>
      <trkpt lat="35.59362994506955" lon="127.48561995103955">
        <ele>855.4000244140625</ele>
        <time>2024-03-16T15:22:50.146Z</time>
      </trkpt>
      <trkpt lat="35.59356993064284" lon="127.48565993271768">
        <ele>856.2000122070312</ele>
        <time>2024-03-16T15:23:11.146Z</time>
      </trkpt>
      <trkpt lat="35.593509916216135" lon="127.48574995435774">
        <ele>857.5999755859375</ele>
        <time>2024-03-16T15:23:32.146Z</time>
      </trkpt>
      <trkpt lat="35.593359963968396" lon="127.48588993214071">
        <ele>862.5999755859375</ele>
        <time>2024-03-16T15:23:53.146Z</time>
      </trkpt>
      <trkpt lat="35.59331998229027" lon="127.48597995378077">
        <ele>864</ele>
        <time>2024-03-16T15:24:14.146Z</time>
      </trkpt>
      <trkpt lat="35.59329994954169" lon="127.48600996099412">
        <ele>864.5999755859375</ele>
        <time>2024-03-16T15:24:35.146Z</time>
      </trkpt>
      <trkpt lat="35.59327991679311" lon="127.48609998263419">
        <ele>865.7999877929688</ele>
        <time>2024-03-16T15:24:57.146Z</time>
      </trkpt>
      <trkpt lat="35.593119990080595" lon="127.48624993488193">
        <ele>869.5999755859375</ele>
        <time>2024-03-16T15:25:18.146Z</time>
      </trkpt>
      <trkpt lat="35.593119990080595" lon="127.48627994209528">
        <ele>870.2000122070312</ele>
        <time>2024-03-16T15:25:39.146Z</time>
      </trkpt>
      <trkpt lat="35.59303994290531" lon="127.48637993820012">
        <ele>873.4000244140625</ele>
        <time>2024-03-16T15:26:00.146Z</time>
      </trkpt>
      <trkpt lat="35.59304991737008" lon="127.4863999709487">
        <ele>873.2000122070312</ele>
        <time>2024-03-16T15:26:21.146Z</time>
      </trkpt>
      <trkpt lat="35.59302996844053" lon="127.48643995262682">
        <ele>872.7999877929688</ele>
        <time>2024-03-16T15:26:43.146Z</time>
      </trkpt>
      <trkpt lat="35.59293994680047" lon="127.48653994873166">
        <ele>872.4000244140625</ele>
        <time>2024-03-16T15:27:04.146Z</time>
      </trkpt>
      <trkpt lat="35.59291999787092" lon="127.48653994873166">
        <ele>872.7999877929688</ele>
        <time>2024-03-16T15:27:25.146Z</time>
      </trkpt>
      <trkpt lat="35.59291999787092" lon="127.48655998148024">
        <ele>872.5999755859375</ele>
        <time>2024-03-16T15:27:46.146Z</time>
      </trkpt>
      <trkpt lat="35.59288999065757" lon="127.48656995594501">
        <ele>873.2000122070312</ele>
        <time>2024-03-16T15:28:08.146Z</time>
      </trkpt>
      <trkpt lat="35.59288999065757" lon="127.48659996315837">
        <ele>872.7999877929688</ele>
        <time>2024-03-16T15:28:29.146Z</time>
      </trkpt>
      <trkpt lat="35.592859983444214" lon="127.48664991930127">
        <ele>873</ele>
        <time>2024-03-16T15:28:50.146Z</time>
      </trkpt>
      <trkpt lat="35.592839950695634" lon="127.48664991930127">
        <ele>873.4000244140625</ele>
        <time>2024-03-16T15:29:11.146Z</time>
      </trkpt>
      <trkpt lat="35.59284992516041" lon="127.48661999590695">
        <ele>873.4000244140625</ele>
        <time>2024-03-16T15:29:33.146Z</time>
      </trkpt>
      <trkpt lat="35.59270994737744" lon="127.48657993040979">
        <ele>876.7999877929688</ele>
        <time>2024-03-16T15:29:54.146Z</time>
      </trkpt>
      <trkpt lat="35.59260995127261" lon="127.4865899886936">
        <ele>878.2000122070312</ele>
        <time>2024-03-16T15:30:15.146Z</time>
      </trkpt>
      <trkpt lat="35.59262998402119" lon="127.48659996315837">
        <ele>877.5999755859375</ele>
        <time>2024-03-16T15:30:36.146Z</time>
      </trkpt>
      <trkpt lat="35.59261992573738" lon="127.48659996315837">
        <ele>877.7999877929688</ele>
        <time>2024-03-16T15:30:58.146Z</time>
      </trkpt>
      <trkpt lat="35.59261992573738" lon="127.48656995594501">
        <ele>878.4000244140625</ele>
        <time>2024-03-16T15:31:19.146Z</time>
      </trkpt>
      <trkpt lat="35.59258991852403" lon="127.48656995594501">
        <ele>878.7999877929688</ele>
        <time>2024-03-16T15:31:40.146Z</time>
      </trkpt>
      <trkpt lat="35.59257994405925" lon="127.48655998148024">
        <ele>879</ele>
        <time>2024-03-16T15:32:02.146Z</time>
      </trkpt>
      <trkpt lat="35.59256996959448" lon="127.48655998148024">
        <ele>879.2000122070312</ele>
        <time>2024-03-16T15:32:23.146Z</time>
      </trkpt>
      <trkpt lat="35.592559995129704" lon="127.48657993040979">
        <ele>879</ele>
        <time>2024-03-16T15:32:44.146Z</time>
      </trkpt>
      <trkpt lat="35.59256996959448" lon="127.48657993040979">
        <ele>878.7999877929688</ele>
        <time>2024-03-16T15:33:06.146Z</time>
      </trkpt>
      <trkpt lat="35.59248992241919" lon="127.4866399448365">
        <ele>877.7999877929688</ele>
        <time>2024-03-16T15:33:27.146Z</time>
      </trkpt>
      <trkpt lat="35.59246997348964" lon="127.4866399448365">
        <ele>877.5999755859375</ele>
        <time>2024-03-16T15:33:48.146Z</time>
      </trkpt>
      <trkpt lat="35.59245999902487" lon="127.48661999590695">
        <ele>877.7999877929688</ele>
        <time>2024-03-16T15:34:10.146Z</time>
      </trkpt>
      <trkpt lat="35.5923099629581" lon="127.48666995204985">
        <ele>874.5999755859375</ele>
        <time>2024-03-16T15:34:31.146Z</time>
      </trkpt>
      <trkpt lat="35.59218993410468" lon="127.48668998479843">
        <ele>871.5999755859375</ele>
        <time>2024-03-16T15:34:52.146Z</time>
      </trkpt>
      <trkpt lat="35.592069989070296" lon="127.48673994094133">
        <ele>867</ele>
        <time>2024-03-16T15:35:14.146Z</time>
      </trkpt>
      <trkpt lat="35.59200997464359" lon="127.48674999922514">
        <ele>865.5999755859375</ele>
        <time>2024-03-16T15:35:35.146Z</time>
      </trkpt>
      <trkpt lat="35.59196999296546" lon="127.48676994815469">
        <ele>864.7999877929688</ele>
        <time>2024-03-16T15:35:56.146Z</time>
      </trkpt>
      <trkpt lat="35.591939985752106" lon="127.48680992983282">
        <ele>863.5999755859375</ele>
        <time>2024-03-16T15:36:18.146Z</time>
      </trkpt>
      <trkpt lat="35.591919953003526" lon="127.4868899770081">
        <ele>862.2000122070312</ele>
        <time>2024-03-16T15:36:39.146Z</time>
      </trkpt>
      <trkpt lat="35.591899920254946" lon="127.48691998422146">
        <ele>862</ele>
        <time>2024-03-16T15:37:00.146Z</time>
      </trkpt>
      <trkpt lat="35.59188994579017" lon="127.48695996589959">
        <ele>861.5999755859375</ele>
        <time>2024-03-16T15:37:22.146Z</time>
      </trkpt>
      <trkpt lat="35.59185993857682" lon="127.48696994036436">
        <ele>860.7999877929688</ele>
        <time>2024-03-16T15:37:43.146Z</time>
      </trkpt>
      <trkpt lat="35.59184996411204" lon="127.48715995810926">
        <ele>858.2000122070312</ele>
        <time>2024-03-16T15:38:05.146Z</time>
      </trkpt>
      <trkpt lat="35.59183998964727" lon="127.48718996532261">
        <ele>858.2000122070312</ele>
        <time>2024-03-16T15:38:26.146Z</time>
      </trkpt>
      <trkpt lat="35.59181995689869" lon="127.48734997585416">
        <ele>856.2000122070312</ele>
        <time>2024-03-16T15:38:47.146Z</time>
      </trkpt>
      <trkpt lat="35.591809982433915" lon="127.4873699247837">
        <ele>856.2000122070312</ele>
        <time>2024-03-16T15:39:09.146Z</time>
      </trkpt>
      <trkpt lat="35.59177997522056" lon="127.48737998306751">
        <ele>856.4000244140625</ele>
        <time>2024-03-16T15:39:30.146Z</time>
      </trkpt>
      <trkpt lat="35.591769916936755" lon="127.4873699247837">
        <ele>856.5999755859375</ele>
        <time>2024-03-16T15:39:52.146Z</time>
      </trkpt>
      <trkpt lat="35.59173999354243" lon="127.48737998306751">
        <ele>857</ele>
        <time>2024-03-16T15:40:13.146Z</time>
      </trkpt>
      <trkpt lat="35.59171996079385" lon="127.487449971959">
        <ele>856.7999877929688</ele>
        <time>2024-03-16T15:40:35.146Z</time>
      </trkpt>
      <trkpt lat="35.591679979115725" lon="127.48751996085048">
        <ele>857</ele>
        <time>2024-03-16T15:40:56.146Z</time>
      </trkpt>
      <trkpt lat="35.591659946367145" lon="127.48759992420673">
        <ele>857.4000244140625</ele>
        <time>2024-03-16T15:41:17.146Z</time>
      </trkpt>
      <trkpt lat="35.591639997437596" lon="127.48762993142009">
        <ele>857.4000244140625</ele>
        <time>2024-03-16T15:41:39.146Z</time>
      </trkpt>
      <trkpt lat="35.59164997190237" lon="127.4876899458468">
        <ele>857.5999755859375</ele>
        <time>2024-03-16T15:42:00.146Z</time>
      </trkpt>
      <trkpt lat="35.591639997437596" lon="127.48771995306015">
        <ele>857.7999877929688</ele>
        <time>2024-03-16T15:42:22.146Z</time>
      </trkpt>
      <trkpt lat="35.59162993915379" lon="127.4877999164164">
        <ele>858.5999755859375</ele>
        <time>2024-03-16T15:42:43.146Z</time>
      </trkpt>
      <trkpt lat="35.59160999022424" lon="127.48782992362976">
        <ele>859</ele>
        <time>2024-03-16T15:43:05.146Z</time>
      </trkpt>
      <trkpt lat="35.591619964689016" lon="127.48782992362976">
        <ele>859</ele>
        <time>2024-03-16T15:43:26.146Z</time>
      </trkpt>
      <trkpt lat="35.59156992472708" lon="127.48799999244511">
        <ele>860.7999877929688</ele>
        <time>2024-03-16T15:43:48.146Z</time>
      </trkpt>
      <trkpt lat="35.59157998301089" lon="127.48807995580137">
        <ele>861.5999755859375</ele>
        <time>2024-03-16T15:44:09.146Z</time>
      </trkpt>
      <trkpt lat="35.59155995026231" lon="127.48813997022808">
        <ele>862.5999755859375</ele>
        <time>2024-03-16T15:44:31.146Z</time>
      </trkpt>
      <trkpt lat="35.591599931940436" lon="127.48818992637098">
        <ele>863</ele>
        <time>2024-03-16T15:44:52.146Z</time>
      </trkpt>
      <trkpt lat="35.59160999022424" lon="127.48822999186814">
        <ele>863.4000244140625</ele>
        <time>2024-03-16T15:45:14.146Z</time>
      </trkpt>
      <trkpt lat="35.591599931940436" lon="127.48828992247581">
        <ele>863.7999877929688</ele>
        <time>2024-03-16T15:45:35.146Z</time>
      </trkpt>
      <trkpt lat="35.59160999022424" lon="127.48829998075962">
        <ele>863.7999877929688</ele>
        <time>2024-03-16T15:45:57.146Z</time>
      </trkpt>
      <trkpt lat="35.591619964689016" lon="127.48834993690252">
        <ele>864</ele>
        <time>2024-03-16T15:46:18.146Z</time>
      </trkpt>
      <trkpt lat="35.591599931940436" lon="127.48842998407781">
        <ele>864</ele>
        <time>2024-03-16T15:46:40.146Z</time>
      </trkpt>
      <trkpt lat="35.591619964689016" lon="127.48845999129117">
        <ele>864</ele>
        <time>2024-03-16T15:47:01.146Z</time>
      </trkpt>
      <trkpt lat="35.59158995747566" lon="127.48864992521703">
        <ele>863.4000244140625</ele>
        <time>2024-03-16T15:47:23.146Z</time>
      </trkpt>
      <trkpt lat="35.591599931940436" lon="127.48868999071419">
        <ele>863.4000244140625</ele>
        <time>2024-03-16T15:47:45.146Z</time>
      </trkpt>
      <trkpt lat="35.59158995747566" lon="127.4888499174267">
        <ele>862.2000122070312</ele>
        <time>2024-03-16T15:48:06.146Z</time>
      </trkpt>
      <trkpt lat="35.59157998301089" lon="127.4888499174267">
        <ele>862.2000122070312</ele>
        <time>2024-03-16T15:48:28.146Z</time>
      </trkpt>
      <trkpt lat="35.59158995747566" lon="127.48885997571051">
        <ele>862.2000122070312</ele>
        <time>2024-03-16T15:48:49.146Z</time>
      </trkpt>
      <trkpt lat="35.59156992472708" lon="127.48888998292387">
        <ele>861.5999755859375</ele>
        <time>2024-03-16T15:49:11.146Z</time>
      </trkpt>
      <trkpt lat="35.59155995026231" lon="127.48891999013722">
        <ele>861.2000122070312</ele>
        <time>2024-03-16T15:49:32.146Z</time>
      </trkpt>
      <trkpt lat="35.59153991751373" lon="127.48893993906677">
        <ele>860.7999877929688</ele>
        <time>2024-03-16T15:49:54.146Z</time>
      </trkpt>
      <trkpt lat="35.591509994119406" lon="127.48899995349348">
        <ele>859.7999877929688</ele>
        <time>2024-03-16T15:50:16.146Z</time>
      </trkpt>
      <trkpt lat="35.591509994119406" lon="127.48901998624206">
        <ele>859.5999755859375</ele>
        <time>2024-03-16T15:50:37.146Z</time>
      </trkpt>
      <trkpt lat="35.591489961370826" lon="127.4890399351716">
        <ele>859.2000122070312</ele>
        <time>2024-03-16T15:50:59.146Z</time>
      </trkpt>
      <trkpt lat="35.591489961370826" lon="127.48906994238496">
        <ele>858.7999877929688</ele>
        <time>2024-03-16T15:51:20.146Z</time>
      </trkpt>
      <trkpt lat="35.59147998690605" lon="127.48905996792018">
        <ele>858.7999877929688</ele>
        <time>2024-03-16T15:51:42.146Z</time>
      </trkpt>
      <trkpt lat="35.591489961370826" lon="127.48906994238496">
        <ele>858.7999877929688</ele>
        <time>2024-03-16T15:52:03.146Z</time>
      </trkpt>
      <trkpt lat="35.591469928622246" lon="127.48908997513354">
        <ele>858.4000244140625</ele>
        <time>2024-03-16T15:52:25.146Z</time>
      </trkpt>
      <trkpt lat="35.591469928622246" lon="127.48912995681167">
        <ele>858</ele>
        <time>2024-03-16T15:52:47.146Z</time>
      </trkpt>
      <trkpt lat="35.5914499796927" lon="127.48915996402502">
        <ele>857.4000244140625</ele>
        <time>2024-03-16T15:53:08.146Z</time>
      </trkpt>
      <trkpt lat="35.591489961370826" lon="127.48919994570315">
        <ele>857.5999755859375</ele>
        <time>2024-03-16T15:53:30.146Z</time>
      </trkpt>
      <trkpt lat="35.59145995415747" lon="127.48923992738128">
        <ele>857</ele>
        <time>2024-03-16T15:53:51.146Z</time>
      </trkpt>
      <trkpt lat="35.59142994694412" lon="127.48930991627276">
        <ele>856.2000122070312</ele>
        <time>2024-03-16T15:54:13.146Z</time>
      </trkpt>
      <trkpt lat="35.5914499796927" lon="127.48933992348611">
        <ele>856.2000122070312</ele>
        <time>2024-03-16T15:54:35.146Z</time>
      </trkpt>
      <trkpt lat="35.591469928622246" lon="127.48939993791282">
        <ele>856</ele>
        <time>2024-03-16T15:54:56.146Z</time>
      </trkpt>
      <trkpt lat="35.5914499796927" lon="127.48947998508811">
        <ele>854.5999755859375</ele>
        <time>2024-03-16T15:55:18.146Z</time>
      </trkpt>
      <trkpt lat="35.591379990801215" lon="127.48963999561965">
        <ele>853.2000122070312</ele>
        <time>2024-03-16T15:55:40.146Z</time>
      </trkpt>
      <trkpt lat="35.591339925304055" lon="127.48975994065404">
        <ele>850.4000244140625</ele>
        <time>2024-03-16T15:56:01.146Z</time>
      </trkpt>
      <trkpt lat="35.59126993641257" lon="127.4900299217552">
        <ele>842.4000244140625</ele>
        <time>2024-03-16T15:56:23.146Z</time>
      </trkpt>
      <trkpt lat="35.59119994752109" lon="127.49011994339526">
        <ele>837.7999877929688</ele>
        <time>2024-03-16T15:56:45.146Z</time>
      </trkpt>
      <trkpt lat="35.59117999859154" lon="127.49016998335719">
        <ele>836</ele>
        <time>2024-03-16T15:57:06.146Z</time>
      </trkpt>
      <trkpt lat="35.59113993309438" lon="127.49020996503532">
        <ele>834.4000244140625</ele>
        <time>2024-03-16T15:57:28.146Z</time>
      </trkpt>
      <trkpt lat="35.59108997695148" lon="127.49036997556686">
        <ele>828.7999877929688</ele>
        <time>2024-03-16T15:57:50.146Z</time>
      </trkpt>
      <trkpt lat="35.5910699442029" lon="127.49037995003164">
        <ele>828.2000122070312</ele>
        <time>2024-03-16T15:58:12.146Z</time>
      </trkpt>
      <trkpt lat="35.591059969738126" lon="127.49044993892312">
        <ele>826.2000122070312</ele>
        <time>2024-03-16T15:58:33.146Z</time>
      </trkpt>
      <trkpt lat="35.591039936989546" lon="127.49048992060125">
        <ele>824.7999877929688</ele>
        <time>2024-03-16T15:58:55.146Z</time>
      </trkpt>
      <trkpt lat="35.591039936989546" lon="127.49053996056318">
        <ele>823.4000244140625</ele>
        <time>2024-03-16T15:59:17.146Z</time>
      </trkpt>
      <trkpt lat="35.5910699442029" lon="127.49052998609841">
        <ele>824</ele>
        <time>2024-03-16T15:59:38.146Z</time>
      </trkpt>
      <trkpt lat="35.591059969738126" lon="127.49052998609841">
        <ele>823.7999877929688</ele>
        <time>2024-03-16T16:00:00.146Z</time>
      </trkpt>
      <trkpt lat="35.591059969738126" lon="127.49054993502796">
        <ele>823.2000122070312</ele>
        <time>2024-03-16T16:00:22.146Z</time>
      </trkpt>
      <trkpt lat="35.59101998806" lon="127.49058991670609">
        <ele>821.5999755859375</ele>
        <time>2024-03-16T16:00:44.146Z</time>
      </trkpt>
      <trkpt lat="35.59100992977619" lon="127.4906499311328">
        <ele>819.7999877929688</ele>
        <time>2024-03-16T16:01:05.146Z</time>
      </trkpt>
      <trkpt lat="35.59097992256284" lon="127.49067993834615">
        <ele>818.5999755859375</ele>
        <time>2024-03-16T16:01:27.146Z</time>
      </trkpt>
      <trkpt lat="35.59098998084664" lon="127.49067993834615">
        <ele>818.7999877929688</ele>
        <time>2024-03-16T16:01:49.146Z</time>
      </trkpt>
      <trkpt lat="35.59095997363329" lon="127.49071992002428">
        <ele>817.5999755859375</ele>
        <time>2024-03-16T16:02:11.146Z</time>
      </trkpt>
      <trkpt lat="35.59095997363329" lon="127.49082997441292">
        <ele>814.7999877929688</ele>
        <time>2024-03-16T16:02:32.146Z</time>
      </trkpt>
      <trkpt lat="35.590949999168515" lon="127.49084992334247">
        <ele>814.2000122070312</ele>
        <time>2024-03-16T16:02:54.146Z</time>
      </trkpt>
      <trkpt lat="35.59095997363329" lon="127.49085998162627">
        <ele>813.7999877929688</ele>
        <time>2024-03-16T16:03:16.146Z</time>
      </trkpt>
      <trkpt lat="35.590929966419935" lon="127.49088998883963">
        <ele>812.7999877929688</ele>
        <time>2024-03-16T16:03:38.146Z</time>
      </trkpt>
      <trkpt lat="35.59091999195516" lon="127.49091999605298">
        <ele>812.2000122070312</ele>
        <time>2024-03-16T16:04:00.146Z</time>
      </trkpt>
      <trkpt lat="35.590949999168515" lon="127.49105997383595">
        <ele>810</ele>
        <time>2024-03-16T16:04:21.146Z</time>
      </trkpt>
      <trkpt lat="35.59096994809806" lon="127.4910899810493">
        <ele>809.4000244140625</ele>
        <time>2024-03-16T16:04:43.146Z</time>
      </trkpt>
      <trkpt lat="35.59095997363329" lon="127.49109995551407">
        <ele>809.4000244140625</ele>
        <time>2024-03-16T16:05:05.146Z</time>
      </trkpt>
      <trkpt lat="35.59098998084664" lon="127.4910799227655">
        <ele>809.4000244140625</ele>
        <time>2024-03-16T16:05:27.146Z</time>
      </trkpt>
      <trkpt lat="35.59093994088471" lon="127.49111998826265">
        <ele>809.2000122070312</ele>
        <time>2024-03-16T16:05:49.146Z</time>
      </trkpt>
      <trkpt lat="35.59098998084664" lon="127.49111998826265">
        <ele>808.7999877929688</ele>
        <time>2024-03-16T16:06:10.146Z</time>
      </trkpt>
      <trkpt lat="35.59115996584296" lon="127.49109995551407">
        <ele>807.5999755859375</ele>
        <time>2024-03-16T16:06:32.146Z</time>
      </trkpt>
      <trkpt lat="35.591229954734445" lon="127.49109995551407">
        <ele>805.7999877929688</ele>
        <time>2024-03-16T16:06:54.146Z</time>
      </trkpt>
      <trkpt lat="35.59158995747566" lon="127.49099995940924">
        <ele>802.2000122070312</ele>
        <time>2024-03-16T16:07:16.146Z</time>
      </trkpt>
      <trkpt lat="35.59207996353507" lon="127.49092997051775">
        <ele>791.7999877929688</ele>
        <time>2024-03-16T16:07:38.146Z</time>
      </trkpt>
      <trkpt lat="35.59237995184958" lon="127.4908999633044">
        <ele>786.5999755859375</ele>
        <time>2024-03-16T16:08:00.146Z</time>
      </trkpt>
      <trkpt lat="35.59245999902487" lon="127.49085998162627">
        <ele>785.7999877929688</ele>
        <time>2024-03-16T16:08:22.146Z</time>
      </trkpt>
      <trkpt lat="35.59248992241919" lon="127.49077993445098">
        <ele>787.4000244140625</ele>
        <time>2024-03-16T16:08:44.146Z</time>
      </trkpt>
      <trkpt lat="35.59252998791635" lon="127.49073995277286">
        <ele>787.2000122070312</ele>
        <time>2024-03-16T16:09:06.146Z</time>
      </trkpt>
      <trkpt lat="35.592559995129704" lon="127.49068999662995">
        <ele>787.2000122070312</ele>
        <time>2024-03-16T16:09:28.146Z</time>
      </trkpt>
      <trkpt lat="35.59258991852403" lon="127.49060994945467">
        <ele>788</ele>
        <time>2024-03-16T16:09:50.146Z</time>
      </trkpt>
      <trkpt lat="35.59265999123454" lon="127.49050995334983">
        <ele>786.4000244140625</ele>
        <time>2024-03-16T16:10:12.146Z</time>
      </trkpt>
      <trkpt lat="35.59271992184222" lon="127.49043996445835">
        <ele>784.7999877929688</ele>
        <time>2024-03-16T16:10:34.146Z</time>
      </trkpt>
      <trkpt lat="35.5927399545908" lon="127.49039998278022">
        <ele>784.4000244140625</ele>
        <time>2024-03-16T16:10:56.146Z</time>
      </trkpt>
      <trkpt lat="35.59274992905557" lon="127.49036997556686">
        <ele>784.4000244140625</ele>
        <time>2024-03-16T16:11:18.146Z</time>
      </trkpt>
      <trkpt lat="35.59275998733938" lon="127.4902199395001">
        <ele>786.2000122070312</ele>
        <time>2024-03-16T16:11:40.146Z</time>
      </trkpt>
      <trkpt lat="35.592799969017506" lon="127.48999999836087">
        <ele>788.2000122070312</ele>
        <time>2024-03-16T16:12:02.146Z</time>
      </trkpt>
      <trkpt lat="35.592839950695634" lon="127.48988994397223">
        <ele>788.5999755859375</ele>
        <time>2024-03-16T16:12:24.146Z</time>
      </trkpt>
      <trkpt lat="35.592909939587116" lon="127.4897899478674">
        <ele>787.7999877929688</ele>
        <time>2024-03-16T16:12:46.146Z</time>
      </trkpt>
      <trkpt lat="35.59300993569195" lon="127.4896099884063">
        <ele>788</ele>
        <time>2024-03-16T16:13:08.146Z</time>
      </trkpt>
      <trkpt lat="35.59303994290531" lon="127.48956992290914">
        <ele>788.5999755859375</ele>
        <time>2024-03-16T16:13:30.146Z</time>
      </trkpt>
      <trkpt lat="35.593079924583435" lon="127.48951996676624">
        <ele>789.2000122070312</ele>
        <time>2024-03-16T16:13:52.146Z</time>
      </trkpt>
      <trkpt lat="35.59317992068827" lon="127.48943991959095">
        <ele>788.5999755859375</ele>
        <time>2024-03-16T16:14:14.146Z</time>
      </trkpt>
      <trkpt lat="35.59323993511498" lon="127.48937998898327">
        <ele>788.2000122070312</ele>
        <time>2024-03-16T16:14:37.146Z</time>
      </trkpt>
      <trkpt lat="35.59327991679311" lon="127.48931997455657">
        <ele>789</ele>
        <time>2024-03-16T16:14:59.146Z</time>
      </trkpt>
      <trkpt lat="35.59334998950362" lon="127.48910992406309">
        <ele>793.2000122070312</ele>
        <time>2024-03-16T16:15:21.146Z</time>
      </trkpt>
      <trkpt lat="35.59336993843317" lon="127.48906994238496">
        <ele>793.4000244140625</ele>
        <time>2024-03-16T16:15:43.146Z</time>
      </trkpt>
      <trkpt lat="35.593419978395104" lon="127.48902996070683">
        <ele>793</ele>
        <time>2024-03-16T16:16:05.146Z</time>
      </trkpt>
      <trkpt lat="35.59345996007323" lon="127.48901998624206">
        <ele>792.4000244140625</ele>
        <time>2024-03-16T16:16:27.146Z</time>
      </trkpt>
      <trkpt lat="35.59351997449994" lon="127.48902996070683">
        <ele>791</ele>
        <time>2024-03-16T16:16:49.146Z</time>
      </trkpt>
      <trkpt lat="35.59361997060478" lon="127.48900992795825">
        <ele>789.5999755859375</ele>
        <time>2024-03-16T16:17:12.146Z</time>
      </trkpt>
      <trkpt lat="35.59377998113632" lon="127.48889995738864">
        <ele>789.5999755859375</ele>
        <time>2024-03-16T16:17:34.146Z</time>
      </trkpt>
      <trkpt lat="35.59389992617071" lon="127.48886995017529">
        <ele>788.7999877929688</ele>
        <time>2024-03-16T16:17:56.146Z</time>
      </trkpt>
      <trkpt lat="35.593979973345995" lon="127.48886995017529">
        <ele>787.2000122070312</ele>
        <time>2024-03-16T16:18:18.146Z</time>
      </trkpt>
      <trkpt lat="35.594239979982376" lon="127.48896994628012">
        <ele>779.2000122070312</ele>
        <time>2024-03-16T16:18:40.146Z</time>
      </trkpt>
      <trkpt lat="35.59449998661876" lon="127.48911998234689">
        <ele>773.4000244140625</ele>
        <time>2024-03-16T16:19:03.146Z</time>
      </trkpt>
      <trkpt lat="35.594579949975014" lon="127.48914998956025">
        <ele>772.4000244140625</ele>
        <time>2024-03-16T16:19:25.146Z</time>
      </trkpt>
      <trkpt lat="35.59469997882843" lon="127.48914998956025">
        <ele>771.5999755859375</ele>
        <time>2024-03-16T16:19:47.146Z</time>
      </trkpt>
      <trkpt lat="35.59479997493327" lon="127.48911998234689">
        <ele>771.2000122070312</ele>
        <time>2024-03-16T16:20:10.146Z</time>
      </trkpt>
      <trkpt lat="35.59482998214662" lon="127.48908997513354">
        <ele>771.4000244140625</ele>
        <time>2024-03-16T16:20:32.146Z</time>
      </trkpt>
      <trkpt lat="35.595029974356294" lon="127.48880993574858">
        <ele>773.5999755859375</ele>
        <time>2024-03-16T16:20:54.146Z</time>
      </trkpt>
      <trkpt lat="35.59519995935261" lon="127.48869996517897">
        <ele>771.5999755859375</ele>
        <time>2024-03-16T16:21:17.146Z</time>
      </trkpt>
      <trkpt lat="35.59525997377932" lon="127.48866995796561">
        <ele>771.2000122070312</ele>
        <time>2024-03-16T16:21:39.146Z</time>
      </trkpt>
      <trkpt lat="35.595289980992675" lon="127.48865998350084">
        <ele>770.7999877929688</ele>
        <time>2024-03-16T16:22:01.146Z</time>
      </trkpt>
      <trkpt lat="35.59536994434893" lon="127.48865998350084">
        <ele>770.5999755859375</ele>
        <time>2024-03-16T16:22:24.146Z</time>
      </trkpt>
      <trkpt lat="35.59560991823673" lon="127.48870993964374">
        <ele>769.4000244140625</ele>
        <time>2024-03-16T16:22:46.146Z</time>
      </trkpt>
      <trkpt lat="35.59572994709015" lon="127.48870993964374">
        <ele>770.5999755859375</ele>
        <time>2024-03-16T16:23:09.146Z</time>
      </trkpt>
      <trkpt lat="35.59574997983873" lon="127.48871999792755">
        <ele>770.4000244140625</ele>
        <time>2024-03-16T16:23:31.146Z</time>
      </trkpt>
      <trkpt lat="35.59573992155492" lon="127.48871999792755">
        <ele>770.4000244140625</ele>
        <time>2024-03-16T16:23:53.146Z</time>
      </trkpt>
      <trkpt lat="35.59574997983873" lon="127.48872997239232">
        <ele>770.2000122070312</ele>
        <time>2024-03-16T16:24:16.146Z</time>
      </trkpt>
      <trkpt lat="35.59579993598163" lon="127.48870993964374">
        <ele>770.5999755859375</ele>
        <time>2024-03-16T16:24:38.146Z</time>
      </trkpt>
      <trkpt lat="35.595889957621694" lon="127.48874992132187">
        <ele>770.2000122070312</ele>
        <time>2024-03-16T16:25:01.146Z</time>
      </trkpt>
      <trkpt lat="35.59592993929982" lon="127.48877992853522">
        <ele>770</ele>
        <time>2024-03-16T16:25:23.146Z</time>
      </trkpt>
      <trkpt lat="35.595979979261756" lon="127.48883994296193">
        <ele>769.5999755859375</ele>
        <time>2024-03-16T16:25:46.146Z</time>
      </trkpt>
      <trkpt lat="35.59600998647511" lon="127.48888998292387">
        <ele>769</ele>
        <time>2024-03-16T16:26:08.146Z</time>
      </trkpt>
      <trkpt lat="35.59605994261801" lon="127.48901998624206">
        <ele>767.5999755859375</ele>
        <time>2024-03-16T16:26:31.146Z</time>
      </trkpt>
      <trkpt lat="35.59621995314956" lon="127.48924998566508">
        <ele>765.4000244140625</ele>
        <time>2024-03-16T16:26:53.146Z</time>
      </trkpt>
      <trkpt lat="35.59636998921633" lon="127.48954997397959">
        <ele>761.2000122070312</ele>
        <time>2024-03-16T16:27:16.146Z</time>
      </trkpt>
      <trkpt lat="35.59647995978594" lon="127.48973999172449">
        <ele>758.4000244140625</ele>
        <time>2024-03-16T16:27:38.146Z</time>
      </trkpt>
      <trkpt lat="35.59658993035555" lon="127.48998994007707">
        <ele>754.5999755859375</ele>
        <time>2024-03-16T16:28:01.146Z</time>
      </trkpt>
      <trkpt lat="35.59665991924703" lon="127.49007996171713">
        <ele>754.4000244140625</ele>
        <time>2024-03-16T16:28:23.146Z</time>
      </trkpt>
      <trkpt lat="35.59676997363567" lon="127.49014995060861">
        <ele>755.2000122070312</ele>
        <time>2024-03-16T16:28:46.146Z</time>
      </trkpt>
      <trkpt lat="35.59692998416722" lon="127.49028992839158">
        <ele>756.2000122070312</ele>
        <time>2024-03-16T16:29:08.146Z</time>
      </trkpt>
      <trkpt lat="35.59695999138057" lon="127.49034994281828">
        <ele>756.2000122070312</ele>
        <time>2024-03-16T16:29:31.146Z</time>
      </trkpt>
      <trkpt lat="35.597009947523475" lon="127.49047994613647">
        <ele>756.2000122070312</ele>
        <time>2024-03-16T16:29:54.146Z</time>
      </trkpt>
      <trkpt lat="35.597009947523475" lon="127.49056996777654">
        <ele>755.7999877929688</ele>
        <time>2024-03-16T16:30:16.146Z</time>
      </trkpt>
      <trkpt lat="35.5969999730587" lon="127.49056996777654">
        <ele>755.5999755859375</ele>
        <time>2024-03-16T16:30:39.146Z</time>
      </trkpt>
      <trkpt lat="35.59701992198825" lon="127.49056996777654">
        <ele>756</ele>
        <time>2024-03-16T16:31:02.146Z</time>
      </trkpt>
      <trkpt lat="35.59701992198825" lon="127.49060994945467">
        <ele>756</ele>
        <time>2024-03-16T16:31:24.146Z</time>
      </trkpt>
      <trkpt lat="35.5969999730587" lon="127.4906599894166">
        <ele>755.7999877929688</ele>
        <time>2024-03-16T16:31:47.146Z</time>
      </trkpt>
      <trkpt lat="35.596989998593926" lon="127.4906599894166">
        <ele>755.7999877929688</ele>
        <time>2024-03-16T16:32:10.146Z</time>
      </trkpt>
      <trkpt lat="35.596989998593926" lon="127.49063995666802">
        <ele>755.5999755859375</ele>
        <time>2024-03-16T16:32:32.146Z</time>
      </trkpt>
      <trkpt lat="35.59697994031012" lon="127.49078999273479">
        <ele>756</ele>
        <time>2024-03-16T16:32:55.146Z</time>
      </trkpt>
      <trkpt lat="35.59695999138057" lon="127.49082997441292">
        <ele>755.7999877929688</ele>
        <time>2024-03-16T16:33:17.146Z</time>
      </trkpt>
      <trkpt lat="35.59691992588341" lon="127.49086995609105">
        <ele>756.5999755859375</ele>
        <time>2024-03-16T16:33:40.146Z</time>
      </trkpt>
      <trkpt lat="35.596899976953864" lon="127.49087993055582">
        <ele>756.5999755859375</ele>
        <time>2024-03-16T16:34:03.146Z</time>
      </trkpt>
      <trkpt lat="35.596859995275736" lon="127.49088998883963">
        <ele>756.5999755859375</ele>
        <time>2024-03-16T16:34:26.146Z</time>
      </trkpt>
      <trkpt lat="35.59678992256522" lon="127.49088998883963">
        <ele>755.7999877929688</ele>
        <time>2024-03-16T16:34:48.146Z</time>
      </trkpt>
      <trkpt lat="35.5966199375689" lon="127.49096995219588">
        <ele>754</ele>
        <time>2024-03-16T16:35:11.146Z</time>
      </trkpt>
      <trkpt lat="35.596469985321164" lon="127.4910899810493">
        <ele>752</ele>
        <time>2024-03-16T16:35:34.146Z</time>
      </trkpt>
      <trkpt lat="35.59636998921633" lon="127.4912799987942">
        <ele>751.2000122070312</ele>
        <time>2024-03-16T16:35:56.146Z</time>
      </trkpt>
      <trkpt lat="35.59635993093252" lon="127.49130992218852">
        <ele>751.2000122070312</ele>
        <time>2024-03-16T16:36:19.146Z</time>
      </trkpt>
      <trkpt lat="35.59635993093252" lon="127.49136993661523">
        <ele>751.5999755859375</ele>
        <time>2024-03-16T16:36:42.146Z</time>
      </trkpt>
      <trkpt lat="35.59645992703736" lon="127.49147999100387">
        <ele>755.2000122070312</ele>
        <time>2024-03-16T16:37:05.146Z</time>
      </trkpt>
      <trkpt lat="35.59647995978594" lon="127.49153992161155">
        <ele>756.2000122070312</ele>
        <time>2024-03-16T16:37:27.146Z</time>
      </trkpt>
      <trkpt lat="35.59647995978594" lon="127.49157998710871">
        <ele>756.4000244140625</ele>
        <time>2024-03-16T16:37:50.146Z</time>
      </trkpt>
      <trkpt lat="35.596469985321164" lon="127.49163991771638">
        <ele>756.5999755859375</ele>
        <time>2024-03-16T16:38:13.146Z</time>
      </trkpt>
      <trkpt lat="35.596409970894456" lon="127.49174997210503">
        <ele>755.7999877929688</ele>
        <time>2024-03-16T16:38:36.146Z</time>
      </trkpt>
      <trkpt lat="35.59622992761433" lon="127.49189992435277">
        <ele>752.4000244140625</ele>
        <time>2024-03-16T16:38:59.146Z</time>
      </trkpt>
      <trkpt lat="35.59617997147143" lon="127.4919999204576">
        <ele>751.4000244140625</ele>
        <time>2024-03-16T16:39:21.146Z</time>
      </trkpt>
      <trkpt lat="35.59617997147143" lon="127.49200997874141">
        <ele>751.4000244140625</ele>
        <time>2024-03-16T16:39:44.146Z</time>
      </trkpt>
      <trkpt lat="35.59619992040098" lon="127.49202992767096">
        <ele>752</ele>
        <time>2024-03-16T16:40:07.146Z</time>
      </trkpt>
      <trkpt lat="35.59621995314956" lon="127.49214995652437">
        <ele>752.5999755859375</ele>
        <time>2024-03-16T16:40:30.146Z</time>
      </trkpt>
      <trkpt lat="35.59623998589814" lon="127.49217996373773">
        <ele>753.4000244140625</ele>
        <time>2024-03-16T16:40:53.146Z</time>
      </trkpt>
      <trkpt lat="35.59628994204104" lon="127.4921999964863">
        <ele>755</ele>
        <time>2024-03-16T16:41:15.146Z</time>
      </trkpt>
      <trkpt lat="35.59630997478962" lon="127.49223997816443">
        <ele>755.2000122070312</ele>
        <time>2024-03-16T16:41:38.146Z</time>
      </trkpt>
      <trkpt lat="35.596339982002974" lon="127.4923799559474">
        <ele>753</ele>
        <time>2024-03-16T16:42:01.146Z</time>
      </trkpt>
      <trkpt lat="35.59634995646775" lon="127.49239998869598">
        <ele>753</ele>
        <time>2024-03-16T16:42:24.146Z</time>
      </trkpt>
      <trkpt lat="35.59635993093252" lon="127.49239998869598">
        <ele>753.4000244140625</ele>
        <time>2024-03-16T16:42:47.146Z</time>
      </trkpt>
      <trkpt lat="35.59636998921633" lon="127.49242999590933">
        <ele>753</ele>
        <time>2024-03-16T16:43:10.146Z</time>
      </trkpt>
      <trkpt lat="35.5963799636811" lon="127.49250995926559">
        <ele>751.4000244140625</ele>
        <time>2024-03-16T16:43:33.146Z</time>
      </trkpt>
      <trkpt lat="35.5963799636811" lon="127.49257994815707">
        <ele>749.4000244140625</ele>
        <time>2024-03-16T16:43:56.146Z</time>
      </trkpt>
      <trkpt lat="35.596389938145876" lon="127.49258992262185">
        <ele>749.5999755859375</ele>
        <time>2024-03-16T16:44:18.146Z</time>
      </trkpt>
      <trkpt lat="35.596449952572584" lon="127.4925699736923">
        <ele>752</ele>
        <time>2024-03-16T16:44:41.146Z</time>
      </trkpt>
      <trkpt lat="35.59649999253452" lon="127.49258992262185">
        <ele>753</ele>
        <time>2024-03-16T16:45:04.146Z</time>
      </trkpt>
      <trkpt lat="35.59652999974787" lon="127.49258992262185">
        <ele>754</ele>
        <time>2024-03-16T16:45:18.147Z</time>
      </trkpt>
      <trkpt lat="35.59652999974787" lon="127.49258992262185">
        <ele>755.2194782863374</ele>
        <time>2024-03-16T16:45:18.147Z</time>
      </trkpt>
      <trkpt lat="35.59669998474419" lon="127.49264993704855">
        <ele>758.5702230775802</ele>
        <time>2024-03-16T16:46:40.663Z</time>
      </trkpt>
      <trkpt lat="35.59669998474419" lon="127.49264993704855">
        <ele>757.7999877929688</ele>
        <time>2024-03-16T16:46:40.663Z</time>
      </trkpt>
      <trkpt lat="35.59679998084903" lon="127.49276996590197">
        <ele>756.4000244140625</ele>
        <time>2024-03-16T16:51:57.146Z</time>
      </trkpt>
      <trkpt lat="35.59678992256522" lon="127.49283995479345">
        <ele>754.4000244140625</ele>
        <time>2024-03-16T16:52:20.146Z</time>
      </trkpt>
      <trkpt lat="35.59679998084903" lon="127.49286996200681">
        <ele>754</ele>
        <time>2024-03-16T16:52:43.146Z</time>
      </trkpt>
      <trkpt lat="35.59678992256522" lon="127.49288999475539">
        <ele>753.2000122070312</ele>
        <time>2024-03-16T16:53:06.146Z</time>
      </trkpt>
      <trkpt lat="35.59679998084903" lon="127.49286996200681">
        <ele>754</ele>
        <time>2024-03-16T16:53:29.146Z</time>
      </trkpt>
      <trkpt lat="35.59678992256522" lon="127.49287993647158">
        <ele>753.4000244140625</ele>
        <time>2024-03-16T16:53:52.146Z</time>
      </trkpt>
      <trkpt lat="35.59677994810045" lon="127.49292997643352">
        <ele>752.2000122070312</ele>
        <time>2024-03-16T16:54:15.146Z</time>
      </trkpt>
      <trkpt lat="35.59677994810045" lon="127.49297993257642">
        <ele>751.2000122070312</ele>
        <time>2024-03-16T16:54:37.146Z</time>
      </trkpt>
      <trkpt lat="35.5967599991709" lon="127.49301999807358">
        <ele>750</ele>
        <time>2024-03-16T16:55:00.146Z</time>
      </trkpt>
      <trkpt lat="35.5967599991709" lon="127.49303994700313">
        <ele>749.4000244140625</ele>
        <time>2024-03-16T16:55:23.146Z</time>
      </trkpt>
      <trkpt lat="35.596729991957545" lon="127.49310993589461">
        <ele>747</ele>
        <time>2024-03-16T16:55:46.146Z</time>
      </trkpt>
      <trkpt lat="35.59671993367374" lon="127.49316995032132">
        <ele>744.7999877929688</ele>
        <time>2024-03-16T16:56:09.146Z</time>
      </trkpt>
      <trkpt lat="35.596689926460385" lon="127.49325997196138">
        <ele>741.2000122070312</ele>
        <time>2024-03-16T16:56:33.146Z</time>
      </trkpt>
      <trkpt lat="35.59653997421265" lon="127.49336994253099">
        <ele>732.5999755859375</ele>
        <time>2024-03-16T16:56:56.146Z</time>
      </trkpt>
      <trkpt lat="35.59649999253452" lon="127.49336994253099">
        <ele>731.4000244140625</ele>
        <time>2024-03-16T16:57:19.146Z</time>
      </trkpt>
      <trkpt lat="35.596469985321164" lon="127.49335996806622">
        <ele>730.7999877929688</ele>
        <time>2024-03-16T16:57:42.146Z</time>
      </trkpt>
      <trkpt lat="35.596449952572584" lon="127.49333993531764">
        <ele>730.7999877929688</ele>
        <time>2024-03-16T16:58:05.146Z</time>
      </trkpt>
      <trkpt lat="35.596299916505814" lon="127.49327992089093">
        <ele>727.5999755859375</ele>
        <time>2024-03-16T16:58:28.146Z</time>
      </trkpt>
      <trkpt lat="35.596299916505814" lon="127.49326994642615">
        <ele>727.7999877929688</ele>
        <time>2024-03-16T16:58:51.146Z</time>
      </trkpt>
      <trkpt lat="35.59622992761433" lon="127.4932499974966">
        <ele>726</ele>
        <time>2024-03-16T16:59:14.146Z</time>
      </trkpt>
      <trkpt lat="35.5961899459362" lon="127.49321999028325">
        <ele>725.4000244140625</ele>
        <time>2024-03-16T16:59:37.146Z</time>
      </trkpt>
      <trkpt lat="35.595999928191304" lon="127.4930599797517">
        <ele>724.4000244140625</ele>
        <time>2024-03-16T17:00:00.146Z</time>
      </trkpt>
      <trkpt lat="35.595959946513176" lon="127.49296995811164">
        <ele>726</ele>
        <time>2024-03-16T17:00:23.146Z</time>
      </trkpt>
      <trkpt lat="35.59591996483505" lon="127.49291991814971">
        <ele>726.4000244140625</ele>
        <time>2024-03-16T17:00:46.146Z</time>
      </trkpt>
      <trkpt lat="35.59578996151686" lon="127.49281992204487">
        <ele>726</ele>
        <time>2024-03-16T17:01:09.146Z</time>
      </trkpt>
      <trkpt lat="35.5957599543035" lon="127.49282998032868">
        <ele>725</ele>
        <time>2024-03-16T17:01:32.146Z</time>
      </trkpt>
      <trkpt lat="35.59574997983873" lon="127.49290994368494">
        <ele>722.4000244140625</ele>
        <time>2024-03-16T17:01:56.146Z</time>
      </trkpt>
      <trkpt lat="35.59577998705208" lon="127.49295998364687">
        <ele>721.5999755859375</ele>
        <time>2024-03-16T17:02:19.146Z</time>
      </trkpt>
      <trkpt lat="35.595829943194985" lon="127.49315997585654">
        <ele>718.2000122070312</ele>
        <time>2024-03-16T17:02:42.146Z</time>
      </trkpt>
      <trkpt lat="35.59589993208647" lon="127.49326994642615">
        <ele>717.2000122070312</ele>
        <time>2024-03-16T17:03:05.146Z</time>
      </trkpt>
      <trkpt lat="35.59591996483505" lon="127.49333993531764">
        <ele>716.2000122070312</ele>
        <time>2024-03-16T17:03:28.146Z</time>
      </trkpt>
      <trkpt lat="35.59592993929982" lon="127.49339994974434">
        <ele>715.2000122070312</ele>
        <time>2024-03-16T17:03:51.146Z</time>
      </trkpt>
      <trkpt lat="35.595909990370274" lon="127.49345996417105">
        <ele>713.4000244140625</ele>
        <time>2024-03-16T17:04:15.146Z</time>
      </trkpt>
      <trkpt lat="35.59581996873021" lon="127.49360991641879">
        <ele>708</ele>
        <time>2024-03-16T17:04:38.146Z</time>
      </trkpt>
      <trkpt lat="35.59578996151686" lon="127.49363992363214">
        <ele>706.5999755859375</ele>
        <time>2024-03-16T17:05:01.146Z</time>
      </trkpt>
      <trkpt lat="35.59573992155492" lon="127.49364998191595">
        <ele>705</ele>
        <time>2024-03-16T17:05:24.146Z</time>
      </trkpt>
      <trkpt lat="35.59567999094725" lon="127.49364998191595">
        <ele>703.5999755859375</ele>
        <time>2024-03-16T17:05:47.146Z</time>
      </trkpt>
      <trkpt lat="35.59555996209383" lon="127.4936799891293">
        <ele>700.2000122070312</ele>
        <time>2024-03-16T17:06:11.146Z</time>
      </trkpt>
      <trkpt lat="35.5955199804157" lon="127.4936699308455">
        <ele>699.4000244140625</ele>
        <time>2024-03-16T17:06:34.146Z</time>
      </trkpt>
      <trkpt lat="35.59533993713558" lon="127.4936699308455">
        <ele>694.7999877929688</ele>
        <time>2024-03-16T17:06:57.146Z</time>
      </trkpt>
      <trkpt lat="35.595159977674484" lon="127.49369993805885">
        <ele>690.2000122070312</ele>
        <time>2024-03-16T17:07:20.146Z</time>
      </trkpt>
      <trkpt lat="35.595079930499196" lon="127.49368996359408">
        <ele>688.5999755859375</ele>
        <time>2024-03-16T17:07:44.146Z</time>
      </trkpt>
      <trkpt lat="35.59503994882107" lon="127.49370999634266">
        <ele>687.2000122070312</ele>
        <time>2024-03-16T17:08:07.146Z</time>
      </trkpt>
      <trkpt lat="35.595029974356294" lon="127.4936699308455">
        <ele>687.7999877929688</ele>
        <time>2024-03-16T17:08:30.146Z</time>
      </trkpt>
      <trkpt lat="35.595009941607714" lon="127.49364998191595">
        <ele>687.7999877929688</ele>
        <time>2024-03-16T17:08:54.146Z</time>
      </trkpt>
      <trkpt lat="35.594949927181005" lon="127.49364998191595">
        <ele>687</ele>
        <time>2024-03-16T17:09:17.146Z</time>
      </trkpt>
      <trkpt lat="35.59487993828952" lon="127.49360991641879">
        <ele>686.7999877929688</ele>
        <time>2024-03-16T17:09:40.146Z</time>
      </trkpt>
      <trkpt lat="35.594859989359975" lon="127.49358996748924">
        <ele>687.2000122070312</ele>
        <time>2024-03-16T17:10:04.146Z</time>
      </trkpt>
      <trkpt lat="35.59473996050656" lon="127.49358996748924">
        <ele>685.5999755859375</ele>
        <time>2024-03-16T17:10:27.146Z</time>
      </trkpt>
      <trkpt lat="35.594709953293204" lon="127.49357999302447">
        <ele>685.7999877929688</ele>
        <time>2024-03-16T17:10:50.146Z</time>
      </trkpt>
      <trkpt lat="35.594669971615076" lon="127.49357999302447">
        <ele>686</ele>
        <time>2024-03-16T17:11:13.146Z</time>
      </trkpt>
      <trkpt lat="35.594599982723594" lon="127.49355996027589">
        <ele>686.5999755859375</ele>
        <time>2024-03-16T17:11:37.146Z</time>
      </trkpt>
      <trkpt lat="35.59458992443979" lon="127.49355996027589">
        <ele>686.5999755859375</ele>
        <time>2024-03-16T17:12:00.146Z</time>
      </trkpt>
      <trkpt lat="35.59458992443979" lon="127.49356993474066">
        <ele>686.4000244140625</ele>
        <time>2024-03-16T17:12:23.146Z</time>
      </trkpt>
      <trkpt lat="35.59456997551024" lon="127.49358996748924">
        <ele>686</ele>
        <time>2024-03-16T17:12:47.146Z</time>
      </trkpt>
      <trkpt lat="35.59447995387018" lon="127.49355996027589">
        <ele>687</ele>
        <time>2024-03-16T17:13:10.146Z</time>
      </trkpt>
      <trkpt lat="35.594409964978695" lon="127.49354998581111">
        <ele>687.2000122070312</ele>
        <time>2024-03-16T17:13:34.146Z</time>
      </trkpt>
      <trkpt lat="35.59428993612528" lon="127.49349994584918">
        <ele>688.2000122070312</ele>
        <time>2024-03-16T17:13:57.146Z</time>
      </trkpt>
      <trkpt lat="35.594239979982376" lon="127.4934899713844">
        <ele>688.2000122070312</ele>
        <time>2024-03-16T17:14:20.146Z</time>
      </trkpt>
      <trkpt lat="35.59392993338406" lon="127.49365995638072">
        <ele>684.7999877929688</ele>
        <time>2024-03-16T17:14:44.146Z</time>
      </trkpt>
      <trkpt lat="35.59386991895735" lon="127.49371997080743">
        <ele>684</ele>
        <time>2024-03-16T17:15:07.146Z</time>
      </trkpt>
      <trkpt lat="35.593789955601096" lon="127.49387998133898">
        <ele>681</ele>
        <time>2024-03-16T17:15:31.146Z</time>
      </trkpt>
      <trkpt lat="35.593739999458194" lon="127.49408994801342">
        <ele>675.4000244140625</ele>
        <time>2024-03-16T17:15:54.146Z</time>
      </trkpt>
      <trkpt lat="35.59370999224484" lon="127.49413998797536">
        <ele>674.2000122070312</ele>
        <time>2024-03-16T17:16:17.146Z</time>
      </trkpt>
      <trkpt lat="35.593659952282906" lon="127.49418994411826">
        <ele>673.2000122070312</ele>
        <time>2024-03-16T17:16:41.146Z</time>
      </trkpt>
      <trkpt lat="35.5935999378562" lon="127.49426999129355">
        <ele>671.2000122070312</ele>
        <time>2024-03-16T17:17:04.146Z</time>
      </trkpt>
      <trkpt lat="35.59353992342949" lon="127.49437996186316">
        <ele>668.2000122070312</ele>
        <time>2024-03-16T17:17:28.146Z</time>
      </trkpt>
      <trkpt lat="35.59347999282181" lon="127.49460996128619">
        <ele>663.7999877929688</ele>
        <time>2024-03-16T17:17:51.146Z</time>
      </trkpt>
      <trkpt lat="35.59342995285988" lon="127.4947199318558">
        <ele>661</ele>
        <time>2024-03-16T17:18:15.146Z</time>
      </trkpt>
      <trkpt lat="35.59331998229027" lon="127.49487994238734">
        <ele>657.5999755859375</ele>
        <time>2024-03-16T17:18:38.146Z</time>
      </trkpt>
      <trkpt lat="35.59319995343685" lon="127.49511991627514">
        <ele>653</ele>
        <time>2024-03-16T17:19:02.146Z</time>
      </trkpt>
      <trkpt lat="35.592989986762404" lon="127.49531999230385">
        <ele>655.5999755859375</ele>
        <time>2024-03-16T17:19:26.146Z</time>
      </trkpt>
      <trkpt lat="35.592929972335696" lon="127.4953999556601">
        <ele>655.5999755859375</ele>
        <time>2024-03-16T17:19:49.146Z</time>
      </trkpt>
      <trkpt lat="35.59291999787092" lon="127.49542996287346">
        <ele>655.2000122070312</ele>
        <time>2024-03-16T17:20:13.146Z</time>
      </trkpt>
      <trkpt lat="35.592969954013824" lon="127.49551998451352">
        <ele>651.5999755859375</ele>
        <time>2024-03-16T17:20:36.146Z</time>
      </trkpt>
      <trkpt lat="35.59299996122718" lon="127.49553993344307">
        <ele>650.4000244140625</ele>
        <time>2024-03-16T17:21:00.146Z</time>
      </trkpt>
      <trkpt lat="35.59310993179679" lon="127.49555996619165">
        <ele>647</ele>
        <time>2024-03-16T17:21:24.146Z</time>
      </trkpt>
      <trkpt lat="35.59314999729395" lon="127.49560992233455">
        <ele>644.5999755859375</ele>
        <time>2024-03-16T17:21:47.146Z</time>
      </trkpt>
      <trkpt lat="35.59312996454537" lon="127.49575995840132">
        <ele>643.2000122070312</ele>
        <time>2024-03-16T17:22:11.146Z</time>
      </trkpt>
      <trkpt lat="35.59305997565389" lon="127.49596992507577">
        <ele>641.5999755859375</ele>
        <time>2024-03-16T17:22:35.146Z</time>
      </trkpt>
      <trkpt lat="35.59304991737008" lon="127.49611996114254">
        <ele>638.5999755859375</ele>
        <time>2024-03-16T17:22:58.146Z</time>
      </trkpt>
      <trkpt lat="35.59302996844053" lon="127.49627997167408">
        <ele>633.5999755859375</ele>
        <time>2024-03-16T17:23:22.146Z</time>
      </trkpt>
      <trkpt lat="35.592969954013824" lon="127.49648993834853">
        <ele>627.5999755859375</ele>
        <time>2024-03-16T17:23:46.146Z</time>
      </trkpt>
      <trkpt lat="35.59280994348228" lon="127.49678992666304">
        <ele>617.4000244140625</ele>
        <time>2024-03-16T17:24:09.146Z</time>
      </trkpt>
      <trkpt lat="35.592779936268926" lon="127.49689998105168">
        <ele>614</ele>
        <time>2024-03-16T17:24:33.146Z</time>
      </trkpt>
      <trkpt lat="35.59271992184222" lon="127.49701992608607">
        <ele>612</ele>
        <time>2024-03-16T17:24:57.146Z</time>
      </trkpt>
      <trkpt lat="35.59260995127261" lon="127.49715998768806">
        <ele>611.2000122070312</ele>
        <time>2024-03-16T17:25:21.146Z</time>
      </trkpt>
      <trkpt lat="35.5925499368459" lon="127.49733994714916">
        <ele>607.2000122070312</ele>
        <time>2024-03-16T17:25:44.146Z</time>
      </trkpt>
      <trkpt lat="35.59250995516777" lon="127.49742996878922">
        <ele>604.7999877929688</ele>
        <time>2024-03-16T17:26:08.146Z</time>
      </trkpt>
      <trkpt lat="35.59231993742287" lon="127.49770992435515">
        <ele>599.5999755859375</ele>
        <time>2024-03-16T17:26:32.146Z</time>
      </trkpt>
      <trkpt lat="35.59225992299616" lon="127.49781997874379">
        <ele>597.5999755859375</ele>
        <time>2024-03-16T17:26:56.146Z</time>
      </trkpt>
      <trkpt lat="35.59222999960184" lon="127.49790991656482">
        <ele>595.4000244140625</ele>
        <time>2024-03-16T17:27:20.146Z</time>
      </trkpt>
      <trkpt lat="35.59220996685326" lon="127.49801997095346">
        <ele>592.2000122070312</ele>
        <time>2024-03-16T17:27:44.146Z</time>
      </trkpt>
      <trkpt lat="35.59216998517513" lon="127.49809993430972">
        <ele>591.2000122070312</ele>
        <time>2024-03-16T17:28:07.146Z</time>
      </trkpt>
      <trkpt lat="35.591979967430234" lon="127.49839992262423">
        <ele>587.2000122070312</ele>
        <time>2024-03-16T17:28:31.146Z</time>
      </trkpt>
      <trkpt lat="35.5918799713254" lon="127.49859999865294">
        <ele>582.7999877929688</ele>
        <time>2024-03-16T17:28:55.146Z</time>
      </trkpt>
      <trkpt lat="35.59181995689869" lon="127.49883997254074">
        <ele>576.5999755859375</ele>
        <time>2024-03-16T17:29:19.146Z</time>
      </trkpt>
      <trkpt lat="35.59175994247198" lon="127.4989799503237">
        <ele>572.2000122070312</ele>
        <time>2024-03-16T17:29:43.146Z</time>
      </trkpt>
      <trkpt lat="35.59171996079385" lon="127.49909997917712">
        <ele>567.5999755859375</ele>
        <time>2024-03-16T17:30:07.146Z</time>
      </trkpt>
      <trkpt lat="35.59169992804527" lon="127.49928999692202">
        <ele>563.2000122070312</ele>
        <time>2024-03-16T17:30:31.146Z</time>
      </trkpt>
      <trkpt lat="35.591679979115725" lon="127.49933995306492">
        <ele>562.5999755859375</ele>
        <time>2024-03-16T17:30:55.146Z</time>
      </trkpt>
      <trkpt lat="35.59166992083192" lon="127.4993599858135">
        <ele>562.4000244140625</ele>
        <time>2024-03-16T17:31:19.146Z</time>
      </trkpt>
      <trkpt lat="35.59156992472708" lon="127.49938999302685">
        <ele>562.4000244140625</ele>
        <time>2024-03-16T17:31:43.146Z</time>
      </trkpt>
      <trkpt lat="35.5914499796927" lon="127.49936996027827">
        <ele>563.2000122070312</ele>
        <time>2024-03-16T17:32:07.146Z</time>
      </trkpt>
      <trkpt lat="35.591359958052635" lon="127.49938999302685">
        <ele>563.5999755859375</ele>
        <time>2024-03-16T17:32:31.146Z</time>
      </trkpt>
      <trkpt lat="35.59127999469638" lon="127.49942997470498">
        <ele>562.4000244140625</ele>
        <time>2024-03-16T17:32:55.146Z</time>
      </trkpt>
      <trkpt lat="35.59119994752109" lon="127.49947993084788">
        <ele>561.5999755859375</ele>
        <time>2024-03-16T17:33:19.146Z</time>
      </trkpt>
      <trkpt lat="35.59117999859154" lon="127.4995999597013">
        <ele>560.4000244140625</ele>
        <time>2024-03-16T17:33:43.146Z</time>
      </trkpt>
      <trkpt lat="35.591169940307736" lon="127.49973993748426">
        <ele>558.7999877929688</ele>
        <time>2024-03-16T17:34:07.146Z</time>
      </trkpt>
      <trkpt lat="35.59114999137819" lon="127.49979995191097">
        <ele>558.2000122070312</ele>
        <time>2024-03-16T17:34:31.146Z</time>
      </trkpt>
      <trkpt lat="35.59110992588103" lon="127.49986994080245">
        <ele>557.5999755859375</ele>
        <time>2024-03-16T17:34:55.146Z</time>
      </trkpt>
      <trkpt lat="35.591059969738126" lon="127.49993992969394">
        <ele>557.2000122070312</ele>
        <time>2024-03-16T17:35:19.146Z</time>
      </trkpt>
      <trkpt lat="35.59088998474181" lon="127.50009994022548">
        <ele>555.5999755859375</ele>
        <time>2024-03-16T17:35:43.146Z</time>
      </trkpt>
      <trkpt lat="35.5908299703151" lon="127.50016992911696">
        <ele>554.5999755859375</ele>
        <time>2024-03-16T17:36:08.146Z</time>
      </trkpt>
      <trkpt lat="35.59052998200059" lon="127.50060997903347">
        <ele>549.2000122070312</ele>
        <time>2024-03-16T17:37:33.007Z</time>
      </trkpt>
      <trkpt lat="35.59052998200059" lon="127.50060997903347">
        <ele>551.7845602918762</ele>
        <time>2024-03-16T17:37:33.007Z</time>
      </trkpt>
      <trkpt lat="35.59037200146857" lon="127.50112768153107">
        <ele>546.2547784460438</ele>
        <time>2024-03-16T17:38:54.725Z</time>
      </trkpt>
      <trkpt lat="35.590349938720465" lon="127.50119998119771">
        <ele>545.7933380852686</ele>
        <time>2024-03-16T17:39:06.137Z</time>
      </trkpt>
      <trkpt lat="35.590349938720465" lon="127.50119998119771">
        <ele>542.7999877929688</ele>
        <time>2024-03-16T17:39:06.137Z</time>
      </trkpt>
      <trkpt lat="35.590349938720465" lon="127.50119998119771">
        <ele>545.7933380852686</ele>
        <time>2024-03-16T17:39:06.137Z</time>
      </trkpt>
      <trkpt lat="35.59038534785897" lon="127.50130913063481">
        <ele>545.4251936482775</ele>
        <time>2024-03-16T17:39:24.593Z</time>
      </trkpt>
      <trkpt lat="35.59038534785897" lon="127.50130913063481">
        <ele>545.4251936482775</ele>
        <time>2024-03-16T17:39:24.593Z</time>
      </trkpt>
      <trkpt lat="35.59021793825757" lon="127.50132482711717">
        <ele>545.1072636312813</ele>
        <time>2024-03-16T17:39:57.019Z</time>
      </trkpt>
      <trkpt lat="35.59010996483266" lon="127.50157993286848">
        <ele>543.04711815002</ele>
        <time>2024-03-16T17:40:42.186Z</time>
      </trkpt>
      <trkpt lat="35.59010996483266" lon="127.50157993286848">
        <ele>539.5999755859375</ele>
        <time>2024-03-16T17:40:42.186Z</time>
      </trkpt>
      <trkpt lat="35.590069983154535" lon="127.5016999617219">
        <ele>538.7999877929688</ele>
        <time>2024-03-16T17:47:16.374Z</time>
      </trkpt>
      <trkpt lat="35.58999999426305" lon="127.50180993229151">
        <ele>537.7999877929688</ele>
        <time>2024-03-16T17:47:41.374Z</time>
      </trkpt>
      <trkpt lat="35.58992992155254" lon="127.5019499938935">
        <ele>536.2000122070312</ele>
        <time>2024-03-16T17:48:05.374Z</time>
      </trkpt>
      <trkpt lat="35.58985993266106" lon="127.50210992060602">
        <ele>535.2000122070312</ele>
        <time>2024-03-16T17:48:30.374Z</time>
      </trkpt>
      <trkpt lat="35.5898299254477" lon="127.50221997499466">
        <ele>534.5999755859375</ele>
        <time>2024-03-16T17:48:54.374Z</time>
      </trkpt>
      <trkpt lat="35.58979991823435" lon="127.50244997441769">
        <ele>533.4000244140625</ele>
        <time>2024-03-16T17:49:18.374Z</time>
      </trkpt>
      <trkpt lat="35.58979991823435" lon="127.50257997773588">
        <ele>532.7999877929688</ele>
        <time>2024-03-16T17:49:43.374Z</time>
      </trkpt>
      <trkpt lat="35.58968994766474" lon="127.5031799543649">
        <ele>530</ele>
        <time>2024-03-16T17:50:07.374Z</time>
      </trkpt>
      <trkpt lat="35.58966999873519" lon="127.50332999043167">
        <ele>529.7999877929688</ele>
        <time>2024-03-16T17:50:32.374Z</time>
      </trkpt>
      <trkpt lat="35.589659940451384" lon="127.50349997542799">
        <ele>529</ele>
        <time>2024-03-16T17:50:56.374Z</time>
      </trkpt>
      <trkpt lat="35.589399933815" lon="127.50400993041694">
        <ele>527.5999755859375</ele>
        <time>2024-03-16T17:51:21.374Z</time>
      </trkpt>
      <trkpt lat="35.589359952136874" lon="127.50411998480558">
        <ele>527.4000244140625</ele>
        <time>2024-03-16T17:51:45.374Z</time>
      </trkpt>
      <trkpt lat="35.58930999599397" lon="127.50421998091042">
        <ele>527.5999755859375</ele>
        <time>2024-03-16T17:52:10.374Z</time>
      </trkpt>
      <trkpt lat="35.5891599599272" lon="127.50440999865532">
        <ele>527.2000122070312</ele>
        <time>2024-03-16T17:52:35.374Z</time>
      </trkpt>
      <trkpt lat="35.58909994550049" lon="127.50449993647635">
        <ele>527.5999755859375</ele>
        <time>2024-03-16T17:52:59.374Z</time>
      </trkpt>
      <trkpt lat="35.58893993496895" lon="127.5045299436897">
        <ele>528.2000122070312</ele>
        <time>2024-03-16T17:53:24.374Z</time>
      </trkpt>
      <trkpt lat="35.58884999714792" lon="127.50448996201158">
        <ele>528.5999755859375</ele>
        <time>2024-03-16T17:53:48.374Z</time>
      </trkpt>
      <trkpt lat="35.588889978826046" lon="127.50468995422125">
        <ele>529</ele>
        <time>2024-03-16T17:54:13.374Z</time>
      </trkpt>
      <trkpt lat="35.58885997161269" lon="127.50482993200421">
        <ele>529.7999877929688</ele>
        <time>2024-03-16T17:54:38.374Z</time>
      </trkpt>
      <trkpt lat="35.58868998661637" lon="127.50497996807098">
        <ele>532.2000122070312</ele>
        <time>2024-03-16T17:55:02.374Z</time>
      </trkpt>
      <trkpt lat="35.5884899944067" lon="127.50519999302924">
        <ele>534.7999877929688</ele>
        <time>2024-03-16T17:55:27.374Z</time>
      </trkpt>
      <trkpt lat="35.58840994723141" lon="127.50525992363691">
        <ele>535.5999755859375</ele>
        <time>2024-03-16T17:55:52.374Z</time>
      </trkpt>
      <trkpt lat="35.5882999766618" lon="127.50553996302187">
        <ele>537.7999877929688</ele>
        <time>2024-03-16T17:56:17.374Z</time>
      </trkpt>
      <trkpt lat="35.588179947808385" lon="127.50561992637813">
        <ele>540</ele>
        <time>2024-03-16T17:56:41.374Z</time>
      </trkpt>
      <trkpt lat="35.5881099589169" lon="127.5055299885571">
        <ele>540.4000244140625</ele>
        <time>2024-03-16T17:57:06.374Z</time>
      </trkpt>
      <trkpt lat="35.587989930063486" lon="127.50541993416846">
        <ele>542.2000122070312</ele>
        <time>2024-03-16T17:57:31.374Z</time>
      </trkpt>
      <trkpt lat="35.5878699850291" lon="127.50542999245226">
        <ele>545</ele>
        <time>2024-03-16T17:57:56.374Z</time>
      </trkpt>
      <trkpt lat="35.587619952857494" lon="127.50540995970368">
        <ele>548.2000122070312</ele>
        <time>2024-03-16T17:58:20.374Z</time>
      </trkpt>
      <trkpt lat="35.587509982287884" lon="127.50536997802556">
        <ele>548.5999755859375</ele>
        <time>2024-03-16T17:58:45.374Z</time>
      </trkpt>
      <trkpt lat="35.58736992068589" lon="127.50535991974175">
        <ele>548.5999755859375</ele>
        <time>2024-03-16T17:59:10.374Z</time>
      </trkpt>
      <trkpt lat="35.58728995732963" lon="127.50549998134375">
        <ele>550.7999877929688</ele>
        <time>2024-03-16T17:59:35.374Z</time>
      </trkpt>
      <trkpt lat="35.587209993973374" lon="127.50555999577045">
        <ele>552</ele>
        <time>2024-03-16T18:00:00.374Z</time>
      </trkpt>
      <trkpt lat="35.58713992126286" lon="127.50565999187529">
        <ele>553.4000244140625</ele>
        <time>2024-03-16T18:00:25.374Z</time>
      </trkpt>
      <trkpt lat="35.58700991794467" lon="127.5057699624449">
        <ele>556.2000122070312</ele>
        <time>2024-03-16T18:00:50.374Z</time>
      </trkpt>
      <trkpt lat="35.58692995458841" lon="127.50585998408496">
        <ele>558.5999755859375</ele>
        <time>2024-03-16T18:01:15.374Z</time>
      </trkpt>
      <trkpt lat="35.58685996569693" lon="127.50602996908128">
        <ele>563.4000244140625</ele>
        <time>2024-03-16T18:01:40.374Z</time>
      </trkpt>
      <trkpt lat="35.586869940161705" lon="127.5061499979347">
        <ele>567.4000244140625</ele>
        <time>2024-03-16T18:02:05.374Z</time>
      </trkpt>
      <trkpt lat="35.58682995848358" lon="127.50628997571766">
        <ele>572.2000122070312</ele>
        <time>2024-03-16T18:02:29.374Z</time>
      </trkpt>
      <trkpt lat="35.58693992905319" lon="127.50651997514069">
        <ele>579</ele>
        <time>2024-03-16T18:02:54.374Z</time>
      </trkpt>
      <trkpt lat="35.58698996901512" lon="127.50664997845888">
        <ele>582.4000244140625</ele>
        <time>2024-03-16T18:03:19.374Z</time>
      </trkpt>
      <trkpt lat="35.587079990655184" lon="127.50666992738843">
        <ele>582.2000122070312</ele>
        <time>2024-03-16T18:03:44.374Z</time>
      </trkpt>
      <trkpt lat="35.58717998676002" lon="127.50674997456372">
        <ele>582.5999755859375</ele>
        <time>2024-03-16T18:04:09.374Z</time>
      </trkpt>
      <trkpt lat="35.587209993973374" lon="127.5068699195981">
        <ele>584.2000122070312</ele>
        <time>2024-03-16T18:04:34.374Z</time>
      </trkpt>
      <trkpt lat="35.58713992126286" lon="127.50694996677339">
        <ele>588.2000122070312</ele>
        <time>2024-03-16T18:04:59.374Z</time>
      </trkpt>
      <trkpt lat="35.587079990655184" lon="127.50704996287823">
        <ele>592</ele>
        <time>2024-03-16T18:05:25.374Z</time>
      </trkpt>
      <trkpt lat="35.58706993237138" lon="127.50716999173164">
        <ele>594.4000244140625</ele>
        <time>2024-03-16T18:05:50.374Z</time>
      </trkpt>
      <trkpt lat="35.58700991794467" lon="127.50727996230125">
        <ele>598</ele>
        <time>2024-03-16T18:06:15.374Z</time>
      </trkpt>
      <trkpt lat="35.58696993626654" lon="127.50740996561944">
        <ele>605.2000122070312</ele>
        <time>2024-03-16T18:06:40.374Z</time>
      </trkpt>
      <trkpt lat="35.58691998012364" lon="127.50751993618906">
        <ele>610.7999877929688</ele>
        <time>2024-03-16T18:07:05.374Z</time>
      </trkpt>
      <trkpt lat="35.58685996569693" lon="127.50760995782912">
        <ele>614</ele>
        <time>2024-03-16T18:07:30.374Z</time>
      </trkpt>
      <trkpt lat="35.58678997680545" lon="127.50768992118537">
        <ele>619.4000244140625</ele>
        <time>2024-03-16T18:07:55.374Z</time>
      </trkpt>
      <trkpt lat="35.58674999512732" lon="127.50779997557402">
        <ele>625</ele>
        <time>2024-03-16T18:08:20.374Z</time>
      </trkpt>
      <trkpt lat="35.58666994795203" lon="127.50788999721408">
        <ele>628.7999877929688</ele>
        <time>2024-03-16T18:08:45.374Z</time>
      </trkpt>
      <trkpt lat="35.586569951847196" lon="127.50796996057034">
        <ele>630</ele>
        <time>2024-03-16T18:09:10.374Z</time>
      </trkpt>
      <trkpt lat="35.58649996295571" lon="127.5080599822104">
        <ele>634.2000122070312</ele>
        <time>2024-03-16T18:09:36.374Z</time>
      </trkpt>
      <trkpt lat="35.58648998849094" lon="127.50819995999336">
        <ele>634.5999755859375</ele>
        <time>2024-03-16T18:10:01.374Z</time>
      </trkpt>
      <trkpt lat="35.58642997406423" lon="127.5082999560982">
        <ele>637.2000122070312</ele>
        <time>2024-03-16T18:10:26.374Z</time>
      </trkpt>
      <trkpt lat="35.58633995242417" lon="127.50837991945446">
        <ele>639</ele>
        <time>2024-03-16T18:10:51.374Z</time>
      </trkpt>
      <trkpt lat="35.586249930784106" lon="127.50842995941639">
        <ele>640.4000244140625</ele>
        <time>2024-03-16T18:11:16.374Z</time>
      </trkpt>
      <trkpt lat="35.586199974641204" lon="127.5085499882698">
        <ele>643.7999877929688</ele>
        <time>2024-03-16T18:11:41.374Z</time>
      </trkpt>
      <trkpt lat="35.58605999685824" lon="127.50859994441271">
        <ele>650</ele>
        <time>2024-03-16T18:12:07.374Z</time>
      </trkpt>
      <trkpt lat="35.58595991693437" lon="127.50861997716129">
        <ele>655.4000244140625</ele>
        <time>2024-03-16T18:12:32.374Z</time>
      </trkpt>
      <trkpt lat="35.585879953578115" lon="127.50866993330419">
        <ele>660.5999755859375</ele>
        <time>2024-03-16T18:12:57.374Z</time>
      </trkpt>
      <trkpt lat="35.58582999743521" lon="127.50875995494425">
        <ele>665.7999877929688</ele>
        <time>2024-03-16T18:13:22.374Z</time>
      </trkpt>
      <trkpt lat="35.58569999411702" lon="127.50884997658432">
        <ele>673.2000122070312</ele>
        <time>2024-03-16T18:13:48.374Z</time>
      </trkpt>
      <trkpt lat="35.58563997969031" lon="127.50894997268915">
        <ele>678</ele>
        <time>2024-03-16T18:14:13.374Z</time>
      </trkpt>
      <trkpt lat="35.58554995805025" lon="127.50901996158063">
        <ele>680</ele>
        <time>2024-03-16T18:14:38.374Z</time>
      </trkpt>
      <trkpt lat="35.58545993641019" lon="127.5091099832207">
        <ele>681.2000122070312</ele>
        <time>2024-03-16T18:15:03.374Z</time>
      </trkpt>
      <trkpt lat="35.585429929196835" lon="127.50922992825508">
        <ele>684.2000122070312</ele>
        <time>2024-03-16T18:15:29.374Z</time>
      </trkpt>
      <trkpt lat="35.585339991375804" lon="127.50939999707043">
        <ele>688.4000244140625</ele>
        <time>2024-03-16T18:15:54.374Z</time>
      </trkpt>
      <trkpt lat="35.58526991866529" lon="127.50946998596191">
        <ele>689.5999755859375</ele>
        <time>2024-03-16T18:16:19.374Z</time>
      </trkpt>
      <trkpt lat="35.58516992256045" lon="127.50947996042669">
        <ele>688.7999877929688</ele>
        <time>2024-03-16T18:16:45.374Z</time>
      </trkpt>
      <trkpt lat="35.58505995199084" lon="127.5095399748534">
        <ele>688.4000244140625</ele>
        <time>2024-03-16T18:17:10.374Z</time>
      </trkpt>
      <trkpt lat="35.58494998142123" lon="127.50960996374488">
        <ele>688.2000122070312</ele>
        <time>2024-03-16T18:17:36.374Z</time>
      </trkpt>
      <trkpt lat="35.5848999414593" lon="127.50971993431449">
        <ele>688.2000122070312</ele>
        <time>2024-03-16T18:18:01.374Z</time>
      </trkpt>
      <trkpt lat="35.584889966994524" lon="127.50994993373752">
        <ele>689</ele>
        <time>2024-03-16T18:18:26.374Z</time>
      </trkpt>
      <trkpt lat="35.58481997810304" lon="127.5100799370557">
        <ele>689.2000122070312</ele>
        <time>2024-03-16T18:18:52.374Z</time>
      </trkpt>
      <trkpt lat="35.584869934245944" lon="127.51025998033583">
        <ele>689</ele>
        <time>2024-03-16T18:19:17.374Z</time>
      </trkpt>
      <trkpt lat="35.584869934245944" lon="127.51040993258357">
        <ele>688.4000244140625</ele>
        <time>2024-03-16T18:19:43.374Z</time>
      </trkpt>
      <trkpt lat="35.584909999743104" lon="127.51053993590176">
        <ele>688.2000122070312</ele>
        <time>2024-03-16T18:20:08.374Z</time>
      </trkpt>
      <trkpt lat="35.58496993035078" lon="127.51062995754182">
        <ele>688.4000244140625</ele>
        <time>2024-03-16T18:20:33.374Z</time>
      </trkpt>
      <trkpt lat="35.58504997752607" lon="127.51071997918189">
        <ele>687.7999877929688</ele>
        <time>2024-03-16T18:20:59.374Z</time>
      </trkpt>
      <trkpt lat="35.58510999195278" lon="127.51080991700292">
        <ele>686.2000122070312</ele>
        <time>2024-03-16T18:21:24.374Z</time>
      </trkpt>
      <trkpt lat="35.58521996252239" lon="127.5108299497515">
        <ele>683.7999877929688</ele>
        <time>2024-03-16T18:21:50.374Z</time>
      </trkpt>
      <trkpt lat="35.585409980267286" lon="127.5110199674964">
        <ele>675.7999877929688</ele>
        <time>2024-03-16T18:22:15.374Z</time>
      </trkpt>
      <trkpt lat="35.585429929196835" lon="127.511129938066">
        <ele>673.7999877929688</ele>
        <time>2024-03-16T18:22:41.374Z</time>
      </trkpt>
      <trkpt lat="35.58563997969031" lon="127.51135993748903">
        <ele>664</ele>
        <time>2024-03-16T18:23:07.374Z</time>
      </trkpt>
      <trkpt lat="35.58582999743521" lon="127.51138994470239">
        <ele>657</ele>
        <time>2024-03-16T18:23:32.374Z</time>
      </trkpt>
      <trkpt lat="35.58588992804289" lon="127.51147996634245">
        <ele>656.5999755859375</ele>
        <time>2024-03-16T18:23:58.374Z</time>
      </trkpt>
      <trkpt lat="35.58582999743521" lon="127.5115599296987">
        <ele>658.2000122070312</ele>
        <time>2024-03-16T18:24:23.374Z</time>
      </trkpt>
      <trkpt lat="35.585859920829535" lon="127.51166998408735">
        <ele>658</ele>
        <time>2024-03-16T18:24:49.374Z</time>
      </trkpt>
      <trkpt lat="35.58595991693437" lon="127.5116899330169">
        <ele>658</ele>
        <time>2024-03-16T18:25:15.374Z</time>
      </trkpt>
      <trkpt lat="35.58595991693437" lon="127.5116999913007">
        <ele>658.2000122070312</ele>
        <time>2024-03-16T18:25:40.374Z</time>
      </trkpt>
      <trkpt lat="35.58610995300114" lon="127.51181993633509">
        <ele>658.5999755859375</ele>
        <time>2024-03-16T18:26:06.374Z</time>
      </trkpt>
      <trkpt lat="35.586159992963076" lon="127.51184994354844">
        <ele>659.2000122070312</ele>
        <time>2024-03-16T18:26:31.374Z</time>
      </trkpt>
      <trkpt lat="35.58620994910598" lon="127.51185991801322">
        <ele>660.4000244140625</ele>
        <time>2024-03-16T18:26:57.374Z</time>
      </trkpt>
      <trkpt lat="35.58631991967559" lon="127.51192999072373">
        <ele>663</ele>
        <time>2024-03-16T18:27:23.374Z</time>
      </trkpt>
      <trkpt lat="35.58636995963752" lon="127.51191993243992">
        <ele>664</ele>
        <time>2024-03-16T18:27:48.374Z</time>
      </trkpt>
      <trkpt lat="35.586439948529005" lon="127.5119399651885">
        <ele>666</ele>
        <time>2024-03-16T18:28:14.374Z</time>
      </trkpt>
      <trkpt lat="35.58644992299378" lon="127.51194993965328">
        <ele>666.4000244140625</ele>
        <time>2024-03-16T18:28:40.374Z</time>
      </trkpt>
      <trkpt lat="35.58653994463384" lon="127.51195999793708">
        <ele>669.5999755859375</ele>
        <time>2024-03-16T18:29:05.374Z</time>
      </trkpt>
      <trkpt lat="35.586589984595776" lon="127.51194993965328">
        <ele>671.4000244140625</ele>
        <time>2024-03-16T18:29:31.374Z</time>
      </trkpt>
      <trkpt lat="35.586629966273904" lon="127.51195999793708">
        <ele>672.7999877929688</ele>
        <time>2024-03-16T18:29:57.374Z</time>
      </trkpt>
      <trkpt lat="35.586679922416806" lon="127.5119899213314">
        <ele>674.5999755859375</ele>
        <time>2024-03-16T18:30:23.374Z</time>
      </trkpt>
      <trkpt lat="35.58670992963016" lon="127.5119899213314">
        <ele>675.5999755859375</ele>
        <time>2024-03-16T18:30:48.374Z</time>
      </trkpt>
      <trkpt lat="35.586739936843514" lon="127.51200995407999">
        <ele>676.4000244140625</ele>
        <time>2024-03-16T18:31:14.374Z</time>
      </trkpt>
      <trkpt lat="35.58677991852164" lon="127.51205999404192">
        <ele>677.5999755859375</ele>
        <time>2024-03-16T18:31:40.374Z</time>
      </trkpt>
      <trkpt lat="35.58679995127022" lon="127.5120699685067">
        <ele>678.2000122070312</ele>
        <time>2024-03-16T18:32:05.374Z</time>
      </trkpt>
      <trkpt lat="35.58685996569693" lon="127.51202998682857">
        <ele>679.2000122070312</ele>
        <time>2024-03-16T18:32:31.374Z</time>
      </trkpt>
      <trkpt lat="35.586889972910285" lon="127.51201992854476">
        <ele>679.7999877929688</ele>
        <time>2024-03-16T18:32:57.374Z</time>
      </trkpt>
      <trkpt lat="35.58690992183983" lon="127.51202998682857">
        <ele>680.4000244140625</ele>
        <time>2024-03-16T18:33:23.374Z</time>
      </trkpt>
      <trkpt lat="35.58695996180177" lon="127.5120699685067">
        <ele>681.5999755859375</ele>
        <time>2024-03-16T18:33:48.374Z</time>
      </trkpt>
      <trkpt lat="35.586999943479896" lon="127.51216996461153">
        <ele>682.5999755859375</ele>
        <time>2024-03-16T18:34:14.374Z</time>
      </trkpt>
      <trkpt lat="35.587039925158024" lon="127.51219997182488">
        <ele>682.7999877929688</ele>
        <time>2024-03-16T18:34:40.374Z</time>
      </trkpt>
      <trkpt lat="35.58709993958473" lon="127.51234992407262">
        <ele>683.7999877929688</ele>
        <time>2024-03-16T18:35:06.374Z</time>
      </trkpt>
      <trkpt lat="35.58711997233331" lon="127.5123699568212">
        <ele>684</ele>
        <time>2024-03-16T18:35:31.374Z</time>
      </trkpt>
      <trkpt lat="35.58709993958473" lon="127.51238998956978">
        <ele>683.7999877929688</ele>
        <time>2024-03-16T18:35:57.374Z</time>
      </trkpt>
      <trkpt lat="35.58709993958473" lon="127.51237993128598">
        <ele>683.7999877929688</ele>
        <time>2024-03-16T18:36:23.374Z</time>
      </trkpt>
      <trkpt lat="35.587149979546666" lon="127.51244992017746">
        <ele>684.2000122070312</ele>
        <time>2024-03-16T18:36:49.374Z</time>
      </trkpt>
      <trkpt lat="35.58717998676002" lon="127.5125599745661">
        <ele>683.7999877929688</ele>
        <time>2024-03-16T18:37:14.374Z</time>
      </trkpt>
      <trkpt lat="35.58722994290292" lon="127.51258998177946">
        <ele>684.2000122070312</ele>
        <time>2024-03-16T18:37:40.374Z</time>
      </trkpt>
      <trkpt lat="35.58737997896969" lon="127.51262996345758">
        <ele>684</ele>
        <time>2024-03-16T18:38:06.374Z</time>
      </trkpt>
      <trkpt lat="35.58735994622111" lon="127.51263993792236">
        <ele>684</ele>
        <time>2024-03-16T18:38:32.374Z</time>
      </trkpt>
      <trkpt lat="35.58740998618305" lon="127.51263993792236">
        <ele>684</ele>
        <time>2024-03-16T18:38:58.374Z</time>
      </trkpt>
      <trkpt lat="35.58754996396601" lon="127.51259995624423">
        <ele>683.5999755859375</ele>
        <time>2024-03-16T18:39:23.374Z</time>
      </trkpt>
      <trkpt lat="35.587579971179366" lon="127.51259995624423">
        <ele>683.5999755859375</ele>
        <time>2024-03-16T18:39:49.374Z</time>
      </trkpt>
      <trkpt lat="35.58758994564414" lon="127.51261998899281">
        <ele>683.5999755859375</ele>
        <time>2024-03-16T18:40:15.374Z</time>
      </trkpt>
      <trkpt lat="35.587619952857494" lon="127.51261998899281">
        <ele>683.5999755859375</ele>
        <time>2024-03-16T18:40:41.374Z</time>
      </trkpt>
      <trkpt lat="35.58762992732227" lon="127.51263993792236">
        <ele>683.5999755859375</ele>
        <time>2024-03-16T18:41:07.374Z</time>
      </trkpt>
      <trkpt lat="35.5876799672842" lon="127.51267991960049">
        <ele>683.4000244140625</ele>
        <time>2024-03-16T18:41:33.374Z</time>
      </trkpt>
      <trkpt lat="35.58779999613762" lon="127.51272995956242">
        <ele>682.7999877929688</ele>
        <time>2024-03-16T18:41:58.374Z</time>
      </trkpt>
      <trkpt lat="35.587919941172004" lon="127.51270992681384">
        <ele>682.4000244140625</ele>
        <time>2024-03-16T18:42:24.374Z</time>
      </trkpt>
      <trkpt lat="35.58795992285013" lon="127.51267991960049">
        <ele>682</ele>
        <time>2024-03-16T18:42:50.374Z</time>
      </trkpt>
      <trkpt lat="35.58796998113394" lon="127.51265997067094">
        <ele>682</ele>
        <time>2024-03-16T18:43:16.374Z</time>
      </trkpt>
      <trkpt lat="35.588009962812066" lon="127.51263993792236">
        <ele>681.4000244140625</ele>
        <time>2024-03-16T18:43:42.374Z</time>
      </trkpt>
      <trkpt lat="35.58807995170355" lon="127.51262996345758">
        <ele>681</ele>
        <time>2024-03-16T18:44:08.374Z</time>
      </trkpt>
      <trkpt lat="35.588199980556965" lon="127.51262996345758">
        <ele>682.2000122070312</ele>
        <time>2024-03-16T18:44:34.374Z</time>
      </trkpt>
      <trkpt lat="35.588349932804704" lon="127.51269995234907">
        <ele>684.7999877929688</ele>
        <time>2024-03-16T18:45:00.374Z</time>
      </trkpt>
      <trkpt lat="35.588629972189665" lon="127.51278997398913">
        <ele>688</ele>
        <time>2024-03-16T18:45:26.374Z</time>
      </trkpt>
      <trkpt lat="35.588739942759275" lon="127.51278997398913">
        <ele>688.7999877929688</ele>
        <time>2024-03-16T18:45:52.374Z</time>
      </trkpt>
      <trkpt lat="35.58885997161269" lon="127.51281998120248">
        <ele>689.7999877929688</ele>
        <time>2024-03-16T18:46:18.374Z</time>
      </trkpt>
      <trkpt lat="35.588929960504174" lon="127.51287999562919">
        <ele>691</ele>
        <time>2024-03-16T18:46:44.374Z</time>
      </trkpt>
      <trkpt lat="35.58897991664708" lon="127.51297999173403">
        <ele>692.4000244140625</ele>
        <time>2024-03-16T18:47:10.374Z</time>
      </trkpt>
      <trkpt lat="35.589059963822365" lon="127.51305995509028">
        <ele>694.2000122070312</ele>
        <time>2024-03-16T18:47:36.374Z</time>
      </trkpt>
      <trkpt lat="35.58910991996527" lon="127.51311996951699">
        <ele>695</ele>
        <time>2024-03-16T18:48:02.374Z</time>
      </trkpt>
      <trkpt lat="35.58912995271385" lon="127.51320999115705">
        <ele>695.5999755859375</ele>
        <time>2024-03-16T18:48:28.374Z</time>
      </trkpt>
      <trkpt lat="35.58913992717862" lon="127.51320999115705">
        <ele>695.7999877929688</ele>
        <time>2024-03-16T18:48:54.374Z</time>
      </trkpt>
      <trkpt lat="35.58910991996527" lon="127.51320999115705">
        <ele>695.4000244140625</ele>
        <time>2024-03-16T18:49:20.374Z</time>
      </trkpt>
      <trkpt lat="35.58909994550049" lon="127.51326992176473">
        <ele>695.5999755859375</ele>
        <time>2024-03-16T18:49:46.374Z</time>
      </trkpt>
      <trkpt lat="35.58910991996527" lon="127.5133599434048">
        <ele>696</ele>
        <time>2024-03-16T18:50:12.374Z</time>
      </trkpt>
      <trkpt lat="35.58912995271385" lon="127.51340998336673">
        <ele>695.7999877929688</ele>
        <time>2024-03-16T18:50:38.374Z</time>
      </trkpt>
      <trkpt lat="35.58911997824907" lon="127.51349992118776">
        <ele>695</ele>
        <time>2024-03-16T18:51:04.374Z</time>
      </trkpt>
      <trkpt lat="35.58910991996527" lon="127.51349992118776">
        <ele>695</ele>
        <time>2024-03-16T18:51:30.374Z</time>
      </trkpt>
      <trkpt lat="35.58917999267578" lon="127.51354996114969">
        <ele>695.4000244140625</ele>
        <time>2024-03-16T18:51:56.374Z</time>
      </trkpt>
      <trkpt lat="35.58928996324539" lon="127.51355993561447">
        <ele>695.4000244140625</ele>
        <time>2024-03-16T18:52:22.374Z</time>
      </trkpt>
      <trkpt lat="35.589379984885454" lon="127.51353998668492">
        <ele>695.5999755859375</ele>
        <time>2024-03-16T18:52:48.374Z</time>
      </trkpt>
      <trkpt lat="35.58942994102836" lon="127.51354996114969">
        <ele>695.5999755859375</ele>
        <time>2024-03-16T18:53:14.374Z</time>
      </trkpt>
      <trkpt lat="35.589469922706485" lon="127.51353998668492">
        <ele>695.7999877929688</ele>
        <time>2024-03-16T18:53:40.374Z</time>
      </trkpt>
      <trkpt lat="35.58955994434655" lon="127.51356999389827">
        <ele>695.4000244140625</ele>
        <time>2024-03-16T18:54:06.374Z</time>
      </trkpt>
      <trkpt lat="35.589639991521835" lon="127.51363998278975">
        <ele>694.5999755859375</ele>
        <time>2024-03-16T18:54:32.374Z</time>
      </trkpt>
      <trkpt lat="35.58966999873519" lon="127.51371994614601">
        <ele>693.4000244140625</ele>
        <time>2024-03-16T18:54:58.374Z</time>
      </trkpt>
      <trkpt lat="35.58971995487809" lon="127.51375992782414">
        <ele>693</ele>
        <time>2024-03-16T18:55:25.374Z</time>
      </trkpt>
      <trkpt lat="35.589769994840026" lon="127.5137899350375">
        <ele>692.7999877929688</ele>
        <time>2024-03-16T18:55:51.374Z</time>
      </trkpt>
      <trkpt lat="35.58985993266106" lon="127.51380996778607">
        <ele>693.4000244140625</ele>
        <time>2024-03-16T18:56:17.374Z</time>
      </trkpt>
      <trkpt lat="35.5899699870497" lon="127.5137999933213">
        <ele>694.4000244140625</ele>
        <time>2024-03-16T18:56:43.374Z</time>
      </trkpt>
      <trkpt lat="35.58997996151447" lon="127.5137899350375">
        <ele>694.5999755859375</ele>
        <time>2024-03-16T18:57:09.374Z</time>
      </trkpt>
      <trkpt lat="35.59012999758124" lon="127.51376998610795">
        <ele>696.7999877929688</ele>
        <time>2024-03-16T18:57:35.374Z</time>
      </trkpt>
      <trkpt lat="35.59013997204602" lon="127.51375992782414">
        <ele>697</ele>
        <time>2024-03-16T18:58:01.374Z</time>
      </trkpt>
      <trkpt lat="35.590349938720465" lon="127.51380996778607">
        <ele>701</ele>
        <time>2024-03-16T18:58:28.374Z</time>
      </trkpt>
      <trkpt lat="35.59040995314717" lon="127.51380996778607">
        <ele>702.5999755859375</ele>
        <time>2024-03-16T18:58:54.374Z</time>
      </trkpt>
      <trkpt lat="35.59046996757388" lon="127.5137899350375">
        <ele>704.5999755859375</ele>
        <time>2024-03-16T18:59:20.374Z</time>
      </trkpt>
      <trkpt lat="35.59061991982162" lon="127.51380996778607">
        <ele>707.7999877929688</ele>
        <time>2024-03-16T18:59:46.374Z</time>
      </trkpt>
      <trkpt lat="35.59067993424833" lon="127.51380996778607">
        <ele>708.7999877929688</ele>
        <time>2024-03-16T19:00:12.374Z</time>
      </trkpt>
      <trkpt lat="35.59076995588839" lon="127.5138499494642">
        <ele>710.4000244140625</ele>
        <time>2024-03-16T19:00:39.374Z</time>
      </trkpt>
      <trkpt lat="35.59083994477987" lon="127.5138499494642">
        <ele>712</ele>
        <time>2024-03-16T19:01:05.374Z</time>
      </trkpt>
      <trkpt lat="35.59088998474181" lon="127.51382991671562">
        <ele>712.5999755859375</ele>
        <time>2024-03-16T19:01:31.374Z</time>
      </trkpt>
      <trkpt lat="35.59093994088471" lon="127.51374995335937">
        <ele>713.5999755859375</ele>
        <time>2024-03-16T19:01:57.374Z</time>
      </trkpt>
      <trkpt lat="35.59095997363329" lon="127.51373997889459">
        <ele>713.5999755859375</ele>
        <time>2024-03-16T19:02:24.374Z</time>
      </trkpt>
      <trkpt lat="35.59100992977619" lon="127.51373997889459">
        <ele>713.5999755859375</ele>
        <time>2024-03-16T19:02:50.374Z</time>
      </trkpt>
      <trkpt lat="35.591079918667674" lon="127.51375992782414">
        <ele>713.2000122070312</ele>
        <time>2024-03-16T19:03:16.374Z</time>
      </trkpt>
      <trkpt lat="35.59123992919922" lon="127.51382991671562">
        <ele>712.4000244140625</ele>
        <time>2024-03-16T19:03:42.374Z</time>
      </trkpt>
      <trkpt lat="35.59131997637451" lon="127.51388993114233">
        <ele>712</ele>
        <time>2024-03-16T19:04:09.374Z</time>
      </trkpt>
      <trkpt lat="35.591339925304055" lon="127.51391993835568">
        <ele>711.5999755859375</ele>
        <time>2024-03-16T19:04:35.374Z</time>
      </trkpt>
      <trkpt lat="35.59136993251741" lon="127.51392999663949">
        <ele>711.4000244140625</ele>
        <time>2024-03-16T19:05:01.374Z</time>
      </trkpt>
      <trkpt lat="35.59141997247934" lon="127.51397995278239">
        <ele>710.7999877929688</ele>
        <time>2024-03-16T19:05:28.374Z</time>
      </trkpt>
      <trkpt lat="35.59142994694412" lon="127.51399998553097">
        <ele>710.5999755859375</ele>
        <time>2024-03-16T19:05:54.374Z</time>
      </trkpt>
      <trkpt lat="35.59155995026231" lon="127.51406997442245">
        <ele>710</ele>
        <time>2024-03-16T19:06:20.374Z</time>
      </trkpt>
      <trkpt lat="35.59162993915379" lon="127.51412998884916">
        <ele>709.4000244140625</ele>
        <time>2024-03-16T19:06:47.374Z</time>
      </trkpt>
      <trkpt lat="35.59164997190237" lon="127.51412998884916">
        <ele>709.4000244140625</ele>
        <time>2024-03-16T19:07:13.374Z</time>
      </trkpt>
      <trkpt lat="35.59169992804527" lon="127.51415999606252">
        <ele>709</ele>
        <time>2024-03-16T19:07:39.374Z</time>
      </trkpt>
      <trkpt lat="35.59179992415011" lon="127.51418991945684">
        <ele>708.4000244140625</ele>
        <time>2024-03-16T19:08:06.374Z</time>
      </trkpt>
      <trkpt lat="35.59188994579017" lon="127.51419997774065">
        <ele>708</ele>
        <time>2024-03-16T19:08:32.374Z</time>
      </trkpt>
      <trkpt lat="35.591919953003526" lon="127.5142199266702">
        <ele>707.5999755859375</ele>
        <time>2024-03-16T19:08:58.374Z</time>
      </trkpt>
      <trkpt lat="35.591939985752106" lon="127.5142199266702">
        <ele>707.5999755859375</ele>
        <time>2024-03-16T19:09:25.374Z</time>
      </trkpt>
      <trkpt lat="35.59201994910836" lon="127.51428999938071">
        <ele>706.5999755859375</ele>
        <time>2024-03-16T19:09:51.374Z</time>
      </trkpt>
      <trkpt lat="35.5921199452132" lon="127.51440994441509">
        <ele>704.7999877929688</ele>
        <time>2024-03-16T19:10:17.374Z</time>
      </trkpt>
      <trkpt lat="35.59217995963991" lon="127.51444992609322">
        <ele>704.2000122070312</ele>
        <time>2024-03-16T19:10:44.374Z</time>
      </trkpt>
      <trkpt lat="35.59222999960184" lon="127.51445998437703">
        <ele>703.7999877929688</ele>
        <time>2024-03-16T19:11:10.374Z</time>
      </trkpt>
      <trkpt lat="35.59243996627629" lon="127.51453994773328">
        <ele>705.4000244140625</ele>
        <time>2024-03-16T19:11:37.374Z</time>
      </trkpt>
      <trkpt lat="35.592499980702996" lon="127.51453994773328">
        <ele>705.7999877929688</ele>
        <time>2024-03-16T19:12:03.374Z</time>
      </trkpt>
      <trkpt lat="35.59257994405925" lon="127.51457992941141">
        <ele>706.7999877929688</ele>
        <time>2024-03-16T19:12:30.374Z</time>
      </trkpt>
      <trkpt lat="35.59260995127261" lon="127.51457992941141">
        <ele>707.2000122070312</ele>
        <time>2024-03-16T19:12:56.374Z</time>
      </trkpt>
      <trkpt lat="35.592669965699315" lon="127.51455998048186">
        <ele>708</ele>
        <time>2024-03-16T19:13:22.374Z</time>
      </trkpt>
      <trkpt lat="35.59267994016409" lon="127.51454992219806">
        <ele>708</ele>
        <time>2024-03-16T19:13:49.374Z</time>
      </trkpt>
      <trkpt lat="35.592799969017506" lon="127.51451999880373">
        <ele>709.2000122070312</ele>
        <time>2024-03-16T19:14:15.374Z</time>
      </trkpt>
      <trkpt lat="35.59288999065757" lon="127.51452997326851">
        <ele>709</ele>
        <time>2024-03-16T19:14:42.374Z</time>
      </trkpt>
      <trkpt lat="35.592949921265244" lon="127.51447993330657">
        <ele>709.4000244140625</ele>
        <time>2024-03-16T19:15:08.374Z</time>
      </trkpt>
      <trkpt lat="35.59303994290531" lon="127.51445998437703">
        <ele>709.7999877929688</ele>
        <time>2024-03-16T19:15:35.374Z</time>
      </trkpt>
      <trkpt lat="35.59323993511498" lon="127.51434992998838">
        <ele>707.4000244140625</ele>
        <time>2024-03-16T19:16:01.374Z</time>
      </trkpt>
      <trkpt lat="35.59346993453801" lon="127.51431992277503">
        <ele>707.7999877929688</ele>
        <time>2024-03-16T19:16:28.374Z</time>
      </trkpt>
      <trkpt lat="35.59351997449994" lon="127.51429997384548">
        <ele>707.4000244140625</ele>
        <time>2024-03-16T19:16:54.374Z</time>
      </trkpt>
      <trkpt lat="35.593549981713295" lon="127.51425999216735">
        <ele>707.2000122070312</ele>
        <time>2024-03-16T19:17:21.374Z</time>
      </trkpt>
      <trkpt lat="35.59358996339142" lon="127.51423995941877">
        <ele>707</ele>
        <time>2024-03-16T19:17:48.374Z</time>
      </trkpt>
      <trkpt lat="35.593639919534326" lon="127.51423995941877">
        <ele>706.4000244140625</ele>
        <time>2024-03-16T19:18:14.374Z</time>
      </trkpt>
      <trkpt lat="35.593769922852516" lon="127.51417994499207">
        <ele>705.4000244140625</ele>
        <time>2024-03-16T19:18:41.374Z</time>
      </trkpt>
      <trkpt lat="35.593809988349676" lon="127.514089923352">
        <ele>704.7999877929688</ele>
        <time>2024-03-16T19:19:07.374Z</time>
      </trkpt>
      <trkpt lat="35.593829937279224" lon="127.514089923352">
        <ele>704.5999755859375</ele>
        <time>2024-03-16T19:19:34.374Z</time>
      </trkpt>
      <trkpt lat="35.59386991895735" lon="127.51401993446052">
        <ele>704.4000244140625</ele>
        <time>2024-03-16T19:20:00.374Z</time>
      </trkpt>
      <trkpt lat="35.59393999166787" lon="127.51398992724717">
        <ele>704</ele>
        <time>2024-03-16T19:20:27.374Z</time>
      </trkpt>
      <trkpt lat="35.59398994781077" lon="127.51398992724717">
        <ele>703.7999877929688</ele>
        <time>2024-03-16T19:20:54.374Z</time>
      </trkpt>
      <trkpt lat="35.594089943915606" lon="127.51400995999575">
        <ele>703.2000122070312</ele>
        <time>2024-03-16T19:21:20.374Z</time>
      </trkpt>
      <trkpt lat="35.594129925593734" lon="127.51400995999575">
        <ele>702.7999877929688</ele>
        <time>2024-03-16T19:21:47.374Z</time>
      </trkpt>
      <trkpt lat="35.59422992169857" lon="127.51396997831762">
        <ele>702</ele>
        <time>2024-03-16T19:22:13.374Z</time>
      </trkpt>
      <trkpt lat="35.594299994409084" lon="127.51398992724717">
        <ele>701.5999755859375</ele>
        <time>2024-03-16T19:22:40.374Z</time>
      </trkpt>
      <trkpt lat="35.59437995776534" lon="127.51396997831762">
        <ele>701</ele>
        <time>2024-03-16T19:23:07.374Z</time>
      </trkpt>
      <trkpt lat="35.594429997727275" lon="127.51396997831762">
        <ele>700.5999755859375</ele>
        <time>2024-03-16T19:23:33.374Z</time>
      </trkpt>
      <trkpt lat="35.59450996108353" lon="127.51399998553097">
        <ele>700.2000122070312</ele>
        <time>2024-03-16T19:24:00.374Z</time>
      </trkpt>
      <trkpt lat="35.594729986041784" lon="127.5140399672091">
        <ele>699</ele>
        <time>2024-03-16T19:24:27.374Z</time>
      </trkpt>
      <trkpt lat="35.59487993828952" lon="127.5140399672091">
        <ele>698.5999755859375</ele>
        <time>2024-03-16T19:24:53.374Z</time>
      </trkpt>
      <trkpt lat="35.59495998546481" lon="127.51397995278239">
        <ele>699.2000122070312</ele>
        <time>2024-03-16T19:25:20.374Z</time>
      </trkpt>
      <trkpt lat="35.59504992328584" lon="127.51393997110426">
        <ele>699.4000244140625</ele>
        <time>2024-03-16T19:25:47.374Z</time>
      </trkpt>
      <trkpt lat="35.59512997046113" lon="127.51396997831762">
        <ele>699</ele>
        <time>2024-03-16T19:26:14.374Z</time>
      </trkpt>
      <trkpt lat="35.59524999931455" lon="127.51399998553097">
        <ele>698.7999877929688</ele>
        <time>2024-03-16T19:26:40.374Z</time>
      </trkpt>
      <trkpt lat="35.59533993713558" lon="127.51400995999575">
        <ele>699.2000122070312</ele>
        <time>2024-03-16T19:27:07.374Z</time>
      </trkpt>
      <trkpt lat="35.595399951562285" lon="127.51402999274433">
        <ele>699.5999755859375</ele>
        <time>2024-03-16T19:27:34.374Z</time>
      </trkpt>
      <trkpt lat="35.595459965988994" lon="127.51406997442245">
        <ele>699.4000244140625</ele>
        <time>2024-03-16T19:28:01.374Z</time>
      </trkpt>
      <trkpt lat="35.59546994045377" lon="127.514089923352">
        <ele>699.2000122070312</ele>
        <time>2024-03-16T19:28:27.374Z</time>
      </trkpt>
      <trkpt lat="35.59555996209383" lon="127.51410995610058">
        <ele>699.2000122070312</ele>
        <time>2024-03-16T19:28:54.374Z</time>
      </trkpt>
      <trkpt lat="35.59562995098531" lon="127.514229984954">
        <ele>698</ele>
        <time>2024-03-16T19:29:21.374Z</time>
      </trkpt>
      <trkpt lat="35.59566993266344" lon="127.51425999216735">
        <ele>697.5999755859375</ele>
        <time>2024-03-16T19:29:48.374Z</time>
      </trkpt>
      <trkpt lat="35.5957099981606" lon="127.51432998105884">
        <ele>696.2000122070312</ele>
        <time>2024-03-16T19:30:14.374Z</time>
      </trkpt>
      <trkpt lat="35.59581996873021" lon="127.5144699588418">
        <ele>694.4000244140625</ele>
        <time>2024-03-16T19:30:41.374Z</time>
      </trkpt>
      <trkpt lat="35.59587998315692" lon="127.51450994051993">
        <ele>695.2000122070312</ele>
        <time>2024-03-16T19:31:08.374Z</time>
      </trkpt>
      <trkpt lat="35.59589993208647" lon="127.51454992219806">
        <ele>695.4000244140625</ele>
        <time>2024-03-16T19:31:35.374Z</time>
      </trkpt>
      <trkpt lat="35.59596992097795" lon="127.51461999490857">
        <ele>696.2000122070312</ele>
        <time>2024-03-16T19:32:02.374Z</time>
      </trkpt>
      <trkpt lat="35.59609992429614" lon="127.51467992551625">
        <ele>697.4000244140625</ele>
        <time>2024-03-16T19:32:29.374Z</time>
      </trkpt>
      <trkpt lat="35.59622992761433" lon="127.51477992162108">
        <ele>697.5999755859375</ele>
        <time>2024-03-16T19:32:55.374Z</time>
      </trkpt>
      <trkpt lat="35.596279967576265" lon="127.51477992162108">
        <ele>697.2000122070312</ele>
        <time>2024-03-16T19:33:22.374Z</time>
      </trkpt>
      <trkpt lat="35.59632992371917" lon="127.51482996158302">
        <ele>697</ele>
        <time>2024-03-16T19:33:49.374Z</time>
      </trkpt>
      <trkpt lat="35.596389938145876" lon="127.51492995768785">
        <ele>697</ele>
        <time>2024-03-16T19:34:16.374Z</time>
      </trkpt>
      <trkpt lat="35.59651994146407" lon="127.51506993547082">
        <ele>696.5999755859375</ele>
        <time>2024-03-16T19:34:43.374Z</time>
      </trkpt>
      <trkpt lat="35.59658993035555" lon="127.51517998985946">
        <ele>696.4000244140625</ele>
        <time>2024-03-16T19:35:10.374Z</time>
      </trkpt>
      <trkpt lat="35.59667995199561" lon="127.51520999707282">
        <ele>696</ele>
        <time>2024-03-16T19:35:37.374Z</time>
      </trkpt>
      <trkpt lat="35.5968099553138" lon="127.51522994600236">
        <ele>696</ele>
        <time>2024-03-16T19:36:04.374Z</time>
      </trkpt>
      <trkpt lat="35.596899976953864" lon="127.5152799859643">
        <ele>696</ele>
        <time>2024-03-16T19:36:31.374Z</time>
      </trkpt>
      <trkpt lat="35.59692998416722" lon="127.51534997485578">
        <ele>694.7999877929688</ele>
        <time>2024-03-16T19:36:58.374Z</time>
      </trkpt>
      <trkpt lat="35.59695999138057" lon="127.51548995263875">
        <ele>692.2000122070312</ele>
        <time>2024-03-16T19:37:25.374Z</time>
      </trkpt>
      <trkpt lat="35.5969999730587" lon="127.51554996706545">
        <ele>690.7999877929688</ele>
        <time>2024-03-16T19:37:47.921Z</time>
      </trkpt>
      <trkpt lat="35.5969999730587" lon="127.51554996706545">
        <ele>691.3855047819923</ele>
        <time>2024-03-16T19:37:47.921Z</time>
      </trkpt>
      <trkpt lat="35.5971899908036" lon="127.51563998870552">
        <ele>689.7613230286727</ele>
        <time>2024-03-16T19:39:00.700Z</time>
      </trkpt>
      <trkpt lat="35.5971899908036" lon="127.51563998870552">
        <ele>687.7999877929688</ele>
        <time>2024-03-16T19:39:00.700Z</time>
      </trkpt>
      <trkpt lat="35.59720993973315" lon="127.51567997038364">
        <ele>687.2000122070312</ele>
        <time>2024-03-16T19:40:07.374Z</time>
      </trkpt>
      <trkpt lat="35.59740993194282" lon="127.51591994427145">
        <ele>688.2000122070312</ele>
        <time>2024-03-16T19:40:34.374Z</time>
      </trkpt>
      <trkpt lat="35.59740993194282" lon="127.51592991873622">
        <ele>688.4000244140625</ele>
        <time>2024-03-16T19:41:01.374Z</time>
      </trkpt>
      <trkpt lat="35.5974299646914" lon="127.5159499514848">
        <ele>689</ele>
        <time>2024-03-16T19:41:28.374Z</time>
      </trkpt>
      <trkpt lat="35.59746994636953" lon="127.51601994037628">
        <ele>690.5999755859375</ele>
        <time>2024-03-16T19:41:55.374Z</time>
      </trkpt>
      <trkpt lat="35.597589975222945" lon="127.51612999476492">
        <ele>694.4000244140625</ele>
        <time>2024-03-16T19:42:22.374Z</time>
      </trkpt>
      <trkpt lat="35.59764998964965" lon="127.51615991815925">
        <ele>696</ele>
        <time>2024-03-16T19:42:49.374Z</time>
      </trkpt>
      <trkpt lat="35.597809916362166" lon="127.5163299869746">
        <ele>701.7999877929688</ele>
        <time>2024-03-16T19:43:16.374Z</time>
      </trkpt>
      <trkpt lat="35.5978599563241" lon="127.51640995033085">
        <ele>703</ele>
        <time>2024-03-16T19:43:43.374Z</time>
      </trkpt>
      <trkpt lat="35.59798995964229" lon="127.51644993200898">
        <ele>703.2000122070312</ele>
        <time>2024-03-16T19:44:10.374Z</time>
      </trkpt>
      <trkpt lat="35.59800999239087" lon="127.51646996475756">
        <ele>703.2000122070312</ele>
        <time>2024-03-16T19:44:37.374Z</time>
      </trkpt>
      <trkpt lat="35.59806992299855" lon="127.51646996475756">
        <ele>703.4000244140625</ele>
        <time>2024-03-16T19:45:04.374Z</time>
      </trkpt>
      <trkpt lat="35.59815994463861" lon="127.51648999750614">
        <ele>703</ele>
        <time>2024-03-16T19:45:32.374Z</time>
      </trkpt>
      <trkpt lat="35.59822993353009" lon="127.51646996475756">
        <ele>703</ele>
        <time>2024-03-16T19:45:59.374Z</time>
      </trkpt>
      <trkpt lat="35.59826999902725" lon="127.51646996475756">
        <ele>702.7999877929688</ele>
        <time>2024-03-16T19:46:26.374Z</time>
      </trkpt>
      <trkpt lat="35.598299922421575" lon="127.51643995754421">
        <ele>702.7999877929688</ele>
        <time>2024-03-16T19:46:53.374Z</time>
      </trkpt>
      <trkpt lat="35.598339987918735" lon="127.51642998307943">
        <ele>702.7999877929688</ele>
        <time>2024-03-16T19:47:20.374Z</time>
      </trkpt>
      <trkpt lat="35.59837996959686" lon="127.51643995754421">
        <ele>702.7999877929688</ele>
        <time>2024-03-16T19:47:47.374Z</time>
      </trkpt>
      <trkpt lat="35.59840997681022" lon="127.51644993200898">
        <ele>702.7999877929688</ele>
        <time>2024-03-16T19:48:15.374Z</time>
      </trkpt>
      <trkpt lat="35.59843998402357" lon="127.51647993922234">
        <ele>702.5999755859375</ele>
        <time>2024-03-16T19:48:42.374Z</time>
      </trkpt>
      <trkpt lat="35.59850997291505" lon="127.51660994254053">
        <ele>702</ele>
        <time>2024-03-16T19:49:09.374Z</time>
      </trkpt>
      <trkpt lat="35.5985299218446" lon="127.51666995696723">
        <ele>701.5999755859375</ele>
        <time>2024-03-16T19:49:36.374Z</time>
      </trkpt>
      <trkpt lat="35.59854995459318" lon="127.51667993143201">
        <ele>701.4000244140625</ele>
        <time>2024-03-16T19:50:03.374Z</time>
      </trkpt>
      <trkpt lat="35.59856998734176" lon="127.51670993864536">
        <ele>700.7999877929688</ele>
        <time>2024-03-16T19:50:30.374Z</time>
      </trkpt>
      <trkpt lat="35.598599994555116" lon="127.51672997139394">
        <ele>700.4000244140625</ele>
        <time>2024-03-16T19:50:58.374Z</time>
      </trkpt>
      <trkpt lat="35.598729997873306" lon="127.51673994585872">
        <ele>699.7999877929688</ele>
        <time>2024-03-16T19:51:25.374Z</time>
      </trkpt>
      <trkpt lat="35.59873997233808" lon="127.51674992032349">
        <ele>699.5999755859375</ele>
        <time>2024-03-16T19:51:52.374Z</time>
      </trkpt>
      <trkpt lat="35.59877995401621" lon="127.51671999692917">
        <ele>700</ele>
        <time>2024-03-16T19:52:19.374Z</time>
      </trkpt>
      <trkpt lat="35.59878992848098" lon="127.51668998971581">
        <ele>700.5999755859375</ele>
        <time>2024-03-16T19:52:47.374Z</time>
      </trkpt>
      <trkpt lat="35.59880996122956" lon="127.51667993143201">
        <ele>700.5999755859375</ele>
        <time>2024-03-16T19:53:14.374Z</time>
      </trkpt>
      <trkpt lat="35.59896997176111" lon="127.51664992421865">
        <ele>699.7999877929688</ele>
        <time>2024-03-16T19:53:41.374Z</time>
      </trkpt>
      <trkpt lat="35.59903996065259" lon="127.51666995696723">
        <ele>700</ele>
        <time>2024-03-16T19:54:08.374Z</time>
      </trkpt>
      <trkpt lat="35.599029986187816" lon="127.51665998250246">
        <ele>700</ele>
        <time>2024-03-16T19:54:36.374Z</time>
      </trkpt>
      <trkpt lat="35.59901992790401" lon="127.51666995696723">
        <ele>700</ele>
        <time>2024-03-16T19:55:03.374Z</time>
      </trkpt>
      <trkpt lat="35.59916996397078" lon="127.51671999692917">
        <ele>699.4000244140625</ele>
        <time>2024-03-16T19:55:30.374Z</time>
      </trkpt>
      <trkpt lat="35.599159989506006" lon="127.51671999692917">
        <ele>699.4000244140625</ele>
        <time>2024-03-16T19:55:57.374Z</time>
      </trkpt>
      <trkpt lat="35.59918999671936" lon="127.51674992032349">
        <ele>699.2000122070312</ele>
        <time>2024-03-16T19:56:25.374Z</time>
      </trkpt>
      <trkpt lat="35.59926996007562" lon="127.51678998582065">
        <ele>699.7999877929688</ele>
        <time>2024-03-16T19:56:52.374Z</time>
      </trkpt>
      <trkpt lat="35.599329974502325" lon="127.51684991642833">
        <ele>700</ele>
        <time>2024-03-16T19:57:19.374Z</time>
      </trkpt>
      <trkpt lat="35.59940993785858" lon="127.51690993085504">
        <ele>700.5999755859375</ele>
        <time>2024-03-16T19:57:46.374Z</time>
      </trkpt>
      <trkpt lat="35.599499959498644" lon="127.51693993806839">
        <ele>701</ele>
        <time>2024-03-16T19:58:14.374Z</time>
      </trkpt>
      <trkpt lat="35.59954999946058" lon="127.51693993806839">
        <ele>701.2000122070312</ele>
        <time>2024-03-16T19:58:41.374Z</time>
      </trkpt>
      <trkpt lat="35.599739933386445" lon="127.51687992364168">
        <ele>700.5999755859375</ele>
        <time>2024-03-16T19:59:08.374Z</time>
      </trkpt>
      <trkpt lat="35.59981998056173" lon="127.51687992364168">
        <ele>700.2000122070312</ele>
        <time>2024-03-16T19:59:36.374Z</time>
      </trkpt>
      <trkpt lat="35.59982995502651" lon="127.51688998192549">
        <ele>700.4000244140625</ele>
        <time>2024-03-16T20:00:03.374Z</time>
      </trkpt>
      <trkpt lat="35.59989994391799" lon="127.51691998913884">
        <ele>700.7999877929688</ele>
        <time>2024-03-16T20:00:30.374Z</time>
      </trkpt>
      <trkpt lat="35.59998996555805" lon="127.51692996360362">
        <ele>700.7999877929688</ele>
        <time>2024-03-16T20:00:58.374Z</time>
      </trkpt>
      <trkpt lat="35.599999940022826" lon="127.51695997081697">
        <ele>701</ele>
        <time>2024-03-16T20:01:25.374Z</time>
      </trkpt>
      <trkpt lat="35.60004997998476" lon="127.51698997803032">
        <ele>700.7999877929688</ele>
        <time>2024-03-16T20:01:53.374Z</time>
      </trkpt>
      <trkpt lat="35.60013991780579" lon="127.51701998524368">
        <ele>700.7999877929688</ele>
        <time>2024-03-16T20:02:20.374Z</time>
      </trkpt>
      <trkpt lat="35.6001999322325" lon="127.51706994138658">
        <ele>700.7999877929688</ele>
        <time>2024-03-16T20:02:47.374Z</time>
      </trkpt>
      <trkpt lat="35.60028995387256" lon="127.51716993749142">
        <ele>700.7999877929688</ele>
        <time>2024-03-16T20:03:15.374Z</time>
      </trkpt>
      <trkpt lat="35.60039992444217" lon="127.51716993749142">
        <ele>701.4000244140625</ele>
        <time>2024-03-16T20:03:42.374Z</time>
      </trkpt>
      <trkpt lat="35.60055993497372" lon="127.51719994470477">
        <ele>702.7999877929688</ele>
        <time>2024-03-16T20:04:09.374Z</time>
      </trkpt>
      <trkpt lat="35.6006299238652" lon="127.51733992248774">
        <ele>702</ele>
        <time>2024-03-16T20:04:37.374Z</time>
      </trkpt>
      <trkpt lat="35.60067996382713" lon="127.51747998408973">
        <ele>700.7999877929688</ele>
        <time>2024-03-16T20:05:04.374Z</time>
      </trkpt>
      <trkpt lat="35.60073997825384" lon="127.51757998019457">
        <ele>700.7999877929688</ele>
        <time>2024-03-16T20:05:32.374Z</time>
      </trkpt>
      <trkpt lat="35.60077995993197" lon="127.51765994355083">
        <ele>700.7999877929688</ele>
        <time>2024-03-16T20:05:59.374Z</time>
      </trkpt>
      <trkpt lat="35.6008199416101" lon="127.51769992522895">
        <ele>700.7999877929688</ele>
        <time>2024-03-16T20:06:27.374Z</time>
      </trkpt>
      <trkpt lat="35.60083997435868" lon="127.51774996519089">
        <ele>701</ele>
        <time>2024-03-16T20:06:54.374Z</time>
      </trkpt>
      <trkpt lat="35.60084994882345" lon="127.51783998683095">
        <ele>701.4000244140625</ele>
        <time>2024-03-16T20:07:22.374Z</time>
      </trkpt>
      <trkpt lat="35.600829999893904" lon="127.51792992465198">
        <ele>702.2000122070312</ele>
        <time>2024-03-16T20:07:49.374Z</time>
      </trkpt>
      <trkpt lat="35.600829999893904" lon="127.51795993186533">
        <ele>702.5999755859375</ele>
        <time>2024-03-16T20:08:17.374Z</time>
      </trkpt>
      <trkpt lat="35.600859923288226" lon="127.51797996461391">
        <ele>703.2000122070312</ele>
        <time>2024-03-16T20:08:44.374Z</time>
      </trkpt>
      <trkpt lat="35.600879956036806" lon="127.5180499535054">
        <ele>704</ele>
        <time>2024-03-16T20:09:12.374Z</time>
      </trkpt>
      <trkpt lat="35.600879956036806" lon="127.51806998625398">
        <ele>704.4000244140625</ele>
        <time>2024-03-16T20:09:39.374Z</time>
      </trkpt>
      <trkpt lat="35.600899988785386" lon="127.51806998625398">
        <ele>704.4000244140625</ele>
        <time>2024-03-16T20:10:07.374Z</time>
      </trkpt>
      <trkpt lat="35.60092999599874" lon="127.51808993518353">
        <ele>705</ele>
        <time>2024-03-16T20:10:34.374Z</time>
      </trkpt>
      <trkpt lat="35.60094994492829" lon="127.51811994239688">
        <ele>706</ele>
        <time>2024-03-16T20:11:02.374Z</time>
      </trkpt>
      <trkpt lat="35.60097995214164" lon="127.5182399712503">
        <ele>709.4000244140625</ele>
        <time>2024-03-16T20:11:29.374Z</time>
      </trkpt>
      <trkpt lat="35.60099998489022" lon="127.5182899273932">
        <ele>710.7999877929688</ele>
        <time>2024-03-16T20:11:57.374Z</time>
      </trkpt>
      <trkpt lat="35.60099998489022" lon="127.51832999289036">
        <ele>711.7999877929688</ele>
        <time>2024-03-16T20:12:24.374Z</time>
      </trkpt>
      <trkpt lat="35.601009959355" lon="127.51836997456849">
        <ele>713</ele>
        <time>2024-03-16T20:12:52.374Z</time>
      </trkpt>
      <trkpt lat="35.60102999210358" lon="127.51840995624661">
        <ele>714.5999755859375</ele>
        <time>2024-03-16T20:13:20.374Z</time>
      </trkpt>
      <trkpt lat="35.60102999210358" lon="127.51851992681623">
        <ele>718</ele>
        <time>2024-03-16T20:13:47.374Z</time>
      </trkpt>
      <trkpt lat="35.60101993381977" lon="127.51852998510003">
        <ele>718.2000122070312</ele>
        <time>2024-03-16T20:14:15.374Z</time>
      </trkpt>
      <trkpt lat="35.60101993381977" lon="127.51855999231339">
        <ele>719</ele>
        <time>2024-03-16T20:14:42.374Z</time>
      </trkpt>
      <trkpt lat="35.601009959355" lon="127.51855999231339">
        <ele>719</ele>
        <time>2024-03-16T20:15:10.374Z</time>
      </trkpt>
      <trkpt lat="35.60099998489022" lon="127.51858999952674">
        <ele>719.7999877929688</ele>
        <time>2024-03-16T20:15:37.374Z</time>
      </trkpt>
      <trkpt lat="35.60101993381977" lon="127.51862998120487">
        <ele>721.2000122070312</ele>
        <time>2024-03-16T20:16:05.374Z</time>
      </trkpt>
      <trkpt lat="35.60101993381977" lon="127.51869997009635">
        <ele>723.2000122070312</ele>
        <time>2024-03-16T20:16:32.374Z</time>
      </trkpt>
      <trkpt lat="35.60102999210358" lon="127.5187199190259">
        <ele>723.7999877929688</ele>
        <time>2024-03-16T20:17:00.374Z</time>
      </trkpt>
      <trkpt lat="35.60101993381977" lon="127.51876995898783">
        <ele>725.2000122070312</ele>
        <time>2024-03-16T20:17:28.374Z</time>
      </trkpt>
      <trkpt lat="35.60107994824648" lon="127.51887992955744">
        <ele>728.7999877929688</ele>
        <time>2024-03-16T20:17:55.374Z</time>
      </trkpt>
      <trkpt lat="35.60112998820841" lon="127.51894991844893">
        <ele>730.5999755859375</ele>
        <time>2024-03-16T20:18:23.374Z</time>
      </trkpt>
      <trkpt lat="35.60113996267319" lon="127.51897992566228">
        <ele>731.2000122070312</ele>
        <time>2024-03-16T20:18:50.374Z</time>
      </trkpt>
      <trkpt lat="35.60114993713796" lon="127.51901999115944">
        <ele>731.7999877929688</ele>
        <time>2024-03-16T20:19:18.374Z</time>
      </trkpt>
      <trkpt lat="35.60113996267319" lon="127.51905997283757">
        <ele>732.4000244140625</ele>
        <time>2024-03-16T20:19:46.374Z</time>
      </trkpt>
      <trkpt lat="35.60112998820841" lon="127.51916994340718">
        <ele>733.7999877929688</ele>
        <time>2024-03-16T20:20:13.374Z</time>
      </trkpt>
      <trkpt lat="35.60114993713796" lon="127.51926993951201">
        <ele>733.5999755859375</ele>
        <time>2024-03-16T20:20:41.374Z</time>
      </trkpt>
      <trkpt lat="35.601199977099895" lon="127.51930992119014">
        <ele>733.7999877929688</ele>
        <time>2024-03-16T20:21:08.374Z</time>
      </trkpt>
      <trkpt lat="35.601239958778024" lon="127.51927999779582">
        <ele>734</ele>
        <time>2024-03-16T20:21:36.374Z</time>
      </trkpt>
      <trkpt lat="35.60129997320473" lon="127.51925996504724">
        <ele>734.2000122070312</ele>
        <time>2024-03-16T20:22:04.374Z</time>
      </trkpt>
      <trkpt lat="35.601349929347634" lon="127.51925996504724">
        <ele>734.4000244140625</ele>
        <time>2024-03-16T20:22:31.374Z</time>
      </trkpt>
      <trkpt lat="35.60139996930957" lon="127.51923993229866">
        <ele>734.5999755859375</ele>
        <time>2024-03-16T20:22:59.374Z</time>
      </trkpt>
      <trkpt lat="35.60141991823912" lon="127.51919995062053">
        <ele>734.7999877929688</ele>
        <time>2024-03-16T20:23:27.374Z</time>
      </trkpt>
      <trkpt lat="35.60144992545247" lon="127.51919995062053">
        <ele>734.7999877929688</ele>
        <time>2024-03-16T20:23:54.374Z</time>
      </trkpt>
      <trkpt lat="35.60145998373628" lon="127.5192099250853">
        <ele>734.7999877929688</ele>
        <time>2024-03-16T20:24:22.374Z</time>
      </trkpt>
      <trkpt lat="35.60156995430589" lon="127.51922995783389">
        <ele>734.4000244140625</ele>
        <time>2024-03-16T20:24:50.374Z</time>
      </trkpt>
      <trkpt lat="35.60158998705447" lon="127.51924999058247">
        <ele>734.4000244140625</ele>
        <time>2024-03-16T20:25:17.374Z</time>
      </trkpt>
      <trkpt lat="35.60158998705447" lon="127.51926993951201">
        <ele>734.4000244140625</ele>
        <time>2024-03-16T20:25:45.374Z</time>
      </trkpt>
      <trkpt lat="35.60169995762408" lon="127.5193999428302">
        <ele>734</ele>
        <time>2024-03-16T20:26:13.374Z</time>
      </trkpt>
      <trkpt lat="35.60169995762408" lon="127.51941997557878">
        <ele>734</ele>
        <time>2024-03-16T20:26:40.374Z</time>
      </trkpt>
      <trkpt lat="35.60187991708517" lon="127.51953992061317">
        <ele>734</ele>
        <time>2024-03-16T20:27:08.374Z</time>
      </trkpt>
      <trkpt lat="35.60195996426046" lon="127.51956992782652">
        <ele>734.2000122070312</ele>
        <time>2024-03-16T20:27:36.374Z</time>
      </trkpt>
      <trkpt lat="35.60212994925678" lon="127.51970998942852">
        <ele>735.5999755859375</ele>
        <time>2024-03-16T20:28:04.374Z</time>
      </trkpt>
      <trkpt lat="35.602379981428385" lon="127.51980998553336">
        <ele>738.4000244140625</ele>
        <time>2024-03-16T20:28:31.374Z</time>
      </trkpt>
      <trkpt lat="35.60260998085141" lon="127.51993998885155">
        <ele>740.2000122070312</ele>
        <time>2024-03-16T20:28:59.374Z</time>
      </trkpt>
      <trkpt lat="35.6027299258858" lon="127.51997997052968">
        <ele>742</ele>
        <time>2024-03-16T20:29:27.374Z</time>
      </trkpt>
      <trkpt lat="35.602809973061085" lon="127.5199699960649">
        <ele>742.5999755859375</ele>
        <time>2024-03-16T20:29:55.374Z</time>
      </trkpt>
      <trkpt lat="35.60286998748779" lon="127.51991995610297">
        <ele>742</ele>
        <time>2024-03-16T20:30:23.374Z</time>
      </trkpt>
      <trkpt lat="35.603069979697466" lon="127.5198299344629">
        <ele>742.7999877929688</ele>
        <time>2024-03-16T20:30:51.374Z</time>
      </trkpt>
      <trkpt lat="35.60322999022901" lon="127.51979992724955">
        <ele>743.7999877929688</ele>
        <time>2024-03-16T20:31:18.374Z</time>
      </trkpt>
      <trkpt lat="35.603219931945205" lon="127.51979992724955">
        <ele>743.7999877929688</ele>
        <time>2024-03-16T20:31:46.374Z</time>
      </trkpt>
      <trkpt lat="35.60322999022901" lon="127.51980998553336">
        <ele>743.7999877929688</ele>
        <time>2024-03-16T20:32:14.374Z</time>
      </trkpt>
      <trkpt lat="35.60328992083669" lon="127.51979992724955">
        <ele>744.2000122070312</ele>
        <time>2024-03-16T20:32:42.374Z</time>
      </trkpt>
      <trkpt lat="35.60341992415488" lon="127.5198299344629">
        <ele>745.5999755859375</ele>
        <time>2024-03-16T20:33:10.374Z</time>
      </trkpt>
      <trkpt lat="35.60358999297023" lon="127.51980998553336">
        <ele>751</ele>
        <time>2024-03-16T20:33:38.374Z</time>
      </trkpt>
      <trkpt lat="35.60369996353984" lon="127.51984996721148">
        <ele>753</ele>
        <time>2024-03-16T20:34:06.374Z</time>
      </trkpt>
      <trkpt lat="35.603779926896095" lon="127.51985994167626">
        <ele>754.5999755859375</ele>
        <time>2024-03-16T20:34:34.374Z</time>
      </trkpt>
      <trkpt lat="35.60385997407138" lon="127.51988994888961">
        <ele>755</ele>
        <time>2024-03-16T20:35:02.374Z</time>
      </trkpt>
      <trkpt lat="35.6040299590677" lon="127.51986999996006">
        <ele>755.7999877929688</ele>
        <time>2024-03-16T20:35:30.374Z</time>
      </trkpt>
      <trkpt lat="35.60412995517254" lon="127.51986999996006">
        <ele>755.4000244140625</ele>
        <time>2024-03-16T20:35:57.374Z</time>
      </trkpt>
      <trkpt lat="35.60425995849073" lon="127.51991995610297">
        <ele>755.5999755859375</ele>
        <time>2024-03-16T20:36:25.374Z</time>
      </trkpt>
      <trkpt lat="35.60428996570408" lon="127.5199099816382">
        <ele>755.5999755859375</ele>
        <time>2024-03-16T20:36:53.374Z</time>
      </trkpt>
      <trkpt lat="35.604359954595566" lon="127.51991995610297">
        <ele>756</ele>
        <time>2024-03-16T20:37:21.374Z</time>
      </trkpt>
      <trkpt lat="35.6044599507004" lon="127.5199599377811">
        <ele>756.7999877929688</ele>
        <time>2024-03-16T20:37:49.374Z</time>
      </trkpt>
      <trkpt lat="35.604529939591885" lon="127.5199599377811">
        <ele>758.2000122070312</ele>
        <time>2024-03-16T20:38:17.374Z</time>
      </trkpt>
      <trkpt lat="35.60451996512711" lon="127.51997997052968">
        <ele>758</ele>
        <time>2024-03-16T20:38:45.374Z</time>
      </trkpt>
      <trkpt lat="35.60451996512711" lon="127.5199699960649">
        <ele>758</ele>
        <time>2024-03-16T20:39:13.374Z</time>
      </trkpt>
      <trkpt lat="35.604659942910075" lon="127.5199699960649">
        <ele>761.5999755859375</ele>
        <time>2024-03-16T20:39:41.374Z</time>
      </trkpt>
      <trkpt lat="35.60471995733678" lon="127.5199599377811">
        <ele>763</ele>
        <time>2024-03-16T20:40:10.374Z</time>
      </trkpt>
      <trkpt lat="35.60473999008536" lon="127.5199699960649">
        <ele>763.4000244140625</ele>
        <time>2024-03-16T20:40:38.374Z</time>
      </trkpt>
      <trkpt lat="35.604809978976846" lon="127.51997997052968">
        <ele>765.2000122070312</ele>
        <time>2024-03-16T20:41:06.374Z</time>
      </trkpt>
      <trkpt lat="35.60494995675981" lon="127.52005993388593">
        <ele>768.5999755859375</ele>
        <time>2024-03-16T20:41:34.374Z</time>
      </trkpt>
      <trkpt lat="35.60506998561323" lon="127.520149955526">
        <ele>770.5999755859375</ele>
        <time>2024-03-16T20:42:02.374Z</time>
      </trkpt>
      <trkpt lat="35.6051299162209" lon="127.52015992999077">
        <ele>771.4000244140625</ele>
        <time>2024-03-16T20:42:30.374Z</time>
      </trkpt>
      <trkpt lat="35.60528992675245" lon="127.5202099699527">
        <ele>773</ele>
        <time>2024-03-16T20:42:58.374Z</time>
      </trkpt>
      <trkpt lat="35.605369973927736" lon="127.52021994441748">
        <ele>775.4000244140625</ele>
        <time>2024-03-16T20:43:26.374Z</time>
      </trkpt>
      <trkpt lat="35.6055099517107" lon="127.52024995163083">
        <ele>780.4000244140625</ele>
        <time>2024-03-16T20:43:54.374Z</time>
      </trkpt>
      <trkpt lat="35.605559991672635" lon="127.52028993330896">
        <ele>782</ele>
        <time>2024-03-16T20:44:22.374Z</time>
      </trkpt>
      <trkpt lat="35.60557994060218" lon="127.52028993330896">
        <ele>782.5999755859375</ele>
        <time>2024-03-16T20:44:50.374Z</time>
      </trkpt>
      <trkpt lat="35.60560994781554" lon="127.52030996605754">
        <ele>783</ele>
        <time>2024-03-16T20:45:18.374Z</time>
      </trkpt>
      <trkpt lat="35.60573995113373" lon="127.52034994773567">
        <ele>785.5999755859375</ele>
        <time>2024-03-16T20:45:47.374Z</time>
      </trkpt>
      <trkpt lat="35.605779932811856" lon="127.52034994773567">
        <ele>786.7999877929688</ele>
        <time>2024-03-16T20:46:15.374Z</time>
      </trkpt>
      <trkpt lat="35.60582997277379" lon="127.52037995494902">
        <ele>787.2000122070312</ele>
        <time>2024-03-16T20:46:43.374Z</time>
      </trkpt>
      <trkpt lat="35.60589996166527" lon="127.52036998048425">
        <ele>789</ele>
        <time>2024-03-16T20:47:11.374Z</time>
      </trkpt>
      <trkpt lat="35.60600993223488" lon="127.52036998048425">
        <ele>790</ele>
        <time>2024-03-16T20:47:39.374Z</time>
      </trkpt>
      <trkpt lat="35.60602996498346" lon="127.52034994773567">
        <ele>790.4000244140625</ele>
        <time>2024-03-16T20:48:07.374Z</time>
      </trkpt>
      <trkpt lat="35.606079921126366" lon="127.52036998048425">
        <ele>790.2000122070312</ele>
        <time>2024-03-16T20:48:36.374Z</time>
      </trkpt>
      <trkpt lat="35.60610992833972" lon="127.52036998048425">
        <ele>790.4000244140625</ele>
        <time>2024-03-16T20:49:04.374Z</time>
      </trkpt>
      <trkpt lat="35.60610992833972" lon="127.52037995494902">
        <ele>790.2000122070312</ele>
        <time>2024-03-16T20:49:32.374Z</time>
      </trkpt>
      <trkpt lat="35.60616994276643" lon="127.52037995494902">
        <ele>791.4000244140625</ele>
        <time>2024-03-16T20:50:00.374Z</time>
      </trkpt>
      <trkpt lat="35.60621998272836" lon="127.52036998048425">
        <ele>793.2000122070312</ele>
        <time>2024-03-16T20:50:28.374Z</time>
      </trkpt>
      <trkpt lat="35.60630992054939" lon="127.5203899294138">
        <ele>796.2000122070312</ele>
        <time>2024-03-16T20:50:57.374Z</time>
      </trkpt>
      <trkpt lat="35.6063699349761" lon="127.52041993662715">
        <ele>797.7999877929688</ele>
        <time>2024-03-16T20:51:25.374Z</time>
      </trkpt>
      <trkpt lat="35.60644998215139" lon="127.52048992551863">
        <ele>799</ele>
        <time>2024-03-16T20:51:53.374Z</time>
      </trkpt>
      <trkpt lat="35.60647998936474" lon="127.52055999822915">
        <ele>798.4000244140625</ele>
        <time>2024-03-16T20:52:21.374Z</time>
      </trkpt>
      <trkpt lat="35.6065099965781" lon="127.52065999433398">
        <ele>799.2000122070312</ele>
        <time>2024-03-16T20:52:49.374Z</time>
      </trkpt>
      <trkpt lat="35.60657998546958" lon="127.52077993936837">
        <ele>800.2000122070312</ele>
        <time>2024-03-16T20:53:18.374Z</time>
      </trkpt>
      <trkpt lat="35.60666992329061" lon="127.52086996100843">
        <ele>803</ele>
        <time>2024-03-16T20:53:46.374Z</time>
      </trkpt>
      <trkpt lat="35.606699930503964" lon="127.52097993157804">
        <ele>804</ele>
        <time>2024-03-16T20:54:14.374Z</time>
      </trkpt>
      <trkpt lat="35.60680998489261" lon="127.52113994210958">
        <ele>805</ele>
        <time>2024-03-16T20:54:42.374Z</time>
      </trkpt>
      <trkpt lat="35.60687997378409" lon="127.52117992378771">
        <ele>805.5999755859375</ele>
        <time>2024-03-16T20:55:11.374Z</time>
      </trkpt>
      <trkpt lat="35.60691995546222" lon="127.52118998207152">
        <ele>805.7999877929688</ele>
        <time>2024-03-16T20:55:39.374Z</time>
      </trkpt>
      <trkpt lat="35.606999918818474" lon="127.52132995985448">
        <ele>805.5999755859375</ele>
        <time>2024-03-16T20:56:07.374Z</time>
      </trkpt>
      <trkpt lat="35.60707996599376" lon="127.52140992321074">
        <ele>805.5999755859375</ele>
        <time>2024-03-16T20:56:36.374Z</time>
      </trkpt>
      <trkpt lat="35.60731993988156" lon="127.52150991931558">
        <ele>808.4000244140625</ele>
        <time>2024-03-16T20:57:04.374Z</time>
      </trkpt>
      <trkpt lat="35.607429994270205" lon="127.52148997038603">
        <ele>812.5999755859375</ele>
        <time>2024-03-16T20:57:32.374Z</time>
      </trkpt>
      <trkpt lat="35.60748992487788" lon="127.52150991931558">
        <ele>814.7999877929688</ele>
        <time>2024-03-16T20:58:01.374Z</time>
      </trkpt>
      <trkpt lat="35.607539964839816" lon="127.52150991931558">
        <ele>817</ele>
        <time>2024-03-16T20:58:29.374Z</time>
      </trkpt>
      <trkpt lat="35.6076099537313" lon="127.52153992652893">
        <ele>820.7999877929688</ele>
        <time>2024-03-16T20:58:58.374Z</time>
      </trkpt>
      <trkpt lat="35.60766996815801" lon="127.52157999202609">
        <ele>824</ele>
        <time>2024-03-16T20:59:26.374Z</time>
      </trkpt>
      <trkpt lat="35.60774993151426" lon="127.52160999923944">
        <ele>828.4000244140625</ele>
        <time>2024-03-16T20:59:54.374Z</time>
      </trkpt>
      <trkpt lat="35.60777993872762" lon="127.52160999923944">
        <ele>830</ele>
        <time>2024-03-16T21:00:23.374Z</time>
      </trkpt>
      <trkpt lat="35.60782997868955" lon="127.52157999202609">
        <ele>833</ele>
        <time>2024-03-16T21:00:51.374Z</time>
      </trkpt>
      <trkpt lat="35.60788999311626" lon="127.52156993374228">
        <ele>836</ele>
        <time>2024-03-16T21:01:20.374Z</time>
      </trkpt>
      <trkpt lat="35.60791991651058" lon="127.52157999202609">
        <ele>837.2000122070312</ele>
        <time>2024-03-16T21:01:48.374Z</time>
      </trkpt>
      <trkpt lat="35.60795998200774" lon="127.52154998481274">
        <ele>839.4000244140625</ele>
        <time>2024-03-16T21:02:16.374Z</time>
      </trkpt>
      <trkpt lat="35.60799996368587" lon="127.52155995927751">
        <ele>840.7999877929688</ele>
        <time>2024-03-16T21:02:45.374Z</time>
      </trkpt>
      <trkpt lat="35.608029970899224" lon="127.52154998481274">
        <ele>841.5999755859375</ele>
        <time>2024-03-16T21:03:13.374Z</time>
      </trkpt>
      <trkpt lat="35.60806995257735" lon="127.52155995927751">
        <ele>842.7999877929688</ele>
        <time>2024-03-16T21:03:42.374Z</time>
      </trkpt>
      <trkpt lat="35.60810993425548" lon="127.52155995927751">
        <ele>844</ele>
        <time>2024-03-16T21:04:10.374Z</time>
      </trkpt>
      <trkpt lat="35.60812996700406" lon="127.52154998481274">
        <ele>844.5999755859375</ele>
        <time>2024-03-16T21:04:39.374Z</time>
      </trkpt>
      <trkpt lat="35.60814999975264" lon="127.52156993374228">
        <ele>845.4000244140625</ele>
        <time>2024-03-16T21:05:07.374Z</time>
      </trkpt>
      <trkpt lat="35.60823993757367" lon="127.52157999202609">
        <ele>848.4000244140625</ele>
        <time>2024-03-16T21:05:35.374Z</time>
      </trkpt>
      <trkpt lat="35.60824999585748" lon="127.52156993374228">
        <ele>848.5999755859375</ele>
        <time>2024-03-16T21:06:04.374Z</time>
      </trkpt>
      <trkpt lat="35.60831998474896" lon="127.52155995927751">
        <ele>851.2000122070312</ele>
        <time>2024-03-16T21:06:32.374Z</time>
      </trkpt>
      <trkpt lat="35.608399948105216" lon="127.52151997759938">
        <ele>854.2000122070312</ele>
        <time>2024-03-16T21:07:01.374Z</time>
      </trkpt>
      <trkpt lat="35.608419980853796" lon="127.52154998481274">
        <ele>854.7999877929688</ele>
        <time>2024-03-16T21:07:29.374Z</time>
      </trkpt>
      <trkpt lat="35.60844998806715" lon="127.52155995927751">
        <ele>855.7999877929688</ele>
        <time>2024-03-16T21:07:58.374Z</time>
      </trkpt>
      <trkpt lat="35.60849994421005" lon="127.52159994095564">
        <ele>857.4000244140625</ele>
        <time>2024-03-16T21:08:26.374Z</time>
      </trkpt>
      <trkpt lat="35.608589965850115" lon="127.5216899625957">
        <ele>860.2000122070312</ele>
        <time>2024-03-16T21:08:55.374Z</time>
      </trkpt>
      <trkpt lat="35.60874997638166" lon="127.52179993316531">
        <ele>865.7999877929688</ele>
        <time>2024-03-16T21:09:23.374Z</time>
      </trkpt>
      <trkpt lat="35.60879993252456" lon="127.5218699220568">
        <ele>867.5999755859375</ele>
        <time>2024-03-16T21:09:52.374Z</time>
      </trkpt>
      <trkpt lat="35.608849972486496" lon="127.52191996201873">
        <ele>869.4000244140625</ele>
        <time>2024-03-16T21:10:20.374Z</time>
      </trkpt>
      <trkpt lat="35.608849972486496" lon="127.52195994369686">
        <ele>869.2000122070312</ele>
        <time>2024-03-16T21:10:49.374Z</time>
      </trkpt>
      <trkpt lat="35.608869921416044" lon="127.52203999087214">
        <ele>869.4000244140625</ele>
        <time>2024-03-16T21:11:17.374Z</time>
      </trkpt>
      <trkpt lat="35.60885994695127" lon="127.52204996533692">
        <ele>869</ele>
        <time>2024-03-16T21:11:46.374Z</time>
      </trkpt>
      <trkpt lat="35.60887997969985" lon="127.52214996144176">
        <ele>869</ele>
        <time>2024-03-16T21:12:14.374Z</time>
      </trkpt>
      <trkpt lat="35.60887997969985" lon="127.52224995754659">
        <ele>868.4000244140625</ele>
        <time>2024-03-16T21:12:43.374Z</time>
      </trkpt>
      <trkpt lat="35.608869921416044" lon="127.52226999029517">
        <ele>868</ele>
        <time>2024-03-16T21:13:12.374Z</time>
      </trkpt>
      <trkpt lat="35.608869921416044" lon="127.52236998640001">
        <ele>867.2000122070312</ele>
        <time>2024-03-16T21:13:40.374Z</time>
      </trkpt>
      <trkpt lat="35.60887997969985" lon="127.52239999361336">
        <ele>867.4000244140625</ele>
        <time>2024-03-16T21:14:09.374Z</time>
      </trkpt>
      <trkpt lat="35.60887997969985" lon="127.52251993864775">
        <ele>866.2000122070312</ele>
        <time>2024-03-16T21:14:37.374Z</time>
      </trkpt>
      <trkpt lat="35.608869921416044" lon="127.52262999303639">
        <ele>863.2000122070312</ele>
        <time>2024-03-16T21:15:06.374Z</time>
      </trkpt>
      <trkpt lat="35.60887997969985" lon="127.52264994196594">
        <ele>863</ele>
        <time>2024-03-16T21:15:34.374Z</time>
      </trkpt>
      <trkpt lat="35.60887997969985" lon="127.52268992364407">
        <ele>862</ele>
        <time>2024-03-16T21:16:03.374Z</time>
      </trkpt>
      <trkpt lat="35.608869921416044" lon="127.52270995639265">
        <ele>861</ele>
        <time>2024-03-16T21:16:32.374Z</time>
      </trkpt>
      <trkpt lat="35.608909986913204" lon="127.52284993417561">
        <ele>859.5999755859375</ele>
        <time>2024-03-16T21:17:00.374Z</time>
      </trkpt>
      <trkpt lat="35.6088999286294" lon="127.52286996692419">
        <ele>859</ele>
        <time>2024-03-16T21:17:29.374Z</time>
      </trkpt>
      <trkpt lat="35.60891996137798" lon="127.52295998856425">
        <ele>857.7999877929688</ele>
        <time>2024-03-16T21:17:57.374Z</time>
      </trkpt>
      <trkpt lat="35.60891996137798" lon="127.52303995192051">
        <ele>856.4000244140625</ele>
        <time>2024-03-16T21:18:26.374Z</time>
      </trkpt>
      <trkpt lat="35.608909986913204" lon="127.5231699552387">
        <ele>854.2000122070312</ele>
        <time>2024-03-16T21:18:55.374Z</time>
      </trkpt>
      <trkpt lat="35.6088999286294" lon="127.52318998798728">
        <ele>853.5999755859375</ele>
        <time>2024-03-16T21:19:23.374Z</time>
      </trkpt>
      <trkpt lat="35.60887997969985" lon="127.52329995855689">
        <ele>851.5999755859375</ele>
        <time>2024-03-16T21:19:52.374Z</time>
      </trkpt>
      <trkpt lat="35.608909986913204" lon="127.52351998351514">
        <ele>852.4000244140625</ele>
        <time>2024-03-16T21:20:21.374Z</time>
      </trkpt>
      <trkpt lat="35.60892993584275" lon="127.5235499907285">
        <ele>852.7999877929688</ele>
        <time>2024-03-16T21:20:49.374Z</time>
      </trkpt>
      <trkpt lat="35.60892993584275" lon="127.52369994297624">
        <ele>853.7999877929688</ele>
        <time>2024-03-16T21:21:18.374Z</time>
      </trkpt>
      <trkpt lat="35.60896991752088" lon="127.52385995350778">
        <ele>855.2000122070312</ele>
        <time>2024-03-16T21:21:47.374Z</time>
      </trkpt>
      <trkpt lat="35.60897997580469" lon="127.52405994571745">
        <ele>856.2000122070312</ele>
        <time>2024-03-16T21:22:15.374Z</time>
      </trkpt>
      <trkpt lat="35.60900998301804" lon="127.52426999621093">
        <ele>857.2000122070312</ele>
        <time>2024-03-16T21:22:44.374Z</time>
      </trkpt>
      <trkpt lat="35.60898995026946" lon="127.52437996678054">
        <ele>855.5999755859375</ele>
        <time>2024-03-16T21:23:13.374Z</time>
      </trkpt>
      <trkpt lat="35.60898995026946" lon="127.52442992292345">
        <ele>855</ele>
        <time>2024-03-16T21:23:42.374Z</time>
      </trkpt>
      <trkpt lat="35.609039990231395" lon="127.52465992234647">
        <ele>854.7999877929688</ele>
        <time>2024-03-16T21:24:10.374Z</time>
      </trkpt>
      <trkpt lat="35.60910997912288" lon="127.52477995119989">
        <ele>856.2000122070312</ele>
        <time>2024-03-16T21:24:39.374Z</time>
      </trkpt>
      <trkpt lat="35.60915993526578" lon="127.52484994009137">
        <ele>857.5999755859375</ele>
        <time>2024-03-16T21:25:08.374Z</time>
      </trkpt>
      <trkpt lat="35.60917996801436" lon="127.52492998726666">
        <ele>857.7999877929688</ele>
        <time>2024-03-16T21:25:37.374Z</time>
      </trkpt>
      <trkpt lat="35.60922992415726" lon="127.52498991787434">
        <ele>858.4000244140625</ele>
        <time>2024-03-16T21:26:06.374Z</time>
      </trkpt>
      <trkpt lat="35.609279964119196" lon="127.5250299833715">
        <ele>858.7999877929688</ele>
        <time>2024-03-16T21:26:34.374Z</time>
      </trkpt>
      <trkpt lat="35.60941994190216" lon="127.52525998279452">
        <ele>859</ele>
        <time>2024-03-16T21:27:03.374Z</time>
      </trkpt>
      <trkpt lat="35.60941994190216" lon="127.52528999000788">
        <ele>858.5999755859375</ele>
        <time>2024-03-16T21:27:32.374Z</time>
      </trkpt>
      <trkpt lat="35.609469981864095" lon="127.52533994615078">
        <ele>859</ele>
        <time>2024-03-16T21:28:01.374Z</time>
      </trkpt>
      <trkpt lat="35.60954994522035" lon="127.52547992393374">
        <ele>857.7999877929688</ele>
        <time>2024-03-16T21:28:30.374Z</time>
      </trkpt>
      <trkpt lat="35.609599985182285" lon="127.52548998221755">
        <ele>858</ele>
        <time>2024-03-16T21:28:59.374Z</time>
      </trkpt>
      <trkpt lat="35.60960995964706" lon="127.52549995668232">
        <ele>857.7999877929688</ele>
        <time>2024-03-16T21:29:27.374Z</time>
      </trkpt>
      <trkpt lat="35.609619934111834" lon="127.52552996389568">
        <ele>857.5999755859375</ele>
        <time>2024-03-16T21:29:56.374Z</time>
      </trkpt>
      <trkpt lat="35.609619934111834" lon="127.52557992003858">
        <ele>856.7999877929688</ele>
        <time>2024-03-16T21:30:25.374Z</time>
      </trkpt>
      <trkpt lat="35.60963996686041" lon="127.52561998553574">
        <ele>856.2000122070312</ele>
        <time>2024-03-16T21:30:54.374Z</time>
      </trkpt>
      <trkpt lat="35.60964994132519" lon="127.52565996721387">
        <ele>855.5999755859375</ele>
        <time>2024-03-16T21:31:23.374Z</time>
      </trkpt>
      <trkpt lat="35.60967994853854" lon="127.52570992335677">
        <ele>854.7999877929688</ele>
        <time>2024-03-16T21:31:52.374Z</time>
      </trkpt>
      <trkpt lat="35.60967994853854" lon="127.52574998885393">
        <ele>854.2000122070312</ele>
        <time>2024-03-16T21:32:21.374Z</time>
      </trkpt>
      <trkpt lat="35.60971993021667" lon="127.52582995221019">
        <ele>852.7999877929688</ele>
        <time>2024-03-16T21:32:49.374Z</time>
      </trkpt>
      <trkpt lat="35.60973996296525" lon="127.5258899666369">
        <ele>851.7999877929688</ele>
        <time>2024-03-16T21:33:18.374Z</time>
      </trkpt>
      <trkpt lat="35.60975999571383" lon="127.52602994441986">
        <ele>848.7999877929688</ele>
        <time>2024-03-16T21:33:47.374Z</time>
      </trkpt>
      <trkpt lat="35.60975999571383" lon="127.52605995163321">
        <ele>848.2000122070312</ele>
        <time>2024-03-16T21:34:16.374Z</time>
      </trkpt>
      <trkpt lat="35.60969998128712" lon="127.52624996937811">
        <ele>846</ele>
        <time>2024-03-16T21:34:45.374Z</time>
      </trkpt>
      <trkpt lat="35.60966997407377" lon="127.52627997659147">
        <ele>845.5999755859375</ele>
        <time>2024-03-16T21:35:14.374Z</time>
      </trkpt>
      <trkpt lat="35.60967994853854" lon="127.52634996548295">
        <ele>845.2000122070312</ele>
        <time>2024-03-16T21:35:43.374Z</time>
      </trkpt>
      <trkpt lat="35.60965999960899" lon="127.5264299288392">
        <ele>844.4000244140625</ele>
        <time>2024-03-16T21:36:12.374Z</time>
      </trkpt>
      <trkpt lat="35.60965999960899" lon="127.52649991773069">
        <ele>844.7999877929688</ele>
        <time>2024-03-16T21:36:41.374Z</time>
      </trkpt>
      <trkpt lat="35.609519938007" lon="127.52684994600713">
        <ele>851.2000122070312</ele>
        <time>2024-03-16T21:37:10.374Z</time>
      </trkpt>
      <trkpt lat="35.60947995632887" lon="127.5269999820739">
        <ele>855.5999755859375</ele>
        <time>2024-03-16T21:37:39.374Z</time>
      </trkpt>
      <trkpt lat="35.609279964119196" lon="127.52726996317506">
        <ele>862.7999877929688</ele>
        <time>2024-03-16T21:38:08.374Z</time>
      </trkpt>
      <trkpt lat="35.60909992083907" lon="127.5274799298495">
        <ele>872.5999755859375</ele>
        <time>2024-03-16T21:38:37.374Z</time>
      </trkpt>
      <trkpt lat="35.60900998301804" lon="127.5276199914515">
        <ele>877.2000122070312</ele>
        <time>2024-03-16T21:39:06.374Z</time>
      </trkpt>
      <trkpt lat="35.608999924734235" lon="127.52765997312963">
        <ele>878.2000122070312</ele>
        <time>2024-03-16T21:39:35.374Z</time>
      </trkpt>
      <trkpt lat="35.60898995026946" lon="127.52765997312963">
        <ele>878</ele>
        <time>2024-03-16T21:40:04.374Z</time>
      </trkpt>
      <trkpt lat="35.60896991752088" lon="127.52767992205918">
        <ele>878.5999755859375</ele>
        <time>2024-03-16T21:40:33.374Z</time>
      </trkpt>
      <trkpt lat="35.60894996859133" lon="127.5277999509126">
        <ele>881.5999755859375</ele>
        <time>2024-03-16T21:41:02.374Z</time>
      </trkpt>
      <trkpt lat="35.608909986913204" lon="127.52783993259072">
        <ele>882.5999755859375</ele>
        <time>2024-03-16T21:41:31.374Z</time>
      </trkpt>
      <trkpt lat="35.6088999286294" lon="127.52788997255266">
        <ele>884</ele>
        <time>2024-03-16T21:42:00.374Z</time>
      </trkpt>
      <trkpt lat="35.60887997969985" lon="127.52791997976601">
        <ele>884.5999755859375</ele>
        <time>2024-03-16T21:42:30.374Z</time>
      </trkpt>
      <trkpt lat="35.608889954164624" lon="127.52792995423079">
        <ele>885</ele>
        <time>2024-03-16T21:42:59.374Z</time>
      </trkpt>
      <trkpt lat="35.60887997969985" lon="127.52797999419272">
        <ele>886.4000244140625</ele>
        <time>2024-03-16T21:43:28.374Z</time>
      </trkpt>
      <trkpt lat="35.60885994695127" lon="127.5279899686575">
        <ele>886.4000244140625</ele>
        <time>2024-03-16T21:43:57.374Z</time>
      </trkpt>
      <trkpt lat="35.60878995805979" lon="127.52814997918904">
        <ele>890.4000244140625</ele>
        <time>2024-03-16T21:44:26.374Z</time>
      </trkpt>
      <trkpt lat="35.608759950846434" lon="127.52838995307684">
        <ele>896.5999755859375</ele>
        <time>2024-03-16T21:44:55.374Z</time>
      </trkpt>
      <trkpt lat="35.60874997638166" lon="127.5284199602902">
        <ele>897</ele>
        <time>2024-03-16T21:45:24.374Z</time>
      </trkpt>
      <trkpt lat="35.608739918097854" lon="127.52848994918168">
        <ele>897.7999877929688</ele>
        <time>2024-03-16T21:45:53.374Z</time>
      </trkpt>
      <trkpt lat="35.60872994363308" lon="127.52848994918168">
        <ele>897.7999877929688</ele>
        <time>2024-03-16T21:46:23.374Z</time>
      </trkpt>
      <trkpt lat="35.608719969168305" lon="127.52853998914361">
        <ele>898.4000244140625</ele>
        <time>2024-03-16T21:46:52.374Z</time>
      </trkpt>
      <trkpt lat="35.608719969168305" lon="127.52858994528651">
        <ele>899.2000122070312</ele>
        <time>2024-03-16T21:47:21.374Z</time>
      </trkpt>
      <trkpt lat="35.60874997638166" lon="127.52863998524845">
        <ele>899.7999877929688</ele>
        <time>2024-03-16T21:47:50.374Z</time>
      </trkpt>
      <trkpt lat="35.608739918097854" lon="127.5287199486047">
        <ele>900</ele>
        <time>2024-03-16T21:48:19.374Z</time>
      </trkpt>
      <trkpt lat="35.60872994363308" lon="127.52872992306948">
        <ele>900</ele>
        <time>2024-03-16T21:48:48.374Z</time>
      </trkpt>
      <trkpt lat="35.608759950846434" lon="127.52879999577999">
        <ele>900.5999755859375</ele>
        <time>2024-03-16T21:49:18.374Z</time>
      </trkpt>
      <trkpt lat="35.608739918097854" lon="127.5289099663496">
        <ele>900.7999877929688</ele>
        <time>2024-03-16T21:49:47.374Z</time>
      </trkpt>
      <trkpt lat="35.60874997638166" lon="127.52894994802773">
        <ele>900.7999877929688</ele>
        <time>2024-03-16T21:50:16.374Z</time>
      </trkpt>
      <trkpt lat="35.60874997638166" lon="127.52899998798966">
        <ele>900.7999877929688</ele>
        <time>2024-03-16T21:50:45.374Z</time>
      </trkpt>
      <trkpt lat="35.60878995805979" lon="127.52907995134592">
        <ele>900.2000122070312</ele>
        <time>2024-03-16T21:51:14.374Z</time>
      </trkpt>
      <trkpt lat="35.60880999080837" lon="127.52913996577263">
        <ele>899.4000244140625</ele>
        <time>2024-03-16T21:51:44.374Z</time>
      </trkpt>
      <trkpt lat="35.60891996137798" lon="127.52922998741269">
        <ele>900.5999755859375</ele>
        <time>2024-03-16T21:52:13.374Z</time>
      </trkpt>
      <trkpt lat="35.60896991752088" lon="127.52924993634224">
        <ele>901.4000244140625</ele>
        <time>2024-03-16T21:52:42.374Z</time>
      </trkpt>
      <trkpt lat="35.60896991752088" lon="127.52925999462605">
        <ele>901.2000122070312</ele>
        <time>2024-03-16T21:53:11.374Z</time>
      </trkpt>
      <trkpt lat="35.60900998301804" lon="127.52926996909082">
        <ele>901.7999877929688</ele>
        <time>2024-03-16T21:53:41.374Z</time>
      </trkpt>
      <trkpt lat="35.60905993916094" lon="127.52931992523372">
        <ele>901.7999877929688</ele>
        <time>2024-03-16T21:54:10.374Z</time>
      </trkpt>
      <trkpt lat="35.60917996801436" lon="127.52953995019197">
        <ele>901.2000122070312</ele>
        <time>2024-03-16T21:54:39.374Z</time>
      </trkpt>
      <trkpt lat="35.609189942479134" lon="127.52968998625875">
        <ele>901</ele>
        <time>2024-03-16T21:55:08.374Z</time>
      </trkpt>
      <trkpt lat="35.60921994969249" lon="127.52973994240165">
        <ele>900.7999877929688</ele>
        <time>2024-03-16T21:55:38.374Z</time>
      </trkpt>
      <trkpt lat="35.60922992415726" lon="127.52981998957694">
        <ele>900.4000244140625</ele>
        <time>2024-03-16T21:56:07.374Z</time>
      </trkpt>
      <trkpt lat="35.609259931370616" lon="127.52991998568177">
        <ele>899.5999755859375</ele>
        <time>2024-03-16T21:56:36.374Z</time>
      </trkpt>
      <trkpt lat="35.609259931370616" lon="127.5300099235028">
        <ele>899</ele>
        <time>2024-03-16T21:57:05.374Z</time>
      </trkpt>
      <trkpt lat="35.609279964119196" lon="127.53005996346474">
        <ele>899</ele>
        <time>2024-03-16T21:57:35.374Z</time>
      </trkpt>
      <trkpt lat="35.609319945797324" lon="127.53031997010112">
        <ele>899.2000122070312</ele>
        <time>2024-03-16T21:58:04.374Z</time>
      </trkpt>
      <trkpt lat="35.60934995301068" lon="127.53042994067073">
        <ele>902.2000122070312</ele>
        <time>2024-03-16T21:58:33.374Z</time>
      </trkpt>
      <trkpt lat="35.60934995301068" lon="127.53046992234886">
        <ele>903</ele>
        <time>2024-03-16T21:59:03.374Z</time>
      </trkpt>
      <trkpt lat="35.60936998575926" lon="127.53051996231079">
        <ele>904</ele>
        <time>2024-03-16T21:59:32.374Z</time>
      </trkpt>
      <trkpt lat="35.60940996743739" lon="127.53077996894717">
        <ele>915.4000244140625</ele>
        <time>2024-03-16T22:00:02.374Z</time>
      </trkpt>
      <trkpt lat="35.60943997465074" lon="127.53085993230343">
        <ele>918.4000244140625</ele>
        <time>2024-03-16T22:00:31.374Z</time>
      </trkpt>
      <trkpt lat="35.609449949115515" lon="127.53093997947872">
        <ele>920.5999755859375</ele>
        <time>2024-03-16T22:01:00.374Z</time>
      </trkpt>
      <trkpt lat="35.609429916366935" lon="127.53111993893981">
        <ele>924.2000122070312</ele>
        <time>2024-03-16T22:01:30.374Z</time>
      </trkpt>
      <trkpt lat="35.60940996743739" lon="127.53120996057987">
        <ele>925.4000244140625</ele>
        <time>2024-03-16T22:01:59.374Z</time>
      </trkpt>
      <trkpt lat="35.60940996743739" lon="127.53138992004097">
        <ele>928.5999755859375</ele>
        <time>2024-03-16T22:02:29.374Z</time>
      </trkpt>
      <trkpt lat="35.60941994190216" lon="127.5316299777478">
        <ele>934.4000244140625</ele>
        <time>2024-03-16T22:02:58.374Z</time>
      </trkpt>
      <trkpt lat="35.60939999297261" lon="127.53173994831741">
        <ele>937.7999877929688</ele>
        <time>2024-03-16T22:03:27.374Z</time>
      </trkpt>
      <trkpt lat="35.60940996743739" lon="127.53178998827934">
        <ele>940.5999755859375</ele>
        <time>2024-03-16T22:03:57.374Z</time>
      </trkpt>
      <trkpt lat="35.60937996022403" lon="127.53180993720889">
        <ele>940.2000122070312</ele>
        <time>2024-03-16T22:04:26.374Z</time>
      </trkpt>
      <trkpt lat="35.60936998575926" lon="127.53184991888702">
        <ele>941.5999755859375</ele>
        <time>2024-03-16T22:04:56.374Z</time>
      </trkpt>
      <trkpt lat="35.60935992747545" lon="127.53185997717083">
        <ele>941.4000244140625</ele>
        <time>2024-03-16T22:05:25.374Z</time>
      </trkpt>
      <trkpt lat="35.60934995301068" lon="127.53190993331373">
        <ele>942.4000244140625</ele>
        <time>2024-03-16T22:05:55.374Z</time>
      </trkpt>
      <trkpt lat="35.60936998575926" lon="127.53200992941856">
        <ele>946.5999755859375</ele>
        <time>2024-03-16T22:06:24.374Z</time>
      </trkpt>
      <trkpt lat="35.60935992747545" lon="127.53203993663192">
        <ele>946.7999877929688</ele>
        <time>2024-03-16T22:06:54.374Z</time>
      </trkpt>
      <trkpt lat="35.60937996022403" lon="127.53204999491572">
        <ele>948.4000244140625</ele>
        <time>2024-03-16T22:07:23.374Z</time>
      </trkpt>
      <trkpt lat="35.60937996022403" lon="127.53207991831005">
        <ele>949.2000122070312</ele>
        <time>2024-03-16T22:07:53.374Z</time>
      </trkpt>
      <trkpt lat="35.60939999297261" lon="127.53215996548533">
        <ele>952.5999755859375</ele>
        <time>2024-03-16T22:08:22.374Z</time>
      </trkpt>
      <trkpt lat="35.60939999297261" lon="127.53221997991204">
        <ele>955</ele>
        <time>2024-03-16T22:08:52.374Z</time>
      </trkpt>
      <trkpt lat="35.60940996743739" lon="127.53226993605494">
        <ele>956.7999877929688</ele>
        <time>2024-03-16T22:09:21.374Z</time>
      </trkpt>
      <trkpt lat="35.60935992747545" lon="127.53234998323023">
        <ele>956.2000122070312</ele>
        <time>2024-03-16T22:09:51.374Z</time>
      </trkpt>
      <trkpt lat="35.60934995301068" lon="127.53238996490836">
        <ele>956.5999755859375</ele>
        <time>2024-03-16T22:10:20.374Z</time>
      </trkpt>
      <trkpt lat="35.60935992747545" lon="127.53239993937314">
        <ele>957.2000122070312</ele>
        <time>2024-03-16T22:10:50.374Z</time>
      </trkpt>
      <trkpt lat="35.609319945797324" lon="127.53241997212172">
        <ele>956</ele>
        <time>2024-03-16T22:11:19.374Z</time>
      </trkpt>
      <trkpt lat="35.60930997133255" lon="127.53243992105126">
        <ele>956.2000122070312</ele>
        <time>2024-03-16T22:11:49.374Z</time>
      </trkpt>
      <trkpt lat="35.6093299202621" lon="127.5324899610132">
        <ele>958.2000122070312</ele>
        <time>2024-03-16T22:12:18.374Z</time>
      </trkpt>
      <trkpt lat="35.609319945797324" lon="127.53262993879616">
        <ele>960</ele>
        <time>2024-03-16T22:12:48.374Z</time>
      </trkpt>
      <trkpt lat="35.60928993858397" lon="127.53269992768764">
        <ele>961.5999755859375</ele>
        <time>2024-03-16T22:13:17.374Z</time>
      </trkpt>
      <trkpt lat="35.609279964119196" lon="127.53275994211435">
        <ele>963.2000122070312</ele>
        <time>2024-03-16T22:13:47.374Z</time>
      </trkpt>
      <trkpt lat="35.609279964119196" lon="127.53290997818112">
        <ele>966.2000122070312</ele>
        <time>2024-03-16T22:14:16.374Z</time>
      </trkpt>
      <trkpt lat="35.60924995690584" lon="127.53304995596409">
        <ele>970.7999877929688</ele>
        <time>2024-03-16T22:14:46.374Z</time>
      </trkpt>
      <trkpt lat="35.60923998244107" lon="127.53312991932034">
        <ele>971.4000244140625</ele>
        <time>2024-03-16T22:15:16.374Z</time>
      </trkpt>
      <trkpt lat="35.609169993549585" lon="127.53338992595673">
        <ele>970.7999877929688</ele>
        <time>2024-03-16T22:15:45.374Z</time>
      </trkpt>
      <trkpt lat="35.609169993549585" lon="127.53354993648827">
        <ele>970.7999877929688</ele>
        <time>2024-03-16T22:16:15.374Z</time>
      </trkpt>
      <trkpt lat="35.609149960801005" lon="127.5335899181664">
        <ele>970</ele>
        <time>2024-03-16T22:16:44.374Z</time>
      </trkpt>
      <trkpt lat="35.609169993549585" lon="127.53375998698175">
        <ele>971.2000122070312</ele>
        <time>2024-03-16T22:17:14.374Z</time>
      </trkpt>
      <trkpt lat="35.609189942479134" lon="127.53381991758943">
        <ele>972.4000244140625</ele>
        <time>2024-03-16T22:17:44.374Z</time>
      </trkpt>
      <trkpt lat="35.609209975227714" lon="127.53404991701245">
        <ele>975.4000244140625</ele>
        <time>2024-03-16T22:18:13.374Z</time>
      </trkpt>
      <trkpt lat="35.60922992415726" lon="127.53412996418774">
        <ele>976.5999755859375</ele>
        <time>2024-03-16T22:18:43.374Z</time>
      </trkpt>
      <trkpt lat="35.60921994969249" lon="127.53422996029258">
        <ele>978.4000244140625</ele>
        <time>2024-03-16T22:19:13.374Z</time>
      </trkpt>
      <trkpt lat="35.60919991694391" lon="127.53430992364883">
        <ele>980.7999877929688</ele>
        <time>2024-03-16T22:19:42.374Z</time>
      </trkpt>
      <trkpt lat="35.60915993526578" lon="127.53437999635935">
        <ele>981.5999755859375</ele>
        <time>2024-03-16T22:20:12.374Z</time>
      </trkpt>
      <trkpt lat="35.60911995358765" lon="127.53453992307186">
        <ele>984.4000244140625</ele>
        <time>2024-03-16T22:20:42.374Z</time>
      </trkpt>
      <trkpt lat="35.60907997190952" lon="127.53465995192528">
        <ele>986.5999755859375</ele>
        <time>2024-03-16T22:21:12.374Z</time>
      </trkpt>
      <trkpt lat="35.60904996469617" lon="127.53470999188721">
        <ele>988.2000122070312</ele>
        <time>2024-03-16T22:21:41.374Z</time>
      </trkpt>
      <trkpt lat="35.60902993194759" lon="127.53480998799205">
        <ele>991.2000122070312</ele>
        <time>2024-03-16T22:22:11.374Z</time>
      </trkpt>
      <trkpt lat="35.60898995026946" lon="127.53485994413495">
        <ele>992.4000244140625</ele>
        <time>2024-03-16T22:22:41.374Z</time>
      </trkpt>
      <trkpt lat="35.60897997580469" lon="127.53489992581308">
        <ele>993.4000244140625</ele>
        <time>2024-03-16T22:23:11.374Z</time>
      </trkpt>
      <trkpt lat="35.60896991752088" lon="127.53490998409688">
        <ele>993.5999755859375</ele>
        <time>2024-03-16T22:23:40.374Z</time>
      </trkpt>
      <trkpt lat="35.60895994305611" lon="127.5350199546665">
        <ele>996.4000244140625</ele>
        <time>2024-03-16T22:24:10.374Z</time>
      </trkpt>
      <trkpt lat="35.60894996859133" lon="127.53502992913127">
        <ele>996.4000244140625</ele>
        <time>2024-03-16T22:24:40.374Z</time>
      </trkpt>
      <trkpt lat="35.60894996859133" lon="127.53506999462843">
        <ele>997</ele>
        <time>2024-03-16T22:25:10.374Z</time>
      </trkpt>
      <trkpt lat="35.60898995026946" lon="127.53517996519804">
        <ele>999</ele>
        <time>2024-03-16T22:25:39.374Z</time>
      </trkpt>
      <trkpt lat="35.60904996469617" lon="127.53523997962475">
        <ele>1000.2000122070312</ele>
        <time>2024-03-16T22:26:09.374Z</time>
      </trkpt>
      <trkpt lat="35.60905993916094" lon="127.5352599285543">
        <ele>1000.5999755859375</ele>
        <time>2024-03-16T22:26:39.374Z</time>
      </trkpt>
      <trkpt lat="35.60905993916094" lon="127.53529999405146">
        <ele>1001</ele>
        <time>2024-03-16T22:27:09.374Z</time>
      </trkpt>
      <trkpt lat="35.6090899463743" lon="127.53533997572958">
        <ele>1001.2000122070312</ele>
        <time>2024-03-16T22:27:38.374Z</time>
      </trkpt>
      <trkpt lat="35.60913998633623" lon="127.53536998294294">
        <ele>1001.5999755859375</ele>
        <time>2024-03-16T22:28:08.374Z</time>
      </trkpt>
      <trkpt lat="35.60915993526578" lon="127.53536998294294">
        <ele>1001.7999877929688</ele>
        <time>2024-03-16T22:28:38.374Z</time>
      </trkpt>
      <trkpt lat="35.60919991694391" lon="127.5353999901563">
        <ele>1002</ele>
        <time>2024-03-16T22:29:08.374Z</time>
      </trkpt>
      <trkpt lat="35.60921994969249" lon="127.53542999736965">
        <ele>1002</ele>
        <time>2024-03-16T22:29:38.374Z</time>
      </trkpt>
      <trkpt lat="35.609279964119196" lon="127.53545992076397">
        <ele>1002</ele>
        <time>2024-03-16T22:30:07.374Z</time>
      </trkpt>
      <trkpt lat="35.6093299202621" lon="127.53551993519068">
        <ele>1002</ele>
        <time>2024-03-16T22:30:37.374Z</time>
      </trkpt>
      <trkpt lat="35.60934995301068" lon="127.5355599168688">
        <ele>1002</ele>
        <time>2024-03-16T22:31:07.374Z</time>
      </trkpt>
      <trkpt lat="35.6093299202621" lon="127.5355599168688">
        <ele>1002</ele>
        <time>2024-03-16T22:31:37.374Z</time>
      </trkpt>
      <trkpt lat="35.609319945797324" lon="127.53561993129551">
        <ele>1002</ele>
        <time>2024-03-16T22:32:07.374Z</time>
      </trkpt>
      <trkpt lat="35.60930997133255" lon="127.53561993129551">
        <ele>1002</ele>
        <time>2024-03-16T22:32:37.374Z</time>
      </trkpt>
      <trkpt lat="35.60930997133255" lon="127.53571992740035">
        <ele>1001.2000122070312</ele>
        <time>2024-03-16T22:33:06.374Z</time>
      </trkpt>
      <trkpt lat="35.609319945797324" lon="127.53572998568416">
        <ele>1001.2000122070312</ele>
        <time>2024-03-16T22:33:36.374Z</time>
      </trkpt>
      <trkpt lat="35.60930997133255" lon="127.53573996014893">
        <ele>1000.7999877929688</ele>
        <time>2024-03-16T22:34:06.374Z</time>
      </trkpt>
      <trkpt lat="35.6093299202621" lon="127.53577994182706">
        <ele>1000.5999755859375</ele>
        <time>2024-03-16T22:34:36.374Z</time>
      </trkpt>
      <trkpt lat="35.609339978545904" lon="127.53598999232054">
        <ele>997.4000244140625</ele>
        <time>2024-03-16T22:35:06.374Z</time>
      </trkpt>
      <trkpt lat="35.60935992747545" lon="127.53603994846344">
        <ele>997.2000122070312</ele>
        <time>2024-03-16T22:35:36.374Z</time>
      </trkpt>
      <trkpt lat="35.60938993468881" lon="127.53620993345976">
        <ele>995.5999755859375</ele>
        <time>2024-03-16T22:36:05.374Z</time>
      </trkpt>
      <trkpt lat="35.60941994190216" lon="127.53626994788647">
        <ele>995.4000244140625</ele>
        <time>2024-03-16T22:36:35.374Z</time>
      </trkpt>
      <trkpt lat="35.60940996743739" lon="127.5363099295646">
        <ele>994.7999877929688</ele>
        <time>2024-03-16T22:37:05.374Z</time>
      </trkpt>
      <trkpt lat="35.609429916366935" lon="127.5363699439913">
        <ele>994.4000244140625</ele>
        <time>2024-03-16T22:37:35.374Z</time>
      </trkpt>
      <trkpt lat="35.60949998907745" lon="127.53641998395324">
        <ele>994.5999755859375</ele>
        <time>2024-03-16T22:38:05.374Z</time>
      </trkpt>
      <trkpt lat="35.60950996354222" lon="127.53644999116659">
        <ele>994.2000122070312</ele>
        <time>2024-03-16T22:38:35.374Z</time>
      </trkpt>
      <trkpt lat="35.609619934111834" lon="127.53652995452285">
        <ele>993</ele>
        <time>2024-03-16T22:39:05.374Z</time>
      </trkpt>
      <trkpt lat="35.60967994853854" lon="127.53651998005807">
        <ele>993</ele>
        <time>2024-03-16T22:39:35.374Z</time>
      </trkpt>
      <trkpt lat="35.60983995907009" lon="127.53653992898762">
        <ele>992.4000244140625</ele>
        <time>2024-03-16T22:40:05.374Z</time>
      </trkpt>
      <trkpt lat="35.60985999181867" lon="127.53656993620098">
        <ele>992.2000122070312</ele>
        <time>2024-03-16T22:40:35.374Z</time>
      </trkpt>
      <trkpt lat="35.60992998071015" lon="127.53663992509246">
        <ele>991.4000244140625</ele>
        <time>2024-03-16T22:41:05.374Z</time>
      </trkpt>
      <trkpt lat="35.6099499296397" lon="127.53667999058962">
        <ele>991</ele>
        <time>2024-03-16T22:41:35.374Z</time>
      </trkpt>
      <trkpt lat="35.60997993685305" lon="127.53669993951917">
        <ele>990.5999755859375</ele>
        <time>2024-03-16T22:42:05.374Z</time>
      </trkpt>
      <trkpt lat="35.610009944066405" lon="127.53670999780297">
        <ele>990.4000244140625</ele>
        <time>2024-03-16T22:42:34.374Z</time>
      </trkpt>
      <trkpt lat="35.61008999124169" lon="127.53676992841065">
        <ele>989.5999755859375</ele>
        <time>2024-03-16T22:43:04.374Z</time>
      </trkpt>
      <trkpt lat="35.610159980133176" lon="127.53676992841065">
        <ele>989.4000244140625</ele>
        <time>2024-03-16T22:43:34.374Z</time>
      </trkpt>
      <trkpt lat="35.610179929062724" lon="127.53678996115923">
        <ele>989.2000122070312</ele>
        <time>2024-03-16T22:44:04.374Z</time>
      </trkpt>
      <trkpt lat="35.610219994559884" lon="127.53678996115923">
        <ele>988.7999877929688</ele>
        <time>2024-03-16T22:44:34.374Z</time>
      </trkpt>
      <trkpt lat="35.610219994559884" lon="127.53680999390781">
        <ele>988.5999755859375</ele>
        <time>2024-03-16T22:45:04.374Z</time>
      </trkpt>
      <trkpt lat="35.610289983451366" lon="127.53686992451549">
        <ele>987.7999877929688</ele>
        <time>2024-03-16T22:45:34.374Z</time>
      </trkpt>
      <trkpt lat="35.61029995791614" lon="127.53689993172884">
        <ele>987.4000244140625</ele>
        <time>2024-03-16T22:46:04.374Z</time>
      </trkpt>
      <trkpt lat="35.61044999398291" lon="127.53699992783368">
        <ele>984.7999877929688</ele>
        <time>2024-03-16T22:46:34.374Z</time>
      </trkpt>
      <trkpt lat="35.61049995012581" lon="127.53704996779561">
        <ele>983.5999755859375</ele>
        <time>2024-03-16T22:47:04.374Z</time>
      </trkpt>
      <trkpt lat="35.61055996455252" lon="127.53706991672516">
        <ele>982.5999755859375</ele>
        <time>2024-03-16T22:47:34.374Z</time>
      </trkpt>
      <trkpt lat="35.610779989510775" lon="127.53719992004335">
        <ele>981.7999877929688</ele>
        <time>2024-03-16T22:48:05.374Z</time>
      </trkpt>
      <trkpt lat="35.61087998561561" lon="127.53731994889677">
        <ele>980.7999877929688</ele>
        <time>2024-03-16T22:48:35.374Z</time>
      </trkpt>
      <trkpt lat="35.61106991954148" lon="127.53747995942831">
        <ele>979.2000122070312</ele>
        <time>2024-03-16T22:49:05.374Z</time>
      </trkpt>
      <trkpt lat="35.61135993339121" lon="127.53777994774282">
        <ele>977.2000122070312</ele>
        <time>2024-03-16T22:49:35.374Z</time>
      </trkpt>
      <trkpt lat="35.611429922282696" lon="127.53782998770475">
        <ele>976.7999877929688</ele>
        <time>2024-03-16T22:50:05.374Z</time>
      </trkpt>
      <trkpt lat="35.61149999499321" lon="127.5378499366343">
        <ele>975</ele>
        <time>2024-03-16T22:50:35.374Z</time>
      </trkpt>
      <trkpt lat="35.611489936709404" lon="127.53786996938288">
        <ele>975.2000122070312</ele>
        <time>2024-03-16T22:51:05.374Z</time>
      </trkpt>
      <trkpt lat="35.61147996224463" lon="127.53786996938288">
        <ele>975.2000122070312</ele>
        <time>2024-03-16T22:51:35.374Z</time>
      </trkpt>
      <trkpt lat="35.611489936709404" lon="127.53788991831243">
        <ele>974.5999755859375</ele>
        <time>2024-03-16T22:52:06.374Z</time>
      </trkpt>
      <trkpt lat="35.61154995113611" lon="127.53787994384766">
        <ele>973.2000122070312</ele>
        <time>2024-03-16T22:52:36.374Z</time>
      </trkpt>
      <trkpt lat="35.61158993281424" lon="127.53789997659624">
        <ele>971.5999755859375</ele>
        <time>2024-03-16T22:53:06.374Z</time>
      </trkpt>
      <trkpt lat="35.611599991098046" lon="127.53788991831243">
        <ele>971.2000122070312</ele>
        <time>2024-03-16T22:53:36.374Z</time>
      </trkpt>
      <trkpt lat="35.611639972776175" lon="127.53794993273914">
        <ele>969.7999877929688</ele>
        <time>2024-03-16T22:54:06.374Z</time>
      </trkpt>
      <trkpt lat="35.61164994724095" lon="127.53793995827436">
        <ele>969.4000244140625</ele>
        <time>2024-03-16T22:54:36.374Z</time>
      </trkpt>
      <trkpt lat="35.61164994724095" lon="127.53792998380959">
        <ele>969.4000244140625</ele>
        <time>2024-03-16T22:55:07.374Z</time>
      </trkpt>
      <trkpt lat="35.61168992891908" lon="127.53793995827436">
        <ele>967.7999877929688</ele>
        <time>2024-03-16T22:55:37.374Z</time>
      </trkpt>
      <trkpt lat="35.61170996166766" lon="127.53792998380959">
        <ele>967.2000122070312</ele>
        <time>2024-03-16T22:56:07.374Z</time>
      </trkpt>
      <trkpt lat="35.61175991781056" lon="127.53795999102294">
        <ele>966</ele>
        <time>2024-03-16T22:56:37.374Z</time>
      </trkpt>
      <trkpt lat="35.61180995777249" lon="127.53796996548772">
        <ele>964.7999877929688</ele>
        <time>2024-03-16T22:57:07.374Z</time>
      </trkpt>
      <trkpt lat="35.61182999052107" lon="127.53799997270107">
        <ele>964.4000244140625</ele>
        <time>2024-03-16T22:57:38.374Z</time>
      </trkpt>
      <trkpt lat="35.611899979412556" lon="127.53797993995249">
        <ele>962.4000244140625</ele>
        <time>2024-03-16T22:58:08.374Z</time>
      </trkpt>
      <trkpt lat="35.61192998662591" lon="127.5379899982363">
        <ele>961.4000244140625</ele>
        <time>2024-03-16T22:58:38.374Z</time>
      </trkpt>
      <trkpt lat="35.61197994276881" lon="127.53802997991443">
        <ele>960.2000122070312</ele>
        <time>2024-03-16T22:59:08.374Z</time>
      </trkpt>
      <trkpt lat="35.612049931660295" lon="127.53804992884398">
        <ele>959.2000122070312</ele>
        <time>2024-03-16T22:59:38.374Z</time>
      </trkpt>
      <trkpt lat="35.61209997162223" lon="127.53804992884398">
        <ele>958</ele>
        <time>2024-03-16T23:00:09.374Z</time>
      </trkpt>
      <trkpt lat="35.61214992776513" lon="127.53806996159256">
        <ele>957.2000122070312</ele>
        <time>2024-03-16T23:00:39.374Z</time>
      </trkpt>
      <trkpt lat="35.612179934978485" lon="127.53806996159256">
        <ele>956.5999755859375</ele>
        <time>2024-03-16T23:01:09.374Z</time>
      </trkpt>
      <trkpt lat="35.61222997494042" lon="127.5380399543792">
        <ele>955</ele>
        <time>2024-03-16T23:01:39.374Z</time>
      </trkpt>
      <trkpt lat="35.61227993108332" lon="127.53801992163062">
        <ele>952.7999877929688</ele>
        <time>2024-03-16T23:02:10.374Z</time>
      </trkpt>
      <trkpt lat="35.612309938296676" lon="127.53801992163062">
        <ele>952.2000122070312</ele>
        <time>2024-03-16T23:02:40.374Z</time>
      </trkpt>
      <trkpt lat="35.612349919974804" lon="127.5380399543792">
        <ele>952</ele>
        <time>2024-03-16T23:03:10.374Z</time>
      </trkpt>
      <trkpt lat="35.61239995993674" lon="127.53800994716585">
        <ele>949.7999877929688</ele>
        <time>2024-03-16T23:03:40.374Z</time>
      </trkpt>
      <trkpt lat="35.61241999268532" lon="127.5379899982363">
        <ele>948.5999755859375</ele>
        <time>2024-03-16T23:04:11.374Z</time>
      </trkpt>
      <trkpt lat="35.61265996657312" lon="127.53800994716585">
        <ele>945.5999755859375</ele>
        <time>2024-03-16T23:04:41.374Z</time>
      </trkpt>
      <trkpt lat="35.61276993714273" lon="127.53796996548772">
        <ele>943.7999877929688</ele>
        <time>2024-03-16T23:05:11.374Z</time>
      </trkpt>
      <trkpt lat="35.612779995426536" lon="127.53794993273914">
        <ele>943.5999755859375</ele>
        <time>2024-03-16T23:05:41.374Z</time>
      </trkpt>
      <trkpt lat="35.61282995156944" lon="127.53792998380959">
        <ele>942.5999755859375</ele>
        <time>2024-03-16T23:06:12.374Z</time>
      </trkpt>
      <trkpt lat="35.61287999153137" lon="127.53787994384766">
        <ele>940.2000122070312</ele>
        <time>2024-03-16T23:06:42.374Z</time>
      </trkpt>
      <trkpt lat="35.6129199732095" lon="127.53786996938288">
        <ele>939</ele>
        <time>2024-03-16T23:07:12.374Z</time>
      </trkpt>
      <trkpt lat="35.612929947674274" lon="127.53783996216953">
        <ele>939</ele>
        <time>2024-03-16T23:07:43.374Z</time>
      </trkpt>
      <trkpt lat="35.612949980422854" lon="127.53783996216953">
        <ele>938.4000244140625</ele>
        <time>2024-03-16T23:08:13.374Z</time>
      </trkpt>
      <trkpt lat="35.612949980422854" lon="127.53781992942095">
        <ele>938.5999755859375</ele>
        <time>2024-03-16T23:08:43.374Z</time>
      </trkpt>
      <trkpt lat="35.61300999484956" lon="127.53776997327805">
        <ele>936.5999755859375</ele>
        <time>2024-03-16T23:09:14.374Z</time>
      </trkpt>
      <trkpt lat="35.61302994377911" lon="127.53769998438656">
        <ele>933.5999755859375</ele>
        <time>2024-03-16T23:09:44.374Z</time>
      </trkpt>
      <trkpt lat="35.613079983741045" lon="127.53766997717321">
        <ele>931.7999877929688</ele>
        <time>2024-03-16T23:10:14.374Z</time>
      </trkpt>
      <trkpt lat="35.61314997263253" lon="127.53755992278457">
        <ele>925.7999877929688</ele>
        <time>2024-03-16T23:10:45.374Z</time>
      </trkpt>
      <trkpt lat="35.61321996152401" lon="127.53750996664166">
        <ele>926</ele>
        <time>2024-03-16T23:11:15.374Z</time>
      </trkpt>
      <trkpt lat="35.61325994320214" lon="127.53749999217689">
        <ele>925.4000244140625</ele>
        <time>2024-03-16T23:11:45.374Z</time>
      </trkpt>
      <trkpt lat="35.6133999209851" lon="127.5374199450016">
        <ele>924.7999877929688</ele>
        <time>2024-03-16T23:12:16.374Z</time>
      </trkpt>
      <trkpt lat="35.613489942625165" lon="127.53734995611012">
        <ele>924.5999755859375</ele>
        <time>2024-03-16T23:12:46.374Z</time>
      </trkpt>
      <trkpt lat="35.61355993151665" lon="127.53732992336154">
        <ele>924.5999755859375</ele>
        <time>2024-03-16T23:13:17.374Z</time>
      </trkpt>
      <trkpt lat="35.613639978691936" lon="127.53733998164535">
        <ele>924.5999755859375</ele>
        <time>2024-03-16T23:13:47.374Z</time>
      </trkpt>
      <trkpt lat="35.61371994204819" lon="127.53731994889677">
        <ele>923.7999877929688</ele>
        <time>2024-03-16T23:14:18.374Z</time>
      </trkpt>
      <trkpt lat="35.613729916512966" lon="127.53730997443199">
        <ele>923.7999877929688</ele>
        <time>2024-03-16T23:14:48.374Z</time>
      </trkpt>
      <trkpt lat="35.61386997811496" lon="127.53727996721864">
        <ele>921.7999877929688</ele>
        <time>2024-03-16T23:15:18.374Z</time>
      </trkpt>
      <trkpt lat="35.613939967006445" lon="127.53729999996722">
        <ele>920.7999877929688</ele>
        <time>2024-03-16T23:15:49.374Z</time>
      </trkpt>
      <trkpt lat="35.61397994868457" lon="127.53728994168341">
        <ele>920.4000244140625</ele>
        <time>2024-03-16T23:16:19.374Z</time>
      </trkpt>
      <trkpt lat="35.61405999585986" lon="127.53728994168341">
        <ele>920</ele>
        <time>2024-03-16T23:16:50.374Z</time>
      </trkpt>
      <trkpt lat="35.614109952002764" lon="127.53731994889677">
        <ele>919.5999755859375</ele>
        <time>2024-03-16T23:17:20.374Z</time>
      </trkpt>
      <trkpt lat="35.61429996974766" lon="127.5373699888587">
        <ele>919.4000244140625</ele>
        <time>2024-03-16T23:17:51.374Z</time>
      </trkpt>
      <trkpt lat="35.614349925890565" lon="127.5373699888587">
        <ele>919.5999755859375</ele>
        <time>2024-03-16T23:18:21.374Z</time>
      </trkpt>
      <trkpt lat="35.614369958639145" lon="127.5373599305749">
        <ele>919.5999755859375</ele>
        <time>2024-03-16T23:18:52.374Z</time>
      </trkpt>
      <trkpt lat="35.61452996917069" lon="127.5373599305749">
        <ele>920</ele>
        <time>2024-03-16T23:19:22.374Z</time>
      </trkpt>
      <trkpt lat="35.61459995806217" lon="127.53738993778825">
        <ele>920.4000244140625</ele>
        <time>2024-03-16T23:19:53.374Z</time>
      </trkpt>
      <trkpt lat="35.61469995416701" lon="127.5373599305749">
        <ele>921.2000122070312</ele>
        <time>2024-03-16T23:20:23.374Z</time>
      </trkpt>
      <trkpt lat="35.615059956908226" lon="127.53734995611012">
        <ele>924.4000244140625</ele>
        <time>2024-03-16T23:20:54.374Z</time>
      </trkpt>
      <trkpt lat="35.615079989656806" lon="127.53732992336154">
        <ele>924.5999755859375</ele>
        <time>2024-03-16T23:21:24.374Z</time>
      </trkpt>
      <trkpt lat="35.61510999687016" lon="127.53732992336154">
        <ele>924.7999877929688</ele>
        <time>2024-03-16T23:21:55.374Z</time>
      </trkpt>
      <trkpt lat="35.615209992975" lon="127.5373599305749">
        <ele>924.5999755859375</ele>
        <time>2024-03-16T23:22:25.374Z</time>
      </trkpt>
      <trkpt lat="35.61527998186648" lon="127.53739999607205">
        <ele>924.4000244140625</ele>
        <time>2024-03-16T23:22:56.374Z</time>
      </trkpt>
      <trkpt lat="35.61538995243609" lon="127.53743997775018">
        <ele>924.7999877929688</ele>
        <time>2024-03-16T23:23:27.374Z</time>
      </trkpt>
      <trkpt lat="35.61546999961138" lon="127.53743997775018">
        <ele>925</ele>
        <time>2024-03-16T23:23:57.374Z</time>
      </trkpt>
      <trkpt lat="35.61551995575428" lon="127.53740997053683">
        <ele>925.2000122070312</ele>
        <time>2024-03-16T23:24:28.374Z</time>
      </trkpt>
      <trkpt lat="35.61560997739434" lon="127.53742991946638">
        <ele>926</ele>
        <time>2024-03-16T23:24:58.374Z</time>
      </trkpt>
      <trkpt lat="35.61570997349918" lon="127.53747995942831">
        <ele>926.4000244140625</ele>
        <time>2024-03-16T23:25:29.374Z</time>
      </trkpt>
      <trkpt lat="35.615829918533564" lon="127.53749999217689">
        <ele>926.7999877929688</ele>
        <time>2024-03-16T23:26:00.374Z</time>
      </trkpt>
      <trkpt lat="35.615849951282144" lon="127.53750996664166">
        <ele>927</ele>
        <time>2024-03-16T23:26:30.374Z</time>
      </trkpt>
      <trkpt lat="35.615939972922206" lon="127.53750996664166">
        <ele>926.4000244140625</ele>
        <time>2024-03-16T23:27:01.374Z</time>
      </trkpt>
      <trkpt lat="35.615999987348914" lon="127.53747995942831">
        <ele>926</ele>
        <time>2024-03-16T23:27:32.374Z</time>
      </trkpt>
      <trkpt lat="35.61603996902704" lon="127.53748993389308">
        <ele>925.5999755859375</ele>
        <time>2024-03-16T23:28:02.374Z</time>
      </trkpt>
      <trkpt lat="35.61609998345375" lon="127.53752999939024">
        <ele>925.4000244140625</ele>
        <time>2024-03-16T23:28:33.374Z</time>
      </trkpt>
      <trkpt lat="35.61620995402336" lon="127.53756998106837">
        <ele>924.2000122070312</ele>
        <time>2024-03-16T23:29:04.374Z</time>
      </trkpt>
      <trkpt lat="35.61656995676458" lon="127.53791992552578">
        <ele>920.7999877929688</ele>
        <time>2024-03-16T23:29:34.374Z</time>
      </trkpt>
      <trkpt lat="35.616649920120835" lon="127.53801992163062">
        <ele>920.4000244140625</ele>
        <time>2024-03-16T23:30:05.374Z</time>
      </trkpt>
      <trkpt lat="35.616839937865734" lon="127.53817993216217">
        <ele>920</ele>
        <time>2024-03-16T23:30:36.374Z</time>
      </trkpt>
      <trkpt lat="35.61693993397057" lon="127.53821999765933">
        <ele>920</ele>
        <time>2024-03-16T23:31:07.374Z</time>
      </trkpt>
      <trkpt lat="35.61703993007541" lon="127.53824992105365">
        <ele>920</ele>
        <time>2024-03-16T23:31:37.374Z</time>
      </trkpt>
      <trkpt lat="35.61710991896689" lon="127.53828998655081">
        <ele>920</ele>
        <time>2024-03-16T23:32:08.374Z</time>
      </trkpt>
      <trkpt lat="35.61732994392514" lon="127.53835997544229">
        <ele>922.2000122070312</ele>
        <time>2024-03-16T23:32:39.374Z</time>
      </trkpt>
      <trkpt lat="35.61736992560327" lon="127.53840993158519">
        <ele>923.4000244140625</ele>
        <time>2024-03-16T23:33:10.374Z</time>
      </trkpt>
      <trkpt lat="35.61745994724333" lon="127.5384699460119">
        <ele>926</ele>
        <time>2024-03-16T23:33:41.374Z</time>
      </trkpt>
      <trkpt lat="35.61755994334817" lon="127.53849995322526">
        <ele>928.4000244140625</ele>
        <time>2024-03-16T23:34:12.374Z</time>
      </trkpt>
      <trkpt lat="35.61768994666636" lon="127.53858997486532">
        <ele>930.2000122070312</ele>
        <time>2024-03-16T23:34:42.374Z</time>
      </trkpt>
      <trkpt lat="35.61770997941494" lon="127.53856994211674">
        <ele>930.5999755859375</ele>
        <time>2024-03-16T23:35:13.374Z</time>
      </trkpt>
      <trkpt lat="35.61777996830642" lon="127.53857991658151">
        <ele>931.4000244140625</ele>
        <time>2024-03-16T23:35:44.374Z</time>
      </trkpt>
      <trkpt lat="35.61781994998455" lon="127.53859994933009">
        <ele>931.7999877929688</ele>
        <time>2024-03-16T23:36:15.374Z</time>
      </trkpt>
      <trkpt lat="35.61790997162461" lon="127.53869994543493">
        <ele>932.7999877929688</ele>
        <time>2024-03-16T23:36:46.374Z</time>
      </trkpt>
      <trkpt lat="35.617999993264675" lon="127.53877999261022">
        <ele>933.5999755859375</ele>
        <time>2024-03-16T23:37:17.374Z</time>
      </trkpt>
      <trkpt lat="35.61804994940758" lon="127.53883992321789">
        <ele>934.2000122070312</ele>
        <time>2024-03-16T23:37:48.374Z</time>
      </trkpt>
      <trkpt lat="35.618219934403896" lon="127.53881997428834">
        <ele>931</ele>
        <time>2024-03-16T23:38:19.374Z</time>
      </trkpt>
      <trkpt lat="35.618389919400215" lon="127.5388499815017">
        <ele>928.4000244140625</ele>
        <time>2024-03-16T23:38:50.374Z</time>
      </trkpt>
      <trkpt lat="35.61847994104028" lon="127.53882994875312">
        <ele>927.5999755859375</ele>
        <time>2024-03-16T23:39:21.374Z</time>
      </trkpt>
      <trkpt lat="35.61852998100221" lon="127.53879994153976">
        <ele>927.2000122070312</ele>
        <time>2024-03-16T23:39:52.374Z</time>
      </trkpt>
      <trkpt lat="35.61873994767666" lon="127.53881997428834">
        <ele>930.2000122070312</ele>
        <time>2024-03-16T23:40:23.374Z</time>
      </trkpt>
      <trkpt lat="35.61876995489001" lon="127.53883992321789">
        <ele>931.5999755859375</ele>
        <time>2024-03-16T23:40:54.374Z</time>
      </trkpt>
      <trkpt lat="35.61891999095678" lon="127.53885995596647">
        <ele>937.5999755859375</ele>
        <time>2024-03-16T23:41:25.374Z</time>
      </trkpt>
      <trkpt lat="35.61890993267298" lon="127.53886993043125">
        <ele>937.4000244140625</ele>
        <time>2024-03-16T23:41:56.374Z</time>
      </trkpt>
      <trkpt lat="35.61890993267298" lon="127.53885995596647">
        <ele>937.2000122070312</ele>
        <time>2024-03-16T23:42:27.374Z</time>
      </trkpt>
      <trkpt lat="35.61895997263491" lon="127.53886993043125">
        <ele>939.2000122070312</ele>
        <time>2024-03-16T23:42:58.374Z</time>
      </trkpt>
      <trkpt lat="35.619009928777814" lon="127.5388499815017">
        <ele>941.2000122070312</ele>
        <time>2024-03-16T23:43:29.374Z</time>
      </trkpt>
      <trkpt lat="35.619079917669296" lon="127.5388499815017">
        <ele>943.7999877929688</ele>
        <time>2024-03-16T23:44:00.374Z</time>
      </trkpt>
      <trkpt lat="35.619159964844584" lon="127.53882994875312">
        <ele>947.2000122070312</ele>
        <time>2024-03-16T23:44:31.374Z</time>
      </trkpt>
      <trkpt lat="35.61921997927129" lon="127.53882994875312">
        <ele>949.7999877929688</ele>
        <time>2024-03-16T23:45:02.374Z</time>
      </trkpt>
      <trkpt lat="35.61920992098749" lon="127.53883992321789">
        <ele>949.4000244140625</ele>
        <time>2024-03-16T23:45:33.374Z</time>
      </trkpt>
      <trkpt lat="35.619279993698" lon="127.53881997428834">
        <ele>951.4000244140625</ele>
        <time>2024-03-16T23:46:04.374Z</time>
      </trkpt>
      <trkpt lat="35.619399938732386" lon="127.53882994875312">
        <ele>954.2000122070312</ele>
        <time>2024-03-16T23:46:35.374Z</time>
      </trkpt>
      <trkpt lat="35.619459953159094" lon="127.53879994153976">
        <ele>954.2000122070312</ele>
        <time>2024-03-16T23:47:06.374Z</time>
      </trkpt>
      <trkpt lat="35.619479985907674" lon="127.53880999982357">
        <ele>954.4000244140625</ele>
        <time>2024-03-16T23:47:37.374Z</time>
      </trkpt>
      <trkpt lat="35.619529942050576" lon="127.53876993432641">
        <ele>952</ele>
        <time>2024-03-16T23:48:08.374Z</time>
      </trkpt>
      <trkpt lat="35.61962993815541" lon="127.53872995264828">
        <ele>948.7999877929688</ele>
        <time>2024-03-16T23:48:39.374Z</time>
      </trkpt>
      <trkpt lat="35.61967997811735" lon="127.53868997097015">
        <ele>948</ele>
        <time>2024-03-16T23:49:10.374Z</time>
      </trkpt>
      <trkpt lat="35.619699927046895" lon="127.5386599637568">
        <ele>947.7999877929688</ele>
        <time>2024-03-16T23:49:41.374Z</time>
      </trkpt>
      <trkpt lat="35.61972993426025" lon="127.53863993100822">
        <ele>947.4000244140625</ele>
        <time>2024-03-16T23:50:12.374Z</time>
      </trkpt>
      <trkpt lat="35.61978994868696" lon="127.53861998207867">
        <ele>945.5999755859375</ele>
        <time>2024-03-16T23:50:43.374Z</time>
      </trkpt>
      <trkpt lat="35.61985993757844" lon="127.53861998207867">
        <ele>943.2000122070312</ele>
        <time>2024-03-16T23:51:15.374Z</time>
      </trkpt>
      <trkpt lat="35.619909977540374" lon="127.53856994211674">
        <ele>939.7999877929688</ele>
        <time>2024-03-16T23:51:46.374Z</time>
      </trkpt>
      <trkpt lat="35.619979966431856" lon="127.53854999318719">
        <ele>937</ele>
        <time>2024-03-16T23:52:17.374Z</time>
      </trkpt>
      <trkpt lat="35.62000997364521" lon="127.53852996043861">
        <ele>936.5999755859375</ele>
        <time>2024-03-16T23:52:48.374Z</time>
      </trkpt>
      <trkpt lat="35.619999999180436" lon="127.53852996043861">
        <ele>936.5999755859375</ele>
        <time>2024-03-16T23:53:19.374Z</time>
      </trkpt>
      <trkpt lat="35.620039980858564" lon="127.53848997876048">
        <ele>935.7999877929688</ele>
        <time>2024-03-16T23:53:50.374Z</time>
      </trkpt>
      <trkpt lat="35.62007996253669" lon="127.53842996433377">
        <ele>934.4000244140625</ele>
        <time>2024-03-16T23:54:21.374Z</time>
      </trkpt>
      <trkpt lat="35.62017995864153" lon="127.53830993548036">
        <ele>934.2000122070312</ele>
        <time>2024-03-16T23:54:52.374Z</time>
      </trkpt>
      <trkpt lat="35.62021994031966" lon="127.53820993937552">
        <ele>933.2000122070312</ele>
        <time>2024-03-16T23:55:24.374Z</time>
      </trkpt>
      <trkpt lat="35.620259921997786" lon="127.53813995048404">
        <ele>934.4000244140625</ele>
        <time>2024-03-16T23:55:55.374Z</time>
      </trkpt>
      <trkpt lat="35.620259921997786" lon="127.53808999434114">
        <ele>934.5999755859375</ele>
        <time>2024-03-16T23:56:26.374Z</time>
      </trkpt>
      <trkpt lat="35.62026998028159" lon="127.53806996159256">
        <ele>935</ele>
        <time>2024-03-16T23:56:57.374Z</time>
      </trkpt>
      <trkpt lat="35.62051992863417" lon="127.53786996938288">
        <ele>929.5999755859375</ele>
        <time>2024-03-16T23:57:28.374Z</time>
      </trkpt>
      <trkpt lat="35.62052998691797" lon="127.53787994384766">
        <ele>929.5999755859375</ele>
        <time>2024-03-16T23:58:00.374Z</time>
      </trkpt>
      <trkpt lat="35.62055999413133" lon="127.5378499366343">
        <ele>930</ele>
        <time>2024-03-16T23:58:31.374Z</time>
      </trkpt>
      <trkpt lat="35.6205699685961" lon="127.53782998770475">
        <ele>930</ele>
        <time>2024-03-16T23:59:02.374Z</time>
      </trkpt>
      <trkpt lat="35.62066996470094" lon="127.5377999804914">
        <ele>928.2000122070312</ele>
        <time>2024-03-16T23:59:33.374Z</time>
      </trkpt>
      <trkpt lat="35.62069997191429" lon="127.53780995495617">
        <ele>927.4000244140625</ele>
        <time>2024-03-17T00:00:04.374Z</time>
      </trkpt>
      <trkpt lat="35.620729979127645" lon="127.5377999804914">
        <ele>926.7999877929688</ele>
        <time>2024-03-17T00:00:36.374Z</time>
      </trkpt>
      <trkpt lat="35.620749928057194" lon="127.53781992942095">
        <ele>926.2000122070312</ele>
        <time>2024-03-17T00:01:07.374Z</time>
      </trkpt>
      <trkpt lat="35.620819916948676" lon="127.53775999881327">
        <ele>924.5999755859375</ele>
        <time>2024-03-17T00:01:38.374Z</time>
      </trkpt>
      <trkpt lat="35.62096995301545" lon="127.53772999159992">
        <ele>917.5999755859375</ele>
        <time>2024-03-17T00:02:09.374Z</time>
      </trkpt>
      <trkpt lat="35.6209999602288" lon="127.53772999159992">
        <ele>916</ele>
        <time>2024-03-17T00:02:41.374Z</time>
      </trkpt>
      <trkpt lat="35.62111998908222" lon="127.53768992610276">
        <ele>910.4000244140625</ele>
        <time>2024-03-17T00:03:12.374Z</time>
      </trkpt>
      <trkpt lat="35.621159970760345" lon="127.53764994442463">
        <ele>908.5999755859375</ele>
        <time>2024-03-17T00:03:43.374Z</time>
      </trkpt>
      <trkpt lat="35.621159970760345" lon="127.53761993721128">
        <ele>908.2000122070312</ele>
        <time>2024-03-17T00:04:14.374Z</time>
      </trkpt>
      <trkpt lat="35.621349988505244" lon="127.53755992278457">
        <ele>901.7999877929688</ele>
        <time>2024-03-17T00:04:46.374Z</time>
      </trkpt>
      <trkpt lat="35.62138997018337" lon="127.53757995553315">
        <ele>901</ele>
        <time>2024-03-17T00:05:17.374Z</time>
      </trkpt>
      <trkpt lat="35.62141997739673" lon="127.5376099627465">
        <ele>900.5999755859375</ele>
        <time>2024-03-17T00:05:48.374Z</time>
      </trkpt>
      <trkpt lat="35.621479991823435" lon="127.5376099627465">
        <ele>898.4000244140625</ele>
        <time>2024-03-17T00:06:20.374Z</time>
      </trkpt>
      <trkpt lat="35.62148996628821" lon="127.53756998106837">
        <ele>897.5999755859375</ele>
        <time>2024-03-17T00:06:51.374Z</time>
      </trkpt>
      <trkpt lat="35.62149994075298" lon="127.53756998106837">
        <ele>897.2000122070312</ele>
        <time>2024-03-17T00:07:22.374Z</time>
      </trkpt>
      <trkpt lat="35.62149994075298" lon="127.5376099627465">
        <ele>897.5999755859375</ele>
        <time>2024-03-17T00:07:54.374Z</time>
      </trkpt>
      <trkpt lat="35.62151997350156" lon="127.53762999549508">
        <ele>897.2000122070312</ele>
        <time>2024-03-17T00:08:25.374Z</time>
      </trkpt>
      <trkpt lat="35.62153992243111" lon="127.53761993721128">
        <ele>896.4000244140625</ele>
        <time>2024-03-17T00:08:56.374Z</time>
      </trkpt>
      <trkpt lat="35.62154998071492" lon="127.53762999549508">
        <ele>896.2000122070312</ele>
        <time>2024-03-17T00:09:28.374Z</time>
      </trkpt>
      <trkpt lat="35.62153992243111" lon="127.53763996995986">
        <ele>896.5999755859375</ele>
        <time>2024-03-17T00:09:59.374Z</time>
      </trkpt>
      <trkpt lat="35.62159993685782" lon="127.53762999549508">
        <ele>895</ele>
        <time>2024-03-17T00:10:30.374Z</time>
      </trkpt>
      <trkpt lat="35.6216199696064" lon="127.53764994442463">
        <ele>894.5999755859375</ele>
        <time>2024-03-17T00:11:02.374Z</time>
      </trkpt>
      <trkpt lat="35.62167998403311" lon="127.53764994442463">
        <ele>893</ele>
        <time>2024-03-17T00:11:33.374Z</time>
      </trkpt>
      <trkpt lat="35.62172994017601" lon="127.5376599188894">
        <ele>891.7999877929688</ele>
        <time>2024-03-17T00:12:04.374Z</time>
      </trkpt>
      <trkpt lat="35.62179992906749" lon="127.53772999159992">
        <ele>890.2000122070312</ele>
        <time>2024-03-17T00:12:36.374Z</time>
      </trkpt>
      <trkpt lat="35.62192993238568" lon="127.53776997327805">
        <ele>887.2000122070312</ele>
        <time>2024-03-17T00:13:07.374Z</time>
      </trkpt>
      <trkpt lat="35.62192993238568" lon="127.53774994052947">
        <ele>887</ele>
        <time>2024-03-17T00:13:38.374Z</time>
      </trkpt>
      <trkpt lat="35.62194996513426" lon="127.53774994052947">
        <ele>886.4000244140625</ele>
        <time>2024-03-17T00:14:10.374Z</time>
      </trkpt>
      <trkpt lat="35.62192993238568" lon="127.5377899222076">
        <ele>887.2000122070312</ele>
        <time>2024-03-17T00:14:41.374Z</time>
      </trkpt>
      <trkpt lat="35.62200997956097" lon="127.53783996216953">
        <ele>885</ele>
        <time>2024-03-17T00:15:13.374Z</time>
      </trkpt>
      <trkpt lat="35.62200997956097" lon="127.5378499366343">
        <ele>884.7999877929688</ele>
        <time>2024-03-17T00:15:44.374Z</time>
      </trkpt>
      <trkpt lat="35.62202992849052" lon="127.5378499366343">
        <ele>884.7999877929688</ele>
        <time>2024-03-17T00:16:15.374Z</time>
      </trkpt>
      <trkpt lat="35.622059935703874" lon="127.53782998770475">
        <ele>883.7999877929688</ele>
        <time>2024-03-17T00:16:47.374Z</time>
      </trkpt>
      <trkpt lat="35.62208994291723" lon="127.53783996216953">
        <ele>883</ele>
        <time>2024-03-17T00:17:18.374Z</time>
      </trkpt>
      <trkpt lat="35.622189939022064" lon="127.53781992942095">
        <ele>879.4000244140625</ele>
        <time>2024-03-17T00:17:50.374Z</time>
      </trkpt>
      <trkpt lat="35.62221994623542" lon="127.53781992942095">
        <ele>878.5999755859375</ele>
        <time>2024-03-17T00:18:21.374Z</time>
      </trkpt>
      <trkpt lat="35.6222899351269" lon="127.53783996216953">
        <ele>877.4000244140625</ele>
        <time>2024-03-17T00:18:52.374Z</time>
      </trkpt>
      <trkpt lat="35.622339975088835" lon="127.53791992552578">
        <ele>877.7999877929688</ele>
        <time>2024-03-17T00:19:24.374Z</time>
      </trkpt>
      <trkpt lat="35.62235992401838" lon="127.53791992552578">
        <ele>877.5999755859375</ele>
        <time>2024-03-17T00:19:55.374Z</time>
      </trkpt>
      <trkpt lat="35.62235992401838" lon="127.53793995827436">
        <ele>877.7999877929688</ele>
        <time>2024-03-17T00:20:27.374Z</time>
      </trkpt>
      <trkpt lat="35.62240996398032" lon="127.53799997270107">
        <ele>878.2000122070312</ele>
        <time>2024-03-17T00:20:58.374Z</time>
      </trkpt>
      <trkpt lat="35.622449945658445" lon="127.53800994716585">
        <ele>878</ele>
        <time>2024-03-17T00:21:30.374Z</time>
      </trkpt>
      <trkpt lat="35.62253996729851" lon="127.53806996159256">
        <ele>878.2000122070312</ele>
        <time>2024-03-17T00:22:01.374Z</time>
      </trkpt>
      <trkpt lat="35.622559916228056" lon="127.53808999434114">
        <ele>878.7999877929688</ele>
        <time>2024-03-17T00:22:33.374Z</time>
      </trkpt>
      <trkpt lat="35.622619930654764" lon="127.53811991773546">
        <ele>879.7999877929688</ele>
        <time>2024-03-17T00:23:04.374Z</time>
      </trkpt>
      <trkpt lat="35.62267994508147" lon="127.53819996491075">
        <ele>882</ele>
        <time>2024-03-17T00:23:36.374Z</time>
      </trkpt>
      <trkpt lat="35.62280994839966" lon="127.53829996101558">
        <ele>885.2000122070312</ele>
        <time>2024-03-17T00:24:07.374Z</time>
      </trkpt>
      <trkpt lat="35.622879937291145" lon="127.53828998655081">
        <ele>886.2000122070312</ele>
        <time>2024-03-17T00:24:39.374Z</time>
      </trkpt>
      <trkpt lat="35.622919918969274" lon="127.53829996101558">
        <ele>887.2000122070312</ele>
        <time>2024-03-17T00:25:10.374Z</time>
      </trkpt>
      <trkpt lat="35.62292997725308" lon="127.53830993548036">
        <ele>887.5999755859375</ele>
        <time>2024-03-17T00:25:42.374Z</time>
      </trkpt>
      <trkpt lat="35.62292997725308" lon="127.53829996101558">
        <ele>887.4000244140625</ele>
        <time>2024-03-17T00:26:13.374Z</time>
      </trkpt>
      <trkpt lat="35.62292997725308" lon="127.53833994269371">
        <ele>888</ele>
        <time>2024-03-17T00:26:45.374Z</time>
      </trkpt>
      <trkpt lat="35.62294992618263" lon="127.53833994269371">
        <ele>888.4000244140625</ele>
        <time>2024-03-17T00:27:16.374Z</time>
      </trkpt>
      <trkpt lat="35.62293995171785" lon="127.53834991715848">
        <ele>888.2000122070312</ele>
        <time>2024-03-17T00:27:48.374Z</time>
      </trkpt>
      <trkpt lat="35.62295998446643" lon="127.53833994269371">
        <ele>888.5999755859375</ele>
        <time>2024-03-17T00:28:19.374Z</time>
      </trkpt>
      <trkpt lat="35.623009940609336" lon="127.53833994269371">
        <ele>889.4000244140625</ele>
        <time>2024-03-17T00:28:51.374Z</time>
      </trkpt>
      <trkpt lat="35.6230999622494" lon="127.53830993548036">
        <ele>891</ele>
        <time>2024-03-17T00:29:22.374Z</time>
      </trkpt>
      <trkpt lat="35.62315997667611" lon="127.53826995380223">
        <ele>891.7999877929688</ele>
        <time>2024-03-17T00:29:54.374Z</time>
      </trkpt>
      <trkpt lat="35.62325997278094" lon="127.53825997933745">
        <ele>893.2000122070312</ele>
        <time>2024-03-17T00:30:25.374Z</time>
      </trkpt>
      <trkpt lat="35.623329961672425" lon="127.53828998655081">
        <ele>894.2000122070312</ele>
        <time>2024-03-17T00:30:57.374Z</time>
      </trkpt>
      <trkpt lat="35.6233399361372" lon="127.53829996101558">
        <ele>894.4000244140625</ele>
        <time>2024-03-17T00:31:28.374Z</time>
      </trkpt>
      <trkpt lat="35.62336994335055" lon="127.538279928267">
        <ele>894.7999877929688</ele>
        <time>2024-03-17T00:32:00.374Z</time>
      </trkpt>
      <trkpt lat="35.62342995777726" lon="127.53817993216217">
        <ele>894.7999877929688</ele>
        <time>2024-03-17T00:32:31.374Z</time>
      </trkpt>
      <trkpt lat="35.62346993945539" lon="127.53813995048404">
        <ele>894.5999755859375</ele>
        <time>2024-03-17T00:33:03.374Z</time>
      </trkpt>
      <trkpt lat="35.6235299538821" lon="127.5380399543792">
        <ele>892.5999755859375</ele>
        <time>2024-03-17T00:33:35.374Z</time>
      </trkpt>
      <trkpt lat="35.62355996109545" lon="127.53801992163062">
        <ele>891.7999877929688</ele>
        <time>2024-03-17T00:34:06.374Z</time>
      </trkpt>
      <trkpt lat="35.62355996109545" lon="127.5379899982363">
        <ele>890.7999877929688</ele>
        <time>2024-03-17T00:34:38.374Z</time>
      </trkpt>
      <trkpt lat="35.62357999384403" lon="127.53796996548772">
        <ele>890.2000122070312</ele>
        <time>2024-03-17T00:35:09.374Z</time>
      </trkpt>
      <trkpt lat="35.623589968308806" lon="127.53792998380959">
        <ele>888.7999877929688</ele>
        <time>2024-03-17T00:35:41.374Z</time>
      </trkpt>
      <trkpt lat="35.623609917238355" lon="127.53789997659624">
        <ele>887.7999877929688</ele>
        <time>2024-03-17T00:36:13.374Z</time>
      </trkpt>
      <trkpt lat="35.623719971627" lon="127.53786996938288">
        <ele>885</ele>
        <time>2024-03-17T00:36:44.374Z</time>
      </trkpt>
      <trkpt lat="35.623719971627" lon="127.5378499366343">
        <ele>884.5999755859375</ele>
        <time>2024-03-17T00:37:16.374Z</time>
      </trkpt>
      <trkpt lat="35.623739920556545" lon="127.53782998770475">
        <ele>884</ele>
        <time>2024-03-17T00:37:47.374Z</time>
      </trkpt>
      <trkpt lat="35.623739920556545" lon="127.53781992942095">
        <ele>883.7999877929688</ele>
        <time>2024-03-17T00:38:19.374Z</time>
      </trkpt>
      <trkpt lat="35.62378996051848" lon="127.53777994774282">
        <ele>882.5999755859375</ele>
        <time>2024-03-17T00:38:51.374Z</time>
      </trkpt>
      <trkpt lat="35.62379993498325" lon="127.53780995495617">
        <ele>883.2000122070312</ele>
        <time>2024-03-17T00:39:22.374Z</time>
      </trkpt>
      <trkpt lat="35.62385994940996" lon="127.53772999159992">
        <ele>879.4000244140625</ele>
        <time>2024-03-17T00:39:54.374Z</time>
      </trkpt>
      <trkpt lat="35.623889956623316" lon="127.53770995885134">
        <ele>878.4000244140625</ele>
        <time>2024-03-17T00:40:26.374Z</time>
      </trkpt>
      <trkpt lat="35.62391996383667" lon="127.53774994052947">
        <ele>880.2000122070312</ele>
        <time>2024-03-17T00:40:57.374Z</time>
      </trkpt>
      <trkpt lat="35.6239599455148" lon="127.53773996606469">
        <ele>879</ele>
        <time>2024-03-17T00:41:29.374Z</time>
      </trkpt>
      <trkpt lat="35.62396991997957" lon="127.53774994052947">
        <ele>879.2000122070312</ele>
        <time>2024-03-17T00:42:00.374Z</time>
      </trkpt>
      <trkpt lat="35.62397997826338" lon="127.53774994052947">
        <ele>879</ele>
        <time>2024-03-17T00:42:32.374Z</time>
      </trkpt>
      <trkpt lat="35.623999927192926" lon="127.53773996606469">
        <ele>878</ele>
        <time>2024-03-17T00:43:04.374Z</time>
      </trkpt>
      <trkpt lat="35.624079974368215" lon="127.53766997717321">
        <ele>873</ele>
        <time>2024-03-17T00:43:35.374Z</time>
      </trkpt>
      <trkpt lat="35.62417997047305" lon="127.53763996995986">
        <ele>871.4000244140625</ele>
        <time>2024-03-17T00:44:07.374Z</time>
      </trkpt>
      <trkpt lat="35.624189944937825" lon="127.53764994442463">
        <ele>871.5999755859375</ele>
        <time>2024-03-17T00:44:39.374Z</time>
      </trkpt>
      <trkpt lat="35.62425993382931" lon="127.53763996995986">
        <ele>868.4000244140625</ele>
        <time>2024-03-17T00:45:10.374Z</time>
      </trkpt>
      <trkpt lat="35.62430997379124" lon="127.53759998828173">
        <ele>865.2000122070312</ele>
        <time>2024-03-17T00:45:42.374Z</time>
      </trkpt>
      <trkpt lat="35.62427996657789" lon="127.5376099627465">
        <ele>866.5999755859375</ele>
        <time>2024-03-17T00:46:14.374Z</time>
      </trkpt>
      <trkpt lat="35.624319948256016" lon="127.53759998828173">
        <ele>865</ele>
        <time>2024-03-17T00:46:46.374Z</time>
      </trkpt>
      <trkpt lat="35.62436998821795" lon="127.53762999549508">
        <ele>864.2000122070312</ele>
        <time>2024-03-17T00:47:17.374Z</time>
      </trkpt>
      <trkpt lat="35.624359929934144" lon="127.53762999549508">
        <ele>864.4000244140625</ele>
        <time>2024-03-17T00:47:49.374Z</time>
      </trkpt>
      <trkpt lat="35.624359929934144" lon="127.53761993721128">
        <ele>864.4000244140625</ele>
        <time>2024-03-17T00:48:21.374Z</time>
      </trkpt>
      <trkpt lat="35.624399995431304" lon="127.5376099627465">
        <ele>863.4000244140625</ele>
        <time>2024-03-17T00:48:52.374Z</time>
      </trkpt>
      <trkpt lat="35.62443997710943" lon="127.53756998106837">
        <ele>862.2000122070312</ele>
        <time>2024-03-17T00:49:24.374Z</time>
      </trkpt>
      <trkpt lat="35.62449999153614" lon="127.53756998106837">
        <ele>860.7999877929688</ele>
        <time>2024-03-17T00:49:56.374Z</time>
      </trkpt>
      <trkpt lat="35.62449999153614" lon="127.53754994831979">
        <ele>860.5999755859375</ele>
        <time>2024-03-17T00:50:28.374Z</time>
      </trkpt>
      <trkpt lat="35.62451994046569" lon="127.53754994831979">
        <ele>860</ele>
        <time>2024-03-17T00:50:59.374Z</time>
      </trkpt>
      <trkpt lat="35.62451994046569" lon="127.53753997385502">
        <ele>860</ele>
        <time>2024-03-17T00:51:31.374Z</time>
      </trkpt>
      <trkpt lat="35.62458992935717" lon="127.53756998106837">
        <ele>858.2000122070312</ele>
        <time>2024-03-17T00:52:03.374Z</time>
      </trkpt>
      <trkpt lat="35.62465991824865" lon="127.53756998106837">
        <ele>856.4000244140625</ele>
        <time>2024-03-17T00:52:34.374Z</time>
      </trkpt>
      <trkpt lat="35.62473996542394" lon="127.53759998828173">
        <ele>854.4000244140625</ele>
        <time>2024-03-17T00:53:06.374Z</time>
      </trkpt>
      <trkpt lat="35.624769972637296" lon="127.53758992999792">
        <ele>853.5999755859375</ele>
        <time>2024-03-17T00:53:38.374Z</time>
      </trkpt>
      <trkpt lat="35.624749939888716" lon="127.53759998828173">
        <ele>854.2000122070312</ele>
        <time>2024-03-17T00:54:10.374Z</time>
      </trkpt>
      <trkpt lat="35.62479997985065" lon="127.53752999939024">
        <ele>853</ele>
        <time>2024-03-17T00:54:41.374Z</time>
      </trkpt>
      <trkpt lat="35.62490995042026" lon="127.53742991946638">
        <ele>847.7999877929688</ele>
        <time>2024-03-17T00:55:13.374Z</time>
      </trkpt>
      <trkpt lat="35.62498999759555" lon="127.53744995221496">
        <ele>847.2000122070312</ele>
        <time>2024-03-17T00:55:45.374Z</time>
      </trkpt>
      <trkpt lat="35.62498999759555" lon="127.53743997775018">
        <ele>847</ele>
        <time>2024-03-17T00:56:17.374Z</time>
      </trkpt>
      <trkpt lat="35.6250099465251" lon="127.5374199450016">
        <ele>846.5999755859375</ele>
        <time>2024-03-17T00:56:49.374Z</time>
      </trkpt>
      <trkpt lat="35.62502997927368" lon="127.53743997775018">
        <ele>847</ele>
        <time>2024-03-17T00:57:20.374Z</time>
      </trkpt>
      <trkpt lat="35.62505998648703" lon="127.53743997775018">
        <ele>846.5999755859375</ele>
        <time>2024-03-17T00:57:52.374Z</time>
      </trkpt>
      <trkpt lat="35.625069960951805" lon="127.53739999607205">
        <ele>845.7999877929688</ele>
        <time>2024-03-17T00:58:24.374Z</time>
      </trkpt>
      <trkpt lat="35.62513994984329" lon="127.53733998164535">
        <ele>843.5999755859375</ele>
        <time>2024-03-17T00:58:56.374Z</time>
      </trkpt>
      <trkpt lat="35.62516995705664" lon="127.53732992336154">
        <ele>843.4000244140625</ele>
        <time>2024-03-17T00:59:28.374Z</time>
      </trkpt>
      <trkpt lat="35.625179931521416" lon="127.53728994168341">
        <ele>843.2000122070312</ele>
        <time>2024-03-17T00:59:59.374Z</time>
      </trkpt>
      <trkpt lat="35.62522997148335" lon="127.53727996721864">
        <ele>842.7999877929688</ele>
        <time>2024-03-17T01:00:31.374Z</time>
      </trkpt>
      <trkpt lat="35.62531999312341" lon="127.53720997832716">
        <ele>841.2000122070312</ele>
        <time>2024-03-17T01:01:03.374Z</time>
      </trkpt>
      <trkpt lat="35.625349916517735" lon="127.53716999664903">
        <ele>839.2000122070312</ele>
        <time>2024-03-17T01:01:35.374Z</time>
      </trkpt>
      <trkpt lat="35.625389982014894" lon="127.5371799711138">
        <ele>838.2000122070312</ele>
        <time>2024-03-17T01:02:07.374Z</time>
      </trkpt>
      <trkpt lat="35.625389982014894" lon="127.53716999664903">
        <ele>838</ele>
        <time>2024-03-17T01:02:39.374Z</time>
      </trkpt>
      <trkpt lat="35.62546994537115" lon="127.53716999664903">
        <ele>835.4000244140625</ele>
        <time>2024-03-17T01:03:10.374Z</time>
      </trkpt>
      <trkpt lat="35.625499952584505" lon="127.5371799711138">
        <ele>834.5999755859375</ele>
        <time>2024-03-17T01:03:42.374Z</time>
      </trkpt>
      <trkpt lat="35.625519985333085" lon="127.53715993836522">
        <ele>833.4000244140625</ele>
        <time>2024-03-17T01:04:14.374Z</time>
      </trkpt>
      <trkpt lat="35.62556994147599" lon="127.53714996390045">
        <ele>831.5999755859375</ele>
        <time>2024-03-17T01:04:46.374Z</time>
      </trkpt>
      <trkpt lat="35.62557999975979" lon="127.53711995668709">
        <ele>830.5999755859375</ele>
        <time>2024-03-17T01:05:18.374Z</time>
      </trkpt>
      <trkpt lat="35.62557999975979" lon="127.53712993115187">
        <ele>830.7999877929688</ele>
        <time>2024-03-17T01:05:50.374Z</time>
      </trkpt>
      <trkpt lat="35.62559994868934" lon="127.53712993115187">
        <ele>830</ele>
        <time>2024-03-17T01:06:22.374Z</time>
      </trkpt>
      <trkpt lat="35.62559994868934" lon="127.53711995668709">
        <ele>829.5999755859375</ele>
        <time>2024-03-17T01:06:53.374Z</time>
      </trkpt>
      <trkpt lat="35.625669937580824" lon="127.53712993115187">
        <ele>826.4000244140625</ele>
        <time>2024-03-17T01:07:25.374Z</time>
      </trkpt>
      <trkpt lat="35.625689970329404" lon="127.53710998222232">
        <ele>824.7999877929688</ele>
        <time>2024-03-17T01:07:57.374Z</time>
      </trkpt>
      <trkpt lat="35.62580999918282" lon="127.53711995668709">
        <ele>819.4000244140625</ele>
        <time>2024-03-17T01:08:29.374Z</time>
      </trkpt>
      <trkpt lat="35.62590999528766" lon="127.53713998943567">
        <ele>816.4000244140625</ele>
        <time>2024-03-17T01:09:01.374Z</time>
      </trkpt>
      <trkpt lat="35.62590999528766" lon="127.53712993115187">
        <ele>816.2000122070312</ele>
        <time>2024-03-17T01:09:33.374Z</time>
      </trkpt>
      <trkpt lat="35.62595995143056" lon="127.53714996390045">
        <ele>815.5999755859375</ele>
        <time>2024-03-17T01:10:05.374Z</time>
      </trkpt>
      <trkpt lat="35.62597998417914" lon="127.53713998943567">
        <ele>815</ele>
        <time>2024-03-17T01:10:37.374Z</time>
      </trkpt>
      <trkpt lat="35.62600999139249" lon="127.53714996390045">
        <ele>814.4000244140625</ele>
        <time>2024-03-17T01:11:08.374Z</time>
      </trkpt>
      <trkpt lat="35.62599993310869" lon="127.53715993836522">
        <ele>814.7999877929688</ele>
        <time>2024-03-17T01:11:40.374Z</time>
      </trkpt>
      <trkpt lat="35.62602994032204" lon="127.53718994557858">
        <ele>814.7999877929688</ele>
        <time>2024-03-17T01:12:12.374Z</time>
      </trkpt>
      <trkpt lat="35.62612993642688" lon="127.53718994557858">
        <ele>812.5999755859375</ele>
        <time>2024-03-17T01:12:44.374Z</time>
      </trkpt>
      <trkpt lat="35.62610998749733" lon="127.53716999664903">
        <ele>812.7999877929688</ele>
        <time>2024-03-17T01:13:16.374Z</time>
      </trkpt>
      <trkpt lat="35.62612993642688" lon="127.53716999664903">
        <ele>812.4000244140625</ele>
        <time>2024-03-17T01:13:48.374Z</time>
      </trkpt>
      <trkpt lat="35.62617997638881" lon="127.53719992004335">
        <ele>812.5999755859375</ele>
        <time>2024-03-17T01:14:20.374Z</time>
      </trkpt>
      <trkpt lat="35.626229932531714" lon="127.53724996000528">
        <ele>813.2000122070312</ele>
        <time>2024-03-17T01:14:52.374Z</time>
      </trkpt>
      <trkpt lat="35.626229932531714" lon="127.53725993447006">
        <ele>813.2000122070312</ele>
        <time>2024-03-17T01:15:24.374Z</time>
      </trkpt>
      <trkpt lat="35.62628994695842" lon="127.53729999996722">
        <ele>813</ele>
        <time>2024-03-17T01:15:56.374Z</time>
      </trkpt>
      <trkpt lat="35.6262999214232" lon="127.53728994168341">
        <ele>813.2000122070312</ele>
        <time>2024-03-17T01:16:28.374Z</time>
      </trkpt>
      <trkpt lat="35.62628994695842" lon="127.53727996721864">
        <ele>813.2000122070312</ele>
        <time>2024-03-17T01:17:00.374Z</time>
      </trkpt>
      <trkpt lat="35.62632992863655" lon="127.53730997443199">
        <ele>813.2000122070312</ele>
        <time>2024-03-17T01:17:32.374Z</time>
      </trkpt>
      <trkpt lat="35.62632992863655" lon="127.53732992336154">
        <ele>813</ele>
        <time>2024-03-17T01:18:04.374Z</time>
      </trkpt>
      <trkpt lat="35.62634996138513" lon="127.53732992336154">
        <ele>813</ele>
        <time>2024-03-17T01:18:36.374Z</time>
      </trkpt>
      <trkpt lat="35.62632992863655" lon="127.53734995611012">
        <ele>812.7999877929688</ele>
        <time>2024-03-17T01:19:08.374Z</time>
      </trkpt>
      <trkpt lat="35.62639991752803" lon="127.5373599305749">
        <ele>813</ele>
        <time>2024-03-17T01:19:40.374Z</time>
      </trkpt>
      <trkpt lat="35.62638994306326" lon="127.5373599305749">
        <ele>813</ele>
        <time>2024-03-17T01:20:12.374Z</time>
      </trkpt>
      <trkpt lat="35.62638994306326" lon="127.53737996332347">
        <ele>812.7999877929688</ele>
        <time>2024-03-17T01:20:44.374Z</time>
      </trkpt>
      <trkpt lat="35.62640997581184" lon="127.53740997053683">
        <ele>812.5999755859375</ele>
        <time>2024-03-17T01:21:15.374Z</time>
      </trkpt>
      <trkpt lat="35.62640997581184" lon="127.5373699888587">
        <ele>813</ele>
        <time>2024-03-17T01:21:47.374Z</time>
      </trkpt>
      <trkpt lat="35.62641995027661" lon="127.5373699888587">
        <ele>813</ele>
        <time>2024-03-17T01:22:19.374Z</time>
      </trkpt>
      <trkpt lat="35.62643998302519" lon="127.5374199450016">
        <ele>812.5999755859375</ele>
        <time>2024-03-17T01:22:51.374Z</time>
      </trkpt>
      <trkpt lat="35.626489939168096" lon="127.53745992667973">
        <ele>812.4000244140625</ele>
        <time>2024-03-17T01:23:23.374Z</time>
      </trkpt>
      <trkpt lat="35.626489939168096" lon="127.53750996664166">
        <ele>812</ele>
        <time>2024-03-17T01:23:55.374Z</time>
      </trkpt>
      <trkpt lat="35.62647996470332" lon="127.53751994110644">
        <ele>811.7999877929688</ele>
        <time>2024-03-17T01:24:27.374Z</time>
      </trkpt>
      <trkpt lat="35.62647996470332" lon="127.53749999217689">
        <ele>812</ele>
        <time>2024-03-17T01:24:59.374Z</time>
      </trkpt>
      <trkpt lat="35.626489939168096" lon="127.53751994110644">
        <ele>811.7999877929688</ele>
        <time>2024-03-17T01:25:31.374Z</time>
      </trkpt>
      <trkpt lat="35.626509971916676" lon="127.53753997385502">
        <ele>811.4000244140625</ele>
        <time>2024-03-17T01:26:03.374Z</time>
      </trkpt>
      <trkpt lat="35.626549953594804" lon="127.53755992278457">
        <ele>811.2000122070312</ele>
        <time>2024-03-17T01:26:35.374Z</time>
      </trkpt>
      <trkpt lat="35.626549953594804" lon="127.53754994831979">
        <ele>811.2000122070312</ele>
        <time>2024-03-17T01:27:07.374Z</time>
      </trkpt>
      <trkpt lat="35.62655992805958" lon="127.53756998106837">
        <ele>811</ele>
        <time>2024-03-17T01:27:39.374Z</time>
      </trkpt>
      <trkpt lat="35.626619942486286" lon="127.53759998828173">
        <ele>810.4000244140625</ele>
        <time>2024-03-17T01:28:11.374Z</time>
      </trkpt>
      <trkpt lat="35.62660996802151" lon="127.53759998828173">
        <ele>810.4000244140625</ele>
        <time>2024-03-17T01:28:43.374Z</time>
      </trkpt>
      <trkpt lat="35.626659924164414" lon="127.53764994442463">
        <ele>809.4000244140625</ele>
        <time>2024-03-17T01:29:15.374Z</time>
      </trkpt>
      <trkpt lat="35.626659924164414" lon="127.5376599188894">
        <ele>809.4000244140625</ele>
        <time>2024-03-17T01:29:48.374Z</time>
      </trkpt>
      <trkpt lat="35.62664994969964" lon="127.5376599188894">
        <ele>809.4000244140625</ele>
        <time>2024-03-17T01:30:20.374Z</time>
      </trkpt>
      <trkpt lat="35.626659924164414" lon="127.5376599188894">
        <ele>809.4000244140625</ele>
        <time>2024-03-17T01:30:52.374Z</time>
      </trkpt>
      <trkpt lat="35.626699989661574" lon="127.53772999159992">
        <ele>808</ele>
        <time>2024-03-17T01:31:24.374Z</time>
      </trkpt>
      <trkpt lat="35.62670996412635" lon="127.53777994774282">
        <ele>807</ele>
        <time>2024-03-17T01:31:56.374Z</time>
      </trkpt>
      <trkpt lat="35.62672999687493" lon="127.5377999804914">
        <ele>806.2000122070312</ele>
        <time>2024-03-17T01:32:28.374Z</time>
      </trkpt>
      <trkpt lat="35.62689998187125" lon="127.53788991831243">
        <ele>800.5999755859375</ele>
        <time>2024-03-17T01:33:00.374Z</time>
      </trkpt>
      <trkpt lat="35.6269299890846" lon="127.53792998380959">
        <ele>798.7999877929688</ele>
        <time>2024-03-17T01:33:32.374Z</time>
      </trkpt>
      <trkpt lat="35.626959996297956" lon="127.53794993273914">
        <ele>797.7999877929688</ele>
        <time>2024-03-17T01:34:04.374Z</time>
      </trkpt>
      <trkpt lat="35.626979945227504" lon="127.53794993273914">
        <ele>797.4000244140625</ele>
        <time>2024-03-17T01:34:36.374Z</time>
      </trkpt>
      <trkpt lat="35.62696997076273" lon="127.53793995827436">
        <ele>797.7999877929688</ele>
        <time>2024-03-17T01:35:08.374Z</time>
      </trkpt>
      <trkpt lat="35.62696997076273" lon="127.53792998380959">
        <ele>798</ele>
        <time>2024-03-17T01:35:40.374Z</time>
      </trkpt>
      <trkpt lat="35.626939963549376" lon="127.53793995827436">
        <ele>798.4000244140625</ele>
        <time>2024-03-17T01:36:12.374Z</time>
      </trkpt>
      <trkpt lat="35.6269299890846" lon="127.53790995106101">
        <ele>799.4000244140625</ele>
        <time>2024-03-17T01:36:44.374Z</time>
      </trkpt>
      <trkpt lat="35.62696997076273" lon="127.53790995106101">
        <ele>798.5999755859375</ele>
        <time>2024-03-17T01:37:16.374Z</time>
      </trkpt>
      <trkpt lat="35.627049934118986" lon="127.53794993273914">
        <ele>797.5999755859375</ele>
        <time>2024-03-17T01:37:48.374Z</time>
      </trkpt>
      <trkpt lat="35.62713995575905" lon="127.53795999102294">
        <ele>797.5999755859375</ele>
        <time>2024-03-17T01:38:21.374Z</time>
      </trkpt>
      <trkpt lat="35.62724992632866" lon="127.53793995827436">
        <ele>796.4000244140625</ele>
        <time>2024-03-17T01:38:53.374Z</time>
      </trkpt>
      <trkpt lat="35.627349922433496" lon="127.53787994384766">
        <ele>797</ele>
        <time>2024-03-17T01:39:25.374Z</time>
      </trkpt>
      <trkpt lat="35.627539940178394" lon="127.53781992942095">
        <ele>793.2000122070312</ele>
        <time>2024-03-17T01:39:57.374Z</time>
      </trkpt>
      <trkpt lat="35.62777999788523" lon="127.53783996216953">
        <ele>790.5999755859375</ele>
        <time>2024-03-17T01:40:29.374Z</time>
      </trkpt>
      <trkpt lat="35.62786993570626" lon="127.53788991831243">
        <ele>791</ele>
        <time>2024-03-17T01:41:01.374Z</time>
      </trkpt>
      <trkpt lat="35.62788996845484" lon="127.53788991831243">
        <ele>791</ele>
        <time>2024-03-17T01:41:33.374Z</time>
      </trkpt>
      <trkpt lat="35.627909917384386" lon="127.53790995106101">
        <ele>791.2000122070312</ele>
        <time>2024-03-17T01:42:06.374Z</time>
      </trkpt>
      <trkpt lat="35.627909917384386" lon="127.53789997659624">
        <ele>791</ele>
        <time>2024-03-17T01:42:38.374Z</time>
      </trkpt>
      <trkpt lat="35.62795995734632" lon="127.53789997659624">
        <ele>791</ele>
        <time>2024-03-17T01:43:10.374Z</time>
      </trkpt>
      <trkpt lat="35.62806992791593" lon="127.53793995827436">
        <ele>791.7999877929688</ele>
        <time>2024-03-17T01:43:42.374Z</time>
      </trkpt>
      <trkpt lat="35.62806992791593" lon="127.53794993273914">
        <ele>792</ele>
        <time>2024-03-17T01:44:14.374Z</time>
      </trkpt>
      <trkpt lat="35.62810999341309" lon="127.53794993273914">
        <ele>792</ele>
        <time>2024-03-17T01:44:47.374Z</time>
      </trkpt>
      <trkpt lat="35.62810999341309" lon="127.53793995827436">
        <ele>791.7999877929688</ele>
        <time>2024-03-17T01:45:19.374Z</time>
      </trkpt>
      <trkpt lat="35.62812994234264" lon="127.53795999102294">
        <ele>792</ele>
        <time>2024-03-17T01:45:51.374Z</time>
      </trkpt>
      <trkpt lat="35.62817998230457" lon="127.53793995827436">
        <ele>791.7999877929688</ele>
        <time>2024-03-17T01:46:23.374Z</time>
      </trkpt>
      <trkpt lat="35.62816992402077" lon="127.53794993273914">
        <ele>792</ele>
        <time>2024-03-17T01:46:55.374Z</time>
      </trkpt>
      <trkpt lat="35.62816992402077" lon="127.53795999102294">
        <ele>792</ele>
        <time>2024-03-17T01:47:28.374Z</time>
      </trkpt>
      <trkpt lat="35.62814997509122" lon="127.53796996548772">
        <ele>792.2000122070312</ele>
        <time>2024-03-17T01:48:00.374Z</time>
      </trkpt>
      <trkpt lat="35.62814997509122" lon="127.53797993995249">
        <ele>792.4000244140625</ele>
        <time>2024-03-17T01:48:32.374Z</time>
      </trkpt>
      <trkpt lat="35.62815994955599" lon="127.5379899982363">
        <ele>792.5999755859375</ele>
        <time>2024-03-17T01:49:04.374Z</time>
      </trkpt>
      <trkpt lat="35.62819993123412" lon="127.53799997270107">
        <ele>792.7999877929688</ele>
        <time>2024-03-17T01:49:37.374Z</time>
      </trkpt>
      <trkpt lat="35.62833999283612" lon="127.53796996548772">
        <ele>792.7999877929688</ele>
        <time>2024-03-17T01:50:09.374Z</time>
      </trkpt>
      <trkpt lat="35.62842993065715" lon="127.53791992552578">
        <ele>792.5999755859375</ele>
        <time>2024-03-17T01:50:41.374Z</time>
      </trkpt>
      <trkpt lat="35.62847997061908" lon="127.53790995106101">
        <ele>792.7999877929688</ele>
        <time>2024-03-17T01:51:13.374Z</time>
      </trkpt>
      <trkpt lat="35.62851995229721" lon="127.53785999491811">
        <ele>792</ele>
        <time>2024-03-17T01:51:46.374Z</time>
      </trkpt>
      <trkpt lat="35.62857996672392" lon="127.53774994052947">
        <ele>788.5999755859375</ele>
        <time>2024-03-17T01:52:18.374Z</time>
      </trkpt>
      <trkpt lat="35.6285999994725" lon="127.53774994052947">
        <ele>788.5999755859375</ele>
        <time>2024-03-17T01:52:50.374Z</time>
      </trkpt>
      <trkpt lat="35.62858994118869" lon="127.53774994052947">
        <ele>788.5999755859375</ele>
        <time>2024-03-17T01:53:22.374Z</time>
      </trkpt>
      <trkpt lat="35.6286499556154" lon="127.53770995885134">
        <ele>786.5999755859375</ele>
        <time>2024-03-17T01:53:55.374Z</time>
      </trkpt>
      <trkpt lat="35.62863998115063" lon="127.53769998438656">
        <ele>786.2000122070312</ele>
        <time>2024-03-17T01:54:27.374Z</time>
      </trkpt>
      <trkpt lat="35.628659930080175" lon="127.53768992610276">
        <ele>785.2000122070312</ele>
        <time>2024-03-17T01:54:59.374Z</time>
      </trkpt>
      <trkpt lat="35.628659930080175" lon="127.53766997717321">
        <ele>784.2000122070312</ele>
        <time>2024-03-17T01:55:32.374Z</time>
      </trkpt>
      <trkpt lat="35.62866998836398" lon="127.53766997717321">
        <ele>783.7999877929688</ele>
        <time>2024-03-17T01:56:04.374Z</time>
      </trkpt>
      <trkpt lat="35.628679962828755" lon="127.53763996995986">
        <ele>781.7999877929688</ele>
        <time>2024-03-17T01:56:36.374Z</time>
      </trkpt>
      <trkpt lat="35.62870997004211" lon="127.53761993721128">
        <ele>779.5999755859375</ele>
        <time>2024-03-17T01:57:08.374Z</time>
      </trkpt>
      <trkpt lat="35.628719944506884" lon="127.53761993721128">
        <ele>779.2000122070312</ele>
        <time>2024-03-17T01:57:41.374Z</time>
      </trkpt>
      <trkpt lat="35.628809966146946" lon="127.53752999939024">
        <ele>775.4000244140625</ele>
        <time>2024-03-17T01:58:13.374Z</time>
      </trkpt>
      <trkpt lat="35.62881994061172" lon="127.53749999217689">
        <ele>774</ele>
        <time>2024-03-17T01:58:45.374Z</time>
      </trkpt>
      <trkpt lat="35.62889998778701" lon="127.53742991946638">
        <ele>770.5999755859375</ele>
        <time>2024-03-17T01:59:18.374Z</time>
      </trkpt>
      <trkpt lat="35.62891993671656" lon="127.53737996332347">
        <ele>769.2000122070312</ele>
        <time>2024-03-17T01:59:50.374Z</time>
      </trkpt>
      <trkpt lat="35.62893996946514" lon="127.5373599305749">
        <ele>768</ele>
        <time>2024-03-17T02:00:22.374Z</time>
      </trkpt>
      <trkpt lat="35.62898992560804" lon="127.5373699888587">
        <ele>766.4000244140625</ele>
        <time>2024-03-17T02:00:55.374Z</time>
      </trkpt>
      <trkpt lat="35.62900995835662" lon="127.5373599305749">
        <ele>765.2000122070312</ele>
        <time>2024-03-17T02:01:27.374Z</time>
      </trkpt>
      <trkpt lat="35.629089921712875" lon="127.5372299272567">
        <ele>760.2000122070312</ele>
        <time>2024-03-17T02:01:59.374Z</time>
      </trkpt>
      <trkpt lat="35.629089921712875" lon="127.53723998554051">
        <ele>760.5999755859375</ele>
        <time>2024-03-17T02:02:32.374Z</time>
      </trkpt>
      <trkpt lat="35.629269964993" lon="127.53712993115187">
        <ele>752.2000122070312</ele>
        <time>2024-03-17T02:03:04.374Z</time>
      </trkpt>
      <trkpt lat="35.6293199211359" lon="127.53710998222232">
        <ele>749.7999877929688</ele>
        <time>2024-03-17T02:03:36.374Z</time>
      </trkpt>
      <trkpt lat="35.62935998663306" lon="127.53706991672516">
        <ele>747.7999877929688</ele>
        <time>2024-03-17T02:04:09.374Z</time>
      </trkpt>
      <trkpt lat="35.62941991724074" lon="127.53706991672516">
        <ele>747</ele>
        <time>2024-03-17T02:04:41.374Z</time>
      </trkpt>
      <trkpt lat="35.62944992445409" lon="127.53704996779561">
        <ele>746.2000122070312</ele>
        <time>2024-03-17T02:05:14.374Z</time>
      </trkpt>
      <trkpt lat="35.62948998995125" lon="127.53704996779561">
        <ele>745.4000244140625</ele>
        <time>2024-03-17T02:05:46.374Z</time>
      </trkpt>
      <trkpt lat="35.62947993166745" lon="127.53703999333084">
        <ele>745.5999755859375</ele>
        <time>2024-03-17T02:06:18.374Z</time>
      </trkpt>
      <trkpt lat="35.62949996441603" lon="127.53702993504703">
        <ele>744.5999755859375</ele>
        <time>2024-03-17T02:06:51.374Z</time>
      </trkpt>
      <trkpt lat="35.62954992055893" lon="127.53702993504703">
        <ele>742.7999877929688</ele>
        <time>2024-03-17T02:07:23.374Z</time>
      </trkpt>
      <trkpt lat="35.629559978842735" lon="127.53700998611748">
        <ele>742.4000244140625</ele>
        <time>2024-03-17T02:07:56.374Z</time>
      </trkpt>
      <trkpt lat="35.62965997494757" lon="127.5369899533689">
        <ele>739.2000122070312</ele>
        <time>2024-03-17T02:08:28.374Z</time>
      </trkpt>
      <trkpt lat="35.62967992387712" lon="127.53696992062032">
        <ele>738.4000244140625</ele>
        <time>2024-03-17T02:09:00.374Z</time>
      </trkpt>
      <trkpt lat="35.62971998937428" lon="127.53696992062032">
        <ele>737.2000122070312</ele>
        <time>2024-03-17T02:09:33.374Z</time>
      </trkpt>
      <trkpt lat="35.62973993830383" lon="127.536939997226">
        <ele>735.5999755859375</ele>
        <time>2024-03-17T02:10:05.374Z</time>
      </trkpt>
      <trkpt lat="35.629819985479116" lon="127.53691996447742">
        <ele>734.4000244140625</ele>
        <time>2024-03-17T02:10:38.374Z</time>
      </trkpt>
      <trkpt lat="35.62986994162202" lon="127.53691996447742">
        <ele>733.5999755859375</ele>
        <time>2024-03-17T02:11:10.374Z</time>
      </trkpt>
      <trkpt lat="35.62991998158395" lon="127.53689993172884">
        <ele>732.4000244140625</ele>
        <time>2024-03-17T02:11:43.374Z</time>
      </trkpt>
      <trkpt lat="35.63001997768879" lon="127.53682994283736">
        <ele>730</ele>
        <time>2024-03-17T02:12:15.374Z</time>
      </trkpt>
      <trkpt lat="35.63000991940498" lon="127.53682994283736">
        <ele>730</ele>
        <time>2024-03-17T02:12:48.374Z</time>
      </trkpt>
      <trkpt lat="35.63001997768879" lon="127.53681996837258">
        <ele>729.7999877929688</ele>
        <time>2024-03-17T02:13:20.374Z</time>
      </trkpt>
      <trkpt lat="35.6301299482584" lon="127.53677998669446">
        <ele>726.2000122070312</ele>
        <time>2024-03-17T02:13:52.374Z</time>
      </trkpt>
      <trkpt lat="35.63020999543369" lon="127.53670999780297">
        <ele>725.5999755859375</ele>
        <time>2024-03-17T02:14:25.374Z</time>
      </trkpt>
      <trkpt lat="35.63021996989846" lon="127.53668996505439">
        <ele>725.5999755859375</ele>
        <time>2024-03-17T02:14:57.374Z</time>
      </trkpt>
      <trkpt lat="35.63025995157659" lon="127.53665995784104">
        <ele>724.5999755859375</ele>
        <time>2024-03-17T02:15:30.374Z</time>
      </trkpt>
      <trkpt lat="35.63033999875188" lon="127.53665995784104">
        <ele>723.5999755859375</ele>
        <time>2024-03-17T02:16:02.374Z</time>
      </trkpt>
      <trkpt lat="35.63032994046807" lon="127.53666993230581">
        <ele>724.2000122070312</ele>
        <time>2024-03-17T02:16:35.374Z</time>
      </trkpt>
      <trkpt lat="35.6303699221462" lon="127.53664998337626">
        <ele>722.4000244140625</ele>
        <time>2024-03-17T02:17:07.374Z</time>
      </trkpt>
      <trkpt lat="35.630399929359555" lon="127.53661997616291">
        <ele>720.4000244140625</ele>
        <time>2024-03-17T02:17:40.374Z</time>
      </trkpt>
      <trkpt lat="35.63040998764336" lon="127.53662995062768">
        <ele>720.5999755859375</ele>
        <time>2024-03-17T02:18:12.374Z</time>
      </trkpt>
      <trkpt lat="35.6305599398911" lon="127.53666993230581">
        <ele>717.5999755859375</ele>
        <time>2024-03-17T02:18:45.374Z</time>
      </trkpt>
      <trkpt lat="35.63062992878258" lon="127.53669993951917">
        <ele>715.7999877929688</ele>
        <time>2024-03-17T02:19:18.374Z</time>
      </trkpt>
      <trkpt lat="35.630739983171225" lon="127.53670999780297">
        <ele>712.4000244140625</ele>
        <time>2024-03-17T02:19:50.374Z</time>
      </trkpt>
      <trkpt lat="35.630749957636" lon="127.53671997226775">
        <ele>712</ele>
        <time>2024-03-17T02:20:23.374Z</time>
      </trkpt>
      <trkpt lat="35.630999989807606" lon="127.5367499794811">
        <ele>703.5999755859375</ele>
        <time>2024-03-17T02:20:55.374Z</time>
      </trkpt>
      <trkpt lat="35.631039971485734" lon="127.53672994673252">
        <ele>703</ele>
        <time>2024-03-17T02:21:28.374Z</time>
      </trkpt>
      <trkpt lat="35.63105992041528" lon="127.53669993951917">
        <ele>702.7999877929688</ele>
        <time>2024-03-17T02:22:00.374Z</time>
      </trkpt>
      <trkpt lat="35.631089927628636" lon="127.53667999058962">
        <ele>702.4000244140625</ele>
        <time>2024-03-17T02:22:33.374Z</time>
      </trkpt>
      <trkpt lat="35.631129993125796" lon="127.53667999058962">
        <ele>701.4000244140625</ele>
        <time>2024-03-17T02:23:06.374Z</time>
      </trkpt>
      <trkpt lat="35.63113996759057" lon="127.53664998337626">
        <ele>700.4000244140625</ele>
        <time>2024-03-17T02:23:38.374Z</time>
      </trkpt>
      <trkpt lat="35.6311799492687" lon="127.53663992509246">
        <ele>698.7999877929688</ele>
        <time>2024-03-17T02:24:11.374Z</time>
      </trkpt>
      <trkpt lat="35.63118992373347" lon="127.53661997616291">
        <ele>697.7999877929688</ele>
        <time>2024-03-17T02:24:43.374Z</time>
      </trkpt>
      <trkpt lat="35.63121993094683" lon="127.5366099178791">
        <ele>696.4000244140625</ele>
        <time>2024-03-17T02:25:16.374Z</time>
      </trkpt>
      <trkpt lat="35.63124993816018" lon="127.53657999448478">
        <ele>694.5999755859375</ele>
        <time>2024-03-17T02:25:48.374Z</time>
      </trkpt>
      <trkpt lat="35.63126997090876" lon="127.53656993620098">
        <ele>693.5999755859375</ele>
        <time>2024-03-17T02:26:21.374Z</time>
      </trkpt>
      <trkpt lat="35.63128991983831" lon="127.53651998005807">
        <ele>691.7999877929688</ele>
        <time>2024-03-17T02:26:54.374Z</time>
      </trkpt>
      <trkpt lat="35.63132998533547" lon="127.53647999837995">
        <ele>690.5999755859375</ele>
        <time>2024-03-17T02:27:26.374Z</time>
      </trkpt>
      <trkpt lat="35.6313699670136" lon="127.53647999837995">
        <ele>689.7999877929688</ele>
        <time>2024-03-17T02:27:59.374Z</time>
      </trkpt>
      <trkpt lat="35.6313699670136" lon="127.53646994009614">
        <ele>689.7999877929688</ele>
        <time>2024-03-17T02:28:32.374Z</time>
      </trkpt>
      <trkpt lat="35.63137994147837" lon="127.53645996563137">
        <ele>689.4000244140625</ele>
        <time>2024-03-17T02:29:04.374Z</time>
      </trkpt>
      <trkpt lat="35.631489995867014" lon="127.53640992566943">
        <ele>687</ele>
        <time>2024-03-17T02:29:37.374Z</time>
      </trkpt>
      <trkpt lat="35.63168998807669" lon="127.53638997673988">
        <ele>683.7999877929688</ele>
        <time>2024-03-17T02:30:09.374Z</time>
      </trkpt>
      <trkpt lat="35.63167992979288" lon="127.53639995120466">
        <ele>684.4000244140625</ele>
        <time>2024-03-17T02:30:42.374Z</time>
      </trkpt>
      <trkpt lat="35.63169996254146" lon="127.53637991845608">
        <ele>683.4000244140625</ele>
        <time>2024-03-17T02:31:15.374Z</time>
      </trkpt>
      <trkpt lat="35.63173994421959" lon="127.53635996952653">
        <ele>682</ele>
        <time>2024-03-17T02:31:47.374Z</time>
      </trkpt>
      <trkpt lat="35.63180993311107" lon="127.53633993677795">
        <ele>679.7999877929688</ele>
        <time>2024-03-17T02:32:20.374Z</time>
      </trkpt>
      <trkpt lat="35.631879922002554" lon="127.53634999506176">
        <ele>678.5999755859375</ele>
        <time>2024-03-17T02:32:53.374Z</time>
      </trkpt>
      <trkpt lat="35.63188998028636" lon="127.53635996952653">
        <ele>678.7999877929688</ele>
        <time>2024-03-17T02:33:25.374Z</time>
      </trkpt>
      <trkpt lat="35.63188998028636" lon="127.53633993677795">
        <ele>678</ele>
        <time>2024-03-17T02:33:58.374Z</time>
      </trkpt>
      <trkpt lat="35.63190992921591" lon="127.53632996231318">
        <ele>677.4000244140625</ele>
        <time>2024-03-17T02:34:31.374Z</time>
      </trkpt>
      <trkpt lat="35.63194999471307" lon="127.53635996952653">
        <ele>677.5999755859375</ele>
        <time>2024-03-17T02:35:04.374Z</time>
      </trkpt>
      <trkpt lat="35.63195996917784" lon="127.53634999506176">
        <ele>677.2000122070312</ele>
        <time>2024-03-17T02:35:36.374Z</time>
      </trkpt>
      <trkpt lat="35.6320399325341" lon="127.53634999506176">
        <ele>676</ele>
        <time>2024-03-17T02:36:09.374Z</time>
      </trkpt>
      <trkpt lat="35.63211997970939" lon="127.53635996952653">
        <ele>674.7999877929688</ele>
        <time>2024-03-17T02:36:42.374Z</time>
      </trkpt>
      <trkpt lat="35.63220991753042" lon="127.53632996231318">
        <ele>672.7999877929688</ele>
        <time>2024-03-17T02:37:14.374Z</time>
      </trkpt>
      <trkpt lat="35.63224998302758" lon="127.53627992235124">
        <ele>672.2000122070312</ele>
        <time>2024-03-17T02:37:47.374Z</time>
      </trkpt>
      <trkpt lat="35.632289964705706" lon="127.53620993345976">
        <ele>671.4000244140625</ele>
        <time>2024-03-17T02:38:20.374Z</time>
      </trkpt>
      <trkpt lat="35.632459949702024" lon="127.53602997399867">
        <ele>669.4000244140625</ele>
        <time>2024-03-17T02:38:53.374Z</time>
      </trkpt>
      <trkpt lat="35.63250998966396" lon="127.53591991961002">
        <ele>670.4000244140625</ele>
        <time>2024-03-17T02:39:25.374Z</time>
      </trkpt>
      <trkpt lat="35.63253999687731" lon="127.53589997068048">
        <ele>670.7999877929688</ele>
        <time>2024-03-17T02:39:58.374Z</time>
      </trkpt>
      <trkpt lat="35.63264996744692" lon="127.53572998568416">
        <ele>669</ele>
        <time>2024-03-17T02:40:31.374Z</time>
      </trkpt>
      <trkpt lat="35.63280997797847" lon="127.53559998236597">
        <ele>669</ele>
        <time>2024-03-17T02:41:04.374Z</time>
      </trkpt>
      <trkpt lat="35.632849959656596" lon="127.53558992408216">
        <ele>669</ele>
        <time>2024-03-17T02:41:36.374Z</time>
      </trkpt>
      <trkpt lat="35.63297996297479" lon="127.53558992408216">
        <ele>669.4000244140625</ele>
        <time>2024-03-17T02:42:09.374Z</time>
      </trkpt>
      <trkpt lat="35.6330899335444" lon="127.53557994961739">
        <ele>669.7999877929688</ele>
        <time>2024-03-17T02:42:42.374Z</time>
      </trkpt>
      <trkpt lat="35.63315992243588" lon="127.5355599168688">
        <ele>670.7999877929688</ele>
        <time>2024-03-17T02:43:15.374Z</time>
      </trkpt>
      <trkpt lat="35.63342998735607" lon="127.5354499462992">
        <ele>674.2000122070312</ele>
        <time>2024-03-17T02:43:48.374Z</time>
      </trkpt>
      <trkpt lat="35.63347994349897" lon="127.53540996462107">
        <ele>675</ele>
        <time>2024-03-17T02:44:21.374Z</time>
      </trkpt>
      <trkpt lat="35.6335299834609" lon="127.53538993187249">
        <ele>676.2000122070312</ele>
        <time>2024-03-17T02:44:54.374Z</time>
      </trkpt>
      <trkpt lat="35.63355999067426" lon="127.53535992465913">
        <ele>677.5999755859375</ele>
        <time>2024-03-17T02:45:26.374Z</time>
      </trkpt>
      <trkpt lat="35.633639954030514" lon="127.535319942981">
        <ele>680.2000122070312</ele>
        <time>2024-03-17T02:45:59.374Z</time>
      </trkpt>
      <trkpt lat="35.633659986779094" lon="127.535319942981">
        <ele>680.4000244140625</ele>
        <time>2024-03-17T02:46:32.374Z</time>
      </trkpt>
      <trkpt lat="35.63373995013535" lon="127.5352699868381">
        <ele>682.2000122070312</ele>
        <time>2024-03-17T02:47:05.374Z</time>
      </trkpt>
      <trkpt lat="35.633789990097284" lon="127.5352599285543">
        <ele>682.7999877929688</ele>
        <time>2024-03-17T02:47:38.374Z</time>
      </trkpt>
      <trkpt lat="35.63383994624019" lon="127.53521994687617">
        <ele>683</ele>
        <time>2024-03-17T02:48:11.374Z</time>
      </trkpt>
      <trkpt lat="35.63396994955838" lon="127.53514995798469">
        <ele>683.4000244140625</ele>
        <time>2024-03-17T02:48:44.374Z</time>
      </trkpt>
      <trkpt lat="35.634069945663214" lon="127.53510997630656">
        <ele>683.2000122070312</ele>
        <time>2024-03-17T02:49:17.374Z</time>
      </trkpt>
      <trkpt lat="35.63409995287657" lon="127.53510997630656">
        <ele>683.5999755859375</ele>
        <time>2024-03-17T02:49:50.374Z</time>
      </trkpt>
      <trkpt lat="35.63411998562515" lon="127.53509991802275">
        <ele>683.7999877929688</ele>
        <time>2024-03-17T02:50:23.374Z</time>
      </trkpt>
      <trkpt lat="35.634139934554696" lon="127.53505993634462">
        <ele>684.2000122070312</ele>
        <time>2024-03-17T02:50:56.374Z</time>
      </trkpt>
      <trkpt lat="35.634199948981404" lon="127.53500998020172">
        <ele>685</ele>
        <time>2024-03-17T02:51:29.374Z</time>
      </trkpt>
      <trkpt lat="35.63425996340811" lon="127.53499992191792">
        <ele>686.5999755859375</ele>
        <time>2024-03-17T02:52:02.374Z</time>
      </trkpt>
      <trkpt lat="35.63428997062147" lon="127.53497997298837">
        <ele>687.5999755859375</ele>
        <time>2024-03-17T02:52:35.374Z</time>
      </trkpt>
      <trkpt lat="35.63433992676437" lon="127.53490998409688">
        <ele>689.5999755859375</ele>
        <time>2024-03-17T02:53:08.374Z</time>
      </trkpt>
      <trkpt lat="35.63440999947488" lon="127.5348899513483">
        <ele>692.4000244140625</ele>
        <time>2024-03-17T02:53:41.374Z</time>
      </trkpt>
      <trkpt lat="35.63440999947488" lon="127.53487997688353">
        <ele>692.4000244140625</ele>
        <time>2024-03-17T02:54:14.374Z</time>
      </trkpt>
      <trkpt lat="35.634499937295914" lon="127.5348399952054">
        <ele>696.5999755859375</ele>
        <time>2024-03-17T02:54:47.374Z</time>
      </trkpt>
      <trkpt lat="35.63452994450927" lon="127.53480998799205">
        <ele>697.7999877929688</ele>
        <time>2024-03-17T02:55:20.374Z</time>
      </trkpt>
      <trkpt lat="35.63453991897404" lon="127.5348299369216">
        <ele>697.5999755859375</ele>
        <time>2024-03-17T02:55:53.374Z</time>
      </trkpt>
      <trkpt lat="35.63459993340075" lon="127.53476992249489">
        <ele>699.7999877929688</ele>
        <time>2024-03-17T02:56:26.374Z</time>
      </trkpt>
      <trkpt lat="35.63466992229223" lon="127.53472994081676">
        <ele>701.4000244140625</ele>
        <time>2024-03-17T02:56:59.374Z</time>
      </trkpt>
      <trkpt lat="35.63468995504081" lon="127.53470999188721">
        <ele>701.7999877929688</ele>
        <time>2024-03-17T02:57:32.374Z</time>
      </trkpt>
      <trkpt lat="35.63468995504081" lon="127.53468995913863">
        <ele>701.7999877929688</ele>
        <time>2024-03-17T02:58:05.374Z</time>
      </trkpt>
      <trkpt lat="35.63478995114565" lon="127.53465995192528">
        <ele>702.7999877929688</ele>
        <time>2024-03-17T02:58:38.374Z</time>
      </trkpt>
      <trkpt lat="35.63480998389423" lon="127.53461997024715">
        <ele>702.5999755859375</ele>
        <time>2024-03-17T02:59:11.374Z</time>
      </trkpt>
      <trkpt lat="35.63482993282378" lon="127.53460999578238">
        <ele>702.4000244140625</ele>
        <time>2024-03-17T02:59:44.374Z</time>
      </trkpt>
      <trkpt lat="35.634909979999065" lon="127.53450999967754">
        <ele>702</ele>
        <time>2024-03-17T03:00:17.374Z</time>
      </trkpt>
      <trkpt lat="35.634929928928614" lon="127.53435996361077">
        <ele>700</ele>
        <time>2024-03-17T03:00:50.374Z</time>
      </trkpt>
      <trkpt lat="35.634929928928614" lon="127.5342699419707">
        <ele>699</ele>
        <time>2024-03-17T03:01:23.374Z</time>
      </trkpt>
      <trkpt lat="35.634969994425774" lon="127.53424999304116">
        <ele>698.7999877929688</ele>
        <time>2024-03-17T03:01:56.374Z</time>
      </trkpt>
      <trkpt lat="35.63502992503345" lon="127.53417992033064">
        <ele>698</ele>
        <time>2024-03-17T03:02:29.374Z</time>
      </trkpt>
      <trkpt lat="35.63506999053061" lon="127.53410993143916">
        <ele>696.4000244140625</ele>
        <time>2024-03-17T03:03:02.374Z</time>
      </trkpt>
      <trkpt lat="35.63512992113829" lon="127.53406994976103">
        <ele>694.5999755859375</ele>
        <time>2024-03-17T03:03:35.374Z</time>
      </trkpt>
      <trkpt lat="35.63514995388687" lon="127.5340299680829">
        <ele>693.5999755859375</ele>
        <time>2024-03-17T03:04:08.374Z</time>
      </trkpt>
      <trkpt lat="35.63513997942209" lon="127.53401999361813">
        <ele>693.7999877929688</ele>
        <time>2024-03-17T03:04:41.374Z</time>
      </trkpt>
      <trkpt lat="35.63514995388687" lon="127.53392997197807">
        <ele>693.4000244140625</ele>
        <time>2024-03-17T03:05:15.374Z</time>
      </trkpt>
      <trkpt lat="35.635189935564995" lon="127.53384992480278">
        <ele>692</ele>
        <time>2024-03-17T03:05:48.374Z</time>
      </trkpt>
      <trkpt lat="35.635189935564995" lon="127.53387993201613">
        <ele>692.4000244140625</ele>
        <time>2024-03-17T03:06:21.374Z</time>
      </trkpt>
      <trkpt lat="35.6351999938488" lon="127.53386995755136">
        <ele>692.2000122070312</ele>
        <time>2024-03-17T03:06:54.374Z</time>
      </trkpt>
      <trkpt lat="35.63522991724312" lon="127.53389996476471">
        <ele>692.2000122070312</ele>
        <time>2024-03-17T03:07:27.374Z</time>
      </trkpt>
      <trkpt lat="35.63530996441841" lon="127.53390993922949">
        <ele>691</ele>
        <time>2024-03-17T03:08:00.374Z</time>
      </trkpt>
      <trkpt lat="35.635319938883185" lon="127.53388999029994">
        <ele>690.7999877929688</ele>
        <time>2024-03-17T03:08:33.374Z</time>
      </trkpt>
      <trkpt lat="35.635319938883185" lon="127.53390993922949">
        <ele>690.7999877929688</ele>
        <time>2024-03-17T03:09:06.374Z</time>
      </trkpt>
      <trkpt lat="35.635339971631765" lon="127.53394992090762">
        <ele>689.5999755859375</ele>
        <time>2024-03-17T03:09:40.374Z</time>
      </trkpt>
      <trkpt lat="35.635399986058474" lon="127.5339699536562">
        <ele>686.4000244140625</ele>
        <time>2024-03-17T03:10:13.374Z</time>
      </trkpt>
      <trkpt lat="35.63545991666615" lon="127.5339699536562">
        <ele>683.7999877929688</ele>
        <time>2024-03-17T03:10:46.374Z</time>
      </trkpt>
      <trkpt lat="35.63554993830621" lon="127.53399996086955">
        <ele>679.4000244140625</ele>
        <time>2024-03-17T03:11:19.374Z</time>
      </trkpt>
      <trkpt lat="35.63556997105479" lon="127.53399996086955">
        <ele>678.5999755859375</ele>
        <time>2024-03-17T03:11:52.374Z</time>
      </trkpt>
      <trkpt lat="35.63558991998434" lon="127.53397992812097">
        <ele>678</ele>
        <time>2024-03-17T03:12:25.374Z</time>
      </trkpt>
      <trkpt lat="35.63558991998434" lon="127.53395997919142">
        <ele>678.2000122070312</ele>
        <time>2024-03-17T03:12:59.374Z</time>
      </trkpt>
      <trkpt lat="35.63566996715963" lon="127.5339199975133">
        <ele>674.7999877929688</ele>
        <time>2024-03-17T03:13:32.374Z</time>
      </trkpt>
      <trkpt lat="35.63573995605111" lon="127.5339199975133">
        <ele>671.4000244140625</ele>
        <time>2024-03-17T03:14:05.374Z</time>
      </trkpt>
      <trkpt lat="35.63575998879969" lon="127.53390993922949">
        <ele>670.4000244140625</ele>
        <time>2024-03-17T03:14:38.374Z</time>
      </trkpt>
      <trkpt lat="35.635829977691174" lon="127.53390993922949">
        <ele>667</ele>
        <time>2024-03-17T03:15:11.374Z</time>
      </trkpt>
      <trkpt lat="35.63585998490453" lon="127.5339199975133">
        <ele>665.4000244140625</ele>
        <time>2024-03-17T03:15:45.374Z</time>
      </trkpt>
      <trkpt lat="35.635919999331236" lon="127.53390993922949">
        <ele>663.5999755859375</ele>
        <time>2024-03-17T03:16:18.374Z</time>
      </trkpt>
      <trkpt lat="35.63597992993891" lon="127.5339199975133">
        <ele>661.7999877929688</ele>
        <time>2024-03-17T03:16:51.374Z</time>
      </trkpt>
      <trkpt lat="35.6360599771142" lon="127.53388999029994">
        <ele>659.5999755859375</ele>
        <time>2024-03-17T03:17:24.374Z</time>
      </trkpt>
      <trkpt lat="35.63611999154091" lon="127.53389996476471">
        <ele>657.7999877929688</ele>
        <time>2024-03-17T03:17:57.374Z</time>
      </trkpt>
      <trkpt lat="35.63616994768381" lon="127.53389996476471">
        <ele>656.2000122070312</ele>
        <time>2024-03-17T03:18:31.374Z</time>
      </trkpt>
      <trkpt lat="35.63618998043239" lon="127.53388999029994">
        <ele>655.5999755859375</ele>
        <time>2024-03-17T03:19:04.374Z</time>
      </trkpt>
      <trkpt lat="35.636219987645745" lon="127.53390993922949">
        <ele>654.5999755859375</ele>
        <time>2024-03-17T03:19:37.374Z</time>
      </trkpt>
      <trkpt lat="35.63620992936194" lon="127.53390993922949">
        <ele>654.7999877929688</ele>
        <time>2024-03-17T03:20:10.374Z</time>
      </trkpt>
      <trkpt lat="35.63626994378865" lon="127.53386995755136">
        <ele>652.7999877929688</ele>
        <time>2024-03-17T03:20:44.374Z</time>
      </trkpt>
      <trkpt lat="35.636299951002" lon="127.53375998698175">
        <ele>650.5999755859375</ele>
        <time>2024-03-17T03:21:17.374Z</time>
      </trkpt>
      <trkpt lat="35.636309925466776" lon="127.53368999809027">
        <ele>649.2000122070312</ele>
        <time>2024-03-17T03:21:50.374Z</time>
      </trkpt>
      <trkpt lat="35.636349990963936" lon="127.53362998366356">
        <ele>647</ele>
        <time>2024-03-17T03:22:23.374Z</time>
      </trkpt>
      <trkpt lat="35.636349990963936" lon="127.53360995091498">
        <ele>646.5999755859375</ele>
        <time>2024-03-17T03:22:57.374Z</time>
      </trkpt>
      <trkpt lat="35.636369939893484" lon="127.5335999764502">
        <ele>645.7999877929688</ele>
        <time>2024-03-17T03:23:30.374Z</time>
      </trkpt>
      <trkpt lat="35.636369939893484" lon="127.5335899181664">
        <ele>645.5999755859375</ele>
        <time>2024-03-17T03:24:03.374Z</time>
      </trkpt>
      <trkpt lat="35.63639994710684" lon="127.53357994370162">
        <ele>644.2000122070312</ele>
        <time>2024-03-17T03:24:36.374Z</time>
      </trkpt>
      <trkpt lat="35.63641997985542" lon="127.53355999477208">
        <ele>643</ele>
        <time>2024-03-17T03:25:10.374Z</time>
      </trkpt>
      <trkpt lat="35.63644998706877" lon="127.53348992206156">
        <ele>640.2000122070312</ele>
        <time>2024-03-17T03:25:43.374Z</time>
      </trkpt>
      <trkpt lat="35.6364899687469" lon="127.53347994759679">
        <ele>638.2000122070312</ele>
        <time>2024-03-17T03:26:16.374Z</time>
      </trkpt>
      <trkpt lat="35.63652995042503" lon="127.53348992206156">
        <ele>636.7999877929688</ele>
        <time>2024-03-17T03:26:50.374Z</time>
      </trkpt>
      <trkpt lat="35.63652995042503" lon="127.53347994759679">
        <ele>636.5999755859375</ele>
        <time>2024-03-17T03:27:23.374Z</time>
      </trkpt>
      <trkpt lat="35.63654998317361" lon="127.53346997313201">
        <ele>635.4000244140625</ele>
        <time>2024-03-17T03:27:56.374Z</time>
      </trkpt>
      <trkpt lat="35.63655995763838" lon="127.53344994038343">
        <ele>634.5999755859375</ele>
        <time>2024-03-17T03:28:29.374Z</time>
      </trkpt>
      <trkpt lat="35.63656993210316" lon="127.53344994038343">
        <ele>634.2000122070312</ele>
        <time>2024-03-17T03:29:03.374Z</time>
      </trkpt>
      <trkpt lat="35.63660999760032" lon="127.53341993317008">
        <ele>631.7999877929688</ele>
        <time>2024-03-17T03:29:36.374Z</time>
      </trkpt>
      <trkpt lat="35.63663992099464" lon="127.5333499442786">
        <ele>629</ele>
        <time>2024-03-17T03:30:09.374Z</time>
      </trkpt>
      <trkpt lat="35.63663992099464" lon="127.53335991874337">
        <ele>629.2000122070312</ele>
        <time>2024-03-17T03:30:43.374Z</time>
      </trkpt>
      <trkpt lat="35.63665995374322" lon="127.53335991874337">
        <ele>628.4000244140625</ele>
        <time>2024-03-17T03:31:16.374Z</time>
      </trkpt>
      <trkpt lat="35.6366799864918" lon="127.53331993706524">
        <ele>626.7999877929688</ele>
        <time>2024-03-17T03:31:49.374Z</time>
      </trkpt>
      <trkpt lat="35.63671996816993" lon="127.53331993706524">
        <ele>625</ele>
        <time>2024-03-17T03:32:23.374Z</time>
      </trkpt>
      <trkpt lat="35.636759949848056" lon="127.5332999881357">
        <ele>623</ele>
        <time>2024-03-17T03:32:56.374Z</time>
      </trkpt>
      <trkpt lat="35.636799931526184" lon="127.5332999881357">
        <ele>621.5999755859375</ele>
        <time>2024-03-17T03:33:29.374Z</time>
      </trkpt>
      <trkpt lat="35.63687997870147" lon="127.53326998092234">
        <ele>618.2000122070312</ele>
        <time>2024-03-17T03:34:03.374Z</time>
      </trkpt>
      <trkpt lat="35.63693999312818" lon="127.53325992263854">
        <ele>615.5999755859375</ele>
        <time>2024-03-17T03:34:36.374Z</time>
      </trkpt>
      <trkpt lat="35.6369699165225" lon="127.53326998092234">
        <ele>614.5999755859375</ele>
        <time>2024-03-17T03:35:09.374Z</time>
      </trkpt>
      <trkpt lat="35.63700998201966" lon="127.53324994817376">
        <ele>612.7999877929688</ele>
        <time>2024-03-17T03:35:43.374Z</time>
      </trkpt>
      <trkpt lat="35.63701995648444" lon="127.53325992263854">
        <ele>612.7999877929688</ele>
        <time>2024-03-17T03:36:16.374Z</time>
      </trkpt>
      <trkpt lat="35.63708994537592" lon="127.53322999924421">
        <ele>610</ele>
        <time>2024-03-17T03:36:49.374Z</time>
      </trkpt>
      <trkpt lat="35.637189941480756" lon="127.53326998092234">
        <ele>608.2000122070312</ele>
        <time>2024-03-17T03:37:23.374Z</time>
      </trkpt>
      <trkpt lat="35.637249955907464" lon="127.53327995538712">
        <ele>607.5999755859375</ele>
        <time>2024-03-17T03:37:56.374Z</time>
      </trkpt>
      <trkpt lat="35.637319944798946" lon="127.53325992263854">
        <ele>605.2000122070312</ele>
        <time>2024-03-17T03:38:30.374Z</time>
      </trkpt>
      <trkpt lat="35.63745992258191" lon="127.53307996317744">
        <ele>602.2000122070312</ele>
        <time>2024-03-17T03:39:03.374Z</time>
      </trkpt>
      <trkpt lat="35.6375399697572" lon="127.53305993042886">
        <ele>600.7999877929688</ele>
        <time>2024-03-17T03:39:36.374Z</time>
      </trkpt>
      <trkpt lat="35.6375899259001" lon="127.53302992321551">
        <ele>599</ele>
        <time>2024-03-17T03:40:10.374Z</time>
      </trkpt>
      <trkpt lat="35.63775999471545" lon="127.53298994153738">
        <ele>594</ele>
        <time>2024-03-17T03:40:43.374Z</time>
      </trkpt>
      <trkpt lat="35.637789918109775" lon="127.53299999982119">
        <ele>593.5999755859375</ele>
        <time>2024-03-17T03:41:17.374Z</time>
      </trkpt>
      <trkpt lat="35.63789997249842" lon="127.53299999982119">
        <ele>591.5999755859375</ele>
        <time>2024-03-17T03:41:50.374Z</time>
      </trkpt>
      <trkpt lat="35.6381599791348" lon="127.53302992321551">
        <ele>588.7999877929688</ele>
        <time>2024-03-17T03:42:24.374Z</time>
      </trkpt>
      <trkpt lat="35.63822996802628" lon="127.53295993432403">
        <ele>588.5999755859375</ele>
        <time>2024-03-17T03:42:57.374Z</time>
      </trkpt>
      <trkpt lat="35.63828998245299" lon="127.53287997096777">
        <ele>587.5999755859375</ele>
        <time>2024-03-17T03:43:31.374Z</time>
      </trkpt>
      <trkpt lat="35.63830993138254" lon="127.532869996503">
        <ele>587.4000244140625</ele>
        <time>2024-03-17T03:44:04.374Z</time>
      </trkpt>
      <trkpt lat="35.638369945809245" lon="127.532869996503">
        <ele>587</ele>
        <time>2024-03-17T03:44:38.374Z</time>
      </trkpt>
      <trkpt lat="35.63856993801892" lon="127.53280998207629">
        <ele>584</ele>
        <time>2024-03-17T03:45:11.374Z</time>
      </trkpt>
      <trkpt lat="35.638629952445626" lon="127.53282993100584">
        <ele>583.5999755859375</ele>
        <time>2024-03-17T03:45:45.374Z</time>
      </trkpt>
      <trkpt lat="35.638669934123755" lon="127.53282993100584">
        <ele>583.4000244140625</ele>
        <time>2024-03-17T03:46:18.374Z</time>
      </trkpt>
      <trkpt lat="35.63867999240756" lon="127.53283998928964">
        <ele>583.4000244140625</ele>
        <time>2024-03-17T03:46:52.374Z</time>
      </trkpt>
      <trkpt lat="35.6388299446553" lon="127.53284996375442">
        <ele>581.7999877929688</ele>
        <time>2024-03-17T03:47:25.374Z</time>
      </trkpt>
      <trkpt lat="35.639079976826906" lon="127.53296999260783">
        <ele>578</ele>
        <time>2024-03-17T03:47:59.374Z</time>
      </trkpt>
      <trkpt lat="35.63910998404026" lon="127.5329799670726">
        <ele>577.2000122070312</ele>
        <time>2024-03-17T03:48:33.374Z</time>
      </trkpt>
      <trkpt lat="35.63915994018316" lon="127.53296999260783">
        <ele>576</ele>
        <time>2024-03-17T03:49:06.374Z</time>
      </trkpt>
      <trkpt lat="35.6392099801451" lon="127.53294995985925">
        <ele>574.5999755859375</ele>
        <time>2024-03-17T03:49:40.374Z</time>
      </trkpt>
      <trkpt lat="35.63930997624993" lon="127.53288994543254">
        <ele>570.4000244140625</ele>
        <time>2024-03-17T03:50:13.374Z</time>
      </trkpt>
      <trkpt lat="35.63933998346329" lon="127.532869996503">
        <ele>569.4000244140625</ele>
        <time>2024-03-17T03:50:47.374Z</time>
      </trkpt>
      <trkpt lat="35.639359932392836" lon="127.53283998928964">
        <ele>568.7999877929688</ele>
        <time>2024-03-17T03:51:21.374Z</time>
      </trkpt>
      <trkpt lat="35.63938993960619" lon="127.53283998928964">
        <ele>567.7999877929688</ele>
        <time>2024-03-17T03:51:54.374Z</time>
      </trkpt>
      <trkpt lat="35.63940997235477" lon="127.53278994932771">
        <ele>567.2000122070312</ele>
        <time>2024-03-17T03:52:28.374Z</time>
      </trkpt>
      <trkpt lat="35.63940997235477" lon="127.53279992379248">
        <ele>567.2000122070312</ele>
        <time>2024-03-17T03:53:01.374Z</time>
      </trkpt>
      <trkpt lat="35.639419946819544" lon="127.53274996764958">
        <ele>565.4000244140625</ele>
        <time>2024-03-17T03:53:35.374Z</time>
      </trkpt>
      <trkpt lat="35.63947996124625" lon="127.53274996764958">
        <ele>563.7999877929688</ele>
        <time>2024-03-17T03:54:09.374Z</time>
      </trkpt>
      <trkpt lat="35.63946998678148" lon="127.532729934901">
        <ele>563.4000244140625</ele>
        <time>2024-03-17T03:54:42.374Z</time>
      </trkpt>
      <trkpt lat="35.639489935711026" lon="127.53271996043622">
        <ele>562.5999755859375</ele>
        <time>2024-03-17T03:55:16.374Z</time>
      </trkpt>
      <trkpt lat="35.63959999009967" lon="127.53270998597145">
        <ele>559.5999755859375</ele>
        <time>2024-03-17T03:55:50.374Z</time>
      </trkpt>
      <trkpt lat="35.6396399717778" lon="127.532729934901">
        <ele>559.2000122070312</ele>
        <time>2024-03-17T03:56:23.374Z</time>
      </trkpt>
      <trkpt lat="35.6396899279207" lon="127.53271996043622">
        <ele>557.5999755859375</ele>
        <time>2024-03-17T03:56:57.374Z</time>
      </trkpt>
      <trkpt lat="35.639679953455925" lon="127.53264997154474">
        <ele>556.4000244140625</ele>
        <time>2024-03-17T03:57:31.374Z</time>
      </trkpt>
      <trkpt lat="35.63966997899115" lon="127.53265994600952">
        <ele>556.5999755859375</ele>
        <time>2024-03-17T03:58:04.374Z</time>
      </trkpt>
      <trkpt lat="35.6396899279207" lon="127.53263999707997">
        <ele>556.2000122070312</ele>
        <time>2024-03-17T03:58:38.374Z</time>
      </trkpt>
      <trkpt lat="35.63971993513405" lon="127.53255994990468">
        <ele>554.4000244140625</ele>
        <time>2024-03-17T03:59:12.374Z</time>
      </trkpt>
      <trkpt lat="35.63975991681218" lon="127.53251996822655">
        <ele>553.2000122070312</ele>
        <time>2024-03-17T03:59:45.374Z</time>
      </trkpt>
      <trkpt lat="35.63979998230934" lon="127.53244997933507">
        <ele>552.4000244140625</ele>
        <time>2024-03-17T04:00:19.374Z</time>
      </trkpt>
      <trkpt lat="35.639849938452244" lon="127.53241997212172">
        <ele>552</ele>
        <time>2024-03-17T04:00:53.374Z</time>
      </trkpt>
      <trkpt lat="35.63985999673605" lon="127.53238996490836">
        <ele>551.7999877929688</ele>
        <time>2024-03-17T04:01:26.374Z</time>
      </trkpt>
      <trkpt lat="35.63988992013037" lon="127.53235995769501">
        <ele>551.4000244140625</ele>
        <time>2024-03-17T04:02:00.374Z</time>
      </trkpt>
      <trkpt lat="35.639979941770434" lon="127.53235995769501">
        <ele>552</ele>
        <time>2024-03-17T04:02:34.374Z</time>
      </trkpt>
      <trkpt lat="35.64001992344856" lon="127.53233992494643">
        <ele>552.2000122070312</ele>
        <time>2024-03-17T04:03:08.374Z</time>
      </trkpt>
      <trkpt lat="35.640129977837205" lon="127.53232995048165">
        <ele>551.4000244140625</ele>
        <time>2024-03-17T04:03:41.374Z</time>
      </trkpt>
      <trkpt lat="35.64020994119346" lon="127.53239993937314">
        <ele>550.7999877929688</ele>
        <time>2024-03-17T04:04:15.374Z</time>
      </trkpt>
      <trkpt lat="35.640259981155396" lon="127.53240999765694">
        <ele>550.2000122070312</ele>
        <time>2024-03-17T04:04:49.374Z</time>
      </trkpt>
      <trkpt lat="35.640299962833524" lon="127.53243992105126">
        <ele>550</ele>
        <time>2024-03-17T04:05:23.374Z</time>
      </trkpt>
      <trkpt lat="35.64035997726023" lon="127.53249993547797">
        <ele>549</ele>
        <time>2024-03-17T04:05:56.374Z</time>
      </trkpt>
      <trkpt lat="35.64043994061649" lon="127.5325399171561">
        <ele>546.7999877929688</ele>
        <time>2024-03-17T04:06:30.374Z</time>
      </trkpt>
      <trkpt lat="35.64048998057842" lon="127.53252994269133">
        <ele>546</ele>
        <time>2024-03-17T04:07:04.374Z</time>
      </trkpt>
      <trkpt lat="35.640559969469905" lon="127.53247998654842">
        <ele>544.5999755859375</ele>
        <time>2024-03-17T04:07:38.374Z</time>
      </trkpt>
      <trkpt lat="35.64059995114803" lon="127.53242994658649">
        <ele>543.5999755859375</ele>
        <time>2024-03-17T04:08:11.374Z</time>
      </trkpt>
      <trkpt lat="35.640749987214804" lon="127.53231997601688">
        <ele>539.5999755859375</ele>
        <time>2024-03-17T04:08:45.374Z</time>
      </trkpt>
      <trkpt lat="35.64103991724551" lon="127.53220992162824">
        <ele>533.2000122070312</ele>
        <time>2024-03-17T04:09:19.374Z</time>
      </trkpt>
      <trkpt lat="35.64107998274267" lon="127.53215996548533">
        <ele>532</ele>
        <time>2024-03-17T04:09:53.374Z</time>
      </trkpt>
      <trkpt lat="35.64114997163415" lon="127.53216993995011">
        <ele>530.5999755859375</ele>
        <time>2024-03-17T04:10:27.374Z</time>
      </trkpt>
      <trkpt lat="35.641289949417114" lon="127.53213993273675">
        <ele>526.7999877929688</ele>
        <time>2024-03-17T04:11:01.374Z</time>
      </trkpt>
      <trkpt lat="35.64129992388189" lon="127.5321199838072">
        <ele>526.4000244140625</ele>
        <time>2024-03-17T04:11:34.374Z</time>
      </trkpt>
      <trkpt lat="35.64134996384382" lon="127.53208997659385">
        <ele>525.2000122070312</ele>
        <time>2024-03-17T04:12:08.374Z</time>
      </trkpt>
      <trkpt lat="35.64138994552195" lon="127.53203993663192">
        <ele>524.2000122070312</ele>
        <time>2024-03-17T04:12:42.374Z</time>
      </trkpt>
      <trkpt lat="35.64148994162679" lon="127.53197992220521">
        <ele>522</ele>
        <time>2024-03-17T04:13:16.374Z</time>
      </trkpt>
      <trkpt lat="35.641609970480204" lon="127.5318699516356">
        <ele>519.2000122070312</ele>
        <time>2024-03-17T04:13:50.374Z</time>
      </trkpt>
      <trkpt lat="35.641659926623106" lon="127.5318699516356">
        <ele>518.7999877929688</ele>
        <time>2024-03-17T04:14:24.374Z</time>
      </trkpt>
      <trkpt lat="35.64181993715465" lon="127.53180993720889">
        <ele>514.4000244140625</ele>
        <time>2024-03-17T04:14:58.374Z</time>
      </trkpt>
      <trkpt lat="35.64182999543846" lon="127.53177992999554">
        <ele>514</ele>
        <time>2024-03-17T04:15:32.374Z</time>
      </trkpt>
      <trkpt lat="35.64181993715465" lon="127.53176995553076">
        <ele>514.4000244140625</ele>
        <time>2024-03-17T04:16:06.374Z</time>
      </trkpt>
      <trkpt lat="35.64183996990323" lon="127.53174992278218">
        <ele>513.7999877929688</ele>
        <time>2024-03-17T04:16:40.374Z</time>
      </trkpt>
      <trkpt lat="35.64183996990323" lon="127.53173994831741">
        <ele>514</ele>
        <time>2024-03-17T04:17:14.374Z</time>
      </trkpt>
      <trkpt lat="35.64185991883278" lon="127.53171999938786">
        <ele>513.4000244140625</ele>
        <time>2024-03-17T04:17:47.374Z</time>
      </trkpt>
      <trkpt lat="35.641869977116585" lon="127.53171999938786">
        <ele>513.2000122070312</ele>
        <time>2024-03-17T04:18:21.374Z</time>
      </trkpt>
      <trkpt lat="35.64187995158136" lon="127.53158999606967">
        <ele>512</ele>
        <time>2024-03-17T04:18:55.374Z</time>
      </trkpt>
      <trkpt lat="35.64188992604613" lon="127.53156996332109">
        <ele>511.6000061035156</ele>
        <time>2024-03-17T04:19:29.374Z</time>
      </trkpt>
      <trkpt lat="35.64188992604613" lon="127.53153995610774">
        <ele>511.20001220703125</ele>
        <time>2024-03-17T04:20:03.374Z</time>
      </trkpt>
      <trkpt lat="35.64191993325949" lon="127.53144993446767">
        <ele>509.3999938964844</ele>
        <time>2024-03-17T04:20:37.374Z</time>
      </trkpt>
      <trkpt lat="35.64198992215097" lon="127.53131993114948">
        <ele>504</ele>
        <time>2024-03-17T04:21:11.374Z</time>
      </trkpt>
      <trkpt lat="35.64207994379103" lon="127.53107995726168">
        <ele>492.79998779296875</ele>
        <time>2024-03-17T04:21:45.374Z</time>
      </trkpt>
      <trkpt lat="35.642189998179674" lon="127.53093997947872">
        <ele>485.3999938964844</ele>
        <time>2024-03-17T04:22:19.374Z</time>
      </trkpt>
      <trkpt lat="35.64225998707116" lon="127.53093997947872">
        <ele>483.79998779296875</ele>
        <time>2024-03-17T04:22:53.374Z</time>
      </trkpt>
      <trkpt lat="35.64230994321406" lon="127.53095992840827">
        <ele>483.3999938964844</ele>
        <time>2024-03-17T04:23:27.374Z</time>
      </trkpt>
      <trkpt lat="35.64232997596264" lon="127.53094995394349">
        <ele>482.6000061035156</ele>
        <time>2024-03-17T04:24:01.374Z</time>
      </trkpt>
      <trkpt lat="35.64237993210554" lon="127.53097996115685">
        <ele>482.3999938964844</ele>
        <time>2024-03-17T04:24:35.374Z</time>
      </trkpt>
      <trkpt lat="35.64239996485412" lon="127.53095992840827">
        <ele>481.6000061035156</ele>
        <time>2024-03-17T04:25:09.374Z</time>
      </trkpt>
      <trkpt lat="35.64245997928083" lon="127.53085993230343">
        <ele>479.20001220703125</ele>
        <time>2024-03-17T04:25:43.374Z</time>
      </trkpt>
      <trkpt lat="35.64250993542373" lon="127.53083998337388">
        <ele>478.20001220703125</ele>
        <time>2024-03-17T04:26:17.374Z</time>
      </trkpt>
      <trkpt lat="35.64258998259902" lon="127.53082992509007">
        <ele>477.6000061035156</ele>
        <time>2024-03-17T04:26:51.374Z</time>
      </trkpt>
      <trkpt lat="35.642749993130565" lon="127.53069992177188">
        <ele>475.79998779296875</ele>
        <time>2024-03-17T04:27:26.374Z</time>
      </trkpt>
      <trkpt lat="35.64280992373824" lon="127.53067997284234">
        <ele>475.3999938964844</ele>
        <time>2024-03-17T04:28:00.374Z</time>
      </trkpt>
      <trkpt lat="35.64288997091353" lon="127.53066999837756">
        <ele>474</ele>
        <time>2024-03-17T04:28:34.374Z</time>
      </trkpt>
      <trkpt lat="35.64305995590985" lon="127.53061995841563">
        <ele>471.6000061035156</ele>
        <time>2024-03-17T04:29:08.374Z</time>
      </trkpt>
      <trkpt lat="35.64318995922804" lon="127.53058995120227">
        <ele>469</ele>
        <time>2024-03-17T04:29:42.374Z</time>
      </trkpt>
      <trkpt lat="35.643439991399646" lon="127.53047998063266">
        <ele>464</ele>
        <time>2024-03-17T04:30:16.374Z</time>
      </trkpt>
      <trkpt lat="35.64344996586442" lon="127.53045994788408">
        <ele>464</ele>
        <time>2024-03-17T04:30:50.374Z</time>
      </trkpt>
      <trkpt lat="35.64342993311584" lon="127.53037998452783">
        <ele>464.6000061035156</ele>
        <time>2024-03-17T04:31:24.374Z</time>
      </trkpt>
      <trkpt lat="35.643439991399646" lon="127.53036992624402">
        <ele>464.3999938964844</ele>
        <time>2024-03-17T04:31:59.374Z</time>
      </trkpt>
      <trkpt lat="35.643399925902486" lon="127.530139926821">
        <ele>465.6000061035156</ele>
        <time>2024-03-17T04:32:33.374Z</time>
      </trkpt>
      <trkpt lat="35.64334996975958" lon="127.53003993071616">
        <ele>466.6000061035156</ele>
        <time>2024-03-17T04:33:07.374Z</time>
      </trkpt>
      <trkpt lat="35.64331996254623" lon="127.53002995625138">
        <ele>467.3999938964844</ele>
        <time>2024-03-17T04:33:41.374Z</time>
      </trkpt>
      <trkpt lat="35.64321996644139" lon="127.52987992018461">
        <ele>469.79998779296875</ele>
        <time>2024-03-17T04:34:15.374Z</time>
      </trkpt>
      <trkpt lat="35.643159952014685" lon="127.52981998957694">
        <ele>471.3999938964844</ele>
        <time>2024-03-17T04:34:50.374Z</time>
      </trkpt>
      <trkpt lat="35.64312994480133" lon="127.52979995682836">
        <ele>472.20001220703125</ele>
        <time>2024-03-17T04:35:24.374Z</time>
      </trkpt>
      <trkpt lat="35.64299994148314" lon="127.52979995682836">
        <ele>475</ele>
        <time>2024-03-17T04:35:58.374Z</time>
      </trkpt>
      <trkpt lat="35.6428999453783" lon="127.52981998957694">
        <ele>477.20001220703125</ele>
        <time>2024-03-17T04:36:32.374Z</time>
      </trkpt>
      <trkpt lat="35.6428499892354" lon="127.52985997125506">
        <ele>478.20001220703125</ele>
        <time>2024-03-17T04:37:07.374Z</time>
      </trkpt>
      <trkpt lat="35.64277991652489" lon="127.52992996014655">
        <ele>479.3999938964844</ele>
        <time>2024-03-17T04:37:41.374Z</time>
      </trkpt>
      <trkpt lat="35.64276994206011" lon="127.52992996014655">
        <ele>479.6000061035156</ele>
        <time>2024-03-17T04:38:15.374Z</time>
      </trkpt>
      <trkpt lat="35.64271998591721" lon="127.5299599673599">
        <ele>479.79998779296875</ele>
        <time>2024-03-17T04:38:49.374Z</time>
      </trkpt>
      <trkpt lat="35.64267992042005" lon="127.52999994903803">
        <ele>480</ele>
        <time>2024-03-17T04:39:24.374Z</time>
      </trkpt>
      <trkpt lat="35.64256994985044" lon="127.53004998899996">
        <ele>480.6000061035156</ele>
        <time>2024-03-17T04:39:58.374Z</time>
      </trkpt>
      <trkpt lat="35.64251999370754" lon="127.53005996346474">
        <ele>480.3999938964844</ele>
        <time>2024-03-17T04:40:32.374Z</time>
      </trkpt>
      <trkpt lat="35.642469953745604" lon="127.53004998899996">
        <ele>480.20001220703125</ele>
        <time>2024-03-17T04:41:07.374Z</time>
      </trkpt>
      <trkpt lat="35.642409939318895" lon="127.53002995625138">
        <ele>480.20001220703125</ele>
        <time>2024-03-17T04:41:41.374Z</time>
      </trkpt>
      <trkpt lat="35.64237993210554" lon="127.5300099235028">
        <ele>480.3999938964844</ele>
        <time>2024-03-17T04:42:15.374Z</time>
      </trkpt>
      <trkpt lat="35.64243994653225" lon="127.52980993129313">
        <ele>480.6000061035156</ele>
        <time>2024-03-17T04:42:50.374Z</time>
      </trkpt>
      <trkpt lat="35.64247992821038" lon="127.52972996793687">
        <ele>481.3999938964844</ele>
        <time>2024-03-17T04:43:24.374Z</time>
      </trkpt>
      <trkpt lat="35.64251999370754" lon="127.52947993576527">
        <ele>480.79998779296875</ele>
        <time>2024-03-17T04:43:58.374Z</time>
      </trkpt>
      <trkpt lat="35.64250993542373" lon="127.52926996909082">
        <ele>479</ele>
        <time>2024-03-17T04:44:33.374Z</time>
      </trkpt>
      <trkpt lat="35.642559975385666" lon="127.52917994745076">
        <ele>479.20001220703125</ele>
        <time>2024-03-17T04:45:07.374Z</time>
      </trkpt>
      <trkpt lat="35.64258998259902" lon="127.52915999852121">
        <ele>479.3999938964844</ele>
        <time>2024-03-17T04:45:41.374Z</time>
      </trkpt>
      <trkpt lat="35.64266994595528" lon="127.52906997688115">
        <ele>479.6000061035156</ele>
        <time>2024-03-17T04:46:16.374Z</time>
      </trkpt>
      <trkpt lat="35.64280992373824" lon="127.52892999909818">
        <ele>481</ele>
        <time>2024-03-17T04:46:50.374Z</time>
      </trkpt>
      <trkpt lat="35.642879996448755" lon="127.52889999188483">
        <ele>480.79998779296875</ele>
        <time>2024-03-17T04:47:25.374Z</time>
      </trkpt>
      <trkpt lat="35.64297999255359" lon="127.52893997356296">
        <ele>480.20001220703125</ele>
        <time>2024-03-17T04:47:59.374Z</time>
      </trkpt>
      <trkpt lat="35.64316992647946" lon="127.5289599224925">
        <ele>479</ele>
        <time>2024-03-17T04:48:33.374Z</time>
      </trkpt>
      <trkpt lat="35.64321996644139" lon="127.52892999909818">
        <ele>479.20001220703125</ele>
        <time>2024-03-17T04:49:08.374Z</time>
      </trkpt>
      <trkpt lat="35.64331996254623" lon="127.5288499519229">
        <ele>479</ele>
        <time>2024-03-17T04:49:42.374Z</time>
      </trkpt>
      <trkpt lat="35.64337997697294" lon="127.52878993749619">
        <ele>479.3999938964844</ele>
        <time>2024-03-17T04:50:17.374Z</time>
      </trkpt>
      <trkpt lat="35.64337997697294" lon="127.52870997413993">
        <ele>479.6000061035156</ele>
        <time>2024-03-17T04:50:51.374Z</time>
      </trkpt>
      <trkpt lat="35.643399925902486" lon="127.52864995971322">
        <ele>479.6000061035156</ele>
        <time>2024-03-17T04:51:26.374Z</time>
      </trkpt>
      <trkpt lat="35.643469998613" lon="127.52855993807316">
        <ele>480.3999938964844</ele>
        <time>2024-03-17T04:52:00.374Z</time>
      </trkpt>
      <trkpt lat="35.64359991811216" lon="127.5284799747169">
        <ele>482</ele>
        <time>2024-03-17T04:52:35.374Z</time>
      </trkpt>
      <trkpt lat="35.64362992532551" lon="127.5284799747169">
        <ele>482.6000061035156</ele>
        <time>2024-03-17T04:53:09.374Z</time>
      </trkpt>
      <trkpt lat="35.64363998360932" lon="127.52844996750355">
        <ele>483.20001220703125</ele>
        <time>2024-03-17T04:53:44.374Z</time>
      </trkpt>
      <trkpt lat="35.64366999082267" lon="127.52843999303877">
        <ele>483.6000061035156</ele>
        <time>2024-03-17T04:54:18.374Z</time>
      </trkpt>
      <trkpt lat="35.6437099725008" lon="127.52839992754161">
        <ele>484</ele>
        <time>2024-03-17T04:54:53.374Z</time>
      </trkpt>
      <trkpt lat="35.64372992143035" lon="127.52829993143678">
        <ele>484.20001220703125</ele>
        <time>2024-03-17T04:55:28.374Z</time>
      </trkpt>
      <trkpt lat="35.643719946965575" lon="127.52821996808052">
        <ele>483</ele>
        <time>2024-03-17T04:56:02.374Z</time>
      </trkpt>
      <trkpt lat="35.6437599286437" lon="127.52814997918904">
        <ele>482</ele>
        <time>2024-03-17T04:56:37.374Z</time>
      </trkpt>
      <trkpt lat="35.64383997581899" lon="127.52805995754898">
        <ele>481.6000061035156</ele>
        <time>2024-03-17T04:57:11.374Z</time>
      </trkpt>
      <trkpt lat="35.643889931961894" lon="127.52801997587085">
        <ele>481</ele>
        <time>2024-03-17T04:57:46.374Z</time>
      </trkpt>
      <trkpt lat="35.64400996081531" lon="127.52802995033562">
        <ele>481.20001220703125</ele>
        <time>2024-03-17T04:58:20.374Z</time>
      </trkpt>
      <trkpt lat="35.64406997524202" lon="127.52801997587085">
        <ele>480.79998779296875</ele>
        <time>2024-03-17T04:58:55.374Z</time>
      </trkpt>
      <trkpt lat="35.644169971346855" lon="127.52786993980408">
        <ele>479</ele>
        <time>2024-03-17T04:59:30.374Z</time>
      </trkpt>
      <trkpt lat="35.644299974665046" lon="127.52773993648589">
        <ele>477.20001220703125</ele>
        <time>2024-03-17T05:00:04.374Z</time>
      </trkpt>
      <trkpt lat="35.64438999630511" lon="127.5276699475944">
        <ele>476.20001220703125</ele>
        <time>2024-03-17T05:00:39.374Z</time>
      </trkpt>
      <trkpt lat="35.64445998519659" lon="127.52756995148957">
        <ele>475.3999938964844</ele>
        <time>2024-03-17T05:01:13.374Z</time>
      </trkpt>
      <trkpt lat="35.644469959661365" lon="127.52751999534667">
        <ele>475</ele>
        <time>2024-03-17T05:01:48.374Z</time>
      </trkpt>
      <trkpt lat="35.644449926912785" lon="127.52748998813331">
        <ele>474.79998779296875</ele>
        <time>2024-03-17T05:02:23.374Z</time>
      </trkpt>
      <trkpt lat="35.644429977983236" lon="127.5274299737066">
        <ele>474.3999938964844</ele>
        <time>2024-03-17T05:02:57.374Z</time>
      </trkpt>
      <trkpt lat="35.644429977983236" lon="127.52739996649325">
        <ele>474.3999938964844</ele>
        <time>2024-03-17T05:03:32.374Z</time>
      </trkpt>
      <trkpt lat="35.64441991969943" lon="127.52738999202847">
        <ele>474.3999938964844</ele>
        <time>2024-03-17T05:04:07.374Z</time>
      </trkpt>
      <trkpt lat="35.644429977983236" lon="127.5273699592799">
        <ele>474.3999938964844</ele>
        <time>2024-03-17T05:04:41.374Z</time>
      </trkpt>
      <trkpt lat="35.644429977983236" lon="127.52727993763983">
        <ele>474.3999938964844</ele>
        <time>2024-03-17T05:05:16.374Z</time>
      </trkpt>
      <trkpt lat="35.644409945234656" lon="127.52719997428358">
        <ele>474.3999938964844</ele>
        <time>2024-03-17T05:05:51.374Z</time>
      </trkpt>
      <trkpt lat="35.644409945234656" lon="127.52710995264351">
        <ele>475.20001220703125</ele>
        <time>2024-03-17T05:06:25.374Z</time>
      </trkpt>
      <trkpt lat="35.64441991969943" lon="127.52706997096539">
        <ele>475.79998779296875</ele>
        <time>2024-03-17T05:07:00.374Z</time>
      </trkpt>
      <trkpt lat="35.64443995244801" lon="127.52706997096539">
        <ele>476</ele>
        <time>2024-03-17T05:07:35.374Z</time>
      </trkpt>
      <trkpt lat="35.644449926912785" lon="127.52703996375203">
        <ele>476.6000061035156</ele>
        <time>2024-03-17T05:08:10.374Z</time>
      </trkpt>
      <trkpt lat="35.64445998519659" lon="127.52692999318242">
        <ele>478</ele>
        <time>2024-03-17T05:08:44.374Z</time>
      </trkpt>
      <trkpt lat="35.64443995244801" lon="127.52686997875571">
        <ele>478.3999938964844</ele>
        <time>2024-03-17T05:09:19.374Z</time>
      </trkpt>
      <trkpt lat="35.64438999630511" lon="127.526809964329">
        <ele>478.6000061035156</ele>
        <time>2024-03-17T05:09:54.374Z</time>
      </trkpt>
      <trkpt lat="35.64424993470311" lon="127.52667996101081">
        <ele>478.3999938964844</ele>
        <time>2024-03-17T05:10:28.374Z</time>
      </trkpt>
      <trkpt lat="35.64421992748976" lon="127.5265699904412">
        <ele>479.20001220703125</ele>
        <time>2024-03-17T05:11:03.374Z</time>
      </trkpt>
      <trkpt lat="35.64422998577356" lon="127.52654995769262">
        <ele>479.6000061035156</ele>
        <time>2024-03-17T05:11:38.374Z</time>
      </trkpt>
      <trkpt lat="35.64420995302498" lon="127.52648994326591">
        <ele>480</ele>
        <time>2024-03-17T05:12:13.374Z</time>
      </trkpt>
      <trkpt lat="35.6441899202764" lon="127.52626991830766">
        <ele>482</ele>
        <time>2024-03-17T05:12:47.374Z</time>
      </trkpt>
      <trkpt lat="35.64419997856021" lon="127.52615994773805">
        <ele>483.3999938964844</ele>
        <time>2024-03-17T05:13:22.374Z</time>
      </trkpt>
      <trkpt lat="35.6441899202764" lon="127.52614997327328">
        <ele>483.20001220703125</ele>
        <time>2024-03-17T05:13:57.374Z</time>
      </trkpt>
      <trkpt lat="35.64424993470311" lon="127.52603991888463">
        <ele>484.3999938964844</ele>
        <time>2024-03-17T05:14:32.374Z</time>
      </trkpt>
      <trkpt lat="35.64430994912982" lon="127.52598996274173">
        <ele>485.20001220703125</ele>
        <time>2024-03-17T05:15:07.374Z</time>
      </trkpt>
      <trkpt lat="35.64443995244801" lon="127.52591997385025">
        <ele>487</ele>
        <time>2024-03-17T05:15:41.374Z</time>
      </trkpt>
      <trkpt lat="35.64450994133949" lon="127.52582995221019">
        <ele>488</ele>
        <time>2024-03-17T05:16:16.374Z</time>
      </trkpt>
      <trkpt lat="35.64452997408807" lon="127.5257599633187">
        <ele>487.79998779296875</ele>
        <time>2024-03-17T05:16:51.374Z</time>
      </trkpt>
      <trkpt lat="35.64453994855285" lon="127.52566994167864">
        <ele>487.6000061035156</ele>
        <time>2024-03-17T05:17:26.374Z</time>
      </trkpt>
      <trkpt lat="35.64458998851478" lon="127.52552996389568">
        <ele>487.6000061035156</ele>
        <time>2024-03-17T05:18:01.374Z</time>
      </trkpt>
      <trkpt lat="35.64467992633581" lon="127.52547992393374">
        <ele>487.79998779296875</ele>
        <time>2024-03-17T05:18:36.374Z</time>
      </trkpt>
      <trkpt lat="35.644749999046326" lon="127.52539996057749">
        <ele>488.20001220703125</ele>
        <time>2024-03-17T05:19:11.374Z</time>
      </trkpt>
      <trkpt lat="35.64482996240258" lon="127.52537992782891">
        <ele>488.79998779296875</ele>
        <time>2024-03-17T05:19:45.374Z</time>
      </trkpt>
      <trkpt lat="35.64486994408071" lon="127.52535997889936">
        <ele>489.20001220703125</ele>
        <time>2024-03-17T05:20:20.374Z</time>
      </trkpt>
      <trkpt lat="35.64488997682929" lon="127.52535997889936">
        <ele>489.6000061035156</ele>
        <time>2024-03-17T05:20:55.374Z</time>
      </trkpt>
      <trkpt lat="35.64498997293413" lon="127.52531999722123">
        <ele>491.20001220703125</ele>
        <time>2024-03-17T05:21:30.374Z</time>
      </trkpt>
      <trkpt lat="35.645029954612255" lon="127.52527993172407">
        <ele>491.79998779296875</ele>
        <time>2024-03-17T05:22:05.374Z</time>
      </trkpt>
      <trkpt lat="35.64503992907703" lon="127.52524992451072">
        <ele>491.79998779296875</ele>
        <time>2024-03-17T05:22:40.374Z</time>
      </trkpt>
      <trkpt lat="35.64505996182561" lon="127.52512997947633">
        <ele>491.3999938964844</ele>
        <time>2024-03-17T05:23:15.374Z</time>
      </trkpt>
      <trkpt lat="35.64501998014748" lon="127.52495999448001">
        <ele>490.79998779296875</ele>
        <time>2024-03-17T05:23:50.374Z</time>
      </trkpt>
      <trkpt lat="35.644949991256" lon="127.52478992566466">
        <ele>490.20001220703125</ele>
        <time>2024-03-17T05:24:25.374Z</time>
      </trkpt>
      <trkpt lat="35.644949991256" lon="127.52476997673512">
        <ele>490.20001220703125</ele>
        <time>2024-03-17T05:25:00.374Z</time>
      </trkpt>
      <trkpt lat="35.64496994018555" lon="127.52471993677318">
        <ele>490.79998779296875</ele>
        <time>2024-03-17T05:25:35.374Z</time>
      </trkpt>
      <trkpt lat="35.645009921863675" lon="127.52465992234647">
        <ele>491.20001220703125</ele>
        <time>2024-03-17T05:26:10.374Z</time>
      </trkpt>
      <trkpt lat="35.6449999473989" lon="127.52458993345499">
        <ele>490.79998779296875</ele>
        <time>2024-03-17T05:26:45.374Z</time>
      </trkpt>
      <trkpt lat="35.644879918545485" lon="127.5244099739939">
        <ele>487.6000061035156</ele>
        <time>2024-03-17T05:27:20.374Z</time>
      </trkpt>
      <trkpt lat="35.64484999515116" lon="127.5242799706757">
        <ele>485.79998779296875</ele>
        <time>2024-03-17T05:27:55.374Z</time>
      </trkpt>
      <trkpt lat="35.64482996240258" lon="127.52424996346235">
        <ele>485</ele>
        <time>2024-03-17T05:28:30.374Z</time>
      </trkpt>
      <trkpt lat="35.644809929654" lon="127.52414996735752">
        <ele>483</ele>
        <time>2024-03-17T05:29:05.374Z</time>
      </trkpt>
      <trkpt lat="35.64481998793781" lon="127.52404997125268">
        <ele>481.3999938964844</ele>
        <time>2024-03-17T05:29:40.374Z</time>
      </trkpt>
      <trkpt lat="35.644809929654" lon="127.52401996403933">
        <ele>480.79998779296875</ele>
        <time>2024-03-17T05:30:15.374Z</time>
      </trkpt>
      <trkpt lat="35.64481998793781" lon="127.52396992407739">
        <ele>480</ele>
        <time>2024-03-17T05:30:50.374Z</time>
      </trkpt>
      <trkpt lat="35.644809929654" lon="127.52395994961262">
        <ele>479.6000061035156</ele>
        <time>2024-03-17T05:31:25.374Z</time>
      </trkpt>
      <trkpt lat="35.64479995518923" lon="127.52392994239926">
        <ele>479</ele>
        <time>2024-03-17T05:32:00.374Z</time>
      </trkpt>
      <trkpt lat="35.644859969615936" lon="127.5237899646163">
        <ele>477.6000061035156</ele>
        <time>2024-03-17T05:32:35.374Z</time>
      </trkpt>
      <trkpt lat="35.64484999515116" lon="127.52365996129811">
        <ele>475.20001220703125</ele>
        <time>2024-03-17T05:33:10.374Z</time>
      </trkpt>
      <trkpt lat="35.644839936867356" lon="127.52362995408475">
        <ele>474.6000061035156</ele>
        <time>2024-03-17T05:33:45.374Z</time>
      </trkpt>
      <trkpt lat="35.64469995908439" lon="127.5234099291265">
        <ele>469.6000061035156</ele>
        <time>2024-03-17T05:34:20.374Z</time>
      </trkpt>
      <trkpt lat="35.64468998461962" lon="127.52320993691683">
        <ele>466</ele>
        <time>2024-03-17T05:34:55.374Z</time>
      </trkpt>
      <trkpt lat="35.64467992633581" lon="127.5231199990958">
        <ele>464</ele>
        <time>2024-03-17T05:35:30.374Z</time>
      </trkpt>
      <trkpt lat="35.64463994465768" lon="127.52301991917193">
        <ele>461.79998779296875</ele>
        <time>2024-03-17T05:36:05.374Z</time>
      </trkpt>
      <trkpt lat="35.64464991912246" lon="127.52296996302903">
        <ele>461</ele>
        <time>2024-03-17T05:36:40.374Z</time>
      </trkpt>
      <trkpt lat="35.64463994465768" lon="127.52288999967277">
        <ele>459.3999938964844</ele>
        <time>2024-03-17T05:37:15.374Z</time>
      </trkpt>
      <trkpt lat="35.644599962979555" lon="127.52275999635458">
        <ele>457</ele>
        <time>2024-03-17T05:37:51.374Z</time>
      </trkpt>
      <trkpt lat="35.644599962979555" lon="127.52270995639265">
        <ele>456</ele>
        <time>2024-03-17T05:38:26.374Z</time>
      </trkpt>
      <trkpt lat="35.644579930230975" lon="127.52263996750116">
        <ele>454.79998779296875</ele>
        <time>2024-03-17T05:39:01.374Z</time>
      </trkpt>
      <trkpt lat="35.64458998851478" lon="127.52258992753923">
        <ele>453.79998779296875</ele>
        <time>2024-03-17T05:39:36.374Z</time>
      </trkpt>
      <trkpt lat="35.644579930230975" lon="127.52257995307446">
        <ele>453.6000061035156</ele>
        <time>2024-03-17T05:40:11.374Z</time>
      </trkpt>
      <trkpt lat="35.64455998130143" lon="127.52258992753923">
        <ele>453.79998779296875</ele>
        <time>2024-03-17T05:40:46.374Z</time>
      </trkpt>
      <trkpt lat="35.64453994855285" lon="127.5224899314344">
        <ele>452.20001220703125</ele>
        <time>2024-03-17T05:41:22.374Z</time>
      </trkpt>
      <trkpt lat="35.6445699557662" lon="127.52240996807814">
        <ele>452</ele>
        <time>2024-03-17T05:41:57.374Z</time>
      </trkpt>
      <trkpt lat="35.64462997019291" lon="127.52236998640001">
        <ele>452</ele>
        <time>2024-03-17T05:42:32.374Z</time>
      </trkpt>
      <trkpt lat="35.64477992244065" lon="127.52231994643807">
        <ele>449.6000061035156</ele>
        <time>2024-03-17T05:43:07.374Z</time>
      </trkpt>
      <trkpt lat="35.64484999515116" lon="127.52227996475995">
        <ele>448.20001220703125</ele>
        <time>2024-03-17T05:43:42.374Z</time>
      </trkpt>
      <trkpt lat="35.644859969615936" lon="127.52224995754659">
        <ele>447.3999938964844</ele>
        <time>2024-03-17T05:44:17.374Z</time>
      </trkpt>
      <trkpt lat="35.644859969615936" lon="127.52218994311988">
        <ele>446.20001220703125</ele>
        <time>2024-03-17T05:44:53.374Z</time>
      </trkpt>
      <trkpt lat="35.64473994076252" lon="127.52176992595196">
        <ele>440.79998779296875</ele>
        <time>2024-03-17T05:45:28.374Z</time>
      </trkpt>
      <trkpt lat="35.64454992301762" lon="127.52123993821442">
        <ele>443.3999938964844</ele>
        <time>2024-03-17T05:46:03.374Z</time>
      </trkpt>
      <trkpt lat="35.644429977983236" lon="127.5210199970752">
        <ele>444.3999938964844</ele>
        <time>2024-03-17T05:46:39.374Z</time>
      </trkpt>
      <trkpt lat="35.64434993080795" lon="127.52089996822178">
        <ele>443.3999938964844</ele>
        <time>2024-03-17T05:47:14.374Z</time>
      </trkpt>
      <trkpt lat="35.644279941916466" lon="127.52083995379508">
        <ele>443</ele>
        <time>2024-03-17T05:47:49.374Z</time>
      </trkpt>
      <trkpt lat="35.64407994970679" lon="127.52062998712063">
        <ele>439</ele>
        <time>2024-03-17T05:48:25.374Z</time>
      </trkpt>
      <trkpt lat="35.64402999356389" lon="127.52047995105386">
        <ele>437.20001220703125</ele>
        <time>2024-03-17T05:49:00.374Z</time>
      </trkpt>
      <trkpt lat="35.644019935280085" lon="127.52042999491096">
        <ele>436.79998779296875</ele>
        <time>2024-03-17T05:49:35.374Z</time>
      </trkpt>
      <trkpt lat="35.64402999356389" lon="127.52018993720412">
        <ele>436.20001220703125</ele>
        <time>2024-03-17T05:50:11.374Z</time>
      </trkpt>
      <trkpt lat="35.644019935280085" lon="127.51999991945922">
        <ele>435</ele>
        <time>2024-03-17T05:50:46.374Z</time>
      </trkpt>
      <trkpt lat="35.64400996081531" lon="127.51993998885155">
        <ele>434.79998779296875</ele>
        <time>2024-03-17T05:51:22.374Z</time>
      </trkpt>
      <trkpt lat="35.643979953601956" lon="127.51984996721148">
        <ele>434.6000061035156</ele>
        <time>2024-03-17T05:51:57.374Z</time>
      </trkpt>
      <trkpt lat="35.6438999902457" lon="127.51964997500181">
        <ele>433.3999938964844</ele>
        <time>2024-03-17T05:52:33.374Z</time>
      </trkpt>
      <trkpt lat="35.643869983032346" lon="127.51953992061317">
        <ele>432.6000061035156</ele>
        <time>2024-03-17T05:53:08.374Z</time>
      </trkpt>
      <trkpt lat="35.64383997581899" lon="127.51911998726428">
        <ele>429.3999938964844</ele>
        <time>2024-03-17T05:53:43.374Z</time>
      </trkpt>
      <trkpt lat="35.64379999414086" lon="127.51901999115944">
        <ele>428.3999938964844</ele>
        <time>2024-03-17T05:54:19.374Z</time>
      </trkpt>
      <trkpt lat="35.643719946965575" lon="127.51895997673273">
        <ele>427.79998779296875</ele>
        <time>2024-03-17T05:54:54.374Z</time>
      </trkpt>
      <trkpt lat="35.64357996918261" lon="127.51883994787931">
        <ele>426.6000061035156</ele>
        <time>2024-03-17T05:55:30.374Z</time>
      </trkpt>
      <trkpt lat="35.64353998750448" lon="127.51881999894977">
        <ele>426.3999938964844</ele>
        <time>2024-03-17T05:56:06.374Z</time>
      </trkpt>
      <trkpt lat="35.643419958651066" lon="127.5187299773097">
        <ele>425.79998779296875</ele>
        <time>2024-03-17T05:56:41.374Z</time>
      </trkpt>
      <trkpt lat="35.64322994090617" lon="127.51855999231339">
        <ele>425.3999938964844</ele>
        <time>2024-03-17T05:57:17.374Z</time>
      </trkpt>
      <trkpt lat="35.64293992705643" lon="127.51826997846365">
        <ele>426.20001220703125</ele>
        <time>2024-03-17T05:57:52.374Z</time>
      </trkpt>
      <trkpt lat="35.642859963700175" lon="127.51819998957217">
        <ele>426.6000061035156</ele>
        <time>2024-03-17T05:58:28.374Z</time>
      </trkpt>
      <trkpt lat="35.642839930951595" lon="127.51816998235881">
        <ele>426.79998779296875</ele>
        <time>2024-03-17T05:59:04.374Z</time>
      </trkpt>
      <trkpt lat="35.64268997870386" lon="127.51805992797017">
        <ele>428</ele>
        <time>2024-03-17T05:59:39.374Z</time>
      </trkpt>
      <trkpt lat="35.64263993874192" lon="127.51803997904062">
        <ele>428.20001220703125</ele>
        <time>2024-03-17T06:00:15.374Z</time>
      </trkpt>
      <trkpt lat="35.64250993542373" lon="127.51806998625398">
        <ele>429</ele>
        <time>2024-03-17T06:00:51.374Z</time>
      </trkpt>
      <trkpt lat="35.642429972067475" lon="127.51809999346733">
        <ele>428.79998779296875</ele>
        <time>2024-03-17T06:01:26.374Z</time>
      </trkpt>
      <trkpt lat="35.64230994321406" lon="127.51821993850172">
        <ele>428.3999938964844</ele>
        <time>2024-03-17T06:02:02.374Z</time>
      </trkpt>
      <trkpt lat="35.64225998707116" lon="127.518299985677">
        <ele>428.20001220703125</ele>
        <time>2024-03-17T06:02:38.374Z</time>
      </trkpt>
      <trkpt lat="35.64213995821774" lon="127.51843996345997">
        <ele>429.20001220703125</ele>
        <time>2024-03-17T06:03:13.374Z</time>
      </trkpt>
      <trkpt lat="35.64194994047284" lon="127.51860994845629">
        <ele>430.20001220703125</ele>
        <time>2024-03-17T06:03:49.374Z</time>
      </trkpt>
      <trkpt lat="35.641869977116585" lon="127.51873995177448">
        <ele>430</ele>
        <time>2024-03-17T06:04:25.374Z</time>
      </trkpt>
      <trkpt lat="35.64185991883278" lon="127.51883994787931">
        <ele>429.6000061035156</ele>
        <time>2024-03-17T06:05:01.374Z</time>
      </trkpt>
      <trkpt lat="35.64182999543846" lon="127.51888998784125">
        <ele>429.6000061035156</ele>
        <time>2024-03-17T06:05:36.374Z</time>
      </trkpt>
      <trkpt lat="35.6417899299413" lon="127.51893994398415">
        <ele>429.6000061035156</ele>
        <time>2024-03-17T06:06:12.374Z</time>
      </trkpt>
      <trkpt lat="35.6417899299413" lon="127.51898998394608">
        <ele>429.6000061035156</ele>
        <time>2024-03-17T06:06:48.374Z</time>
      </trkpt>
      <trkpt lat="35.64175992272794" lon="127.5190999545157">
        <ele>429.79998779296875</ele>
        <time>2024-03-17T06:07:24.374Z</time>
      </trkpt>
      <trkpt lat="35.641719941049814" lon="127.5193499866873">
        <ele>431.20001220703125</ele>
        <time>2024-03-17T06:08:00.374Z</time>
      </trkpt>
      <trkpt lat="35.641699992120266" lon="127.51938996836543">
        <ele>431.6000061035156</ele>
        <time>2024-03-17T06:08:35.374Z</time>
      </trkpt>
      <trkpt lat="35.641659926623106" lon="127.51942995004356">
        <ele>432</ele>
        <time>2024-03-17T06:09:11.374Z</time>
      </trkpt>
      <trkpt lat="35.64155993051827" lon="127.51948996447027">
        <ele>432.3999938964844</ele>
        <time>2024-03-17T06:09:47.374Z</time>
      </trkpt>
      <trkpt lat="35.641529923304915" lon="127.51954997889698">
        <ele>432.20001220703125</ele>
        <time>2024-03-17T06:10:23.374Z</time>
      </trkpt>
      <trkpt lat="35.641439985483885" lon="127.51960999332368">
        <ele>433</ele>
        <time>2024-03-17T06:10:59.374Z</time>
      </trkpt>
      <trkpt lat="35.641399919986725" lon="127.51961996778846">
        <ele>433.20001220703125</ele>
        <time>2024-03-17T06:11:35.374Z</time>
      </trkpt>
      <trkpt lat="35.64127997495234" lon="127.51967998221517">
        <ele>433.6000061035156</ele>
        <time>2024-03-17T06:12:10.374Z</time>
      </trkpt>
      <trkpt lat="35.641229934990406" lon="127.51968995667994">
        <ele>433.79998779296875</ele>
        <time>2024-03-17T06:12:46.374Z</time>
      </trkpt>
      <trkpt lat="35.640969928354025" lon="127.5198299344629">
        <ele>434</ele>
        <time>2024-03-17T06:13:22.374Z</time>
      </trkpt>
      <trkpt lat="35.640749987214804" lon="127.51999991945922">
        <ele>434.3999938964844</ele>
        <time>2024-03-17T06:13:58.374Z</time>
      </trkpt>
      <trkpt lat="35.640669940039515" lon="127.52003998495638">
        <ele>434.79998779296875</ele>
        <time>2024-03-17T06:14:34.374Z</time>
      </trkpt>
      <trkpt lat="35.64039995893836" lon="127.52012992277741">
        <ele>436.3999938964844</ele>
        <time>2024-03-17T06:15:10.374Z</time>
      </trkpt>
      <trkpt lat="35.640299962833524" lon="127.52016998827457">
        <ele>437.20001220703125</ele>
        <time>2024-03-17T06:15:46.374Z</time>
      </trkpt>
      <trkpt lat="35.64039995893836" lon="127.52024995163083">
        <ele>436.3999938964844</ele>
        <time>2024-03-17T06:16:22.374Z</time>
      </trkpt>
    </trkseg>
  </trk>
</gpx>
