<?xml version="1.0" encoding="UTF-8"?>
<gpx xmlns="http://www.topografix.com/GPX/1/1" creator="MTK - http://www.toursprung.com" version="1.1" xmlns:xsi="http://www.w3.org/2001/XMLSchema-instance" xsi:schemaLocation="http://www.topografix.com/GPX/1/1 http://www.topografix.com/GPX/1/1/gpx.xsd">
<metadata>
<name>여수_27KM</name>
<extensions><extra>{&quot;smoothElevationsStrength&quot;:0.75}</extra></extensions>
</metadata>

<trk>
<name>여수_27KM</name>
<trkseg>
<trkpt lat="34.646470" lon="127.610760" sectionIndex="0" pointIndex="0" originalElevation="47.0" isOriginalElevationFromOSM="false" isAnchor="false"><ele>59.6</ele></trkpt>
<trkpt lat="34.646560" lon="127.610650" sectionIndex="0" pointIndex="1" originalElevation="47.0" isOriginalElevationFromOSM="false" isAnchor="false"><ele>60.9</ele></trkpt>
<trkpt lat="34.646640" lon="127.610540" sectionIndex="0" pointIndex="2" originalElevation="47.0" isOriginalElevationFromOSM="false" isAnchor="false"><ele>62.3</ele></trkpt>
<trkpt lat="34.646770" lon="127.610270" sectionIndex="0" pointIndex="3" originalElevation="46.0" isOriginalElevationFromOSM="false" isAnchor="false"><ele>63.8</ele></trkpt>
<trkpt lat="34.646830" lon="127.610200" sectionIndex="0" pointIndex="4" originalElevation="46.0" isOriginalElevationFromOSM="false" isAnchor="false"><ele>65.3</ele></trkpt>
<trkpt lat="34.646970" lon="127.610080" sectionIndex="0" pointIndex="5" originalElevation="67.0" isOriginalElevationFromOSM="false" isAnchor="false"><ele>67.0</ele></trkpt>
<trkpt lat="34.647050" lon="127.610040" sectionIndex="0" pointIndex="6" originalElevation="67.0" isOriginalElevationFromOSM="false" isAnchor="false"><ele>68.9</ele></trkpt>
<trkpt lat="34.647180" lon="127.609900" sectionIndex="0" pointIndex="7" originalElevation="67.0" isOriginalElevationFromOSM="false" isAnchor="false"><ele>70.8</ele></trkpt>
<trkpt lat="34.647310" lon="127.609670" sectionIndex="0" pointIndex="8" originalElevation="67.0" isOriginalElevationFromOSM="false" isAnchor="false"><ele>72.9</ele></trkpt>
<trkpt lat="34.647670" lon="127.608950" sectionIndex="0" pointIndex="9" originalElevation="67.0" isOriginalElevationFromOSM="false" isAnchor="false"><ele>75.1</ele></trkpt>
<trkpt lat="34.647780" lon="127.608670" sectionIndex="0" pointIndex="10" originalElevation="67.0" isOriginalElevationFromOSM="false" isAnchor="false"><ele>77.4</ele></trkpt>
<trkpt lat="34.647920" lon="127.608280" sectionIndex="0" pointIndex="11" originalElevation="90.0" isOriginalElevationFromOSM="false" isAnchor="false"><ele>79.8</ele></trkpt>
<trkpt lat="34.647990" lon="127.608140" sectionIndex="0" pointIndex="12" originalElevation="90.0" isOriginalElevationFromOSM="false" isAnchor="false"><ele>82.4</ele></trkpt>
<trkpt lat="34.648030" lon="127.607940" sectionIndex="0" pointIndex="13" originalElevation="90.0" isOriginalElevationFromOSM="false" isAnchor="false"><ele>85.1</ele></trkpt>
<trkpt lat="34.648020" lon="127.607910" sectionIndex="0" pointIndex="14" originalElevation="88.5" isOriginalElevationFromOSM="false" isAnchor="false"><ele>87.9</ele></trkpt>
<trkpt lat="34.648020" lon="127.607910" sectionIndex="0" pointIndex="15" originalElevation="88.5" isOriginalElevationFromOSM="false" isAnchor="false"><ele>90.8</ele></trkpt>
<trkpt lat="34.648030" lon="127.607940" sectionIndex="0" pointIndex="16" originalElevation="90.0" isOriginalElevationFromOSM="false" isAnchor="false"><ele>94.3</ele></trkpt>
<trkpt lat="34.648160" lon="127.608310" sectionIndex="0" pointIndex="17" originalElevation="90.0" isOriginalElevationFromOSM="false" isAnchor="false"><ele>97.8</ele></trkpt>
<trkpt lat="34.648150" lon="127.608530" sectionIndex="0" pointIndex="18" originalElevation="90.0" isOriginalElevationFromOSM="false" isAnchor="false"><ele>101.4</ele></trkpt>
<trkpt lat="34.648180" lon="127.609120" sectionIndex="0" pointIndex="19" originalElevation="93.5" isOriginalElevationFromOSM="false" isAnchor="false"><ele>105.2</ele></trkpt>
<trkpt lat="34.648203" lon="127.609118" sectionIndex="0" pointIndex="20" originalElevation="105.4" isOriginalElevationFromOSM="false" isAnchor="false"><ele>109.0</ele></trkpt>
<trkpt lat="34.648247" lon="127.609930" sectionIndex="0" pointIndex="21" originalElevation="113.0" isOriginalElevationFromOSM="false" isAnchor="false"><ele>112.9</ele></trkpt>
<trkpt lat="34.648305" lon="127.611376" sectionIndex="0" pointIndex="22" originalElevation="117.0" isOriginalElevationFromOSM="false" isAnchor="false"><ele>116.9</ele></trkpt>
<trkpt lat="34.648210" lon="127.612941" sectionIndex="0" pointIndex="23" originalElevation="120.0" isOriginalElevationFromOSM="false" isAnchor="false"><ele>121.0</ele></trkpt>
<trkpt lat="34.647951" lon="127.613818" sectionIndex="0" pointIndex="24" originalElevation="125.0" isOriginalElevationFromOSM="false" isAnchor="false"><ele>125.3</ele></trkpt>
<trkpt lat="34.648068" lon="127.613803" sectionIndex="0" pointIndex="25" originalElevation="124.0" isOriginalElevationFromOSM="false" isAnchor="false"><ele>129.7</ele></trkpt>
<trkpt lat="34.648452" lon="127.613362" sectionIndex="0" pointIndex="26" originalElevation="126.0" isOriginalElevationFromOSM="false" isAnchor="false"><ele>134.2</ele></trkpt>
<trkpt lat="34.648783" lon="127.613588" sectionIndex="0" pointIndex="27" originalElevation="138.0" isOriginalElevationFromOSM="false" isAnchor="false"><ele>138.8</ele></trkpt>
<trkpt lat="34.648897" lon="127.613808" sectionIndex="0" pointIndex="28" originalElevation="140.0" isOriginalElevationFromOSM="false" isAnchor="false"><ele>143.4</ele></trkpt>
<trkpt lat="34.648922" lon="127.614281" sectionIndex="0" pointIndex="29" originalElevation="142.0" isOriginalElevationFromOSM="false" isAnchor="false"><ele>148.1</ele></trkpt>
<trkpt lat="34.649156" lon="127.615107" sectionIndex="0" pointIndex="30" originalElevation="152.0" isOriginalElevationFromOSM="false" isAnchor="false"><ele>153.0</ele></trkpt>
<trkpt lat="34.649842" lon="127.615853" sectionIndex="0" pointIndex="31" originalElevation="167.0" isOriginalElevationFromOSM="false" isAnchor="false"><ele>157.9</ele></trkpt>
<trkpt lat="34.649792" lon="127.616023" sectionIndex="0" pointIndex="32" originalElevation="169.0" isOriginalElevationFromOSM="false" isAnchor="false"><ele>162.9</ele></trkpt>
<trkpt lat="34.649438" lon="127.616396" sectionIndex="0" pointIndex="33" originalElevation="171.0" isOriginalElevationFromOSM="false" isAnchor="false"><ele>167.9</ele></trkpt>
<trkpt lat="34.649450" lon="127.616969" sectionIndex="0" pointIndex="34" originalElevation="173.0" isOriginalElevationFromOSM="false" isAnchor="false"><ele>173.0</ele></trkpt>
<trkpt lat="34.649569" lon="127.617214" sectionIndex="0" pointIndex="35" originalElevation="175.0" isOriginalElevationFromOSM="false" isAnchor="false"><ele>178.0</ele></trkpt>
<trkpt lat="34.650130" lon="127.616822" sectionIndex="0" pointIndex="36" originalElevation="181.0" isOriginalElevationFromOSM="false" isAnchor="false"><ele>183.1</ele></trkpt>
<trkpt lat="34.649928" lon="127.616620" sectionIndex="0" pointIndex="37" originalElevation="187.0" isOriginalElevationFromOSM="false" isAnchor="false"><ele>188.1</ele></trkpt>
<trkpt lat="34.649946" lon="127.616497" sectionIndex="0" pointIndex="38" originalElevation="189.0" isOriginalElevationFromOSM="false" isAnchor="false"><ele>193.2</ele></trkpt>
<trkpt lat="34.650700" lon="127.616800" sectionIndex="0" pointIndex="39" originalElevation="197.0" isOriginalElevationFromOSM="false" isAnchor="false"><ele>198.3</ele></trkpt>
<trkpt lat="34.650930" lon="127.616740" sectionIndex="0" pointIndex="40" originalElevation="200.0" isOriginalElevationFromOSM="false" isAnchor="false"><ele>203.4</ele></trkpt>
<trkpt lat="34.651211" lon="127.616520" sectionIndex="0" pointIndex="41" originalElevation="206.0" isOriginalElevationFromOSM="false" isAnchor="false"><ele>208.6</ele></trkpt>
<trkpt lat="34.651523" lon="127.616005" sectionIndex="0" pointIndex="42" originalElevation="213.0" isOriginalElevationFromOSM="false" isAnchor="false"><ele>213.8</ele></trkpt>
<trkpt lat="34.651875" lon="127.615814" sectionIndex="0" pointIndex="43" originalElevation="221.0" isOriginalElevationFromOSM="false" isAnchor="false"><ele>219.1</ele></trkpt>
<trkpt lat="34.651731" lon="127.615715" sectionIndex="0" pointIndex="44" originalElevation="225.0" isOriginalElevationFromOSM="false" isAnchor="false"><ele>224.3</ele></trkpt>
<trkpt lat="34.651171" lon="127.615839" sectionIndex="0" pointIndex="45" originalElevation="232.0" isOriginalElevationFromOSM="false" isAnchor="false"><ele>229.6</ele></trkpt>
<trkpt lat="34.651145" lon="127.615770" sectionIndex="0" pointIndex="46" originalElevation="237.0" isOriginalElevationFromOSM="false" isAnchor="false"><ele>234.9</ele></trkpt>
<trkpt lat="34.651627" lon="127.615427" sectionIndex="0" pointIndex="47" originalElevation="241.0" isOriginalElevationFromOSM="false" isAnchor="false"><ele>240.3</ele></trkpt>
<trkpt lat="34.652281" lon="127.615351" sectionIndex="0" pointIndex="48" originalElevation="246.0" isOriginalElevationFromOSM="false" isAnchor="false"><ele>245.6</ele></trkpt>
<trkpt lat="34.652473" lon="127.615222" sectionIndex="0" pointIndex="49" originalElevation="248.0" isOriginalElevationFromOSM="false" isAnchor="false"><ele>251.0</ele></trkpt>
<trkpt lat="34.652725" lon="127.614570" sectionIndex="0" pointIndex="50" originalElevation="255.0" isOriginalElevationFromOSM="false" isAnchor="false"><ele>256.4</ele></trkpt>
<trkpt lat="34.653033" lon="127.614306" sectionIndex="0" pointIndex="51" originalElevation="260.0" isOriginalElevationFromOSM="false" isAnchor="false"><ele>261.8</ele></trkpt>
<trkpt lat="34.653138" lon="127.613821" sectionIndex="0" pointIndex="52" originalElevation="265.0" isOriginalElevationFromOSM="false" isAnchor="false"><ele>267.2</ele></trkpt>
<trkpt lat="34.653476" lon="127.613706" sectionIndex="0" pointIndex="53" originalElevation="270.0" isOriginalElevationFromOSM="false" isAnchor="false"><ele>272.5</ele></trkpt>
<trkpt lat="34.654022" lon="127.613335" sectionIndex="0" pointIndex="54" originalElevation="276.0" isOriginalElevationFromOSM="false" isAnchor="false"><ele>277.8</ele></trkpt>
<trkpt lat="34.654295" lon="127.613300" sectionIndex="0" pointIndex="55" originalElevation="279.0" isOriginalElevationFromOSM="false" isAnchor="false"><ele>282.9</ele></trkpt>
<trkpt lat="34.654705" lon="127.613401" sectionIndex="0" pointIndex="56" originalElevation="292.0" isOriginalElevationFromOSM="false" isAnchor="false"><ele>287.8</ele></trkpt>
<trkpt lat="34.654733" lon="127.612679" sectionIndex="0" pointIndex="57" originalElevation="293.0" isOriginalElevationFromOSM="false" isAnchor="false"><ele>292.6</ele></trkpt>
<trkpt lat="34.655148" lon="127.611537" sectionIndex="0" pointIndex="58" originalElevation="304.0" isOriginalElevationFromOSM="false" isAnchor="false"><ele>297.1</ele></trkpt>
<trkpt lat="34.655140" lon="127.611301" sectionIndex="0" pointIndex="59" originalElevation="308.0" isOriginalElevationFromOSM="false" isAnchor="false"><ele>301.2</ele></trkpt>
<trkpt lat="34.654937" lon="127.611056" sectionIndex="0" pointIndex="60" originalElevation="312.0" isOriginalElevationFromOSM="false" isAnchor="false"><ele>305.0</ele></trkpt>
<trkpt lat="34.653864" lon="127.610873" sectionIndex="0" pointIndex="61" originalElevation="324.0" isOriginalElevationFromOSM="false" isAnchor="false"><ele>308.5</ele></trkpt>
<trkpt lat="34.653541" lon="127.610608" sectionIndex="0" pointIndex="62" originalElevation="328.0" isOriginalElevationFromOSM="false" isAnchor="false"><ele>311.6</ele></trkpt>
<trkpt lat="34.653388" lon="127.610335" sectionIndex="0" pointIndex="63" originalElevation="330.0" isOriginalElevationFromOSM="false" isAnchor="false"><ele>314.1</ele></trkpt>
<trkpt lat="34.653328" lon="127.610010" sectionIndex="0" pointIndex="64" originalElevation="331.0" isOriginalElevationFromOSM="false" isAnchor="false"><ele>316.0</ele></trkpt>
<trkpt lat="34.653319" lon="127.608539" sectionIndex="0" pointIndex="65" originalElevation="336.0" isOriginalElevationFromOSM="false" isAnchor="false"><ele>317.5</ele></trkpt>
<trkpt lat="34.653445" lon="127.608204" sectionIndex="0" pointIndex="66" originalElevation="336.0" isOriginalElevationFromOSM="false" isAnchor="false"><ele>318.5</ele></trkpt>
<trkpt lat="34.653957" lon="127.607761" sectionIndex="0" pointIndex="67" originalElevation="337.0" isOriginalElevationFromOSM="false" isAnchor="false"><ele>318.9</ele></trkpt>
<trkpt lat="34.654058" lon="127.607524" sectionIndex="0" pointIndex="68" originalElevation="337.0" isOriginalElevationFromOSM="false" isAnchor="false"><ele>318.8</ele></trkpt>
<trkpt lat="34.653960" lon="127.607031" sectionIndex="0" pointIndex="69" originalElevation="336.0" isOriginalElevationFromOSM="false" isAnchor="false"><ele>318.2</ele></trkpt>
<trkpt lat="34.653644" lon="127.606660" sectionIndex="0" pointIndex="70" originalElevation="328.0" isOriginalElevationFromOSM="false" isAnchor="false"><ele>317.1</ele></trkpt>
<trkpt lat="34.653489" lon="127.606273" sectionIndex="0" pointIndex="71" originalElevation="327.0" isOriginalElevationFromOSM="false" isAnchor="false"><ele>315.7</ele></trkpt>
<trkpt lat="34.653315" lon="127.605577" sectionIndex="0" pointIndex="72" originalElevation="326.0" isOriginalElevationFromOSM="false" isAnchor="false"><ele>313.8</ele></trkpt>
<trkpt lat="34.653335" lon="127.605328" sectionIndex="0" pointIndex="73" originalElevation="320.0" isOriginalElevationFromOSM="false" isAnchor="false"><ele>311.6</ele></trkpt>
<trkpt lat="34.654530" lon="127.603864" sectionIndex="0" pointIndex="74" originalElevation="309.0" isOriginalElevationFromOSM="false" isAnchor="false"><ele>309.1</ele></trkpt>
<trkpt lat="34.655185" lon="127.603160" sectionIndex="0" pointIndex="75" originalElevation="308.0" isOriginalElevationFromOSM="false" isAnchor="false"><ele>306.6</ele></trkpt>
<trkpt lat="34.655503" lon="127.602573" sectionIndex="0" pointIndex="76" originalElevation="312.0" isOriginalElevationFromOSM="false" isAnchor="false"><ele>304.0</ele></trkpt>
<trkpt lat="34.655524" lon="127.602552" sectionIndex="0" pointIndex="77" originalElevation="312.0" isOriginalElevationFromOSM="false" isAnchor="false"><ele>301.4</ele></trkpt>
<trkpt lat="34.655524" lon="127.602552" sectionIndex="0" pointIndex="78" originalElevation="278.0" isOriginalElevationFromOSM="false" isAnchor="false"><ele>298.9</ele></trkpt>
<trkpt lat="34.655564" lon="127.602577" sectionIndex="0" pointIndex="79" originalElevation="278.0" isOriginalElevationFromOSM="false" isAnchor="false"><ele>296.5</ele></trkpt>
<trkpt lat="34.655604" lon="127.602602" sectionIndex="0" pointIndex="80" originalElevation="278.0" isOriginalElevationFromOSM="false" isAnchor="false"><ele>294.3</ele></trkpt>
<trkpt lat="34.655644" lon="127.602627" sectionIndex="0" pointIndex="81" originalElevation="278.0" isOriginalElevationFromOSM="false" isAnchor="false"><ele>292.3</ele></trkpt>
<trkpt lat="34.655647" lon="127.602629" sectionIndex="0" pointIndex="82" originalElevation="278.0" isOriginalElevationFromOSM="false" isAnchor="false"><ele>290.6</ele></trkpt>
<trkpt lat="34.655647" lon="127.602629" sectionIndex="0" pointIndex="83" originalElevation="278.0" isOriginalElevationFromOSM="false" isAnchor="false"><ele>289.2</ele></trkpt>
<trkpt lat="34.655690" lon="127.602613" sectionIndex="0" pointIndex="84" originalElevation="278.0" isOriginalElevationFromOSM="false" isAnchor="false"><ele>288.2</ele></trkpt>
<trkpt lat="34.655733" lon="127.602597" sectionIndex="0" pointIndex="85" originalElevation="278.0" isOriginalElevationFromOSM="false" isAnchor="false"><ele>287.4</ele></trkpt>
<trkpt lat="34.655760" lon="127.602586" sectionIndex="0" pointIndex="86" originalElevation="278.0" isOriginalElevationFromOSM="false" isAnchor="false"><ele>286.9</ele></trkpt>
<trkpt lat="34.655760" lon="127.602586" sectionIndex="0" pointIndex="87" originalElevation="278.0" isOriginalElevationFromOSM="false" isAnchor="false"><ele>286.8</ele></trkpt>
<trkpt lat="34.655787" lon="127.602543" sectionIndex="0" pointIndex="88" originalElevation="278.0" isOriginalElevationFromOSM="false" isAnchor="false"><ele>286.8</ele></trkpt>
<trkpt lat="34.655814" lon="127.602499" sectionIndex="0" pointIndex="89" originalElevation="263.0" isOriginalElevationFromOSM="false" isAnchor="false"><ele>287.1</ele></trkpt>
<trkpt lat="34.655842" lon="127.602455" sectionIndex="0" pointIndex="90" originalElevation="296.0" isOriginalElevationFromOSM="false" isAnchor="false"><ele>287.6</ele></trkpt>
<trkpt lat="34.655851" lon="127.602440" sectionIndex="0" pointIndex="91" originalElevation="296.0" isOriginalElevationFromOSM="false" isAnchor="false"><ele>288.3</ele></trkpt>
<trkpt lat="34.655851" lon="127.602440" sectionIndex="0" pointIndex="92" originalElevation="296.0" isOriginalElevationFromOSM="false" isAnchor="false"><ele>288.9</ele></trkpt>
<trkpt lat="34.655875" lon="127.602393" sectionIndex="0" pointIndex="93" originalElevation="296.0" isOriginalElevationFromOSM="false" isAnchor="false"><ele>289.6</ele></trkpt>
<trkpt lat="34.655899" lon="127.602347" sectionIndex="0" pointIndex="94" originalElevation="296.0" isOriginalElevationFromOSM="false" isAnchor="false"><ele>290.6</ele></trkpt>
<trkpt lat="34.655923" lon="127.602301" sectionIndex="0" pointIndex="95" originalElevation="296.0" isOriginalElevationFromOSM="false" isAnchor="false"><ele>291.4</ele></trkpt>
<trkpt lat="34.655938" lon="127.602271" sectionIndex="0" pointIndex="96" originalElevation="296.0" isOriginalElevationFromOSM="false" isAnchor="false"><ele>292.2</ele></trkpt>
<trkpt lat="34.655938" lon="127.602271" sectionIndex="0" pointIndex="97" originalElevation="296.0" isOriginalElevationFromOSM="false" isAnchor="false"><ele>292.9</ele></trkpt>
<trkpt lat="34.655979" lon="127.602250" sectionIndex="0" pointIndex="98" originalElevation="296.0" isOriginalElevationFromOSM="false" isAnchor="false"><ele>293.6</ele></trkpt>
<trkpt lat="34.656021" lon="127.602230" sectionIndex="0" pointIndex="99" originalElevation="296.0" isOriginalElevationFromOSM="false" isAnchor="false"><ele>294.1</ele></trkpt>
<trkpt lat="34.656062" lon="127.602209" sectionIndex="0" pointIndex="100" originalElevation="296.0" isOriginalElevationFromOSM="false" isAnchor="false"><ele>294.6</ele></trkpt>
<trkpt lat="34.656104" lon="127.602188" sectionIndex="0" pointIndex="101" originalElevation="296.0" isOriginalElevationFromOSM="false" isAnchor="false"><ele>295.0</ele></trkpt>
<trkpt lat="34.656146" lon="127.602167" sectionIndex="0" pointIndex="102" originalElevation="296.0" isOriginalElevationFromOSM="false" isAnchor="false"><ele>295.4</ele></trkpt>
<trkpt lat="34.656187" lon="127.602146" sectionIndex="0" pointIndex="103" originalElevation="296.0" isOriginalElevationFromOSM="false" isAnchor="false"><ele>295.8</ele></trkpt>
<trkpt lat="34.656195" lon="127.602142" sectionIndex="0" pointIndex="104" originalElevation="296.0" isOriginalElevationFromOSM="false" isAnchor="false"><ele>296.1</ele></trkpt>
<trkpt lat="34.656195" lon="127.602142" sectionIndex="0" pointIndex="105" originalElevation="296.0" isOriginalElevationFromOSM="false" isAnchor="false"><ele>296.5</ele></trkpt>
<trkpt lat="34.656240" lon="127.602137" sectionIndex="0" pointIndex="106" originalElevation="296.0" isOriginalElevationFromOSM="false" isAnchor="false"><ele>296.8</ele></trkpt>
<trkpt lat="34.656285" lon="127.602131" sectionIndex="0" pointIndex="107" originalElevation="296.0" isOriginalElevationFromOSM="false" isAnchor="false"><ele>297.0</ele></trkpt>
<trkpt lat="34.656329" lon="127.602126" sectionIndex="0" pointIndex="108" originalElevation="296.0" isOriginalElevationFromOSM="false" isAnchor="false"><ele>297.4</ele></trkpt>
<trkpt lat="34.656374" lon="127.602120" sectionIndex="0" pointIndex="109" originalElevation="296.0" isOriginalElevationFromOSM="false" isAnchor="false"><ele>297.7</ele></trkpt>
<trkpt lat="34.656419" lon="127.602114" sectionIndex="0" pointIndex="110" originalElevation="296.0" isOriginalElevationFromOSM="false" isAnchor="false"><ele>298.2</ele></trkpt>
<trkpt lat="34.656443" lon="127.602111" sectionIndex="0" pointIndex="111" originalElevation="296.0" isOriginalElevationFromOSM="false" isAnchor="false"><ele>298.6</ele></trkpt>
<trkpt lat="34.656443" lon="127.602111" sectionIndex="0" pointIndex="112" originalElevation="296.0" isOriginalElevationFromOSM="false" isAnchor="false"><ele>299.2</ele></trkpt>
<trkpt lat="34.656488" lon="127.602110" sectionIndex="0" pointIndex="113" originalElevation="296.0" isOriginalElevationFromOSM="false" isAnchor="false"><ele>299.8</ele></trkpt>
<trkpt lat="34.656533" lon="127.602108" sectionIndex="0" pointIndex="114" originalElevation="296.0" isOriginalElevationFromOSM="false" isAnchor="false"><ele>300.4</ele></trkpt>
<trkpt lat="34.656578" lon="127.602106" sectionIndex="0" pointIndex="115" originalElevation="296.0" isOriginalElevationFromOSM="false" isAnchor="false"><ele>301.0</ele></trkpt>
<trkpt lat="34.656623" lon="127.602105" sectionIndex="0" pointIndex="116" originalElevation="296.0" isOriginalElevationFromOSM="false" isAnchor="false"><ele>301.7</ele></trkpt>
<trkpt lat="34.656668" lon="127.602103" sectionIndex="0" pointIndex="117" originalElevation="308.0" isOriginalElevationFromOSM="false" isAnchor="false"><ele>302.3</ele></trkpt>
<trkpt lat="34.656691" lon="127.602102" sectionIndex="0" pointIndex="118" originalElevation="308.0" isOriginalElevationFromOSM="false" isAnchor="false"><ele>303.0</ele></trkpt>
<trkpt lat="34.656691" lon="127.602102" sectionIndex="0" pointIndex="119" originalElevation="308.0" isOriginalElevationFromOSM="false" isAnchor="false"><ele>303.6</ele></trkpt>
<trkpt lat="34.656736" lon="127.602105" sectionIndex="0" pointIndex="120" originalElevation="308.0" isOriginalElevationFromOSM="false" isAnchor="false"><ele>304.2</ele></trkpt>
<trkpt lat="34.656781" lon="127.602107" sectionIndex="0" pointIndex="121" originalElevation="308.0" isOriginalElevationFromOSM="false" isAnchor="false"><ele>304.8</ele></trkpt>
<trkpt lat="34.656826" lon="127.602110" sectionIndex="0" pointIndex="122" originalElevation="308.0" isOriginalElevationFromOSM="false" isAnchor="false"><ele>305.4</ele></trkpt>
<trkpt lat="34.656871" lon="127.602112" sectionIndex="0" pointIndex="123" originalElevation="308.0" isOriginalElevationFromOSM="false" isAnchor="false"><ele>305.8</ele></trkpt>
<trkpt lat="34.656916" lon="127.602114" sectionIndex="0" pointIndex="124" originalElevation="308.0" isOriginalElevationFromOSM="false" isAnchor="false"><ele>306.3</ele></trkpt>
<trkpt lat="34.656961" lon="127.602117" sectionIndex="0" pointIndex="125" originalElevation="308.0" isOriginalElevationFromOSM="false" isAnchor="false"><ele>306.6</ele></trkpt>
<trkpt lat="34.657006" lon="127.602119" sectionIndex="0" pointIndex="126" originalElevation="308.0" isOriginalElevationFromOSM="false" isAnchor="false"><ele>307.0</ele></trkpt>
<trkpt lat="34.657051" lon="127.602122" sectionIndex="0" pointIndex="127" originalElevation="308.0" isOriginalElevationFromOSM="false" isAnchor="false"><ele>307.2</ele></trkpt>
<trkpt lat="34.657095" lon="127.602124" sectionIndex="0" pointIndex="128" originalElevation="308.0" isOriginalElevationFromOSM="false" isAnchor="false"><ele>307.5</ele></trkpt>
<trkpt lat="34.657140" lon="127.602127" sectionIndex="0" pointIndex="129" originalElevation="308.0" isOriginalElevationFromOSM="false" isAnchor="false"><ele>307.7</ele></trkpt>
<trkpt lat="34.657155" lon="127.602127" sectionIndex="0" pointIndex="130" originalElevation="308.0" isOriginalElevationFromOSM="false" isAnchor="false"><ele>307.8</ele></trkpt>
<trkpt lat="34.657155" lon="127.602127" sectionIndex="0" pointIndex="131" originalElevation="308.0" isOriginalElevationFromOSM="false" isAnchor="false"><ele>308.0</ele></trkpt>
<trkpt lat="34.657198" lon="127.602110" sectionIndex="0" pointIndex="132" originalElevation="308.0" isOriginalElevationFromOSM="false" isAnchor="false"><ele>308.1</ele></trkpt>
<trkpt lat="34.657240" lon="127.602092" sectionIndex="0" pointIndex="133" originalElevation="308.0" isOriginalElevationFromOSM="false" isAnchor="false"><ele>308.1</ele></trkpt>
<trkpt lat="34.657246" lon="127.602090" sectionIndex="0" pointIndex="134" originalElevation="308.0" isOriginalElevationFromOSM="false" isAnchor="false"><ele>308.1</ele></trkpt>
<trkpt lat="34.657246" lon="127.602090" sectionIndex="0" pointIndex="135" originalElevation="308.0" isOriginalElevationFromOSM="false" isAnchor="false"><ele>308.1</ele></trkpt>
<trkpt lat="34.657289" lon="127.602105" sectionIndex="0" pointIndex="136" originalElevation="308.0" isOriginalElevationFromOSM="false" isAnchor="false"><ele>308.0</ele></trkpt>
<trkpt lat="34.657332" lon="127.602119" sectionIndex="0" pointIndex="137" originalElevation="308.0" isOriginalElevationFromOSM="false" isAnchor="false"><ele>307.9</ele></trkpt>
<trkpt lat="34.657376" lon="127.602134" sectionIndex="0" pointIndex="138" originalElevation="308.0" isOriginalElevationFromOSM="false" isAnchor="false"><ele>307.7</ele></trkpt>
<trkpt lat="34.657419" lon="127.602149" sectionIndex="0" pointIndex="139" originalElevation="308.0" isOriginalElevationFromOSM="false" isAnchor="false"><ele>307.4</ele></trkpt>
<trkpt lat="34.657426" lon="127.602151" sectionIndex="0" pointIndex="140" originalElevation="308.0" isOriginalElevationFromOSM="false" isAnchor="false"><ele>307.1</ele></trkpt>
<trkpt lat="34.657426" lon="127.602151" sectionIndex="0" pointIndex="141" originalElevation="308.0" isOriginalElevationFromOSM="false" isAnchor="false"><ele>306.7</ele></trkpt>
<trkpt lat="34.657464" lon="127.602179" sectionIndex="0" pointIndex="142" originalElevation="308.0" isOriginalElevationFromOSM="false" isAnchor="false"><ele>306.2</ele></trkpt>
<trkpt lat="34.657503" lon="127.602206" sectionIndex="0" pointIndex="143" originalElevation="309.0" isOriginalElevationFromOSM="false" isAnchor="false"><ele>305.6</ele></trkpt>
<trkpt lat="34.657542" lon="127.602234" sectionIndex="0" pointIndex="144" originalElevation="309.0" isOriginalElevationFromOSM="false" isAnchor="false"><ele>305.0</ele></trkpt>
<trkpt lat="34.657581" lon="127.602262" sectionIndex="0" pointIndex="145" originalElevation="309.0" isOriginalElevationFromOSM="false" isAnchor="false"><ele>304.2</ele></trkpt>
<trkpt lat="34.657619" lon="127.602289" sectionIndex="0" pointIndex="146" originalElevation="309.0" isOriginalElevationFromOSM="false" isAnchor="false"><ele>303.4</ele></trkpt>
<trkpt lat="34.657619" lon="127.602289" sectionIndex="0" pointIndex="147" originalElevation="309.0" isOriginalElevationFromOSM="false" isAnchor="false"><ele>302.5</ele></trkpt>
<trkpt lat="34.657628" lon="127.602342" sectionIndex="0" pointIndex="148" originalElevation="309.0" isOriginalElevationFromOSM="false" isAnchor="false"><ele>301.5</ele></trkpt>
<trkpt lat="34.657637" lon="127.602396" sectionIndex="0" pointIndex="149" originalElevation="309.0" isOriginalElevationFromOSM="false" isAnchor="false"><ele>300.5</ele></trkpt>
<trkpt lat="34.657646" lon="127.602450" sectionIndex="0" pointIndex="150" originalElevation="309.0" isOriginalElevationFromOSM="false" isAnchor="false"><ele>299.4</ele></trkpt>
<trkpt lat="34.657655" lon="127.602503" sectionIndex="0" pointIndex="151" originalElevation="289.0" isOriginalElevationFromOSM="false" isAnchor="false"><ele>298.3</ele></trkpt>
<trkpt lat="34.657664" lon="127.602557" sectionIndex="0" pointIndex="152" originalElevation="289.0" isOriginalElevationFromOSM="false" isAnchor="false"><ele>297.3</ele></trkpt>
<trkpt lat="34.657673" lon="127.602610" sectionIndex="0" pointIndex="153" originalElevation="289.0" isOriginalElevationFromOSM="false" isAnchor="false"><ele>296.2</ele></trkpt>
<trkpt lat="34.657682" lon="127.602664" sectionIndex="0" pointIndex="154" originalElevation="289.0" isOriginalElevationFromOSM="false" isAnchor="false"><ele>295.2</ele></trkpt>
<trkpt lat="34.657691" lon="127.602717" sectionIndex="0" pointIndex="155" originalElevation="289.0" isOriginalElevationFromOSM="false" isAnchor="false"><ele>294.3</ele></trkpt>
<trkpt lat="34.657700" lon="127.602771" sectionIndex="0" pointIndex="156" originalElevation="289.0" isOriginalElevationFromOSM="false" isAnchor="false"><ele>293.4</ele></trkpt>
<trkpt lat="34.657702" lon="127.602780" sectionIndex="0" pointIndex="157" originalElevation="289.0" isOriginalElevationFromOSM="false" isAnchor="false"><ele>292.6</ele></trkpt>
<trkpt lat="34.657702" lon="127.602780" sectionIndex="0" pointIndex="158" originalElevation="289.0" isOriginalElevationFromOSM="false" isAnchor="false"><ele>291.9</ele></trkpt>
<trkpt lat="34.657742" lon="127.602805" sectionIndex="0" pointIndex="159" originalElevation="289.0" isOriginalElevationFromOSM="false" isAnchor="false"><ele>291.3</ele></trkpt>
<trkpt lat="34.657782" lon="127.602829" sectionIndex="0" pointIndex="160" originalElevation="289.0" isOriginalElevationFromOSM="false" isAnchor="false"><ele>290.7</ele></trkpt>
<trkpt lat="34.657823" lon="127.602854" sectionIndex="0" pointIndex="161" originalElevation="289.0" isOriginalElevationFromOSM="false" isAnchor="false"><ele>290.3</ele></trkpt>
<trkpt lat="34.657863" lon="127.602878" sectionIndex="0" pointIndex="162" originalElevation="289.0" isOriginalElevationFromOSM="false" isAnchor="false"><ele>290.1</ele></trkpt>
<trkpt lat="34.657903" lon="127.602902" sectionIndex="0" pointIndex="163" originalElevation="289.0" isOriginalElevationFromOSM="false" isAnchor="false"><ele>289.9</ele></trkpt>
<trkpt lat="34.657943" lon="127.602927" sectionIndex="0" pointIndex="164" originalElevation="289.0" isOriginalElevationFromOSM="false" isAnchor="false"><ele>289.8</ele></trkpt>
<trkpt lat="34.657984" lon="127.602951" sectionIndex="0" pointIndex="165" originalElevation="289.0" isOriginalElevationFromOSM="false" isAnchor="false"><ele>289.8</ele></trkpt>
<trkpt lat="34.658024" lon="127.602976" sectionIndex="0" pointIndex="166" originalElevation="289.0" isOriginalElevationFromOSM="false" isAnchor="false"><ele>289.9</ele></trkpt>
<trkpt lat="34.658064" lon="127.603000" sectionIndex="0" pointIndex="167" originalElevation="289.0" isOriginalElevationFromOSM="false" isAnchor="false"><ele>290.1</ele></trkpt>
<trkpt lat="34.658066" lon="127.603001" sectionIndex="0" pointIndex="168" originalElevation="289.0" isOriginalElevationFromOSM="false" isAnchor="false"><ele>290.4</ele></trkpt>
<trkpt lat="34.658066" lon="127.603001" sectionIndex="0" pointIndex="169" originalElevation="289.0" isOriginalElevationFromOSM="false" isAnchor="false"><ele>290.8</ele></trkpt>
<trkpt lat="34.658110" lon="127.602989" sectionIndex="0" pointIndex="170" originalElevation="289.0" isOriginalElevationFromOSM="false" isAnchor="false"><ele>291.2</ele></trkpt>
<trkpt lat="34.658154" lon="127.602977" sectionIndex="0" pointIndex="171" originalElevation="289.0" isOriginalElevationFromOSM="false" isAnchor="false"><ele>291.7</ele></trkpt>
<trkpt lat="34.658197" lon="127.602965" sectionIndex="0" pointIndex="172" originalElevation="289.0" isOriginalElevationFromOSM="false" isAnchor="false"><ele>292.1</ele></trkpt>
<trkpt lat="34.658241" lon="127.602953" sectionIndex="0" pointIndex="173" originalElevation="289.0" isOriginalElevationFromOSM="false" isAnchor="false"><ele>292.6</ele></trkpt>
<trkpt lat="34.658285" lon="127.602940" sectionIndex="0" pointIndex="174" originalElevation="289.0" isOriginalElevationFromOSM="false" isAnchor="false"><ele>293.2</ele></trkpt>
<trkpt lat="34.658329" lon="127.602928" sectionIndex="0" pointIndex="175" originalElevation="289.0" isOriginalElevationFromOSM="false" isAnchor="false"><ele>293.7</ele></trkpt>
<trkpt lat="34.658373" lon="127.602916" sectionIndex="0" pointIndex="176" originalElevation="299.0" isOriginalElevationFromOSM="false" isAnchor="false"><ele>294.3</ele></trkpt>
<trkpt lat="34.658373" lon="127.602916" sectionIndex="0" pointIndex="177" originalElevation="299.0" isOriginalElevationFromOSM="false" isAnchor="false"><ele>294.8</ele></trkpt>
<trkpt lat="34.658373" lon="127.602916" sectionIndex="0" pointIndex="178" originalElevation="299.0" isOriginalElevationFromOSM="false" isAnchor="false"><ele>295.4</ele></trkpt>
<trkpt lat="34.658417" lon="127.602906" sectionIndex="0" pointIndex="179" originalElevation="299.0" isOriginalElevationFromOSM="false" isAnchor="false"><ele>295.9</ele></trkpt>
<trkpt lat="34.658461" lon="127.602895" sectionIndex="0" pointIndex="180" originalElevation="299.0" isOriginalElevationFromOSM="false" isAnchor="false"><ele>296.3</ele></trkpt>
<trkpt lat="34.658505" lon="127.602885" sectionIndex="0" pointIndex="181" originalElevation="299.0" isOriginalElevationFromOSM="false" isAnchor="false"><ele>296.8</ele></trkpt>
<trkpt lat="34.658549" lon="127.602875" sectionIndex="0" pointIndex="182" originalElevation="299.0" isOriginalElevationFromOSM="false" isAnchor="false"><ele>297.2</ele></trkpt>
<trkpt lat="34.658594" lon="127.602864" sectionIndex="0" pointIndex="183" originalElevation="299.0" isOriginalElevationFromOSM="false" isAnchor="false"><ele>297.6</ele></trkpt>
<trkpt lat="34.658638" lon="127.602854" sectionIndex="0" pointIndex="184" originalElevation="299.0" isOriginalElevationFromOSM="false" isAnchor="false"><ele>297.9</ele></trkpt>
<trkpt lat="34.658682" lon="127.602844" sectionIndex="0" pointIndex="185" originalElevation="299.0" isOriginalElevationFromOSM="false" isAnchor="false"><ele>298.1</ele></trkpt>
<trkpt lat="34.658689" lon="127.602842" sectionIndex="0" pointIndex="186" originalElevation="299.0" isOriginalElevationFromOSM="false" isAnchor="false"><ele>298.3</ele></trkpt>
<trkpt lat="34.658689" lon="127.602842" sectionIndex="0" pointIndex="187" originalElevation="299.0" isOriginalElevationFromOSM="false" isAnchor="false"><ele>298.3</ele></trkpt>
<trkpt lat="34.658728" lon="127.602815" sectionIndex="0" pointIndex="188" originalElevation="299.0" isOriginalElevationFromOSM="false" isAnchor="false"><ele>298.3</ele></trkpt>
<trkpt lat="34.658767" lon="127.602789" sectionIndex="0" pointIndex="189" originalElevation="299.0" isOriginalElevationFromOSM="false" isAnchor="false"><ele>298.2</ele></trkpt>
<trkpt lat="34.658807" lon="127.602762" sectionIndex="0" pointIndex="190" originalElevation="299.0" isOriginalElevationFromOSM="false" isAnchor="false"><ele>298.0</ele></trkpt>
<trkpt lat="34.658846" lon="127.602736" sectionIndex="0" pointIndex="191" originalElevation="299.0" isOriginalElevationFromOSM="false" isAnchor="false"><ele>297.8</ele></trkpt>
<trkpt lat="34.658885" lon="127.602709" sectionIndex="0" pointIndex="192" originalElevation="299.0" isOriginalElevationFromOSM="false" isAnchor="false"><ele>297.4</ele></trkpt>
<trkpt lat="34.658924" lon="127.602682" sectionIndex="0" pointIndex="193" originalElevation="299.0" isOriginalElevationFromOSM="false" isAnchor="false"><ele>296.9</ele></trkpt>
<trkpt lat="34.658964" lon="127.602656" sectionIndex="0" pointIndex="194" originalElevation="299.0" isOriginalElevationFromOSM="false" isAnchor="false"><ele>296.3</ele></trkpt>
<trkpt lat="34.659003" lon="127.602629" sectionIndex="0" pointIndex="195" originalElevation="299.0" isOriginalElevationFromOSM="false" isAnchor="false"><ele>295.7</ele></trkpt>
<trkpt lat="34.659023" lon="127.602615" sectionIndex="0" pointIndex="196" originalElevation="299.0" isOriginalElevationFromOSM="false" isAnchor="false"><ele>294.9</ele></trkpt>
<trkpt lat="34.659023" lon="127.602615" sectionIndex="0" pointIndex="197" originalElevation="299.0" isOriginalElevationFromOSM="false" isAnchor="false"><ele>294.1</ele></trkpt>
<trkpt lat="34.659067" lon="127.602604" sectionIndex="0" pointIndex="198" originalElevation="299.0" isOriginalElevationFromOSM="false" isAnchor="false"><ele>293.2</ele></trkpt>
<trkpt lat="34.659111" lon="127.602593" sectionIndex="0" pointIndex="199" originalElevation="299.0" isOriginalElevationFromOSM="false" isAnchor="false"><ele>292.2</ele></trkpt>
<trkpt lat="34.659155" lon="127.602582" sectionIndex="0" pointIndex="200" originalElevation="299.0" isOriginalElevationFromOSM="false" isAnchor="false"><ele>291.2</ele></trkpt>
<trkpt lat="34.659199" lon="127.602571" sectionIndex="0" pointIndex="201" originalElevation="285.0" isOriginalElevationFromOSM="false" isAnchor="false"><ele>290.2</ele></trkpt>
<trkpt lat="34.659243" lon="127.602560" sectionIndex="0" pointIndex="202" originalElevation="285.0" isOriginalElevationFromOSM="false" isAnchor="false"><ele>289.1</ele></trkpt>
<trkpt lat="34.659288" lon="127.602549" sectionIndex="0" pointIndex="203" originalElevation="285.0" isOriginalElevationFromOSM="false" isAnchor="false"><ele>288.0</ele></trkpt>
<trkpt lat="34.659332" lon="127.602538" sectionIndex="0" pointIndex="204" originalElevation="285.0" isOriginalElevationFromOSM="false" isAnchor="false"><ele>286.9</ele></trkpt>
<trkpt lat="34.659376" lon="127.602527" sectionIndex="0" pointIndex="205" originalElevation="285.0" isOriginalElevationFromOSM="false" isAnchor="false"><ele>285.8</ele></trkpt>
<trkpt lat="34.659402" lon="127.602520" sectionIndex="0" pointIndex="206" originalElevation="285.0" isOriginalElevationFromOSM="false" isAnchor="false"><ele>284.8</ele></trkpt>
<trkpt lat="34.659402" lon="127.602520" sectionIndex="0" pointIndex="207" originalElevation="285.0" isOriginalElevationFromOSM="false" isAnchor="false"><ele>283.7</ele></trkpt>
<trkpt lat="34.659442" lon="127.602494" sectionIndex="0" pointIndex="208" originalElevation="277.0" isOriginalElevationFromOSM="false" isAnchor="false"><ele>282.8</ele></trkpt>
<trkpt lat="34.659481" lon="127.602468" sectionIndex="0" pointIndex="209" originalElevation="277.0" isOriginalElevationFromOSM="false" isAnchor="false"><ele>281.9</ele></trkpt>
<trkpt lat="34.659521" lon="127.602441" sectionIndex="0" pointIndex="210" originalElevation="277.0" isOriginalElevationFromOSM="false" isAnchor="false"><ele>281.1</ele></trkpt>
<trkpt lat="34.659560" lon="127.602415" sectionIndex="0" pointIndex="211" originalElevation="277.0" isOriginalElevationFromOSM="false" isAnchor="false"><ele>280.4</ele></trkpt>
<trkpt lat="34.659565" lon="127.602412" sectionIndex="0" pointIndex="212" originalElevation="277.0" isOriginalElevationFromOSM="false" isAnchor="false"><ele>279.6</ele></trkpt>
<trkpt lat="34.659565" lon="127.602412" sectionIndex="0" pointIndex="213" originalElevation="277.0" isOriginalElevationFromOSM="false" isAnchor="false"><ele>278.8</ele></trkpt>
<trkpt lat="34.659609" lon="127.602422" sectionIndex="0" pointIndex="214" originalElevation="277.0" isOriginalElevationFromOSM="false" isAnchor="false"><ele>278.0</ele></trkpt>
<trkpt lat="34.659654" lon="127.602432" sectionIndex="0" pointIndex="215" originalElevation="277.0" isOriginalElevationFromOSM="false" isAnchor="false"><ele>277.3</ele></trkpt>
<trkpt lat="34.659698" lon="127.602442" sectionIndex="0" pointIndex="216" originalElevation="277.0" isOriginalElevationFromOSM="false" isAnchor="false"><ele>276.5</ele></trkpt>
<trkpt lat="34.659742" lon="127.602452" sectionIndex="0" pointIndex="217" originalElevation="277.0" isOriginalElevationFromOSM="false" isAnchor="false"><ele>275.8</ele></trkpt>
<trkpt lat="34.659786" lon="127.602462" sectionIndex="0" pointIndex="218" originalElevation="277.0" isOriginalElevationFromOSM="false" isAnchor="false"><ele>275.0</ele></trkpt>
<trkpt lat="34.659817" lon="127.602468" sectionIndex="0" pointIndex="219" originalElevation="277.0" isOriginalElevationFromOSM="false" isAnchor="false"><ele>274.2</ele></trkpt>
<trkpt lat="34.659817" lon="127.602468" sectionIndex="0" pointIndex="220" originalElevation="277.0" isOriginalElevationFromOSM="false" isAnchor="false"><ele>273.3</ele></trkpt>
<trkpt lat="34.659857" lon="127.602442" sectionIndex="0" pointIndex="221" originalElevation="277.0" isOriginalElevationFromOSM="false" isAnchor="false"><ele>272.3</ele></trkpt>
<trkpt lat="34.659896" lon="127.602416" sectionIndex="0" pointIndex="222" originalElevation="277.0" isOriginalElevationFromOSM="false" isAnchor="false"><ele>271.2</ele></trkpt>
<trkpt lat="34.659936" lon="127.602390" sectionIndex="0" pointIndex="223" originalElevation="277.0" isOriginalElevationFromOSM="false" isAnchor="false"><ele>270.1</ele></trkpt>
<trkpt lat="34.659975" lon="127.602364" sectionIndex="0" pointIndex="224" originalElevation="277.0" isOriginalElevationFromOSM="false" isAnchor="false"><ele>269.0</ele></trkpt>
<trkpt lat="34.659980" lon="127.602361" sectionIndex="0" pointIndex="225" originalElevation="277.0" isOriginalElevationFromOSM="false" isAnchor="false"><ele>267.8</ele></trkpt>
<trkpt lat="34.659980" lon="127.602361" sectionIndex="0" pointIndex="226" originalElevation="277.0" isOriginalElevationFromOSM="false" isAnchor="false"><ele>266.6</ele></trkpt>
<trkpt lat="34.660010" lon="127.602320" sectionIndex="0" pointIndex="227" originalElevation="255.0" isOriginalElevationFromOSM="false" isAnchor="false"><ele>265.4</ele></trkpt>
<trkpt lat="34.660041" lon="127.602280" sectionIndex="0" pointIndex="228" originalElevation="255.0" isOriginalElevationFromOSM="false" isAnchor="false"><ele>264.2</ele></trkpt>
<trkpt lat="34.660071" lon="127.602239" sectionIndex="0" pointIndex="229" originalElevation="255.0" isOriginalElevationFromOSM="false" isAnchor="false"><ele>263.0</ele></trkpt>
<trkpt lat="34.660101" lon="127.602199" sectionIndex="0" pointIndex="230" originalElevation="255.0" isOriginalElevationFromOSM="false" isAnchor="false"><ele>261.9</ele></trkpt>
<trkpt lat="34.660131" lon="127.602158" sectionIndex="0" pointIndex="231" originalElevation="255.0" isOriginalElevationFromOSM="false" isAnchor="false"><ele>260.8</ele></trkpt>
<trkpt lat="34.660134" lon="127.602154" sectionIndex="0" pointIndex="232" originalElevation="255.0" isOriginalElevationFromOSM="false" isAnchor="false"><ele>259.9</ele></trkpt>
<trkpt lat="34.660134" lon="127.602154" sectionIndex="0" pointIndex="233" originalElevation="255.0" isOriginalElevationFromOSM="false" isAnchor="false"><ele>259.0</ele></trkpt>
<trkpt lat="34.660178" lon="127.602144" sectionIndex="0" pointIndex="234" originalElevation="255.0" isOriginalElevationFromOSM="false" isAnchor="false"><ele>258.2</ele></trkpt>
<trkpt lat="34.660223" lon="127.602133" sectionIndex="0" pointIndex="235" originalElevation="255.0" isOriginalElevationFromOSM="false" isAnchor="false"><ele>257.5</ele></trkpt>
<trkpt lat="34.660267" lon="127.602123" sectionIndex="0" pointIndex="236" originalElevation="255.0" isOriginalElevationFromOSM="false" isAnchor="false"><ele>256.9</ele></trkpt>
<trkpt lat="34.660311" lon="127.602112" sectionIndex="0" pointIndex="237" originalElevation="255.0" isOriginalElevationFromOSM="false" isAnchor="false"><ele>256.4</ele></trkpt>
<trkpt lat="34.660355" lon="127.602102" sectionIndex="0" pointIndex="238" originalElevation="255.0" isOriginalElevationFromOSM="false" isAnchor="false"><ele>255.8</ele></trkpt>
<trkpt lat="34.660399" lon="127.602091" sectionIndex="0" pointIndex="239" originalElevation="255.0" isOriginalElevationFromOSM="false" isAnchor="false"><ele>255.3</ele></trkpt>
<trkpt lat="34.660443" lon="127.602081" sectionIndex="0" pointIndex="240" originalElevation="255.0" isOriginalElevationFromOSM="false" isAnchor="false"><ele>254.8</ele></trkpt>
<trkpt lat="34.660487" lon="127.602070" sectionIndex="0" pointIndex="241" originalElevation="255.0" isOriginalElevationFromOSM="false" isAnchor="false"><ele>254.2</ele></trkpt>
<trkpt lat="34.660531" lon="127.602059" sectionIndex="0" pointIndex="242" originalElevation="255.0" isOriginalElevationFromOSM="false" isAnchor="false"><ele>253.7</ele></trkpt>
<trkpt lat="34.660576" lon="127.602049" sectionIndex="0" pointIndex="243" originalElevation="255.0" isOriginalElevationFromOSM="false" isAnchor="false"><ele>253.2</ele></trkpt>
<trkpt lat="34.660620" lon="127.602038" sectionIndex="0" pointIndex="244" originalElevation="255.0" isOriginalElevationFromOSM="false" isAnchor="false"><ele>252.6</ele></trkpt>
<trkpt lat="34.660622" lon="127.602038" sectionIndex="0" pointIndex="245" originalElevation="255.0" isOriginalElevationFromOSM="false" isAnchor="false"><ele>252.0</ele></trkpt>
<trkpt lat="34.660622" lon="127.602038" sectionIndex="0" pointIndex="246" originalElevation="255.0" isOriginalElevationFromOSM="false" isAnchor="false"><ele>251.2</ele></trkpt>
<trkpt lat="34.660656" lon="127.602003" sectionIndex="0" pointIndex="247" originalElevation="255.0" isOriginalElevationFromOSM="false" isAnchor="false"><ele>250.4</ele></trkpt>
<trkpt lat="34.660690" lon="127.601967" sectionIndex="0" pointIndex="248" originalElevation="255.0" isOriginalElevationFromOSM="false" isAnchor="false"><ele>249.4</ele></trkpt>
<trkpt lat="34.660725" lon="127.601932" sectionIndex="0" pointIndex="249" originalElevation="255.0" isOriginalElevationFromOSM="false" isAnchor="false"><ele>248.4</ele></trkpt>
<trkpt lat="34.660749" lon="127.601908" sectionIndex="0" pointIndex="250" originalElevation="255.0" isOriginalElevationFromOSM="false" isAnchor="false"><ele>247.4</ele></trkpt>
<trkpt lat="34.660749" lon="127.601908" sectionIndex="0" pointIndex="251" originalElevation="255.0" isOriginalElevationFromOSM="false" isAnchor="false"><ele>246.2</ele></trkpt>
<trkpt lat="34.660793" lon="127.601918" sectionIndex="0" pointIndex="252" originalElevation="255.0" isOriginalElevationFromOSM="false" isAnchor="false"><ele>245.1</ele></trkpt>
<trkpt lat="34.660837" lon="127.601927" sectionIndex="0" pointIndex="253" originalElevation="234.0" isOriginalElevationFromOSM="false" isAnchor="false"><ele>243.9</ele></trkpt>
<trkpt lat="34.660881" lon="127.601937" sectionIndex="0" pointIndex="254" originalElevation="234.0" isOriginalElevationFromOSM="false" isAnchor="false"><ele>242.8</ele></trkpt>
<trkpt lat="34.660926" lon="127.601946" sectionIndex="0" pointIndex="255" originalElevation="234.0" isOriginalElevationFromOSM="false" isAnchor="false"><ele>241.6</ele></trkpt>
<trkpt lat="34.660956" lon="127.601953" sectionIndex="0" pointIndex="256" originalElevation="234.0" isOriginalElevationFromOSM="false" isAnchor="false"><ele>240.6</ele></trkpt>
<trkpt lat="34.660956" lon="127.601953" sectionIndex="0" pointIndex="257" originalElevation="234.0" isOriginalElevationFromOSM="false" isAnchor="false"><ele>239.6</ele></trkpt>
<trkpt lat="34.661001" lon="127.601955" sectionIndex="0" pointIndex="258" originalElevation="234.0" isOriginalElevationFromOSM="false" isAnchor="false"><ele>238.6</ele></trkpt>
<trkpt lat="34.661045" lon="127.601958" sectionIndex="0" pointIndex="259" originalElevation="234.0" isOriginalElevationFromOSM="false" isAnchor="false"><ele>237.6</ele></trkpt>
<trkpt lat="34.661090" lon="127.601960" sectionIndex="0" pointIndex="260" originalElevation="234.0" isOriginalElevationFromOSM="false" isAnchor="false"><ele>236.7</ele></trkpt>
<trkpt lat="34.661135" lon="127.601962" sectionIndex="0" pointIndex="261" originalElevation="234.0" isOriginalElevationFromOSM="false" isAnchor="false"><ele>235.9</ele></trkpt>
<trkpt lat="34.661180" lon="127.601964" sectionIndex="0" pointIndex="262" originalElevation="234.0" isOriginalElevationFromOSM="false" isAnchor="false"><ele>235.1</ele></trkpt>
<trkpt lat="34.661225" lon="127.601966" sectionIndex="0" pointIndex="263" originalElevation="234.0" isOriginalElevationFromOSM="false" isAnchor="false"><ele>234.4</ele></trkpt>
<trkpt lat="34.661270" lon="127.601969" sectionIndex="0" pointIndex="264" originalElevation="234.0" isOriginalElevationFromOSM="false" isAnchor="false"><ele>233.7</ele></trkpt>
<trkpt lat="34.661315" lon="127.601971" sectionIndex="0" pointIndex="265" originalElevation="234.0" isOriginalElevationFromOSM="false" isAnchor="false"><ele>233.0</ele></trkpt>
<trkpt lat="34.661360" lon="127.601973" sectionIndex="0" pointIndex="266" originalElevation="234.0" isOriginalElevationFromOSM="false" isAnchor="false"><ele>232.4</ele></trkpt>
<trkpt lat="34.661405" lon="127.601975" sectionIndex="0" pointIndex="267" originalElevation="234.0" isOriginalElevationFromOSM="false" isAnchor="false"><ele>231.7</ele></trkpt>
<trkpt lat="34.661450" lon="127.601978" sectionIndex="0" pointIndex="268" originalElevation="234.0" isOriginalElevationFromOSM="false" isAnchor="false"><ele>231.1</ele></trkpt>
<trkpt lat="34.661495" lon="127.601980" sectionIndex="0" pointIndex="269" originalElevation="234.0" isOriginalElevationFromOSM="false" isAnchor="false"><ele>230.6</ele></trkpt>
<trkpt lat="34.661540" lon="127.601982" sectionIndex="0" pointIndex="270" originalElevation="234.0" isOriginalElevationFromOSM="false" isAnchor="false"><ele>230.0</ele></trkpt>
<trkpt lat="34.661585" lon="127.601984" sectionIndex="0" pointIndex="271" originalElevation="234.0" isOriginalElevationFromOSM="false" isAnchor="false"><ele>229.4</ele></trkpt>
<trkpt lat="34.661630" lon="127.601987" sectionIndex="0" pointIndex="272" originalElevation="234.0" isOriginalElevationFromOSM="false" isAnchor="false"><ele>228.8</ele></trkpt>
<trkpt lat="34.661674" lon="127.601989" sectionIndex="0" pointIndex="273" originalElevation="223.0" isOriginalElevationFromOSM="false" isAnchor="false"><ele>228.2</ele></trkpt>
<trkpt lat="34.661719" lon="127.601991" sectionIndex="0" pointIndex="274" originalElevation="223.0" isOriginalElevationFromOSM="false" isAnchor="false"><ele>227.6</ele></trkpt>
<trkpt lat="34.661764" lon="127.601993" sectionIndex="0" pointIndex="275" originalElevation="223.0" isOriginalElevationFromOSM="false" isAnchor="false"><ele>227.0</ele></trkpt>
<trkpt lat="34.661809" lon="127.601995" sectionIndex="0" pointIndex="276" originalElevation="223.0" isOriginalElevationFromOSM="false" isAnchor="false"><ele>226.4</ele></trkpt>
<trkpt lat="34.661854" lon="127.601998" sectionIndex="0" pointIndex="277" originalElevation="223.0" isOriginalElevationFromOSM="false" isAnchor="false"><ele>225.9</ele></trkpt>
<trkpt lat="34.661899" lon="127.602000" sectionIndex="0" pointIndex="278" originalElevation="223.0" isOriginalElevationFromOSM="false" isAnchor="false"><ele>225.4</ele></trkpt>
<trkpt lat="34.661944" lon="127.602002" sectionIndex="0" pointIndex="279" originalElevation="223.0" isOriginalElevationFromOSM="false" isAnchor="false"><ele>225.0</ele></trkpt>
<trkpt lat="34.661983" lon="127.602004" sectionIndex="0" pointIndex="280" originalElevation="223.0" isOriginalElevationFromOSM="false" isAnchor="false"><ele>224.6</ele></trkpt>
<trkpt lat="34.661983" lon="127.602004" sectionIndex="0" pointIndex="281" originalElevation="223.0" isOriginalElevationFromOSM="false" isAnchor="false"><ele>224.2</ele></trkpt>
<trkpt lat="34.662012" lon="127.601962" sectionIndex="0" pointIndex="282" originalElevation="223.0" isOriginalElevationFromOSM="false" isAnchor="false"><ele>223.9</ele></trkpt>
<trkpt lat="34.662041" lon="127.601920" sectionIndex="0" pointIndex="283" originalElevation="223.0" isOriginalElevationFromOSM="false" isAnchor="false"><ele>223.5</ele></trkpt>
<trkpt lat="34.662070" lon="127.601878" sectionIndex="0" pointIndex="284" originalElevation="223.0" isOriginalElevationFromOSM="false" isAnchor="false"><ele>223.2</ele></trkpt>
<trkpt lat="34.662098" lon="127.601836" sectionIndex="0" pointIndex="285" originalElevation="223.0" isOriginalElevationFromOSM="false" isAnchor="false"><ele>222.8</ele></trkpt>
<trkpt lat="34.662110" lon="127.601820" sectionIndex="0" pointIndex="286" originalElevation="223.0" isOriginalElevationFromOSM="false" isAnchor="false"><ele>222.5</ele></trkpt>
<trkpt lat="34.662110" lon="127.601820" sectionIndex="0" pointIndex="287" originalElevation="223.0" isOriginalElevationFromOSM="false" isAnchor="false"><ele>222.1</ele></trkpt>
<trkpt lat="34.662155" lon="127.601818" sectionIndex="0" pointIndex="288" originalElevation="223.0" isOriginalElevationFromOSM="false" isAnchor="false"><ele>221.8</ele></trkpt>
<trkpt lat="34.662200" lon="127.601816" sectionIndex="0" pointIndex="289" originalElevation="223.0" isOriginalElevationFromOSM="false" isAnchor="false"><ele>221.4</ele></trkpt>
<trkpt lat="34.662245" lon="127.601814" sectionIndex="0" pointIndex="290" originalElevation="223.0" isOriginalElevationFromOSM="false" isAnchor="false"><ele>221.0</ele></trkpt>
<trkpt lat="34.662290" lon="127.601813" sectionIndex="0" pointIndex="291" originalElevation="223.0" isOriginalElevationFromOSM="false" isAnchor="false"><ele>220.6</ele></trkpt>
<trkpt lat="34.662335" lon="127.601811" sectionIndex="0" pointIndex="292" originalElevation="223.0" isOriginalElevationFromOSM="false" isAnchor="false"><ele>220.1</ele></trkpt>
<trkpt lat="34.662380" lon="127.601809" sectionIndex="0" pointIndex="293" originalElevation="223.0" isOriginalElevationFromOSM="false" isAnchor="false"><ele>219.4</ele></trkpt>
<trkpt lat="34.662425" lon="127.601807" sectionIndex="0" pointIndex="294" originalElevation="223.0" isOriginalElevationFromOSM="false" isAnchor="false"><ele>218.7</ele></trkpt>
<trkpt lat="34.662466" lon="127.601806" sectionIndex="0" pointIndex="295" originalElevation="223.0" isOriginalElevationFromOSM="false" isAnchor="false"><ele>217.9</ele></trkpt>
<trkpt lat="34.662466" lon="127.601806" sectionIndex="0" pointIndex="296" originalElevation="223.0" isOriginalElevationFromOSM="false" isAnchor="false"><ele>217.0</ele></trkpt>
<trkpt lat="34.662509" lon="127.601788" sectionIndex="0" pointIndex="297" originalElevation="212.0" isOriginalElevationFromOSM="false" isAnchor="false"><ele>216.0</ele></trkpt>
<trkpt lat="34.662551" lon="127.601770" sectionIndex="0" pointIndex="298" originalElevation="212.0" isOriginalElevationFromOSM="false" isAnchor="false"><ele>215.0</ele></trkpt>
<trkpt lat="34.662594" lon="127.601753" sectionIndex="0" pointIndex="299" originalElevation="212.0" isOriginalElevationFromOSM="false" isAnchor="false"><ele>214.0</ele></trkpt>
<trkpt lat="34.662636" lon="127.601735" sectionIndex="0" pointIndex="300" originalElevation="212.0" isOriginalElevationFromOSM="false" isAnchor="false"><ele>213.0</ele></trkpt>
<trkpt lat="34.662679" lon="127.601717" sectionIndex="0" pointIndex="301" originalElevation="212.0" isOriginalElevationFromOSM="false" isAnchor="false"><ele>212.0</ele></trkpt>
<trkpt lat="34.662722" lon="127.601700" sectionIndex="0" pointIndex="302" originalElevation="212.0" isOriginalElevationFromOSM="false" isAnchor="false"><ele>211.0</ele></trkpt>
<trkpt lat="34.662737" lon="127.601693" sectionIndex="0" pointIndex="303" originalElevation="212.0" isOriginalElevationFromOSM="false" isAnchor="false"><ele>210.0</ele></trkpt>
<trkpt lat="34.662737" lon="127.601693" sectionIndex="0" pointIndex="304" originalElevation="212.0" isOriginalElevationFromOSM="false" isAnchor="false"><ele>209.1</ele></trkpt>
<trkpt lat="34.662782" lon="127.601685" sectionIndex="0" pointIndex="305" originalElevation="212.0" isOriginalElevationFromOSM="false" isAnchor="false"><ele>208.3</ele></trkpt>
<trkpt lat="34.662826" lon="127.601677" sectionIndex="0" pointIndex="306" originalElevation="212.0" isOriginalElevationFromOSM="false" isAnchor="false"><ele>207.5</ele></trkpt>
<trkpt lat="34.662871" lon="127.601669" sectionIndex="0" pointIndex="307" originalElevation="212.0" isOriginalElevationFromOSM="false" isAnchor="false"><ele>206.8</ele></trkpt>
<trkpt lat="34.662915" lon="127.601661" sectionIndex="0" pointIndex="308" originalElevation="194.0" isOriginalElevationFromOSM="false" isAnchor="false"><ele>206.2</ele></trkpt>
<trkpt lat="34.662940" lon="127.601656" sectionIndex="0" pointIndex="309" originalElevation="194.0" isOriginalElevationFromOSM="false" isAnchor="false"><ele>205.8</ele></trkpt>
<trkpt lat="34.662940" lon="127.601656" sectionIndex="0" pointIndex="310" originalElevation="194.0" isOriginalElevationFromOSM="false" isAnchor="false"><ele>205.6</ele></trkpt>
<trkpt lat="34.662985" lon="127.601657" sectionIndex="0" pointIndex="311" originalElevation="194.0" isOriginalElevationFromOSM="false" isAnchor="false"><ele>205.6</ele></trkpt>
<trkpt lat="34.663030" lon="127.601657" sectionIndex="0" pointIndex="312" originalElevation="194.0" isOriginalElevationFromOSM="false" isAnchor="false"><ele>205.6</ele></trkpt>
<trkpt lat="34.663062" lon="127.601657" sectionIndex="0" pointIndex="313" originalElevation="194.0" isOriginalElevationFromOSM="false" isAnchor="false"><ele>205.9</ele></trkpt>
<trkpt lat="34.663062" lon="127.601657" sectionIndex="0" pointIndex="314" originalElevation="194.0" isOriginalElevationFromOSM="false" isAnchor="false"><ele>206.2</ele></trkpt>
<trkpt lat="34.663092" lon="127.601698" sectionIndex="0" pointIndex="315" originalElevation="212.0" isOriginalElevationFromOSM="false" isAnchor="false"><ele>206.5</ele></trkpt>
<trkpt lat="34.663122" lon="127.601739" sectionIndex="0" pointIndex="316" originalElevation="212.0" isOriginalElevationFromOSM="false" isAnchor="false"><ele>206.9</ele></trkpt>
<trkpt lat="34.663152" lon="127.601780" sectionIndex="0" pointIndex="317" originalElevation="212.0" isOriginalElevationFromOSM="false" isAnchor="false"><ele>207.1</ele></trkpt>
<trkpt lat="34.663182" lon="127.601820" sectionIndex="0" pointIndex="318" originalElevation="212.0" isOriginalElevationFromOSM="false" isAnchor="false"><ele>207.3</ele></trkpt>
<trkpt lat="34.663212" lon="127.601861" sectionIndex="0" pointIndex="319" originalElevation="212.0" isOriginalElevationFromOSM="false" isAnchor="false"><ele>207.4</ele></trkpt>
<trkpt lat="34.663223" lon="127.601877" sectionIndex="0" pointIndex="320" originalElevation="212.0" isOriginalElevationFromOSM="false" isAnchor="false"><ele>207.2</ele></trkpt>
<trkpt lat="34.663223" lon="127.601877" sectionIndex="0" pointIndex="321" originalElevation="212.0" isOriginalElevationFromOSM="false" isAnchor="false"><ele>206.9</ele></trkpt>
<trkpt lat="34.663227" lon="127.601931" sectionIndex="0" pointIndex="322" originalElevation="212.0" isOriginalElevationFromOSM="false" isAnchor="false"><ele>206.3</ele></trkpt>
<trkpt lat="34.663231" lon="127.601986" sectionIndex="0" pointIndex="323" originalElevation="212.0" isOriginalElevationFromOSM="false" isAnchor="false"><ele>205.5</ele></trkpt>
<trkpt lat="34.663231" lon="127.601997" sectionIndex="0" pointIndex="324" originalElevation="212.0" isOriginalElevationFromOSM="false" isAnchor="false"><ele>204.3</ele></trkpt>
<trkpt lat="34.663217" lon="127.602095" sectionIndex="0" pointIndex="325" originalElevation="224.2" isOriginalElevationFromOSM="false" isAnchor="false"><ele>202.6</ele></trkpt>
<trkpt lat="34.663224" lon="127.602149" sectionIndex="0" pointIndex="326" originalElevation="224.0" isOriginalElevationFromOSM="false" isAnchor="false"><ele>200.5</ele></trkpt>
<trkpt lat="34.662601" lon="127.603890" sectionIndex="0" pointIndex="327" originalElevation="218.0" isOriginalElevationFromOSM="false" isAnchor="false"><ele>198.0</ele></trkpt>
<trkpt lat="34.662422" lon="127.604094" sectionIndex="0" pointIndex="328" originalElevation="216.0" isOriginalElevationFromOSM="false" isAnchor="false"><ele>194.9</ele></trkpt>
<trkpt lat="34.661103" lon="127.604992" sectionIndex="0" pointIndex="329" originalElevation="202.0" isOriginalElevationFromOSM="false" isAnchor="false"><ele>191.2</ele></trkpt>
<trkpt lat="34.660663" lon="127.605420" sectionIndex="0" pointIndex="330" originalElevation="195.0" isOriginalElevationFromOSM="false" isAnchor="false"><ele>187.0</ele></trkpt>
<trkpt lat="34.660526" lon="127.605690" sectionIndex="0" pointIndex="331" originalElevation="191.0" isOriginalElevationFromOSM="false" isAnchor="false"><ele>182.1</ele></trkpt>
<trkpt lat="34.660387" lon="127.606649" sectionIndex="0" pointIndex="332" originalElevation="181.0" isOriginalElevationFromOSM="false" isAnchor="false"><ele>176.8</ele></trkpt>
<trkpt lat="34.660258" lon="127.606938" sectionIndex="0" pointIndex="333" originalElevation="177.0" isOriginalElevationFromOSM="false" isAnchor="false"><ele>171.0</ele></trkpt>
<trkpt lat="34.660055" lon="127.607169" sectionIndex="0" pointIndex="334" originalElevation="173.0" isOriginalElevationFromOSM="false" isAnchor="false"><ele>164.8</ele></trkpt>
<trkpt lat="34.659547" lon="127.607485" sectionIndex="0" pointIndex="335" originalElevation="167.0" isOriginalElevationFromOSM="false" isAnchor="false"><ele>158.2</ele></trkpt>
<trkpt lat="34.659327" lon="127.607697" sectionIndex="0" pointIndex="336" originalElevation="164.0" isOriginalElevationFromOSM="false" isAnchor="false"><ele>151.4</ele></trkpt>
<trkpt lat="34.659177" lon="127.607979" sectionIndex="0" pointIndex="337" originalElevation="160.0" isOriginalElevationFromOSM="false" isAnchor="false"><ele>144.2</ele></trkpt>
<trkpt lat="34.659118" lon="127.608321" sectionIndex="0" pointIndex="338" originalElevation="157.0" isOriginalElevationFromOSM="false" isAnchor="false"><ele>137.0</ele></trkpt>
<trkpt lat="34.659370" lon="127.610073" sectionIndex="0" pointIndex="339" originalElevation="142.0" isOriginalElevationFromOSM="false" isAnchor="false"><ele>129.6</ele></trkpt>
<trkpt lat="34.659367" lon="127.612005" sectionIndex="0" pointIndex="340" originalElevation="126.0" isOriginalElevationFromOSM="false" isAnchor="false"><ele>122.3</ele></trkpt>
<trkpt lat="34.659587" lon="127.613644" sectionIndex="0" pointIndex="341" originalElevation="115.0" isOriginalElevationFromOSM="false" isAnchor="false"><ele>115.1</ele></trkpt>
<trkpt lat="34.659587" lon="127.614282" sectionIndex="0" pointIndex="342" originalElevation="111.0" isOriginalElevationFromOSM="false" isAnchor="false"><ele>108.2</ele></trkpt>
<trkpt lat="34.658676" lon="127.618017" sectionIndex="0" pointIndex="343" originalElevation="87.0" isOriginalElevationFromOSM="false" isAnchor="false"><ele>101.8</ele></trkpt>
<trkpt lat="34.658538" lon="127.618872" sectionIndex="0" pointIndex="344" originalElevation="82.0" isOriginalElevationFromOSM="false" isAnchor="false"><ele>95.9</ele></trkpt>
<trkpt lat="34.658217" lon="127.621723" sectionIndex="0" pointIndex="345" originalElevation="58.0" isOriginalElevationFromOSM="false" isAnchor="false"><ele>90.8</ele></trkpt>
<trkpt lat="34.658383" lon="127.623583" sectionIndex="0" pointIndex="346" originalElevation="48.0" isOriginalElevationFromOSM="false" isAnchor="false"><ele>86.7</ele></trkpt>
<trkpt lat="34.658297" lon="127.624627" sectionIndex="0" pointIndex="347" originalElevation="44.0" isOriginalElevationFromOSM="false" isAnchor="false"><ele>83.5</ele></trkpt>
<trkpt lat="34.658400" lon="127.624784" sectionIndex="0" pointIndex="348" originalElevation="44.0" isOriginalElevationFromOSM="false" isAnchor="false"><ele>81.4</ele></trkpt>
<trkpt lat="34.658525" lon="127.624760" sectionIndex="0" pointIndex="349" originalElevation="44.0" isOriginalElevationFromOSM="false" isAnchor="false"><ele>80.4</ele></trkpt>
<trkpt lat="34.659359" lon="127.624205" sectionIndex="0" pointIndex="350" originalElevation="45.0" isOriginalElevationFromOSM="false" isAnchor="false"><ele>80.5</ele></trkpt>
<trkpt lat="34.660070" lon="127.624026" sectionIndex="0" pointIndex="351" originalElevation="45.0" isOriginalElevationFromOSM="false" isAnchor="false"><ele>81.9</ele></trkpt>
<trkpt lat="34.660893" lon="127.623931" sectionIndex="0" pointIndex="352" originalElevation="45.0" isOriginalElevationFromOSM="false" isAnchor="false"><ele>84.4</ele></trkpt>
<trkpt lat="34.662126" lon="127.623930" sectionIndex="0" pointIndex="353" originalElevation="52.0" isOriginalElevationFromOSM="false" isAnchor="false"><ele>88.2</ele></trkpt>
<trkpt lat="34.662562" lon="127.624695" sectionIndex="0" pointIndex="354" originalElevation="53.0" isOriginalElevationFromOSM="false" isAnchor="false"><ele>93.0</ele></trkpt>
<trkpt lat="34.664054" lon="127.626148" sectionIndex="0" pointIndex="355" originalElevation="66.0" isOriginalElevationFromOSM="false" isAnchor="false"><ele>98.8</ele></trkpt>
<trkpt lat="34.665032" lon="127.626852" sectionIndex="0" pointIndex="356" originalElevation="90.0" isOriginalElevationFromOSM="false" isAnchor="false"><ele>105.4</ele></trkpt>
<trkpt lat="34.665083" lon="127.626736" sectionIndex="0" pointIndex="357" originalElevation="89.0" isOriginalElevationFromOSM="false" isAnchor="false"><ele>112.7</ele></trkpt>
<trkpt lat="34.665379" lon="127.626853" sectionIndex="0" pointIndex="358" originalElevation="95.0" isOriginalElevationFromOSM="false" isAnchor="false"><ele>120.5</ele></trkpt>
<trkpt lat="34.665656" lon="127.627109" sectionIndex="0" pointIndex="359" originalElevation="107.0" isOriginalElevationFromOSM="false" isAnchor="false"><ele>128.7</ele></trkpt>
<trkpt lat="34.666551" lon="127.626964" sectionIndex="0" pointIndex="360" originalElevation="141.0" isOriginalElevationFromOSM="false" isAnchor="false"><ele>136.9</ele></trkpt>
<trkpt lat="34.666837" lon="127.626666" sectionIndex="0" pointIndex="361" originalElevation="154.0" isOriginalElevationFromOSM="false" isAnchor="false"><ele>145.3</ele></trkpt>
<trkpt lat="34.667279" lon="127.626478" sectionIndex="0" pointIndex="362" originalElevation="175.0" isOriginalElevationFromOSM="false" isAnchor="false"><ele>153.5</ele></trkpt>
<trkpt lat="34.667690" lon="127.626690" sectionIndex="0" pointIndex="363" originalElevation="197.0" isOriginalElevationFromOSM="false" isAnchor="false"><ele>161.4</ele></trkpt>
<trkpt lat="34.667768" lon="127.626595" sectionIndex="0" pointIndex="364" originalElevation="199.0" isOriginalElevationFromOSM="false" isAnchor="false"><ele>168.6</ele></trkpt>
<trkpt lat="34.667817" lon="127.626054" sectionIndex="0" pointIndex="365" originalElevation="207.0" isOriginalElevationFromOSM="false" isAnchor="false"><ele>175.2</ele></trkpt>
<trkpt lat="34.667794" lon="127.625738" sectionIndex="0" pointIndex="366" originalElevation="222.0" isOriginalElevationFromOSM="false" isAnchor="false"><ele>181.1</ele></trkpt>
<trkpt lat="34.667856" lon="127.625521" sectionIndex="0" pointIndex="367" originalElevation="234.0" isOriginalElevationFromOSM="false" isAnchor="false"><ele>186.3</ele></trkpt>
<trkpt lat="34.667688" lon="127.625327" sectionIndex="0" pointIndex="368" originalElevation="240.0" isOriginalElevationFromOSM="false" isAnchor="false"><ele>190.8</ele></trkpt>
<trkpt lat="34.667470" lon="127.625178" sectionIndex="0" pointIndex="369" originalElevation="238.0" isOriginalElevationFromOSM="false" isAnchor="false"><ele>194.8</ele></trkpt>
<trkpt lat="34.667507" lon="127.624741" sectionIndex="0" pointIndex="370" originalElevation="222.0" isOriginalElevationFromOSM="false" isAnchor="false"><ele>198.1</ele></trkpt>
<trkpt lat="34.667412" lon="127.624583" sectionIndex="0" pointIndex="371" originalElevation="215.0" isOriginalElevationFromOSM="false" isAnchor="false"><ele>200.8</ele></trkpt>
<trkpt lat="34.667438" lon="127.624411" sectionIndex="0" pointIndex="372" originalElevation="209.0" isOriginalElevationFromOSM="false" isAnchor="false"><ele>203.0</ele></trkpt>
<trkpt lat="34.667373" lon="127.624270" sectionIndex="0" pointIndex="373" originalElevation="202.0" isOriginalElevationFromOSM="false" isAnchor="false"><ele>205.2</ele></trkpt>
<trkpt lat="34.667335" lon="127.623726" sectionIndex="0" pointIndex="374" originalElevation="188.0" isOriginalElevationFromOSM="false" isAnchor="false"><ele>207.1</ele></trkpt>
<trkpt lat="34.667257" lon="127.623618" sectionIndex="0" pointIndex="375" originalElevation="184.0" isOriginalElevationFromOSM="false" isAnchor="false"><ele>208.8</ele></trkpt>
<trkpt lat="34.667090" lon="127.623157" sectionIndex="0" pointIndex="376" originalElevation="193.0" isOriginalElevationFromOSM="false" isAnchor="false"><ele>210.3</ele></trkpt>
<trkpt lat="34.667211" lon="127.622967" sectionIndex="0" pointIndex="377" originalElevation="200.0" isOriginalElevationFromOSM="false" isAnchor="false"><ele>211.9</ele></trkpt>
<trkpt lat="34.667352" lon="127.622759" sectionIndex="0" pointIndex="378" originalElevation="194.0" isOriginalElevationFromOSM="false" isAnchor="false"><ele>213.4</ele></trkpt>
<trkpt lat="34.667497" lon="127.622256" sectionIndex="0" pointIndex="379" originalElevation="187.0" isOriginalElevationFromOSM="false" isAnchor="false"><ele>214.9</ele></trkpt>
<trkpt lat="34.667797" lon="127.621958" sectionIndex="0" pointIndex="380" originalElevation="185.0" isOriginalElevationFromOSM="false" isAnchor="false"><ele>216.5</ele></trkpt>
<trkpt lat="34.668070" lon="127.621630" sectionIndex="0" pointIndex="381" originalElevation="196.0" isOriginalElevationFromOSM="false" isAnchor="false"><ele>218.2</ele></trkpt>
<trkpt lat="34.668062" lon="127.621230" sectionIndex="0" pointIndex="382" originalElevation="205.0" isOriginalElevationFromOSM="false" isAnchor="false"><ele>220.0</ele></trkpt>
<trkpt lat="34.668044" lon="127.620942" sectionIndex="0" pointIndex="383" originalElevation="216.0" isOriginalElevationFromOSM="false" isAnchor="false"><ele>221.8</ele></trkpt>
<trkpt lat="34.668160" lon="127.620325" sectionIndex="0" pointIndex="384" originalElevation="242.0" isOriginalElevationFromOSM="false" isAnchor="false"><ele>223.5</ele></trkpt>
<trkpt lat="34.668095" lon="127.620134" sectionIndex="0" pointIndex="385" originalElevation="247.0" isOriginalElevationFromOSM="false" isAnchor="false"><ele>225.3</ele></trkpt>
<trkpt lat="34.667858" lon="127.619510" sectionIndex="0" pointIndex="386" originalElevation="241.0" isOriginalElevationFromOSM="false" isAnchor="false"><ele>227.2</ele></trkpt>
<trkpt lat="34.667717" lon="127.619170" sectionIndex="0" pointIndex="387" originalElevation="255.0" isOriginalElevationFromOSM="false" isAnchor="false"><ele>229.0</ele></trkpt>
<trkpt lat="34.667567" lon="127.618350" sectionIndex="0" pointIndex="388" originalElevation="282.0" isOriginalElevationFromOSM="false" isAnchor="false"><ele>230.8</ele></trkpt>
<trkpt lat="34.667547" lon="127.618061" sectionIndex="0" pointIndex="389" originalElevation="275.0" isOriginalElevationFromOSM="false" isAnchor="false"><ele>232.5</ele></trkpt>
<trkpt lat="34.667370" lon="127.617682" sectionIndex="0" pointIndex="390" originalElevation="260.0" isOriginalElevationFromOSM="false" isAnchor="false"><ele>234.2</ele></trkpt>
<trkpt lat="34.667229" lon="127.617158" sectionIndex="0" pointIndex="391" originalElevation="254.0" isOriginalElevationFromOSM="false" isAnchor="false"><ele>235.8</ele></trkpt>
<trkpt lat="34.667286" lon="127.616763" sectionIndex="0" pointIndex="392" originalElevation="246.0" isOriginalElevationFromOSM="false" isAnchor="false"><ele>237.2</ele></trkpt>
<trkpt lat="34.667418" lon="127.616097" sectionIndex="0" pointIndex="393" originalElevation="218.0" isOriginalElevationFromOSM="false" isAnchor="false"><ele>238.6</ele></trkpt>
<trkpt lat="34.667381" lon="127.615937" sectionIndex="0" pointIndex="394" originalElevation="212.0" isOriginalElevationFromOSM="false" isAnchor="false"><ele>240.0</ele></trkpt>
<trkpt lat="34.667468" lon="127.615638" sectionIndex="0" pointIndex="395" originalElevation="204.0" isOriginalElevationFromOSM="false" isAnchor="false"><ele>241.3</ele></trkpt>
<trkpt lat="34.667412" lon="127.615509" sectionIndex="0" pointIndex="396" originalElevation="203.0" isOriginalElevationFromOSM="false" isAnchor="false"><ele>242.8</ele></trkpt>
<trkpt lat="34.667455" lon="127.615056" sectionIndex="0" pointIndex="397" originalElevation="206.0" isOriginalElevationFromOSM="false" isAnchor="false"><ele>244.1</ele></trkpt>
<trkpt lat="34.667509" lon="127.614797" sectionIndex="0" pointIndex="398" originalElevation="212.0" isOriginalElevationFromOSM="false" isAnchor="false"><ele>245.3</ele></trkpt>
<trkpt lat="34.667442" lon="127.614373" sectionIndex="0" pointIndex="399" originalElevation="225.0" isOriginalElevationFromOSM="false" isAnchor="false"><ele>246.5</ele></trkpt>
<trkpt lat="34.667558" lon="127.613736" sectionIndex="0" pointIndex="400" originalElevation="237.0" isOriginalElevationFromOSM="false" isAnchor="false"><ele>247.4</ele></trkpt>
<trkpt lat="34.667672" lon="127.613274" sectionIndex="0" pointIndex="401" originalElevation="258.0" isOriginalElevationFromOSM="false" isAnchor="false"><ele>248.1</ele></trkpt>
<trkpt lat="34.667780" lon="127.613133" sectionIndex="0" pointIndex="402" originalElevation="264.0" isOriginalElevationFromOSM="false" isAnchor="false"><ele>248.6</ele></trkpt>
<trkpt lat="34.667679" lon="127.612720" sectionIndex="0" pointIndex="403" originalElevation="287.0" isOriginalElevationFromOSM="false" isAnchor="false"><ele>248.8</ele></trkpt>
<trkpt lat="34.667560" lon="127.612613" sectionIndex="0" pointIndex="404" originalElevation="293.0" isOriginalElevationFromOSM="false" isAnchor="false"><ele>248.2</ele></trkpt>
<trkpt lat="34.667663" lon="127.612422" sectionIndex="0" pointIndex="405" originalElevation="299.0" isOriginalElevationFromOSM="false" isAnchor="false"><ele>247.4</ele></trkpt>
<trkpt lat="34.667610" lon="127.612222" sectionIndex="0" pointIndex="406" originalElevation="295.0" isOriginalElevationFromOSM="false" isAnchor="false"><ele>246.0</ele></trkpt>
<trkpt lat="34.667427" lon="127.612061" sectionIndex="0" pointIndex="407" originalElevation="288.0" isOriginalElevationFromOSM="false" isAnchor="false"><ele>244.1</ele></trkpt>
<trkpt lat="34.667205" lon="127.611679" sectionIndex="0" pointIndex="408" originalElevation="278.0" isOriginalElevationFromOSM="false" isAnchor="false"><ele>241.8</ele></trkpt>
<trkpt lat="34.667330" lon="127.611244" sectionIndex="0" pointIndex="409" originalElevation="262.0" isOriginalElevationFromOSM="false" isAnchor="false"><ele>239.1</ele></trkpt>
<trkpt lat="34.667318" lon="127.610895" sectionIndex="0" pointIndex="410" originalElevation="247.0" isOriginalElevationFromOSM="false" isAnchor="false"><ele>236.0</ele></trkpt>
<trkpt lat="34.667158" lon="127.610668" sectionIndex="0" pointIndex="411" originalElevation="241.0" isOriginalElevationFromOSM="false" isAnchor="false"><ele>232.4</ele></trkpt>
<trkpt lat="34.666716" lon="127.610700" sectionIndex="0" pointIndex="412" originalElevation="223.0" isOriginalElevationFromOSM="false" isAnchor="false"><ele>228.5</ele></trkpt>
<trkpt lat="34.666438" lon="127.610545" sectionIndex="0" pointIndex="413" originalElevation="205.0" isOriginalElevationFromOSM="false" isAnchor="false"><ele>224.4</ele></trkpt>
<trkpt lat="34.666247" lon="127.610369" sectionIndex="0" pointIndex="414" originalElevation="201.0" isOriginalElevationFromOSM="false" isAnchor="false"><ele>220.2</ele></trkpt>
<trkpt lat="34.665894" lon="127.610426" sectionIndex="0" pointIndex="415" originalElevation="194.0" isOriginalElevationFromOSM="false" isAnchor="false"><ele>215.9</ele></trkpt>
<trkpt lat="34.665490" lon="127.610278" sectionIndex="0" pointIndex="416" originalElevation="190.0" isOriginalElevationFromOSM="false" isAnchor="false"><ele>211.5</ele></trkpt>
<trkpt lat="34.665056" lon="127.609793" sectionIndex="0" pointIndex="417" originalElevation="187.0" isOriginalElevationFromOSM="false" isAnchor="false"><ele>207.3</ele></trkpt>
<trkpt lat="34.664726" lon="127.608836" sectionIndex="0" pointIndex="418" originalElevation="192.0" isOriginalElevationFromOSM="false" isAnchor="false"><ele>203.2</ele></trkpt>
<trkpt lat="34.665053" lon="127.607488" sectionIndex="0" pointIndex="419" originalElevation="175.0" isOriginalElevationFromOSM="false" isAnchor="false"><ele>199.1</ele></trkpt>
<trkpt lat="34.665113" lon="127.606471" sectionIndex="0" pointIndex="420" originalElevation="182.0" isOriginalElevationFromOSM="false" isAnchor="false"><ele>195.1</ele></trkpt>
<trkpt lat="34.665099" lon="127.605747" sectionIndex="0" pointIndex="421" originalElevation="178.0" isOriginalElevationFromOSM="false" isAnchor="false"><ele>191.2</ele></trkpt>
<trkpt lat="34.665335" lon="127.605259" sectionIndex="0" pointIndex="422" originalElevation="178.0" isOriginalElevationFromOSM="false" isAnchor="false"><ele>187.5</ele></trkpt>
<trkpt lat="34.665631" lon="127.604519" sectionIndex="0" pointIndex="423" originalElevation="191.0" isOriginalElevationFromOSM="false" isAnchor="false"><ele>183.8</ele></trkpt>
<trkpt lat="34.665702" lon="127.604225" sectionIndex="0" pointIndex="424" originalElevation="193.0" isOriginalElevationFromOSM="false" isAnchor="false"><ele>180.1</ele></trkpt>
<trkpt lat="34.665671" lon="127.603858" sectionIndex="0" pointIndex="425" originalElevation="193.0" isOriginalElevationFromOSM="false" isAnchor="false"><ele>176.5</ele></trkpt>
<trkpt lat="34.666735" lon="127.602640" sectionIndex="0" pointIndex="426" originalElevation="186.0" isOriginalElevationFromOSM="false" isAnchor="false"><ele>172.9</ele></trkpt>
<trkpt lat="34.666882" lon="127.602649" sectionIndex="0" pointIndex="427" originalElevation="186.0" isOriginalElevationFromOSM="false" isAnchor="false"><ele>169.1</ele></trkpt>
<trkpt lat="34.667039" lon="127.602831" sectionIndex="0" pointIndex="428" originalElevation="185.0" isOriginalElevationFromOSM="false" isAnchor="false"><ele>165.3</ele></trkpt>
<trkpt lat="34.667282" lon="127.603628" sectionIndex="0" pointIndex="429" originalElevation="183.0" isOriginalElevationFromOSM="false" isAnchor="false"><ele>161.5</ele></trkpt>
<trkpt lat="34.667415" lon="127.603815" sectionIndex="0" pointIndex="430" originalElevation="182.0" isOriginalElevationFromOSM="false" isAnchor="false"><ele>157.6</ele></trkpt>
<trkpt lat="34.668399" lon="127.603613" sectionIndex="0" pointIndex="431" originalElevation="168.0" isOriginalElevationFromOSM="false" isAnchor="false"><ele>153.7</ele></trkpt>
<trkpt lat="34.668872" lon="127.603418" sectionIndex="0" pointIndex="432" originalElevation="160.0" isOriginalElevationFromOSM="false" isAnchor="false"><ele>149.7</ele></trkpt>
<trkpt lat="34.669188" lon="127.603675" sectionIndex="0" pointIndex="433" originalElevation="154.0" isOriginalElevationFromOSM="false" isAnchor="false"><ele>145.8</ele></trkpt>
<trkpt lat="34.670099" lon="127.603867" sectionIndex="0" pointIndex="434" originalElevation="143.0" isOriginalElevationFromOSM="false" isAnchor="false"><ele>142.0</ele></trkpt>
<trkpt lat="34.671690" lon="127.604369" sectionIndex="0" pointIndex="435" originalElevation="111.0" isOriginalElevationFromOSM="false" isAnchor="false"><ele>138.5</ele></trkpt>
<trkpt lat="34.672457" lon="127.604181" sectionIndex="0" pointIndex="436" originalElevation="101.0" isOriginalElevationFromOSM="false" isAnchor="false"><ele>135.3</ele></trkpt>
<trkpt lat="34.673397" lon="127.604134" sectionIndex="0" pointIndex="437" originalElevation="94.0" isOriginalElevationFromOSM="false" isAnchor="false"><ele>132.4</ele></trkpt>
<trkpt lat="34.673588" lon="127.603878" sectionIndex="0" pointIndex="438" originalElevation="91.0" isOriginalElevationFromOSM="false" isAnchor="false"><ele>129.9</ele></trkpt>
<trkpt lat="34.673774" lon="127.603652" sectionIndex="0" pointIndex="439" originalElevation="93.0" isOriginalElevationFromOSM="false" isAnchor="false"><ele>127.8</ele></trkpt>
<trkpt lat="34.674471" lon="127.603525" sectionIndex="0" pointIndex="440" originalElevation="97.0" isOriginalElevationFromOSM="false" isAnchor="false"><ele>126.1</ele></trkpt>
<trkpt lat="34.674846" lon="127.603666" sectionIndex="0" pointIndex="441" originalElevation="98.0" isOriginalElevationFromOSM="false" isAnchor="false"><ele>124.8</ele></trkpt>
<trkpt lat="34.675537" lon="127.604015" sectionIndex="0" pointIndex="442" originalElevation="112.0" isOriginalElevationFromOSM="false" isAnchor="false"><ele>124.0</ele></trkpt>
<trkpt lat="34.675973" lon="127.603990" sectionIndex="0" pointIndex="443" originalElevation="117.0" isOriginalElevationFromOSM="false" isAnchor="false"><ele>123.5</ele></trkpt>
<trkpt lat="34.676526" lon="127.604473" sectionIndex="0" pointIndex="444" originalElevation="130.0" isOriginalElevationFromOSM="false" isAnchor="false"><ele>123.2</ele></trkpt>
<trkpt lat="34.677301" lon="127.604920" sectionIndex="0" pointIndex="445" originalElevation="138.0" isOriginalElevationFromOSM="false" isAnchor="false"><ele>123.1</ele></trkpt>
<trkpt lat="34.677721" lon="127.605501" sectionIndex="0" pointIndex="446" originalElevation="138.0" isOriginalElevationFromOSM="false" isAnchor="false"><ele>123.1</ele></trkpt>
<trkpt lat="34.678034" lon="127.606161" sectionIndex="0" pointIndex="447" originalElevation="138.0" isOriginalElevationFromOSM="false" isAnchor="false"><ele>123.0</ele></trkpt>
<trkpt lat="34.678175" lon="127.607046" sectionIndex="0" pointIndex="448" originalElevation="137.0" isOriginalElevationFromOSM="false" isAnchor="false"><ele>122.7</ele></trkpt>
<trkpt lat="34.678367" lon="127.607437" sectionIndex="0" pointIndex="449" originalElevation="136.0" isOriginalElevationFromOSM="false" isAnchor="false"><ele>122.3</ele></trkpt>
<trkpt lat="34.678094" lon="127.608157" sectionIndex="0" pointIndex="450" originalElevation="133.0" isOriginalElevationFromOSM="false" isAnchor="false"><ele>121.6</ele></trkpt>
<trkpt lat="34.678306" lon="127.608859" sectionIndex="0" pointIndex="451" originalElevation="133.0" isOriginalElevationFromOSM="false" isAnchor="false"><ele>120.9</ele></trkpt>
<trkpt lat="34.678414" lon="127.608982" sectionIndex="0" pointIndex="452" originalElevation="132.0" isOriginalElevationFromOSM="false" isAnchor="false"><ele>119.6</ele></trkpt>
<trkpt lat="34.678562" lon="127.608900" sectionIndex="0" pointIndex="453" originalElevation="131.0" isOriginalElevationFromOSM="false" isAnchor="false"><ele>117.9</ele></trkpt>
<trkpt lat="34.678773" lon="127.608589" sectionIndex="0" pointIndex="454" originalElevation="128.0" isOriginalElevationFromOSM="false" isAnchor="false"><ele>115.7</ele></trkpt>
<trkpt lat="34.679328" lon="127.608264" sectionIndex="0" pointIndex="455" originalElevation="121.0" isOriginalElevationFromOSM="false" isAnchor="false"><ele>113.2</ele></trkpt>
<trkpt lat="34.679435" lon="127.608293" sectionIndex="0" pointIndex="456" originalElevation="121.0" isOriginalElevationFromOSM="false" isAnchor="false"><ele>110.1</ele></trkpt>
<trkpt lat="34.679660" lon="127.608598" sectionIndex="0" pointIndex="457" originalElevation="120.0" isOriginalElevationFromOSM="false" isAnchor="false"><ele>106.6</ele></trkpt>
<trkpt lat="34.680046" lon="127.608794" sectionIndex="0" pointIndex="458" originalElevation="118.0" isOriginalElevationFromOSM="false" isAnchor="false"><ele>102.6</ele></trkpt>
<trkpt lat="34.680625" lon="127.608628" sectionIndex="0" pointIndex="459" originalElevation="108.0" isOriginalElevationFromOSM="false" isAnchor="false"><ele>98.3</ele></trkpt>
<trkpt lat="34.680737" lon="127.608486" sectionIndex="0" pointIndex="460" originalElevation="107.0" isOriginalElevationFromOSM="false" isAnchor="false"><ele>93.7</ele></trkpt>
<trkpt lat="34.680830" lon="127.607913" sectionIndex="0" pointIndex="461" originalElevation="101.1" isOriginalElevationFromOSM="false" isAnchor="false"><ele>88.9</ele></trkpt>
<trkpt lat="34.680790" lon="127.607860" sectionIndex="0" pointIndex="462" originalElevation="77.0" isOriginalElevationFromOSM="false" isAnchor="false"><ele>83.9</ele></trkpt>
<trkpt lat="34.681180" lon="127.607410" sectionIndex="0" pointIndex="463" originalElevation="68.0" isOriginalElevationFromOSM="false" isAnchor="false"><ele>79.1</ele></trkpt>
<trkpt lat="34.681460" lon="127.607230" sectionIndex="0" pointIndex="464" originalElevation="68.0" isOriginalElevationFromOSM="false" isAnchor="false"><ele>74.4</ele></trkpt>
<trkpt lat="34.681810" lon="127.607200" sectionIndex="0" pointIndex="465" originalElevation="68.0" isOriginalElevationFromOSM="false" isAnchor="false"><ele>69.8</ele></trkpt>
<trkpt lat="34.681920" lon="127.607340" sectionIndex="0" pointIndex="466" originalElevation="68.0" isOriginalElevationFromOSM="false" isAnchor="false"><ele>65.2</ele></trkpt>
<trkpt lat="34.682180" lon="127.607530" sectionIndex="0" pointIndex="467" originalElevation="43.0" isOriginalElevationFromOSM="false" isAnchor="false"><ele>60.7</ele></trkpt>
<trkpt lat="34.682460" lon="127.607640" sectionIndex="0" pointIndex="468" originalElevation="43.0" isOriginalElevationFromOSM="false" isAnchor="false"><ele>56.5</ele></trkpt>
<trkpt lat="34.682590" lon="127.607750" sectionIndex="0" pointIndex="469" originalElevation="43.0" isOriginalElevationFromOSM="false" isAnchor="false"><ele>52.5</ele></trkpt>
<trkpt lat="34.682730" lon="127.607900" sectionIndex="0" pointIndex="470" originalElevation="56.0" isOriginalElevationFromOSM="false" isAnchor="false"><ele>48.9</ele></trkpt>
<trkpt lat="34.683070" lon="127.608430" sectionIndex="0" pointIndex="471" originalElevation="26.0" isOriginalElevationFromOSM="false" isAnchor="false"><ele>45.5</ele></trkpt>
<trkpt lat="34.683230" lon="127.608800" sectionIndex="0" pointIndex="472" originalElevation="23.0" isOriginalElevationFromOSM="false" isAnchor="false"><ele>42.5</ele></trkpt>
<trkpt lat="34.683300" lon="127.609070" sectionIndex="0" pointIndex="473" originalElevation="23.0" isOriginalElevationFromOSM="false" isAnchor="false"><ele>39.8</ele></trkpt>
<trkpt lat="34.683290" lon="127.609260" sectionIndex="0" pointIndex="474" originalElevation="23.0" isOriginalElevationFromOSM="false" isAnchor="false"><ele>37.4</ele></trkpt>
<trkpt lat="34.683240" lon="127.609470" sectionIndex="0" pointIndex="475" originalElevation="23.0" isOriginalElevationFromOSM="false" isAnchor="false"><ele>35.4</ele></trkpt>
<trkpt lat="34.683271" lon="127.609571" sectionIndex="0" pointIndex="476" originalElevation="13.7" isOriginalElevationFromOSM="false" isAnchor="false"><ele>33.6</ele></trkpt>
<trkpt lat="34.683265" lon="127.609620" sectionIndex="0" pointIndex="477" originalElevation="19.9" isOriginalElevationFromOSM="false" isAnchor="false"><ele>32.1</ele></trkpt>
<trkpt lat="34.683265" lon="127.609620" sectionIndex="0" pointIndex="478" originalElevation="47.0" isOriginalElevationFromOSM="false" isAnchor="false"><ele>31.0</ele></trkpt>
<trkpt lat="34.683291" lon="127.609575" sectionIndex="0" pointIndex="479" originalElevation="47.0" isOriginalElevationFromOSM="false" isAnchor="false"><ele>30.0</ele></trkpt>
<trkpt lat="34.683316" lon="127.609530" sectionIndex="0" pointIndex="480" originalElevation="47.0" isOriginalElevationFromOSM="false" isAnchor="false"><ele>29.2</ele></trkpt>
<trkpt lat="34.683341" lon="127.609485" sectionIndex="0" pointIndex="481" originalElevation="23.0" isOriginalElevationFromOSM="false" isAnchor="false"><ele>28.5</ele></trkpt>
<trkpt lat="34.683367" lon="127.609440" sectionIndex="0" pointIndex="482" originalElevation="23.0" isOriginalElevationFromOSM="false" isAnchor="false"><ele>27.8</ele></trkpt>
<trkpt lat="34.683392" lon="127.609394" sectionIndex="0" pointIndex="483" originalElevation="23.0" isOriginalElevationFromOSM="false" isAnchor="false"><ele>27.4</ele></trkpt>
<trkpt lat="34.683417" lon="127.609349" sectionIndex="0" pointIndex="484" originalElevation="23.0" isOriginalElevationFromOSM="false" isAnchor="false"><ele>27.1</ele></trkpt>
<trkpt lat="34.683443" lon="127.609304" sectionIndex="0" pointIndex="485" originalElevation="23.0" isOriginalElevationFromOSM="false" isAnchor="false"><ele>26.8</ele></trkpt>
<trkpt lat="34.683468" lon="127.609259" sectionIndex="0" pointIndex="486" originalElevation="23.0" isOriginalElevationFromOSM="false" isAnchor="false"><ele>26.4</ele></trkpt>
<trkpt lat="34.683493" lon="127.609214" sectionIndex="0" pointIndex="487" originalElevation="23.0" isOriginalElevationFromOSM="false" isAnchor="false"><ele>26.3</ele></trkpt>
<trkpt lat="34.683519" lon="127.609169" sectionIndex="0" pointIndex="488" originalElevation="23.0" isOriginalElevationFromOSM="false" isAnchor="false"><ele>26.2</ele></trkpt>
<trkpt lat="34.683544" lon="127.609123" sectionIndex="0" pointIndex="489" originalElevation="26.0" isOriginalElevationFromOSM="false" isAnchor="false"><ele>26.1</ele></trkpt>
<trkpt lat="34.683570" lon="127.609078" sectionIndex="0" pointIndex="490" originalElevation="26.0" isOriginalElevationFromOSM="false" isAnchor="false"><ele>26.0</ele></trkpt>
<trkpt lat="34.683595" lon="127.609033" sectionIndex="0" pointIndex="491" originalElevation="26.0" isOriginalElevationFromOSM="false" isAnchor="false"><ele>25.9</ele></trkpt>
<trkpt lat="34.683620" lon="127.608988" sectionIndex="0" pointIndex="492" originalElevation="26.0" isOriginalElevationFromOSM="false" isAnchor="false"><ele>25.9</ele></trkpt>
<trkpt lat="34.683646" lon="127.608943" sectionIndex="0" pointIndex="493" originalElevation="26.0" isOriginalElevationFromOSM="false" isAnchor="false"><ele>25.9</ele></trkpt>
<trkpt lat="34.683671" lon="127.608898" sectionIndex="0" pointIndex="494" originalElevation="26.0" isOriginalElevationFromOSM="false" isAnchor="false"><ele>25.8</ele></trkpt>
<trkpt lat="34.683696" lon="127.608852" sectionIndex="0" pointIndex="495" originalElevation="26.0" isOriginalElevationFromOSM="false" isAnchor="false"><ele>25.6</ele></trkpt>
<trkpt lat="34.683722" lon="127.608807" sectionIndex="0" pointIndex="496" originalElevation="26.0" isOriginalElevationFromOSM="false" isAnchor="false"><ele>25.6</ele></trkpt>
<trkpt lat="34.683747" lon="127.608762" sectionIndex="0" pointIndex="497" originalElevation="26.0" isOriginalElevationFromOSM="false" isAnchor="false"><ele>25.7</ele></trkpt>
<trkpt lat="34.683772" lon="127.608717" sectionIndex="0" pointIndex="498" originalElevation="26.0" isOriginalElevationFromOSM="false" isAnchor="false"><ele>25.7</ele></trkpt>
<trkpt lat="34.683798" lon="127.608672" sectionIndex="0" pointIndex="499" originalElevation="26.0" isOriginalElevationFromOSM="false" isAnchor="false"><ele>25.8</ele></trkpt>
<trkpt lat="34.683823" lon="127.608627" sectionIndex="0" pointIndex="500" originalElevation="26.0" isOriginalElevationFromOSM="false" isAnchor="false"><ele>25.9</ele></trkpt>
<trkpt lat="34.683848" lon="127.608581" sectionIndex="0" pointIndex="501" originalElevation="26.0" isOriginalElevationFromOSM="false" isAnchor="false"><ele>25.9</ele></trkpt>
<trkpt lat="34.683874" lon="127.608536" sectionIndex="0" pointIndex="502" originalElevation="26.0" isOriginalElevationFromOSM="false" isAnchor="false"><ele>25.9</ele></trkpt>
<trkpt lat="34.683899" lon="127.608491" sectionIndex="0" pointIndex="503" originalElevation="26.0" isOriginalElevationFromOSM="false" isAnchor="false"><ele>26.0</ele></trkpt>
<trkpt lat="34.683924" lon="127.608446" sectionIndex="0" pointIndex="504" originalElevation="26.0" isOriginalElevationFromOSM="false" isAnchor="false"><ele>26.0</ele></trkpt>
<trkpt lat="34.683950" lon="127.608401" sectionIndex="0" pointIndex="505" originalElevation="26.0" isOriginalElevationFromOSM="false" isAnchor="false"><ele>26.0</ele></trkpt>
<trkpt lat="34.683975" lon="127.608356" sectionIndex="0" pointIndex="506" originalElevation="26.0" isOriginalElevationFromOSM="false" isAnchor="false"><ele>25.9</ele></trkpt>
<trkpt lat="34.684000" lon="127.608311" sectionIndex="0" pointIndex="507" originalElevation="26.0" isOriginalElevationFromOSM="false" isAnchor="false"><ele>25.8</ele></trkpt>
<trkpt lat="34.684026" lon="127.608265" sectionIndex="0" pointIndex="508" originalElevation="26.0" isOriginalElevationFromOSM="false" isAnchor="false"><ele>25.8</ele></trkpt>
<trkpt lat="34.684051" lon="127.608220" sectionIndex="0" pointIndex="509" originalElevation="26.0" isOriginalElevationFromOSM="false" isAnchor="false"><ele>25.7</ele></trkpt>
<trkpt lat="34.684077" lon="127.608175" sectionIndex="0" pointIndex="510" originalElevation="26.0" isOriginalElevationFromOSM="false" isAnchor="false"><ele>25.5</ele></trkpt>
<trkpt lat="34.684078" lon="127.608173" sectionIndex="0" pointIndex="511" originalElevation="26.0" isOriginalElevationFromOSM="false" isAnchor="false"><ele>25.4</ele></trkpt>
<trkpt lat="34.684078" lon="127.608173" sectionIndex="0" pointIndex="512" originalElevation="26.0" isOriginalElevationFromOSM="false" isAnchor="false"><ele>25.3</ele></trkpt>
<trkpt lat="34.684059" lon="127.608123" sectionIndex="0" pointIndex="513" originalElevation="26.0" isOriginalElevationFromOSM="false" isAnchor="false"><ele>25.2</ele></trkpt>
<trkpt lat="34.684040" lon="127.608074" sectionIndex="0" pointIndex="514" originalElevation="26.0" isOriginalElevationFromOSM="false" isAnchor="false"><ele>25.1</ele></trkpt>
<trkpt lat="34.684020" lon="127.608024" sectionIndex="0" pointIndex="515" originalElevation="26.0" isOriginalElevationFromOSM="false" isAnchor="false"><ele>25.0</ele></trkpt>
<trkpt lat="34.684001" lon="127.607975" sectionIndex="0" pointIndex="516" originalElevation="26.0" isOriginalElevationFromOSM="false" isAnchor="false"><ele>24.9</ele></trkpt>
<trkpt lat="34.683982" lon="127.607925" sectionIndex="0" pointIndex="517" originalElevation="26.0" isOriginalElevationFromOSM="false" isAnchor="false"><ele>24.8</ele></trkpt>
<trkpt lat="34.683963" lon="127.607876" sectionIndex="0" pointIndex="518" originalElevation="26.0" isOriginalElevationFromOSM="false" isAnchor="false"><ele>24.7</ele></trkpt>
<trkpt lat="34.683945" lon="127.607830" sectionIndex="0" pointIndex="519" originalElevation="26.0" isOriginalElevationFromOSM="false" isAnchor="false"><ele>24.7</ele></trkpt>
<trkpt lat="34.683950" lon="127.607830" sectionIndex="0" pointIndex="520" originalElevation="19.5" isOriginalElevationFromOSM="false" isAnchor="false"><ele>24.8</ele></trkpt>
<trkpt lat="34.683940" lon="127.607770" sectionIndex="0" pointIndex="521" originalElevation="21.0" isOriginalElevationFromOSM="false" isAnchor="false"><ele>25.0</ele></trkpt>
<trkpt lat="34.683950" lon="127.607580" sectionIndex="0" pointIndex="522" originalElevation="21.0" isOriginalElevationFromOSM="false" isAnchor="false"><ele>25.2</ele></trkpt>
<trkpt lat="34.683910" lon="127.607420" sectionIndex="0" pointIndex="523" originalElevation="21.0" isOriginalElevationFromOSM="false" isAnchor="false"><ele>25.5</ele></trkpt>
<trkpt lat="34.683860" lon="127.607320" sectionIndex="0" pointIndex="524" originalElevation="21.0" isOriginalElevationFromOSM="false" isAnchor="false"><ele>25.9</ele></trkpt>
<trkpt lat="34.683820" lon="127.607290" sectionIndex="0" pointIndex="525" originalElevation="21.0" isOriginalElevationFromOSM="false" isAnchor="false"><ele>26.5</ele></trkpt>
<trkpt lat="34.683660" lon="127.607190" sectionIndex="0" pointIndex="526" originalElevation="21.0" isOriginalElevationFromOSM="false" isAnchor="false"><ele>27.2</ele></trkpt>
<trkpt lat="34.683470" lon="127.607040" sectionIndex="0" pointIndex="527" originalElevation="26.0" isOriginalElevationFromOSM="false" isAnchor="false"><ele>28.1</ele></trkpt>
<trkpt lat="34.683270" lon="127.606880" sectionIndex="0" pointIndex="528" originalElevation="30.0" isOriginalElevationFromOSM="false" isAnchor="false"><ele>29.1</ele></trkpt>
<trkpt lat="34.683140" lon="127.606770" sectionIndex="0" pointIndex="529" originalElevation="30.0" isOriginalElevationFromOSM="false" isAnchor="false"><ele>30.3</ele></trkpt>
<trkpt lat="34.682850" lon="127.606610" sectionIndex="0" pointIndex="530" originalElevation="30.0" isOriginalElevationFromOSM="false" isAnchor="false"><ele>31.6</ele></trkpt>
<trkpt lat="34.682830" lon="127.606570" sectionIndex="0" pointIndex="531" originalElevation="30.0" isOriginalElevationFromOSM="false" isAnchor="false"><ele>33.1</ele></trkpt>
<trkpt lat="34.682790" lon="127.606440" sectionIndex="0" pointIndex="532" originalElevation="30.0" isOriginalElevationFromOSM="false" isAnchor="false"><ele>34.7</ele></trkpt>
<trkpt lat="34.682840" lon="127.606260" sectionIndex="0" pointIndex="533" originalElevation="30.0" isOriginalElevationFromOSM="false" isAnchor="false"><ele>36.4</ele></trkpt>
<trkpt lat="34.682850" lon="127.606180" sectionIndex="0" pointIndex="534" originalElevation="30.0" isOriginalElevationFromOSM="false" isAnchor="false"><ele>38.3</ele></trkpt>
<trkpt lat="34.682830" lon="127.605970" sectionIndex="0" pointIndex="535" originalElevation="38.0" isOriginalElevationFromOSM="false" isAnchor="false"><ele>40.3</ele></trkpt>
<trkpt lat="34.682830" lon="127.605840" sectionIndex="0" pointIndex="536" originalElevation="38.0" isOriginalElevationFromOSM="false" isAnchor="false"><ele>42.4</ele></trkpt>
<trkpt lat="34.682950" lon="127.605530" sectionIndex="0" pointIndex="537" originalElevation="38.0" isOriginalElevationFromOSM="false" isAnchor="false"><ele>44.5</ele></trkpt>
<trkpt lat="34.682930" lon="127.605440" sectionIndex="0" pointIndex="538" originalElevation="38.0" isOriginalElevationFromOSM="false" isAnchor="false"><ele>46.7</ele></trkpt>
<trkpt lat="34.682750" lon="127.604890" sectionIndex="0" pointIndex="539" originalElevation="53.0" isOriginalElevationFromOSM="false" isAnchor="false"><ele>48.9</ele></trkpt>
<trkpt lat="34.682730" lon="127.604790" sectionIndex="0" pointIndex="540" originalElevation="53.0" isOriginalElevationFromOSM="false" isAnchor="false"><ele>51.1</ele></trkpt>
<trkpt lat="34.682720" lon="127.604590" sectionIndex="0" pointIndex="541" originalElevation="53.0" isOriginalElevationFromOSM="false" isAnchor="false"><ele>53.2</ele></trkpt>
<trkpt lat="34.682660" lon="127.604330" sectionIndex="0" pointIndex="542" originalElevation="63.0" isOriginalElevationFromOSM="false" isAnchor="false"><ele>55.2</ele></trkpt>
<trkpt lat="34.682650" lon="127.604060" sectionIndex="0" pointIndex="543" originalElevation="63.0" isOriginalElevationFromOSM="false" isAnchor="false"><ele>57.2</ele></trkpt>
<trkpt lat="34.682600" lon="127.603760" sectionIndex="0" pointIndex="544" originalElevation="63.0" isOriginalElevationFromOSM="false" isAnchor="false"><ele>59.0</ele></trkpt>
<trkpt lat="34.682600" lon="127.603500" sectionIndex="0" pointIndex="545" originalElevation="71.0" isOriginalElevationFromOSM="false" isAnchor="false"><ele>60.6</ele></trkpt>
<trkpt lat="34.682560" lon="127.603320" sectionIndex="0" pointIndex="546" originalElevation="71.0" isOriginalElevationFromOSM="false" isAnchor="false"><ele>62.0</ele></trkpt>
<trkpt lat="34.682580" lon="127.603250" sectionIndex="0" pointIndex="547" originalElevation="71.0" isOriginalElevationFromOSM="false" isAnchor="false"><ele>63.3</ele></trkpt>
<trkpt lat="34.682590" lon="127.603130" sectionIndex="0" pointIndex="548" originalElevation="71.0" isOriginalElevationFromOSM="false" isAnchor="false"><ele>64.5</ele></trkpt>
<trkpt lat="34.682590" lon="127.602910" sectionIndex="0" pointIndex="549" originalElevation="71.0" isOriginalElevationFromOSM="false" isAnchor="false"><ele>65.3</ele></trkpt>
<trkpt lat="34.682510" lon="127.602710" sectionIndex="0" pointIndex="550" originalElevation="71.0" isOriginalElevationFromOSM="false" isAnchor="false"><ele>66.0</ele></trkpt>
<trkpt lat="34.682510" lon="127.602710" sectionIndex="0" pointIndex="551" originalElevation="71.0" isOriginalElevationFromOSM="false" isAnchor="false"><ele>66.4</ele></trkpt>
<trkpt lat="34.682490" lon="127.602630" sectionIndex="0" pointIndex="552" originalElevation="71.0" isOriginalElevationFromOSM="false" isAnchor="false"><ele>66.6</ele></trkpt>
<trkpt lat="34.682470" lon="127.602490" sectionIndex="0" pointIndex="553" originalElevation="71.0" isOriginalElevationFromOSM="false" isAnchor="false"><ele>66.6</ele></trkpt>
<trkpt lat="34.682480" lon="127.602330" sectionIndex="0" pointIndex="554" originalElevation="71.0" isOriginalElevationFromOSM="false" isAnchor="false"><ele>66.5</ele></trkpt>
<trkpt lat="34.682530" lon="127.602180" sectionIndex="0" pointIndex="555" originalElevation="71.0" isOriginalElevationFromOSM="false" isAnchor="false"><ele>66.1</ele></trkpt>
<trkpt lat="34.682650" lon="127.601960" sectionIndex="0" pointIndex="556" originalElevation="67.0" isOriginalElevationFromOSM="false" isAnchor="false"><ele>65.7</ele></trkpt>
<trkpt lat="34.682670" lon="127.601900" sectionIndex="0" pointIndex="557" originalElevation="67.0" isOriginalElevationFromOSM="false" isAnchor="false"><ele>65.1</ele></trkpt>
<trkpt lat="34.682680" lon="127.601830" sectionIndex="0" pointIndex="558" originalElevation="67.0" isOriginalElevationFromOSM="false" isAnchor="false"><ele>64.4</ele></trkpt>
<trkpt lat="34.682690" lon="127.601540" sectionIndex="0" pointIndex="559" originalElevation="67.0" isOriginalElevationFromOSM="false" isAnchor="false"><ele>63.6</ele></trkpt>
<trkpt lat="34.682660" lon="127.601000" sectionIndex="0" pointIndex="560" originalElevation="62.0" isOriginalElevationFromOSM="false" isAnchor="false"><ele>62.8</ele></trkpt>
<trkpt lat="34.682640" lon="127.600840" sectionIndex="0" pointIndex="561" originalElevation="62.0" isOriginalElevationFromOSM="false" isAnchor="false"><ele>62.0</ele></trkpt>
<trkpt lat="34.682640" lon="127.600790" sectionIndex="0" pointIndex="562" originalElevation="62.0" isOriginalElevationFromOSM="false" isAnchor="false"><ele>61.1</ele></trkpt>
<trkpt lat="34.682680" lon="127.600660" sectionIndex="0" pointIndex="563" originalElevation="62.0" isOriginalElevationFromOSM="false" isAnchor="false"><ele>60.3</ele></trkpt>
<trkpt lat="34.682800" lon="127.600440" sectionIndex="0" pointIndex="564" originalElevation="55.5" isOriginalElevationFromOSM="false" isAnchor="false"><ele>59.5</ele></trkpt>
<trkpt lat="34.682800" lon="127.600440" sectionIndex="0" pointIndex="565" originalElevation="55.5" isOriginalElevationFromOSM="false" isAnchor="false"><ele>58.7</ele></trkpt>
<trkpt lat="34.682820" lon="127.600400" sectionIndex="0" pointIndex="566" originalElevation="49.0" isOriginalElevationFromOSM="false" isAnchor="false"><ele>57.9</ele></trkpt>
<trkpt lat="34.682890" lon="127.600440" sectionIndex="0" pointIndex="567" originalElevation="49.0" isOriginalElevationFromOSM="false" isAnchor="false"><ele>57.2</ele></trkpt>
<trkpt lat="34.682890" lon="127.600440" sectionIndex="0" pointIndex="568" originalElevation="55.0" isOriginalElevationFromOSM="false" isAnchor="false"><ele>56.5</ele></trkpt>
<trkpt lat="34.682895" lon="127.600388" sectionIndex="0" pointIndex="569" originalElevation="55.0" isOriginalElevationFromOSM="false" isAnchor="false"><ele>55.9</ele></trkpt>
<trkpt lat="34.682895" lon="127.600388" sectionIndex="0" pointIndex="570" originalElevation="55.0" isOriginalElevationFromOSM="false" isAnchor="false"><ele>55.3</ele></trkpt>
<trkpt lat="34.682875" lon="127.600339" sectionIndex="0" pointIndex="571" originalElevation="55.0" isOriginalElevationFromOSM="false" isAnchor="false"><ele>54.7</ele></trkpt>
<trkpt lat="34.682855" lon="127.600291" sectionIndex="0" pointIndex="572" originalElevation="55.0" isOriginalElevationFromOSM="false" isAnchor="false"><ele>54.2</ele></trkpt>
<trkpt lat="34.682855" lon="127.600291" sectionIndex="0" pointIndex="573" originalElevation="55.0" isOriginalElevationFromOSM="false" isAnchor="false"><ele>53.6</ele></trkpt>
<trkpt lat="34.682864" lon="127.600238" sectionIndex="0" pointIndex="574" originalElevation="55.0" isOriginalElevationFromOSM="false" isAnchor="false"><ele>53.1</ele></trkpt>
<trkpt lat="34.682872" lon="127.600184" sectionIndex="0" pointIndex="575" originalElevation="55.0" isOriginalElevationFromOSM="false" isAnchor="false"><ele>52.6</ele></trkpt>
<trkpt lat="34.682881" lon="127.600130" sectionIndex="0" pointIndex="576" originalElevation="55.0" isOriginalElevationFromOSM="false" isAnchor="false"><ele>52.1</ele></trkpt>
<trkpt lat="34.682889" lon="127.600077" sectionIndex="0" pointIndex="577" originalElevation="55.0" isOriginalElevationFromOSM="false" isAnchor="false"><ele>51.6</ele></trkpt>
<trkpt lat="34.682897" lon="127.600026" sectionIndex="0" pointIndex="578" originalElevation="55.0" isOriginalElevationFromOSM="false" isAnchor="false"><ele>51.0</ele></trkpt>
<trkpt lat="34.682897" lon="127.600026" sectionIndex="0" pointIndex="579" originalElevation="55.0" isOriginalElevationFromOSM="false" isAnchor="false"><ele>50.4</ele></trkpt>
<trkpt lat="34.682935" lon="127.599996" sectionIndex="0" pointIndex="580" originalElevation="46.0" isOriginalElevationFromOSM="false" isAnchor="false"><ele>49.9</ele></trkpt>
<trkpt lat="34.682972" lon="127.599966" sectionIndex="0" pointIndex="581" originalElevation="46.0" isOriginalElevationFromOSM="false" isAnchor="false"><ele>49.4</ele></trkpt>
<trkpt lat="34.683010" lon="127.599936" sectionIndex="0" pointIndex="582" originalElevation="46.0" isOriginalElevationFromOSM="false" isAnchor="false"><ele>48.9</ele></trkpt>
<trkpt lat="34.683047" lon="127.599906" sectionIndex="0" pointIndex="583" originalElevation="46.0" isOriginalElevationFromOSM="false" isAnchor="false"><ele>48.4</ele></trkpt>
<trkpt lat="34.683058" lon="127.599897" sectionIndex="0" pointIndex="584" originalElevation="46.0" isOriginalElevationFromOSM="false" isAnchor="false"><ele>47.9</ele></trkpt>
<trkpt lat="34.683058" lon="127.599897" sectionIndex="0" pointIndex="585" originalElevation="46.0" isOriginalElevationFromOSM="false" isAnchor="false"><ele>47.4</ele></trkpt>
<trkpt lat="34.683100" lon="127.599878" sectionIndex="0" pointIndex="586" originalElevation="46.0" isOriginalElevationFromOSM="false" isAnchor="false"><ele>47.0</ele></trkpt>
<trkpt lat="34.683140" lon="127.599860" sectionIndex="0" pointIndex="587" originalElevation="46.0" isOriginalElevationFromOSM="false" isAnchor="false"><ele>46.5</ele></trkpt>
<trkpt lat="34.683140" lon="127.599860" sectionIndex="0" pointIndex="588" originalElevation="46.0" isOriginalElevationFromOSM="false" isAnchor="false"><ele>46.2</ele></trkpt>
<trkpt lat="34.683183" lon="127.599844" sectionIndex="0" pointIndex="589" originalElevation="46.0" isOriginalElevationFromOSM="false" isAnchor="false"><ele>45.8</ele></trkpt>
<trkpt lat="34.683226" lon="127.599828" sectionIndex="0" pointIndex="590" originalElevation="46.0" isOriginalElevationFromOSM="false" isAnchor="false"><ele>45.4</ele></trkpt>
<trkpt lat="34.683269" lon="127.599812" sectionIndex="0" pointIndex="591" originalElevation="46.0" isOriginalElevationFromOSM="false" isAnchor="false"><ele>45.1</ele></trkpt>
<trkpt lat="34.683312" lon="127.599796" sectionIndex="0" pointIndex="592" originalElevation="46.0" isOriginalElevationFromOSM="false" isAnchor="false"><ele>44.9</ele></trkpt>
<trkpt lat="34.683336" lon="127.599787" sectionIndex="0" pointIndex="593" originalElevation="36.0" isOriginalElevationFromOSM="false" isAnchor="false"><ele>44.6</ele></trkpt>
<trkpt lat="34.683336" lon="127.599787" sectionIndex="0" pointIndex="594" originalElevation="36.0" isOriginalElevationFromOSM="false" isAnchor="false"><ele>44.4</ele></trkpt>
<trkpt lat="34.683312" lon="127.599741" sectionIndex="0" pointIndex="595" originalElevation="46.0" isOriginalElevationFromOSM="false" isAnchor="false"><ele>44.2</ele></trkpt>
<trkpt lat="34.683288" lon="127.599695" sectionIndex="0" pointIndex="596" originalElevation="46.0" isOriginalElevationFromOSM="false" isAnchor="false"><ele>44.0</ele></trkpt>
<trkpt lat="34.683264" lon="127.599648" sectionIndex="0" pointIndex="597" originalElevation="46.0" isOriginalElevationFromOSM="false" isAnchor="false"><ele>43.8</ele></trkpt>
<trkpt lat="34.683240" lon="127.599602" sectionIndex="0" pointIndex="598" originalElevation="46.0" isOriginalElevationFromOSM="false" isAnchor="false"><ele>43.7</ele></trkpt>
<trkpt lat="34.683216" lon="127.599556" sectionIndex="0" pointIndex="599" originalElevation="46.0" isOriginalElevationFromOSM="false" isAnchor="false"><ele>43.5</ele></trkpt>
<trkpt lat="34.683193" lon="127.599509" sectionIndex="0" pointIndex="600" originalElevation="46.0" isOriginalElevationFromOSM="false" isAnchor="false"><ele>43.3</ele></trkpt>
<trkpt lat="34.683169" lon="127.599463" sectionIndex="0" pointIndex="601" originalElevation="46.0" isOriginalElevationFromOSM="false" isAnchor="false"><ele>43.1</ele></trkpt>
<trkpt lat="34.683145" lon="127.599417" sectionIndex="0" pointIndex="602" originalElevation="46.0" isOriginalElevationFromOSM="false" isAnchor="false"><ele>42.9</ele></trkpt>
<trkpt lat="34.683124" lon="127.599377" sectionIndex="0" pointIndex="603" originalElevation="46.0" isOriginalElevationFromOSM="false" isAnchor="false"><ele>42.7</ele></trkpt>
<trkpt lat="34.683130" lon="127.599370" sectionIndex="0" pointIndex="604" originalElevation="36.0" isOriginalElevationFromOSM="false" isAnchor="false"><ele>42.6</ele></trkpt>
<trkpt lat="34.682770" lon="127.598930" sectionIndex="0" pointIndex="605" originalElevation="36.0" isOriginalElevationFromOSM="false" isAnchor="false"><ele>42.3</ele></trkpt>
<trkpt lat="34.682740" lon="127.598860" sectionIndex="0" pointIndex="606" originalElevation="46.0" isOriginalElevationFromOSM="false" isAnchor="false"><ele>42.0</ele></trkpt>
<trkpt lat="34.682590" lon="127.598380" sectionIndex="0" pointIndex="607" originalElevation="41.0" isOriginalElevationFromOSM="false" isAnchor="false"><ele>41.7</ele></trkpt>
<trkpt lat="34.682550" lon="127.598240" sectionIndex="0" pointIndex="608" originalElevation="41.0" isOriginalElevationFromOSM="false" isAnchor="false"><ele>41.4</ele></trkpt>
<trkpt lat="34.682520" lon="127.598150" sectionIndex="0" pointIndex="609" originalElevation="41.0" isOriginalElevationFromOSM="false" isAnchor="false"><ele>41.1</ele></trkpt>
<trkpt lat="34.682390" lon="127.597660" sectionIndex="0" pointIndex="610" originalElevation="39.0" isOriginalElevationFromOSM="false" isAnchor="false"><ele>40.8</ele></trkpt>
<trkpt lat="34.682430" lon="127.597360" sectionIndex="0" pointIndex="611" originalElevation="39.0" isOriginalElevationFromOSM="false" isAnchor="false"><ele>40.3</ele></trkpt>
<trkpt lat="34.682440" lon="127.597210" sectionIndex="0" pointIndex="612" originalElevation="39.0" isOriginalElevationFromOSM="false" isAnchor="false"><ele>39.9</ele></trkpt>
<trkpt lat="34.682410" lon="127.597030" sectionIndex="0" pointIndex="613" originalElevation="39.0" isOriginalElevationFromOSM="false" isAnchor="false"><ele>39.4</ele></trkpt>
<trkpt lat="34.682400" lon="127.596770" sectionIndex="0" pointIndex="614" originalElevation="40.0" isOriginalElevationFromOSM="false" isAnchor="false"><ele>38.9</ele></trkpt>
<trkpt lat="34.682640" lon="127.595730" sectionIndex="0" pointIndex="615" originalElevation="43.0" isOriginalElevationFromOSM="false" isAnchor="false"><ele>38.4</ele></trkpt>
<trkpt lat="34.682690" lon="127.595610" sectionIndex="0" pointIndex="616" originalElevation="43.0" isOriginalElevationFromOSM="false" isAnchor="false"><ele>37.8</ele></trkpt>
<trkpt lat="34.682760" lon="127.595180" sectionIndex="0" pointIndex="617" originalElevation="45.0" isOriginalElevationFromOSM="false" isAnchor="false"><ele>37.2</ele></trkpt>
<trkpt lat="34.682750" lon="127.595100" sectionIndex="0" pointIndex="618" originalElevation="45.0" isOriginalElevationFromOSM="false" isAnchor="false"><ele>36.5</ele></trkpt>
<trkpt lat="34.682680" lon="127.594880" sectionIndex="0" pointIndex="619" originalElevation="45.0" isOriginalElevationFromOSM="false" isAnchor="false"><ele>35.8</ele></trkpt>
<trkpt lat="34.682840" lon="127.594800" sectionIndex="0" pointIndex="620" originalElevation="29.0" isOriginalElevationFromOSM="false" isAnchor="false"><ele>35.2</ele></trkpt>
<trkpt lat="34.682940" lon="127.594700" sectionIndex="0" pointIndex="621" originalElevation="29.0" isOriginalElevationFromOSM="false" isAnchor="false"><ele>34.5</ele></trkpt>
<trkpt lat="34.683050" lon="127.594650" sectionIndex="0" pointIndex="622" originalElevation="29.0" isOriginalElevationFromOSM="false" isAnchor="false"><ele>33.8</ele></trkpt>
<trkpt lat="34.683140" lon="127.594550" sectionIndex="0" pointIndex="623" originalElevation="29.0" isOriginalElevationFromOSM="false" isAnchor="false"><ele>33.2</ele></trkpt>
<trkpt lat="34.683280" lon="127.594510" sectionIndex="0" pointIndex="624" originalElevation="29.0" isOriginalElevationFromOSM="false" isAnchor="false"><ele>32.5</ele></trkpt>
<trkpt lat="34.683370" lon="127.594530" sectionIndex="0" pointIndex="625" originalElevation="29.0" isOriginalElevationFromOSM="false" isAnchor="false"><ele>31.9</ele></trkpt>
<trkpt lat="34.683470" lon="127.594590" sectionIndex="0" pointIndex="626" originalElevation="29.0" isOriginalElevationFromOSM="false" isAnchor="false"><ele>31.3</ele></trkpt>
<trkpt lat="34.683470" lon="127.594590" sectionIndex="0" pointIndex="627" originalElevation="29.0" isOriginalElevationFromOSM="false" isAnchor="false"><ele>30.7</ele></trkpt>
<trkpt lat="34.683500" lon="127.594600" sectionIndex="0" pointIndex="628" originalElevation="29.0" isOriginalElevationFromOSM="false" isAnchor="false"><ele>30.2</ele></trkpt>
<trkpt lat="34.683500" lon="127.594510" sectionIndex="0" pointIndex="629" originalElevation="29.0" isOriginalElevationFromOSM="false" isAnchor="false"><ele>29.7</ele></trkpt>
<trkpt lat="34.683490" lon="127.594450" sectionIndex="0" pointIndex="630" originalElevation="29.0" isOriginalElevationFromOSM="false" isAnchor="false"><ele>29.2</ele></trkpt>
<trkpt lat="34.683550" lon="127.594380" sectionIndex="0" pointIndex="631" originalElevation="29.0" isOriginalElevationFromOSM="false" isAnchor="false"><ele>28.8</ele></trkpt>
<trkpt lat="34.683570" lon="127.594310" sectionIndex="0" pointIndex="632" originalElevation="29.0" isOriginalElevationFromOSM="false" isAnchor="false"><ele>28.4</ele></trkpt>
<trkpt lat="34.683360" lon="127.593480" sectionIndex="0" pointIndex="633" originalElevation="28.0" isOriginalElevationFromOSM="false" isAnchor="false"><ele>28.0</ele></trkpt>
<trkpt lat="34.683390" lon="127.593350" sectionIndex="0" pointIndex="634" originalElevation="28.0" isOriginalElevationFromOSM="false" isAnchor="false"><ele>27.7</ele></trkpt>
<trkpt lat="34.683400" lon="127.593220" sectionIndex="0" pointIndex="635" originalElevation="28.0" isOriginalElevationFromOSM="false" isAnchor="false"><ele>27.4</ele></trkpt>
<trkpt lat="34.683480" lon="127.593060" sectionIndex="0" pointIndex="636" originalElevation="28.0" isOriginalElevationFromOSM="false" isAnchor="false"><ele>27.2</ele></trkpt>
<trkpt lat="34.683490" lon="127.592840" sectionIndex="0" pointIndex="637" originalElevation="27.0" isOriginalElevationFromOSM="false" isAnchor="false"><ele>27.0</ele></trkpt>
<trkpt lat="34.683480" lon="127.592780" sectionIndex="0" pointIndex="638" originalElevation="27.0" isOriginalElevationFromOSM="false" isAnchor="false"><ele>26.8</ele></trkpt>
<trkpt lat="34.683590" lon="127.592570" sectionIndex="0" pointIndex="639" originalElevation="27.0" isOriginalElevationFromOSM="false" isAnchor="false"><ele>26.6</ele></trkpt>
<trkpt lat="34.683600" lon="127.592410" sectionIndex="0" pointIndex="640" originalElevation="27.0" isOriginalElevationFromOSM="false" isAnchor="false"><ele>26.4</ele></trkpt>
<trkpt lat="34.683650" lon="127.592240" sectionIndex="0" pointIndex="641" originalElevation="23.0" isOriginalElevationFromOSM="false" isAnchor="false"><ele>26.2</ele></trkpt>
<trkpt lat="34.683710" lon="127.592230" sectionIndex="0" pointIndex="642" originalElevation="23.0" isOriginalElevationFromOSM="false" isAnchor="false"><ele>26.0</ele></trkpt>
<trkpt lat="34.684020" lon="127.592330" sectionIndex="0" pointIndex="643" originalElevation="23.0" isOriginalElevationFromOSM="false" isAnchor="false"><ele>25.8</ele></trkpt>
<trkpt lat="34.684010" lon="127.592250" sectionIndex="0" pointIndex="644" originalElevation="23.0" isOriginalElevationFromOSM="false" isAnchor="false"><ele>25.6</ele></trkpt>
<trkpt lat="34.684010" lon="127.590740" sectionIndex="0" pointIndex="645" originalElevation="27.0" isOriginalElevationFromOSM="false" isAnchor="false"><ele>25.5</ele></trkpt>
<trkpt lat="34.684010" lon="127.590740" sectionIndex="0" pointIndex="646" originalElevation="27.0" isOriginalElevationFromOSM="false" isAnchor="false"><ele>25.3</ele></trkpt>
<trkpt lat="34.684000" lon="127.590680" sectionIndex="0" pointIndex="647" originalElevation="27.0" isOriginalElevationFromOSM="false" isAnchor="false"><ele>25.2</ele></trkpt>
<trkpt lat="34.684020" lon="127.590520" sectionIndex="0" pointIndex="648" originalElevation="27.0" isOriginalElevationFromOSM="false" isAnchor="false"><ele>25.0</ele></trkpt>
<trkpt lat="34.683990" lon="127.589040" sectionIndex="0" pointIndex="649" originalElevation="28.0" isOriginalElevationFromOSM="false" isAnchor="false"><ele>24.9</ele></trkpt>
<trkpt lat="34.683990" lon="127.588640" sectionIndex="0" pointIndex="650" originalElevation="24.0" isOriginalElevationFromOSM="false" isAnchor="false"><ele>24.8</ele></trkpt>
<trkpt lat="34.683980" lon="127.588460" sectionIndex="0" pointIndex="651" originalElevation="24.0" isOriginalElevationFromOSM="false" isAnchor="false"><ele>24.8</ele></trkpt>
<trkpt lat="34.683970" lon="127.588160" sectionIndex="0" pointIndex="652" originalElevation="24.0" isOriginalElevationFromOSM="false" isAnchor="false"><ele>24.8</ele></trkpt>
<trkpt lat="34.684010" lon="127.588050" sectionIndex="0" pointIndex="653" originalElevation="24.0" isOriginalElevationFromOSM="false" isAnchor="false"><ele>24.8</ele></trkpt>
<trkpt lat="34.684030" lon="127.587920" sectionIndex="0" pointIndex="654" originalElevation="24.0" isOriginalElevationFromOSM="false" isAnchor="false"><ele>24.8</ele></trkpt>
<trkpt lat="34.684030" lon="127.587860" sectionIndex="0" pointIndex="655" originalElevation="24.0" isOriginalElevationFromOSM="false" isAnchor="false"><ele>24.9</ele></trkpt>
<trkpt lat="34.684040" lon="127.587640" sectionIndex="0" pointIndex="656" originalElevation="22.0" isOriginalElevationFromOSM="false" isAnchor="false"><ele>25.0</ele></trkpt>
<trkpt lat="34.684040" lon="127.586260" sectionIndex="0" pointIndex="657" originalElevation="23.0" isOriginalElevationFromOSM="false" isAnchor="false"><ele>25.2</ele></trkpt>
<trkpt lat="34.683980" lon="127.586130" sectionIndex="0" pointIndex="658" originalElevation="22.0" isOriginalElevationFromOSM="false" isAnchor="false"><ele>25.4</ele></trkpt>
<trkpt lat="34.683840" lon="127.585960" sectionIndex="0" pointIndex="659" originalElevation="22.0" isOriginalElevationFromOSM="false" isAnchor="false"><ele>25.7</ele></trkpt>
<trkpt lat="34.683660" lon="127.585650" sectionIndex="0" pointIndex="660" originalElevation="22.0" isOriginalElevationFromOSM="false" isAnchor="false"><ele>26.0</ele></trkpt>
<trkpt lat="34.683580" lon="127.585530" sectionIndex="0" pointIndex="661" originalElevation="26.0" isOriginalElevationFromOSM="false" isAnchor="false"><ele>26.3</ele></trkpt>
<trkpt lat="34.683540" lon="127.585440" sectionIndex="0" pointIndex="662" originalElevation="26.0" isOriginalElevationFromOSM="false" isAnchor="false"><ele>26.7</ele></trkpt>
<trkpt lat="34.683490" lon="127.585410" sectionIndex="0" pointIndex="663" originalElevation="26.0" isOriginalElevationFromOSM="false" isAnchor="false"><ele>27.1</ele></trkpt>
<trkpt lat="34.683420" lon="127.585350" sectionIndex="0" pointIndex="664" originalElevation="26.0" isOriginalElevationFromOSM="false" isAnchor="false"><ele>27.6</ele></trkpt>
<trkpt lat="34.683340" lon="127.585240" sectionIndex="0" pointIndex="665" originalElevation="31.0" isOriginalElevationFromOSM="false" isAnchor="false"><ele>28.1</ele></trkpt>
<trkpt lat="34.683180" lon="127.585150" sectionIndex="0" pointIndex="666" originalElevation="31.0" isOriginalElevationFromOSM="false" isAnchor="false"><ele>28.6</ele></trkpt>
<trkpt lat="34.683100" lon="127.585130" sectionIndex="0" pointIndex="667" originalElevation="31.0" isOriginalElevationFromOSM="false" isAnchor="false"><ele>29.2</ele></trkpt>
<trkpt lat="34.682950" lon="127.585140" sectionIndex="0" pointIndex="668" originalElevation="31.0" isOriginalElevationFromOSM="false" isAnchor="false"><ele>29.8</ele></trkpt>
<trkpt lat="34.682950" lon="127.585140" sectionIndex="0" pointIndex="669" originalElevation="31.0" isOriginalElevationFromOSM="false" isAnchor="false"><ele>30.5</ele></trkpt>
<trkpt lat="34.682830" lon="127.585140" sectionIndex="0" pointIndex="670" originalElevation="31.0" isOriginalElevationFromOSM="false" isAnchor="false"><ele>31.2</ele></trkpt>
<trkpt lat="34.682630" lon="127.585100" sectionIndex="0" pointIndex="671" originalElevation="31.0" isOriginalElevationFromOSM="false" isAnchor="false"><ele>31.9</ele></trkpt>
<trkpt lat="34.682460" lon="127.585040" sectionIndex="0" pointIndex="672" originalElevation="31.0" isOriginalElevationFromOSM="false" isAnchor="false"><ele>32.6</ele></trkpt>
<trkpt lat="34.682420" lon="127.585000" sectionIndex="0" pointIndex="673" originalElevation="31.0" isOriginalElevationFromOSM="false" isAnchor="false"><ele>33.4</ele></trkpt>
<trkpt lat="34.682400" lon="127.584910" sectionIndex="0" pointIndex="674" originalElevation="31.0" isOriginalElevationFromOSM="false" isAnchor="false"><ele>34.2</ele></trkpt>
<trkpt lat="34.682390" lon="127.584820" sectionIndex="0" pointIndex="675" originalElevation="31.0" isOriginalElevationFromOSM="false" isAnchor="false"><ele>35.0</ele></trkpt>
<trkpt lat="34.682390" lon="127.584620" sectionIndex="0" pointIndex="676" originalElevation="31.0" isOriginalElevationFromOSM="false" isAnchor="false"><ele>35.9</ele></trkpt>
<trkpt lat="34.682360" lon="127.584470" sectionIndex="0" pointIndex="677" originalElevation="38.0" isOriginalElevationFromOSM="false" isAnchor="false"><ele>36.7</ele></trkpt>
<trkpt lat="34.682280" lon="127.584310" sectionIndex="0" pointIndex="678" originalElevation="38.0" isOriginalElevationFromOSM="false" isAnchor="false"><ele>37.7</ele></trkpt>
<trkpt lat="34.682160" lon="127.584100" sectionIndex="0" pointIndex="679" originalElevation="38.0" isOriginalElevationFromOSM="false" isAnchor="false"><ele>38.7</ele></trkpt>
<trkpt lat="34.682130" lon="127.584020" sectionIndex="0" pointIndex="680" originalElevation="38.0" isOriginalElevationFromOSM="false" isAnchor="false"><ele>39.8</ele></trkpt>
<trkpt lat="34.682120" lon="127.583850" sectionIndex="0" pointIndex="681" originalElevation="38.0" isOriginalElevationFromOSM="false" isAnchor="false"><ele>40.8</ele></trkpt>
<trkpt lat="34.682070" lon="127.583620" sectionIndex="0" pointIndex="682" originalElevation="45.0" isOriginalElevationFromOSM="false" isAnchor="false"><ele>41.9</ele></trkpt>
<trkpt lat="34.681990" lon="127.583390" sectionIndex="0" pointIndex="683" originalElevation="45.0" isOriginalElevationFromOSM="false" isAnchor="false"><ele>43.0</ele></trkpt>
<trkpt lat="34.681950" lon="127.583160" sectionIndex="0" pointIndex="684" originalElevation="45.0" isOriginalElevationFromOSM="false" isAnchor="false"><ele>44.2</ele></trkpt>
<trkpt lat="34.681960" lon="127.582480" sectionIndex="0" pointIndex="685" originalElevation="55.0" isOriginalElevationFromOSM="false" isAnchor="false"><ele>45.4</ele></trkpt>
<trkpt lat="34.681920" lon="127.582250" sectionIndex="0" pointIndex="686" originalElevation="42.0" isOriginalElevationFromOSM="false" isAnchor="false"><ele>46.6</ele></trkpt>
<trkpt lat="34.681860" lon="127.582100" sectionIndex="0" pointIndex="687" originalElevation="42.0" isOriginalElevationFromOSM="false" isAnchor="false"><ele>47.8</ele></trkpt>
<trkpt lat="34.681630" lon="127.581680" sectionIndex="0" pointIndex="688" originalElevation="46.0" isOriginalElevationFromOSM="false" isAnchor="false"><ele>49.1</ele></trkpt>
<trkpt lat="34.681550" lon="127.581560" sectionIndex="0" pointIndex="689" originalElevation="46.0" isOriginalElevationFromOSM="false" isAnchor="false"><ele>50.5</ele></trkpt>
<trkpt lat="34.681420" lon="127.581260" sectionIndex="0" pointIndex="690" originalElevation="46.0" isOriginalElevationFromOSM="false" isAnchor="false"><ele>51.9</ele></trkpt>
<trkpt lat="34.681260" lon="127.581010" sectionIndex="0" pointIndex="691" originalElevation="53.0" isOriginalElevationFromOSM="false" isAnchor="false"><ele>53.4</ele></trkpt>
<trkpt lat="34.681000" lon="127.580640" sectionIndex="0" pointIndex="692" originalElevation="53.0" isOriginalElevationFromOSM="false" isAnchor="false"><ele>54.9</ele></trkpt>
<trkpt lat="34.680660" lon="127.580310" sectionIndex="0" pointIndex="693" originalElevation="61.0" isOriginalElevationFromOSM="false" isAnchor="false"><ele>56.4</ele></trkpt>
<trkpt lat="34.680590" lon="127.580180" sectionIndex="0" pointIndex="694" originalElevation="61.0" isOriginalElevationFromOSM="false" isAnchor="false"><ele>58.1</ele></trkpt>
<trkpt lat="34.680550" lon="127.580080" sectionIndex="0" pointIndex="695" originalElevation="61.0" isOriginalElevationFromOSM="false" isAnchor="false"><ele>59.8</ele></trkpt>
<trkpt lat="34.680500" lon="127.580030" sectionIndex="0" pointIndex="696" originalElevation="61.0" isOriginalElevationFromOSM="false" isAnchor="false"><ele>61.6</ele></trkpt>
<trkpt lat="34.680450" lon="127.580010" sectionIndex="0" pointIndex="697" originalElevation="61.0" isOriginalElevationFromOSM="false" isAnchor="false"><ele>63.5</ele></trkpt>
<trkpt lat="34.680140" lon="127.580030" sectionIndex="0" pointIndex="698" originalElevation="64.0" isOriginalElevationFromOSM="false" isAnchor="false"><ele>65.5</ele></trkpt>
<trkpt lat="34.679980" lon="127.580010" sectionIndex="0" pointIndex="699" originalElevation="64.0" isOriginalElevationFromOSM="false" isAnchor="false"><ele>67.6</ele></trkpt>
<trkpt lat="34.679890" lon="127.579970" sectionIndex="0" pointIndex="700" originalElevation="64.0" isOriginalElevationFromOSM="false" isAnchor="false"><ele>69.9</ele></trkpt>
<trkpt lat="34.679820" lon="127.579910" sectionIndex="0" pointIndex="701" originalElevation="64.0" isOriginalElevationFromOSM="false" isAnchor="false"><ele>72.3</ele></trkpt>
<trkpt lat="34.679740" lon="127.579780" sectionIndex="0" pointIndex="702" originalElevation="64.0" isOriginalElevationFromOSM="false" isAnchor="false"><ele>75.0</ele></trkpt>
<trkpt lat="34.679330" lon="127.579300" sectionIndex="0" pointIndex="703" originalElevation="74.0" isOriginalElevationFromOSM="false" isAnchor="false"><ele>78.0</ele></trkpt>
<trkpt lat="34.679210" lon="127.579200" sectionIndex="0" pointIndex="704" originalElevation="74.0" isOriginalElevationFromOSM="false" isAnchor="false"><ele>81.1</ele></trkpt>
<trkpt lat="34.678790" lon="127.578890" sectionIndex="0" pointIndex="705" originalElevation="85.2" isOriginalElevationFromOSM="false" isAnchor="false"><ele>84.4</ele></trkpt>
<trkpt lat="34.678772" lon="127.578872" sectionIndex="0" pointIndex="706" originalElevation="87.0" isOriginalElevationFromOSM="false" isAnchor="false"><ele>88.0</ele></trkpt>
<trkpt lat="34.678465" lon="127.578885" sectionIndex="0" pointIndex="707" originalElevation="87.0" isOriginalElevationFromOSM="false" isAnchor="false"><ele>91.8</ele></trkpt>
<trkpt lat="34.678277" lon="127.579130" sectionIndex="0" pointIndex="708" originalElevation="88.0" isOriginalElevationFromOSM="false" isAnchor="false"><ele>96.0</ele></trkpt>
<trkpt lat="34.677968" lon="127.579265" sectionIndex="0" pointIndex="709" originalElevation="94.0" isOriginalElevationFromOSM="false" isAnchor="false"><ele>100.5</ele></trkpt>
<trkpt lat="34.677878" lon="127.579426" sectionIndex="0" pointIndex="710" originalElevation="98.0" isOriginalElevationFromOSM="false" isAnchor="false"><ele>105.3</ele></trkpt>
<trkpt lat="34.677867" lon="127.579709" sectionIndex="0" pointIndex="711" originalElevation="100.0" isOriginalElevationFromOSM="false" isAnchor="false"><ele>110.5</ele></trkpt>
<trkpt lat="34.677638" lon="127.579857" sectionIndex="0" pointIndex="712" originalElevation="102.0" isOriginalElevationFromOSM="false" isAnchor="false"><ele>116.1</ele></trkpt>
<trkpt lat="34.677299" lon="127.579793" sectionIndex="0" pointIndex="713" originalElevation="104.0" isOriginalElevationFromOSM="false" isAnchor="false"><ele>122.0</ele></trkpt>
<trkpt lat="34.676315" lon="127.579277" sectionIndex="0" pointIndex="714" originalElevation="118.0" isOriginalElevationFromOSM="false" isAnchor="false"><ele>128.1</ele></trkpt>
<trkpt lat="34.675756" lon="127.579094" sectionIndex="0" pointIndex="715" originalElevation="125.0" isOriginalElevationFromOSM="false" isAnchor="false"><ele>134.2</ele></trkpt>
<trkpt lat="34.674897" lon="127.580184" sectionIndex="0" pointIndex="716" originalElevation="136.0" isOriginalElevationFromOSM="false" isAnchor="false"><ele>140.4</ele></trkpt>
<trkpt lat="34.674546" lon="127.580136" sectionIndex="0" pointIndex="717" originalElevation="145.0" isOriginalElevationFromOSM="false" isAnchor="false"><ele>146.7</ele></trkpt>
<trkpt lat="34.674198" lon="127.580233" sectionIndex="0" pointIndex="718" originalElevation="152.0" isOriginalElevationFromOSM="false" isAnchor="false"><ele>153.0</ele></trkpt>
<trkpt lat="34.673926" lon="127.580107" sectionIndex="0" pointIndex="719" originalElevation="155.0" isOriginalElevationFromOSM="false" isAnchor="false"><ele>159.1</ele></trkpt>
<trkpt lat="34.673718" lon="127.580140" sectionIndex="0" pointIndex="720" originalElevation="161.0" isOriginalElevationFromOSM="false" isAnchor="false"><ele>165.1</ele></trkpt>
<trkpt lat="34.673377" lon="127.580532" sectionIndex="0" pointIndex="721" originalElevation="173.0" isOriginalElevationFromOSM="false" isAnchor="false"><ele>170.8</ele></trkpt>
<trkpt lat="34.673166" lon="127.580570" sectionIndex="0" pointIndex="722" originalElevation="177.0" isOriginalElevationFromOSM="false" isAnchor="false"><ele>176.2</ele></trkpt>
<trkpt lat="34.672444" lon="127.581125" sectionIndex="0" pointIndex="723" originalElevation="198.0" isOriginalElevationFromOSM="false" isAnchor="false"><ele>181.2</ele></trkpt>
<trkpt lat="34.671911" lon="127.581056" sectionIndex="0" pointIndex="724" originalElevation="212.0" isOriginalElevationFromOSM="false" isAnchor="false"><ele>186.1</ele></trkpt>
<trkpt lat="34.671564" lon="127.580666" sectionIndex="0" pointIndex="725" originalElevation="224.0" isOriginalElevationFromOSM="false" isAnchor="false"><ele>190.7</ele></trkpt>
<trkpt lat="34.671323" lon="127.580522" sectionIndex="0" pointIndex="726" originalElevation="230.0" isOriginalElevationFromOSM="false" isAnchor="false"><ele>194.9</ele></trkpt>
<trkpt lat="34.671215" lon="127.580815" sectionIndex="0" pointIndex="727" originalElevation="232.0" isOriginalElevationFromOSM="false" isAnchor="false"><ele>198.9</ele></trkpt>
<trkpt lat="34.670910" lon="127.581235" sectionIndex="0" pointIndex="728" originalElevation="243.0" isOriginalElevationFromOSM="false" isAnchor="false"><ele>202.9</ele></trkpt>
<trkpt lat="34.670652" lon="127.581417" sectionIndex="0" pointIndex="729" originalElevation="242.0" isOriginalElevationFromOSM="false" isAnchor="false"><ele>206.8</ele></trkpt>
<trkpt lat="34.670652" lon="127.581417" sectionIndex="0" pointIndex="730" originalElevation="197.0" isOriginalElevationFromOSM="false" isAnchor="false"><ele>210.7</ele></trkpt>
<trkpt lat="34.670614" lon="127.581446" sectionIndex="0" pointIndex="731" originalElevation="197.0" isOriginalElevationFromOSM="false" isAnchor="false"><ele>214.7</ele></trkpt>
<trkpt lat="34.670583" lon="127.581469" sectionIndex="0" pointIndex="732" originalElevation="197.0" isOriginalElevationFromOSM="false" isAnchor="false"><ele>218.7</ele></trkpt>
<trkpt lat="34.670583" lon="127.581469" sectionIndex="0" pointIndex="733" originalElevation="197.0" isOriginalElevationFromOSM="false" isAnchor="false"><ele>222.9</ele></trkpt>
<trkpt lat="34.670578" lon="127.581488" sectionIndex="0" pointIndex="734" originalElevation="197.0" isOriginalElevationFromOSM="false" isAnchor="false"><ele>227.4</ele></trkpt>
<trkpt lat="34.670578" lon="127.581488" sectionIndex="0" pointIndex="735" originalElevation="197.0" isOriginalElevationFromOSM="false" isAnchor="false"><ele>232.2</ele></trkpt>
<trkpt lat="34.670580" lon="127.581529" sectionIndex="0" pointIndex="736" originalElevation="197.0" isOriginalElevationFromOSM="false" isAnchor="false"><ele>237.1</ele></trkpt>
<trkpt lat="34.670580" lon="127.581529" sectionIndex="0" pointIndex="737" originalElevation="197.0" isOriginalElevationFromOSM="false" isAnchor="false"><ele>242.3</ele></trkpt>
<trkpt lat="34.670589" lon="127.581559" sectionIndex="0" pointIndex="738" originalElevation="197.0" isOriginalElevationFromOSM="false" isAnchor="false"><ele>247.7</ele></trkpt>
<trkpt lat="34.670595" lon="127.581574" sectionIndex="0" pointIndex="739" originalElevation="243.3" isOriginalElevationFromOSM="false" isAnchor="false"><ele>253.1</ele></trkpt>
<trkpt lat="34.670731" lon="127.581808" sectionIndex="0" pointIndex="740" originalElevation="255.0" isOriginalElevationFromOSM="false" isAnchor="false"><ele>258.3</ele></trkpt>
<trkpt lat="34.670920" lon="127.582088" sectionIndex="0" pointIndex="741" originalElevation="264.0" isOriginalElevationFromOSM="false" isAnchor="false"><ele>263.6</ele></trkpt>
<trkpt lat="34.670757" lon="127.582877" sectionIndex="0" pointIndex="742" originalElevation="277.0" isOriginalElevationFromOSM="false" isAnchor="false"><ele>268.6</ele></trkpt>
<trkpt lat="34.670653" lon="127.583879" sectionIndex="0" pointIndex="743" originalElevation="318.0" isOriginalElevationFromOSM="false" isAnchor="false"><ele>273.4</ele></trkpt>
<trkpt lat="34.670955" lon="127.584123" sectionIndex="0" pointIndex="744" originalElevation="334.0" isOriginalElevationFromOSM="false" isAnchor="false"><ele>277.6</ele></trkpt>
<trkpt lat="34.671088" lon="127.584372" sectionIndex="0" pointIndex="745" originalElevation="340.0" isOriginalElevationFromOSM="false" isAnchor="false"><ele>281.3</ele></trkpt>
<trkpt lat="34.670968" lon="127.584544" sectionIndex="0" pointIndex="746" originalElevation="340.0" isOriginalElevationFromOSM="false" isAnchor="false"><ele>284.7</ele></trkpt>
<trkpt lat="34.670722" lon="127.584642" sectionIndex="0" pointIndex="747" originalElevation="336.0" isOriginalElevationFromOSM="false" isAnchor="false"><ele>287.3</ele></trkpt>
<trkpt lat="34.670423" lon="127.584604" sectionIndex="0" pointIndex="748" originalElevation="326.0" isOriginalElevationFromOSM="false" isAnchor="false"><ele>289.2</ele></trkpt>
<trkpt lat="34.670193" lon="127.584950" sectionIndex="0" pointIndex="749" originalElevation="323.0" isOriginalElevationFromOSM="false" isAnchor="false"><ele>290.3</ele></trkpt>
<trkpt lat="34.669471" lon="127.585134" sectionIndex="0" pointIndex="750" originalElevation="307.0" isOriginalElevationFromOSM="false" isAnchor="false"><ele>290.8</ele></trkpt>
<trkpt lat="34.669080" lon="127.585407" sectionIndex="0" pointIndex="751" originalElevation="295.0" isOriginalElevationFromOSM="false" isAnchor="false"><ele>290.7</ele></trkpt>
<trkpt lat="34.668929" lon="127.585253" sectionIndex="0" pointIndex="752" originalElevation="286.0" isOriginalElevationFromOSM="false" isAnchor="false"><ele>290.2</ele></trkpt>
<trkpt lat="34.668694" lon="127.585336" sectionIndex="0" pointIndex="753" originalElevation="281.0" isOriginalElevationFromOSM="false" isAnchor="false"><ele>289.2</ele></trkpt>
<trkpt lat="34.668586" lon="127.584711" sectionIndex="0" pointIndex="754" originalElevation="266.0" isOriginalElevationFromOSM="false" isAnchor="false"><ele>287.9</ele></trkpt>
<trkpt lat="34.668228" lon="127.584450" sectionIndex="0" pointIndex="755" originalElevation="259.4" isOriginalElevationFromOSM="false" isAnchor="false"><ele>286.1</ele></trkpt>
<trkpt lat="34.668228" lon="127.584450" sectionIndex="0" pointIndex="756" originalElevation="274.0" isOriginalElevationFromOSM="false" isAnchor="false"><ele>284.3</ele></trkpt>
<trkpt lat="34.668235" lon="127.584396" sectionIndex="0" pointIndex="757" originalElevation="274.0" isOriginalElevationFromOSM="false" isAnchor="false"><ele>282.4</ele></trkpt>
<trkpt lat="34.668242" lon="127.584342" sectionIndex="0" pointIndex="758" originalElevation="274.0" isOriginalElevationFromOSM="false" isAnchor="false"><ele>280.6</ele></trkpt>
<trkpt lat="34.668249" lon="127.584288" sectionIndex="0" pointIndex="759" originalElevation="274.0" isOriginalElevationFromOSM="false" isAnchor="false"><ele>278.7</ele></trkpt>
<trkpt lat="34.668256" lon="127.584234" sectionIndex="0" pointIndex="760" originalElevation="274.0" isOriginalElevationFromOSM="false" isAnchor="false"><ele>276.9</ele></trkpt>
<trkpt lat="34.668263" lon="127.584180" sectionIndex="0" pointIndex="761" originalElevation="274.0" isOriginalElevationFromOSM="false" isAnchor="false"><ele>275.4</ele></trkpt>
<trkpt lat="34.668265" lon="127.584162" sectionIndex="0" pointIndex="762" originalElevation="270.0" isOriginalElevationFromOSM="false" isAnchor="false"><ele>274.1</ele></trkpt>
<trkpt lat="34.668265" lon="127.584162" sectionIndex="0" pointIndex="763" originalElevation="270.0" isOriginalElevationFromOSM="false" isAnchor="false"><ele>273.0</ele></trkpt>
<trkpt lat="34.668257" lon="127.584108" sectionIndex="0" pointIndex="764" originalElevation="270.0" isOriginalElevationFromOSM="false" isAnchor="false"><ele>272.1</ele></trkpt>
<trkpt lat="34.668249" lon="127.584055" sectionIndex="0" pointIndex="765" originalElevation="270.0" isOriginalElevationFromOSM="false" isAnchor="false"><ele>271.5</ele></trkpt>
<trkpt lat="34.668241" lon="127.584001" sectionIndex="0" pointIndex="766" originalElevation="270.0" isOriginalElevationFromOSM="false" isAnchor="false"><ele>271.0</ele></trkpt>
<trkpt lat="34.668233" lon="127.583947" sectionIndex="0" pointIndex="767" originalElevation="270.0" isOriginalElevationFromOSM="false" isAnchor="false"><ele>270.5</ele></trkpt>
<trkpt lat="34.668228" lon="127.583911" sectionIndex="0" pointIndex="768" originalElevation="270.0" isOriginalElevationFromOSM="false" isAnchor="false"><ele>270.0</ele></trkpt>
<trkpt lat="34.668228" lon="127.583911" sectionIndex="0" pointIndex="769" originalElevation="270.0" isOriginalElevationFromOSM="false" isAnchor="false"><ele>269.5</ele></trkpt>
<trkpt lat="34.668209" lon="127.583861" sectionIndex="0" pointIndex="770" originalElevation="270.0" isOriginalElevationFromOSM="false" isAnchor="false"><ele>269.0</ele></trkpt>
<trkpt lat="34.668191" lon="127.583811" sectionIndex="0" pointIndex="771" originalElevation="270.0" isOriginalElevationFromOSM="false" isAnchor="false"><ele>268.5</ele></trkpt>
<trkpt lat="34.668173" lon="127.583761" sectionIndex="0" pointIndex="772" originalElevation="270.0" isOriginalElevationFromOSM="false" isAnchor="false"><ele>267.7</ele></trkpt>
<trkpt lat="34.668154" lon="127.583711" sectionIndex="0" pointIndex="773" originalElevation="270.0" isOriginalElevationFromOSM="false" isAnchor="false"><ele>266.9</ele></trkpt>
<trkpt lat="34.668136" lon="127.583661" sectionIndex="0" pointIndex="774" originalElevation="270.0" isOriginalElevationFromOSM="false" isAnchor="false"><ele>265.9</ele></trkpt>
<trkpt lat="34.668118" lon="127.583611" sectionIndex="0" pointIndex="775" originalElevation="270.0" isOriginalElevationFromOSM="false" isAnchor="false"><ele>264.8</ele></trkpt>
<trkpt lat="34.668100" lon="127.583561" sectionIndex="0" pointIndex="776" originalElevation="270.0" isOriginalElevationFromOSM="false" isAnchor="false"><ele>263.6</ele></trkpt>
<trkpt lat="34.668081" lon="127.583511" sectionIndex="0" pointIndex="777" originalElevation="270.0" isOriginalElevationFromOSM="false" isAnchor="false"><ele>262.3</ele></trkpt>
<trkpt lat="34.668063" lon="127.583462" sectionIndex="0" pointIndex="778" originalElevation="270.0" isOriginalElevationFromOSM="false" isAnchor="false"><ele>260.9</ele></trkpt>
<trkpt lat="34.668045" lon="127.583413" sectionIndex="0" pointIndex="779" originalElevation="270.0" isOriginalElevationFromOSM="false" isAnchor="false"><ele>259.4</ele></trkpt>
<trkpt lat="34.668045" lon="127.583413" sectionIndex="0" pointIndex="780" originalElevation="270.0" isOriginalElevationFromOSM="false" isAnchor="false"><ele>257.9</ele></trkpt>
<trkpt lat="34.668018" lon="127.583370" sectionIndex="0" pointIndex="781" originalElevation="270.0" isOriginalElevationFromOSM="false" isAnchor="false"><ele>256.3</ele></trkpt>
<trkpt lat="34.667991" lon="127.583326" sectionIndex="0" pointIndex="782" originalElevation="241.0" isOriginalElevationFromOSM="false" isAnchor="false"><ele>254.7</ele></trkpt>
<trkpt lat="34.667963" lon="127.583283" sectionIndex="0" pointIndex="783" originalElevation="241.0" isOriginalElevationFromOSM="false" isAnchor="false"><ele>253.1</ele></trkpt>
<trkpt lat="34.667936" lon="127.583239" sectionIndex="0" pointIndex="784" originalElevation="241.0" isOriginalElevationFromOSM="false" isAnchor="false"><ele>251.6</ele></trkpt>
<trkpt lat="34.667909" lon="127.583196" sectionIndex="0" pointIndex="785" originalElevation="241.0" isOriginalElevationFromOSM="false" isAnchor="false"><ele>250.1</ele></trkpt>
<trkpt lat="34.667882" lon="127.583152" sectionIndex="0" pointIndex="786" originalElevation="241.0" isOriginalElevationFromOSM="false" isAnchor="false"><ele>248.8</ele></trkpt>
<trkpt lat="34.667854" lon="127.583109" sectionIndex="0" pointIndex="787" originalElevation="241.0" isOriginalElevationFromOSM="false" isAnchor="false"><ele>247.7</ele></trkpt>
<trkpt lat="34.667827" lon="127.583065" sectionIndex="0" pointIndex="788" originalElevation="241.0" isOriginalElevationFromOSM="false" isAnchor="false"><ele>246.8</ele></trkpt>
<trkpt lat="34.667808" lon="127.583035" sectionIndex="0" pointIndex="789" originalElevation="241.0" isOriginalElevationFromOSM="false" isAnchor="false"><ele>246.1</ele></trkpt>
<trkpt lat="34.667808" lon="127.583035" sectionIndex="0" pointIndex="790" originalElevation="241.0" isOriginalElevationFromOSM="false" isAnchor="false"><ele>245.6</ele></trkpt>
<trkpt lat="34.667778" lon="127.582994" sectionIndex="0" pointIndex="791" originalElevation="241.0" isOriginalElevationFromOSM="false" isAnchor="false"><ele>245.1</ele></trkpt>
<trkpt lat="34.667748" lon="127.582954" sectionIndex="0" pointIndex="792" originalElevation="241.0" isOriginalElevationFromOSM="false" isAnchor="false"><ele>244.7</ele></trkpt>
<trkpt lat="34.667718" lon="127.582913" sectionIndex="0" pointIndex="793" originalElevation="241.0" isOriginalElevationFromOSM="false" isAnchor="false"><ele>244.5</ele></trkpt>
<trkpt lat="34.667688" lon="127.582872" sectionIndex="0" pointIndex="794" originalElevation="241.0" isOriginalElevationFromOSM="false" isAnchor="false"><ele>244.3</ele></trkpt>
<trkpt lat="34.667659" lon="127.582831" sectionIndex="0" pointIndex="795" originalElevation="241.0" isOriginalElevationFromOSM="false" isAnchor="false"><ele>244.3</ele></trkpt>
<trkpt lat="34.667629" lon="127.582790" sectionIndex="0" pointIndex="796" originalElevation="241.0" isOriginalElevationFromOSM="false" isAnchor="false"><ele>244.4</ele></trkpt>
<trkpt lat="34.667599" lon="127.582750" sectionIndex="0" pointIndex="797" originalElevation="241.0" isOriginalElevationFromOSM="false" isAnchor="false"><ele>244.4</ele></trkpt>
<trkpt lat="34.667569" lon="127.582709" sectionIndex="0" pointIndex="798" originalElevation="241.0" isOriginalElevationFromOSM="false" isAnchor="false"><ele>244.7</ele></trkpt>
<trkpt lat="34.667539" lon="127.582668" sectionIndex="0" pointIndex="799" originalElevation="241.0" isOriginalElevationFromOSM="false" isAnchor="false"><ele>244.8</ele></trkpt>
<trkpt lat="34.667509" lon="127.582627" sectionIndex="0" pointIndex="800" originalElevation="241.0" isOriginalElevationFromOSM="false" isAnchor="false"><ele>244.9</ele></trkpt>
<trkpt lat="34.667492" lon="127.582605" sectionIndex="0" pointIndex="801" originalElevation="261.0" isOriginalElevationFromOSM="false" isAnchor="false"><ele>244.9</ele></trkpt>
<trkpt lat="34.667492" lon="127.582605" sectionIndex="0" pointIndex="802" originalElevation="261.0" isOriginalElevationFromOSM="false" isAnchor="false"><ele>244.8</ele></trkpt>
<trkpt lat="34.667457" lon="127.582572" sectionIndex="0" pointIndex="803" originalElevation="261.0" isOriginalElevationFromOSM="false" isAnchor="false"><ele>244.6</ele></trkpt>
<trkpt lat="34.667421" lon="127.582539" sectionIndex="0" pointIndex="804" originalElevation="261.0" isOriginalElevationFromOSM="false" isAnchor="false"><ele>244.3</ele></trkpt>
<trkpt lat="34.667385" lon="127.582506" sectionIndex="0" pointIndex="805" originalElevation="261.0" isOriginalElevationFromOSM="false" isAnchor="false"><ele>243.9</ele></trkpt>
<trkpt lat="34.667349" lon="127.582473" sectionIndex="0" pointIndex="806" originalElevation="236.0" isOriginalElevationFromOSM="false" isAnchor="false"><ele>243.4</ele></trkpt>
<trkpt lat="34.667313" lon="127.582441" sectionIndex="0" pointIndex="807" originalElevation="236.0" isOriginalElevationFromOSM="false" isAnchor="false"><ele>242.8</ele></trkpt>
<trkpt lat="34.667277" lon="127.582408" sectionIndex="0" pointIndex="808" originalElevation="236.0" isOriginalElevationFromOSM="false" isAnchor="false"><ele>242.2</ele></trkpt>
<trkpt lat="34.667241" lon="127.582375" sectionIndex="0" pointIndex="809" originalElevation="236.0" isOriginalElevationFromOSM="false" isAnchor="false"><ele>241.6</ele></trkpt>
<trkpt lat="34.667205" lon="127.582342" sectionIndex="0" pointIndex="810" originalElevation="236.0" isOriginalElevationFromOSM="false" isAnchor="false"><ele>240.9</ele></trkpt>
<trkpt lat="34.667201" lon="127.582338" sectionIndex="0" pointIndex="811" originalElevation="236.0" isOriginalElevationFromOSM="false" isAnchor="false"><ele>240.2</ele></trkpt>
<trkpt lat="34.667201" lon="127.582338" sectionIndex="0" pointIndex="812" originalElevation="236.0" isOriginalElevationFromOSM="false" isAnchor="false"><ele>239.6</ele></trkpt>
<trkpt lat="34.667166" lon="127.582303" sectionIndex="0" pointIndex="813" originalElevation="236.0" isOriginalElevationFromOSM="false" isAnchor="false"><ele>239.0</ele></trkpt>
<trkpt lat="34.667132" lon="127.582268" sectionIndex="0" pointIndex="814" originalElevation="236.0" isOriginalElevationFromOSM="false" isAnchor="false"><ele>238.5</ele></trkpt>
<trkpt lat="34.667097" lon="127.582234" sectionIndex="0" pointIndex="815" originalElevation="236.0" isOriginalElevationFromOSM="false" isAnchor="false"><ele>238.0</ele></trkpt>
<trkpt lat="34.667062" lon="127.582199" sectionIndex="0" pointIndex="816" originalElevation="236.0" isOriginalElevationFromOSM="false" isAnchor="false"><ele>237.4</ele></trkpt>
<trkpt lat="34.667028" lon="127.582164" sectionIndex="0" pointIndex="817" originalElevation="236.0" isOriginalElevationFromOSM="false" isAnchor="false"><ele>236.7</ele></trkpt>
<trkpt lat="34.666993" lon="127.582129" sectionIndex="0" pointIndex="818" originalElevation="236.0" isOriginalElevationFromOSM="false" isAnchor="false"><ele>236.0</ele></trkpt>
<trkpt lat="34.666961" lon="127.582096" sectionIndex="0" pointIndex="819" originalElevation="236.0" isOriginalElevationFromOSM="false" isAnchor="false"><ele>235.4</ele></trkpt>
<trkpt lat="34.666961" lon="127.582096" sectionIndex="0" pointIndex="820" originalElevation="236.0" isOriginalElevationFromOSM="false" isAnchor="false"><ele>234.7</ele></trkpt>
<trkpt lat="34.666936" lon="127.582051" sectionIndex="0" pointIndex="821" originalElevation="236.0" isOriginalElevationFromOSM="false" isAnchor="false"><ele>233.9</ele></trkpt>
<trkpt lat="34.666911" lon="127.582005" sectionIndex="0" pointIndex="822" originalElevation="236.0" isOriginalElevationFromOSM="false" isAnchor="false"><ele>233.2</ele></trkpt>
<trkpt lat="34.666887" lon="127.581960" sectionIndex="0" pointIndex="823" originalElevation="236.0" isOriginalElevationFromOSM="false" isAnchor="false"><ele>232.4</ele></trkpt>
<trkpt lat="34.666862" lon="127.581914" sectionIndex="0" pointIndex="824" originalElevation="236.0" isOriginalElevationFromOSM="false" isAnchor="false"><ele>231.5</ele></trkpt>
<trkpt lat="34.666837" lon="127.581868" sectionIndex="0" pointIndex="825" originalElevation="236.0" isOriginalElevationFromOSM="false" isAnchor="false"><ele>230.5</ele></trkpt>
<trkpt lat="34.666812" lon="127.581823" sectionIndex="0" pointIndex="826" originalElevation="236.0" isOriginalElevationFromOSM="false" isAnchor="false"><ele>229.4</ele></trkpt>
<trkpt lat="34.666788" lon="127.581777" sectionIndex="0" pointIndex="827" originalElevation="236.0" isOriginalElevationFromOSM="false" isAnchor="false"><ele>228.1</ele></trkpt>
<trkpt lat="34.666771" lon="127.581746" sectionIndex="0" pointIndex="828" originalElevation="236.0" isOriginalElevationFromOSM="false" isAnchor="false"><ele>226.8</ele></trkpt>
<trkpt lat="34.666771" lon="127.581746" sectionIndex="0" pointIndex="829" originalElevation="236.0" isOriginalElevationFromOSM="false" isAnchor="false"><ele>225.4</ele></trkpt>
<trkpt lat="34.666756" lon="127.581695" sectionIndex="0" pointIndex="830" originalElevation="236.0" isOriginalElevationFromOSM="false" isAnchor="false"><ele>224.0</ele></trkpt>
<trkpt lat="34.666741" lon="127.581643" sectionIndex="0" pointIndex="831" originalElevation="212.0" isOriginalElevationFromOSM="false" isAnchor="false"><ele>222.5</ele></trkpt>
<trkpt lat="34.666726" lon="127.581592" sectionIndex="0" pointIndex="832" originalElevation="212.0" isOriginalElevationFromOSM="false" isAnchor="false"><ele>221.1</ele></trkpt>
<trkpt lat="34.666711" lon="127.581540" sectionIndex="0" pointIndex="833" originalElevation="212.0" isOriginalElevationFromOSM="false" isAnchor="false"><ele>219.6</ele></trkpt>
<trkpt lat="34.666695" lon="127.581489" sectionIndex="0" pointIndex="834" originalElevation="212.0" isOriginalElevationFromOSM="false" isAnchor="false"><ele>218.3</ele></trkpt>
<trkpt lat="34.666680" lon="127.581437" sectionIndex="0" pointIndex="835" originalElevation="212.0" isOriginalElevationFromOSM="false" isAnchor="false"><ele>216.9</ele></trkpt>
<trkpt lat="34.666665" lon="127.581386" sectionIndex="0" pointIndex="836" originalElevation="209.0" isOriginalElevationFromOSM="false" isAnchor="false"><ele>215.7</ele></trkpt>
<trkpt lat="34.666650" lon="127.581334" sectionIndex="0" pointIndex="837" originalElevation="209.0" isOriginalElevationFromOSM="false" isAnchor="false"><ele>214.6</ele></trkpt>
<trkpt lat="34.666635" lon="127.581283" sectionIndex="0" pointIndex="838" originalElevation="209.0" isOriginalElevationFromOSM="false" isAnchor="false"><ele>213.6</ele></trkpt>
<trkpt lat="34.666629" lon="127.581262" sectionIndex="0" pointIndex="839" originalElevation="209.0" isOriginalElevationFromOSM="false" isAnchor="false"><ele>212.5</ele></trkpt>
<trkpt lat="34.666629" lon="127.581262" sectionIndex="0" pointIndex="840" originalElevation="209.0" isOriginalElevationFromOSM="false" isAnchor="false"><ele>211.5</ele></trkpt>
<trkpt lat="34.666602" lon="127.581218" sectionIndex="0" pointIndex="841" originalElevation="209.0" isOriginalElevationFromOSM="false" isAnchor="false"><ele>210.6</ele></trkpt>
<trkpt lat="34.666576" lon="127.581174" sectionIndex="0" pointIndex="842" originalElevation="209.0" isOriginalElevationFromOSM="false" isAnchor="false"><ele>209.8</ele></trkpt>
<trkpt lat="34.666549" lon="127.581130" sectionIndex="0" pointIndex="843" originalElevation="209.0" isOriginalElevationFromOSM="false" isAnchor="false"><ele>208.9</ele></trkpt>
<trkpt lat="34.666522" lon="127.581086" sectionIndex="0" pointIndex="844" originalElevation="209.0" isOriginalElevationFromOSM="false" isAnchor="false"><ele>208.1</ele></trkpt>
<trkpt lat="34.666496" lon="127.581042" sectionIndex="0" pointIndex="845" originalElevation="209.0" isOriginalElevationFromOSM="false" isAnchor="false"><ele>207.3</ele></trkpt>
<trkpt lat="34.666469" lon="127.580998" sectionIndex="0" pointIndex="846" originalElevation="209.0" isOriginalElevationFromOSM="false" isAnchor="false"><ele>206.4</ele></trkpt>
<trkpt lat="34.666442" lon="127.580954" sectionIndex="0" pointIndex="847" originalElevation="209.0" isOriginalElevationFromOSM="false" isAnchor="false"><ele>205.7</ele></trkpt>
<trkpt lat="34.666437" lon="127.580945" sectionIndex="0" pointIndex="848" originalElevation="209.0" isOriginalElevationFromOSM="false" isAnchor="false"><ele>204.9</ele></trkpt>
<trkpt lat="34.666437" lon="127.580945" sectionIndex="0" pointIndex="849" originalElevation="209.0" isOriginalElevationFromOSM="false" isAnchor="false"><ele>204.0</ele></trkpt>
<trkpt lat="34.666397" lon="127.580920" sectionIndex="0" pointIndex="850" originalElevation="209.0" isOriginalElevationFromOSM="false" isAnchor="false"><ele>202.9</ele></trkpt>
<trkpt lat="34.666357" lon="127.580895" sectionIndex="0" pointIndex="851" originalElevation="209.0" isOriginalElevationFromOSM="false" isAnchor="false"><ele>201.6</ele></trkpt>
<trkpt lat="34.666317" lon="127.580870" sectionIndex="0" pointIndex="852" originalElevation="209.0" isOriginalElevationFromOSM="false" isAnchor="false"><ele>200.3</ele></trkpt>
<trkpt lat="34.666276" lon="127.580845" sectionIndex="0" pointIndex="853" originalElevation="209.0" isOriginalElevationFromOSM="false" isAnchor="false"><ele>198.8</ele></trkpt>
<trkpt lat="34.666236" lon="127.580821" sectionIndex="0" pointIndex="854" originalElevation="190.0" isOriginalElevationFromOSM="false" isAnchor="false"><ele>197.4</ele></trkpt>
<trkpt lat="34.666196" lon="127.580796" sectionIndex="0" pointIndex="855" originalElevation="190.0" isOriginalElevationFromOSM="false" isAnchor="false"><ele>195.9</ele></trkpt>
<trkpt lat="34.666160" lon="127.580773" sectionIndex="0" pointIndex="856" originalElevation="190.0" isOriginalElevationFromOSM="false" isAnchor="false"><ele>194.4</ele></trkpt>
<trkpt lat="34.666160" lon="127.580773" sectionIndex="0" pointIndex="857" originalElevation="190.0" isOriginalElevationFromOSM="false" isAnchor="false"><ele>192.9</ele></trkpt>
<trkpt lat="34.666115" lon="127.580774" sectionIndex="0" pointIndex="858" originalElevation="190.0" isOriginalElevationFromOSM="false" isAnchor="false"><ele>191.4</ele></trkpt>
<trkpt lat="34.666070" lon="127.580774" sectionIndex="0" pointIndex="859" originalElevation="190.0" isOriginalElevationFromOSM="false" isAnchor="false"><ele>190.0</ele></trkpt>
<trkpt lat="34.666025" lon="127.580774" sectionIndex="0" pointIndex="860" originalElevation="190.0" isOriginalElevationFromOSM="false" isAnchor="false"><ele>188.5</ele></trkpt>
<trkpt lat="34.665980" lon="127.580774" sectionIndex="0" pointIndex="861" originalElevation="190.0" isOriginalElevationFromOSM="false" isAnchor="false"><ele>187.2</ele></trkpt>
<trkpt lat="34.665936" lon="127.580774" sectionIndex="0" pointIndex="862" originalElevation="190.0" isOriginalElevationFromOSM="false" isAnchor="false"><ele>185.9</ele></trkpt>
<trkpt lat="34.665891" lon="127.580774" sectionIndex="0" pointIndex="863" originalElevation="190.0" isOriginalElevationFromOSM="false" isAnchor="false"><ele>184.8</ele></trkpt>
<trkpt lat="34.665846" lon="127.580774" sectionIndex="0" pointIndex="864" originalElevation="190.0" isOriginalElevationFromOSM="false" isAnchor="false"><ele>183.8</ele></trkpt>
<trkpt lat="34.665809" lon="127.580774" sectionIndex="0" pointIndex="865" originalElevation="163.0" isOriginalElevationFromOSM="false" isAnchor="false"><ele>182.9</ele></trkpt>
<trkpt lat="34.665809" lon="127.580774" sectionIndex="0" pointIndex="866" originalElevation="163.0" isOriginalElevationFromOSM="false" isAnchor="false"><ele>182.1</ele></trkpt>
<trkpt lat="34.665768" lon="127.580796" sectionIndex="0" pointIndex="867" originalElevation="163.0" isOriginalElevationFromOSM="false" isAnchor="false"><ele>181.5</ele></trkpt>
<trkpt lat="34.665727" lon="127.580818" sectionIndex="0" pointIndex="868" originalElevation="163.0" isOriginalElevationFromOSM="false" isAnchor="false"><ele>181.0</ele></trkpt>
<trkpt lat="34.665686" lon="127.580841" sectionIndex="0" pointIndex="869" originalElevation="183.0" isOriginalElevationFromOSM="false" isAnchor="false"><ele>180.7</ele></trkpt>
<trkpt lat="34.665645" lon="127.580863" sectionIndex="0" pointIndex="870" originalElevation="183.0" isOriginalElevationFromOSM="false" isAnchor="false"><ele>180.6</ele></trkpt>
<trkpt lat="34.665603" lon="127.580885" sectionIndex="0" pointIndex="871" originalElevation="183.0" isOriginalElevationFromOSM="false" isAnchor="false"><ele>180.6</ele></trkpt>
<trkpt lat="34.665585" lon="127.580895" sectionIndex="0" pointIndex="872" originalElevation="183.0" isOriginalElevationFromOSM="false" isAnchor="false"><ele>180.6</ele></trkpt>
<trkpt lat="34.665585" lon="127.580895" sectionIndex="0" pointIndex="873" originalElevation="183.0" isOriginalElevationFromOSM="false" isAnchor="false"><ele>180.8</ele></trkpt>
<trkpt lat="34.665550" lon="127.580929" sectionIndex="0" pointIndex="874" originalElevation="183.0" isOriginalElevationFromOSM="false" isAnchor="false"><ele>180.9</ele></trkpt>
<trkpt lat="34.665515" lon="127.580963" sectionIndex="0" pointIndex="875" originalElevation="183.0" isOriginalElevationFromOSM="false" isAnchor="false"><ele>181.1</ele></trkpt>
<trkpt lat="34.665479" lon="127.580997" sectionIndex="0" pointIndex="876" originalElevation="183.0" isOriginalElevationFromOSM="false" isAnchor="false"><ele>181.2</ele></trkpt>
<trkpt lat="34.665444" lon="127.581031" sectionIndex="0" pointIndex="877" originalElevation="183.0" isOriginalElevationFromOSM="false" isAnchor="false"><ele>181.2</ele></trkpt>
<trkpt lat="34.665409" lon="127.581065" sectionIndex="0" pointIndex="878" originalElevation="183.0" isOriginalElevationFromOSM="false" isAnchor="false"><ele>181.2</ele></trkpt>
<trkpt lat="34.665374" lon="127.581099" sectionIndex="0" pointIndex="879" originalElevation="183.0" isOriginalElevationFromOSM="false" isAnchor="false"><ele>181.1</ele></trkpt>
<trkpt lat="34.665339" lon="127.581133" sectionIndex="0" pointIndex="880" originalElevation="183.0" isOriginalElevationFromOSM="false" isAnchor="false"><ele>181.0</ele></trkpt>
<trkpt lat="34.665304" lon="127.581166" sectionIndex="0" pointIndex="881" originalElevation="183.0" isOriginalElevationFromOSM="false" isAnchor="false"><ele>180.9</ele></trkpt>
<trkpt lat="34.665304" lon="127.581166" sectionIndex="0" pointIndex="882" originalElevation="183.0" isOriginalElevationFromOSM="false" isAnchor="false"><ele>180.6</ele></trkpt>
<trkpt lat="34.665268" lon="127.581198" sectionIndex="0" pointIndex="883" originalElevation="183.0" isOriginalElevationFromOSM="false" isAnchor="false"><ele>180.4</ele></trkpt>
<trkpt lat="34.665232" lon="127.581230" sectionIndex="0" pointIndex="884" originalElevation="183.0" isOriginalElevationFromOSM="false" isAnchor="false"><ele>180.1</ele></trkpt>
<trkpt lat="34.665195" lon="127.581262" sectionIndex="0" pointIndex="885" originalElevation="183.0" isOriginalElevationFromOSM="false" isAnchor="false"><ele>179.6</ele></trkpt>
<trkpt lat="34.665159" lon="127.581294" sectionIndex="0" pointIndex="886" originalElevation="183.0" isOriginalElevationFromOSM="false" isAnchor="false"><ele>179.1</ele></trkpt>
<trkpt lat="34.665122" lon="127.581326" sectionIndex="0" pointIndex="887" originalElevation="183.0" isOriginalElevationFromOSM="false" isAnchor="false"><ele>178.6</ele></trkpt>
<trkpt lat="34.665086" lon="127.581358" sectionIndex="0" pointIndex="888" originalElevation="183.0" isOriginalElevationFromOSM="false" isAnchor="false"><ele>178.2</ele></trkpt>
<trkpt lat="34.665050" lon="127.581390" sectionIndex="0" pointIndex="889" originalElevation="183.0" isOriginalElevationFromOSM="false" isAnchor="false"><ele>177.8</ele></trkpt>
<trkpt lat="34.665013" lon="127.581423" sectionIndex="0" pointIndex="890" originalElevation="183.0" isOriginalElevationFromOSM="false" isAnchor="false"><ele>177.4</ele></trkpt>
<trkpt lat="34.664977" lon="127.581455" sectionIndex="0" pointIndex="891" originalElevation="165.0" isOriginalElevationFromOSM="false" isAnchor="false"><ele>177.1</ele></trkpt>
<trkpt lat="34.664940" lon="127.581487" sectionIndex="0" pointIndex="892" originalElevation="165.0" isOriginalElevationFromOSM="false" isAnchor="false"><ele>176.9</ele></trkpt>
<trkpt lat="34.664904" lon="127.581519" sectionIndex="0" pointIndex="893" originalElevation="165.0" isOriginalElevationFromOSM="false" isAnchor="false"><ele>176.9</ele></trkpt>
<trkpt lat="34.664868" lon="127.581551" sectionIndex="0" pointIndex="894" originalElevation="165.0" isOriginalElevationFromOSM="false" isAnchor="false"><ele>176.9</ele></trkpt>
<trkpt lat="34.664831" lon="127.581583" sectionIndex="0" pointIndex="895" originalElevation="165.0" isOriginalElevationFromOSM="false" isAnchor="false"><ele>177.1</ele></trkpt>
<trkpt lat="34.664795" lon="127.581615" sectionIndex="0" pointIndex="896" originalElevation="165.0" isOriginalElevationFromOSM="false" isAnchor="false"><ele>177.3</ele></trkpt>
<trkpt lat="34.664758" lon="127.581647" sectionIndex="0" pointIndex="897" originalElevation="165.0" isOriginalElevationFromOSM="false" isAnchor="false"><ele>177.7</ele></trkpt>
<trkpt lat="34.664722" lon="127.581679" sectionIndex="0" pointIndex="898" originalElevation="185.0" isOriginalElevationFromOSM="false" isAnchor="false"><ele>178.2</ele></trkpt>
<trkpt lat="34.664686" lon="127.581711" sectionIndex="0" pointIndex="899" originalElevation="185.0" isOriginalElevationFromOSM="false" isAnchor="false"><ele>178.7</ele></trkpt>
<trkpt lat="34.664666" lon="127.581729" sectionIndex="0" pointIndex="900" originalElevation="185.0" isOriginalElevationFromOSM="false" isAnchor="false"><ele>179.3</ele></trkpt>
<trkpt lat="34.664666" lon="127.581729" sectionIndex="0" pointIndex="901" originalElevation="185.0" isOriginalElevationFromOSM="false" isAnchor="false"><ele>179.9</ele></trkpt>
<trkpt lat="34.664625" lon="127.581752" sectionIndex="0" pointIndex="902" originalElevation="185.0" isOriginalElevationFromOSM="false" isAnchor="false"><ele>180.6</ele></trkpt>
<trkpt lat="34.664585" lon="127.581775" sectionIndex="0" pointIndex="903" originalElevation="185.0" isOriginalElevationFromOSM="false" isAnchor="false"><ele>181.4</ele></trkpt>
<trkpt lat="34.664544" lon="127.581798" sectionIndex="0" pointIndex="904" originalElevation="185.0" isOriginalElevationFromOSM="false" isAnchor="false"><ele>182.1</ele></trkpt>
<trkpt lat="34.664503" lon="127.581821" sectionIndex="0" pointIndex="905" originalElevation="185.0" isOriginalElevationFromOSM="false" isAnchor="false"><ele>182.9</ele></trkpt>
<trkpt lat="34.664463" lon="127.581844" sectionIndex="0" pointIndex="906" originalElevation="185.0" isOriginalElevationFromOSM="false" isAnchor="false"><ele>183.6</ele></trkpt>
<trkpt lat="34.664422" lon="127.581867" sectionIndex="0" pointIndex="907" originalElevation="185.0" isOriginalElevationFromOSM="false" isAnchor="false"><ele>184.5</ele></trkpt>
<trkpt lat="34.664381" lon="127.581891" sectionIndex="0" pointIndex="908" originalElevation="185.0" isOriginalElevationFromOSM="false" isAnchor="false"><ele>185.3</ele></trkpt>
<trkpt lat="34.664340" lon="127.581914" sectionIndex="0" pointIndex="909" originalElevation="185.0" isOriginalElevationFromOSM="false" isAnchor="false"><ele>186.1</ele></trkpt>
<trkpt lat="34.664330" lon="127.581920" sectionIndex="0" pointIndex="910" originalElevation="185.0" isOriginalElevationFromOSM="false" isAnchor="false"><ele>186.9</ele></trkpt>
<trkpt lat="34.664330" lon="127.581920" sectionIndex="0" pointIndex="911" originalElevation="185.0" isOriginalElevationFromOSM="false" isAnchor="false"><ele>187.7</ele></trkpt>
<trkpt lat="34.664285" lon="127.581914" sectionIndex="0" pointIndex="912" originalElevation="185.0" isOriginalElevationFromOSM="false" isAnchor="false"><ele>188.4</ele></trkpt>
<trkpt lat="34.664240" lon="127.581909" sectionIndex="0" pointIndex="913" originalElevation="185.0" isOriginalElevationFromOSM="false" isAnchor="false"><ele>189.0</ele></trkpt>
<trkpt lat="34.664210" lon="127.581905" sectionIndex="0" pointIndex="914" originalElevation="185.0" isOriginalElevationFromOSM="false" isAnchor="false"><ele>189.4</ele></trkpt>
<trkpt lat="34.664210" lon="127.581905" sectionIndex="0" pointIndex="915" originalElevation="185.0" isOriginalElevationFromOSM="false" isAnchor="false"><ele>189.9</ele></trkpt>
<trkpt lat="34.664167" lon="127.581890" sectionIndex="0" pointIndex="916" originalElevation="185.0" isOriginalElevationFromOSM="false" isAnchor="false"><ele>190.2</ele></trkpt>
<trkpt lat="34.664124" lon="127.581875" sectionIndex="0" pointIndex="917" originalElevation="199.0" isOriginalElevationFromOSM="false" isAnchor="false"><ele>190.5</ele></trkpt>
<trkpt lat="34.664080" lon="127.581860" sectionIndex="0" pointIndex="918" originalElevation="199.0" isOriginalElevationFromOSM="false" isAnchor="false"><ele>190.7</ele></trkpt>
<trkpt lat="34.664037" lon="127.581845" sectionIndex="0" pointIndex="919" originalElevation="199.0" isOriginalElevationFromOSM="false" isAnchor="false"><ele>190.7</ele></trkpt>
<trkpt lat="34.663994" lon="127.581830" sectionIndex="0" pointIndex="920" originalElevation="199.0" isOriginalElevationFromOSM="false" isAnchor="false"><ele>190.6</ele></trkpt>
<trkpt lat="34.663951" lon="127.581815" sectionIndex="0" pointIndex="921" originalElevation="199.0" isOriginalElevationFromOSM="false" isAnchor="false"><ele>190.4</ele></trkpt>
<trkpt lat="34.663922" lon="127.581805" sectionIndex="0" pointIndex="922" originalElevation="199.0" isOriginalElevationFromOSM="false" isAnchor="false"><ele>190.1</ele></trkpt>
<trkpt lat="34.663922" lon="127.581805" sectionIndex="0" pointIndex="923" originalElevation="199.0" isOriginalElevationFromOSM="false" isAnchor="false"><ele>189.6</ele></trkpt>
<trkpt lat="34.663892" lon="127.581765" sectionIndex="0" pointIndex="924" originalElevation="199.0" isOriginalElevationFromOSM="false" isAnchor="false"><ele>189.0</ele></trkpt>
<trkpt lat="34.663861" lon="127.581725" sectionIndex="0" pointIndex="925" originalElevation="199.0" isOriginalElevationFromOSM="false" isAnchor="false"><ele>188.2</ele></trkpt>
<trkpt lat="34.663831" lon="127.581684" sectionIndex="0" pointIndex="926" originalElevation="199.0" isOriginalElevationFromOSM="false" isAnchor="false"><ele>187.4</ele></trkpt>
<trkpt lat="34.663800" lon="127.581644" sectionIndex="0" pointIndex="927" originalElevation="177.0" isOriginalElevationFromOSM="false" isAnchor="false"><ele>186.5</ele></trkpt>
<trkpt lat="34.663770" lon="127.581604" sectionIndex="0" pointIndex="928" originalElevation="177.0" isOriginalElevationFromOSM="false" isAnchor="false"><ele>185.6</ele></trkpt>
<trkpt lat="34.663740" lon="127.581564" sectionIndex="0" pointIndex="929" originalElevation="177.0" isOriginalElevationFromOSM="false" isAnchor="false"><ele>184.6</ele></trkpt>
<trkpt lat="34.663725" lon="127.581545" sectionIndex="0" pointIndex="930" originalElevation="177.0" isOriginalElevationFromOSM="false" isAnchor="false"><ele>183.6</ele></trkpt>
<trkpt lat="34.663725" lon="127.581545" sectionIndex="0" pointIndex="931" originalElevation="177.0" isOriginalElevationFromOSM="false" isAnchor="false"><ele>182.7</ele></trkpt>
<trkpt lat="34.663707" lon="127.581494" sectionIndex="0" pointIndex="932" originalElevation="177.0" isOriginalElevationFromOSM="false" isAnchor="false"><ele>181.9</ele></trkpt>
<trkpt lat="34.663690" lon="127.581444" sectionIndex="0" pointIndex="933" originalElevation="177.0" isOriginalElevationFromOSM="false" isAnchor="false"><ele>181.1</ele></trkpt>
<trkpt lat="34.663672" lon="127.581394" sectionIndex="0" pointIndex="934" originalElevation="177.0" isOriginalElevationFromOSM="false" isAnchor="false"><ele>180.4</ele></trkpt>
<trkpt lat="34.663654" lon="127.581344" sectionIndex="0" pointIndex="935" originalElevation="177.0" isOriginalElevationFromOSM="false" isAnchor="false"><ele>179.8</ele></trkpt>
<trkpt lat="34.663636" lon="127.581294" sectionIndex="0" pointIndex="936" originalElevation="177.0" isOriginalElevationFromOSM="false" isAnchor="false"><ele>179.3</ele></trkpt>
<trkpt lat="34.663623" lon="127.581255" sectionIndex="0" pointIndex="937" originalElevation="177.0" isOriginalElevationFromOSM="false" isAnchor="false"><ele>178.9</ele></trkpt>
<trkpt lat="34.663623" lon="127.581255" sectionIndex="0" pointIndex="938" originalElevation="177.0" isOriginalElevationFromOSM="false" isAnchor="false"><ele>178.6</ele></trkpt>
<trkpt lat="34.663590" lon="127.581217" sectionIndex="0" pointIndex="939" originalElevation="177.0" isOriginalElevationFromOSM="false" isAnchor="false"><ele>178.3</ele></trkpt>
<trkpt lat="34.663558" lon="127.581179" sectionIndex="0" pointIndex="940" originalElevation="177.0" isOriginalElevationFromOSM="false" isAnchor="false"><ele>178.0</ele></trkpt>
<trkpt lat="34.663526" lon="127.581141" sectionIndex="0" pointIndex="941" originalElevation="177.0" isOriginalElevationFromOSM="false" isAnchor="false"><ele>177.9</ele></trkpt>
<trkpt lat="34.663493" lon="127.581103" sectionIndex="0" pointIndex="942" originalElevation="177.0" isOriginalElevationFromOSM="false" isAnchor="false"><ele>177.7</ele></trkpt>
<trkpt lat="34.663461" lon="127.581066" sectionIndex="0" pointIndex="943" originalElevation="177.0" isOriginalElevationFromOSM="false" isAnchor="false"><ele>177.7</ele></trkpt>
<trkpt lat="34.663428" lon="127.581028" sectionIndex="0" pointIndex="944" originalElevation="177.0" isOriginalElevationFromOSM="false" isAnchor="false"><ele>177.6</ele></trkpt>
<trkpt lat="34.663396" lon="127.580990" sectionIndex="0" pointIndex="945" originalElevation="177.0" isOriginalElevationFromOSM="false" isAnchor="false"><ele>177.5</ele></trkpt>
<trkpt lat="34.663363" lon="127.580952" sectionIndex="0" pointIndex="946" originalElevation="177.0" isOriginalElevationFromOSM="false" isAnchor="false"><ele>177.3</ele></trkpt>
<trkpt lat="34.663331" lon="127.580914" sectionIndex="0" pointIndex="947" originalElevation="183.0" isOriginalElevationFromOSM="false" isAnchor="false"><ele>177.1</ele></trkpt>
<trkpt lat="34.663329" lon="127.580912" sectionIndex="0" pointIndex="948" originalElevation="183.0" isOriginalElevationFromOSM="false" isAnchor="false"><ele>176.8</ele></trkpt>
<trkpt lat="34.663329" lon="127.580912" sectionIndex="0" pointIndex="949" originalElevation="183.0" isOriginalElevationFromOSM="false" isAnchor="false"><ele>176.4</ele></trkpt>
<trkpt lat="34.663288" lon="127.580890" sectionIndex="0" pointIndex="950" originalElevation="183.0" isOriginalElevationFromOSM="false" isAnchor="false"><ele>176.0</ele></trkpt>
<trkpt lat="34.663247" lon="127.580867" sectionIndex="0" pointIndex="951" originalElevation="183.0" isOriginalElevationFromOSM="false" isAnchor="false"><ele>175.6</ele></trkpt>
<trkpt lat="34.663206" lon="127.580845" sectionIndex="0" pointIndex="952" originalElevation="183.0" isOriginalElevationFromOSM="false" isAnchor="false"><ele>175.1</ele></trkpt>
<trkpt lat="34.663165" lon="127.580822" sectionIndex="0" pointIndex="953" originalElevation="169.0" isOriginalElevationFromOSM="false" isAnchor="false"><ele>174.5</ele></trkpt>
<trkpt lat="34.663124" lon="127.580800" sectionIndex="0" pointIndex="954" originalElevation="169.0" isOriginalElevationFromOSM="false" isAnchor="false"><ele>174.0</ele></trkpt>
<trkpt lat="34.663083" lon="127.580778" sectionIndex="0" pointIndex="955" originalElevation="169.0" isOriginalElevationFromOSM="false" isAnchor="false"><ele>173.4</ele></trkpt>
<trkpt lat="34.663042" lon="127.580755" sectionIndex="0" pointIndex="956" originalElevation="169.0" isOriginalElevationFromOSM="false" isAnchor="false"><ele>173.0</ele></trkpt>
<trkpt lat="34.663030" lon="127.580749" sectionIndex="0" pointIndex="957" originalElevation="169.0" isOriginalElevationFromOSM="false" isAnchor="false"><ele>172.6</ele></trkpt>
<trkpt lat="34.663030" lon="127.580749" sectionIndex="0" pointIndex="958" originalElevation="169.0" isOriginalElevationFromOSM="false" isAnchor="false"><ele>172.2</ele></trkpt>
<trkpt lat="34.662989" lon="127.580727" sectionIndex="0" pointIndex="959" originalElevation="169.0" isOriginalElevationFromOSM="false" isAnchor="false"><ele>172.0</ele></trkpt>
<trkpt lat="34.662948" lon="127.580706" sectionIndex="0" pointIndex="960" originalElevation="169.0" isOriginalElevationFromOSM="false" isAnchor="false"><ele>171.8</ele></trkpt>
<trkpt lat="34.662906" lon="127.580685" sectionIndex="0" pointIndex="961" originalElevation="169.0" isOriginalElevationFromOSM="false" isAnchor="false"><ele>171.8</ele></trkpt>
<trkpt lat="34.662865" lon="127.580663" sectionIndex="0" pointIndex="962" originalElevation="169.0" isOriginalElevationFromOSM="false" isAnchor="false"><ele>171.9</ele></trkpt>
<trkpt lat="34.662828" lon="127.580644" sectionIndex="0" pointIndex="963" originalElevation="169.0" isOriginalElevationFromOSM="false" isAnchor="false"><ele>172.2</ele></trkpt>
<trkpt lat="34.662828" lon="127.580644" sectionIndex="0" pointIndex="964" originalElevation="169.0" isOriginalElevationFromOSM="false" isAnchor="false"><ele>172.5</ele></trkpt>
<trkpt lat="34.662796" lon="127.580682" sectionIndex="0" pointIndex="965" originalElevation="169.0" isOriginalElevationFromOSM="false" isAnchor="false"><ele>173.0</ele></trkpt>
<trkpt lat="34.662764" lon="127.580721" sectionIndex="0" pointIndex="966" originalElevation="169.0" isOriginalElevationFromOSM="false" isAnchor="false"><ele>173.6</ele></trkpt>
<trkpt lat="34.662732" lon="127.580759" sectionIndex="0" pointIndex="967" originalElevation="169.0" isOriginalElevationFromOSM="false" isAnchor="false"><ele>174.4</ele></trkpt>
<trkpt lat="34.662700" lon="127.580797" sectionIndex="0" pointIndex="968" originalElevation="169.0" isOriginalElevationFromOSM="false" isAnchor="false"><ele>175.3</ele></trkpt>
<trkpt lat="34.662687" lon="127.580812" sectionIndex="0" pointIndex="969" originalElevation="169.0" isOriginalElevationFromOSM="false" isAnchor="false"><ele>176.3</ele></trkpt>
<trkpt lat="34.662687" lon="127.580812" sectionIndex="0" pointIndex="970" originalElevation="169.0" isOriginalElevationFromOSM="false" isAnchor="false"><ele>177.4</ele></trkpt>
<trkpt lat="34.662652" lon="127.580845" sectionIndex="0" pointIndex="971" originalElevation="183.0" isOriginalElevationFromOSM="false" isAnchor="false"><ele>178.5</ele></trkpt>
<trkpt lat="34.662616" lon="127.580878" sectionIndex="0" pointIndex="972" originalElevation="183.0" isOriginalElevationFromOSM="false" isAnchor="false"><ele>179.7</ele></trkpt>
<trkpt lat="34.662580" lon="127.580911" sectionIndex="0" pointIndex="973" originalElevation="183.0" isOriginalElevationFromOSM="false" isAnchor="false"><ele>180.8</ele></trkpt>
<trkpt lat="34.662544" lon="127.580945" sectionIndex="0" pointIndex="974" originalElevation="183.0" isOriginalElevationFromOSM="false" isAnchor="false"><ele>182.0</ele></trkpt>
<trkpt lat="34.662509" lon="127.580978" sectionIndex="0" pointIndex="975" originalElevation="183.0" isOriginalElevationFromOSM="false" isAnchor="false"><ele>183.1</ele></trkpt>
<trkpt lat="34.662473" lon="127.581011" sectionIndex="0" pointIndex="976" originalElevation="191.0" isOriginalElevationFromOSM="false" isAnchor="false"><ele>184.1</ele></trkpt>
<trkpt lat="34.662437" lon="127.581044" sectionIndex="0" pointIndex="977" originalElevation="191.0" isOriginalElevationFromOSM="false" isAnchor="false"><ele>185.1</ele></trkpt>
<trkpt lat="34.662405" lon="127.581075" sectionIndex="0" pointIndex="978" originalElevation="191.0" isOriginalElevationFromOSM="false" isAnchor="false"><ele>186.1</ele></trkpt>
<trkpt lat="34.662405" lon="127.581075" sectionIndex="0" pointIndex="979" originalElevation="191.0" isOriginalElevationFromOSM="false" isAnchor="false"><ele>186.9</ele></trkpt>
<trkpt lat="34.662360" lon="127.581086" sectionIndex="0" pointIndex="980" originalElevation="191.0" isOriginalElevationFromOSM="false" isAnchor="false"><ele>187.7</ele></trkpt>
<trkpt lat="34.662316" lon="127.581097" sectionIndex="0" pointIndex="981" originalElevation="191.0" isOriginalElevationFromOSM="false" isAnchor="false"><ele>188.2</ele></trkpt>
<trkpt lat="34.662272" lon="127.581108" sectionIndex="0" pointIndex="982" originalElevation="191.0" isOriginalElevationFromOSM="false" isAnchor="false"><ele>188.7</ele></trkpt>
<trkpt lat="34.662228" lon="127.581119" sectionIndex="0" pointIndex="983" originalElevation="191.0" isOriginalElevationFromOSM="false" isAnchor="false"><ele>189.0</ele></trkpt>
<trkpt lat="34.662224" lon="127.581120" sectionIndex="0" pointIndex="984" originalElevation="191.0" isOriginalElevationFromOSM="false" isAnchor="false"><ele>189.2</ele></trkpt>
<trkpt lat="34.662224" lon="127.581120" sectionIndex="0" pointIndex="985" originalElevation="191.0" isOriginalElevationFromOSM="false" isAnchor="false"><ele>189.2</ele></trkpt>
<trkpt lat="34.662182" lon="127.581102" sectionIndex="0" pointIndex="986" originalElevation="191.0" isOriginalElevationFromOSM="false" isAnchor="false"><ele>189.2</ele></trkpt>
<trkpt lat="34.662139" lon="127.581084" sectionIndex="0" pointIndex="987" originalElevation="191.0" isOriginalElevationFromOSM="false" isAnchor="false"><ele>188.9</ele></trkpt>
<trkpt lat="34.662132" lon="127.581081" sectionIndex="0" pointIndex="988" originalElevation="191.0" isOriginalElevationFromOSM="false" isAnchor="false"><ele>188.6</ele></trkpt>
<trkpt lat="34.662132" lon="127.581081" sectionIndex="0" pointIndex="989" originalElevation="191.0" isOriginalElevationFromOSM="false" isAnchor="false"><ele>188.2</ele></trkpt>
<trkpt lat="34.662112" lon="127.581032" sectionIndex="0" pointIndex="990" originalElevation="191.0" isOriginalElevationFromOSM="false" isAnchor="false"><ele>187.6</ele></trkpt>
<trkpt lat="34.662092" lon="127.580983" sectionIndex="0" pointIndex="991" originalElevation="191.0" isOriginalElevationFromOSM="false" isAnchor="false"><ele>187.0</ele></trkpt>
<trkpt lat="34.662072" lon="127.580934" sectionIndex="0" pointIndex="992" originalElevation="191.0" isOriginalElevationFromOSM="false" isAnchor="false"><ele>186.3</ele></trkpt>
<trkpt lat="34.662052" lon="127.580885" sectionIndex="0" pointIndex="993" originalElevation="191.0" isOriginalElevationFromOSM="false" isAnchor="false"><ele>185.5</ele></trkpt>
<trkpt lat="34.662049" lon="127.580877" sectionIndex="0" pointIndex="994" originalElevation="191.0" isOriginalElevationFromOSM="false" isAnchor="false"><ele>184.7</ele></trkpt>
<trkpt lat="34.662049" lon="127.580877" sectionIndex="0" pointIndex="995" originalElevation="191.0" isOriginalElevationFromOSM="false" isAnchor="false"><ele>183.9</ele></trkpt>
<trkpt lat="34.662040" lon="127.580824" sectionIndex="0" pointIndex="996" originalElevation="176.0" isOriginalElevationFromOSM="false" isAnchor="false"><ele>183.1</ele></trkpt>
<trkpt lat="34.662033" lon="127.580782" sectionIndex="0" pointIndex="997" originalElevation="176.0" isOriginalElevationFromOSM="false" isAnchor="false"><ele>182.3</ele></trkpt>
<trkpt lat="34.662033" lon="127.580782" sectionIndex="0" pointIndex="998" originalElevation="176.0" isOriginalElevationFromOSM="false" isAnchor="false"><ele>181.5</ele></trkpt>
<trkpt lat="34.662028" lon="127.580727" sectionIndex="0" pointIndex="999" originalElevation="176.0" isOriginalElevationFromOSM="false" isAnchor="false"><ele>180.7</ele></trkpt>
<trkpt lat="34.662023" lon="127.580673" sectionIndex="0" pointIndex="1000" originalElevation="176.0" isOriginalElevationFromOSM="false" isAnchor="false"><ele>180.0</ele></trkpt>
<trkpt lat="34.662022" lon="127.580667" sectionIndex="0" pointIndex="1001" originalElevation="176.0" isOriginalElevationFromOSM="false" isAnchor="false"><ele>179.3</ele></trkpt>
<trkpt lat="34.662022" lon="127.580667" sectionIndex="0" pointIndex="1002" originalElevation="176.0" isOriginalElevationFromOSM="false" isAnchor="false"><ele>178.7</ele></trkpt>
<trkpt lat="34.662010" lon="127.580614" sectionIndex="0" pointIndex="1003" originalElevation="176.0" isOriginalElevationFromOSM="false" isAnchor="false"><ele>178.1</ele></trkpt>
<trkpt lat="34.661997" lon="127.580562" sectionIndex="0" pointIndex="1004" originalElevation="176.0" isOriginalElevationFromOSM="false" isAnchor="false"><ele>177.6</ele></trkpt>
<trkpt lat="34.661990" lon="127.580532" sectionIndex="0" pointIndex="1005" originalElevation="176.0" isOriginalElevationFromOSM="false" isAnchor="false"><ele>177.1</ele></trkpt>
<trkpt lat="34.661990" lon="127.580532" sectionIndex="0" pointIndex="1006" originalElevation="176.0" isOriginalElevationFromOSM="false" isAnchor="false"><ele>176.6</ele></trkpt>
<trkpt lat="34.661954" lon="127.580499" sectionIndex="0" pointIndex="1007" originalElevation="176.0" isOriginalElevationFromOSM="false" isAnchor="false"><ele>176.2</ele></trkpt>
<trkpt lat="34.661919" lon="127.580465" sectionIndex="0" pointIndex="1008" originalElevation="176.0" isOriginalElevationFromOSM="false" isAnchor="false"><ele>175.8</ele></trkpt>
<trkpt lat="34.661907" lon="127.580455" sectionIndex="0" pointIndex="1009" originalElevation="176.0" isOriginalElevationFromOSM="false" isAnchor="false"><ele>175.5</ele></trkpt>
<trkpt lat="34.661907" lon="127.580455" sectionIndex="0" pointIndex="1010" originalElevation="176.0" isOriginalElevationFromOSM="false" isAnchor="false"><ele>175.1</ele></trkpt>
<trkpt lat="34.661871" lon="127.580422" sectionIndex="0" pointIndex="1011" originalElevation="176.0" isOriginalElevationFromOSM="false" isAnchor="false"><ele>174.7</ele></trkpt>
<trkpt lat="34.661835" lon="127.580389" sectionIndex="0" pointIndex="1012" originalElevation="176.0" isOriginalElevationFromOSM="false" isAnchor="false"><ele>174.5</ele></trkpt>
<trkpt lat="34.661813" lon="127.580368" sectionIndex="0" pointIndex="1013" originalElevation="176.0" isOriginalElevationFromOSM="false" isAnchor="false"><ele>174.1</ele></trkpt>
<trkpt lat="34.661813" lon="127.580368" sectionIndex="0" pointIndex="1014" originalElevation="176.0" isOriginalElevationFromOSM="false" isAnchor="false"><ele>173.8</ele></trkpt>
<trkpt lat="34.661768" lon="127.580365" sectionIndex="0" pointIndex="1015" originalElevation="176.0" isOriginalElevationFromOSM="false" isAnchor="false"><ele>173.5</ele></trkpt>
<trkpt lat="34.661723" lon="127.580362" sectionIndex="0" pointIndex="1016" originalElevation="176.0" isOriginalElevationFromOSM="false" isAnchor="false"><ele>173.1</ele></trkpt>
<trkpt lat="34.661678" lon="127.580359" sectionIndex="0" pointIndex="1017" originalElevation="176.0" isOriginalElevationFromOSM="false" isAnchor="false"><ele>172.7</ele></trkpt>
<trkpt lat="34.661633" lon="127.580356" sectionIndex="0" pointIndex="1018" originalElevation="169.0" isOriginalElevationFromOSM="false" isAnchor="false"><ele>172.3</ele></trkpt>
<trkpt lat="34.661632" lon="127.580356" sectionIndex="0" pointIndex="1019" originalElevation="169.0" isOriginalElevationFromOSM="false" isAnchor="false"><ele>171.9</ele></trkpt>
<trkpt lat="34.661632" lon="127.580356" sectionIndex="0" pointIndex="1020" originalElevation="169.0" isOriginalElevationFromOSM="false" isAnchor="false"><ele>171.5</ele></trkpt>
<trkpt lat="34.661587" lon="127.580366" sectionIndex="0" pointIndex="1021" originalElevation="169.0" isOriginalElevationFromOSM="false" isAnchor="false"><ele>171.2</ele></trkpt>
<trkpt lat="34.661546" lon="127.580376" sectionIndex="0" pointIndex="1022" originalElevation="169.0" isOriginalElevationFromOSM="false" isAnchor="false"><ele>171.0</ele></trkpt>
<trkpt lat="34.661546" lon="127.580376" sectionIndex="0" pointIndex="1023" originalElevation="169.0" isOriginalElevationFromOSM="false" isAnchor="false"><ele>170.9</ele></trkpt>
<trkpt lat="34.661565" lon="127.580425" sectionIndex="0" pointIndex="1024" originalElevation="169.0" isOriginalElevationFromOSM="false" isAnchor="false"><ele>170.9</ele></trkpt>
<trkpt lat="34.661584" lon="127.580475" sectionIndex="0" pointIndex="1025" originalElevation="169.0" isOriginalElevationFromOSM="false" isAnchor="false"><ele>171.0</ele></trkpt>
<trkpt lat="34.661604" lon="127.580524" sectionIndex="0" pointIndex="1026" originalElevation="169.0" isOriginalElevationFromOSM="false" isAnchor="false"><ele>171.1</ele></trkpt>
<trkpt lat="34.661623" lon="127.580573" sectionIndex="0" pointIndex="1027" originalElevation="169.0" isOriginalElevationFromOSM="false" isAnchor="false"><ele>171.4</ele></trkpt>
<trkpt lat="34.661630" lon="127.580593" sectionIndex="0" pointIndex="1028" originalElevation="169.0" isOriginalElevationFromOSM="false" isAnchor="false"><ele>171.8</ele></trkpt>
<trkpt lat="34.661630" lon="127.580593" sectionIndex="0" pointIndex="1029" originalElevation="169.0" isOriginalElevationFromOSM="false" isAnchor="false"><ele>172.4</ele></trkpt>
<trkpt lat="34.661643" lon="127.580646" sectionIndex="0" pointIndex="1030" originalElevation="169.0" isOriginalElevationFromOSM="false" isAnchor="false"><ele>173.0</ele></trkpt>
<trkpt lat="34.661651" lon="127.580681" sectionIndex="0" pointIndex="1031" originalElevation="169.0" isOriginalElevationFromOSM="false" isAnchor="false"><ele>173.8</ele></trkpt>
<trkpt lat="34.661651" lon="127.580681" sectionIndex="0" pointIndex="1032" originalElevation="169.0" isOriginalElevationFromOSM="false" isAnchor="false"><ele>174.6</ele></trkpt>
<trkpt lat="34.661648" lon="127.580735" sectionIndex="0" pointIndex="1033" originalElevation="169.0" isOriginalElevationFromOSM="false" isAnchor="false"><ele>175.6</ele></trkpt>
<trkpt lat="34.661645" lon="127.580765" sectionIndex="0" pointIndex="1034" originalElevation="169.0" isOriginalElevationFromOSM="false" isAnchor="false"><ele>176.6</ele></trkpt>
<trkpt lat="34.661645" lon="127.580765" sectionIndex="0" pointIndex="1035" originalElevation="169.0" isOriginalElevationFromOSM="false" isAnchor="false"><ele>177.8</ele></trkpt>
<trkpt lat="34.661626" lon="127.580815" sectionIndex="0" pointIndex="1036" originalElevation="169.0" isOriginalElevationFromOSM="false" isAnchor="false"><ele>178.9</ele></trkpt>
<trkpt lat="34.661618" lon="127.580836" sectionIndex="0" pointIndex="1037" originalElevation="190.0" isOriginalElevationFromOSM="false" isAnchor="false"><ele>180.1</ele></trkpt>
<trkpt lat="34.661618" lon="127.580836" sectionIndex="0" pointIndex="1038" originalElevation="190.0" isOriginalElevationFromOSM="false" isAnchor="false"><ele>181.2</ele></trkpt>
<trkpt lat="34.661574" lon="127.580849" sectionIndex="0" pointIndex="1039" originalElevation="190.0" isOriginalElevationFromOSM="false" isAnchor="false"><ele>182.4</ele></trkpt>
<trkpt lat="34.661531" lon="127.580861" sectionIndex="0" pointIndex="1040" originalElevation="190.0" isOriginalElevationFromOSM="false" isAnchor="false"><ele>183.4</ele></trkpt>
<trkpt lat="34.661489" lon="127.580873" sectionIndex="0" pointIndex="1041" originalElevation="190.0" isOriginalElevationFromOSM="false" isAnchor="false"><ele>184.4</ele></trkpt>
<trkpt lat="34.661489" lon="127.580873" sectionIndex="0" pointIndex="1042" originalElevation="190.0" isOriginalElevationFromOSM="false" isAnchor="false"><ele>185.4</ele></trkpt>
<trkpt lat="34.661445" lon="127.580883" sectionIndex="0" pointIndex="1043" originalElevation="190.0" isOriginalElevationFromOSM="false" isAnchor="false"><ele>186.2</ele></trkpt>
<trkpt lat="34.661401" lon="127.580894" sectionIndex="0" pointIndex="1044" originalElevation="190.0" isOriginalElevationFromOSM="false" isAnchor="false"><ele>187.0</ele></trkpt>
<trkpt lat="34.661357" lon="127.580904" sectionIndex="0" pointIndex="1045" originalElevation="190.0" isOriginalElevationFromOSM="false" isAnchor="false"><ele>187.6</ele></trkpt>
<trkpt lat="34.661313" lon="127.580914" sectionIndex="0" pointIndex="1046" originalElevation="190.0" isOriginalElevationFromOSM="false" isAnchor="false"><ele>188.2</ele></trkpt>
<trkpt lat="34.661272" lon="127.580923" sectionIndex="0" pointIndex="1047" originalElevation="190.0" isOriginalElevationFromOSM="false" isAnchor="false"><ele>188.7</ele></trkpt>
<trkpt lat="34.661272" lon="127.580923" sectionIndex="0" pointIndex="1048" originalElevation="190.0" isOriginalElevationFromOSM="false" isAnchor="false"><ele>189.1</ele></trkpt>
<trkpt lat="34.661229" lon="127.580939" sectionIndex="0" pointIndex="1049" originalElevation="190.0" isOriginalElevationFromOSM="false" isAnchor="false"><ele>189.4</ele></trkpt>
<trkpt lat="34.661186" lon="127.580955" sectionIndex="0" pointIndex="1050" originalElevation="190.0" isOriginalElevationFromOSM="false" isAnchor="false"><ele>189.6</ele></trkpt>
<trkpt lat="34.661143" lon="127.580971" sectionIndex="0" pointIndex="1051" originalElevation="190.0" isOriginalElevationFromOSM="false" isAnchor="false"><ele>189.8</ele></trkpt>
<trkpt lat="34.661100" lon="127.580987" sectionIndex="0" pointIndex="1052" originalElevation="190.0" isOriginalElevationFromOSM="false" isAnchor="false"><ele>190.0</ele></trkpt>
<trkpt lat="34.661056" lon="127.581002" sectionIndex="0" pointIndex="1053" originalElevation="190.0" isOriginalElevationFromOSM="false" isAnchor="false"><ele>190.0</ele></trkpt>
<trkpt lat="34.661053" lon="127.581004" sectionIndex="0" pointIndex="1054" originalElevation="190.0" isOriginalElevationFromOSM="false" isAnchor="false"><ele>190.0</ele></trkpt>
<trkpt lat="34.661053" lon="127.581004" sectionIndex="0" pointIndex="1055" originalElevation="190.0" isOriginalElevationFromOSM="false" isAnchor="false"><ele>190.0</ele></trkpt>
<trkpt lat="34.661018" lon="127.581038" sectionIndex="0" pointIndex="1056" originalElevation="190.0" isOriginalElevationFromOSM="false" isAnchor="false"><ele>190.0</ele></trkpt>
<trkpt lat="34.660983" lon="127.581073" sectionIndex="0" pointIndex="1057" originalElevation="190.0" isOriginalElevationFromOSM="false" isAnchor="false"><ele>190.0</ele></trkpt>
<trkpt lat="34.660948" lon="127.581107" sectionIndex="0" pointIndex="1058" originalElevation="190.0" isOriginalElevationFromOSM="false" isAnchor="false"><ele>190.0</ele></trkpt>
<trkpt lat="34.660913" lon="127.581142" sectionIndex="0" pointIndex="1059" originalElevation="190.0" isOriginalElevationFromOSM="false" isAnchor="false"><ele>190.0</ele></trkpt>
<trkpt lat="34.660910" lon="127.581145" sectionIndex="0" pointIndex="1060" originalElevation="190.0" isOriginalElevationFromOSM="false" isAnchor="false"><ele>190.0</ele></trkpt>
<trkpt lat="34.660910" lon="127.581145" sectionIndex="0" pointIndex="1061" originalElevation="190.0" isOriginalElevationFromOSM="false" isAnchor="false"><ele>190.0</ele></trkpt>
<trkpt lat="34.660923" lon="127.581197" sectionIndex="0" pointIndex="1062" originalElevation="190.0" isOriginalElevationFromOSM="false" isAnchor="false"><ele>190.0</ele></trkpt>
<trkpt lat="34.660923" lon="127.581197" sectionIndex="0" pointIndex="1063" originalElevation="190.0" isOriginalElevationFromOSM="false" isAnchor="false"><ele>190.0</ele></trkpt>
<trkpt lat="34.660965" lon="127.581217" sectionIndex="0" pointIndex="1064" originalElevation="190.0" isOriginalElevationFromOSM="false" isAnchor="false"><ele>190.0</ele></trkpt>
<trkpt lat="34.661007" lon="127.581238" sectionIndex="0" pointIndex="1065" originalElevation="190.0" isOriginalElevationFromOSM="false" isAnchor="false"><ele>190.2</ele></trkpt>
<trkpt lat="34.661048" lon="127.581258" sectionIndex="0" pointIndex="1066" originalElevation="190.0" isOriginalElevationFromOSM="false" isAnchor="false"><ele>190.4</ele></trkpt>
<trkpt lat="34.661074" lon="127.581271" sectionIndex="0" pointIndex="1067" originalElevation="190.0" isOriginalElevationFromOSM="false" isAnchor="false"><ele>190.7</ele></trkpt>
<trkpt lat="34.661074" lon="127.581271" sectionIndex="0" pointIndex="1068" originalElevation="190.0" isOriginalElevationFromOSM="false" isAnchor="false"><ele>191.1</ele></trkpt>
<trkpt lat="34.661112" lon="127.581301" sectionIndex="0" pointIndex="1069" originalElevation="190.0" isOriginalElevationFromOSM="false" isAnchor="false"><ele>191.6</ele></trkpt>
<trkpt lat="34.661149" lon="127.581331" sectionIndex="0" pointIndex="1070" originalElevation="190.0" isOriginalElevationFromOSM="false" isAnchor="false"><ele>192.2</ele></trkpt>
<trkpt lat="34.661187" lon="127.581361" sectionIndex="0" pointIndex="1071" originalElevation="190.0" isOriginalElevationFromOSM="false" isAnchor="false"><ele>192.8</ele></trkpt>
<trkpt lat="34.661188" lon="127.581362" sectionIndex="0" pointIndex="1072" originalElevation="190.0" isOriginalElevationFromOSM="false" isAnchor="false"><ele>193.6</ele></trkpt>
<trkpt lat="34.661188" lon="127.581362" sectionIndex="0" pointIndex="1073" originalElevation="190.0" isOriginalElevationFromOSM="false" isAnchor="false"><ele>194.5</ele></trkpt>
<trkpt lat="34.661215" lon="127.581406" sectionIndex="0" pointIndex="1074" originalElevation="190.0" isOriginalElevationFromOSM="false" isAnchor="false"><ele>195.5</ele></trkpt>
<trkpt lat="34.661241" lon="127.581451" sectionIndex="0" pointIndex="1075" originalElevation="190.0" isOriginalElevationFromOSM="false" isAnchor="false"><ele>196.6</ele></trkpt>
<trkpt lat="34.661267" lon="127.581495" sectionIndex="0" pointIndex="1076" originalElevation="190.0" isOriginalElevationFromOSM="false" isAnchor="false"><ele>197.8</ele></trkpt>
<trkpt lat="34.661293" lon="127.581540" sectionIndex="0" pointIndex="1077" originalElevation="190.0" isOriginalElevationFromOSM="false" isAnchor="false"><ele>199.1</ele></trkpt>
<trkpt lat="34.661319" lon="127.581584" sectionIndex="0" pointIndex="1078" originalElevation="190.0" isOriginalElevationFromOSM="false" isAnchor="false"><ele>200.4</ele></trkpt>
<trkpt lat="34.661345" lon="127.581629" sectionIndex="0" pointIndex="1079" originalElevation="190.0" isOriginalElevationFromOSM="false" isAnchor="false"><ele>201.8</ele></trkpt>
<trkpt lat="34.661372" lon="127.581673" sectionIndex="0" pointIndex="1080" originalElevation="215.0" isOriginalElevationFromOSM="false" isAnchor="false"><ele>203.2</ele></trkpt>
<trkpt lat="34.661398" lon="127.581718" sectionIndex="0" pointIndex="1081" originalElevation="215.0" isOriginalElevationFromOSM="false" isAnchor="false"><ele>204.6</ele></trkpt>
<trkpt lat="34.661424" lon="127.581762" sectionIndex="0" pointIndex="1082" originalElevation="215.0" isOriginalElevationFromOSM="false" isAnchor="false"><ele>205.9</ele></trkpt>
<trkpt lat="34.661450" lon="127.581807" sectionIndex="0" pointIndex="1083" originalElevation="215.0" isOriginalElevationFromOSM="false" isAnchor="false"><ele>207.2</ele></trkpt>
<trkpt lat="34.661466" lon="127.581833" sectionIndex="0" pointIndex="1084" originalElevation="215.0" isOriginalElevationFromOSM="false" isAnchor="false"><ele>208.6</ele></trkpt>
<trkpt lat="34.661466" lon="127.581833" sectionIndex="0" pointIndex="1085" originalElevation="215.0" isOriginalElevationFromOSM="false" isAnchor="false"><ele>209.9</ele></trkpt>
<trkpt lat="34.661482" lon="127.581884" sectionIndex="0" pointIndex="1086" originalElevation="215.0" isOriginalElevationFromOSM="false" isAnchor="false"><ele>211.3</ele></trkpt>
<trkpt lat="34.661498" lon="127.581935" sectionIndex="0" pointIndex="1087" originalElevation="215.0" isOriginalElevationFromOSM="false" isAnchor="false"><ele>212.6</ele></trkpt>
<trkpt lat="34.661514" lon="127.581986" sectionIndex="0" pointIndex="1088" originalElevation="215.0" isOriginalElevationFromOSM="false" isAnchor="false"><ele>213.9</ele></trkpt>
<trkpt lat="34.661530" lon="127.582037" sectionIndex="0" pointIndex="1089" originalElevation="215.0" isOriginalElevationFromOSM="false" isAnchor="false"><ele>215.2</ele></trkpt>
<trkpt lat="34.661543" lon="127.582079" sectionIndex="0" pointIndex="1090" originalElevation="215.0" isOriginalElevationFromOSM="false" isAnchor="false"><ele>216.5</ele></trkpt>
<trkpt lat="34.661543" lon="127.582079" sectionIndex="0" pointIndex="1091" originalElevation="215.0" isOriginalElevationFromOSM="false" isAnchor="false"><ele>217.8</ele></trkpt>
<trkpt lat="34.661549" lon="127.582133" sectionIndex="0" pointIndex="1092" originalElevation="215.0" isOriginalElevationFromOSM="false" isAnchor="false"><ele>219.1</ele></trkpt>
<trkpt lat="34.661554" lon="127.582188" sectionIndex="0" pointIndex="1093" originalElevation="215.0" isOriginalElevationFromOSM="false" isAnchor="false"><ele>220.4</ele></trkpt>
<trkpt lat="34.661560" lon="127.582242" sectionIndex="0" pointIndex="1094" originalElevation="215.0" isOriginalElevationFromOSM="false" isAnchor="false"><ele>221.8</ele></trkpt>
<trkpt lat="34.661565" lon="127.582296" sectionIndex="0" pointIndex="1095" originalElevation="215.0" isOriginalElevationFromOSM="false" isAnchor="false"><ele>223.1</ele></trkpt>
<trkpt lat="34.661570" lon="127.582350" sectionIndex="0" pointIndex="1096" originalElevation="215.0" isOriginalElevationFromOSM="false" isAnchor="false"><ele>224.3</ele></trkpt>
<trkpt lat="34.661576" lon="127.582405" sectionIndex="0" pointIndex="1097" originalElevation="215.0" isOriginalElevationFromOSM="false" isAnchor="false"><ele>225.6</ele></trkpt>
<trkpt lat="34.661581" lon="127.582459" sectionIndex="0" pointIndex="1098" originalElevation="215.0" isOriginalElevationFromOSM="false" isAnchor="false"><ele>226.8</ele></trkpt>
<trkpt lat="34.661587" lon="127.582513" sectionIndex="0" pointIndex="1099" originalElevation="242.0" isOriginalElevationFromOSM="false" isAnchor="false"><ele>228.0</ele></trkpt>
<trkpt lat="34.661589" lon="127.582532" sectionIndex="0" pointIndex="1100" originalElevation="242.0" isOriginalElevationFromOSM="false" isAnchor="false"><ele>229.1</ele></trkpt>
<trkpt lat="34.661589" lon="127.582532" sectionIndex="0" pointIndex="1101" originalElevation="242.0" isOriginalElevationFromOSM="false" isAnchor="false"><ele>230.2</ele></trkpt>
<trkpt lat="34.661594" lon="127.582586" sectionIndex="0" pointIndex="1102" originalElevation="242.0" isOriginalElevationFromOSM="false" isAnchor="false"><ele>231.1</ele></trkpt>
<trkpt lat="34.661600" lon="127.582641" sectionIndex="0" pointIndex="1103" originalElevation="242.0" isOriginalElevationFromOSM="false" isAnchor="false"><ele>231.9</ele></trkpt>
<trkpt lat="34.661601" lon="127.582652" sectionIndex="0" pointIndex="1104" originalElevation="242.0" isOriginalElevationFromOSM="false" isAnchor="false"><ele>232.6</ele></trkpt>
<trkpt lat="34.661601" lon="127.582652" sectionIndex="0" pointIndex="1105" originalElevation="242.0" isOriginalElevationFromOSM="false" isAnchor="false"><ele>233.1</ele></trkpt>
<trkpt lat="34.661631" lon="127.582693" sectionIndex="0" pointIndex="1106" originalElevation="242.0" isOriginalElevationFromOSM="false" isAnchor="false"><ele>233.5</ele></trkpt>
<trkpt lat="34.661661" lon="127.582734" sectionIndex="0" pointIndex="1107" originalElevation="242.0" isOriginalElevationFromOSM="false" isAnchor="false"><ele>233.7</ele></trkpt>
<trkpt lat="34.661691" lon="127.582775" sectionIndex="0" pointIndex="1108" originalElevation="231.0" isOriginalElevationFromOSM="false" isAnchor="false"><ele>233.9</ele></trkpt>
<trkpt lat="34.661721" lon="127.582815" sectionIndex="0" pointIndex="1109" originalElevation="231.0" isOriginalElevationFromOSM="false" isAnchor="false"><ele>233.9</ele></trkpt>
<trkpt lat="34.661751" lon="127.582856" sectionIndex="0" pointIndex="1110" originalElevation="231.0" isOriginalElevationFromOSM="false" isAnchor="false"><ele>233.8</ele></trkpt>
<trkpt lat="34.661781" lon="127.582896" sectionIndex="0" pointIndex="1111" originalElevation="231.0" isOriginalElevationFromOSM="false" isAnchor="false"><ele>233.6</ele></trkpt>
<trkpt lat="34.661781" lon="127.582896" sectionIndex="0" pointIndex="1112" originalElevation="231.0" isOriginalElevationFromOSM="false" isAnchor="false"><ele>233.5</ele></trkpt>
<trkpt lat="34.661821" lon="127.582919" sectionIndex="0" pointIndex="1113" originalElevation="231.0" isOriginalElevationFromOSM="false" isAnchor="false"><ele>233.2</ele></trkpt>
<trkpt lat="34.661862" lon="127.582942" sectionIndex="0" pointIndex="1114" originalElevation="231.0" isOriginalElevationFromOSM="false" isAnchor="false"><ele>233.0</ele></trkpt>
<trkpt lat="34.661903" lon="127.582965" sectionIndex="0" pointIndex="1115" originalElevation="231.0" isOriginalElevationFromOSM="false" isAnchor="false"><ele>232.6</ele></trkpt>
<trkpt lat="34.661942" lon="127.582987" sectionIndex="0" pointIndex="1116" originalElevation="231.0" isOriginalElevationFromOSM="false" isAnchor="false"><ele>232.2</ele></trkpt>
<trkpt lat="34.661942" lon="127.582987" sectionIndex="0" pointIndex="1117" originalElevation="231.0" isOriginalElevationFromOSM="false" isAnchor="false"><ele>232.0</ele></trkpt>
<trkpt lat="34.661982" lon="127.583014" sectionIndex="0" pointIndex="1118" originalElevation="231.0" isOriginalElevationFromOSM="false" isAnchor="false"><ele>231.7</ele></trkpt>
<trkpt lat="34.662021" lon="127.583041" sectionIndex="0" pointIndex="1119" originalElevation="231.0" isOriginalElevationFromOSM="false" isAnchor="false"><ele>231.5</ele></trkpt>
<trkpt lat="34.662055" lon="127.583064" sectionIndex="0" pointIndex="1120" originalElevation="231.0" isOriginalElevationFromOSM="false" isAnchor="false"><ele>231.3</ele></trkpt>
<trkpt lat="34.662055" lon="127.583064" sectionIndex="0" pointIndex="1121" originalElevation="231.0" isOriginalElevationFromOSM="false" isAnchor="false"><ele>231.1</ele></trkpt>
<trkpt lat="34.662096" lon="127.583086" sectionIndex="0" pointIndex="1122" originalElevation="231.0" isOriginalElevationFromOSM="false" isAnchor="false"><ele>231.0</ele></trkpt>
<trkpt lat="34.662138" lon="127.583107" sectionIndex="0" pointIndex="1123" originalElevation="231.0" isOriginalElevationFromOSM="false" isAnchor="false"><ele>230.8</ele></trkpt>
<trkpt lat="34.662179" lon="127.583128" sectionIndex="0" pointIndex="1124" originalElevation="231.0" isOriginalElevationFromOSM="false" isAnchor="false"><ele>230.7</ele></trkpt>
<trkpt lat="34.662221" lon="127.583149" sectionIndex="0" pointIndex="1125" originalElevation="231.0" isOriginalElevationFromOSM="false" isAnchor="false"><ele>230.7</ele></trkpt>
<trkpt lat="34.662255" lon="127.583167" sectionIndex="0" pointIndex="1126" originalElevation="231.0" isOriginalElevationFromOSM="false" isAnchor="false"><ele>230.5</ele></trkpt>
<trkpt lat="34.662255" lon="127.583167" sectionIndex="0" pointIndex="1127" originalElevation="231.0" isOriginalElevationFromOSM="false" isAnchor="false"><ele>230.4</ele></trkpt>
<trkpt lat="34.662300" lon="127.583171" sectionIndex="0" pointIndex="1128" originalElevation="231.0" isOriginalElevationFromOSM="false" isAnchor="false"><ele>230.5</ele></trkpt>
<trkpt lat="34.662344" lon="127.583175" sectionIndex="0" pointIndex="1129" originalElevation="231.0" isOriginalElevationFromOSM="false" isAnchor="false"><ele>230.6</ele></trkpt>
<trkpt lat="34.662389" lon="127.583179" sectionIndex="0" pointIndex="1130" originalElevation="231.0" isOriginalElevationFromOSM="false" isAnchor="false"><ele>230.7</ele></trkpt>
<trkpt lat="34.662434" lon="127.583183" sectionIndex="0" pointIndex="1131" originalElevation="231.0" isOriginalElevationFromOSM="false" isAnchor="false"><ele>230.9</ele></trkpt>
<trkpt lat="34.662449" lon="127.583185" sectionIndex="0" pointIndex="1132" originalElevation="231.0" isOriginalElevationFromOSM="false" isAnchor="false"><ele>231.2</ele></trkpt>
<trkpt lat="34.662449" lon="127.583185" sectionIndex="0" pointIndex="1133" originalElevation="231.0" isOriginalElevationFromOSM="false" isAnchor="false"><ele>231.6</ele></trkpt>
<trkpt lat="34.662492" lon="127.583197" sectionIndex="0" pointIndex="1134" originalElevation="231.0" isOriginalElevationFromOSM="false" isAnchor="false"><ele>232.1</ele></trkpt>
<trkpt lat="34.662536" lon="127.583209" sectionIndex="0" pointIndex="1135" originalElevation="227.0" isOriginalElevationFromOSM="false" isAnchor="false"><ele>232.7</ele></trkpt>
<trkpt lat="34.662580" lon="127.583222" sectionIndex="0" pointIndex="1136" originalElevation="227.0" isOriginalElevationFromOSM="false" isAnchor="false"><ele>233.4</ele></trkpt>
<trkpt lat="34.662615" lon="127.583232" sectionIndex="0" pointIndex="1137" originalElevation="227.0" isOriginalElevationFromOSM="false" isAnchor="false"><ele>234.2</ele></trkpt>
<trkpt lat="34.662615" lon="127.583232" sectionIndex="0" pointIndex="1138" originalElevation="227.0" isOriginalElevationFromOSM="false" isAnchor="false"><ele>235.1</ele></trkpt>
<trkpt lat="34.662651" lon="127.583265" sectionIndex="0" pointIndex="1139" originalElevation="227.0" isOriginalElevationFromOSM="false" isAnchor="false"><ele>236.2</ele></trkpt>
<trkpt lat="34.662667" lon="127.583279" sectionIndex="0" pointIndex="1140" originalElevation="227.0" isOriginalElevationFromOSM="false" isAnchor="false"><ele>237.3</ele></trkpt>
<trkpt lat="34.662667" lon="127.583279" sectionIndex="0" pointIndex="1141" originalElevation="227.0" isOriginalElevationFromOSM="false" isAnchor="false"><ele>238.6</ele></trkpt>
<trkpt lat="34.662695" lon="127.583321" sectionIndex="0" pointIndex="1142" originalElevation="227.0" isOriginalElevationFromOSM="false" isAnchor="false"><ele>239.9</ele></trkpt>
<trkpt lat="34.662724" lon="127.583363" sectionIndex="0" pointIndex="1143" originalElevation="253.0" isOriginalElevationFromOSM="false" isAnchor="false"><ele>241.2</ele></trkpt>
<trkpt lat="34.662749" lon="127.583399" sectionIndex="0" pointIndex="1144" originalElevation="253.0" isOriginalElevationFromOSM="false" isAnchor="false"><ele>242.5</ele></trkpt>
<trkpt lat="34.662749" lon="127.583399" sectionIndex="0" pointIndex="1145" originalElevation="253.0" isOriginalElevationFromOSM="false" isAnchor="false"><ele>243.8</ele></trkpt>
<trkpt lat="34.662781" lon="127.583438" sectionIndex="0" pointIndex="1146" originalElevation="253.0" isOriginalElevationFromOSM="false" isAnchor="false"><ele>245.0</ele></trkpt>
<trkpt lat="34.662812" lon="127.583478" sectionIndex="0" pointIndex="1147" originalElevation="253.0" isOriginalElevationFromOSM="false" isAnchor="false"><ele>246.2</ele></trkpt>
<trkpt lat="34.662844" lon="127.583517" sectionIndex="0" pointIndex="1148" originalElevation="253.0" isOriginalElevationFromOSM="false" isAnchor="false"><ele>247.3</ele></trkpt>
<trkpt lat="34.662875" lon="127.583556" sectionIndex="0" pointIndex="1149" originalElevation="253.0" isOriginalElevationFromOSM="false" isAnchor="false"><ele>248.3</ele></trkpt>
<trkpt lat="34.662906" lon="127.583595" sectionIndex="0" pointIndex="1150" originalElevation="253.0" isOriginalElevationFromOSM="false" isAnchor="false"><ele>249.2</ele></trkpt>
<trkpt lat="34.662938" lon="127.583634" sectionIndex="0" pointIndex="1151" originalElevation="253.0" isOriginalElevationFromOSM="false" isAnchor="false"><ele>250.1</ele></trkpt>
<trkpt lat="34.662969" lon="127.583673" sectionIndex="0" pointIndex="1152" originalElevation="253.0" isOriginalElevationFromOSM="false" isAnchor="false"><ele>250.7</ele></trkpt>
<trkpt lat="34.662996" lon="127.583707" sectionIndex="0" pointIndex="1153" originalElevation="253.0" isOriginalElevationFromOSM="false" isAnchor="false"><ele>251.2</ele></trkpt>
<trkpt lat="34.662996" lon="127.583707" sectionIndex="0" pointIndex="1154" originalElevation="253.0" isOriginalElevationFromOSM="false" isAnchor="false"><ele>251.7</ele></trkpt>
<trkpt lat="34.663023" lon="127.583751" sectionIndex="0" pointIndex="1155" originalElevation="253.0" isOriginalElevationFromOSM="false" isAnchor="false"><ele>252.2</ele></trkpt>
<trkpt lat="34.663049" lon="127.583794" sectionIndex="0" pointIndex="1156" originalElevation="253.0" isOriginalElevationFromOSM="false" isAnchor="false"><ele>252.6</ele></trkpt>
<trkpt lat="34.663076" lon="127.583838" sectionIndex="0" pointIndex="1157" originalElevation="253.0" isOriginalElevationFromOSM="false" isAnchor="false"><ele>253.0</ele></trkpt>
<trkpt lat="34.663103" lon="127.583882" sectionIndex="0" pointIndex="1158" originalElevation="253.0" isOriginalElevationFromOSM="false" isAnchor="false"><ele>253.3</ele></trkpt>
<trkpt lat="34.663130" lon="127.583926" sectionIndex="0" pointIndex="1159" originalElevation="253.0" isOriginalElevationFromOSM="false" isAnchor="false"><ele>253.5</ele></trkpt>
<trkpt lat="34.663156" lon="127.583970" sectionIndex="0" pointIndex="1160" originalElevation="253.0" isOriginalElevationFromOSM="false" isAnchor="false"><ele>253.8</ele></trkpt>
<trkpt lat="34.663159" lon="127.583975" sectionIndex="0" pointIndex="1161" originalElevation="253.0" isOriginalElevationFromOSM="false" isAnchor="false"><ele>254.1</ele></trkpt>
<trkpt lat="34.663159" lon="127.583975" sectionIndex="0" pointIndex="1162" originalElevation="253.0" isOriginalElevationFromOSM="false" isAnchor="false"><ele>254.4</ele></trkpt>
<trkpt lat="34.663197" lon="127.584004" sectionIndex="0" pointIndex="1163" originalElevation="253.0" isOriginalElevationFromOSM="false" isAnchor="false"><ele>254.8</ele></trkpt>
<trkpt lat="34.663235" lon="127.584034" sectionIndex="0" pointIndex="1164" originalElevation="253.0" isOriginalElevationFromOSM="false" isAnchor="false"><ele>255.3</ele></trkpt>
<trkpt lat="34.663273" lon="127.584063" sectionIndex="0" pointIndex="1165" originalElevation="253.0" isOriginalElevationFromOSM="false" isAnchor="false"><ele>255.8</ele></trkpt>
<trkpt lat="34.663311" lon="127.584092" sectionIndex="0" pointIndex="1166" originalElevation="253.0" isOriginalElevationFromOSM="false" isAnchor="false"><ele>256.4</ele></trkpt>
<trkpt lat="34.663349" lon="127.584122" sectionIndex="0" pointIndex="1167" originalElevation="244.0" isOriginalElevationFromOSM="false" isAnchor="false"><ele>257.0</ele></trkpt>
<trkpt lat="34.663387" lon="127.584151" sectionIndex="0" pointIndex="1168" originalElevation="244.0" isOriginalElevationFromOSM="false" isAnchor="false"><ele>257.7</ele></trkpt>
<trkpt lat="34.663425" lon="127.584181" sectionIndex="0" pointIndex="1169" originalElevation="265.0" isOriginalElevationFromOSM="false" isAnchor="false"><ele>258.4</ele></trkpt>
<trkpt lat="34.663463" lon="127.584210" sectionIndex="0" pointIndex="1170" originalElevation="265.0" isOriginalElevationFromOSM="false" isAnchor="false"><ele>259.0</ele></trkpt>
<trkpt lat="34.663482" lon="127.584225" sectionIndex="0" pointIndex="1171" originalElevation="265.0" isOriginalElevationFromOSM="false" isAnchor="false"><ele>259.7</ele></trkpt>
<trkpt lat="34.663482" lon="127.584225" sectionIndex="0" pointIndex="1172" originalElevation="265.0" isOriginalElevationFromOSM="false" isAnchor="false"><ele>260.4</ele></trkpt>
<trkpt lat="34.663502" lon="127.584274" sectionIndex="0" pointIndex="1173" originalElevation="265.0" isOriginalElevationFromOSM="false" isAnchor="false"><ele>261.1</ele></trkpt>
<trkpt lat="34.663522" lon="127.584324" sectionIndex="0" pointIndex="1174" originalElevation="265.0" isOriginalElevationFromOSM="false" isAnchor="false"><ele>261.7</ele></trkpt>
<trkpt lat="34.663542" lon="127.584373" sectionIndex="0" pointIndex="1175" originalElevation="265.0" isOriginalElevationFromOSM="false" isAnchor="false"><ele>262.2</ele></trkpt>
<trkpt lat="34.663562" lon="127.584422" sectionIndex="0" pointIndex="1176" originalElevation="265.0" isOriginalElevationFromOSM="false" isAnchor="false"><ele>262.7</ele></trkpt>
<trkpt lat="34.663582" lon="127.584471" sectionIndex="0" pointIndex="1177" originalElevation="265.0" isOriginalElevationFromOSM="false" isAnchor="false"><ele>263.2</ele></trkpt>
<trkpt lat="34.663602" lon="127.584520" sectionIndex="0" pointIndex="1178" originalElevation="265.0" isOriginalElevationFromOSM="false" isAnchor="false"><ele>263.6</ele></trkpt>
<trkpt lat="34.663621" lon="127.584569" sectionIndex="0" pointIndex="1179" originalElevation="265.0" isOriginalElevationFromOSM="false" isAnchor="false"><ele>264.0</ele></trkpt>
<trkpt lat="34.663641" lon="127.584618" sectionIndex="0" pointIndex="1180" originalElevation="265.0" isOriginalElevationFromOSM="false" isAnchor="false"><ele>264.5</ele></trkpt>
<trkpt lat="34.663654" lon="127.584649" sectionIndex="0" pointIndex="1181" originalElevation="265.0" isOriginalElevationFromOSM="false" isAnchor="false"><ele>264.9</ele></trkpt>
<trkpt lat="34.663654" lon="127.584649" sectionIndex="0" pointIndex="1182" originalElevation="265.0" isOriginalElevationFromOSM="false" isAnchor="false"><ele>265.3</ele></trkpt>
<trkpt lat="34.663682" lon="127.584692" sectionIndex="0" pointIndex="1183" originalElevation="265.0" isOriginalElevationFromOSM="false" isAnchor="false"><ele>265.8</ele></trkpt>
<trkpt lat="34.663711" lon="127.584734" sectionIndex="0" pointIndex="1184" originalElevation="265.0" isOriginalElevationFromOSM="false" isAnchor="false"><ele>266.3</ele></trkpt>
<trkpt lat="34.663719" lon="127.584745" sectionIndex="0" pointIndex="1185" originalElevation="265.0" isOriginalElevationFromOSM="false" isAnchor="false"><ele>266.7</ele></trkpt>
<trkpt lat="34.663719" lon="127.584745" sectionIndex="0" pointIndex="1186" originalElevation="265.0" isOriginalElevationFromOSM="false" isAnchor="false"><ele>267.2</ele></trkpt>
<trkpt lat="34.663746" lon="127.584789" sectionIndex="0" pointIndex="1187" originalElevation="265.0" isOriginalElevationFromOSM="false" isAnchor="false"><ele>267.7</ele></trkpt>
<trkpt lat="34.663774" lon="127.584832" sectionIndex="0" pointIndex="1188" originalElevation="265.0" isOriginalElevationFromOSM="false" isAnchor="false"><ele>268.3</ele></trkpt>
<trkpt lat="34.663801" lon="127.584875" sectionIndex="0" pointIndex="1189" originalElevation="265.0" isOriginalElevationFromOSM="false" isAnchor="false"><ele>269.0</ele></trkpt>
<trkpt lat="34.663829" lon="127.584919" sectionIndex="0" pointIndex="1190" originalElevation="265.0" isOriginalElevationFromOSM="false" isAnchor="false"><ele>269.7</ele></trkpt>
<trkpt lat="34.663851" lon="127.584954" sectionIndex="0" pointIndex="1191" originalElevation="265.0" isOriginalElevationFromOSM="false" isAnchor="false"><ele>270.5</ele></trkpt>
<trkpt lat="34.663851" lon="127.584954" sectionIndex="0" pointIndex="1192" originalElevation="265.0" isOriginalElevationFromOSM="false" isAnchor="false"><ele>271.3</ele></trkpt>
<trkpt lat="34.663875" lon="127.585000" sectionIndex="0" pointIndex="1193" originalElevation="265.0" isOriginalElevationFromOSM="false" isAnchor="false"><ele>272.1</ele></trkpt>
<trkpt lat="34.663898" lon="127.585046" sectionIndex="0" pointIndex="1194" originalElevation="280.0" isOriginalElevationFromOSM="false" isAnchor="false"><ele>272.9</ele></trkpt>
<trkpt lat="34.663922" lon="127.585093" sectionIndex="0" pointIndex="1195" originalElevation="280.0" isOriginalElevationFromOSM="false" isAnchor="false"><ele>273.7</ele></trkpt>
<trkpt lat="34.663933" lon="127.585115" sectionIndex="0" pointIndex="1196" originalElevation="280.0" isOriginalElevationFromOSM="false" isAnchor="false"><ele>274.5</ele></trkpt>
<trkpt lat="34.663933" lon="127.585115" sectionIndex="0" pointIndex="1197" originalElevation="280.0" isOriginalElevationFromOSM="false" isAnchor="false"><ele>275.3</ele></trkpt>
<trkpt lat="34.663946" lon="127.585168" sectionIndex="0" pointIndex="1198" originalElevation="280.0" isOriginalElevationFromOSM="false" isAnchor="false"><ele>276.0</ele></trkpt>
<trkpt lat="34.663958" lon="127.585220" sectionIndex="0" pointIndex="1199" originalElevation="280.0" isOriginalElevationFromOSM="false" isAnchor="false"><ele>276.7</ele></trkpt>
<trkpt lat="34.663960" lon="127.585230" sectionIndex="0" pointIndex="1200" originalElevation="280.0" isOriginalElevationFromOSM="false" isAnchor="false"><ele>277.3</ele></trkpt>
<trkpt lat="34.663960" lon="127.585230" sectionIndex="0" pointIndex="1201" originalElevation="280.0" isOriginalElevationFromOSM="false" isAnchor="false"><ele>277.8</ele></trkpt>
<trkpt lat="34.663951" lon="127.585283" sectionIndex="0" pointIndex="1202" originalElevation="280.0" isOriginalElevationFromOSM="false" isAnchor="false"><ele>278.3</ele></trkpt>
<trkpt lat="34.663942" lon="127.585337" sectionIndex="0" pointIndex="1203" originalElevation="280.0" isOriginalElevationFromOSM="false" isAnchor="false"><ele>278.7</ele></trkpt>
<trkpt lat="34.663939" lon="127.585358" sectionIndex="0" pointIndex="1204" originalElevation="280.0" isOriginalElevationFromOSM="false" isAnchor="false"><ele>279.0</ele></trkpt>
<trkpt lat="34.663939" lon="127.585358" sectionIndex="0" pointIndex="1205" originalElevation="280.0" isOriginalElevationFromOSM="false" isAnchor="false"><ele>279.3</ele></trkpt>
<trkpt lat="34.663910" lon="127.585399" sectionIndex="0" pointIndex="1206" originalElevation="280.0" isOriginalElevationFromOSM="false" isAnchor="false"><ele>279.6</ele></trkpt>
<trkpt lat="34.663881" lon="127.585441" sectionIndex="0" pointIndex="1207" originalElevation="280.0" isOriginalElevationFromOSM="false" isAnchor="false"><ele>279.7</ele></trkpt>
<trkpt lat="34.663869" lon="127.585458" sectionIndex="0" pointIndex="1208" originalElevation="280.0" isOriginalElevationFromOSM="false" isAnchor="false"><ele>279.9</ele></trkpt>
<trkpt lat="34.663869" lon="127.585458" sectionIndex="0" pointIndex="1209" originalElevation="280.0" isOriginalElevationFromOSM="false" isAnchor="false"><ele>280.0</ele></trkpt>
<trkpt lat="34.663829" lon="127.585484" sectionIndex="0" pointIndex="1210" originalElevation="280.0" isOriginalElevationFromOSM="false" isAnchor="false"><ele>280.0</ele></trkpt>
<trkpt lat="34.663789" lon="127.585510" sectionIndex="0" pointIndex="1211" originalElevation="280.0" isOriginalElevationFromOSM="false" isAnchor="false"><ele>279.9</ele></trkpt>
<trkpt lat="34.663750" lon="127.585535" sectionIndex="0" pointIndex="1212" originalElevation="280.0" isOriginalElevationFromOSM="false" isAnchor="false"><ele>279.8</ele></trkpt>
<trkpt lat="34.663710" lon="127.585561" sectionIndex="0" pointIndex="1213" originalElevation="280.0" isOriginalElevationFromOSM="false" isAnchor="false"><ele>279.6</ele></trkpt>
<trkpt lat="34.663670" lon="127.585587" sectionIndex="0" pointIndex="1214" originalElevation="280.0" isOriginalElevationFromOSM="false" isAnchor="false"><ele>279.5</ele></trkpt>
<trkpt lat="34.663630" lon="127.585612" sectionIndex="0" pointIndex="1215" originalElevation="280.0" isOriginalElevationFromOSM="false" isAnchor="false"><ele>279.2</ele></trkpt>
<trkpt lat="34.663627" lon="127.585615" sectionIndex="0" pointIndex="1216" originalElevation="280.0" isOriginalElevationFromOSM="false" isAnchor="false"><ele>279.0</ele></trkpt>
<trkpt lat="34.663627" lon="127.585615" sectionIndex="0" pointIndex="1217" originalElevation="280.0" isOriginalElevationFromOSM="false" isAnchor="false"><ele>278.6</ele></trkpt>
<trkpt lat="34.663583" lon="127.585625" sectionIndex="0" pointIndex="1218" originalElevation="280.0" isOriginalElevationFromOSM="false" isAnchor="false"><ele>278.3</ele></trkpt>
<trkpt lat="34.663538" lon="127.585635" sectionIndex="0" pointIndex="1219" originalElevation="280.0" isOriginalElevationFromOSM="false" isAnchor="false"><ele>277.8</ele></trkpt>
<trkpt lat="34.663494" lon="127.585646" sectionIndex="0" pointIndex="1220" originalElevation="280.0" isOriginalElevationFromOSM="false" isAnchor="false"><ele>277.4</ele></trkpt>
<trkpt lat="34.663450" lon="127.585656" sectionIndex="0" pointIndex="1221" originalElevation="280.0" isOriginalElevationFromOSM="false" isAnchor="false"><ele>276.8</ele></trkpt>
<trkpt lat="34.663406" lon="127.585667" sectionIndex="0" pointIndex="1222" originalElevation="280.0" isOriginalElevationFromOSM="false" isAnchor="false"><ele>276.2</ele></trkpt>
<trkpt lat="34.663390" lon="127.585670" sectionIndex="0" pointIndex="1223" originalElevation="280.0" isOriginalElevationFromOSM="false" isAnchor="false"><ele>275.6</ele></trkpt>
<trkpt lat="34.663390" lon="127.585670" sectionIndex="0" pointIndex="1224" originalElevation="280.0" isOriginalElevationFromOSM="false" isAnchor="false"><ele>275.0</ele></trkpt>
<trkpt lat="34.663345" lon="127.585678" sectionIndex="0" pointIndex="1225" originalElevation="280.0" isOriginalElevationFromOSM="false" isAnchor="false"><ele>274.3</ele></trkpt>
<trkpt lat="34.663301" lon="127.585685" sectionIndex="0" pointIndex="1226" originalElevation="268.0" isOriginalElevationFromOSM="false" isAnchor="false"><ele>273.7</ele></trkpt>
<trkpt lat="34.663256" lon="127.585693" sectionIndex="0" pointIndex="1227" originalElevation="268.0" isOriginalElevationFromOSM="false" isAnchor="false"><ele>273.0</ele></trkpt>
<trkpt lat="34.663212" lon="127.585701" sectionIndex="0" pointIndex="1228" originalElevation="268.0" isOriginalElevationFromOSM="false" isAnchor="false"><ele>272.4</ele></trkpt>
<trkpt lat="34.663167" lon="127.585708" sectionIndex="0" pointIndex="1229" originalElevation="268.0" isOriginalElevationFromOSM="false" isAnchor="false"><ele>271.8</ele></trkpt>
<trkpt lat="34.663123" lon="127.585716" sectionIndex="0" pointIndex="1230" originalElevation="268.0" isOriginalElevationFromOSM="false" isAnchor="false"><ele>271.2</ele></trkpt>
<trkpt lat="34.663112" lon="127.585717" sectionIndex="0" pointIndex="1231" originalElevation="268.0" isOriginalElevationFromOSM="false" isAnchor="false"><ele>270.6</ele></trkpt>
<trkpt lat="34.663112" lon="127.585717" sectionIndex="0" pointIndex="1232" originalElevation="268.0" isOriginalElevationFromOSM="false" isAnchor="false"><ele>270.2</ele></trkpt>
<trkpt lat="34.663068" lon="127.585715" sectionIndex="0" pointIndex="1233" originalElevation="268.0" isOriginalElevationFromOSM="false" isAnchor="false"><ele>269.7</ele></trkpt>
<trkpt lat="34.663023" lon="127.585712" sectionIndex="0" pointIndex="1234" originalElevation="268.0" isOriginalElevationFromOSM="false" isAnchor="false"><ele>269.4</ele></trkpt>
<trkpt lat="34.662978" lon="127.585709" sectionIndex="0" pointIndex="1235" originalElevation="268.0" isOriginalElevationFromOSM="false" isAnchor="false"><ele>269.0</ele></trkpt>
<trkpt lat="34.662966" lon="127.585708" sectionIndex="0" pointIndex="1236" originalElevation="268.0" isOriginalElevationFromOSM="false" isAnchor="false"><ele>268.8</ele></trkpt>
<trkpt lat="34.662966" lon="127.585708" sectionIndex="0" pointIndex="1237" originalElevation="268.0" isOriginalElevationFromOSM="false" isAnchor="false"><ele>268.5</ele></trkpt>
<trkpt lat="34.662929" lon="127.585677" sectionIndex="0" pointIndex="1238" originalElevation="268.0" isOriginalElevationFromOSM="false" isAnchor="false"><ele>268.4</ele></trkpt>
<trkpt lat="34.662892" lon="127.585645" sectionIndex="0" pointIndex="1239" originalElevation="268.0" isOriginalElevationFromOSM="false" isAnchor="false"><ele>268.2</ele></trkpt>
<trkpt lat="34.662889" lon="127.585642" sectionIndex="0" pointIndex="1240" originalElevation="268.0" isOriginalElevationFromOSM="false" isAnchor="false"><ele>268.1</ele></trkpt>
<trkpt lat="34.662889" lon="127.585642" sectionIndex="0" pointIndex="1241" originalElevation="268.0" isOriginalElevationFromOSM="false" isAnchor="false"><ele>268.0</ele></trkpt>
<trkpt lat="34.662857" lon="127.585603" sectionIndex="0" pointIndex="1242" originalElevation="268.0" isOriginalElevationFromOSM="false" isAnchor="false"><ele>268.0</ele></trkpt>
<trkpt lat="34.662826" lon="127.585563" sectionIndex="0" pointIndex="1243" originalElevation="268.0" isOriginalElevationFromOSM="false" isAnchor="false"><ele>268.0</ele></trkpt>
<trkpt lat="34.662825" lon="127.585561" sectionIndex="0" pointIndex="1244" originalElevation="268.0" isOriginalElevationFromOSM="false" isAnchor="false"><ele>267.9</ele></trkpt>
<trkpt lat="34.662825" lon="127.585561" sectionIndex="0" pointIndex="1245" originalElevation="268.0" isOriginalElevationFromOSM="false" isAnchor="false"><ele>267.7</ele></trkpt>
<trkpt lat="34.662802" lon="127.585514" sectionIndex="0" pointIndex="1246" originalElevation="268.0" isOriginalElevationFromOSM="false" isAnchor="false"><ele>267.5</ele></trkpt>
<trkpt lat="34.662780" lon="127.585466" sectionIndex="0" pointIndex="1247" originalElevation="268.0" isOriginalElevationFromOSM="false" isAnchor="false"><ele>267.2</ele></trkpt>
<trkpt lat="34.662758" lon="127.585419" sectionIndex="0" pointIndex="1248" originalElevation="268.0" isOriginalElevationFromOSM="false" isAnchor="false"><ele>266.9</ele></trkpt>
<trkpt lat="34.662737" lon="127.585374" sectionIndex="0" pointIndex="1249" originalElevation="268.0" isOriginalElevationFromOSM="false" isAnchor="false"><ele>266.5</ele></trkpt>
<trkpt lat="34.662737" lon="127.585374" sectionIndex="0" pointIndex="1250" originalElevation="268.0" isOriginalElevationFromOSM="false" isAnchor="false"><ele>266.1</ele></trkpt>
<trkpt lat="34.662707" lon="127.585333" sectionIndex="0" pointIndex="1251" originalElevation="268.0" isOriginalElevationFromOSM="false" isAnchor="false"><ele>265.5</ele></trkpt>
<trkpt lat="34.662677" lon="127.585292" sectionIndex="0" pointIndex="1252" originalElevation="268.0" isOriginalElevationFromOSM="false" isAnchor="false"><ele>264.9</ele></trkpt>
<trkpt lat="34.662647" lon="127.585251" sectionIndex="0" pointIndex="1253" originalElevation="268.0" isOriginalElevationFromOSM="false" isAnchor="false"><ele>264.2</ele></trkpt>
<trkpt lat="34.662639" lon="127.585241" sectionIndex="0" pointIndex="1254" originalElevation="268.0" isOriginalElevationFromOSM="false" isAnchor="false"><ele>263.5</ele></trkpt>
<trkpt lat="34.662639" lon="127.585241" sectionIndex="0" pointIndex="1255" originalElevation="268.0" isOriginalElevationFromOSM="false" isAnchor="false"><ele>262.7</ele></trkpt>
<trkpt lat="34.662599" lon="127.585216" sectionIndex="0" pointIndex="1256" originalElevation="268.0" isOriginalElevationFromOSM="false" isAnchor="false"><ele>261.9</ele></trkpt>
<trkpt lat="34.662559" lon="127.585191" sectionIndex="0" pointIndex="1257" originalElevation="268.0" isOriginalElevationFromOSM="false" isAnchor="false"><ele>261.2</ele></trkpt>
<trkpt lat="34.662519" lon="127.585166" sectionIndex="0" pointIndex="1258" originalElevation="268.0" isOriginalElevationFromOSM="false" isAnchor="false"><ele>260.5</ele></trkpt>
<trkpt lat="34.662491" lon="127.585149" sectionIndex="0" pointIndex="1259" originalElevation="251.0" isOriginalElevationFromOSM="false" isAnchor="false"><ele>259.8</ele></trkpt>
<trkpt lat="34.662491" lon="127.585149" sectionIndex="0" pointIndex="1260" originalElevation="251.0" isOriginalElevationFromOSM="false" isAnchor="false"><ele>259.2</ele></trkpt>
<trkpt lat="34.662448" lon="127.585132" sectionIndex="0" pointIndex="1261" originalElevation="251.0" isOriginalElevationFromOSM="false" isAnchor="false"><ele>258.7</ele></trkpt>
<trkpt lat="34.662405" lon="127.585116" sectionIndex="0" pointIndex="1262" originalElevation="251.0" isOriginalElevationFromOSM="false" isAnchor="false"><ele>258.4</ele></trkpt>
<trkpt lat="34.662362" lon="127.585100" sectionIndex="0" pointIndex="1263" originalElevation="251.0" isOriginalElevationFromOSM="false" isAnchor="false"><ele>258.1</ele></trkpt>
<trkpt lat="34.662319" lon="127.585084" sectionIndex="0" pointIndex="1264" originalElevation="251.0" isOriginalElevationFromOSM="false" isAnchor="false"><ele>258.0</ele></trkpt>
<trkpt lat="34.662276" lon="127.585067" sectionIndex="0" pointIndex="1265" originalElevation="251.0" isOriginalElevationFromOSM="false" isAnchor="false"><ele>258.0</ele></trkpt>
<trkpt lat="34.662259" lon="127.585061" sectionIndex="0" pointIndex="1266" originalElevation="251.0" isOriginalElevationFromOSM="false" isAnchor="false"><ele>258.2</ele></trkpt>
<trkpt lat="34.662259" lon="127.585061" sectionIndex="0" pointIndex="1267" originalElevation="251.0" isOriginalElevationFromOSM="false" isAnchor="false"><ele>258.6</ele></trkpt>
<trkpt lat="34.662217" lon="127.585044" sectionIndex="0" pointIndex="1268" originalElevation="251.0" isOriginalElevationFromOSM="false" isAnchor="false"><ele>259.0</ele></trkpt>
<trkpt lat="34.662174" lon="127.585026" sectionIndex="0" pointIndex="1269" originalElevation="251.0" isOriginalElevationFromOSM="false" isAnchor="false"><ele>259.6</ele></trkpt>
<trkpt lat="34.662131" lon="127.585009" sectionIndex="0" pointIndex="1270" originalElevation="251.0" isOriginalElevationFromOSM="false" isAnchor="false"><ele>260.3</ele></trkpt>
<trkpt lat="34.662089" lon="127.584992" sectionIndex="0" pointIndex="1271" originalElevation="269.0" isOriginalElevationFromOSM="false" isAnchor="false"><ele>261.1</ele></trkpt>
<trkpt lat="34.662046" lon="127.584974" sectionIndex="0" pointIndex="1272" originalElevation="269.0" isOriginalElevationFromOSM="false" isAnchor="false"><ele>261.9</ele></trkpt>
<trkpt lat="34.662003" lon="127.584957" sectionIndex="0" pointIndex="1273" originalElevation="269.0" isOriginalElevationFromOSM="false" isAnchor="false"><ele>262.7</ele></trkpt>
<trkpt lat="34.661989" lon="127.584951" sectionIndex="0" pointIndex="1274" originalElevation="269.0" isOriginalElevationFromOSM="false" isAnchor="false"><ele>263.5</ele></trkpt>
<trkpt lat="34.661989" lon="127.584951" sectionIndex="0" pointIndex="1275" originalElevation="269.0" isOriginalElevationFromOSM="false" isAnchor="false"><ele>264.5</ele></trkpt>
<trkpt lat="34.661947" lon="127.584935" sectionIndex="0" pointIndex="1276" originalElevation="269.0" isOriginalElevationFromOSM="false" isAnchor="false"><ele>265.3</ele></trkpt>
<trkpt lat="34.661904" lon="127.584918" sectionIndex="0" pointIndex="1277" originalElevation="269.0" isOriginalElevationFromOSM="false" isAnchor="false"><ele>266.1</ele></trkpt>
<trkpt lat="34.661861" lon="127.584901" sectionIndex="0" pointIndex="1278" originalElevation="269.0" isOriginalElevationFromOSM="false" isAnchor="false"><ele>266.8</ele></trkpt>
<trkpt lat="34.661818" lon="127.584885" sectionIndex="0" pointIndex="1279" originalElevation="269.0" isOriginalElevationFromOSM="false" isAnchor="false"><ele>267.5</ele></trkpt>
<trkpt lat="34.661775" lon="127.584868" sectionIndex="0" pointIndex="1280" originalElevation="269.0" isOriginalElevationFromOSM="false" isAnchor="false"><ele>268.1</ele></trkpt>
<trkpt lat="34.661753" lon="127.584860" sectionIndex="0" pointIndex="1281" originalElevation="269.0" isOriginalElevationFromOSM="false" isAnchor="false"><ele>268.6</ele></trkpt>
<trkpt lat="34.661753" lon="127.584860" sectionIndex="0" pointIndex="1282" originalElevation="269.0" isOriginalElevationFromOSM="false" isAnchor="false"><ele>269.0</ele></trkpt>
<trkpt lat="34.661708" lon="127.584854" sectionIndex="0" pointIndex="1283" originalElevation="269.0" isOriginalElevationFromOSM="false" isAnchor="false"><ele>269.4</ele></trkpt>
<trkpt lat="34.661664" lon="127.584848" sectionIndex="0" pointIndex="1284" originalElevation="271.0" isOriginalElevationFromOSM="false" isAnchor="false"><ele>269.7</ele></trkpt>
<trkpt lat="34.661619" lon="127.584842" sectionIndex="0" pointIndex="1285" originalElevation="271.0" isOriginalElevationFromOSM="false" isAnchor="false"><ele>270.0</ele></trkpt>
<trkpt lat="34.661598" lon="127.584839" sectionIndex="0" pointIndex="1286" originalElevation="271.0" isOriginalElevationFromOSM="false" isAnchor="false"><ele>270.3</ele></trkpt>
<trkpt lat="34.661598" lon="127.584839" sectionIndex="0" pointIndex="1287" originalElevation="271.0" isOriginalElevationFromOSM="false" isAnchor="false"><ele>270.4</ele></trkpt>
<trkpt lat="34.661553" lon="127.584847" sectionIndex="0" pointIndex="1288" originalElevation="271.0" isOriginalElevationFromOSM="false" isAnchor="false"><ele>270.5</ele></trkpt>
<trkpt lat="34.661509" lon="127.584855" sectionIndex="0" pointIndex="1289" originalElevation="271.0" isOriginalElevationFromOSM="false" isAnchor="false"><ele>270.6</ele></trkpt>
<trkpt lat="34.661480" lon="127.584860" sectionIndex="0" pointIndex="1290" originalElevation="271.0" isOriginalElevationFromOSM="false" isAnchor="false"><ele>270.6</ele></trkpt>
<trkpt lat="34.661480" lon="127.584860" sectionIndex="0" pointIndex="1291" originalElevation="271.0" isOriginalElevationFromOSM="false" isAnchor="false"><ele>270.7</ele></trkpt>
<trkpt lat="34.661436" lon="127.584859" sectionIndex="0" pointIndex="1292" originalElevation="271.0" isOriginalElevationFromOSM="false" isAnchor="false"><ele>270.8</ele></trkpt>
<trkpt lat="34.661391" lon="127.584857" sectionIndex="0" pointIndex="1293" originalElevation="271.0" isOriginalElevationFromOSM="false" isAnchor="false"><ele>270.8</ele></trkpt>
<trkpt lat="34.661379" lon="127.584857" sectionIndex="0" pointIndex="1294" originalElevation="271.0" isOriginalElevationFromOSM="false" isAnchor="false"><ele>270.9</ele></trkpt>
<trkpt lat="34.661379" lon="127.584857" sectionIndex="0" pointIndex="1295" originalElevation="271.0" isOriginalElevationFromOSM="false" isAnchor="false"><ele>270.9</ele></trkpt>
<trkpt lat="34.661336" lon="127.584842" sectionIndex="0" pointIndex="1296" originalElevation="271.0" isOriginalElevationFromOSM="false" isAnchor="false"><ele>270.9</ele></trkpt>
<trkpt lat="34.661293" lon="127.584827" sectionIndex="0" pointIndex="1297" originalElevation="271.0" isOriginalElevationFromOSM="false" isAnchor="false"><ele>271.0</ele></trkpt>
<trkpt lat="34.661260" lon="127.584815" sectionIndex="0" pointIndex="1298" originalElevation="271.0" isOriginalElevationFromOSM="false" isAnchor="false"><ele>271.0</ele></trkpt>
<trkpt lat="34.661260" lon="127.584815" sectionIndex="0" pointIndex="1299" originalElevation="271.0" isOriginalElevationFromOSM="false" isAnchor="false"><ele>271.0</ele></trkpt>
<trkpt lat="34.661218" lon="127.584796" sectionIndex="0" pointIndex="1300" originalElevation="271.0" isOriginalElevationFromOSM="false" isAnchor="false"><ele>270.9</ele></trkpt>
<trkpt lat="34.661176" lon="127.584777" sectionIndex="0" pointIndex="1301" originalElevation="271.0" isOriginalElevationFromOSM="false" isAnchor="false"><ele>270.8</ele></trkpt>
<trkpt lat="34.661133" lon="127.584758" sectionIndex="0" pointIndex="1302" originalElevation="271.0" isOriginalElevationFromOSM="false" isAnchor="false"><ele>270.7</ele></trkpt>
<trkpt lat="34.661125" lon="127.584754" sectionIndex="0" pointIndex="1303" originalElevation="271.0" isOriginalElevationFromOSM="false" isAnchor="false"><ele>270.5</ele></trkpt>
<trkpt lat="34.661125" lon="127.584754" sectionIndex="0" pointIndex="1304" originalElevation="271.0" isOriginalElevationFromOSM="false" isAnchor="false"><ele>270.3</ele></trkpt>
<trkpt lat="34.661080" lon="127.584758" sectionIndex="0" pointIndex="1305" originalElevation="271.0" isOriginalElevationFromOSM="false" isAnchor="false"><ele>269.9</ele></trkpt>
<trkpt lat="34.661035" lon="127.584761" sectionIndex="0" pointIndex="1306" originalElevation="271.0" isOriginalElevationFromOSM="false" isAnchor="false"><ele>269.5</ele></trkpt>
<trkpt lat="34.660990" lon="127.584764" sectionIndex="0" pointIndex="1307" originalElevation="271.0" isOriginalElevationFromOSM="false" isAnchor="false"><ele>269.0</ele></trkpt>
<trkpt lat="34.660987" lon="127.584764" sectionIndex="0" pointIndex="1308" originalElevation="271.0" isOriginalElevationFromOSM="false" isAnchor="false"><ele>268.4</ele></trkpt>
<trkpt lat="34.660987" lon="127.584764" sectionIndex="0" pointIndex="1309" originalElevation="271.0" isOriginalElevationFromOSM="false" isAnchor="false"><ele>267.7</ele></trkpt>
<trkpt lat="34.660943" lon="127.584776" sectionIndex="0" pointIndex="1310" originalElevation="271.0" isOriginalElevationFromOSM="false" isAnchor="false"><ele>266.9</ele></trkpt>
<trkpt lat="34.660899" lon="127.584787" sectionIndex="0" pointIndex="1311" originalElevation="271.0" isOriginalElevationFromOSM="false" isAnchor="false"><ele>266.0</ele></trkpt>
<trkpt lat="34.660884" lon="127.584791" sectionIndex="0" pointIndex="1312" originalElevation="271.0" isOriginalElevationFromOSM="false" isAnchor="false"><ele>265.0</ele></trkpt>
<trkpt lat="34.660884" lon="127.584791" sectionIndex="0" pointIndex="1313" originalElevation="271.0" isOriginalElevationFromOSM="false" isAnchor="false"><ele>263.9</ele></trkpt>
<trkpt lat="34.660855" lon="127.584833" sectionIndex="0" pointIndex="1314" originalElevation="271.0" isOriginalElevationFromOSM="false" isAnchor="false"><ele>262.7</ele></trkpt>
<trkpt lat="34.660826" lon="127.584875" sectionIndex="0" pointIndex="1315" originalElevation="260.0" isOriginalElevationFromOSM="false" isAnchor="false"><ele>261.5</ele></trkpt>
<trkpt lat="34.660810" lon="127.584898" sectionIndex="0" pointIndex="1316" originalElevation="260.0" isOriginalElevationFromOSM="false" isAnchor="false"><ele>260.2</ele></trkpt>
<trkpt lat="34.660810" lon="127.584898" sectionIndex="0" pointIndex="1317" originalElevation="260.0" isOriginalElevationFromOSM="false" isAnchor="false"><ele>258.9</ele></trkpt>
<trkpt lat="34.660786" lon="127.584944" sectionIndex="0" pointIndex="1318" originalElevation="260.0" isOriginalElevationFromOSM="false" isAnchor="false"><ele>257.6</ele></trkpt>
<trkpt lat="34.660762" lon="127.584991" sectionIndex="0" pointIndex="1319" originalElevation="260.0" isOriginalElevationFromOSM="false" isAnchor="false"><ele>256.3</ele></trkpt>
<trkpt lat="34.660744" lon="127.585026" sectionIndex="0" pointIndex="1320" originalElevation="246.0" isOriginalElevationFromOSM="false" isAnchor="false"><ele>255.0</ele></trkpt>
<trkpt lat="34.660744" lon="127.585026" sectionIndex="0" pointIndex="1321" originalElevation="246.0" isOriginalElevationFromOSM="false" isAnchor="false"><ele>253.8</ele></trkpt>
<trkpt lat="34.660726" lon="127.585076" sectionIndex="0" pointIndex="1322" originalElevation="246.0" isOriginalElevationFromOSM="false" isAnchor="false"><ele>252.7</ele></trkpt>
<trkpt lat="34.660721" lon="127.585091" sectionIndex="0" pointIndex="1323" originalElevation="246.0" isOriginalElevationFromOSM="false" isAnchor="false"><ele>251.6</ele></trkpt>
<trkpt lat="34.660721" lon="127.585091" sectionIndex="0" pointIndex="1324" originalElevation="246.0" isOriginalElevationFromOSM="false" isAnchor="false"><ele>250.7</ele></trkpt>
<trkpt lat="34.660687" lon="127.585126" sectionIndex="0" pointIndex="1325" originalElevation="246.0" isOriginalElevationFromOSM="false" isAnchor="false"><ele>249.8</ele></trkpt>
<trkpt lat="34.660652" lon="127.585161" sectionIndex="0" pointIndex="1326" originalElevation="246.0" isOriginalElevationFromOSM="false" isAnchor="false"><ele>249.0</ele></trkpt>
<trkpt lat="34.660647" lon="127.585166" sectionIndex="0" pointIndex="1327" originalElevation="246.0" isOriginalElevationFromOSM="false" isAnchor="false"><ele>248.4</ele></trkpt>
<trkpt lat="34.660647" lon="127.585166" sectionIndex="0" pointIndex="1328" originalElevation="246.0" isOriginalElevationFromOSM="false" isAnchor="false"><ele>247.8</ele></trkpt>
<trkpt lat="34.660603" lon="127.585173" sectionIndex="0" pointIndex="1329" originalElevation="246.0" isOriginalElevationFromOSM="false" isAnchor="false"><ele>247.3</ele></trkpt>
<trkpt lat="34.660588" lon="127.585176" sectionIndex="0" pointIndex="1330" originalElevation="246.0" isOriginalElevationFromOSM="false" isAnchor="false"><ele>246.9</ele></trkpt>
<trkpt lat="34.660588" lon="127.585176" sectionIndex="0" pointIndex="1331" originalElevation="246.0" isOriginalElevationFromOSM="false" isAnchor="false"><ele>246.6</ele></trkpt>
<trkpt lat="34.660543" lon="127.585179" sectionIndex="0" pointIndex="1332" originalElevation="246.0" isOriginalElevationFromOSM="false" isAnchor="false"><ele>246.4</ele></trkpt>
<trkpt lat="34.660498" lon="127.585183" sectionIndex="0" pointIndex="1333" originalElevation="246.0" isOriginalElevationFromOSM="false" isAnchor="false"><ele>246.2</ele></trkpt>
<trkpt lat="34.660467" lon="127.585185" sectionIndex="0" pointIndex="1334" originalElevation="246.0" isOriginalElevationFromOSM="false" isAnchor="false"><ele>246.1</ele></trkpt>
<trkpt lat="34.660467" lon="127.585185" sectionIndex="0" pointIndex="1335" originalElevation="246.0" isOriginalElevationFromOSM="false" isAnchor="false"><ele>246.0</ele></trkpt>
<trkpt lat="34.660422" lon="127.585186" sectionIndex="0" pointIndex="1336" originalElevation="246.0" isOriginalElevationFromOSM="false" isAnchor="false"><ele>245.7</ele></trkpt>
<trkpt lat="34.660377" lon="127.585187" sectionIndex="0" pointIndex="1337" originalElevation="246.0" isOriginalElevationFromOSM="false" isAnchor="false"><ele>245.4</ele></trkpt>
<trkpt lat="34.660332" lon="127.585189" sectionIndex="0" pointIndex="1338" originalElevation="246.0" isOriginalElevationFromOSM="false" isAnchor="false"><ele>244.9</ele></trkpt>
<trkpt lat="34.660317" lon="127.585189" sectionIndex="0" pointIndex="1339" originalElevation="246.0" isOriginalElevationFromOSM="false" isAnchor="false"><ele>244.4</ele></trkpt>
<trkpt lat="34.660317" lon="127.585189" sectionIndex="0" pointIndex="1340" originalElevation="246.0" isOriginalElevationFromOSM="false" isAnchor="false"><ele>243.7</ele></trkpt>
<trkpt lat="34.660273" lon="127.585200" sectionIndex="0" pointIndex="1341" originalElevation="246.0" isOriginalElevationFromOSM="false" isAnchor="false"><ele>242.9</ele></trkpt>
<trkpt lat="34.660229" lon="127.585210" sectionIndex="0" pointIndex="1342" originalElevation="246.0" isOriginalElevationFromOSM="false" isAnchor="false"><ele>241.9</ele></trkpt>
<trkpt lat="34.660185" lon="127.585221" sectionIndex="0" pointIndex="1343" originalElevation="246.0" isOriginalElevationFromOSM="false" isAnchor="false"><ele>240.8</ele></trkpt>
<trkpt lat="34.660164" lon="127.585226" sectionIndex="0" pointIndex="1344" originalElevation="246.0" isOriginalElevationFromOSM="false" isAnchor="false"><ele>239.5</ele></trkpt>
<trkpt lat="34.660164" lon="127.585226" sectionIndex="0" pointIndex="1345" originalElevation="246.0" isOriginalElevationFromOSM="false" isAnchor="false"><ele>238.1</ele></trkpt>
<trkpt lat="34.660124" lon="127.585252" sectionIndex="0" pointIndex="1346" originalElevation="246.0" isOriginalElevationFromOSM="false" isAnchor="false"><ele>236.5</ele></trkpt>
<trkpt lat="34.660096" lon="127.585271" sectionIndex="0" pointIndex="1347" originalElevation="246.0" isOriginalElevationFromOSM="false" isAnchor="false"><ele>234.7</ele></trkpt>
<trkpt lat="34.660096" lon="127.585271" sectionIndex="0" pointIndex="1348" originalElevation="246.0" isOriginalElevationFromOSM="false" isAnchor="false"><ele>232.9</ele></trkpt>
<trkpt lat="34.660059" lon="127.585302" sectionIndex="0" pointIndex="1349" originalElevation="246.0" isOriginalElevationFromOSM="false" isAnchor="false"><ele>231.0</ele></trkpt>
<trkpt lat="34.660023" lon="127.585334" sectionIndex="0" pointIndex="1350" originalElevation="246.0" isOriginalElevationFromOSM="false" isAnchor="false"><ele>229.0</ele></trkpt>
<trkpt lat="34.659986" lon="127.585365" sectionIndex="0" pointIndex="1351" originalElevation="210.0" isOriginalElevationFromOSM="false" isAnchor="false"><ele>227.3</ele></trkpt>
<trkpt lat="34.659949" lon="127.585397" sectionIndex="0" pointIndex="1352" originalElevation="210.0" isOriginalElevationFromOSM="false" isAnchor="false"><ele>225.6</ele></trkpt>
<trkpt lat="34.659912" lon="127.585428" sectionIndex="0" pointIndex="1353" originalElevation="210.0" isOriginalElevationFromOSM="false" isAnchor="false"><ele>224.2</ele></trkpt>
<trkpt lat="34.659907" lon="127.585433" sectionIndex="0" pointIndex="1354" originalElevation="210.0" isOriginalElevationFromOSM="false" isAnchor="false"><ele>222.9</ele></trkpt>
<trkpt lat="34.659907" lon="127.585433" sectionIndex="0" pointIndex="1355" originalElevation="210.0" isOriginalElevationFromOSM="false" isAnchor="false"><ele>221.8</ele></trkpt>
<trkpt lat="34.659885" lon="127.585481" sectionIndex="0" pointIndex="1356" originalElevation="210.0" isOriginalElevationFromOSM="false" isAnchor="false"><ele>221.1</ele></trkpt>
<trkpt lat="34.659883" lon="127.585485" sectionIndex="0" pointIndex="1357" originalElevation="210.0" isOriginalElevationFromOSM="false" isAnchor="false"><ele>220.6</ele></trkpt>
<trkpt lat="34.659883" lon="127.585485" sectionIndex="0" pointIndex="1358" originalElevation="210.0" isOriginalElevationFromOSM="false" isAnchor="false"><ele>220.4</ele></trkpt>
<trkpt lat="34.659894" lon="127.585519" sectionIndex="0" pointIndex="1359" originalElevation="210.0" isOriginalElevationFromOSM="false" isAnchor="false"><ele>220.6</ele></trkpt>
<trkpt lat="34.659894" lon="127.585519" sectionIndex="0" pointIndex="1360" originalElevation="210.0" isOriginalElevationFromOSM="false" isAnchor="false"><ele>221.1</ele></trkpt>
<trkpt lat="34.659920" lon="127.585535" sectionIndex="0" pointIndex="1361" originalElevation="210.0" isOriginalElevationFromOSM="false" isAnchor="false"><ele>221.8</ele></trkpt>
<trkpt lat="34.659920" lon="127.585535" sectionIndex="0" pointIndex="1362" originalElevation="210.0" isOriginalElevationFromOSM="false" isAnchor="false"><ele>222.9</ele></trkpt>
<trkpt lat="34.659960" lon="127.585526" sectionIndex="0" pointIndex="1363" originalElevation="210.0" isOriginalElevationFromOSM="false" isAnchor="false"><ele>224.2</ele></trkpt>
<trkpt lat="34.659960" lon="127.585526" sectionIndex="0" pointIndex="1364" originalElevation="210.0" isOriginalElevationFromOSM="false" isAnchor="false"><ele>225.6</ele></trkpt>
<trkpt lat="34.659999" lon="127.585500" sectionIndex="0" pointIndex="1365" originalElevation="210.0" isOriginalElevationFromOSM="false" isAnchor="false"><ele>227.3</ele></trkpt>
<trkpt lat="34.660038" lon="127.585474" sectionIndex="0" pointIndex="1366" originalElevation="246.0" isOriginalElevationFromOSM="false" isAnchor="false"><ele>229.0</ele></trkpt>
<trkpt lat="34.660077" lon="127.585448" sectionIndex="0" pointIndex="1367" originalElevation="246.0" isOriginalElevationFromOSM="false" isAnchor="false"><ele>231.0</ele></trkpt>
<trkpt lat="34.660077" lon="127.585448" sectionIndex="0" pointIndex="1368" originalElevation="246.0" isOriginalElevationFromOSM="false" isAnchor="false"><ele>232.9</ele></trkpt>
<trkpt lat="34.660118" lon="127.585424" sectionIndex="0" pointIndex="1369" originalElevation="246.0" isOriginalElevationFromOSM="false" isAnchor="false"><ele>234.7</ele></trkpt>
<trkpt lat="34.660158" lon="127.585400" sectionIndex="0" pointIndex="1370" originalElevation="246.0" isOriginalElevationFromOSM="false" isAnchor="false"><ele>236.5</ele></trkpt>
<trkpt lat="34.660175" lon="127.585390" sectionIndex="0" pointIndex="1371" originalElevation="246.0" isOriginalElevationFromOSM="false" isAnchor="false"><ele>238.1</ele></trkpt>
<trkpt lat="34.660175" lon="127.585390" sectionIndex="0" pointIndex="1372" originalElevation="246.0" isOriginalElevationFromOSM="false" isAnchor="false"><ele>239.5</ele></trkpt>
<trkpt lat="34.660220" lon="127.585392" sectionIndex="0" pointIndex="1373" originalElevation="246.0" isOriginalElevationFromOSM="false" isAnchor="false"><ele>240.8</ele></trkpt>
<trkpt lat="34.660265" lon="127.585395" sectionIndex="0" pointIndex="1374" originalElevation="246.0" isOriginalElevationFromOSM="false" isAnchor="false"><ele>241.9</ele></trkpt>
<trkpt lat="34.660310" lon="127.585398" sectionIndex="0" pointIndex="1375" originalElevation="246.0" isOriginalElevationFromOSM="false" isAnchor="false"><ele>242.9</ele></trkpt>
<trkpt lat="34.660341" lon="127.585399" sectionIndex="0" pointIndex="1376" originalElevation="246.0" isOriginalElevationFromOSM="false" isAnchor="false"><ele>243.7</ele></trkpt>
<trkpt lat="34.660341" lon="127.585399" sectionIndex="0" pointIndex="1377" originalElevation="246.0" isOriginalElevationFromOSM="false" isAnchor="false"><ele>244.5</ele></trkpt>
<trkpt lat="34.660383" lon="127.585418" sectionIndex="0" pointIndex="1378" originalElevation="246.0" isOriginalElevationFromOSM="false" isAnchor="false"><ele>245.1</ele></trkpt>
<trkpt lat="34.660426" lon="127.585437" sectionIndex="0" pointIndex="1379" originalElevation="246.0" isOriginalElevationFromOSM="false" isAnchor="false"><ele>245.6</ele></trkpt>
<trkpt lat="34.660468" lon="127.585455" sectionIndex="0" pointIndex="1380" originalElevation="246.0" isOriginalElevationFromOSM="false" isAnchor="false"><ele>246.0</ele></trkpt>
<trkpt lat="34.660510" lon="127.585474" sectionIndex="0" pointIndex="1381" originalElevation="246.0" isOriginalElevationFromOSM="false" isAnchor="false"><ele>246.3</ele></trkpt>
<trkpt lat="34.660552" lon="127.585493" sectionIndex="0" pointIndex="1382" originalElevation="246.0" isOriginalElevationFromOSM="false" isAnchor="false"><ele>246.5</ele></trkpt>
<trkpt lat="34.660564" lon="127.585498" sectionIndex="0" pointIndex="1383" originalElevation="246.0" isOriginalElevationFromOSM="false" isAnchor="false"><ele>246.6</ele></trkpt>
<trkpt lat="34.660564" lon="127.585498" sectionIndex="0" pointIndex="1384" originalElevation="246.0" isOriginalElevationFromOSM="false" isAnchor="false"><ele>246.7</ele></trkpt>
<trkpt lat="34.660608" lon="127.585493" sectionIndex="0" pointIndex="1385" originalElevation="246.0" isOriginalElevationFromOSM="false" isAnchor="false"><ele>246.9</ele></trkpt>
<trkpt lat="34.660653" lon="127.585488" sectionIndex="0" pointIndex="1386" originalElevation="246.0" isOriginalElevationFromOSM="false" isAnchor="false"><ele>247.1</ele></trkpt>
<trkpt lat="34.660698" lon="127.585483" sectionIndex="0" pointIndex="1387" originalElevation="246.0" isOriginalElevationFromOSM="false" isAnchor="false"><ele>247.3</ele></trkpt>
<trkpt lat="34.660743" lon="127.585479" sectionIndex="0" pointIndex="1388" originalElevation="246.0" isOriginalElevationFromOSM="false" isAnchor="false"><ele>247.5</ele></trkpt>
<trkpt lat="34.660788" lon="127.585474" sectionIndex="0" pointIndex="1389" originalElevation="246.0" isOriginalElevationFromOSM="false" isAnchor="false"><ele>247.7</ele></trkpt>
<trkpt lat="34.660832" lon="127.585469" sectionIndex="0" pointIndex="1390" originalElevation="246.0" isOriginalElevationFromOSM="false" isAnchor="false"><ele>247.9</ele></trkpt>
<trkpt lat="34.660877" lon="127.585464" sectionIndex="0" pointIndex="1391" originalElevation="250.0" isOriginalElevationFromOSM="false" isAnchor="false"><ele>248.1</ele></trkpt>
<trkpt lat="34.660922" lon="127.585460" sectionIndex="0" pointIndex="1392" originalElevation="250.0" isOriginalElevationFromOSM="false" isAnchor="false"><ele>248.3</ele></trkpt>
<trkpt lat="34.660962" lon="127.585455" sectionIndex="0" pointIndex="1393" originalElevation="250.0" isOriginalElevationFromOSM="false" isAnchor="false"><ele>248.5</ele></trkpt>
<trkpt lat="34.660962" lon="127.585455" sectionIndex="0" pointIndex="1394" originalElevation="250.0" isOriginalElevationFromOSM="false" isAnchor="false"><ele>248.7</ele></trkpt>
<trkpt lat="34.661004" lon="127.585472" sectionIndex="0" pointIndex="1395" originalElevation="250.0" isOriginalElevationFromOSM="false" isAnchor="false"><ele>248.9</ele></trkpt>
<trkpt lat="34.661019" lon="127.585478" sectionIndex="0" pointIndex="1396" originalElevation="250.0" isOriginalElevationFromOSM="false" isAnchor="false"><ele>248.9</ele></trkpt>
<trkpt lat="34.661019" lon="127.585478" sectionIndex="0" pointIndex="1397" originalElevation="250.0" isOriginalElevationFromOSM="false" isAnchor="false"><ele>248.7</ele></trkpt>
<trkpt lat="34.661056" lon="127.585508" sectionIndex="0" pointIndex="1398" originalElevation="250.0" isOriginalElevationFromOSM="false" isAnchor="false"><ele>248.5</ele></trkpt>
<trkpt lat="34.661059" lon="127.585511" sectionIndex="0" pointIndex="1399" originalElevation="250.0" isOriginalElevationFromOSM="false" isAnchor="false"><ele>248.1</ele></trkpt>
<trkpt lat="34.661059" lon="127.585511" sectionIndex="0" pointIndex="1400" originalElevation="250.0" isOriginalElevationFromOSM="false" isAnchor="false"><ele>247.6</ele></trkpt>
<trkpt lat="34.661070" lon="127.585553" sectionIndex="0" pointIndex="1401" originalElevation="250.0" isOriginalElevationFromOSM="false" isAnchor="false"><ele>247.0</ele></trkpt>
<trkpt lat="34.661070" lon="127.585553" sectionIndex="0" pointIndex="1402" originalElevation="250.0" isOriginalElevationFromOSM="false" isAnchor="false"><ele>246.2</ele></trkpt>
<trkpt lat="34.661084" lon="127.585605" sectionIndex="0" pointIndex="1403" originalElevation="250.0" isOriginalElevationFromOSM="false" isAnchor="false"><ele>245.2</ele></trkpt>
<trkpt lat="34.661098" lon="127.585657" sectionIndex="0" pointIndex="1404" originalElevation="250.0" isOriginalElevationFromOSM="false" isAnchor="false"><ele>244.2</ele></trkpt>
<trkpt lat="34.661112" lon="127.585709" sectionIndex="0" pointIndex="1405" originalElevation="250.0" isOriginalElevationFromOSM="false" isAnchor="false"><ele>242.9</ele></trkpt>
<trkpt lat="34.661115" lon="127.585717" sectionIndex="0" pointIndex="1406" originalElevation="250.0" isOriginalElevationFromOSM="false" isAnchor="false"><ele>241.5</ele></trkpt>
<trkpt lat="34.661115" lon="127.585717" sectionIndex="0" pointIndex="1407" originalElevation="250.0" isOriginalElevationFromOSM="false" isAnchor="false"><ele>240.0</ele></trkpt>
<trkpt lat="34.661149" lon="127.585752" sectionIndex="0" pointIndex="1408" originalElevation="250.0" isOriginalElevationFromOSM="false" isAnchor="false"><ele>238.3</ele></trkpt>
<trkpt lat="34.661183" lon="127.585788" sectionIndex="0" pointIndex="1409" originalElevation="250.0" isOriginalElevationFromOSM="false" isAnchor="false"><ele>236.6</ele></trkpt>
<trkpt lat="34.661218" lon="127.585823" sectionIndex="0" pointIndex="1410" originalElevation="250.0" isOriginalElevationFromOSM="false" isAnchor="false"><ele>234.9</ele></trkpt>
<trkpt lat="34.661252" lon="127.585858" sectionIndex="0" pointIndex="1411" originalElevation="218.0" isOriginalElevationFromOSM="false" isAnchor="false"><ele>233.1</ele></trkpt>
<trkpt lat="34.661256" lon="127.585863" sectionIndex="0" pointIndex="1412" originalElevation="218.0" isOriginalElevationFromOSM="false" isAnchor="false"><ele>231.4</ele></trkpt>
<trkpt lat="34.661256" lon="127.585863" sectionIndex="0" pointIndex="1413" originalElevation="218.0" isOriginalElevationFromOSM="false" isAnchor="false"><ele>229.7</ele></trkpt>
<trkpt lat="34.661285" lon="127.585905" sectionIndex="0" pointIndex="1414" originalElevation="218.0" isOriginalElevationFromOSM="false" isAnchor="false"><ele>228.0</ele></trkpt>
<trkpt lat="34.661310" lon="127.585941" sectionIndex="0" pointIndex="1415" originalElevation="218.0" isOriginalElevationFromOSM="false" isAnchor="false"><ele>226.5</ele></trkpt>
<trkpt lat="34.661310" lon="127.585941" sectionIndex="0" pointIndex="1416" originalElevation="218.0" isOriginalElevationFromOSM="false" isAnchor="false"><ele>225.1</ele></trkpt>
<trkpt lat="34.661329" lon="127.585990" sectionIndex="0" pointIndex="1417" originalElevation="218.0" isOriginalElevationFromOSM="false" isAnchor="false"><ele>223.8</ele></trkpt>
<trkpt lat="34.661339" lon="127.586016" sectionIndex="0" pointIndex="1418" originalElevation="218.0" isOriginalElevationFromOSM="false" isAnchor="false"><ele>222.6</ele></trkpt>
<trkpt lat="34.661339" lon="127.586016" sectionIndex="0" pointIndex="1419" originalElevation="218.0" isOriginalElevationFromOSM="false" isAnchor="false"><ele>221.6</ele></trkpt>
<trkpt lat="34.661337" lon="127.586071" sectionIndex="0" pointIndex="1420" originalElevation="218.0" isOriginalElevationFromOSM="false" isAnchor="false"><ele>220.8</ele></trkpt>
<trkpt lat="34.661336" lon="127.586094" sectionIndex="0" pointIndex="1421" originalElevation="218.0" isOriginalElevationFromOSM="false" isAnchor="false"><ele>220.0</ele></trkpt>
<trkpt lat="34.661336" lon="127.586094" sectionIndex="0" pointIndex="1422" originalElevation="218.0" isOriginalElevationFromOSM="false" isAnchor="false"><ele>219.4</ele></trkpt>
<trkpt lat="34.661323" lon="127.586146" sectionIndex="0" pointIndex="1423" originalElevation="218.0" isOriginalElevationFromOSM="false" isAnchor="false"><ele>218.9</ele></trkpt>
<trkpt lat="34.661309" lon="127.586198" sectionIndex="0" pointIndex="1424" originalElevation="218.0" isOriginalElevationFromOSM="false" isAnchor="false"><ele>218.5</ele></trkpt>
<trkpt lat="34.661302" lon="127.586227" sectionIndex="0" pointIndex="1425" originalElevation="218.0" isOriginalElevationFromOSM="false" isAnchor="false"><ele>218.2</ele></trkpt>
<trkpt lat="34.661302" lon="127.586227" sectionIndex="0" pointIndex="1426" originalElevation="218.0" isOriginalElevationFromOSM="false" isAnchor="false"><ele>218.0</ele></trkpt>
<trkpt lat="34.661266" lon="127.586261" sectionIndex="0" pointIndex="1427" originalElevation="218.0" isOriginalElevationFromOSM="false" isAnchor="false"><ele>217.9</ele></trkpt>
<trkpt lat="34.661231" lon="127.586294" sectionIndex="0" pointIndex="1428" originalElevation="218.0" isOriginalElevationFromOSM="false" isAnchor="false"><ele>217.7</ele></trkpt>
<trkpt lat="34.661195" lon="127.586328" sectionIndex="0" pointIndex="1429" originalElevation="218.0" isOriginalElevationFromOSM="false" isAnchor="false"><ele>217.4</ele></trkpt>
<trkpt lat="34.661159" lon="127.586361" sectionIndex="0" pointIndex="1430" originalElevation="218.0" isOriginalElevationFromOSM="false" isAnchor="false"><ele>217.1</ele></trkpt>
<trkpt lat="34.661124" lon="127.586395" sectionIndex="0" pointIndex="1431" originalElevation="218.0" isOriginalElevationFromOSM="false" isAnchor="false"><ele>216.7</ele></trkpt>
<trkpt lat="34.661088" lon="127.586428" sectionIndex="0" pointIndex="1432" originalElevation="218.0" isOriginalElevationFromOSM="false" isAnchor="false"><ele>216.3</ele></trkpt>
<trkpt lat="34.661053" lon="127.586462" sectionIndex="0" pointIndex="1433" originalElevation="218.0" isOriginalElevationFromOSM="false" isAnchor="false"><ele>215.7</ele></trkpt>
<trkpt lat="34.661017" lon="127.586495" sectionIndex="0" pointIndex="1434" originalElevation="218.0" isOriginalElevationFromOSM="false" isAnchor="false"><ele>215.1</ele></trkpt>
<trkpt lat="34.661016" lon="127.586496" sectionIndex="0" pointIndex="1435" originalElevation="218.0" isOriginalElevationFromOSM="false" isAnchor="false"><ele>214.3</ele></trkpt>
<trkpt lat="34.661016" lon="127.586496" sectionIndex="0" pointIndex="1436" originalElevation="218.0" isOriginalElevationFromOSM="false" isAnchor="false"><ele>213.4</ele></trkpt>
<trkpt lat="34.660994" lon="127.586544" sectionIndex="0" pointIndex="1437" originalElevation="218.0" isOriginalElevationFromOSM="false" isAnchor="false"><ele>212.4</ele></trkpt>
<trkpt lat="34.660973" lon="127.586592" sectionIndex="0" pointIndex="1438" originalElevation="218.0" isOriginalElevationFromOSM="false" isAnchor="false"><ele>211.3</ele></trkpt>
<trkpt lat="34.660951" lon="127.586640" sectionIndex="0" pointIndex="1439" originalElevation="218.0" isOriginalElevationFromOSM="false" isAnchor="false"><ele>210.1</ele></trkpt>
<trkpt lat="34.660947" lon="127.586649" sectionIndex="0" pointIndex="1440" originalElevation="218.0" isOriginalElevationFromOSM="false" isAnchor="false"><ele>208.9</ele></trkpt>
<trkpt lat="34.660947" lon="127.586649" sectionIndex="0" pointIndex="1441" originalElevation="218.0" isOriginalElevationFromOSM="false" isAnchor="false"><ele>207.5</ele></trkpt>
<trkpt lat="34.660935" lon="127.586701" sectionIndex="0" pointIndex="1442" originalElevation="198.0" isOriginalElevationFromOSM="false" isAnchor="false"><ele>206.1</ele></trkpt>
<trkpt lat="34.660926" lon="127.586741" sectionIndex="0" pointIndex="1443" originalElevation="198.0" isOriginalElevationFromOSM="false" isAnchor="false"><ele>204.7</ele></trkpt>
<trkpt lat="34.660926" lon="127.586741" sectionIndex="0" pointIndex="1444" originalElevation="198.0" isOriginalElevationFromOSM="false" isAnchor="false"><ele>203.3</ele></trkpt>
<trkpt lat="34.660905" lon="127.586789" sectionIndex="0" pointIndex="1445" originalElevation="198.0" isOriginalElevationFromOSM="false" isAnchor="false"><ele>201.9</ele></trkpt>
<trkpt lat="34.660885" lon="127.586835" sectionIndex="0" pointIndex="1446" originalElevation="198.0" isOriginalElevationFromOSM="false" isAnchor="false"><ele>200.5</ele></trkpt>
<trkpt lat="34.660885" lon="127.586835" sectionIndex="0" pointIndex="1447" originalElevation="198.0" isOriginalElevationFromOSM="false" isAnchor="false"><ele>199.0</ele></trkpt>
<trkpt lat="34.660860" lon="127.586880" sectionIndex="0" pointIndex="1448" originalElevation="198.0" isOriginalElevationFromOSM="false" isAnchor="false"><ele>197.6</ele></trkpt>
<trkpt lat="34.660835" lon="127.586925" sectionIndex="0" pointIndex="1449" originalElevation="198.0" isOriginalElevationFromOSM="false" isAnchor="false"><ele>196.3</ele></trkpt>
<trkpt lat="34.660809" lon="127.586971" sectionIndex="0" pointIndex="1450" originalElevation="189.0" isOriginalElevationFromOSM="false" isAnchor="false"><ele>194.9</ele></trkpt>
<trkpt lat="34.660784" lon="127.587016" sectionIndex="0" pointIndex="1451" originalElevation="189.0" isOriginalElevationFromOSM="false" isAnchor="false"><ele>193.7</ele></trkpt>
<trkpt lat="34.660759" lon="127.587061" sectionIndex="0" pointIndex="1452" originalElevation="189.0" isOriginalElevationFromOSM="false" isAnchor="false"><ele>192.4</ele></trkpt>
<trkpt lat="34.660733" lon="127.587106" sectionIndex="0" pointIndex="1453" originalElevation="189.0" isOriginalElevationFromOSM="false" isAnchor="false"><ele>191.2</ele></trkpt>
<trkpt lat="34.660708" lon="127.587151" sectionIndex="0" pointIndex="1454" originalElevation="189.0" isOriginalElevationFromOSM="false" isAnchor="false"><ele>190.1</ele></trkpt>
<trkpt lat="34.660683" lon="127.587197" sectionIndex="0" pointIndex="1455" originalElevation="189.0" isOriginalElevationFromOSM="false" isAnchor="false"><ele>189.0</ele></trkpt>
<trkpt lat="34.660657" lon="127.587242" sectionIndex="0" pointIndex="1456" originalElevation="189.0" isOriginalElevationFromOSM="false" isAnchor="false"><ele>187.9</ele></trkpt>
<trkpt lat="34.660632" lon="127.587287" sectionIndex="0" pointIndex="1457" originalElevation="189.0" isOriginalElevationFromOSM="false" isAnchor="false"><ele>186.9</ele></trkpt>
<trkpt lat="34.660607" lon="127.587332" sectionIndex="0" pointIndex="1458" originalElevation="189.0" isOriginalElevationFromOSM="false" isAnchor="false"><ele>186.0</ele></trkpt>
<trkpt lat="34.660582" lon="127.587377" sectionIndex="0" pointIndex="1459" originalElevation="189.0" isOriginalElevationFromOSM="false" isAnchor="false"><ele>185.0</ele></trkpt>
<trkpt lat="34.660556" lon="127.587423" sectionIndex="0" pointIndex="1460" originalElevation="189.0" isOriginalElevationFromOSM="false" isAnchor="false"><ele>184.1</ele></trkpt>
<trkpt lat="34.660531" lon="127.587468" sectionIndex="0" pointIndex="1461" originalElevation="189.0" isOriginalElevationFromOSM="false" isAnchor="false"><ele>183.3</ele></trkpt>
<trkpt lat="34.660506" lon="127.587513" sectionIndex="0" pointIndex="1462" originalElevation="176.0" isOriginalElevationFromOSM="false" isAnchor="false"><ele>182.4</ele></trkpt>
<trkpt lat="34.660504" lon="127.587515" sectionIndex="0" pointIndex="1463" originalElevation="176.0" isOriginalElevationFromOSM="false" isAnchor="false"><ele>181.6</ele></trkpt>
<trkpt lat="34.660504" lon="127.587515" sectionIndex="0" pointIndex="1464" originalElevation="176.0" isOriginalElevationFromOSM="false" isAnchor="false"><ele>180.8</ele></trkpt>
<trkpt lat="34.660483" lon="127.587564" sectionIndex="0" pointIndex="1465" originalElevation="176.0" isOriginalElevationFromOSM="false" isAnchor="false"><ele>180.1</ele></trkpt>
<trkpt lat="34.660462" lon="127.587612" sectionIndex="0" pointIndex="1466" originalElevation="176.0" isOriginalElevationFromOSM="false" isAnchor="false"><ele>179.4</ele></trkpt>
<trkpt lat="34.660441" lon="127.587660" sectionIndex="0" pointIndex="1467" originalElevation="176.0" isOriginalElevationFromOSM="false" isAnchor="false"><ele>179.0</ele></trkpt>
<trkpt lat="34.660420" lon="127.587709" sectionIndex="0" pointIndex="1468" originalElevation="176.0" isOriginalElevationFromOSM="false" isAnchor="false"><ele>178.6</ele></trkpt>
<trkpt lat="34.660399" lon="127.587757" sectionIndex="0" pointIndex="1469" originalElevation="176.0" isOriginalElevationFromOSM="false" isAnchor="false"><ele>178.2</ele></trkpt>
<trkpt lat="34.660379" lon="127.587804" sectionIndex="0" pointIndex="1470" originalElevation="176.0" isOriginalElevationFromOSM="false" isAnchor="false"><ele>178.0</ele></trkpt>
<trkpt lat="34.660379" lon="127.587804" sectionIndex="0" pointIndex="1471" originalElevation="176.0" isOriginalElevationFromOSM="false" isAnchor="false"><ele>177.9</ele></trkpt>
<trkpt lat="34.660367" lon="127.587856" sectionIndex="0" pointIndex="1472" originalElevation="176.0" isOriginalElevationFromOSM="false" isAnchor="false"><ele>177.9</ele></trkpt>
<trkpt lat="34.660356" lon="127.587909" sectionIndex="0" pointIndex="1473" originalElevation="176.0" isOriginalElevationFromOSM="false" isAnchor="false"><ele>177.9</ele></trkpt>
<trkpt lat="34.660344" lon="127.587962" sectionIndex="0" pointIndex="1474" originalElevation="176.0" isOriginalElevationFromOSM="false" isAnchor="false"><ele>178.1</ele></trkpt>
<trkpt lat="34.660332" lon="127.588015" sectionIndex="0" pointIndex="1475" originalElevation="176.0" isOriginalElevationFromOSM="false" isAnchor="false"><ele>178.4</ele></trkpt>
<trkpt lat="34.660321" lon="127.588068" sectionIndex="0" pointIndex="1476" originalElevation="176.0" isOriginalElevationFromOSM="false" isAnchor="false"><ele>178.7</ele></trkpt>
<trkpt lat="34.660309" lon="127.588120" sectionIndex="0" pointIndex="1477" originalElevation="176.0" isOriginalElevationFromOSM="false" isAnchor="false"><ele>179.2</ele></trkpt>
<trkpt lat="34.660297" lon="127.588173" sectionIndex="0" pointIndex="1478" originalElevation="176.0" isOriginalElevationFromOSM="false" isAnchor="false"><ele>179.8</ele></trkpt>
<trkpt lat="34.660285" lon="127.588226" sectionIndex="0" pointIndex="1479" originalElevation="176.0" isOriginalElevationFromOSM="false" isAnchor="false"><ele>180.4</ele></trkpt>
<trkpt lat="34.660274" lon="127.588279" sectionIndex="0" pointIndex="1480" originalElevation="176.0" isOriginalElevationFromOSM="false" isAnchor="false"><ele>181.0</ele></trkpt>
<trkpt lat="34.660262" lon="127.588332" sectionIndex="0" pointIndex="1481" originalElevation="176.0" isOriginalElevationFromOSM="false" isAnchor="false"><ele>181.7</ele></trkpt>
<trkpt lat="34.660250" lon="127.588384" sectionIndex="0" pointIndex="1482" originalElevation="188.0" isOriginalElevationFromOSM="false" isAnchor="false"><ele>182.3</ele></trkpt>
<trkpt lat="34.660239" lon="127.588437" sectionIndex="0" pointIndex="1483" originalElevation="188.0" isOriginalElevationFromOSM="false" isAnchor="false"><ele>183.0</ele></trkpt>
<trkpt lat="34.660227" lon="127.588490" sectionIndex="0" pointIndex="1484" originalElevation="188.0" isOriginalElevationFromOSM="false" isAnchor="false"><ele>183.7</ele></trkpt>
<trkpt lat="34.660215" lon="127.588543" sectionIndex="0" pointIndex="1485" originalElevation="188.0" isOriginalElevationFromOSM="false" isAnchor="false"><ele>184.5</ele></trkpt>
<trkpt lat="34.660204" lon="127.588596" sectionIndex="0" pointIndex="1486" originalElevation="188.0" isOriginalElevationFromOSM="false" isAnchor="false"><ele>185.3</ele></trkpt>
<trkpt lat="34.660192" lon="127.588648" sectionIndex="0" pointIndex="1487" originalElevation="188.0" isOriginalElevationFromOSM="false" isAnchor="false"><ele>186.0</ele></trkpt>
<trkpt lat="34.660180" lon="127.588701" sectionIndex="0" pointIndex="1488" originalElevation="188.0" isOriginalElevationFromOSM="false" isAnchor="false"><ele>186.8</ele></trkpt>
<trkpt lat="34.660174" lon="127.588730" sectionIndex="0" pointIndex="1489" originalElevation="188.0" isOriginalElevationFromOSM="false" isAnchor="false"><ele>187.6</ele></trkpt>
<trkpt lat="34.660174" lon="127.588730" sectionIndex="0" pointIndex="1490" originalElevation="188.0" isOriginalElevationFromOSM="false" isAnchor="false"><ele>188.0</ele></trkpt>
<trkpt lat="34.660172" lon="127.588784" sectionIndex="0" pointIndex="1491" originalElevation="188.0" isOriginalElevationFromOSM="false" isAnchor="false"><ele>188.3</ele></trkpt>
<trkpt lat="34.660170" lon="127.588839" sectionIndex="0" pointIndex="1492" originalElevation="188.0" isOriginalElevationFromOSM="false" isAnchor="false"><ele>188.5</ele></trkpt>
<trkpt lat="34.660169" lon="127.588888" sectionIndex="0" pointIndex="1493" originalElevation="188.0" isOriginalElevationFromOSM="false" isAnchor="false"><ele>188.6</ele></trkpt>
<trkpt lat="34.660175" lon="127.588944" sectionIndex="0" pointIndex="1494" originalElevation="188.0" isOriginalElevationFromOSM="false" isAnchor="false"><ele>188.6</ele></trkpt>
<trkpt lat="34.660165" lon="127.588971" sectionIndex="0" pointIndex="1495" originalElevation="188.0" isOriginalElevationFromOSM="false" isAnchor="false"><ele>188.3</ele></trkpt>
<trkpt lat="34.660147" lon="127.589021" sectionIndex="0" pointIndex="1496" originalElevation="188.0" isOriginalElevationFromOSM="false" isAnchor="false"><ele>187.9</ele></trkpt>
<trkpt lat="34.660129" lon="127.589071" sectionIndex="0" pointIndex="1497" originalElevation="188.0" isOriginalElevationFromOSM="false" isAnchor="false"><ele>187.3</ele></trkpt>
<trkpt lat="34.660110" lon="127.589121" sectionIndex="0" pointIndex="1498" originalElevation="188.0" isOriginalElevationFromOSM="false" isAnchor="false"><ele>186.4</ele></trkpt>
<trkpt lat="34.660092" lon="127.589171" sectionIndex="0" pointIndex="1499" originalElevation="203.0" isOriginalElevationFromOSM="false" isAnchor="false"><ele>185.3</ele></trkpt>
<trkpt lat="34.660074" lon="127.589221" sectionIndex="0" pointIndex="1500" originalElevation="203.0" isOriginalElevationFromOSM="false" isAnchor="false"><ele>184.0</ele></trkpt>
<trkpt lat="34.660056" lon="127.589271" sectionIndex="0" pointIndex="1501" originalElevation="203.0" isOriginalElevationFromOSM="false" isAnchor="false"><ele>182.5</ele></trkpt>
<trkpt lat="34.660038" lon="127.589321" sectionIndex="0" pointIndex="1502" originalElevation="203.0" isOriginalElevationFromOSM="false" isAnchor="false"><ele>181.0</ele></trkpt>
<trkpt lat="34.660019" lon="127.589371" sectionIndex="0" pointIndex="1503" originalElevation="203.0" isOriginalElevationFromOSM="false" isAnchor="false"><ele>179.3</ele></trkpt>
<trkpt lat="34.660001" lon="127.589421" sectionIndex="0" pointIndex="1504" originalElevation="203.0" isOriginalElevationFromOSM="false" isAnchor="false"><ele>177.6</ele></trkpt>
<trkpt lat="34.659983" lon="127.589471" sectionIndex="0" pointIndex="1505" originalElevation="155.0" isOriginalElevationFromOSM="false" isAnchor="false"><ele>175.9</ele></trkpt>
<trkpt lat="34.659965" lon="127.589521" sectionIndex="0" pointIndex="1506" originalElevation="155.0" isOriginalElevationFromOSM="false" isAnchor="false"><ele>174.1</ele></trkpt>
<trkpt lat="34.659946" lon="127.589571" sectionIndex="0" pointIndex="1507" originalElevation="155.0" isOriginalElevationFromOSM="false" isAnchor="false"><ele>172.5</ele></trkpt>
<trkpt lat="34.659928" lon="127.589621" sectionIndex="0" pointIndex="1508" originalElevation="155.0" isOriginalElevationFromOSM="false" isAnchor="false"><ele>171.0</ele></trkpt>
<trkpt lat="34.659918" lon="127.589648" sectionIndex="0" pointIndex="1509" originalElevation="155.0" isOriginalElevationFromOSM="false" isAnchor="false"><ele>169.7</ele></trkpt>
<trkpt lat="34.659918" lon="127.589648" sectionIndex="0" pointIndex="1510" originalElevation="155.0" isOriginalElevationFromOSM="false" isAnchor="false"><ele>168.5</ele></trkpt>
<trkpt lat="34.659909" lon="127.589702" sectionIndex="0" pointIndex="1511" originalElevation="155.0" isOriginalElevationFromOSM="false" isAnchor="false"><ele>167.6</ele></trkpt>
<trkpt lat="34.659900" lon="127.589755" sectionIndex="0" pointIndex="1512" originalElevation="155.0" isOriginalElevationFromOSM="false" isAnchor="false"><ele>167.0</ele></trkpt>
<trkpt lat="34.659890" lon="127.589809" sectionIndex="0" pointIndex="1513" originalElevation="155.0" isOriginalElevationFromOSM="false" isAnchor="false"><ele>166.6</ele></trkpt>
<trkpt lat="34.659881" lon="127.589862" sectionIndex="0" pointIndex="1514" originalElevation="155.0" isOriginalElevationFromOSM="false" isAnchor="false"><ele>166.4</ele></trkpt>
<trkpt lat="34.659872" lon="127.589916" sectionIndex="0" pointIndex="1515" originalElevation="155.0" isOriginalElevationFromOSM="false" isAnchor="false"><ele>166.4</ele></trkpt>
<trkpt lat="34.659862" lon="127.589969" sectionIndex="0" pointIndex="1516" originalElevation="155.0" isOriginalElevationFromOSM="false" isAnchor="false"><ele>166.6</ele></trkpt>
<trkpt lat="34.659853" lon="127.590022" sectionIndex="0" pointIndex="1517" originalElevation="175.0" isOriginalElevationFromOSM="false" isAnchor="false"><ele>167.0</ele></trkpt>
<trkpt lat="34.659843" lon="127.590076" sectionIndex="0" pointIndex="1518" originalElevation="175.0" isOriginalElevationFromOSM="false" isAnchor="false"><ele>167.5</ele></trkpt>
<trkpt lat="34.659834" lon="127.590129" sectionIndex="0" pointIndex="1519" originalElevation="175.0" isOriginalElevationFromOSM="false" isAnchor="false"><ele>168.1</ele></trkpt>
<trkpt lat="34.659825" lon="127.590183" sectionIndex="0" pointIndex="1520" originalElevation="175.0" isOriginalElevationFromOSM="false" isAnchor="false"><ele>168.7</ele></trkpt>
<trkpt lat="34.659815" lon="127.590236" sectionIndex="0" pointIndex="1521" originalElevation="175.0" isOriginalElevationFromOSM="false" isAnchor="false"><ele>169.9</ele></trkpt>
<trkpt lat="34.659806" lon="127.590290" sectionIndex="0" pointIndex="1522" originalElevation="175.0" isOriginalElevationFromOSM="false" isAnchor="false"><ele>171.2</ele></trkpt>
<trkpt lat="34.659797" lon="127.590343" sectionIndex="0" pointIndex="1523" originalElevation="175.0" isOriginalElevationFromOSM="false" isAnchor="false"><ele>172.4</ele></trkpt>
<trkpt lat="34.659787" lon="127.590397" sectionIndex="0" pointIndex="1524" originalElevation="175.0" isOriginalElevationFromOSM="false" isAnchor="false"><ele>173.6</ele></trkpt>
<trkpt lat="34.659779" lon="127.590444" sectionIndex="0" pointIndex="1525" originalElevation="175.0" isOriginalElevationFromOSM="false" isAnchor="false"><ele>174.8</ele></trkpt>
<trkpt lat="34.659779" lon="127.590444" sectionIndex="0" pointIndex="1526" originalElevation="175.0" isOriginalElevationFromOSM="false" isAnchor="false"><ele>176.1</ele></trkpt>
<trkpt lat="34.659748" lon="127.590483" sectionIndex="0" pointIndex="1527" originalElevation="175.0" isOriginalElevationFromOSM="false" isAnchor="false"><ele>177.5</ele></trkpt>
<trkpt lat="34.659717" lon="127.590523" sectionIndex="0" pointIndex="1528" originalElevation="175.0" isOriginalElevationFromOSM="false" isAnchor="false"><ele>178.9</ele></trkpt>
<trkpt lat="34.659686" lon="127.590563" sectionIndex="0" pointIndex="1529" originalElevation="175.0" isOriginalElevationFromOSM="false" isAnchor="false"><ele>180.4</ele></trkpt>
<trkpt lat="34.659655" lon="127.590602" sectionIndex="0" pointIndex="1530" originalElevation="175.0" isOriginalElevationFromOSM="false" isAnchor="false"><ele>181.9</ele></trkpt>
<trkpt lat="34.659624" lon="127.590642" sectionIndex="0" pointIndex="1531" originalElevation="175.0" isOriginalElevationFromOSM="false" isAnchor="false"><ele>183.3</ele></trkpt>
<trkpt lat="34.659593" lon="127.590681" sectionIndex="0" pointIndex="1532" originalElevation="175.0" isOriginalElevationFromOSM="false" isAnchor="false"><ele>184.8</ele></trkpt>
<trkpt lat="34.659562" lon="127.590721" sectionIndex="0" pointIndex="1533" originalElevation="175.0" isOriginalElevationFromOSM="false" isAnchor="false"><ele>186.0</ele></trkpt>
<trkpt lat="34.659532" lon="127.590761" sectionIndex="0" pointIndex="1534" originalElevation="175.0" isOriginalElevationFromOSM="false" isAnchor="false"><ele>187.3</ele></trkpt>
<trkpt lat="34.659501" lon="127.590800" sectionIndex="0" pointIndex="1535" originalElevation="175.0" isOriginalElevationFromOSM="false" isAnchor="false"><ele>188.5</ele></trkpt>
<trkpt lat="34.659470" lon="127.590840" sectionIndex="0" pointIndex="1536" originalElevation="208.0" isOriginalElevationFromOSM="false" isAnchor="false"><ele>189.6</ele></trkpt>
<trkpt lat="34.659439" lon="127.590880" sectionIndex="0" pointIndex="1537" originalElevation="208.0" isOriginalElevationFromOSM="false" isAnchor="false"><ele>190.5</ele></trkpt>
<trkpt lat="34.659408" lon="127.590919" sectionIndex="0" pointIndex="1538" originalElevation="208.0" isOriginalElevationFromOSM="false" isAnchor="false"><ele>191.2</ele></trkpt>
<trkpt lat="34.659377" lon="127.590959" sectionIndex="0" pointIndex="1539" originalElevation="208.0" isOriginalElevationFromOSM="false" isAnchor="false"><ele>191.7</ele></trkpt>
<trkpt lat="34.659346" lon="127.590999" sectionIndex="0" pointIndex="1540" originalElevation="208.0" isOriginalElevationFromOSM="false" isAnchor="false"><ele>192.0</ele></trkpt>
<trkpt lat="34.659315" lon="127.591038" sectionIndex="0" pointIndex="1541" originalElevation="208.0" isOriginalElevationFromOSM="false" isAnchor="false"><ele>192.0</ele></trkpt>
<trkpt lat="34.659284" lon="127.591078" sectionIndex="0" pointIndex="1542" originalElevation="208.0" isOriginalElevationFromOSM="false" isAnchor="false"><ele>191.8</ele></trkpt>
<trkpt lat="34.659253" lon="127.591118" sectionIndex="0" pointIndex="1543" originalElevation="208.0" isOriginalElevationFromOSM="false" isAnchor="false"><ele>191.3</ele></trkpt>
<trkpt lat="34.659222" lon="127.591157" sectionIndex="0" pointIndex="1544" originalElevation="208.0" isOriginalElevationFromOSM="false" isAnchor="false"><ele>190.7</ele></trkpt>
<trkpt lat="34.659191" lon="127.591197" sectionIndex="0" pointIndex="1545" originalElevation="208.0" isOriginalElevationFromOSM="false" isAnchor="false"><ele>189.8</ele></trkpt>
<trkpt lat="34.659160" lon="127.591236" sectionIndex="0" pointIndex="1546" originalElevation="175.0" isOriginalElevationFromOSM="false" isAnchor="false"><ele>188.9</ele></trkpt>
<trkpt lat="34.659129" lon="127.591276" sectionIndex="0" pointIndex="1547" originalElevation="175.0" isOriginalElevationFromOSM="false" isAnchor="false"><ele>187.8</ele></trkpt>
<trkpt lat="34.659098" lon="127.591316" sectionIndex="0" pointIndex="1548" originalElevation="175.0" isOriginalElevationFromOSM="false" isAnchor="false"><ele>186.7</ele></trkpt>
<trkpt lat="34.659067" lon="127.591355" sectionIndex="0" pointIndex="1549" originalElevation="175.0" isOriginalElevationFromOSM="false" isAnchor="false"><ele>185.6</ele></trkpt>
<trkpt lat="34.659036" lon="127.591395" sectionIndex="0" pointIndex="1550" originalElevation="175.0" isOriginalElevationFromOSM="false" isAnchor="false"><ele>184.6</ele></trkpt>
<trkpt lat="34.659008" lon="127.591431" sectionIndex="0" pointIndex="1551" originalElevation="175.0" isOriginalElevationFromOSM="false" isAnchor="false"><ele>183.6</ele></trkpt>
<trkpt lat="34.659008" lon="127.591431" sectionIndex="0" pointIndex="1552" originalElevation="175.0" isOriginalElevationFromOSM="false" isAnchor="false"><ele>182.5</ele></trkpt>
<trkpt lat="34.659009" lon="127.591485" sectionIndex="0" pointIndex="1553" originalElevation="175.0" isOriginalElevationFromOSM="false" isAnchor="false"><ele>181.7</ele></trkpt>
<trkpt lat="34.659009" lon="127.591540" sectionIndex="0" pointIndex="1554" originalElevation="175.0" isOriginalElevationFromOSM="false" isAnchor="false"><ele>180.9</ele></trkpt>
<trkpt lat="34.659010" lon="127.591595" sectionIndex="0" pointIndex="1555" originalElevation="175.0" isOriginalElevationFromOSM="false" isAnchor="false"><ele>180.4</ele></trkpt>
<trkpt lat="34.659010" lon="127.591649" sectionIndex="0" pointIndex="1556" originalElevation="175.0" isOriginalElevationFromOSM="false" isAnchor="false"><ele>179.9</ele></trkpt>
<trkpt lat="34.659010" lon="127.591704" sectionIndex="0" pointIndex="1557" originalElevation="181.0" isOriginalElevationFromOSM="false" isAnchor="false"><ele>179.7</ele></trkpt>
<trkpt lat="34.659011" lon="127.591759" sectionIndex="0" pointIndex="1558" originalElevation="181.0" isOriginalElevationFromOSM="false" isAnchor="false"><ele>179.5</ele></trkpt>
<trkpt lat="34.659011" lon="127.591813" sectionIndex="0" pointIndex="1559" originalElevation="181.0" isOriginalElevationFromOSM="false" isAnchor="false"><ele>179.5</ele></trkpt>
<trkpt lat="34.659012" lon="127.591868" sectionIndex="0" pointIndex="1560" originalElevation="181.0" isOriginalElevationFromOSM="false" isAnchor="false"><ele>179.5</ele></trkpt>
<trkpt lat="34.659012" lon="127.591923" sectionIndex="0" pointIndex="1561" originalElevation="181.0" isOriginalElevationFromOSM="false" isAnchor="false"><ele>179.6</ele></trkpt>
<trkpt lat="34.659013" lon="127.591977" sectionIndex="0" pointIndex="1562" originalElevation="181.0" isOriginalElevationFromOSM="false" isAnchor="false"><ele>179.9</ele></trkpt>
<trkpt lat="34.659013" lon="127.592032" sectionIndex="0" pointIndex="1563" originalElevation="181.0" isOriginalElevationFromOSM="false" isAnchor="false"><ele>180.3</ele></trkpt>
<trkpt lat="34.659014" lon="127.592087" sectionIndex="0" pointIndex="1564" originalElevation="181.0" isOriginalElevationFromOSM="false" isAnchor="false"><ele>180.6</ele></trkpt>
<trkpt lat="34.659014" lon="127.592141" sectionIndex="0" pointIndex="1565" originalElevation="181.0" isOriginalElevationFromOSM="false" isAnchor="false"><ele>180.9</ele></trkpt>
<trkpt lat="34.659015" lon="127.592196" sectionIndex="0" pointIndex="1566" originalElevation="181.0" isOriginalElevationFromOSM="false" isAnchor="false"><ele>181.1</ele></trkpt>
<trkpt lat="34.659015" lon="127.592251" sectionIndex="0" pointIndex="1567" originalElevation="181.0" isOriginalElevationFromOSM="false" isAnchor="false"><ele>181.4</ele></trkpt>
<trkpt lat="34.659015" lon="127.592305" sectionIndex="0" pointIndex="1568" originalElevation="181.0" isOriginalElevationFromOSM="false" isAnchor="false"><ele>181.7</ele></trkpt>
<trkpt lat="34.659016" lon="127.592360" sectionIndex="0" pointIndex="1569" originalElevation="181.0" isOriginalElevationFromOSM="false" isAnchor="false"><ele>181.9</ele></trkpt>
<trkpt lat="34.659016" lon="127.592415" sectionIndex="0" pointIndex="1570" originalElevation="181.0" isOriginalElevationFromOSM="false" isAnchor="false"><ele>182.1</ele></trkpt>
<trkpt lat="34.659017" lon="127.592469" sectionIndex="0" pointIndex="1571" originalElevation="181.0" isOriginalElevationFromOSM="false" isAnchor="false"><ele>182.4</ele></trkpt>
<trkpt lat="34.659017" lon="127.592524" sectionIndex="0" pointIndex="1572" originalElevation="184.0" isOriginalElevationFromOSM="false" isAnchor="false"><ele>182.6</ele></trkpt>
<trkpt lat="34.659018" lon="127.592579" sectionIndex="0" pointIndex="1573" originalElevation="184.0" isOriginalElevationFromOSM="false" isAnchor="false"><ele>182.7</ele></trkpt>
<trkpt lat="34.659018" lon="127.592633" sectionIndex="0" pointIndex="1574" originalElevation="184.0" isOriginalElevationFromOSM="false" isAnchor="false"><ele>183.0</ele></trkpt>
<trkpt lat="34.659019" lon="127.592688" sectionIndex="0" pointIndex="1575" originalElevation="184.0" isOriginalElevationFromOSM="false" isAnchor="false"><ele>183.2</ele></trkpt>
<trkpt lat="34.659019" lon="127.592743" sectionIndex="0" pointIndex="1576" originalElevation="184.0" isOriginalElevationFromOSM="false" isAnchor="false"><ele>183.4</ele></trkpt>
<trkpt lat="34.659020" lon="127.592797" sectionIndex="0" pointIndex="1577" originalElevation="184.0" isOriginalElevationFromOSM="false" isAnchor="false"><ele>183.6</ele></trkpt>
<trkpt lat="34.659020" lon="127.592805" sectionIndex="0" pointIndex="1578" originalElevation="184.0" isOriginalElevationFromOSM="false" isAnchor="false"><ele>183.8</ele></trkpt>
<trkpt lat="34.659020" lon="127.592805" sectionIndex="0" pointIndex="1579" originalElevation="184.0" isOriginalElevationFromOSM="false" isAnchor="false"><ele>184.1</ele></trkpt>
<trkpt lat="34.659025" lon="127.592860" sectionIndex="0" pointIndex="1580" originalElevation="184.0" isOriginalElevationFromOSM="false" isAnchor="false"><ele>184.3</ele></trkpt>
<trkpt lat="34.659030" lon="127.592914" sectionIndex="0" pointIndex="1581" originalElevation="184.0" isOriginalElevationFromOSM="false" isAnchor="false"><ele>184.6</ele></trkpt>
<trkpt lat="34.659035" lon="127.592968" sectionIndex="0" pointIndex="1582" originalElevation="184.0" isOriginalElevationFromOSM="false" isAnchor="false"><ele>184.9</ele></trkpt>
<trkpt lat="34.659040" lon="127.593023" sectionIndex="0" pointIndex="1583" originalElevation="184.0" isOriginalElevationFromOSM="false" isAnchor="false"><ele>185.2</ele></trkpt>
<trkpt lat="34.659045" lon="127.593077" sectionIndex="0" pointIndex="1584" originalElevation="184.0" isOriginalElevationFromOSM="false" isAnchor="false"><ele>185.5</ele></trkpt>
<trkpt lat="34.659050" lon="127.593131" sectionIndex="0" pointIndex="1585" originalElevation="184.0" isOriginalElevationFromOSM="false" isAnchor="false"><ele>185.8</ele></trkpt>
<trkpt lat="34.659055" lon="127.593186" sectionIndex="0" pointIndex="1586" originalElevation="184.0" isOriginalElevationFromOSM="false" isAnchor="false"><ele>186.2</ele></trkpt>
<trkpt lat="34.659060" lon="127.593240" sectionIndex="0" pointIndex="1587" originalElevation="184.0" isOriginalElevationFromOSM="false" isAnchor="false"><ele>186.5</ele></trkpt>
<trkpt lat="34.659065" lon="127.593294" sectionIndex="0" pointIndex="1588" originalElevation="184.0" isOriginalElevationFromOSM="false" isAnchor="false"><ele>186.8</ele></trkpt>
<trkpt lat="34.659070" lon="127.593349" sectionIndex="0" pointIndex="1589" originalElevation="190.0" isOriginalElevationFromOSM="false" isAnchor="false"><ele>187.2</ele></trkpt>
<trkpt lat="34.659076" lon="127.593403" sectionIndex="0" pointIndex="1590" originalElevation="190.0" isOriginalElevationFromOSM="false" isAnchor="false"><ele>187.5</ele></trkpt>
<trkpt lat="34.659081" lon="127.593457" sectionIndex="0" pointIndex="1591" originalElevation="190.0" isOriginalElevationFromOSM="false" isAnchor="false"><ele>187.8</ele></trkpt>
<trkpt lat="34.659086" lon="127.593512" sectionIndex="0" pointIndex="1592" originalElevation="190.0" isOriginalElevationFromOSM="false" isAnchor="false"><ele>188.1</ele></trkpt>
<trkpt lat="34.659091" lon="127.593566" sectionIndex="0" pointIndex="1593" originalElevation="190.0" isOriginalElevationFromOSM="false" isAnchor="false"><ele>188.4</ele></trkpt>
<trkpt lat="34.659096" lon="127.593620" sectionIndex="0" pointIndex="1594" originalElevation="190.0" isOriginalElevationFromOSM="false" isAnchor="false"><ele>188.7</ele></trkpt>
<trkpt lat="34.659101" lon="127.593674" sectionIndex="0" pointIndex="1595" originalElevation="190.0" isOriginalElevationFromOSM="false" isAnchor="false"><ele>188.9</ele></trkpt>
<trkpt lat="34.659106" lon="127.593729" sectionIndex="0" pointIndex="1596" originalElevation="190.0" isOriginalElevationFromOSM="false" isAnchor="false"><ele>189.1</ele></trkpt>
<trkpt lat="34.659111" lon="127.593783" sectionIndex="0" pointIndex="1597" originalElevation="190.0" isOriginalElevationFromOSM="false" isAnchor="false"><ele>189.3</ele></trkpt>
<trkpt lat="34.659116" lon="127.593837" sectionIndex="0" pointIndex="1598" originalElevation="190.0" isOriginalElevationFromOSM="false" isAnchor="false"><ele>189.5</ele></trkpt>
<trkpt lat="34.659121" lon="127.593892" sectionIndex="0" pointIndex="1599" originalElevation="190.0" isOriginalElevationFromOSM="false" isAnchor="false"><ele>189.6</ele></trkpt>
<trkpt lat="34.659126" lon="127.593946" sectionIndex="0" pointIndex="1600" originalElevation="190.0" isOriginalElevationFromOSM="false" isAnchor="false"><ele>189.7</ele></trkpt>
<trkpt lat="34.659132" lon="127.594000" sectionIndex="0" pointIndex="1601" originalElevation="190.0" isOriginalElevationFromOSM="false" isAnchor="false"><ele>189.8</ele></trkpt>
<trkpt lat="34.659137" lon="127.594055" sectionIndex="0" pointIndex="1602" originalElevation="190.0" isOriginalElevationFromOSM="false" isAnchor="false"><ele>189.9</ele></trkpt>
<trkpt lat="34.659142" lon="127.594109" sectionIndex="0" pointIndex="1603" originalElevation="190.0" isOriginalElevationFromOSM="false" isAnchor="false"><ele>190.0</ele></trkpt>
<trkpt lat="34.659147" lon="127.594163" sectionIndex="0" pointIndex="1604" originalElevation="190.0" isOriginalElevationFromOSM="false" isAnchor="false"><ele>190.0</ele></trkpt>
<trkpt lat="34.659152" lon="127.594218" sectionIndex="0" pointIndex="1605" originalElevation="190.0" isOriginalElevationFromOSM="false" isAnchor="false"><ele>190.0</ele></trkpt>
<trkpt lat="34.659157" lon="127.594268" sectionIndex="0" pointIndex="1606" originalElevation="190.0" isOriginalElevationFromOSM="false" isAnchor="false"><ele>190.0</ele></trkpt>
<trkpt lat="34.659157" lon="127.594268" sectionIndex="0" pointIndex="1607" originalElevation="190.0" isOriginalElevationFromOSM="false" isAnchor="false"><ele>190.0</ele></trkpt>
<trkpt lat="34.659149" lon="127.594322" sectionIndex="0" pointIndex="1608" originalElevation="190.0" isOriginalElevationFromOSM="false" isAnchor="false"><ele>190.1</ele></trkpt>
<trkpt lat="34.659141" lon="127.594376" sectionIndex="0" pointIndex="1609" originalElevation="190.0" isOriginalElevationFromOSM="false" isAnchor="false"><ele>190.1</ele></trkpt>
<trkpt lat="34.659134" lon="127.594430" sectionIndex="0" pointIndex="1610" originalElevation="190.0" isOriginalElevationFromOSM="false" isAnchor="false"><ele>190.2</ele></trkpt>
<trkpt lat="34.659126" lon="127.594484" sectionIndex="0" pointIndex="1611" originalElevation="190.0" isOriginalElevationFromOSM="false" isAnchor="false"><ele>190.3</ele></trkpt>
<trkpt lat="34.659118" lon="127.594538" sectionIndex="0" pointIndex="1612" originalElevation="190.0" isOriginalElevationFromOSM="false" isAnchor="false"><ele>190.4</ele></trkpt>
<trkpt lat="34.659111" lon="127.594591" sectionIndex="0" pointIndex="1613" originalElevation="190.0" isOriginalElevationFromOSM="false" isAnchor="false"><ele>191.0</ele></trkpt>
<trkpt lat="34.659103" lon="127.594645" sectionIndex="0" pointIndex="1614" originalElevation="190.0" isOriginalElevationFromOSM="false" isAnchor="false"><ele>191.7</ele></trkpt>
<trkpt lat="34.659095" lon="127.594699" sectionIndex="0" pointIndex="1615" originalElevation="190.0" isOriginalElevationFromOSM="false" isAnchor="false"><ele>192.5</ele></trkpt>
<trkpt lat="34.659087" lon="127.594753" sectionIndex="0" pointIndex="1616" originalElevation="190.0" isOriginalElevationFromOSM="false" isAnchor="false"><ele>193.5</ele></trkpt>
<trkpt lat="34.659080" lon="127.594807" sectionIndex="0" pointIndex="1617" originalElevation="190.0" isOriginalElevationFromOSM="false" isAnchor="false"><ele>194.7</ele></trkpt>
<trkpt lat="34.659072" lon="127.594861" sectionIndex="0" pointIndex="1618" originalElevation="190.0" isOriginalElevationFromOSM="false" isAnchor="false"><ele>196.2</ele></trkpt>
<trkpt lat="34.659064" lon="127.594915" sectionIndex="0" pointIndex="1619" originalElevation="190.0" isOriginalElevationFromOSM="false" isAnchor="false"><ele>197.9</ele></trkpt>
<trkpt lat="34.659063" lon="127.594922" sectionIndex="0" pointIndex="1620" originalElevation="190.0" isOriginalElevationFromOSM="false" isAnchor="false"><ele>199.8</ele></trkpt>
<trkpt lat="34.659063" lon="127.594922" sectionIndex="0" pointIndex="1621" originalElevation="190.0" isOriginalElevationFromOSM="false" isAnchor="false"><ele>201.9</ele></trkpt>
<trkpt lat="34.659078" lon="127.594974" sectionIndex="0" pointIndex="1622" originalElevation="190.0" isOriginalElevationFromOSM="false" isAnchor="false"><ele>204.3</ele></trkpt>
<trkpt lat="34.659094" lon="127.595025" sectionIndex="0" pointIndex="1623" originalElevation="197.0" isOriginalElevationFromOSM="false" isAnchor="false"><ele>206.9</ele></trkpt>
<trkpt lat="34.659109" lon="127.595077" sectionIndex="0" pointIndex="1624" originalElevation="197.0" isOriginalElevationFromOSM="false" isAnchor="false"><ele>209.8</ele></trkpt>
<trkpt lat="34.659124" lon="127.595128" sectionIndex="0" pointIndex="1625" originalElevation="197.0" isOriginalElevationFromOSM="false" isAnchor="false"><ele>212.9</ele></trkpt>
<trkpt lat="34.659139" lon="127.595180" sectionIndex="0" pointIndex="1626" originalElevation="197.0" isOriginalElevationFromOSM="false" isAnchor="false"><ele>216.1</ele></trkpt>
<trkpt lat="34.659154" lon="127.595231" sectionIndex="0" pointIndex="1627" originalElevation="197.0" isOriginalElevationFromOSM="false" isAnchor="false"><ele>219.3</ele></trkpt>
<trkpt lat="34.659169" lon="127.595283" sectionIndex="0" pointIndex="1628" originalElevation="247.0" isOriginalElevationFromOSM="false" isAnchor="false"><ele>222.7</ele></trkpt>
<trkpt lat="34.659184" lon="127.595334" sectionIndex="0" pointIndex="1629" originalElevation="247.0" isOriginalElevationFromOSM="false" isAnchor="false"><ele>226.0</ele></trkpt>
<trkpt lat="34.659199" lon="127.595385" sectionIndex="0" pointIndex="1630" originalElevation="247.0" isOriginalElevationFromOSM="false" isAnchor="false"><ele>229.3</ele></trkpt>
<trkpt lat="34.659215" lon="127.595437" sectionIndex="0" pointIndex="1631" originalElevation="247.0" isOriginalElevationFromOSM="false" isAnchor="false"><ele>232.4</ele></trkpt>
<trkpt lat="34.659230" lon="127.595488" sectionIndex="0" pointIndex="1632" originalElevation="247.0" isOriginalElevationFromOSM="false" isAnchor="false"><ele>235.5</ele></trkpt>
<trkpt lat="34.659245" lon="127.595540" sectionIndex="0" pointIndex="1633" originalElevation="247.0" isOriginalElevationFromOSM="false" isAnchor="false"><ele>238.4</ele></trkpt>
<trkpt lat="34.659260" lon="127.595591" sectionIndex="0" pointIndex="1634" originalElevation="247.0" isOriginalElevationFromOSM="false" isAnchor="false"><ele>241.1</ele></trkpt>
<trkpt lat="34.659275" lon="127.595643" sectionIndex="0" pointIndex="1635" originalElevation="247.0" isOriginalElevationFromOSM="false" isAnchor="false"><ele>243.6</ele></trkpt>
<trkpt lat="34.659290" lon="127.595694" sectionIndex="0" pointIndex="1636" originalElevation="247.0" isOriginalElevationFromOSM="false" isAnchor="false"><ele>245.9</ele></trkpt>
<trkpt lat="34.659305" lon="127.595746" sectionIndex="0" pointIndex="1637" originalElevation="247.0" isOriginalElevationFromOSM="false" isAnchor="false"><ele>248.1</ele></trkpt>
<trkpt lat="34.659320" lon="127.595797" sectionIndex="0" pointIndex="1638" originalElevation="247.0" isOriginalElevationFromOSM="false" isAnchor="false"><ele>250.0</ele></trkpt>
<trkpt lat="34.659335" lon="127.595849" sectionIndex="0" pointIndex="1639" originalElevation="260.0" isOriginalElevationFromOSM="false" isAnchor="false"><ele>251.6</ele></trkpt>
<trkpt lat="34.659351" lon="127.595900" sectionIndex="0" pointIndex="1640" originalElevation="260.0" isOriginalElevationFromOSM="false" isAnchor="false"><ele>253.1</ele></trkpt>
<trkpt lat="34.659366" lon="127.595952" sectionIndex="0" pointIndex="1641" originalElevation="260.0" isOriginalElevationFromOSM="false" isAnchor="false"><ele>254.4</ele></trkpt>
<trkpt lat="34.659381" lon="127.596003" sectionIndex="0" pointIndex="1642" originalElevation="260.0" isOriginalElevationFromOSM="false" isAnchor="false"><ele>255.8</ele></trkpt>
<trkpt lat="34.659396" lon="127.596055" sectionIndex="0" pointIndex="1643" originalElevation="260.0" isOriginalElevationFromOSM="false" isAnchor="false"><ele>257.0</ele></trkpt>
<trkpt lat="34.659411" lon="127.596106" sectionIndex="0" pointIndex="1644" originalElevation="260.0" isOriginalElevationFromOSM="false" isAnchor="false"><ele>258.0</ele></trkpt>
<trkpt lat="34.659426" lon="127.596158" sectionIndex="0" pointIndex="1645" originalElevation="260.0" isOriginalElevationFromOSM="false" isAnchor="false"><ele>258.9</ele></trkpt>
<trkpt lat="34.659436" lon="127.596190" sectionIndex="0" pointIndex="1646" originalElevation="260.0" isOriginalElevationFromOSM="false" isAnchor="false"><ele>259.9</ele></trkpt>
<trkpt lat="34.659436" lon="127.596190" sectionIndex="0" pointIndex="1647" originalElevation="260.0" isOriginalElevationFromOSM="false" isAnchor="false"><ele>260.9</ele></trkpt>
<trkpt lat="34.659454" lon="127.596240" sectionIndex="0" pointIndex="1648" originalElevation="260.0" isOriginalElevationFromOSM="false" isAnchor="false"><ele>262.1</ele></trkpt>
<trkpt lat="34.659472" lon="127.596290" sectionIndex="0" pointIndex="1649" originalElevation="260.0" isOriginalElevationFromOSM="false" isAnchor="false"><ele>263.2</ele></trkpt>
<trkpt lat="34.659490" lon="127.596340" sectionIndex="0" pointIndex="1650" originalElevation="260.0" isOriginalElevationFromOSM="false" isAnchor="false"><ele>264.5</ele></trkpt>
<trkpt lat="34.659509" lon="127.596390" sectionIndex="0" pointIndex="1651" originalElevation="260.0" isOriginalElevationFromOSM="false" isAnchor="false"><ele>265.8</ele></trkpt>
<trkpt lat="34.659527" lon="127.596440" sectionIndex="0" pointIndex="1652" originalElevation="260.0" isOriginalElevationFromOSM="false" isAnchor="false"><ele>267.2</ele></trkpt>
<trkpt lat="34.659545" lon="127.596490" sectionIndex="0" pointIndex="1653" originalElevation="260.0" isOriginalElevationFromOSM="false" isAnchor="false"><ele>268.7</ele></trkpt>
<trkpt lat="34.659563" lon="127.596540" sectionIndex="0" pointIndex="1654" originalElevation="260.0" isOriginalElevationFromOSM="false" isAnchor="false"><ele>270.2</ele></trkpt>
<trkpt lat="34.659582" lon="127.596590" sectionIndex="0" pointIndex="1655" originalElevation="260.0" isOriginalElevationFromOSM="false" isAnchor="false"><ele>271.7</ele></trkpt>
<trkpt lat="34.659600" lon="127.596640" sectionIndex="0" pointIndex="1656" originalElevation="260.0" isOriginalElevationFromOSM="false" isAnchor="false"><ele>273.2</ele></trkpt>
<trkpt lat="34.659618" lon="127.596690" sectionIndex="0" pointIndex="1657" originalElevation="288.0" isOriginalElevationFromOSM="false" isAnchor="false"><ele>274.8</ele></trkpt>
<trkpt lat="34.659636" lon="127.596740" sectionIndex="0" pointIndex="1658" originalElevation="288.0" isOriginalElevationFromOSM="false" isAnchor="false"><ele>276.3</ele></trkpt>
<trkpt lat="34.659655" lon="127.596790" sectionIndex="0" pointIndex="1659" originalElevation="288.0" isOriginalElevationFromOSM="false" isAnchor="false"><ele>277.8</ele></trkpt>
<trkpt lat="34.659673" lon="127.596840" sectionIndex="0" pointIndex="1660" originalElevation="288.0" isOriginalElevationFromOSM="false" isAnchor="false"><ele>279.2</ele></trkpt>
<trkpt lat="34.659691" lon="127.596890" sectionIndex="0" pointIndex="1661" originalElevation="288.0" isOriginalElevationFromOSM="false" isAnchor="false"><ele>280.4</ele></trkpt>
<trkpt lat="34.659709" lon="127.596940" sectionIndex="0" pointIndex="1662" originalElevation="288.0" isOriginalElevationFromOSM="false" isAnchor="false"><ele>281.8</ele></trkpt>
<trkpt lat="34.659728" lon="127.596990" sectionIndex="0" pointIndex="1663" originalElevation="288.0" isOriginalElevationFromOSM="false" isAnchor="false"><ele>283.0</ele></trkpt>
<trkpt lat="34.659746" lon="127.597040" sectionIndex="0" pointIndex="1664" originalElevation="288.0" isOriginalElevationFromOSM="false" isAnchor="false"><ele>284.2</ele></trkpt>
<trkpt lat="34.659764" lon="127.597090" sectionIndex="0" pointIndex="1665" originalElevation="288.0" isOriginalElevationFromOSM="false" isAnchor="false"><ele>285.3</ele></trkpt>
<trkpt lat="34.659782" lon="127.597140" sectionIndex="0" pointIndex="1666" originalElevation="288.0" isOriginalElevationFromOSM="false" isAnchor="false"><ele>286.3</ele></trkpt>
<trkpt lat="34.659801" lon="127.597190" sectionIndex="0" pointIndex="1667" originalElevation="288.0" isOriginalElevationFromOSM="false" isAnchor="false"><ele>287.3</ele></trkpt>
<trkpt lat="34.659819" lon="127.597240" sectionIndex="0" pointIndex="1668" originalElevation="288.0" isOriginalElevationFromOSM="false" isAnchor="false"><ele>288.2</ele></trkpt>
<trkpt lat="34.659827" lon="127.597262" sectionIndex="0" pointIndex="1669" originalElevation="288.0" isOriginalElevationFromOSM="false" isAnchor="false"><ele>289.2</ele></trkpt>
<trkpt lat="34.659827" lon="127.597262" sectionIndex="0" pointIndex="1670" originalElevation="288.0" isOriginalElevationFromOSM="false" isAnchor="false"><ele>290.1</ele></trkpt>
<trkpt lat="34.659862" lon="127.597297" sectionIndex="0" pointIndex="1671" originalElevation="288.0" isOriginalElevationFromOSM="false" isAnchor="false"><ele>291.0</ele></trkpt>
<trkpt lat="34.659897" lon="127.597332" sectionIndex="0" pointIndex="1672" originalElevation="288.0" isOriginalElevationFromOSM="false" isAnchor="false"><ele>292.0</ele></trkpt>
<trkpt lat="34.659931" lon="127.597366" sectionIndex="0" pointIndex="1673" originalElevation="288.0" isOriginalElevationFromOSM="false" isAnchor="false"><ele>292.8</ele></trkpt>
<trkpt lat="34.659966" lon="127.597401" sectionIndex="0" pointIndex="1674" originalElevation="288.0" isOriginalElevationFromOSM="false" isAnchor="false"><ele>293.7</ele></trkpt>
<trkpt lat="34.660001" lon="127.597436" sectionIndex="0" pointIndex="1675" originalElevation="280.0" isOriginalElevationFromOSM="false" isAnchor="false"><ele>294.6</ele></trkpt>
<trkpt lat="34.660036" lon="127.597470" sectionIndex="0" pointIndex="1676" originalElevation="280.0" isOriginalElevationFromOSM="false" isAnchor="false"><ele>295.6</ele></trkpt>
<trkpt lat="34.660070" lon="127.597505" sectionIndex="0" pointIndex="1677" originalElevation="306.0" isOriginalElevationFromOSM="false" isAnchor="false"><ele>296.6</ele></trkpt>
<trkpt lat="34.660105" lon="127.597540" sectionIndex="0" pointIndex="1678" originalElevation="306.0" isOriginalElevationFromOSM="false" isAnchor="false"><ele>297.6</ele></trkpt>
<trkpt lat="34.660140" lon="127.597574" sectionIndex="0" pointIndex="1679" originalElevation="306.0" isOriginalElevationFromOSM="false" isAnchor="false"><ele>298.7</ele></trkpt>
<trkpt lat="34.660175" lon="127.597609" sectionIndex="0" pointIndex="1680" originalElevation="306.0" isOriginalElevationFromOSM="false" isAnchor="false"><ele>299.6</ele></trkpt>
<trkpt lat="34.660209" lon="127.597644" sectionIndex="0" pointIndex="1681" originalElevation="306.0" isOriginalElevationFromOSM="false" isAnchor="false"><ele>300.6</ele></trkpt>
<trkpt lat="34.660244" lon="127.597678" sectionIndex="0" pointIndex="1682" originalElevation="306.0" isOriginalElevationFromOSM="false" isAnchor="false"><ele>301.4</ele></trkpt>
<trkpt lat="34.660279" lon="127.597713" sectionIndex="0" pointIndex="1683" originalElevation="306.0" isOriginalElevationFromOSM="false" isAnchor="false"><ele>302.3</ele></trkpt>
<trkpt lat="34.660312" lon="127.597746" sectionIndex="0" pointIndex="1684" originalElevation="306.0" isOriginalElevationFromOSM="false" isAnchor="false"><ele>303.2</ele></trkpt>
<trkpt lat="34.660312" lon="127.597746" sectionIndex="0" pointIndex="1685" originalElevation="306.0" isOriginalElevationFromOSM="false" isAnchor="false"><ele>304.0</ele></trkpt>
<trkpt lat="34.660315" lon="127.597800" sectionIndex="0" pointIndex="1686" originalElevation="306.0" isOriginalElevationFromOSM="false" isAnchor="false"><ele>304.7</ele></trkpt>
<trkpt lat="34.660318" lon="127.597855" sectionIndex="0" pointIndex="1687" originalElevation="306.0" isOriginalElevationFromOSM="false" isAnchor="false"><ele>305.5</ele></trkpt>
<trkpt lat="34.660321" lon="127.597909" sectionIndex="0" pointIndex="1688" originalElevation="306.0" isOriginalElevationFromOSM="false" isAnchor="false"><ele>306.2</ele></trkpt>
<trkpt lat="34.660324" lon="127.597964" sectionIndex="0" pointIndex="1689" originalElevation="306.0" isOriginalElevationFromOSM="false" isAnchor="false"><ele>306.9</ele></trkpt>
<trkpt lat="34.660328" lon="127.598018" sectionIndex="0" pointIndex="1690" originalElevation="306.0" isOriginalElevationFromOSM="false" isAnchor="false"><ele>307.6</ele></trkpt>
<trkpt lat="34.660331" lon="127.598073" sectionIndex="0" pointIndex="1691" originalElevation="306.0" isOriginalElevationFromOSM="false" isAnchor="false"><ele>308.5</ele></trkpt>
<trkpt lat="34.660334" lon="127.598127" sectionIndex="0" pointIndex="1692" originalElevation="306.0" isOriginalElevationFromOSM="false" isAnchor="false"><ele>309.4</ele></trkpt>
<trkpt lat="34.660337" lon="127.598182" sectionIndex="0" pointIndex="1693" originalElevation="306.0" isOriginalElevationFromOSM="false" isAnchor="false"><ele>310.2</ele></trkpt>
<trkpt lat="34.660340" lon="127.598236" sectionIndex="0" pointIndex="1694" originalElevation="306.0" isOriginalElevationFromOSM="false" isAnchor="false"><ele>311.1</ele></trkpt>
<trkpt lat="34.660343" lon="127.598291" sectionIndex="0" pointIndex="1695" originalElevation="306.0" isOriginalElevationFromOSM="false" isAnchor="false"><ele>312.1</ele></trkpt>
<trkpt lat="34.660345" lon="127.598313" sectionIndex="0" pointIndex="1696" originalElevation="306.0" isOriginalElevationFromOSM="false" isAnchor="false"><ele>313.2</ele></trkpt>
<trkpt lat="34.660345" lon="127.598313" sectionIndex="0" pointIndex="1697" originalElevation="306.0" isOriginalElevationFromOSM="false" isAnchor="false"><ele>314.4</ele></trkpt>
<trkpt lat="34.660303" lon="127.598334" sectionIndex="0" pointIndex="1698" originalElevation="320.0" isOriginalElevationFromOSM="false" isAnchor="false"><ele>315.7</ele></trkpt>
<trkpt lat="34.660262" lon="127.598355" sectionIndex="0" pointIndex="1699" originalElevation="320.0" isOriginalElevationFromOSM="false" isAnchor="false"><ele>317.0</ele></trkpt>
<trkpt lat="34.660220" lon="127.598376" sectionIndex="0" pointIndex="1700" originalElevation="320.0" isOriginalElevationFromOSM="false" isAnchor="false"><ele>318.4</ele></trkpt>
<trkpt lat="34.660179" lon="127.598397" sectionIndex="0" pointIndex="1701" originalElevation="320.0" isOriginalElevationFromOSM="false" isAnchor="false"><ele>319.9</ele></trkpt>
<trkpt lat="34.660137" lon="127.598418" sectionIndex="0" pointIndex="1702" originalElevation="320.0" isOriginalElevationFromOSM="false" isAnchor="false"><ele>321.3</ele></trkpt>
<trkpt lat="34.660096" lon="127.598439" sectionIndex="0" pointIndex="1703" originalElevation="320.0" isOriginalElevationFromOSM="false" isAnchor="false"><ele>322.7</ele></trkpt>
<trkpt lat="34.660054" lon="127.598460" sectionIndex="0" pointIndex="1704" originalElevation="320.0" isOriginalElevationFromOSM="false" isAnchor="false"><ele>324.2</ele></trkpt>
<trkpt lat="34.660012" lon="127.598480" sectionIndex="0" pointIndex="1705" originalElevation="320.0" isOriginalElevationFromOSM="false" isAnchor="false"><ele>325.5</ele></trkpt>
<trkpt lat="34.659971" lon="127.598501" sectionIndex="0" pointIndex="1706" originalElevation="336.0" isOriginalElevationFromOSM="false" isAnchor="false"><ele>326.9</ele></trkpt>
<trkpt lat="34.659929" lon="127.598522" sectionIndex="0" pointIndex="1707" originalElevation="336.0" isOriginalElevationFromOSM="false" isAnchor="false"><ele>328.1</ele></trkpt>
<trkpt lat="34.659888" lon="127.598543" sectionIndex="0" pointIndex="1708" originalElevation="336.0" isOriginalElevationFromOSM="false" isAnchor="false"><ele>329.3</ele></trkpt>
<trkpt lat="34.659875" lon="127.598550" sectionIndex="0" pointIndex="1709" originalElevation="336.0" isOriginalElevationFromOSM="false" isAnchor="false"><ele>330.4</ele></trkpt>
<trkpt lat="34.659875" lon="127.598550" sectionIndex="0" pointIndex="1710" originalElevation="336.0" isOriginalElevationFromOSM="false" isAnchor="false"><ele>331.3</ele></trkpt>
<trkpt lat="34.659837" lon="127.598580" sectionIndex="0" pointIndex="1711" originalElevation="336.0" isOriginalElevationFromOSM="false" isAnchor="false"><ele>332.2</ele></trkpt>
<trkpt lat="34.659800" lon="127.598610" sectionIndex="0" pointIndex="1712" originalElevation="336.0" isOriginalElevationFromOSM="false" isAnchor="false"><ele>333.0</ele></trkpt>
<trkpt lat="34.659763" lon="127.598640" sectionIndex="0" pointIndex="1713" originalElevation="336.0" isOriginalElevationFromOSM="false" isAnchor="false"><ele>333.7</ele></trkpt>
<trkpt lat="34.659725" lon="127.598671" sectionIndex="0" pointIndex="1714" originalElevation="336.0" isOriginalElevationFromOSM="false" isAnchor="false"><ele>334.2</ele></trkpt>
<trkpt lat="34.659688" lon="127.598701" sectionIndex="0" pointIndex="1715" originalElevation="336.0" isOriginalElevationFromOSM="false" isAnchor="false"><ele>334.6</ele></trkpt>
<trkpt lat="34.659650" lon="127.598731" sectionIndex="0" pointIndex="1716" originalElevation="336.0" isOriginalElevationFromOSM="false" isAnchor="false"><ele>334.9</ele></trkpt>
<trkpt lat="34.659613" lon="127.598761" sectionIndex="0" pointIndex="1717" originalElevation="336.0" isOriginalElevationFromOSM="false" isAnchor="false"><ele>335.2</ele></trkpt>
<trkpt lat="34.659575" lon="127.598792" sectionIndex="0" pointIndex="1718" originalElevation="336.0" isOriginalElevationFromOSM="false" isAnchor="false"><ele>335.4</ele></trkpt>
<trkpt lat="34.659538" lon="127.598822" sectionIndex="0" pointIndex="1719" originalElevation="336.0" isOriginalElevationFromOSM="false" isAnchor="false"><ele>335.5</ele></trkpt>
<trkpt lat="34.659500" lon="127.598852" sectionIndex="0" pointIndex="1720" originalElevation="336.0" isOriginalElevationFromOSM="false" isAnchor="false"><ele>335.6</ele></trkpt>
<trkpt lat="34.659463" lon="127.598882" sectionIndex="0" pointIndex="1721" originalElevation="336.0" isOriginalElevationFromOSM="false" isAnchor="false"><ele>335.7</ele></trkpt>
<trkpt lat="34.659425" lon="127.598913" sectionIndex="0" pointIndex="1722" originalElevation="336.0" isOriginalElevationFromOSM="false" isAnchor="false"><ele>335.6</ele></trkpt>
<trkpt lat="34.659388" lon="127.598943" sectionIndex="0" pointIndex="1723" originalElevation="336.0" isOriginalElevationFromOSM="false" isAnchor="false"><ele>335.5</ele></trkpt>
<trkpt lat="34.659350" lon="127.598973" sectionIndex="0" pointIndex="1724" originalElevation="336.0" isOriginalElevationFromOSM="false" isAnchor="false"><ele>335.4</ele></trkpt>
<trkpt lat="34.659313" lon="127.599003" sectionIndex="0" pointIndex="1725" originalElevation="336.0" isOriginalElevationFromOSM="false" isAnchor="false"><ele>335.4</ele></trkpt>
<trkpt lat="34.659276" lon="127.599034" sectionIndex="0" pointIndex="1726" originalElevation="336.0" isOriginalElevationFromOSM="false" isAnchor="false"><ele>335.3</ele></trkpt>
<trkpt lat="34.659238" lon="127.599064" sectionIndex="0" pointIndex="1727" originalElevation="336.0" isOriginalElevationFromOSM="false" isAnchor="false"><ele>335.3</ele></trkpt>
<trkpt lat="34.659205" lon="127.599090" sectionIndex="0" pointIndex="1728" originalElevation="336.0" isOriginalElevationFromOSM="false" isAnchor="false"><ele>335.3</ele></trkpt>
<trkpt lat="34.659205" lon="127.599090" sectionIndex="0" pointIndex="1729" originalElevation="336.0" isOriginalElevationFromOSM="false" isAnchor="false"><ele>335.3</ele></trkpt>
<trkpt lat="34.659161" lon="127.599100" sectionIndex="0" pointIndex="1730" originalElevation="333.0" isOriginalElevationFromOSM="false" isAnchor="false"><ele>335.3</ele></trkpt>
<trkpt lat="34.659117" lon="127.599109" sectionIndex="0" pointIndex="1731" originalElevation="333.0" isOriginalElevationFromOSM="false" isAnchor="false"><ele>335.3</ele></trkpt>
<trkpt lat="34.659072" lon="127.599118" sectionIndex="0" pointIndex="1732" originalElevation="333.0" isOriginalElevationFromOSM="false" isAnchor="false"><ele>335.4</ele></trkpt>
<trkpt lat="34.659028" lon="127.599127" sectionIndex="0" pointIndex="1733" originalElevation="333.0" isOriginalElevationFromOSM="false" isAnchor="false"><ele>335.5</ele></trkpt>
<trkpt lat="34.658984" lon="127.599137" sectionIndex="0" pointIndex="1734" originalElevation="333.0" isOriginalElevationFromOSM="false" isAnchor="false"><ele>335.7</ele></trkpt>
<trkpt lat="34.658939" lon="127.599146" sectionIndex="0" pointIndex="1735" originalElevation="333.0" isOriginalElevationFromOSM="false" isAnchor="false"><ele>335.8</ele></trkpt>
<trkpt lat="34.658895" lon="127.599155" sectionIndex="0" pointIndex="1736" originalElevation="333.0" isOriginalElevationFromOSM="false" isAnchor="false"><ele>336.0</ele></trkpt>
<trkpt lat="34.658851" lon="127.599164" sectionIndex="0" pointIndex="1737" originalElevation="333.0" isOriginalElevationFromOSM="false" isAnchor="false"><ele>336.3</ele></trkpt>
<trkpt lat="34.658806" lon="127.599174" sectionIndex="0" pointIndex="1738" originalElevation="339.0" isOriginalElevationFromOSM="false" isAnchor="false"><ele>336.5</ele></trkpt>
<trkpt lat="34.658762" lon="127.599183" sectionIndex="0" pointIndex="1739" originalElevation="339.0" isOriginalElevationFromOSM="false" isAnchor="false"><ele>336.8</ele></trkpt>
<trkpt lat="34.658718" lon="127.599192" sectionIndex="0" pointIndex="1740" originalElevation="339.0" isOriginalElevationFromOSM="false" isAnchor="false"><ele>336.9</ele></trkpt>
<trkpt lat="34.658700" lon="127.599196" sectionIndex="0" pointIndex="1741" originalElevation="339.0" isOriginalElevationFromOSM="false" isAnchor="false"><ele>337.1</ele></trkpt>
<trkpt lat="34.658700" lon="127.599196" sectionIndex="0" pointIndex="1742" originalElevation="339.0" isOriginalElevationFromOSM="false" isAnchor="false"><ele>337.3</ele></trkpt>
<trkpt lat="34.658672" lon="127.599238" sectionIndex="0" pointIndex="1743" originalElevation="339.0" isOriginalElevationFromOSM="false" isAnchor="false"><ele>337.4</ele></trkpt>
<trkpt lat="34.658643" lon="127.599281" sectionIndex="0" pointIndex="1744" originalElevation="339.0" isOriginalElevationFromOSM="false" isAnchor="false"><ele>337.4</ele></trkpt>
<trkpt lat="34.658615" lon="127.599323" sectionIndex="0" pointIndex="1745" originalElevation="339.0" isOriginalElevationFromOSM="false" isAnchor="false"><ele>337.4</ele></trkpt>
<trkpt lat="34.658586" lon="127.599365" sectionIndex="0" pointIndex="1746" originalElevation="339.0" isOriginalElevationFromOSM="false" isAnchor="false"><ele>337.4</ele></trkpt>
<trkpt lat="34.658558" lon="127.599408" sectionIndex="0" pointIndex="1747" originalElevation="339.0" isOriginalElevationFromOSM="false" isAnchor="false"><ele>337.3</ele></trkpt>
<trkpt lat="34.658530" lon="127.599450" sectionIndex="0" pointIndex="1748" originalElevation="339.0" isOriginalElevationFromOSM="false" isAnchor="false"><ele>337.3</ele></trkpt>
<trkpt lat="34.658501" lon="127.599493" sectionIndex="0" pointIndex="1749" originalElevation="339.0" isOriginalElevationFromOSM="false" isAnchor="false"><ele>337.2</ele></trkpt>
<trkpt lat="34.658473" lon="127.599535" sectionIndex="0" pointIndex="1750" originalElevation="339.0" isOriginalElevationFromOSM="false" isAnchor="false"><ele>337.2</ele></trkpt>
<trkpt lat="34.658444" lon="127.599578" sectionIndex="0" pointIndex="1751" originalElevation="339.0" isOriginalElevationFromOSM="false" isAnchor="false"><ele>337.1</ele></trkpt>
<trkpt lat="34.658416" lon="127.599620" sectionIndex="0" pointIndex="1752" originalElevation="339.0" isOriginalElevationFromOSM="false" isAnchor="false"><ele>337.1</ele></trkpt>
<trkpt lat="34.658388" lon="127.599662" sectionIndex="0" pointIndex="1753" originalElevation="339.0" isOriginalElevationFromOSM="false" isAnchor="false"><ele>337.0</ele></trkpt>
<trkpt lat="34.658359" lon="127.599705" sectionIndex="0" pointIndex="1754" originalElevation="339.0" isOriginalElevationFromOSM="false" isAnchor="false"><ele>337.0</ele></trkpt>
<trkpt lat="34.658331" lon="127.599747" sectionIndex="0" pointIndex="1755" originalElevation="331.0" isOriginalElevationFromOSM="false" isAnchor="false"><ele>337.1</ele></trkpt>
<trkpt lat="34.658303" lon="127.599790" sectionIndex="0" pointIndex="1756" originalElevation="331.0" isOriginalElevationFromOSM="false" isAnchor="false"><ele>337.2</ele></trkpt>
<trkpt lat="34.658274" lon="127.599832" sectionIndex="0" pointIndex="1757" originalElevation="331.0" isOriginalElevationFromOSM="false" isAnchor="false"><ele>337.4</ele></trkpt>
<trkpt lat="34.658246" lon="127.599874" sectionIndex="0" pointIndex="1758" originalElevation="331.0" isOriginalElevationFromOSM="false" isAnchor="false"><ele>337.7</ele></trkpt>
<trkpt lat="34.658217" lon="127.599917" sectionIndex="0" pointIndex="1759" originalElevation="331.0" isOriginalElevationFromOSM="false" isAnchor="false"><ele>338.1</ele></trkpt>
<trkpt lat="34.658191" lon="127.599956" sectionIndex="0" pointIndex="1760" originalElevation="331.0" isOriginalElevationFromOSM="false" isAnchor="false"><ele>338.6</ele></trkpt>
<trkpt lat="34.658191" lon="127.599956" sectionIndex="0" pointIndex="1761" originalElevation="331.0" isOriginalElevationFromOSM="false" isAnchor="false"><ele>339.1</ele></trkpt>
<trkpt lat="34.658162" lon="127.599997" sectionIndex="0" pointIndex="1762" originalElevation="331.0" isOriginalElevationFromOSM="false" isAnchor="false"><ele>339.7</ele></trkpt>
<trkpt lat="34.658132" lon="127.600038" sectionIndex="0" pointIndex="1763" originalElevation="347.0" isOriginalElevationFromOSM="false" isAnchor="false"><ele>340.4</ele></trkpt>
<trkpt lat="34.658102" lon="127.600079" sectionIndex="0" pointIndex="1764" originalElevation="347.0" isOriginalElevationFromOSM="false" isAnchor="false"><ele>341.0</ele></trkpt>
<trkpt lat="34.658073" lon="127.600120" sectionIndex="0" pointIndex="1765" originalElevation="347.0" isOriginalElevationFromOSM="false" isAnchor="false"><ele>341.7</ele></trkpt>
<trkpt lat="34.658043" lon="127.600161" sectionIndex="0" pointIndex="1766" originalElevation="347.0" isOriginalElevationFromOSM="false" isAnchor="false"><ele>342.4</ele></trkpt>
<trkpt lat="34.658013" lon="127.600202" sectionIndex="0" pointIndex="1767" originalElevation="347.0" isOriginalElevationFromOSM="false" isAnchor="false"><ele>343.0</ele></trkpt>
<trkpt lat="34.657984" lon="127.600243" sectionIndex="0" pointIndex="1768" originalElevation="347.0" isOriginalElevationFromOSM="false" isAnchor="false"><ele>343.6</ele></trkpt>
<trkpt lat="34.657954" lon="127.600284" sectionIndex="0" pointIndex="1769" originalElevation="347.0" isOriginalElevationFromOSM="false" isAnchor="false"><ele>344.1</ele></trkpt>
<trkpt lat="34.657924" lon="127.600326" sectionIndex="0" pointIndex="1770" originalElevation="347.0" isOriginalElevationFromOSM="false" isAnchor="false"><ele>344.4</ele></trkpt>
<trkpt lat="34.657895" lon="127.600367" sectionIndex="0" pointIndex="1771" originalElevation="347.0" isOriginalElevationFromOSM="false" isAnchor="false"><ele>344.8</ele></trkpt>
<trkpt lat="34.657865" lon="127.600408" sectionIndex="0" pointIndex="1772" originalElevation="347.0" isOriginalElevationFromOSM="false" isAnchor="false"><ele>345.0</ele></trkpt>
<trkpt lat="34.657846" lon="127.600433" sectionIndex="0" pointIndex="1773" originalElevation="347.0" isOriginalElevationFromOSM="false" isAnchor="false"><ele>345.0</ele></trkpt>
<trkpt lat="34.657846" lon="127.600433" sectionIndex="0" pointIndex="1774" originalElevation="347.0" isOriginalElevationFromOSM="false" isAnchor="false"><ele>344.9</ele></trkpt>
<trkpt lat="34.657819" lon="127.600476" sectionIndex="0" pointIndex="1775" originalElevation="347.0" isOriginalElevationFromOSM="false" isAnchor="false"><ele>344.6</ele></trkpt>
<trkpt lat="34.657791" lon="127.600519" sectionIndex="0" pointIndex="1776" originalElevation="347.0" isOriginalElevationFromOSM="false" isAnchor="false"><ele>344.2</ele></trkpt>
<trkpt lat="34.657763" lon="127.600562" sectionIndex="0" pointIndex="1777" originalElevation="347.0" isOriginalElevationFromOSM="false" isAnchor="false"><ele>343.7</ele></trkpt>
<trkpt lat="34.657735" lon="127.600605" sectionIndex="0" pointIndex="1778" originalElevation="347.0" isOriginalElevationFromOSM="false" isAnchor="false"><ele>343.0</ele></trkpt>
<trkpt lat="34.657708" lon="127.600648" sectionIndex="0" pointIndex="1779" originalElevation="347.0" isOriginalElevationFromOSM="false" isAnchor="false"><ele>342.0</ele></trkpt>
<trkpt lat="34.657680" lon="127.600691" sectionIndex="0" pointIndex="1780" originalElevation="347.0" isOriginalElevationFromOSM="false" isAnchor="false"><ele>341.0</ele></trkpt>
<trkpt lat="34.657652" lon="127.600734" sectionIndex="0" pointIndex="1781" originalElevation="347.0" isOriginalElevationFromOSM="false" isAnchor="false"><ele>339.9</ele></trkpt>
<trkpt lat="34.657624" lon="127.600777" sectionIndex="0" pointIndex="1782" originalElevation="347.0" isOriginalElevationFromOSM="false" isAnchor="false"><ele>338.7</ele></trkpt>
<trkpt lat="34.657596" lon="127.600820" sectionIndex="0" pointIndex="1783" originalElevation="347.0" isOriginalElevationFromOSM="false" isAnchor="false"><ele>337.5</ele></trkpt>
<trkpt lat="34.657569" lon="127.600863" sectionIndex="0" pointIndex="1784" originalElevation="333.0" isOriginalElevationFromOSM="false" isAnchor="false"><ele>336.2</ele></trkpt>
<trkpt lat="34.657541" lon="127.600906" sectionIndex="0" pointIndex="1785" originalElevation="333.0" isOriginalElevationFromOSM="false" isAnchor="false"><ele>334.8</ele></trkpt>
<trkpt lat="34.657538" lon="127.600911" sectionIndex="0" pointIndex="1786" originalElevation="333.0" isOriginalElevationFromOSM="false" isAnchor="false"><ele>333.5</ele></trkpt>
<trkpt lat="34.657538" lon="127.600911" sectionIndex="0" pointIndex="1787" originalElevation="333.0" isOriginalElevationFromOSM="false" isAnchor="false"><ele>332.2</ele></trkpt>
<trkpt lat="34.657494" lon="127.600926" sectionIndex="0" pointIndex="1788" originalElevation="322.0" isOriginalElevationFromOSM="false" isAnchor="false"><ele>330.9</ele></trkpt>
<trkpt lat="34.657451" lon="127.600940" sectionIndex="0" pointIndex="1789" originalElevation="322.0" isOriginalElevationFromOSM="false" isAnchor="false"><ele>329.7</ele></trkpt>
<trkpt lat="34.657408" lon="127.600955" sectionIndex="0" pointIndex="1790" originalElevation="322.0" isOriginalElevationFromOSM="false" isAnchor="false"><ele>328.5</ele></trkpt>
<trkpt lat="34.657364" lon="127.600970" sectionIndex="0" pointIndex="1791" originalElevation="322.0" isOriginalElevationFromOSM="false" isAnchor="false"><ele>327.5</ele></trkpt>
<trkpt lat="34.657321" lon="127.600984" sectionIndex="0" pointIndex="1792" originalElevation="322.0" isOriginalElevationFromOSM="false" isAnchor="false"><ele>326.5</ele></trkpt>
<trkpt lat="34.657278" lon="127.600999" sectionIndex="0" pointIndex="1793" originalElevation="322.0" isOriginalElevationFromOSM="false" isAnchor="false"><ele>325.3</ele></trkpt>
<trkpt lat="34.657234" lon="127.601014" sectionIndex="0" pointIndex="1794" originalElevation="322.0" isOriginalElevationFromOSM="false" isAnchor="false"><ele>324.1</ele></trkpt>
<trkpt lat="34.657191" lon="127.601028" sectionIndex="0" pointIndex="1795" originalElevation="322.0" isOriginalElevationFromOSM="false" isAnchor="false"><ele>322.9</ele></trkpt>
<trkpt lat="34.657148" lon="127.601043" sectionIndex="0" pointIndex="1796" originalElevation="322.0" isOriginalElevationFromOSM="false" isAnchor="false"><ele>321.6</ele></trkpt>
<trkpt lat="34.657104" lon="127.601058" sectionIndex="0" pointIndex="1797" originalElevation="322.0" isOriginalElevationFromOSM="false" isAnchor="false"><ele>320.3</ele></trkpt>
<trkpt lat="34.657061" lon="127.601072" sectionIndex="0" pointIndex="1798" originalElevation="322.0" isOriginalElevationFromOSM="false" isAnchor="false"><ele>318.9</ele></trkpt>
<trkpt lat="34.657018" lon="127.601087" sectionIndex="0" pointIndex="1799" originalElevation="322.0" isOriginalElevationFromOSM="false" isAnchor="false"><ele>317.4</ele></trkpt>
<trkpt lat="34.656974" lon="127.601101" sectionIndex="0" pointIndex="1800" originalElevation="322.0" isOriginalElevationFromOSM="false" isAnchor="false"><ele>315.8</ele></trkpt>
<trkpt lat="34.656931" lon="127.601116" sectionIndex="0" pointIndex="1801" originalElevation="322.0" isOriginalElevationFromOSM="false" isAnchor="false"><ele>314.1</ele></trkpt>
<trkpt lat="34.656888" lon="127.601131" sectionIndex="0" pointIndex="1802" originalElevation="322.0" isOriginalElevationFromOSM="false" isAnchor="false"><ele>312.1</ele></trkpt>
<trkpt lat="34.656844" lon="127.601145" sectionIndex="0" pointIndex="1803" originalElevation="322.0" isOriginalElevationFromOSM="false" isAnchor="false"><ele>310.1</ele></trkpt>
<trkpt lat="34.656801" lon="127.601160" sectionIndex="0" pointIndex="1804" originalElevation="322.0" isOriginalElevationFromOSM="false" isAnchor="false"><ele>307.9</ele></trkpt>
<trkpt lat="34.656758" lon="127.601175" sectionIndex="0" pointIndex="1805" originalElevation="322.0" isOriginalElevationFromOSM="false" isAnchor="false"><ele>305.6</ele></trkpt>
<trkpt lat="34.656714" lon="127.601189" sectionIndex="0" pointIndex="1806" originalElevation="322.0" isOriginalElevationFromOSM="false" isAnchor="false"><ele>303.2</ele></trkpt>
<trkpt lat="34.656671" lon="127.601204" sectionIndex="0" pointIndex="1807" originalElevation="322.0" isOriginalElevationFromOSM="false" isAnchor="false"><ele>300.7</ele></trkpt>
<trkpt lat="34.656653" lon="127.601210" sectionIndex="0" pointIndex="1808" originalElevation="277.0" isOriginalElevationFromOSM="false" isAnchor="false"><ele>298.3</ele></trkpt>
<trkpt lat="34.656653" lon="127.601210" sectionIndex="0" pointIndex="1809" originalElevation="277.0" isOriginalElevationFromOSM="false" isAnchor="false"><ele>295.9</ele></trkpt>
<trkpt lat="34.656616" lon="127.601241" sectionIndex="0" pointIndex="1810" originalElevation="277.0" isOriginalElevationFromOSM="false" isAnchor="false"><ele>293.7</ele></trkpt>
<trkpt lat="34.656578" lon="127.601272" sectionIndex="0" pointIndex="1811" originalElevation="277.0" isOriginalElevationFromOSM="false" isAnchor="false"><ele>291.6</ele></trkpt>
<trkpt lat="34.656541" lon="127.601302" sectionIndex="0" pointIndex="1812" originalElevation="277.0" isOriginalElevationFromOSM="false" isAnchor="false"><ele>289.8</ele></trkpt>
<trkpt lat="34.656504" lon="127.601333" sectionIndex="0" pointIndex="1813" originalElevation="277.0" isOriginalElevationFromOSM="false" isAnchor="false"><ele>288.1</ele></trkpt>
<trkpt lat="34.656467" lon="127.601364" sectionIndex="0" pointIndex="1814" originalElevation="277.0" isOriginalElevationFromOSM="false" isAnchor="false"><ele>286.8</ele></trkpt>
<trkpt lat="34.656430" lon="127.601395" sectionIndex="0" pointIndex="1815" originalElevation="277.0" isOriginalElevationFromOSM="false" isAnchor="false"><ele>285.7</ele></trkpt>
<trkpt lat="34.656393" lon="127.601425" sectionIndex="0" pointIndex="1816" originalElevation="277.0" isOriginalElevationFromOSM="false" isAnchor="false"><ele>284.9</ele></trkpt>
<trkpt lat="34.656355" lon="127.601456" sectionIndex="0" pointIndex="1817" originalElevation="277.0" isOriginalElevationFromOSM="false" isAnchor="false"><ele>284.3</ele></trkpt>
<trkpt lat="34.656318" lon="127.601487" sectionIndex="0" pointIndex="1818" originalElevation="277.0" isOriginalElevationFromOSM="false" isAnchor="false"><ele>283.8</ele></trkpt>
<trkpt lat="34.656281" lon="127.601518" sectionIndex="0" pointIndex="1819" originalElevation="277.0" isOriginalElevationFromOSM="false" isAnchor="false"><ele>283.5</ele></trkpt>
<trkpt lat="34.656244" lon="127.601548" sectionIndex="0" pointIndex="1820" originalElevation="277.0" isOriginalElevationFromOSM="false" isAnchor="false"><ele>283.3</ele></trkpt>
<trkpt lat="34.656207" lon="127.601579" sectionIndex="0" pointIndex="1821" originalElevation="277.0" isOriginalElevationFromOSM="false" isAnchor="false"><ele>283.2</ele></trkpt>
<trkpt lat="34.656169" lon="127.601610" sectionIndex="0" pointIndex="1822" originalElevation="277.0" isOriginalElevationFromOSM="false" isAnchor="false"><ele>283.2</ele></trkpt>
<trkpt lat="34.656132" lon="127.601641" sectionIndex="0" pointIndex="1823" originalElevation="277.0" isOriginalElevationFromOSM="false" isAnchor="false"><ele>283.1</ele></trkpt>
<trkpt lat="34.656095" lon="127.601671" sectionIndex="0" pointIndex="1824" originalElevation="296.0" isOriginalElevationFromOSM="false" isAnchor="false"><ele>283.3</ele></trkpt>
<trkpt lat="34.656058" lon="127.601702" sectionIndex="0" pointIndex="1825" originalElevation="296.0" isOriginalElevationFromOSM="false" isAnchor="false"><ele>283.3</ele></trkpt>
<trkpt lat="34.656021" lon="127.601733" sectionIndex="0" pointIndex="1826" originalElevation="296.0" isOriginalElevationFromOSM="false" isAnchor="false"><ele>283.1</ele></trkpt>
<trkpt lat="34.655984" lon="127.601764" sectionIndex="0" pointIndex="1827" originalElevation="296.0" isOriginalElevationFromOSM="false" isAnchor="false"><ele>283.0</ele></trkpt>
<trkpt lat="34.655947" lon="127.601794" sectionIndex="0" pointIndex="1828" originalElevation="296.0" isOriginalElevationFromOSM="false" isAnchor="false"><ele>282.6</ele></trkpt>
<trkpt lat="34.655947" lon="127.601794" sectionIndex="0" pointIndex="1829" originalElevation="296.0" isOriginalElevationFromOSM="false" isAnchor="false"><ele>282.2</ele></trkpt>
<trkpt lat="34.655911" lon="127.601827" sectionIndex="0" pointIndex="1830" originalElevation="296.0" isOriginalElevationFromOSM="false" isAnchor="false"><ele>281.6</ele></trkpt>
<trkpt lat="34.655876" lon="127.601861" sectionIndex="0" pointIndex="1831" originalElevation="296.0" isOriginalElevationFromOSM="false" isAnchor="false"><ele>280.9</ele></trkpt>
<trkpt lat="34.655840" lon="127.601894" sectionIndex="0" pointIndex="1832" originalElevation="296.0" isOriginalElevationFromOSM="false" isAnchor="false"><ele>280.2</ele></trkpt>
<trkpt lat="34.655804" lon="127.601927" sectionIndex="0" pointIndex="1833" originalElevation="263.0" isOriginalElevationFromOSM="false" isAnchor="false"><ele>279.5</ele></trkpt>
<trkpt lat="34.655769" lon="127.601961" sectionIndex="0" pointIndex="1834" originalElevation="263.0" isOriginalElevationFromOSM="false" isAnchor="false"><ele>278.9</ele></trkpt>
<trkpt lat="34.655733" lon="127.601994" sectionIndex="0" pointIndex="1835" originalElevation="263.0" isOriginalElevationFromOSM="false" isAnchor="false"><ele>278.5</ele></trkpt>
<trkpt lat="34.655697" lon="127.602027" sectionIndex="0" pointIndex="1836" originalElevation="263.0" isOriginalElevationFromOSM="false" isAnchor="false"><ele>278.1</ele></trkpt>
<trkpt lat="34.655662" lon="127.602061" sectionIndex="0" pointIndex="1837" originalElevation="263.0" isOriginalElevationFromOSM="false" isAnchor="false"><ele>278.0</ele></trkpt>
<trkpt lat="34.655626" lon="127.602094" sectionIndex="0" pointIndex="1838" originalElevation="263.0" isOriginalElevationFromOSM="false" isAnchor="false"><ele>278.1</ele></trkpt>
<trkpt lat="34.655590" lon="127.602127" sectionIndex="0" pointIndex="1839" originalElevation="263.0" isOriginalElevationFromOSM="false" isAnchor="false"><ele>278.4</ele></trkpt>
<trkpt lat="34.655555" lon="127.602161" sectionIndex="0" pointIndex="1840" originalElevation="263.0" isOriginalElevationFromOSM="false" isAnchor="false"><ele>278.8</ele></trkpt>
<trkpt lat="34.655530" lon="127.602184" sectionIndex="0" pointIndex="1841" originalElevation="263.0" isOriginalElevationFromOSM="false" isAnchor="false"><ele>279.6</ele></trkpt>
<trkpt lat="34.655470" lon="127.602621" sectionIndex="0" pointIndex="1842" originalElevation="288.0" isOriginalElevationFromOSM="false" isAnchor="false"><ele>280.6</ele></trkpt>
<trkpt lat="34.655440" lon="127.602670" sectionIndex="0" pointIndex="1843" originalElevation="288.0" isOriginalElevationFromOSM="false" isAnchor="false"><ele>281.9</ele></trkpt>
<trkpt lat="34.655180" lon="127.603050" sectionIndex="0" pointIndex="1844" originalElevation="287.0" isOriginalElevationFromOSM="false" isAnchor="false"><ele>283.3</ele></trkpt>
<trkpt lat="34.654600" lon="127.603720" sectionIndex="0" pointIndex="1845" originalElevation="278.0" isOriginalElevationFromOSM="false" isAnchor="false"><ele>285.0</ele></trkpt>
<trkpt lat="34.654160" lon="127.604360" sectionIndex="0" pointIndex="1846" originalElevation="283.0" isOriginalElevationFromOSM="false" isAnchor="false"><ele>286.8</ele></trkpt>
<trkpt lat="34.653730" lon="127.604860" sectionIndex="0" pointIndex="1847" originalElevation="289.0" isOriginalElevationFromOSM="false" isAnchor="false"><ele>288.7</ele></trkpt>
<trkpt lat="34.653350" lon="127.605290" sectionIndex="0" pointIndex="1848" originalElevation="285.0" isOriginalElevationFromOSM="false" isAnchor="false"><ele>290.7</ele></trkpt>
<trkpt lat="34.653260" lon="127.605450" sectionIndex="0" pointIndex="1849" originalElevation="297.0" isOriginalElevationFromOSM="false" isAnchor="false"><ele>292.9</ele></trkpt>
<trkpt lat="34.653220" lon="127.605640" sectionIndex="0" pointIndex="1850" originalElevation="297.0" isOriginalElevationFromOSM="false" isAnchor="false"><ele>295.0</ele></trkpt>
<trkpt lat="34.653290" lon="127.606090" sectionIndex="0" pointIndex="1851" originalElevation="297.0" isOriginalElevationFromOSM="false" isAnchor="false"><ele>297.1</ele></trkpt>
<trkpt lat="34.653300" lon="127.606520" sectionIndex="0" pointIndex="1852" originalElevation="305.0" isOriginalElevationFromOSM="false" isAnchor="false"><ele>299.2</ele></trkpt>
<trkpt lat="34.653290" lon="127.606620" sectionIndex="0" pointIndex="1853" originalElevation="305.0" isOriginalElevationFromOSM="false" isAnchor="false"><ele>301.2</ele></trkpt>
<trkpt lat="34.653290" lon="127.606620" sectionIndex="0" pointIndex="1854" originalElevation="305.0" isOriginalElevationFromOSM="false" isAnchor="false"><ele>303.1</ele></trkpt>
<trkpt lat="34.653260" lon="127.606900" sectionIndex="0" pointIndex="1855" originalElevation="305.0" isOriginalElevationFromOSM="false" isAnchor="false"><ele>304.8</ele></trkpt>
<trkpt lat="34.653310" lon="127.607390" sectionIndex="0" pointIndex="1856" originalElevation="311.0" isOriginalElevationFromOSM="false" isAnchor="false"><ele>306.5</ele></trkpt>
<trkpt lat="34.653310" lon="127.607390" sectionIndex="0" pointIndex="1857" originalElevation="311.0" isOriginalElevationFromOSM="false" isAnchor="false"><ele>308.0</ele></trkpt>
<trkpt lat="34.653320" lon="127.607460" sectionIndex="0" pointIndex="1858" originalElevation="317.0" isOriginalElevationFromOSM="false" isAnchor="false"><ele>309.2</ele></trkpt>
<trkpt lat="34.653230" lon="127.607870" sectionIndex="0" pointIndex="1859" originalElevation="318.0" isOriginalElevationFromOSM="false" isAnchor="false"><ele>310.3</ele></trkpt>
<trkpt lat="34.653060" lon="127.608150" sectionIndex="0" pointIndex="1860" originalElevation="318.0" isOriginalElevationFromOSM="false" isAnchor="false"><ele>311.4</ele></trkpt>
<trkpt lat="34.653020" lon="127.608390" sectionIndex="0" pointIndex="1861" originalElevation="318.0" isOriginalElevationFromOSM="false" isAnchor="false"><ele>312.3</ele></trkpt>
<trkpt lat="34.652950" lon="127.608530" sectionIndex="0" pointIndex="1862" originalElevation="314.5" isOriginalElevationFromOSM="false" isAnchor="false"><ele>313.2</ele></trkpt>
<trkpt lat="34.652950" lon="127.608530" sectionIndex="0" pointIndex="1863" originalElevation="314.5" isOriginalElevationFromOSM="false" isAnchor="false"><ele>313.8</ele></trkpt>
<trkpt lat="34.652870" lon="127.608710" sectionIndex="0" pointIndex="1864" originalElevation="311.0" isOriginalElevationFromOSM="false" isAnchor="false"><ele>314.4</ele></trkpt>
<trkpt lat="34.652860" lon="127.609270" sectionIndex="0" pointIndex="1865" originalElevation="311.0" isOriginalElevationFromOSM="false" isAnchor="false"><ele>314.9</ele></trkpt>
<trkpt lat="34.652990" lon="127.609530" sectionIndex="0" pointIndex="1866" originalElevation="319.0" isOriginalElevationFromOSM="false" isAnchor="false"><ele>315.2</ele></trkpt>
<trkpt lat="34.652930" lon="127.609820" sectionIndex="0" pointIndex="1867" originalElevation="319.0" isOriginalElevationFromOSM="false" isAnchor="false"><ele>315.5</ele></trkpt>
<trkpt lat="34.652890" lon="127.609870" sectionIndex="0" pointIndex="1868" originalElevation="319.0" isOriginalElevationFromOSM="false" isAnchor="false"><ele>315.7</ele></trkpt>
<trkpt lat="34.652890" lon="127.610084" sectionIndex="0" pointIndex="1869" originalElevation="325.3" isOriginalElevationFromOSM="false" isAnchor="false"><ele>315.8</ele></trkpt>
<trkpt lat="34.652890" lon="127.610084" sectionIndex="0" pointIndex="1870" originalElevation="315.0" isOriginalElevationFromOSM="false" isAnchor="false"><ele>315.9</ele></trkpt>
<trkpt lat="34.652894" lon="127.610138" sectionIndex="0" pointIndex="1871" originalElevation="315.0" isOriginalElevationFromOSM="false" isAnchor="false"><ele>315.9</ele></trkpt>
<trkpt lat="34.652895" lon="127.610150" sectionIndex="0" pointIndex="1872" originalElevation="315.0" isOriginalElevationFromOSM="false" isAnchor="false"><ele>315.9</ele></trkpt>
<trkpt lat="34.652895" lon="127.610150" sectionIndex="0" pointIndex="1873" originalElevation="315.0" isOriginalElevationFromOSM="false" isAnchor="false"><ele>315.8</ele></trkpt>
<trkpt lat="34.652882" lon="127.610202" sectionIndex="0" pointIndex="1874" originalElevation="315.0" isOriginalElevationFromOSM="false" isAnchor="false"><ele>315.8</ele></trkpt>
<trkpt lat="34.652869" lon="127.610254" sectionIndex="0" pointIndex="1875" originalElevation="315.0" isOriginalElevationFromOSM="false" isAnchor="false"><ele>315.7</ele></trkpt>
<trkpt lat="34.652856" lon="127.610307" sectionIndex="0" pointIndex="1876" originalElevation="315.0" isOriginalElevationFromOSM="false" isAnchor="false"><ele>315.6</ele></trkpt>
<trkpt lat="34.652844" lon="127.610359" sectionIndex="0" pointIndex="1877" originalElevation="315.0" isOriginalElevationFromOSM="false" isAnchor="false"><ele>315.6</ele></trkpt>
<trkpt lat="34.652831" lon="127.610412" sectionIndex="0" pointIndex="1878" originalElevation="315.0" isOriginalElevationFromOSM="false" isAnchor="false"><ele>315.8</ele></trkpt>
<trkpt lat="34.652828" lon="127.610425" sectionIndex="0" pointIndex="1879" originalElevation="315.0" isOriginalElevationFromOSM="false" isAnchor="false"><ele>316.0</ele></trkpt>
<trkpt lat="34.652828" lon="127.610425" sectionIndex="0" pointIndex="1880" originalElevation="315.0" isOriginalElevationFromOSM="false" isAnchor="false"><ele>316.3</ele></trkpt>
<trkpt lat="34.652819" lon="127.610478" sectionIndex="0" pointIndex="1881" originalElevation="315.0" isOriginalElevationFromOSM="false" isAnchor="false"><ele>316.7</ele></trkpt>
<trkpt lat="34.652810" lon="127.610532" sectionIndex="0" pointIndex="1882" originalElevation="315.0" isOriginalElevationFromOSM="false" isAnchor="false"><ele>317.2</ele></trkpt>
<trkpt lat="34.652801" lon="127.610585" sectionIndex="0" pointIndex="1883" originalElevation="315.0" isOriginalElevationFromOSM="false" isAnchor="false"><ele>317.7</ele></trkpt>
<trkpt lat="34.652798" lon="127.610607" sectionIndex="0" pointIndex="1884" originalElevation="315.0" isOriginalElevationFromOSM="false" isAnchor="false"><ele>318.4</ele></trkpt>
<trkpt lat="34.652798" lon="127.610607" sectionIndex="0" pointIndex="1885" originalElevation="315.0" isOriginalElevationFromOSM="false" isAnchor="false"><ele>319.2</ele></trkpt>
<trkpt lat="34.652777" lon="127.610656" sectionIndex="0" pointIndex="1886" originalElevation="315.0" isOriginalElevationFromOSM="false" isAnchor="false"><ele>320.1</ele></trkpt>
<trkpt lat="34.652757" lon="127.610705" sectionIndex="0" pointIndex="1887" originalElevation="315.0" isOriginalElevationFromOSM="false" isAnchor="false"><ele>321.1</ele></trkpt>
<trkpt lat="34.652737" lon="127.610754" sectionIndex="0" pointIndex="1888" originalElevation="315.0" isOriginalElevationFromOSM="false" isAnchor="false"><ele>322.2</ele></trkpt>
<trkpt lat="34.652729" lon="127.610773" sectionIndex="0" pointIndex="1889" originalElevation="315.0" isOriginalElevationFromOSM="false" isAnchor="false"><ele>323.4</ele></trkpt>
<trkpt lat="34.652729" lon="127.610773" sectionIndex="0" pointIndex="1890" originalElevation="315.0" isOriginalElevationFromOSM="false" isAnchor="false"><ele>324.6</ele></trkpt>
<trkpt lat="34.652720" lon="127.610826" sectionIndex="0" pointIndex="1891" originalElevation="315.0" isOriginalElevationFromOSM="false" isAnchor="false"><ele>325.9</ele></trkpt>
<trkpt lat="34.652714" lon="127.610864" sectionIndex="0" pointIndex="1892" originalElevation="338.0" isOriginalElevationFromOSM="false" isAnchor="false"><ele>327.1</ele></trkpt>
<trkpt lat="34.652714" lon="127.610864" sectionIndex="0" pointIndex="1893" originalElevation="338.0" isOriginalElevationFromOSM="false" isAnchor="false"><ele>328.4</ele></trkpt>
<trkpt lat="34.652713" lon="127.610919" sectionIndex="0" pointIndex="1894" originalElevation="338.0" isOriginalElevationFromOSM="false" isAnchor="false"><ele>329.6</ele></trkpt>
<trkpt lat="34.652712" lon="127.610973" sectionIndex="0" pointIndex="1895" originalElevation="338.0" isOriginalElevationFromOSM="false" isAnchor="false"><ele>330.8</ele></trkpt>
<trkpt lat="34.652711" lon="127.611028" sectionIndex="0" pointIndex="1896" originalElevation="338.0" isOriginalElevationFromOSM="false" isAnchor="false"><ele>331.9</ele></trkpt>
<trkpt lat="34.652711" lon="127.611050" sectionIndex="0" pointIndex="1897" originalElevation="338.0" isOriginalElevationFromOSM="false" isAnchor="false"><ele>332.9</ele></trkpt>
<trkpt lat="34.652711" lon="127.611050" sectionIndex="0" pointIndex="1898" originalElevation="338.0" isOriginalElevationFromOSM="false" isAnchor="false"><ele>333.8</ele></trkpt>
<trkpt lat="34.652704" lon="127.611104" sectionIndex="0" pointIndex="1899" originalElevation="338.0" isOriginalElevationFromOSM="false" isAnchor="false"><ele>334.7</ele></trkpt>
<trkpt lat="34.652697" lon="127.611158" sectionIndex="0" pointIndex="1900" originalElevation="338.0" isOriginalElevationFromOSM="false" isAnchor="false"><ele>335.4</ele></trkpt>
<trkpt lat="34.652691" lon="127.611212" sectionIndex="0" pointIndex="1901" originalElevation="338.0" isOriginalElevationFromOSM="false" isAnchor="false"><ele>336.0</ele></trkpt>
<trkpt lat="34.652684" lon="127.611266" sectionIndex="0" pointIndex="1902" originalElevation="338.0" isOriginalElevationFromOSM="false" isAnchor="false"><ele>336.5</ele></trkpt>
<trkpt lat="34.652683" lon="127.611277" sectionIndex="0" pointIndex="1903" originalElevation="338.0" isOriginalElevationFromOSM="false" isAnchor="false"><ele>337.0</ele></trkpt>
<trkpt lat="34.652683" lon="127.611277" sectionIndex="0" pointIndex="1904" originalElevation="338.0" isOriginalElevationFromOSM="false" isAnchor="false"><ele>337.3</ele></trkpt>
<trkpt lat="34.652663" lon="127.611326" sectionIndex="0" pointIndex="1905" originalElevation="338.0" isOriginalElevationFromOSM="false" isAnchor="false"><ele>337.7</ele></trkpt>
<trkpt lat="34.652645" lon="127.611372" sectionIndex="0" pointIndex="1906" originalElevation="338.0" isOriginalElevationFromOSM="false" isAnchor="false"><ele>338.1</ele></trkpt>
<trkpt lat="34.652645" lon="127.611372" sectionIndex="0" pointIndex="1907" originalElevation="338.0" isOriginalElevationFromOSM="false" isAnchor="false"><ele>338.4</ele></trkpt>
<trkpt lat="34.652635" lon="127.611425" sectionIndex="0" pointIndex="1908" originalElevation="338.0" isOriginalElevationFromOSM="false" isAnchor="false"><ele>338.6</ele></trkpt>
<trkpt lat="34.652629" lon="127.611458" sectionIndex="0" pointIndex="1909" originalElevation="338.0" isOriginalElevationFromOSM="false" isAnchor="false"><ele>338.8</ele></trkpt>
<trkpt lat="34.652629" lon="127.611458" sectionIndex="0" pointIndex="1910" originalElevation="338.0" isOriginalElevationFromOSM="false" isAnchor="false"><ele>339.1</ele></trkpt>
<trkpt lat="34.652644" lon="127.611509" sectionIndex="0" pointIndex="1911" originalElevation="338.0" isOriginalElevationFromOSM="false" isAnchor="false"><ele>339.5</ele></trkpt>
<trkpt lat="34.652653" lon="127.611541" sectionIndex="0" pointIndex="1912" originalElevation="338.0" isOriginalElevationFromOSM="false" isAnchor="false"><ele>339.9</ele></trkpt>
<trkpt lat="34.652653" lon="127.611541" sectionIndex="0" pointIndex="1913" originalElevation="338.0" isOriginalElevationFromOSM="false" isAnchor="false"><ele>340.3</ele></trkpt>
<trkpt lat="34.652696" lon="127.611559" sectionIndex="0" pointIndex="1914" originalElevation="338.0" isOriginalElevationFromOSM="false" isAnchor="false"><ele>340.9</ele></trkpt>
<trkpt lat="34.652738" lon="127.611576" sectionIndex="0" pointIndex="1915" originalElevation="338.0" isOriginalElevationFromOSM="false" isAnchor="false"><ele>341.4</ele></trkpt>
<trkpt lat="34.652749" lon="127.611580" sectionIndex="0" pointIndex="1916" originalElevation="338.0" isOriginalElevationFromOSM="false" isAnchor="false"><ele>342.1</ele></trkpt>
<trkpt lat="34.652749" lon="127.611580" sectionIndex="0" pointIndex="1917" originalElevation="338.0" isOriginalElevationFromOSM="false" isAnchor="false"><ele>342.7</ele></trkpt>
<trkpt lat="34.652777" lon="127.611623" sectionIndex="0" pointIndex="1918" originalElevation="338.0" isOriginalElevationFromOSM="false" isAnchor="false"><ele>343.4</ele></trkpt>
<trkpt lat="34.652805" lon="127.611665" sectionIndex="0" pointIndex="1919" originalElevation="338.0" isOriginalElevationFromOSM="false" isAnchor="false"><ele>344.1</ele></trkpt>
<trkpt lat="34.652807" lon="127.611668" sectionIndex="0" pointIndex="1920" originalElevation="351.0" isOriginalElevationFromOSM="false" isAnchor="false"><ele>344.9</ele></trkpt>
<trkpt lat="34.652807" lon="127.611668" sectionIndex="0" pointIndex="1921" originalElevation="351.0" isOriginalElevationFromOSM="false" isAnchor="false"><ele>345.6</ele></trkpt>
<trkpt lat="34.652846" lon="127.611695" sectionIndex="0" pointIndex="1922" originalElevation="351.0" isOriginalElevationFromOSM="false" isAnchor="false"><ele>346.3</ele></trkpt>
<trkpt lat="34.652885" lon="127.611723" sectionIndex="0" pointIndex="1923" originalElevation="351.0" isOriginalElevationFromOSM="false" isAnchor="false"><ele>346.9</ele></trkpt>
<trkpt lat="34.652924" lon="127.611750" sectionIndex="0" pointIndex="1924" originalElevation="351.0" isOriginalElevationFromOSM="false" isAnchor="false"><ele>347.5</ele></trkpt>
<trkpt lat="34.652962" lon="127.611778" sectionIndex="0" pointIndex="1925" originalElevation="351.0" isOriginalElevationFromOSM="false" isAnchor="false"><ele>348.1</ele></trkpt>
<trkpt lat="34.653001" lon="127.611805" sectionIndex="0" pointIndex="1926" originalElevation="351.0" isOriginalElevationFromOSM="false" isAnchor="false"><ele>348.6</ele></trkpt>
<trkpt lat="34.653040" lon="127.611833" sectionIndex="0" pointIndex="1927" originalElevation="351.0" isOriginalElevationFromOSM="false" isAnchor="false"><ele>349.0</ele></trkpt>
<trkpt lat="34.653079" lon="127.611860" sectionIndex="0" pointIndex="1928" originalElevation="351.0" isOriginalElevationFromOSM="false" isAnchor="false"><ele>349.4</ele></trkpt>
<trkpt lat="34.653118" lon="127.611888" sectionIndex="0" pointIndex="1929" originalElevation="351.0" isOriginalElevationFromOSM="false" isAnchor="false"><ele>349.6</ele></trkpt>
<trkpt lat="34.653157" lon="127.611915" sectionIndex="0" pointIndex="1930" originalElevation="351.0" isOriginalElevationFromOSM="false" isAnchor="false"><ele>349.9</ele></trkpt>
<trkpt lat="34.653159" lon="127.611917" sectionIndex="0" pointIndex="1931" originalElevation="351.0" isOriginalElevationFromOSM="false" isAnchor="false"><ele>350.1</ele></trkpt>
<trkpt lat="34.653159" lon="127.611917" sectionIndex="0" pointIndex="1932" originalElevation="351.0" isOriginalElevationFromOSM="false" isAnchor="false"><ele>350.2</ele></trkpt>
<trkpt lat="34.653194" lon="127.611952" sectionIndex="0" pointIndex="1933" originalElevation="351.0" isOriginalElevationFromOSM="false" isAnchor="false"><ele>350.2</ele></trkpt>
<trkpt lat="34.653229" lon="127.611987" sectionIndex="0" pointIndex="1934" originalElevation="351.0" isOriginalElevationFromOSM="false" isAnchor="false"><ele>350.1</ele></trkpt>
<trkpt lat="34.653263" lon="127.612022" sectionIndex="0" pointIndex="1935" originalElevation="351.0" isOriginalElevationFromOSM="false" isAnchor="false"><ele>349.9</ele></trkpt>
<trkpt lat="34.653298" lon="127.612056" sectionIndex="0" pointIndex="1936" originalElevation="351.0" isOriginalElevationFromOSM="false" isAnchor="false"><ele>349.5</ele></trkpt>
<trkpt lat="34.653333" lon="127.612091" sectionIndex="0" pointIndex="1937" originalElevation="351.0" isOriginalElevationFromOSM="false" isAnchor="false"><ele>349.1</ele></trkpt>
<trkpt lat="34.653368" lon="127.612126" sectionIndex="0" pointIndex="1938" originalElevation="349.0" isOriginalElevationFromOSM="false" isAnchor="false"><ele>348.5</ele></trkpt>
<trkpt lat="34.653402" lon="127.612161" sectionIndex="0" pointIndex="1939" originalElevation="349.0" isOriginalElevationFromOSM="false" isAnchor="false"><ele>347.9</ele></trkpt>
<trkpt lat="34.653437" lon="127.612196" sectionIndex="0" pointIndex="1940" originalElevation="349.0" isOriginalElevationFromOSM="false" isAnchor="false"><ele>347.2</ele></trkpt>
<trkpt lat="34.653472" lon="127.612231" sectionIndex="0" pointIndex="1941" originalElevation="349.0" isOriginalElevationFromOSM="false" isAnchor="false"><ele>346.4</ele></trkpt>
<trkpt lat="34.653506" lon="127.612265" sectionIndex="0" pointIndex="1942" originalElevation="349.0" isOriginalElevationFromOSM="false" isAnchor="false"><ele>345.6</ele></trkpt>
<trkpt lat="34.653541" lon="127.612300" sectionIndex="0" pointIndex="1943" originalElevation="349.0" isOriginalElevationFromOSM="false" isAnchor="false"><ele>344.6</ele></trkpt>
<trkpt lat="34.653576" lon="127.612335" sectionIndex="0" pointIndex="1944" originalElevation="349.0" isOriginalElevationFromOSM="false" isAnchor="false"><ele>343.5</ele></trkpt>
<trkpt lat="34.653610" lon="127.612370" sectionIndex="0" pointIndex="1945" originalElevation="349.0" isOriginalElevationFromOSM="false" isAnchor="false"><ele>342.4</ele></trkpt>
<trkpt lat="34.653645" lon="127.612405" sectionIndex="0" pointIndex="1946" originalElevation="349.0" isOriginalElevationFromOSM="false" isAnchor="false"><ele>341.2</ele></trkpt>
<trkpt lat="34.653680" lon="127.612439" sectionIndex="0" pointIndex="1947" originalElevation="349.0" isOriginalElevationFromOSM="false" isAnchor="false"><ele>339.9</ele></trkpt>
<trkpt lat="34.653714" lon="127.612474" sectionIndex="0" pointIndex="1948" originalElevation="349.0" isOriginalElevationFromOSM="false" isAnchor="false"><ele>338.4</ele></trkpt>
<trkpt lat="34.653749" lon="127.612509" sectionIndex="0" pointIndex="1949" originalElevation="327.0" isOriginalElevationFromOSM="false" isAnchor="false"><ele>337.0</ele></trkpt>
<trkpt lat="34.653784" lon="127.612544" sectionIndex="0" pointIndex="1950" originalElevation="327.0" isOriginalElevationFromOSM="false" isAnchor="false"><ele>335.5</ele></trkpt>
<trkpt lat="34.653804" lon="127.612564" sectionIndex="0" pointIndex="1951" originalElevation="327.0" isOriginalElevationFromOSM="false" isAnchor="false"><ele>334.0</ele></trkpt>
<trkpt lat="34.653804" lon="127.612564" sectionIndex="0" pointIndex="1952" originalElevation="327.0" isOriginalElevationFromOSM="false" isAnchor="false"><ele>332.4</ele></trkpt>
<trkpt lat="34.653843" lon="127.612591" sectionIndex="0" pointIndex="1953" originalElevation="327.0" isOriginalElevationFromOSM="false" isAnchor="false"><ele>330.9</ele></trkpt>
<trkpt lat="34.653882" lon="127.612618" sectionIndex="0" pointIndex="1954" originalElevation="327.0" isOriginalElevationFromOSM="false" isAnchor="false"><ele>329.4</ele></trkpt>
<trkpt lat="34.653921" lon="127.612645" sectionIndex="0" pointIndex="1955" originalElevation="327.0" isOriginalElevationFromOSM="false" isAnchor="false"><ele>327.9</ele></trkpt>
<trkpt lat="34.653961" lon="127.612672" sectionIndex="0" pointIndex="1956" originalElevation="327.0" isOriginalElevationFromOSM="false" isAnchor="false"><ele>326.4</ele></trkpt>
<trkpt lat="34.654000" lon="127.612699" sectionIndex="0" pointIndex="1957" originalElevation="327.0" isOriginalElevationFromOSM="false" isAnchor="false"><ele>325.0</ele></trkpt>
<trkpt lat="34.654039" lon="127.612726" sectionIndex="0" pointIndex="1958" originalElevation="327.0" isOriginalElevationFromOSM="false" isAnchor="false"><ele>323.6</ele></trkpt>
<trkpt lat="34.654078" lon="127.612753" sectionIndex="0" pointIndex="1959" originalElevation="327.0" isOriginalElevationFromOSM="false" isAnchor="false"><ele>322.2</ele></trkpt>
<trkpt lat="34.654117" lon="127.612780" sectionIndex="0" pointIndex="1960" originalElevation="327.0" isOriginalElevationFromOSM="false" isAnchor="false"><ele>320.9</ele></trkpt>
<trkpt lat="34.654156" lon="127.612807" sectionIndex="0" pointIndex="1961" originalElevation="327.0" isOriginalElevationFromOSM="false" isAnchor="false"><ele>319.6</ele></trkpt>
<trkpt lat="34.654195" lon="127.612834" sectionIndex="0" pointIndex="1962" originalElevation="310.0" isOriginalElevationFromOSM="false" isAnchor="false"><ele>318.4</ele></trkpt>
<trkpt lat="34.654234" lon="127.612861" sectionIndex="0" pointIndex="1963" originalElevation="310.0" isOriginalElevationFromOSM="false" isAnchor="false"><ele>317.3</ele></trkpt>
<trkpt lat="34.654274" lon="127.612888" sectionIndex="0" pointIndex="1964" originalElevation="310.0" isOriginalElevationFromOSM="false" isAnchor="false"><ele>316.2</ele></trkpt>
<trkpt lat="34.654313" lon="127.612915" sectionIndex="0" pointIndex="1965" originalElevation="310.0" isOriginalElevationFromOSM="false" isAnchor="false"><ele>315.0</ele></trkpt>
<trkpt lat="34.654316" lon="127.612917" sectionIndex="0" pointIndex="1966" originalElevation="310.0" isOriginalElevationFromOSM="false" isAnchor="false"><ele>313.9</ele></trkpt>
<trkpt lat="34.654316" lon="127.612917" sectionIndex="0" pointIndex="1967" originalElevation="310.0" isOriginalElevationFromOSM="false" isAnchor="false"><ele>312.6</ele></trkpt>
<trkpt lat="34.654350" lon="127.612953" sectionIndex="0" pointIndex="1968" originalElevation="310.0" isOriginalElevationFromOSM="false" isAnchor="false"><ele>311.4</ele></trkpt>
<trkpt lat="34.654384" lon="127.612988" sectionIndex="0" pointIndex="1969" originalElevation="310.0" isOriginalElevationFromOSM="false" isAnchor="false"><ele>310.0</ele></trkpt>
<trkpt lat="34.654419" lon="127.613024" sectionIndex="0" pointIndex="1970" originalElevation="310.0" isOriginalElevationFromOSM="false" isAnchor="false"><ele>308.6</ele></trkpt>
<trkpt lat="34.654453" lon="127.613059" sectionIndex="0" pointIndex="1971" originalElevation="310.0" isOriginalElevationFromOSM="false" isAnchor="false"><ele>307.2</ele></trkpt>
<trkpt lat="34.654487" lon="127.613095" sectionIndex="0" pointIndex="1972" originalElevation="310.0" isOriginalElevationFromOSM="false" isAnchor="false"><ele>305.6</ele></trkpt>
<trkpt lat="34.654521" lon="127.613130" sectionIndex="0" pointIndex="1973" originalElevation="310.0" isOriginalElevationFromOSM="false" isAnchor="false"><ele>303.9</ele></trkpt>
<trkpt lat="34.654555" lon="127.613166" sectionIndex="0" pointIndex="1974" originalElevation="310.0" isOriginalElevationFromOSM="false" isAnchor="false"><ele>302.1</ele></trkpt>
<trkpt lat="34.654589" lon="127.613201" sectionIndex="0" pointIndex="1975" originalElevation="310.0" isOriginalElevationFromOSM="false" isAnchor="false"><ele>300.2</ele></trkpt>
<trkpt lat="34.654624" lon="127.613237" sectionIndex="0" pointIndex="1976" originalElevation="310.0" isOriginalElevationFromOSM="false" isAnchor="false"><ele>298.2</ele></trkpt>
<trkpt lat="34.654643" lon="127.613258" sectionIndex="0" pointIndex="1977" originalElevation="310.0" isOriginalElevationFromOSM="false" isAnchor="false"><ele>296.2</ele></trkpt>
<trkpt lat="34.654643" lon="127.613258" sectionIndex="0" pointIndex="1978" originalElevation="310.0" isOriginalElevationFromOSM="false" isAnchor="false"><ele>294.1</ele></trkpt>
<trkpt lat="34.654663" lon="127.613307" sectionIndex="0" pointIndex="1979" originalElevation="310.0" isOriginalElevationFromOSM="false" isAnchor="false"><ele>292.1</ele></trkpt>
<trkpt lat="34.654682" lon="127.613356" sectionIndex="0" pointIndex="1980" originalElevation="272.0" isOriginalElevationFromOSM="false" isAnchor="false"><ele>289.9</ele></trkpt>
<trkpt lat="34.654702" lon="127.613405" sectionIndex="0" pointIndex="1981" originalElevation="272.0" isOriginalElevationFromOSM="false" isAnchor="false"><ele>287.9</ele></trkpt>
<trkpt lat="34.654721" lon="127.613455" sectionIndex="0" pointIndex="1982" originalElevation="272.0" isOriginalElevationFromOSM="false" isAnchor="false"><ele>285.5</ele></trkpt>
<trkpt lat="34.654724" lon="127.613460" sectionIndex="0" pointIndex="1983" originalElevation="272.0" isOriginalElevationFromOSM="false" isAnchor="false"><ele>283.2</ele></trkpt>
<trkpt lat="34.654724" lon="127.613460" sectionIndex="0" pointIndex="1984" originalElevation="272.0" isOriginalElevationFromOSM="false" isAnchor="false"><ele>280.9</ele></trkpt>
<trkpt lat="34.654726" lon="127.613515" sectionIndex="0" pointIndex="1985" originalElevation="272.0" isOriginalElevationFromOSM="false" isAnchor="false"><ele>278.6</ele></trkpt>
<trkpt lat="34.654728" lon="127.613569" sectionIndex="0" pointIndex="1986" originalElevation="272.0" isOriginalElevationFromOSM="false" isAnchor="false"><ele>276.4</ele></trkpt>
<trkpt lat="34.654730" lon="127.613624" sectionIndex="0" pointIndex="1987" originalElevation="272.0" isOriginalElevationFromOSM="false" isAnchor="false"><ele>274.1</ele></trkpt>
<trkpt lat="34.654733" lon="127.613678" sectionIndex="0" pointIndex="1988" originalElevation="272.0" isOriginalElevationFromOSM="false" isAnchor="false"><ele>271.9</ele></trkpt>
<trkpt lat="34.654735" lon="127.613733" sectionIndex="0" pointIndex="1989" originalElevation="272.0" isOriginalElevationFromOSM="false" isAnchor="false"><ele>269.6</ele></trkpt>
<trkpt lat="34.654737" lon="127.613788" sectionIndex="0" pointIndex="1990" originalElevation="272.0" isOriginalElevationFromOSM="false" isAnchor="false"><ele>267.4</ele></trkpt>
<trkpt lat="34.654740" lon="127.613842" sectionIndex="0" pointIndex="1991" originalElevation="272.0" isOriginalElevationFromOSM="false" isAnchor="false"><ele>265.1</ele></trkpt>
<trkpt lat="34.654742" lon="127.613897" sectionIndex="0" pointIndex="1992" originalElevation="272.0" isOriginalElevationFromOSM="false" isAnchor="false"><ele>262.8</ele></trkpt>
<trkpt lat="34.654744" lon="127.613951" sectionIndex="0" pointIndex="1993" originalElevation="272.0" isOriginalElevationFromOSM="false" isAnchor="false"><ele>260.4</ele></trkpt>
<trkpt lat="34.654746" lon="127.614006" sectionIndex="0" pointIndex="1994" originalElevation="272.0" isOriginalElevationFromOSM="false" isAnchor="false"><ele>258.1</ele></trkpt>
<trkpt lat="34.654749" lon="127.614061" sectionIndex="0" pointIndex="1995" originalElevation="272.0" isOriginalElevationFromOSM="false" isAnchor="false"><ele>255.7</ele></trkpt>
<trkpt lat="34.654751" lon="127.614115" sectionIndex="0" pointIndex="1996" originalElevation="272.0" isOriginalElevationFromOSM="false" isAnchor="false"><ele>253.6</ele></trkpt>
<trkpt lat="34.654753" lon="127.614170" sectionIndex="0" pointIndex="1997" originalElevation="233.0" isOriginalElevationFromOSM="false" isAnchor="false"><ele>251.4</ele></trkpt>
<trkpt lat="34.654756" lon="127.614224" sectionIndex="0" pointIndex="1998" originalElevation="233.0" isOriginalElevationFromOSM="false" isAnchor="false"><ele>249.1</ele></trkpt>
<trkpt lat="34.654758" lon="127.614279" sectionIndex="0" pointIndex="1999" originalElevation="233.0" isOriginalElevationFromOSM="false" isAnchor="false"><ele>246.7</ele></trkpt>
<trkpt lat="34.654760" lon="127.614334" sectionIndex="0" pointIndex="2000" originalElevation="233.0" isOriginalElevationFromOSM="false" isAnchor="false"><ele>244.4</ele></trkpt>
<trkpt lat="34.654762" lon="127.614388" sectionIndex="0" pointIndex="2001" originalElevation="233.0" isOriginalElevationFromOSM="false" isAnchor="false"><ele>242.0</ele></trkpt>
<trkpt lat="34.654765" lon="127.614443" sectionIndex="0" pointIndex="2002" originalElevation="233.0" isOriginalElevationFromOSM="false" isAnchor="false"><ele>239.8</ele></trkpt>
<trkpt lat="34.654767" lon="127.614497" sectionIndex="0" pointIndex="2003" originalElevation="233.0" isOriginalElevationFromOSM="false" isAnchor="false"><ele>237.5</ele></trkpt>
<trkpt lat="34.654769" lon="127.614552" sectionIndex="0" pointIndex="2004" originalElevation="233.0" isOriginalElevationFromOSM="false" isAnchor="false"><ele>235.4</ele></trkpt>
<trkpt lat="34.654772" lon="127.614607" sectionIndex="0" pointIndex="2005" originalElevation="233.0" isOriginalElevationFromOSM="false" isAnchor="false"><ele>233.2</ele></trkpt>
<trkpt lat="34.654774" lon="127.614661" sectionIndex="0" pointIndex="2006" originalElevation="233.0" isOriginalElevationFromOSM="false" isAnchor="false"><ele>231.1</ele></trkpt>
<trkpt lat="34.654776" lon="127.614716" sectionIndex="0" pointIndex="2007" originalElevation="233.0" isOriginalElevationFromOSM="false" isAnchor="false"><ele>229.1</ele></trkpt>
<trkpt lat="34.654778" lon="127.614770" sectionIndex="0" pointIndex="2008" originalElevation="233.0" isOriginalElevationFromOSM="false" isAnchor="false"><ele>227.1</ele></trkpt>
<trkpt lat="34.654781" lon="127.614825" sectionIndex="0" pointIndex="2009" originalElevation="233.0" isOriginalElevationFromOSM="false" isAnchor="false"><ele>225.1</ele></trkpt>
<trkpt lat="34.654783" lon="127.614879" sectionIndex="0" pointIndex="2010" originalElevation="233.0" isOriginalElevationFromOSM="false" isAnchor="false"><ele>223.1</ele></trkpt>
<trkpt lat="34.654785" lon="127.614934" sectionIndex="0" pointIndex="2011" originalElevation="233.0" isOriginalElevationFromOSM="false" isAnchor="false"><ele>221.2</ele></trkpt>
<trkpt lat="34.654788" lon="127.614989" sectionIndex="0" pointIndex="2012" originalElevation="233.0" isOriginalElevationFromOSM="false" isAnchor="false"><ele>219.3</ele></trkpt>
<trkpt lat="34.654790" lon="127.615043" sectionIndex="0" pointIndex="2013" originalElevation="204.0" isOriginalElevationFromOSM="false" isAnchor="false"><ele>217.7</ele></trkpt>
<trkpt lat="34.654792" lon="127.615098" sectionIndex="0" pointIndex="2014" originalElevation="204.0" isOriginalElevationFromOSM="false" isAnchor="false"><ele>216.0</ele></trkpt>
<trkpt lat="34.654794" lon="127.615152" sectionIndex="0" pointIndex="2015" originalElevation="204.0" isOriginalElevationFromOSM="false" isAnchor="false"><ele>214.2</ele></trkpt>
<trkpt lat="34.654797" lon="127.615207" sectionIndex="0" pointIndex="2016" originalElevation="204.0" isOriginalElevationFromOSM="false" isAnchor="false"><ele>212.5</ele></trkpt>
<trkpt lat="34.654799" lon="127.615262" sectionIndex="0" pointIndex="2017" originalElevation="204.0" isOriginalElevationFromOSM="false" isAnchor="false"><ele>210.8</ele></trkpt>
<trkpt lat="34.654801" lon="127.615316" sectionIndex="0" pointIndex="2018" originalElevation="204.0" isOriginalElevationFromOSM="false" isAnchor="false"><ele>209.2</ele></trkpt>
<trkpt lat="34.654804" lon="127.615371" sectionIndex="0" pointIndex="2019" originalElevation="204.0" isOriginalElevationFromOSM="false" isAnchor="false"><ele>207.6</ele></trkpt>
<trkpt lat="34.654806" lon="127.615425" sectionIndex="0" pointIndex="2020" originalElevation="204.0" isOriginalElevationFromOSM="false" isAnchor="false"><ele>206.0</ele></trkpt>
<trkpt lat="34.654808" lon="127.615479" sectionIndex="0" pointIndex="2021" originalElevation="204.0" isOriginalElevationFromOSM="false" isAnchor="false"><ele>204.5</ele></trkpt>
<trkpt lat="34.654808" lon="127.615479" sectionIndex="0" pointIndex="2022" originalElevation="204.0" isOriginalElevationFromOSM="false" isAnchor="false"><ele>203.1</ele></trkpt>
<trkpt lat="34.654812" lon="127.615533" sectionIndex="0" pointIndex="2023" originalElevation="204.0" isOriginalElevationFromOSM="false" isAnchor="false"><ele>201.7</ele></trkpt>
<trkpt lat="34.654815" lon="127.615588" sectionIndex="0" pointIndex="2024" originalElevation="204.0" isOriginalElevationFromOSM="false" isAnchor="false"><ele>200.3</ele></trkpt>
<trkpt lat="34.654819" lon="127.615642" sectionIndex="0" pointIndex="2025" originalElevation="204.0" isOriginalElevationFromOSM="false" isAnchor="false"><ele>198.9</ele></trkpt>
<trkpt lat="34.654823" lon="127.615697" sectionIndex="0" pointIndex="2026" originalElevation="204.0" isOriginalElevationFromOSM="false" isAnchor="false"><ele>197.6</ele></trkpt>
<trkpt lat="34.654826" lon="127.615751" sectionIndex="0" pointIndex="2027" originalElevation="204.0" isOriginalElevationFromOSM="false" isAnchor="false"><ele>196.3</ele></trkpt>
<trkpt lat="34.654830" lon="127.615806" sectionIndex="0" pointIndex="2028" originalElevation="204.0" isOriginalElevationFromOSM="false" isAnchor="false"><ele>195.0</ele></trkpt>
<trkpt lat="34.654834" lon="127.615860" sectionIndex="0" pointIndex="2029" originalElevation="185.0" isOriginalElevationFromOSM="false" isAnchor="false"><ele>194.0</ele></trkpt>
<trkpt lat="34.654837" lon="127.615915" sectionIndex="0" pointIndex="2030" originalElevation="185.0" isOriginalElevationFromOSM="false" isAnchor="false"><ele>192.9</ele></trkpt>
<trkpt lat="34.654841" lon="127.615969" sectionIndex="0" pointIndex="2031" originalElevation="185.0" isOriginalElevationFromOSM="false" isAnchor="false"><ele>191.8</ele></trkpt>
<trkpt lat="34.654845" lon="127.616024" sectionIndex="0" pointIndex="2032" originalElevation="185.0" isOriginalElevationFromOSM="false" isAnchor="false"><ele>190.7</ele></trkpt>
<trkpt lat="34.654848" lon="127.616078" sectionIndex="0" pointIndex="2033" originalElevation="185.0" isOriginalElevationFromOSM="false" isAnchor="false"><ele>189.6</ele></trkpt>
<trkpt lat="34.654852" lon="127.616133" sectionIndex="0" pointIndex="2034" originalElevation="185.0" isOriginalElevationFromOSM="false" isAnchor="false"><ele>188.5</ele></trkpt>
<trkpt lat="34.654856" lon="127.616187" sectionIndex="0" pointIndex="2035" originalElevation="185.0" isOriginalElevationFromOSM="false" isAnchor="false"><ele>187.4</ele></trkpt>
<trkpt lat="34.654859" lon="127.616242" sectionIndex="0" pointIndex="2036" originalElevation="185.0" isOriginalElevationFromOSM="false" isAnchor="false"><ele>186.4</ele></trkpt>
<trkpt lat="34.654863" lon="127.616296" sectionIndex="0" pointIndex="2037" originalElevation="185.0" isOriginalElevationFromOSM="false" isAnchor="false"><ele>185.3</ele></trkpt>
<trkpt lat="34.654867" lon="127.616350" sectionIndex="0" pointIndex="2038" originalElevation="185.0" isOriginalElevationFromOSM="false" isAnchor="false"><ele>184.3</ele></trkpt>
<trkpt lat="34.654870" lon="127.616405" sectionIndex="0" pointIndex="2039" originalElevation="185.0" isOriginalElevationFromOSM="false" isAnchor="false"><ele>183.3</ele></trkpt>
<trkpt lat="34.654874" lon="127.616459" sectionIndex="0" pointIndex="2040" originalElevation="185.0" isOriginalElevationFromOSM="false" isAnchor="false"><ele>182.3</ele></trkpt>
<trkpt lat="34.654878" lon="127.616514" sectionIndex="0" pointIndex="2041" originalElevation="185.0" isOriginalElevationFromOSM="false" isAnchor="false"><ele>181.3</ele></trkpt>
<trkpt lat="34.654881" lon="127.616568" sectionIndex="0" pointIndex="2042" originalElevation="185.0" isOriginalElevationFromOSM="false" isAnchor="false"><ele>180.3</ele></trkpt>
<trkpt lat="34.654883" lon="127.616603" sectionIndex="0" pointIndex="2043" originalElevation="185.0" isOriginalElevationFromOSM="false" isAnchor="false"><ele>179.3</ele></trkpt>
<trkpt lat="34.654883" lon="127.616603" sectionIndex="0" pointIndex="2044" originalElevation="185.0" isOriginalElevationFromOSM="false" isAnchor="false"><ele>178.3</ele></trkpt>
<trkpt lat="34.654891" lon="127.616657" sectionIndex="0" pointIndex="2045" originalElevation="185.0" isOriginalElevationFromOSM="false" isAnchor="false"><ele>177.5</ele></trkpt>
<trkpt lat="34.654898" lon="127.616711" sectionIndex="0" pointIndex="2046" originalElevation="169.0" isOriginalElevationFromOSM="false" isAnchor="false"><ele>176.5</ele></trkpt>
<trkpt lat="34.654906" lon="127.616765" sectionIndex="0" pointIndex="2047" originalElevation="169.0" isOriginalElevationFromOSM="false" isAnchor="false"><ele>175.6</ele></trkpt>
<trkpt lat="34.654913" lon="127.616818" sectionIndex="0" pointIndex="2048" originalElevation="169.0" isOriginalElevationFromOSM="false" isAnchor="false"><ele>174.6</ele></trkpt>
<trkpt lat="34.654921" lon="127.616872" sectionIndex="0" pointIndex="2049" originalElevation="169.0" isOriginalElevationFromOSM="false" isAnchor="false"><ele>173.6</ele></trkpt>
<trkpt lat="34.654928" lon="127.616926" sectionIndex="0" pointIndex="2050" originalElevation="169.0" isOriginalElevationFromOSM="false" isAnchor="false"><ele>172.6</ele></trkpt>
<trkpt lat="34.654936" lon="127.616980" sectionIndex="0" pointIndex="2051" originalElevation="169.0" isOriginalElevationFromOSM="false" isAnchor="false"><ele>171.7</ele></trkpt>
<trkpt lat="34.654943" lon="127.617034" sectionIndex="0" pointIndex="2052" originalElevation="169.0" isOriginalElevationFromOSM="false" isAnchor="false"><ele>170.7</ele></trkpt>
<trkpt lat="34.654951" lon="127.617088" sectionIndex="0" pointIndex="2053" originalElevation="169.0" isOriginalElevationFromOSM="false" isAnchor="false"><ele>169.8</ele></trkpt>
<trkpt lat="34.654958" lon="127.617142" sectionIndex="0" pointIndex="2054" originalElevation="169.0" isOriginalElevationFromOSM="false" isAnchor="false"><ele>168.9</ele></trkpt>
<trkpt lat="34.654966" lon="127.617196" sectionIndex="0" pointIndex="2055" originalElevation="169.0" isOriginalElevationFromOSM="false" isAnchor="false"><ele>168.0</ele></trkpt>
<trkpt lat="34.654973" lon="127.617250" sectionIndex="0" pointIndex="2056" originalElevation="169.0" isOriginalElevationFromOSM="false" isAnchor="false"><ele>167.2</ele></trkpt>
<trkpt lat="34.654981" lon="127.617304" sectionIndex="0" pointIndex="2057" originalElevation="169.0" isOriginalElevationFromOSM="false" isAnchor="false"><ele>166.3</ele></trkpt>
<trkpt lat="34.654988" lon="127.617357" sectionIndex="0" pointIndex="2058" originalElevation="169.0" isOriginalElevationFromOSM="false" isAnchor="false"><ele>165.5</ele></trkpt>
<trkpt lat="34.654996" lon="127.617411" sectionIndex="0" pointIndex="2059" originalElevation="169.0" isOriginalElevationFromOSM="false" isAnchor="false"><ele>164.6</ele></trkpt>
<trkpt lat="34.655003" lon="127.617465" sectionIndex="0" pointIndex="2060" originalElevation="176.0" isOriginalElevationFromOSM="false" isAnchor="false"><ele>163.8</ele></trkpt>
<trkpt lat="34.655011" lon="127.617519" sectionIndex="0" pointIndex="2061" originalElevation="157.0" isOriginalElevationFromOSM="false" isAnchor="false"><ele>163.1</ele></trkpt>
<trkpt lat="34.655018" lon="127.617573" sectionIndex="0" pointIndex="2062" originalElevation="157.0" isOriginalElevationFromOSM="false" isAnchor="false"><ele>162.4</ele></trkpt>
<trkpt lat="34.655026" lon="127.617627" sectionIndex="0" pointIndex="2063" originalElevation="157.0" isOriginalElevationFromOSM="false" isAnchor="false"><ele>161.6</ele></trkpt>
<trkpt lat="34.655033" lon="127.617681" sectionIndex="0" pointIndex="2064" originalElevation="157.0" isOriginalElevationFromOSM="false" isAnchor="false"><ele>160.7</ele></trkpt>
<trkpt lat="34.655041" lon="127.617735" sectionIndex="0" pointIndex="2065" originalElevation="157.0" isOriginalElevationFromOSM="false" isAnchor="false"><ele>159.9</ele></trkpt>
<trkpt lat="34.655048" lon="127.617789" sectionIndex="0" pointIndex="2066" originalElevation="157.0" isOriginalElevationFromOSM="false" isAnchor="false"><ele>159.0</ele></trkpt>
<trkpt lat="34.655056" lon="127.617843" sectionIndex="0" pointIndex="2067" originalElevation="157.0" isOriginalElevationFromOSM="false" isAnchor="false"><ele>158.1</ele></trkpt>
<trkpt lat="34.655063" lon="127.617896" sectionIndex="0" pointIndex="2068" originalElevation="157.0" isOriginalElevationFromOSM="false" isAnchor="false"><ele>157.2</ele></trkpt>
<trkpt lat="34.655071" lon="127.617950" sectionIndex="0" pointIndex="2069" originalElevation="157.0" isOriginalElevationFromOSM="false" isAnchor="false"><ele>156.3</ele></trkpt>
<trkpt lat="34.655075" lon="127.617979" sectionIndex="0" pointIndex="2070" originalElevation="157.0" isOriginalElevationFromOSM="false" isAnchor="false"><ele>155.3</ele></trkpt>
<trkpt lat="34.655075" lon="127.617979" sectionIndex="0" pointIndex="2071" originalElevation="157.0" isOriginalElevationFromOSM="false" isAnchor="false"><ele>154.3</ele></trkpt>
<trkpt lat="34.655078" lon="127.618033" sectionIndex="0" pointIndex="2072" originalElevation="157.0" isOriginalElevationFromOSM="false" isAnchor="false"><ele>153.2</ele></trkpt>
<trkpt lat="34.655081" lon="127.618088" sectionIndex="0" pointIndex="2073" originalElevation="157.0" isOriginalElevationFromOSM="false" isAnchor="false"><ele>152.1</ele></trkpt>
<trkpt lat="34.655083" lon="127.618142" sectionIndex="0" pointIndex="2074" originalElevation="157.0" isOriginalElevationFromOSM="false" isAnchor="false"><ele>151.0</ele></trkpt>
<trkpt lat="34.655086" lon="127.618197" sectionIndex="0" pointIndex="2075" originalElevation="157.0" isOriginalElevationFromOSM="false" isAnchor="false"><ele>149.9</ele></trkpt>
<trkpt lat="34.655089" lon="127.618252" sectionIndex="0" pointIndex="2076" originalElevation="157.0" isOriginalElevationFromOSM="false" isAnchor="false"><ele>148.7</ele></trkpt>
<trkpt lat="34.655092" lon="127.618306" sectionIndex="0" pointIndex="2077" originalElevation="157.0" isOriginalElevationFromOSM="false" isAnchor="false"><ele>147.6</ele></trkpt>
<trkpt lat="34.655095" lon="127.618361" sectionIndex="0" pointIndex="2078" originalElevation="137.0" isOriginalElevationFromOSM="false" isAnchor="false"><ele>146.3</ele></trkpt>
<trkpt lat="34.655098" lon="127.618415" sectionIndex="0" pointIndex="2079" originalElevation="137.0" isOriginalElevationFromOSM="false" isAnchor="false"><ele>145.1</ele></trkpt>
<trkpt lat="34.655100" lon="127.618470" sectionIndex="0" pointIndex="2080" originalElevation="137.0" isOriginalElevationFromOSM="false" isAnchor="false"><ele>143.8</ele></trkpt>
<trkpt lat="34.655103" lon="127.618524" sectionIndex="0" pointIndex="2081" originalElevation="137.0" isOriginalElevationFromOSM="false" isAnchor="false"><ele>142.6</ele></trkpt>
<trkpt lat="34.655106" lon="127.618579" sectionIndex="0" pointIndex="2082" originalElevation="137.0" isOriginalElevationFromOSM="false" isAnchor="false"><ele>141.3</ele></trkpt>
<trkpt lat="34.655109" lon="127.618633" sectionIndex="0" pointIndex="2083" originalElevation="137.0" isOriginalElevationFromOSM="false" isAnchor="false"><ele>140.1</ele></trkpt>
<trkpt lat="34.655112" lon="127.618688" sectionIndex="0" pointIndex="2084" originalElevation="137.0" isOriginalElevationFromOSM="false" isAnchor="false"><ele>138.9</ele></trkpt>
<trkpt lat="34.655115" lon="127.618743" sectionIndex="0" pointIndex="2085" originalElevation="137.0" isOriginalElevationFromOSM="false" isAnchor="false"><ele>137.7</ele></trkpt>
<trkpt lat="34.655117" lon="127.618797" sectionIndex="0" pointIndex="2086" originalElevation="137.0" isOriginalElevationFromOSM="false" isAnchor="false"><ele>136.6</ele></trkpt>
<trkpt lat="34.655120" lon="127.618852" sectionIndex="0" pointIndex="2087" originalElevation="137.0" isOriginalElevationFromOSM="false" isAnchor="false"><ele>135.4</ele></trkpt>
<trkpt lat="34.655123" lon="127.618906" sectionIndex="0" pointIndex="2088" originalElevation="137.0" isOriginalElevationFromOSM="false" isAnchor="false"><ele>134.3</ele></trkpt>
<trkpt lat="34.655126" lon="127.618961" sectionIndex="0" pointIndex="2089" originalElevation="137.0" isOriginalElevationFromOSM="false" isAnchor="false"><ele>133.2</ele></trkpt>
<trkpt lat="34.655129" lon="127.619015" sectionIndex="0" pointIndex="2090" originalElevation="137.0" isOriginalElevationFromOSM="false" isAnchor="false"><ele>132.1</ele></trkpt>
<trkpt lat="34.655132" lon="127.619070" sectionIndex="0" pointIndex="2091" originalElevation="137.0" isOriginalElevationFromOSM="false" isAnchor="false"><ele>131.1</ele></trkpt>
<trkpt lat="34.655134" lon="127.619124" sectionIndex="0" pointIndex="2092" originalElevation="137.0" isOriginalElevationFromOSM="false" isAnchor="false"><ele>130.1</ele></trkpt>
<trkpt lat="34.655137" lon="127.619179" sectionIndex="0" pointIndex="2093" originalElevation="122.0" isOriginalElevationFromOSM="false" isAnchor="false"><ele>129.1</ele></trkpt>
<trkpt lat="34.655140" lon="127.619234" sectionIndex="0" pointIndex="2094" originalElevation="122.0" isOriginalElevationFromOSM="false" isAnchor="false"><ele>128.3</ele></trkpt>
<trkpt lat="34.655143" lon="127.619288" sectionIndex="0" pointIndex="2095" originalElevation="122.0" isOriginalElevationFromOSM="false" isAnchor="false"><ele>127.3</ele></trkpt>
<trkpt lat="34.655146" lon="127.619343" sectionIndex="0" pointIndex="2096" originalElevation="122.0" isOriginalElevationFromOSM="false" isAnchor="false"><ele>126.3</ele></trkpt>
<trkpt lat="34.655149" lon="127.619397" sectionIndex="0" pointIndex="2097" originalElevation="122.0" isOriginalElevationFromOSM="false" isAnchor="false"><ele>125.2</ele></trkpt>
<trkpt lat="34.655152" lon="127.619452" sectionIndex="0" pointIndex="2098" originalElevation="122.0" isOriginalElevationFromOSM="false" isAnchor="false"><ele>124.2</ele></trkpt>
<trkpt lat="34.655154" lon="127.619506" sectionIndex="0" pointIndex="2099" originalElevation="122.0" isOriginalElevationFromOSM="false" isAnchor="false"><ele>123.1</ele></trkpt>
<trkpt lat="34.655157" lon="127.619561" sectionIndex="0" pointIndex="2100" originalElevation="122.0" isOriginalElevationFromOSM="false" isAnchor="false"><ele>122.0</ele></trkpt>
<trkpt lat="34.655160" lon="127.619615" sectionIndex="0" pointIndex="2101" originalElevation="122.0" isOriginalElevationFromOSM="false" isAnchor="false"><ele>120.9</ele></trkpt>
<trkpt lat="34.655163" lon="127.619670" sectionIndex="0" pointIndex="2102" originalElevation="122.0" isOriginalElevationFromOSM="false" isAnchor="false"><ele>119.7</ele></trkpt>
<trkpt lat="34.655165" lon="127.619714" sectionIndex="0" pointIndex="2103" originalElevation="122.0" isOriginalElevationFromOSM="false" isAnchor="false"><ele>118.4</ele></trkpt>
<trkpt lat="34.655165" lon="127.619714" sectionIndex="0" pointIndex="2104" originalElevation="122.0" isOriginalElevationFromOSM="false" isAnchor="false"><ele>117.2</ele></trkpt>
<trkpt lat="34.655165" lon="127.619769" sectionIndex="0" pointIndex="2105" originalElevation="122.0" isOriginalElevationFromOSM="false" isAnchor="false"><ele>115.8</ele></trkpt>
<trkpt lat="34.655165" lon="127.619823" sectionIndex="0" pointIndex="2106" originalElevation="122.0" isOriginalElevationFromOSM="false" isAnchor="false"><ele>114.4</ele></trkpt>
<trkpt lat="34.655164" lon="127.619878" sectionIndex="0" pointIndex="2107" originalElevation="122.0" isOriginalElevationFromOSM="false" isAnchor="false"><ele>113.0</ele></trkpt>
<trkpt lat="34.655164" lon="127.619933" sectionIndex="0" pointIndex="2108" originalElevation="122.0" isOriginalElevationFromOSM="false" isAnchor="false"><ele>111.6</ele></trkpt>
<trkpt lat="34.655164" lon="127.619987" sectionIndex="0" pointIndex="2109" originalElevation="122.0" isOriginalElevationFromOSM="false" isAnchor="false"><ele>110.2</ele></trkpt>
<trkpt lat="34.655164" lon="127.620042" sectionIndex="0" pointIndex="2110" originalElevation="97.0" isOriginalElevationFromOSM="false" isAnchor="false"><ele>108.6</ele></trkpt>
<trkpt lat="34.655163" lon="127.620097" sectionIndex="0" pointIndex="2111" originalElevation="97.0" isOriginalElevationFromOSM="false" isAnchor="false"><ele>106.9</ele></trkpt>
<trkpt lat="34.655163" lon="127.620151" sectionIndex="0" pointIndex="2112" originalElevation="97.0" isOriginalElevationFromOSM="false" isAnchor="false"><ele>105.2</ele></trkpt>
<trkpt lat="34.655163" lon="127.620206" sectionIndex="0" pointIndex="2113" originalElevation="97.0" isOriginalElevationFromOSM="false" isAnchor="false"><ele>103.5</ele></trkpt>
<trkpt lat="34.655162" lon="127.620261" sectionIndex="0" pointIndex="2114" originalElevation="97.0" isOriginalElevationFromOSM="false" isAnchor="false"><ele>101.8</ele></trkpt>
<trkpt lat="34.655162" lon="127.620315" sectionIndex="0" pointIndex="2115" originalElevation="97.0" isOriginalElevationFromOSM="false" isAnchor="false"><ele>100.0</ele></trkpt>
<trkpt lat="34.655162" lon="127.620370" sectionIndex="0" pointIndex="2116" originalElevation="97.0" isOriginalElevationFromOSM="false" isAnchor="false"><ele>98.2</ele></trkpt>
<trkpt lat="34.655162" lon="127.620425" sectionIndex="0" pointIndex="2117" originalElevation="97.0" isOriginalElevationFromOSM="false" isAnchor="false"><ele>96.4</ele></trkpt>
<trkpt lat="34.655161" lon="127.620479" sectionIndex="0" pointIndex="2118" originalElevation="97.0" isOriginalElevationFromOSM="false" isAnchor="false"><ele>94.6</ele></trkpt>
<trkpt lat="34.655161" lon="127.620534" sectionIndex="0" pointIndex="2119" originalElevation="97.0" isOriginalElevationFromOSM="false" isAnchor="false"><ele>92.8</ele></trkpt>
<trkpt lat="34.655161" lon="127.620589" sectionIndex="0" pointIndex="2120" originalElevation="97.0" isOriginalElevationFromOSM="false" isAnchor="false"><ele>90.9</ele></trkpt>
<trkpt lat="34.655160" lon="127.620643" sectionIndex="0" pointIndex="2121" originalElevation="97.0" isOriginalElevationFromOSM="false" isAnchor="false"><ele>89.0</ele></trkpt>
<trkpt lat="34.655160" lon="127.620698" sectionIndex="0" pointIndex="2122" originalElevation="97.0" isOriginalElevationFromOSM="false" isAnchor="false"><ele>87.2</ele></trkpt>
<trkpt lat="34.655160" lon="127.620753" sectionIndex="0" pointIndex="2123" originalElevation="97.0" isOriginalElevationFromOSM="false" isAnchor="false"><ele>85.3</ele></trkpt>
<trkpt lat="34.655160" lon="127.620807" sectionIndex="0" pointIndex="2124" originalElevation="97.0" isOriginalElevationFromOSM="false" isAnchor="false"><ele>83.5</ele></trkpt>
<trkpt lat="34.655159" lon="127.620862" sectionIndex="0" pointIndex="2125" originalElevation="68.0" isOriginalElevationFromOSM="false" isAnchor="false"><ele>81.7</ele></trkpt>
<trkpt lat="34.655159" lon="127.620916" sectionIndex="0" pointIndex="2126" originalElevation="68.0" isOriginalElevationFromOSM="false" isAnchor="false"><ele>80.1</ele></trkpt>
<trkpt lat="34.655159" lon="127.620971" sectionIndex="0" pointIndex="2127" originalElevation="68.0" isOriginalElevationFromOSM="false" isAnchor="false"><ele>78.4</ele></trkpt>
<trkpt lat="34.655159" lon="127.621026" sectionIndex="0" pointIndex="2128" originalElevation="68.0" isOriginalElevationFromOSM="false" isAnchor="false"><ele>76.8</ele></trkpt>
<trkpt lat="34.655158" lon="127.621080" sectionIndex="0" pointIndex="2129" originalElevation="68.0" isOriginalElevationFromOSM="false" isAnchor="false"><ele>75.2</ele></trkpt>
<trkpt lat="34.655158" lon="127.621135" sectionIndex="0" pointIndex="2130" originalElevation="68.0" isOriginalElevationFromOSM="false" isAnchor="false"><ele>73.6</ele></trkpt>
<trkpt lat="34.655158" lon="127.621190" sectionIndex="0" pointIndex="2131" originalElevation="68.0" isOriginalElevationFromOSM="false" isAnchor="false"><ele>72.1</ele></trkpt>
<trkpt lat="34.655157" lon="127.621244" sectionIndex="0" pointIndex="2132" originalElevation="68.0" isOriginalElevationFromOSM="false" isAnchor="false"><ele>70.6</ele></trkpt>
<trkpt lat="34.655157" lon="127.621299" sectionIndex="0" pointIndex="2133" originalElevation="68.0" isOriginalElevationFromOSM="false" isAnchor="false"><ele>69.2</ele></trkpt>
<trkpt lat="34.655157" lon="127.621354" sectionIndex="0" pointIndex="2134" originalElevation="68.0" isOriginalElevationFromOSM="false" isAnchor="false"><ele>67.9</ele></trkpt>
<trkpt lat="34.655157" lon="127.621408" sectionIndex="0" pointIndex="2135" originalElevation="68.0" isOriginalElevationFromOSM="false" isAnchor="false"><ele>66.8</ele></trkpt>
<trkpt lat="34.655156" lon="127.621426" sectionIndex="0" pointIndex="2136" originalElevation="68.0" isOriginalElevationFromOSM="false" isAnchor="false"><ele>65.7</ele></trkpt>
<trkpt lat="34.655156" lon="127.621426" sectionIndex="0" pointIndex="2137" originalElevation="68.0" isOriginalElevationFromOSM="false" isAnchor="false"><ele>64.8</ele></trkpt>
<trkpt lat="34.655153" lon="127.621481" sectionIndex="0" pointIndex="2138" originalElevation="68.0" isOriginalElevationFromOSM="false" isAnchor="false"><ele>64.1</ele></trkpt>
<trkpt lat="34.655149" lon="127.621535" sectionIndex="0" pointIndex="2139" originalElevation="68.0" isOriginalElevationFromOSM="false" isAnchor="false"><ele>63.5</ele></trkpt>
<trkpt lat="34.655145" lon="127.621590" sectionIndex="0" pointIndex="2140" originalElevation="68.0" isOriginalElevationFromOSM="false" isAnchor="false"><ele>63.0</ele></trkpt>
<trkpt lat="34.655142" lon="127.621644" sectionIndex="0" pointIndex="2141" originalElevation="68.0" isOriginalElevationFromOSM="false" isAnchor="false"><ele>62.9</ele></trkpt>
<trkpt lat="34.655138" lon="127.621699" sectionIndex="0" pointIndex="2142" originalElevation="50.0" isOriginalElevationFromOSM="false" isAnchor="false"><ele>63.1</ele></trkpt>
<trkpt lat="34.655135" lon="127.621753" sectionIndex="0" pointIndex="2143" originalElevation="50.0" isOriginalElevationFromOSM="false" isAnchor="false"><ele>63.5</ele></trkpt>
<trkpt lat="34.655131" lon="127.621808" sectionIndex="0" pointIndex="2144" originalElevation="50.0" isOriginalElevationFromOSM="false" isAnchor="false"><ele>64.3</ele></trkpt>
<trkpt lat="34.655127" lon="127.621862" sectionIndex="0" pointIndex="2145" originalElevation="50.0" isOriginalElevationFromOSM="false" isAnchor="false"><ele>65.3</ele></trkpt>
<trkpt lat="34.655127" lon="127.621863" sectionIndex="0" pointIndex="2146" originalElevation="50.0" isOriginalElevationFromOSM="false" isAnchor="false"><ele>66.7</ele></trkpt>
<trkpt lat="34.655120" lon="127.621880" sectionIndex="0" pointIndex="2147" originalElevation="50.0" isOriginalElevationFromOSM="false" isAnchor="false"><ele>68.4</ele></trkpt>
<trkpt lat="34.654880" lon="127.621830" sectionIndex="0" pointIndex="2148" originalElevation="50.0" isOriginalElevationFromOSM="false" isAnchor="false"><ele>70.5</ele></trkpt>
<trkpt lat="34.654610" lon="127.621710" sectionIndex="0" pointIndex="2149" originalElevation="50.0" isOriginalElevationFromOSM="false" isAnchor="false"><ele>72.7</ele></trkpt>
<trkpt lat="34.652320" lon="127.620480" sectionIndex="0" pointIndex="2150" originalElevation="72.0" isOriginalElevationFromOSM="false" isAnchor="false"><ele>75.2</ele></trkpt>
<trkpt lat="34.652000" lon="127.620350" sectionIndex="0" pointIndex="2151" originalElevation="72.0" isOriginalElevationFromOSM="false" isAnchor="false"><ele>77.9</ele></trkpt>
<trkpt lat="34.651190" lon="127.620060" sectionIndex="0" pointIndex="2152" originalElevation="80.0" isOriginalElevationFromOSM="false" isAnchor="false"><ele>80.5</ele></trkpt>
<trkpt lat="34.650980" lon="127.619980" sectionIndex="0" pointIndex="2153" originalElevation="89.0" isOriginalElevationFromOSM="false" isAnchor="false"><ele>83.2</ele></trkpt>
<trkpt lat="34.650770" lon="127.619870" sectionIndex="0" pointIndex="2154" originalElevation="89.0" isOriginalElevationFromOSM="false" isAnchor="false"><ele>85.9</ele></trkpt>
<trkpt lat="34.650600" lon="127.619750" sectionIndex="0" pointIndex="2155" originalElevation="89.0" isOriginalElevationFromOSM="false" isAnchor="false"><ele>88.5</ele></trkpt>
<trkpt lat="34.650410" lon="127.619570" sectionIndex="0" pointIndex="2156" originalElevation="89.0" isOriginalElevationFromOSM="false" isAnchor="false"><ele>91.0</ele></trkpt>
<trkpt lat="34.650170" lon="127.619310" sectionIndex="0" pointIndex="2157" originalElevation="107.0" isOriginalElevationFromOSM="false" isAnchor="false"><ele>93.4</ele></trkpt>
<trkpt lat="34.649670" lon="127.618720" sectionIndex="0" pointIndex="2158" originalElevation="115.5" isOriginalElevationFromOSM="false" isAnchor="false"><ele>95.7</ele></trkpt>
<trkpt lat="34.649670" lon="127.618720" sectionIndex="0" pointIndex="2159" originalElevation="115.5" isOriginalElevationFromOSM="false" isAnchor="false"><ele>97.6</ele></trkpt>
<trkpt lat="34.649580" lon="127.618610" sectionIndex="0" pointIndex="2160" originalElevation="124.0" isOriginalElevationFromOSM="false" isAnchor="false"><ele>99.2</ele></trkpt>
<trkpt lat="34.649470" lon="127.618540" sectionIndex="0" pointIndex="2161" originalElevation="124.0" isOriginalElevationFromOSM="false" isAnchor="false"><ele>100.4</ele></trkpt>
<trkpt lat="34.649370" lon="127.618340" sectionIndex="0" pointIndex="2162" originalElevation="123.9" isOriginalElevationFromOSM="false" isAnchor="false"><ele>101.3</ele></trkpt>
<trkpt lat="34.648450" lon="127.616490" sectionIndex="0" pointIndex="2163" originalElevation="123.0" isOriginalElevationFromOSM="false" isAnchor="false"><ele>101.9</ele></trkpt>
<trkpt lat="34.648220" lon="127.615970" sectionIndex="0" pointIndex="2164" originalElevation="107.0" isOriginalElevationFromOSM="false" isAnchor="false"><ele>102.2</ele></trkpt>
<trkpt lat="34.647940" lon="127.615430" sectionIndex="0" pointIndex="2165" originalElevation="107.0" isOriginalElevationFromOSM="false" isAnchor="false"><ele>102.2</ele></trkpt>
<trkpt lat="34.647840" lon="127.615190" sectionIndex="0" pointIndex="2166" originalElevation="111.0" isOriginalElevationFromOSM="false" isAnchor="false"><ele>101.9</ele></trkpt>
<trkpt lat="34.647790" lon="127.615000" sectionIndex="0" pointIndex="2167" originalElevation="81.0" isOriginalElevationFromOSM="false" isAnchor="false"><ele>101.4</ele></trkpt>
<trkpt lat="34.647770" lon="127.614550" sectionIndex="0" pointIndex="2168" originalElevation="81.0" isOriginalElevationFromOSM="false" isAnchor="false"><ele>100.8</ele></trkpt>
<trkpt lat="34.647770" lon="127.614350" sectionIndex="0" pointIndex="2169" originalElevation="80.0" isOriginalElevationFromOSM="false" isAnchor="false"><ele>100.1</ele></trkpt>
<trkpt lat="34.647782" lon="127.614275" sectionIndex="0" pointIndex="2170" originalElevation="80.0" isOriginalElevationFromOSM="false" isAnchor="false"><ele>99.4</ele></trkpt>
<trkpt lat="34.648144" lon="127.613200" sectionIndex="0" pointIndex="2171" originalElevation="107.0" isOriginalElevationFromOSM="false" isAnchor="false"><ele>98.5</ele></trkpt>
<trkpt lat="34.648140" lon="127.613190" sectionIndex="0" pointIndex="2172" originalElevation="107.0" isOriginalElevationFromOSM="false" isAnchor="false"><ele>97.5</ele></trkpt>
<trkpt lat="34.648190" lon="127.612880" sectionIndex="0" pointIndex="2173" originalElevation="107.0" isOriginalElevationFromOSM="false" isAnchor="false"><ele>96.4</ele></trkpt>
<trkpt lat="34.648280" lon="127.611470" sectionIndex="0" pointIndex="2174" originalElevation="98.0" isOriginalElevationFromOSM="false" isAnchor="false"><ele>95.3</ele></trkpt>
<trkpt lat="34.648280" lon="127.611160" sectionIndex="0" pointIndex="2175" originalElevation="98.0" isOriginalElevationFromOSM="false" isAnchor="false"><ele>94.1</ele></trkpt>
<trkpt lat="34.648280" lon="127.610890" sectionIndex="0" pointIndex="2176" originalElevation="97.0" isOriginalElevationFromOSM="false" isAnchor="false"><ele>92.8</ele></trkpt>
<trkpt lat="34.648170" lon="127.609040" sectionIndex="0" pointIndex="2177" originalElevation="93.5" isOriginalElevationFromOSM="false" isAnchor="false"><ele>91.4</ele></trkpt>
<trkpt lat="34.648170" lon="127.609040" sectionIndex="0" pointIndex="2178" originalElevation="93.5" isOriginalElevationFromOSM="false" isAnchor="false"><ele>89.9</ele></trkpt>
<trkpt lat="34.648150" lon="127.608530" sectionIndex="0" pointIndex="2179" originalElevation="90.0" isOriginalElevationFromOSM="false" isAnchor="false"><ele>88.3</ele></trkpt>
<trkpt lat="34.648160" lon="127.608310" sectionIndex="0" pointIndex="2180" originalElevation="90.0" isOriginalElevationFromOSM="false" isAnchor="false"><ele>86.6</ele></trkpt>
<trkpt lat="34.648030" lon="127.607940" sectionIndex="0" pointIndex="2181" originalElevation="90.0" isOriginalElevationFromOSM="false" isAnchor="false"><ele>84.8</ele></trkpt>
<trkpt lat="34.648000" lon="127.608110" sectionIndex="0" pointIndex="2182" originalElevation="90.0" isOriginalElevationFromOSM="false" isAnchor="false"><ele>82.9</ele></trkpt>
<trkpt lat="34.648000" lon="127.608110" sectionIndex="0" pointIndex="2183" originalElevation="90.0" isOriginalElevationFromOSM="false" isAnchor="false"><ele>81.0</ele></trkpt>
<trkpt lat="34.647990" lon="127.608140" sectionIndex="0" pointIndex="2184" originalElevation="90.0" isOriginalElevationFromOSM="false" isAnchor="false"><ele>78.9</ele></trkpt>
<trkpt lat="34.647920" lon="127.608280" sectionIndex="0" pointIndex="2185" originalElevation="90.0" isOriginalElevationFromOSM="false" isAnchor="false"><ele>76.8</ele></trkpt>
<trkpt lat="34.647780" lon="127.608670" sectionIndex="0" pointIndex="2186" originalElevation="67.0" isOriginalElevationFromOSM="false" isAnchor="false"><ele>74.7</ele></trkpt>
<trkpt lat="34.647670" lon="127.608950" sectionIndex="0" pointIndex="2187" originalElevation="67.0" isOriginalElevationFromOSM="false" isAnchor="false"><ele>72.4</ele></trkpt>
<trkpt lat="34.647310" lon="127.609670" sectionIndex="0" pointIndex="2188" originalElevation="67.0" isOriginalElevationFromOSM="false" isAnchor="false"><ele>70.2</ele></trkpt>
<trkpt lat="34.647180" lon="127.609900" sectionIndex="0" pointIndex="2189" originalElevation="67.0" isOriginalElevationFromOSM="false" isAnchor="false"><ele>68.1</ele></trkpt>
<trkpt lat="34.647050" lon="127.610040" sectionIndex="0" pointIndex="2190" originalElevation="67.0" isOriginalElevationFromOSM="false" isAnchor="false"><ele>66.0</ele></trkpt>
<trkpt lat="34.646970" lon="127.610080" sectionIndex="0" pointIndex="2191" originalElevation="67.0" isOriginalElevationFromOSM="false" isAnchor="false"><ele>64.1</ele></trkpt>
<trkpt lat="34.646830" lon="127.610200" sectionIndex="0" pointIndex="2192" originalElevation="46.0" isOriginalElevationFromOSM="false" isAnchor="false"><ele>62.2</ele></trkpt>
<trkpt lat="34.646770" lon="127.610270" sectionIndex="0" pointIndex="2193" originalElevation="46.0" isOriginalElevationFromOSM="false" isAnchor="false"><ele>60.5</ele></trkpt>
<trkpt lat="34.646700" lon="127.610400" sectionIndex="0" pointIndex="2194" originalElevation="47.0" isOriginalElevationFromOSM="false" isAnchor="false"><ele>58.9</ele></trkpt>
<trkpt lat="34.646710" lon="127.610360" sectionIndex="0" pointIndex="2195" originalElevation="46.5" isOriginalElevationFromOSM="false" isAnchor="false"><ele>57.4</ele></trkpt>
<trkpt lat="34.646710" lon="127.610360" sectionIndex="0" pointIndex="2196" originalElevation="46.5" isOriginalElevationFromOSM="false" isAnchor="false"><ele>56.0</ele></trkpt>
<trkpt lat="34.646700" lon="127.610400" sectionIndex="0" pointIndex="2197" originalElevation="47.0" isOriginalElevationFromOSM="false" isAnchor="false"><ele>54.7</ele></trkpt>
<trkpt lat="34.646640" lon="127.610540" sectionIndex="0" pointIndex="2198" originalElevation="47.0" isOriginalElevationFromOSM="false" isAnchor="false"><ele>53.5</ele></trkpt>
<trkpt lat="34.646560" lon="127.610650" sectionIndex="0" pointIndex="2199" originalElevation="47.0" isOriginalElevationFromOSM="false" isAnchor="false"><ele>52.4</ele></trkpt>
<trkpt lat="34.646440" lon="127.610790" sectionIndex="0" pointIndex="2200" originalElevation="47.0" isOriginalElevationFromOSM="false" isAnchor="false"><ele>51.4</ele></trkpt>
</trkseg>
</trk>
</gpx>