<?xml version="1.0" encoding="UTF-8"?>
<gpx xmlns="http://www.topografix.com/GPX/1/1" creator="MTK - http://www.toursprung.com" version="1.1" xmlns:xsi="http://www.w3.org/2001/XMLSchema-instance" xsi:schemaLocation="http://www.topografix.com/GPX/1/1 http://www.topografix.com/GPX/1/1/gpx.xsd">
<metadata>
<name>여수_40KM</name>
<extensions><extra>{&quot;smoothElevationsStrength&quot;:0.75}</extra></extensions>
</metadata>

<trk>
<name>여수_40KM</name>
<trkseg>
<trkpt lat="34.646500" lon="127.610720" sectionIndex="0" pointIndex="0" originalElevation="47.0" isOriginalElevationFromOSM="false" isAnchor="false"><ele>58.1</ele></trkpt>
<trkpt lat="34.646560" lon="127.610650" sectionIndex="0" pointIndex="1" originalElevation="47.0" isOriginalElevationFromOSM="false" isAnchor="false"><ele>59.3</ele></trkpt>
<trkpt lat="34.646640" lon="127.610540" sectionIndex="0" pointIndex="2" originalElevation="47.0" isOriginalElevationFromOSM="false" isAnchor="false"><ele>60.3</ele></trkpt>
<trkpt lat="34.646770" lon="127.610270" sectionIndex="0" pointIndex="3" originalElevation="46.0" isOriginalElevationFromOSM="false" isAnchor="false"><ele>61.3</ele></trkpt>
<trkpt lat="34.646830" lon="127.610200" sectionIndex="0" pointIndex="4" originalElevation="46.0" isOriginalElevationFromOSM="false" isAnchor="false"><ele>62.3</ele></trkpt>
<trkpt lat="34.646970" lon="127.610080" sectionIndex="0" pointIndex="5" originalElevation="67.0" isOriginalElevationFromOSM="false" isAnchor="false"><ele>63.4</ele></trkpt>
<trkpt lat="34.647050" lon="127.610040" sectionIndex="0" pointIndex="6" originalElevation="67.0" isOriginalElevationFromOSM="false" isAnchor="false"><ele>64.4</ele></trkpt>
<trkpt lat="34.647140" lon="127.609950" sectionIndex="0" pointIndex="7" originalElevation="67.0" isOriginalElevationFromOSM="false" isAnchor="false"><ele>65.4</ele></trkpt>
<trkpt lat="34.647140" lon="127.609950" sectionIndex="0" pointIndex="8" originalElevation="67.0" isOriginalElevationFromOSM="false" isAnchor="false"><ele>66.4</ele></trkpt>
<trkpt lat="34.647180" lon="127.609900" sectionIndex="0" pointIndex="9" originalElevation="67.0" isOriginalElevationFromOSM="false" isAnchor="false"><ele>67.3</ele></trkpt>
<trkpt lat="34.647310" lon="127.609670" sectionIndex="0" pointIndex="10" originalElevation="67.0" isOriginalElevationFromOSM="false" isAnchor="false"><ele>68.2</ele></trkpt>
<trkpt lat="34.647670" lon="127.608950" sectionIndex="0" pointIndex="11" originalElevation="67.0" isOriginalElevationFromOSM="false" isAnchor="false"><ele>69.0</ele></trkpt>
<trkpt lat="34.647780" lon="127.608670" sectionIndex="0" pointIndex="12" originalElevation="67.0" isOriginalElevationFromOSM="false" isAnchor="false"><ele>69.7</ele></trkpt>
<trkpt lat="34.647920" lon="127.608280" sectionIndex="0" pointIndex="13" originalElevation="90.0" isOriginalElevationFromOSM="false" isAnchor="false"><ele>70.3</ele></trkpt>
<trkpt lat="34.647990" lon="127.608140" sectionIndex="0" pointIndex="14" originalElevation="90.0" isOriginalElevationFromOSM="false" isAnchor="false"><ele>70.7</ele></trkpt>
<trkpt lat="34.648030" lon="127.607940" sectionIndex="0" pointIndex="15" originalElevation="90.0" isOriginalElevationFromOSM="false" isAnchor="false"><ele>71.0</ele></trkpt>
<trkpt lat="34.648040" lon="127.607910" sectionIndex="0" pointIndex="16" originalElevation="88.5" isOriginalElevationFromOSM="false" isAnchor="false"><ele>71.4</ele></trkpt>
<trkpt lat="34.648043" lon="127.607911" sectionIndex="0" pointIndex="17" originalElevation="68.0" isOriginalElevationFromOSM="false" isAnchor="false"><ele>71.6</ele></trkpt>
<trkpt lat="34.648055" lon="127.607952" sectionIndex="0" pointIndex="18" originalElevation="68.0" isOriginalElevationFromOSM="false" isAnchor="false"><ele>71.7</ele></trkpt>
<trkpt lat="34.648071" lon="127.608004" sectionIndex="0" pointIndex="19" originalElevation="68.0" isOriginalElevationFromOSM="false" isAnchor="false"><ele>71.6</ele></trkpt>
<trkpt lat="34.648087" lon="127.608055" sectionIndex="0" pointIndex="20" originalElevation="68.0" isOriginalElevationFromOSM="false" isAnchor="false"><ele>71.5</ele></trkpt>
<trkpt lat="34.648103" lon="127.608106" sectionIndex="0" pointIndex="21" originalElevation="68.0" isOriginalElevationFromOSM="false" isAnchor="false"><ele>71.2</ele></trkpt>
<trkpt lat="34.648119" lon="127.608157" sectionIndex="0" pointIndex="22" originalElevation="68.0" isOriginalElevationFromOSM="false" isAnchor="false"><ele>70.8</ele></trkpt>
<trkpt lat="34.648135" lon="127.608208" sectionIndex="0" pointIndex="23" originalElevation="68.0" isOriginalElevationFromOSM="false" isAnchor="false"><ele>70.5</ele></trkpt>
<trkpt lat="34.648151" lon="127.608259" sectionIndex="0" pointIndex="24" originalElevation="68.0" isOriginalElevationFromOSM="false" isAnchor="false"><ele>70.1</ele></trkpt>
<trkpt lat="34.648166" lon="127.608311" sectionIndex="0" pointIndex="25" originalElevation="68.0" isOriginalElevationFromOSM="false" isAnchor="false"><ele>69.8</ele></trkpt>
<trkpt lat="34.648182" lon="127.608362" sectionIndex="0" pointIndex="26" originalElevation="68.0" isOriginalElevationFromOSM="false" isAnchor="false"><ele>69.5</ele></trkpt>
<trkpt lat="34.648182" lon="127.608362" sectionIndex="0" pointIndex="27" originalElevation="68.0" isOriginalElevationFromOSM="false" isAnchor="false"><ele>69.5</ele></trkpt>
<trkpt lat="34.648184" lon="127.608408" sectionIndex="0" pointIndex="28" originalElevation="68.0" isOriginalElevationFromOSM="false" isAnchor="false"><ele>69.7</ele></trkpt>
<trkpt lat="34.648185" lon="127.608462" sectionIndex="0" pointIndex="29" originalElevation="68.0" isOriginalElevationFromOSM="false" isAnchor="false"><ele>69.9</ele></trkpt>
<trkpt lat="34.648187" lon="127.608517" sectionIndex="0" pointIndex="30" originalElevation="68.0" isOriginalElevationFromOSM="false" isAnchor="false"><ele>70.4</ele></trkpt>
<trkpt lat="34.648188" lon="127.608572" sectionIndex="0" pointIndex="31" originalElevation="68.0" isOriginalElevationFromOSM="false" isAnchor="false"><ele>71.1</ele></trkpt>
<trkpt lat="34.648190" lon="127.608626" sectionIndex="0" pointIndex="32" originalElevation="68.0" isOriginalElevationFromOSM="false" isAnchor="false"><ele>72.1</ele></trkpt>
<trkpt lat="34.648191" lon="127.608681" sectionIndex="0" pointIndex="33" originalElevation="68.0" isOriginalElevationFromOSM="false" isAnchor="false"><ele>73.4</ele></trkpt>
<trkpt lat="34.648193" lon="127.608736" sectionIndex="0" pointIndex="34" originalElevation="68.0" isOriginalElevationFromOSM="false" isAnchor="false"><ele>75.1</ele></trkpt>
<trkpt lat="34.648194" lon="127.608790" sectionIndex="0" pointIndex="35" originalElevation="68.0" isOriginalElevationFromOSM="false" isAnchor="false"><ele>77.1</ele></trkpt>
<trkpt lat="34.648196" lon="127.608845" sectionIndex="0" pointIndex="36" originalElevation="68.0" isOriginalElevationFromOSM="false" isAnchor="false"><ele>79.4</ele></trkpt>
<trkpt lat="34.648197" lon="127.608899" sectionIndex="0" pointIndex="37" originalElevation="68.0" isOriginalElevationFromOSM="false" isAnchor="false"><ele>82.1</ele></trkpt>
<trkpt lat="34.648199" lon="127.608954" sectionIndex="0" pointIndex="38" originalElevation="68.0" isOriginalElevationFromOSM="false" isAnchor="false"><ele>85.1</ele></trkpt>
<trkpt lat="34.648200" lon="127.609009" sectionIndex="0" pointIndex="39" originalElevation="68.0" isOriginalElevationFromOSM="false" isAnchor="false"><ele>88.5</ele></trkpt>
<trkpt lat="34.648202" lon="127.609063" sectionIndex="0" pointIndex="40" originalElevation="68.0" isOriginalElevationFromOSM="false" isAnchor="false"><ele>92.2</ele></trkpt>
<trkpt lat="34.648203" lon="127.609118" sectionIndex="0" pointIndex="41" originalElevation="68.0" isOriginalElevationFromOSM="false" isAnchor="false"><ele>96.3</ele></trkpt>
<trkpt lat="34.648203" lon="127.609118" sectionIndex="0" pointIndex="42" originalElevation="105.4" isOriginalElevationFromOSM="false" isAnchor="false"><ele>100.5</ele></trkpt>
<trkpt lat="34.648247" lon="127.609930" sectionIndex="0" pointIndex="43" originalElevation="113.0" isOriginalElevationFromOSM="false" isAnchor="false"><ele>105.1</ele></trkpt>
<trkpt lat="34.648305" lon="127.611376" sectionIndex="0" pointIndex="44" originalElevation="117.0" isOriginalElevationFromOSM="false" isAnchor="false"><ele>109.8</ele></trkpt>
<trkpt lat="34.648210" lon="127.612941" sectionIndex="0" pointIndex="45" originalElevation="120.0" isOriginalElevationFromOSM="false" isAnchor="false"><ele>114.7</ele></trkpt>
<trkpt lat="34.647951" lon="127.613818" sectionIndex="0" pointIndex="46" originalElevation="125.0" isOriginalElevationFromOSM="false" isAnchor="false"><ele>119.8</ele></trkpt>
<trkpt lat="34.648068" lon="127.613803" sectionIndex="0" pointIndex="47" originalElevation="124.0" isOriginalElevationFromOSM="false" isAnchor="false"><ele>125.0</ele></trkpt>
<trkpt lat="34.648452" lon="127.613362" sectionIndex="0" pointIndex="48" originalElevation="126.0" isOriginalElevationFromOSM="false" isAnchor="false"><ele>130.2</ele></trkpt>
<trkpt lat="34.648783" lon="127.613588" sectionIndex="0" pointIndex="49" originalElevation="138.0" isOriginalElevationFromOSM="false" isAnchor="false"><ele>135.5</ele></trkpt>
<trkpt lat="34.648897" lon="127.613808" sectionIndex="0" pointIndex="50" originalElevation="140.0" isOriginalElevationFromOSM="false" isAnchor="false"><ele>140.8</ele></trkpt>
<trkpt lat="34.648922" lon="127.614281" sectionIndex="0" pointIndex="51" originalElevation="142.0" isOriginalElevationFromOSM="false" isAnchor="false"><ele>146.2</ele></trkpt>
<trkpt lat="34.649156" lon="127.615107" sectionIndex="0" pointIndex="52" originalElevation="152.0" isOriginalElevationFromOSM="false" isAnchor="false"><ele>151.5</ele></trkpt>
<trkpt lat="34.649842" lon="127.615853" sectionIndex="0" pointIndex="53" originalElevation="167.0" isOriginalElevationFromOSM="false" isAnchor="false"><ele>156.9</ele></trkpt>
<trkpt lat="34.649792" lon="127.616023" sectionIndex="0" pointIndex="54" originalElevation="169.0" isOriginalElevationFromOSM="false" isAnchor="false"><ele>162.2</ele></trkpt>
<trkpt lat="34.649438" lon="127.616396" sectionIndex="0" pointIndex="55" originalElevation="171.0" isOriginalElevationFromOSM="false" isAnchor="false"><ele>167.5</ele></trkpt>
<trkpt lat="34.649450" lon="127.616969" sectionIndex="0" pointIndex="56" originalElevation="173.0" isOriginalElevationFromOSM="false" isAnchor="false"><ele>172.8</ele></trkpt>
<trkpt lat="34.649569" lon="127.617214" sectionIndex="0" pointIndex="57" originalElevation="175.0" isOriginalElevationFromOSM="false" isAnchor="false"><ele>178.0</ele></trkpt>
<trkpt lat="34.650130" lon="127.616822" sectionIndex="0" pointIndex="58" originalElevation="181.0" isOriginalElevationFromOSM="false" isAnchor="false"><ele>183.1</ele></trkpt>
<trkpt lat="34.649928" lon="127.616620" sectionIndex="0" pointIndex="59" originalElevation="187.0" isOriginalElevationFromOSM="false" isAnchor="false"><ele>188.1</ele></trkpt>
<trkpt lat="34.649946" lon="127.616497" sectionIndex="0" pointIndex="60" originalElevation="189.0" isOriginalElevationFromOSM="false" isAnchor="false"><ele>193.2</ele></trkpt>
<trkpt lat="34.650700" lon="127.616800" sectionIndex="0" pointIndex="61" originalElevation="197.0" isOriginalElevationFromOSM="false" isAnchor="false"><ele>198.3</ele></trkpt>
<trkpt lat="34.650930" lon="127.616740" sectionIndex="0" pointIndex="62" originalElevation="200.0" isOriginalElevationFromOSM="false" isAnchor="false"><ele>203.4</ele></trkpt>
<trkpt lat="34.651211" lon="127.616520" sectionIndex="0" pointIndex="63" originalElevation="206.0" isOriginalElevationFromOSM="false" isAnchor="false"><ele>208.6</ele></trkpt>
<trkpt lat="34.651523" lon="127.616005" sectionIndex="0" pointIndex="64" originalElevation="213.0" isOriginalElevationFromOSM="false" isAnchor="false"><ele>213.8</ele></trkpt>
<trkpt lat="34.651875" lon="127.615814" sectionIndex="0" pointIndex="65" originalElevation="221.0" isOriginalElevationFromOSM="false" isAnchor="false"><ele>219.1</ele></trkpt>
<trkpt lat="34.651731" lon="127.615715" sectionIndex="0" pointIndex="66" originalElevation="225.0" isOriginalElevationFromOSM="false" isAnchor="false"><ele>224.3</ele></trkpt>
<trkpt lat="34.651171" lon="127.615839" sectionIndex="0" pointIndex="67" originalElevation="232.0" isOriginalElevationFromOSM="false" isAnchor="false"><ele>229.6</ele></trkpt>
<trkpt lat="34.651145" lon="127.615770" sectionIndex="0" pointIndex="68" originalElevation="237.0" isOriginalElevationFromOSM="false" isAnchor="false"><ele>234.9</ele></trkpt>
<trkpt lat="34.651627" lon="127.615427" sectionIndex="0" pointIndex="69" originalElevation="241.0" isOriginalElevationFromOSM="false" isAnchor="false"><ele>240.3</ele></trkpt>
<trkpt lat="34.652281" lon="127.615351" sectionIndex="0" pointIndex="70" originalElevation="246.0" isOriginalElevationFromOSM="false" isAnchor="false"><ele>245.6</ele></trkpt>
<trkpt lat="34.652473" lon="127.615222" sectionIndex="0" pointIndex="71" originalElevation="248.0" isOriginalElevationFromOSM="false" isAnchor="false"><ele>251.0</ele></trkpt>
<trkpt lat="34.652725" lon="127.614570" sectionIndex="0" pointIndex="72" originalElevation="255.0" isOriginalElevationFromOSM="false" isAnchor="false"><ele>256.4</ele></trkpt>
<trkpt lat="34.653033" lon="127.614306" sectionIndex="0" pointIndex="73" originalElevation="260.0" isOriginalElevationFromOSM="false" isAnchor="false"><ele>261.8</ele></trkpt>
<trkpt lat="34.653138" lon="127.613821" sectionIndex="0" pointIndex="74" originalElevation="265.0" isOriginalElevationFromOSM="false" isAnchor="false"><ele>267.2</ele></trkpt>
<trkpt lat="34.653476" lon="127.613706" sectionIndex="0" pointIndex="75" originalElevation="270.0" isOriginalElevationFromOSM="false" isAnchor="false"><ele>272.5</ele></trkpt>
<trkpt lat="34.654022" lon="127.613335" sectionIndex="0" pointIndex="76" originalElevation="276.0" isOriginalElevationFromOSM="false" isAnchor="false"><ele>277.8</ele></trkpt>
<trkpt lat="34.654295" lon="127.613300" sectionIndex="0" pointIndex="77" originalElevation="279.0" isOriginalElevationFromOSM="false" isAnchor="false"><ele>282.9</ele></trkpt>
<trkpt lat="34.654705" lon="127.613401" sectionIndex="0" pointIndex="78" originalElevation="292.0" isOriginalElevationFromOSM="false" isAnchor="false"><ele>287.8</ele></trkpt>
<trkpt lat="34.654733" lon="127.612679" sectionIndex="0" pointIndex="79" originalElevation="293.0" isOriginalElevationFromOSM="false" isAnchor="false"><ele>292.6</ele></trkpt>
<trkpt lat="34.655148" lon="127.611537" sectionIndex="0" pointIndex="80" originalElevation="304.0" isOriginalElevationFromOSM="false" isAnchor="false"><ele>297.1</ele></trkpt>
<trkpt lat="34.655140" lon="127.611301" sectionIndex="0" pointIndex="81" originalElevation="308.0" isOriginalElevationFromOSM="false" isAnchor="false"><ele>301.2</ele></trkpt>
<trkpt lat="34.654937" lon="127.611056" sectionIndex="0" pointIndex="82" originalElevation="312.0" isOriginalElevationFromOSM="false" isAnchor="false"><ele>305.0</ele></trkpt>
<trkpt lat="34.653864" lon="127.610873" sectionIndex="0" pointIndex="83" originalElevation="324.0" isOriginalElevationFromOSM="false" isAnchor="false"><ele>308.5</ele></trkpt>
<trkpt lat="34.653541" lon="127.610608" sectionIndex="0" pointIndex="84" originalElevation="328.0" isOriginalElevationFromOSM="false" isAnchor="false"><ele>311.6</ele></trkpt>
<trkpt lat="34.653388" lon="127.610335" sectionIndex="0" pointIndex="85" originalElevation="330.0" isOriginalElevationFromOSM="false" isAnchor="false"><ele>314.1</ele></trkpt>
<trkpt lat="34.653328" lon="127.610010" sectionIndex="0" pointIndex="86" originalElevation="331.0" isOriginalElevationFromOSM="false" isAnchor="false"><ele>316.0</ele></trkpt>
<trkpt lat="34.653319" lon="127.608539" sectionIndex="0" pointIndex="87" originalElevation="336.0" isOriginalElevationFromOSM="false" isAnchor="false"><ele>317.5</ele></trkpt>
<trkpt lat="34.653445" lon="127.608204" sectionIndex="0" pointIndex="88" originalElevation="336.0" isOriginalElevationFromOSM="false" isAnchor="false"><ele>318.5</ele></trkpt>
<trkpt lat="34.653957" lon="127.607761" sectionIndex="0" pointIndex="89" originalElevation="337.0" isOriginalElevationFromOSM="false" isAnchor="false"><ele>318.9</ele></trkpt>
<trkpt lat="34.654058" lon="127.607524" sectionIndex="0" pointIndex="90" originalElevation="337.0" isOriginalElevationFromOSM="false" isAnchor="false"><ele>318.8</ele></trkpt>
<trkpt lat="34.653960" lon="127.607031" sectionIndex="0" pointIndex="91" originalElevation="336.0" isOriginalElevationFromOSM="false" isAnchor="false"><ele>318.2</ele></trkpt>
<trkpt lat="34.653644" lon="127.606660" sectionIndex="0" pointIndex="92" originalElevation="328.0" isOriginalElevationFromOSM="false" isAnchor="false"><ele>317.1</ele></trkpt>
<trkpt lat="34.653489" lon="127.606273" sectionIndex="0" pointIndex="93" originalElevation="327.0" isOriginalElevationFromOSM="false" isAnchor="false"><ele>315.7</ele></trkpt>
<trkpt lat="34.653315" lon="127.605577" sectionIndex="0" pointIndex="94" originalElevation="326.0" isOriginalElevationFromOSM="false" isAnchor="false"><ele>313.8</ele></trkpt>
<trkpt lat="34.653335" lon="127.605328" sectionIndex="0" pointIndex="95" originalElevation="320.0" isOriginalElevationFromOSM="false" isAnchor="false"><ele>311.6</ele></trkpt>
<trkpt lat="34.654530" lon="127.603864" sectionIndex="0" pointIndex="96" originalElevation="309.0" isOriginalElevationFromOSM="false" isAnchor="false"><ele>309.1</ele></trkpt>
<trkpt lat="34.655185" lon="127.603160" sectionIndex="0" pointIndex="97" originalElevation="308.0" isOriginalElevationFromOSM="false" isAnchor="false"><ele>306.6</ele></trkpt>
<trkpt lat="34.655503" lon="127.602573" sectionIndex="0" pointIndex="98" originalElevation="312.0" isOriginalElevationFromOSM="false" isAnchor="false"><ele>304.0</ele></trkpt>
<trkpt lat="34.655524" lon="127.602552" sectionIndex="0" pointIndex="99" originalElevation="312.0" isOriginalElevationFromOSM="false" isAnchor="false"><ele>301.4</ele></trkpt>
<trkpt lat="34.655524" lon="127.602552" sectionIndex="0" pointIndex="100" originalElevation="278.0" isOriginalElevationFromOSM="false" isAnchor="false"><ele>298.9</ele></trkpt>
<trkpt lat="34.655564" lon="127.602577" sectionIndex="0" pointIndex="101" originalElevation="278.0" isOriginalElevationFromOSM="false" isAnchor="false"><ele>296.5</ele></trkpt>
<trkpt lat="34.655604" lon="127.602602" sectionIndex="0" pointIndex="102" originalElevation="278.0" isOriginalElevationFromOSM="false" isAnchor="false"><ele>294.3</ele></trkpt>
<trkpt lat="34.655644" lon="127.602627" sectionIndex="0" pointIndex="103" originalElevation="278.0" isOriginalElevationFromOSM="false" isAnchor="false"><ele>292.3</ele></trkpt>
<trkpt lat="34.655647" lon="127.602629" sectionIndex="0" pointIndex="104" originalElevation="278.0" isOriginalElevationFromOSM="false" isAnchor="false"><ele>290.6</ele></trkpt>
<trkpt lat="34.655647" lon="127.602629" sectionIndex="0" pointIndex="105" originalElevation="278.0" isOriginalElevationFromOSM="false" isAnchor="false"><ele>289.2</ele></trkpt>
<trkpt lat="34.655690" lon="127.602613" sectionIndex="0" pointIndex="106" originalElevation="278.0" isOriginalElevationFromOSM="false" isAnchor="false"><ele>288.2</ele></trkpt>
<trkpt lat="34.655733" lon="127.602597" sectionIndex="0" pointIndex="107" originalElevation="278.0" isOriginalElevationFromOSM="false" isAnchor="false"><ele>287.4</ele></trkpt>
<trkpt lat="34.655760" lon="127.602586" sectionIndex="0" pointIndex="108" originalElevation="278.0" isOriginalElevationFromOSM="false" isAnchor="false"><ele>286.9</ele></trkpt>
<trkpt lat="34.655760" lon="127.602586" sectionIndex="0" pointIndex="109" originalElevation="278.0" isOriginalElevationFromOSM="false" isAnchor="false"><ele>286.8</ele></trkpt>
<trkpt lat="34.655787" lon="127.602543" sectionIndex="0" pointIndex="110" originalElevation="278.0" isOriginalElevationFromOSM="false" isAnchor="false"><ele>286.8</ele></trkpt>
<trkpt lat="34.655814" lon="127.602499" sectionIndex="0" pointIndex="111" originalElevation="263.0" isOriginalElevationFromOSM="false" isAnchor="false"><ele>287.1</ele></trkpt>
<trkpt lat="34.655842" lon="127.602455" sectionIndex="0" pointIndex="112" originalElevation="296.0" isOriginalElevationFromOSM="false" isAnchor="false"><ele>287.6</ele></trkpt>
<trkpt lat="34.655851" lon="127.602440" sectionIndex="0" pointIndex="113" originalElevation="296.0" isOriginalElevationFromOSM="false" isAnchor="false"><ele>288.3</ele></trkpt>
<trkpt lat="34.655851" lon="127.602440" sectionIndex="0" pointIndex="114" originalElevation="296.0" isOriginalElevationFromOSM="false" isAnchor="false"><ele>288.9</ele></trkpt>
<trkpt lat="34.655875" lon="127.602393" sectionIndex="0" pointIndex="115" originalElevation="296.0" isOriginalElevationFromOSM="false" isAnchor="false"><ele>289.6</ele></trkpt>
<trkpt lat="34.655899" lon="127.602347" sectionIndex="0" pointIndex="116" originalElevation="296.0" isOriginalElevationFromOSM="false" isAnchor="false"><ele>290.6</ele></trkpt>
<trkpt lat="34.655923" lon="127.602301" sectionIndex="0" pointIndex="117" originalElevation="296.0" isOriginalElevationFromOSM="false" isAnchor="false"><ele>291.4</ele></trkpt>
<trkpt lat="34.655938" lon="127.602271" sectionIndex="0" pointIndex="118" originalElevation="296.0" isOriginalElevationFromOSM="false" isAnchor="false"><ele>292.2</ele></trkpt>
<trkpt lat="34.655938" lon="127.602271" sectionIndex="0" pointIndex="119" originalElevation="296.0" isOriginalElevationFromOSM="false" isAnchor="false"><ele>292.9</ele></trkpt>
<trkpt lat="34.655979" lon="127.602250" sectionIndex="0" pointIndex="120" originalElevation="296.0" isOriginalElevationFromOSM="false" isAnchor="false"><ele>293.6</ele></trkpt>
<trkpt lat="34.656021" lon="127.602230" sectionIndex="0" pointIndex="121" originalElevation="296.0" isOriginalElevationFromOSM="false" isAnchor="false"><ele>294.1</ele></trkpt>
<trkpt lat="34.656062" lon="127.602209" sectionIndex="0" pointIndex="122" originalElevation="296.0" isOriginalElevationFromOSM="false" isAnchor="false"><ele>294.6</ele></trkpt>
<trkpt lat="34.656104" lon="127.602188" sectionIndex="0" pointIndex="123" originalElevation="296.0" isOriginalElevationFromOSM="false" isAnchor="false"><ele>295.0</ele></trkpt>
<trkpt lat="34.656146" lon="127.602167" sectionIndex="0" pointIndex="124" originalElevation="296.0" isOriginalElevationFromOSM="false" isAnchor="false"><ele>295.4</ele></trkpt>
<trkpt lat="34.656187" lon="127.602146" sectionIndex="0" pointIndex="125" originalElevation="296.0" isOriginalElevationFromOSM="false" isAnchor="false"><ele>295.8</ele></trkpt>
<trkpt lat="34.656195" lon="127.602142" sectionIndex="0" pointIndex="126" originalElevation="296.0" isOriginalElevationFromOSM="false" isAnchor="false"><ele>296.1</ele></trkpt>
<trkpt lat="34.656195" lon="127.602142" sectionIndex="0" pointIndex="127" originalElevation="296.0" isOriginalElevationFromOSM="false" isAnchor="false"><ele>296.5</ele></trkpt>
<trkpt lat="34.656240" lon="127.602137" sectionIndex="0" pointIndex="128" originalElevation="296.0" isOriginalElevationFromOSM="false" isAnchor="false"><ele>296.8</ele></trkpt>
<trkpt lat="34.656285" lon="127.602131" sectionIndex="0" pointIndex="129" originalElevation="296.0" isOriginalElevationFromOSM="false" isAnchor="false"><ele>297.0</ele></trkpt>
<trkpt lat="34.656329" lon="127.602126" sectionIndex="0" pointIndex="130" originalElevation="296.0" isOriginalElevationFromOSM="false" isAnchor="false"><ele>297.4</ele></trkpt>
<trkpt lat="34.656374" lon="127.602120" sectionIndex="0" pointIndex="131" originalElevation="296.0" isOriginalElevationFromOSM="false" isAnchor="false"><ele>297.7</ele></trkpt>
<trkpt lat="34.656419" lon="127.602114" sectionIndex="0" pointIndex="132" originalElevation="296.0" isOriginalElevationFromOSM="false" isAnchor="false"><ele>298.2</ele></trkpt>
<trkpt lat="34.656443" lon="127.602111" sectionIndex="0" pointIndex="133" originalElevation="296.0" isOriginalElevationFromOSM="false" isAnchor="false"><ele>298.6</ele></trkpt>
<trkpt lat="34.656443" lon="127.602111" sectionIndex="0" pointIndex="134" originalElevation="296.0" isOriginalElevationFromOSM="false" isAnchor="false"><ele>299.2</ele></trkpt>
<trkpt lat="34.656488" lon="127.602110" sectionIndex="0" pointIndex="135" originalElevation="296.0" isOriginalElevationFromOSM="false" isAnchor="false"><ele>299.8</ele></trkpt>
<trkpt lat="34.656533" lon="127.602108" sectionIndex="0" pointIndex="136" originalElevation="296.0" isOriginalElevationFromOSM="false" isAnchor="false"><ele>300.4</ele></trkpt>
<trkpt lat="34.656578" lon="127.602106" sectionIndex="0" pointIndex="137" originalElevation="296.0" isOriginalElevationFromOSM="false" isAnchor="false"><ele>301.0</ele></trkpt>
<trkpt lat="34.656623" lon="127.602105" sectionIndex="0" pointIndex="138" originalElevation="296.0" isOriginalElevationFromOSM="false" isAnchor="false"><ele>301.7</ele></trkpt>
<trkpt lat="34.656668" lon="127.602103" sectionIndex="0" pointIndex="139" originalElevation="308.0" isOriginalElevationFromOSM="false" isAnchor="false"><ele>302.3</ele></trkpt>
<trkpt lat="34.656691" lon="127.602102" sectionIndex="0" pointIndex="140" originalElevation="308.0" isOriginalElevationFromOSM="false" isAnchor="false"><ele>303.0</ele></trkpt>
<trkpt lat="34.656691" lon="127.602102" sectionIndex="0" pointIndex="141" originalElevation="308.0" isOriginalElevationFromOSM="false" isAnchor="false"><ele>303.6</ele></trkpt>
<trkpt lat="34.656736" lon="127.602105" sectionIndex="0" pointIndex="142" originalElevation="308.0" isOriginalElevationFromOSM="false" isAnchor="false"><ele>304.2</ele></trkpt>
<trkpt lat="34.656781" lon="127.602107" sectionIndex="0" pointIndex="143" originalElevation="308.0" isOriginalElevationFromOSM="false" isAnchor="false"><ele>304.8</ele></trkpt>
<trkpt lat="34.656826" lon="127.602110" sectionIndex="0" pointIndex="144" originalElevation="308.0" isOriginalElevationFromOSM="false" isAnchor="false"><ele>305.4</ele></trkpt>
<trkpt lat="34.656871" lon="127.602112" sectionIndex="0" pointIndex="145" originalElevation="308.0" isOriginalElevationFromOSM="false" isAnchor="false"><ele>305.8</ele></trkpt>
<trkpt lat="34.656916" lon="127.602114" sectionIndex="0" pointIndex="146" originalElevation="308.0" isOriginalElevationFromOSM="false" isAnchor="false"><ele>306.3</ele></trkpt>
<trkpt lat="34.656961" lon="127.602117" sectionIndex="0" pointIndex="147" originalElevation="308.0" isOriginalElevationFromOSM="false" isAnchor="false"><ele>306.6</ele></trkpt>
<trkpt lat="34.657006" lon="127.602119" sectionIndex="0" pointIndex="148" originalElevation="308.0" isOriginalElevationFromOSM="false" isAnchor="false"><ele>307.0</ele></trkpt>
<trkpt lat="34.657051" lon="127.602122" sectionIndex="0" pointIndex="149" originalElevation="308.0" isOriginalElevationFromOSM="false" isAnchor="false"><ele>307.2</ele></trkpt>
<trkpt lat="34.657095" lon="127.602124" sectionIndex="0" pointIndex="150" originalElevation="308.0" isOriginalElevationFromOSM="false" isAnchor="false"><ele>307.5</ele></trkpt>
<trkpt lat="34.657140" lon="127.602127" sectionIndex="0" pointIndex="151" originalElevation="308.0" isOriginalElevationFromOSM="false" isAnchor="false"><ele>307.7</ele></trkpt>
<trkpt lat="34.657155" lon="127.602127" sectionIndex="0" pointIndex="152" originalElevation="308.0" isOriginalElevationFromOSM="false" isAnchor="false"><ele>307.8</ele></trkpt>
<trkpt lat="34.657155" lon="127.602127" sectionIndex="0" pointIndex="153" originalElevation="308.0" isOriginalElevationFromOSM="false" isAnchor="false"><ele>308.0</ele></trkpt>
<trkpt lat="34.657198" lon="127.602110" sectionIndex="0" pointIndex="154" originalElevation="308.0" isOriginalElevationFromOSM="false" isAnchor="false"><ele>308.1</ele></trkpt>
<trkpt lat="34.657240" lon="127.602092" sectionIndex="0" pointIndex="155" originalElevation="308.0" isOriginalElevationFromOSM="false" isAnchor="false"><ele>308.1</ele></trkpt>
<trkpt lat="34.657246" lon="127.602090" sectionIndex="0" pointIndex="156" originalElevation="308.0" isOriginalElevationFromOSM="false" isAnchor="false"><ele>308.1</ele></trkpt>
<trkpt lat="34.657246" lon="127.602090" sectionIndex="0" pointIndex="157" originalElevation="308.0" isOriginalElevationFromOSM="false" isAnchor="false"><ele>308.1</ele></trkpt>
<trkpt lat="34.657289" lon="127.602105" sectionIndex="0" pointIndex="158" originalElevation="308.0" isOriginalElevationFromOSM="false" isAnchor="false"><ele>308.0</ele></trkpt>
<trkpt lat="34.657332" lon="127.602119" sectionIndex="0" pointIndex="159" originalElevation="308.0" isOriginalElevationFromOSM="false" isAnchor="false"><ele>307.9</ele></trkpt>
<trkpt lat="34.657376" lon="127.602134" sectionIndex="0" pointIndex="160" originalElevation="308.0" isOriginalElevationFromOSM="false" isAnchor="false"><ele>307.7</ele></trkpt>
<trkpt lat="34.657419" lon="127.602149" sectionIndex="0" pointIndex="161" originalElevation="308.0" isOriginalElevationFromOSM="false" isAnchor="false"><ele>307.4</ele></trkpt>
<trkpt lat="34.657426" lon="127.602151" sectionIndex="0" pointIndex="162" originalElevation="308.0" isOriginalElevationFromOSM="false" isAnchor="false"><ele>307.1</ele></trkpt>
<trkpt lat="34.657426" lon="127.602151" sectionIndex="0" pointIndex="163" originalElevation="308.0" isOriginalElevationFromOSM="false" isAnchor="false"><ele>306.7</ele></trkpt>
<trkpt lat="34.657464" lon="127.602179" sectionIndex="0" pointIndex="164" originalElevation="308.0" isOriginalElevationFromOSM="false" isAnchor="false"><ele>306.2</ele></trkpt>
<trkpt lat="34.657503" lon="127.602206" sectionIndex="0" pointIndex="165" originalElevation="309.0" isOriginalElevationFromOSM="false" isAnchor="false"><ele>305.6</ele></trkpt>
<trkpt lat="34.657542" lon="127.602234" sectionIndex="0" pointIndex="166" originalElevation="309.0" isOriginalElevationFromOSM="false" isAnchor="false"><ele>305.0</ele></trkpt>
<trkpt lat="34.657581" lon="127.602262" sectionIndex="0" pointIndex="167" originalElevation="309.0" isOriginalElevationFromOSM="false" isAnchor="false"><ele>304.2</ele></trkpt>
<trkpt lat="34.657619" lon="127.602289" sectionIndex="0" pointIndex="168" originalElevation="309.0" isOriginalElevationFromOSM="false" isAnchor="false"><ele>303.4</ele></trkpt>
<trkpt lat="34.657619" lon="127.602289" sectionIndex="0" pointIndex="169" originalElevation="309.0" isOriginalElevationFromOSM="false" isAnchor="false"><ele>302.5</ele></trkpt>
<trkpt lat="34.657628" lon="127.602342" sectionIndex="0" pointIndex="170" originalElevation="309.0" isOriginalElevationFromOSM="false" isAnchor="false"><ele>301.5</ele></trkpt>
<trkpt lat="34.657637" lon="127.602396" sectionIndex="0" pointIndex="171" originalElevation="309.0" isOriginalElevationFromOSM="false" isAnchor="false"><ele>300.5</ele></trkpt>
<trkpt lat="34.657646" lon="127.602450" sectionIndex="0" pointIndex="172" originalElevation="309.0" isOriginalElevationFromOSM="false" isAnchor="false"><ele>299.4</ele></trkpt>
<trkpt lat="34.657655" lon="127.602503" sectionIndex="0" pointIndex="173" originalElevation="289.0" isOriginalElevationFromOSM="false" isAnchor="false"><ele>298.3</ele></trkpt>
<trkpt lat="34.657664" lon="127.602557" sectionIndex="0" pointIndex="174" originalElevation="289.0" isOriginalElevationFromOSM="false" isAnchor="false"><ele>297.3</ele></trkpt>
<trkpt lat="34.657673" lon="127.602610" sectionIndex="0" pointIndex="175" originalElevation="289.0" isOriginalElevationFromOSM="false" isAnchor="false"><ele>296.2</ele></trkpt>
<trkpt lat="34.657682" lon="127.602664" sectionIndex="0" pointIndex="176" originalElevation="289.0" isOriginalElevationFromOSM="false" isAnchor="false"><ele>295.2</ele></trkpt>
<trkpt lat="34.657691" lon="127.602717" sectionIndex="0" pointIndex="177" originalElevation="289.0" isOriginalElevationFromOSM="false" isAnchor="false"><ele>294.3</ele></trkpt>
<trkpt lat="34.657700" lon="127.602771" sectionIndex="0" pointIndex="178" originalElevation="289.0" isOriginalElevationFromOSM="false" isAnchor="false"><ele>293.4</ele></trkpt>
<trkpt lat="34.657702" lon="127.602780" sectionIndex="0" pointIndex="179" originalElevation="289.0" isOriginalElevationFromOSM="false" isAnchor="false"><ele>292.6</ele></trkpt>
<trkpt lat="34.657702" lon="127.602780" sectionIndex="0" pointIndex="180" originalElevation="289.0" isOriginalElevationFromOSM="false" isAnchor="false"><ele>291.9</ele></trkpt>
<trkpt lat="34.657742" lon="127.602805" sectionIndex="0" pointIndex="181" originalElevation="289.0" isOriginalElevationFromOSM="false" isAnchor="false"><ele>291.3</ele></trkpt>
<trkpt lat="34.657782" lon="127.602829" sectionIndex="0" pointIndex="182" originalElevation="289.0" isOriginalElevationFromOSM="false" isAnchor="false"><ele>290.7</ele></trkpt>
<trkpt lat="34.657823" lon="127.602854" sectionIndex="0" pointIndex="183" originalElevation="289.0" isOriginalElevationFromOSM="false" isAnchor="false"><ele>290.3</ele></trkpt>
<trkpt lat="34.657863" lon="127.602878" sectionIndex="0" pointIndex="184" originalElevation="289.0" isOriginalElevationFromOSM="false" isAnchor="false"><ele>290.1</ele></trkpt>
<trkpt lat="34.657903" lon="127.602902" sectionIndex="0" pointIndex="185" originalElevation="289.0" isOriginalElevationFromOSM="false" isAnchor="false"><ele>289.9</ele></trkpt>
<trkpt lat="34.657943" lon="127.602927" sectionIndex="0" pointIndex="186" originalElevation="289.0" isOriginalElevationFromOSM="false" isAnchor="false"><ele>289.8</ele></trkpt>
<trkpt lat="34.657984" lon="127.602951" sectionIndex="0" pointIndex="187" originalElevation="289.0" isOriginalElevationFromOSM="false" isAnchor="false"><ele>289.8</ele></trkpt>
<trkpt lat="34.658024" lon="127.602976" sectionIndex="0" pointIndex="188" originalElevation="289.0" isOriginalElevationFromOSM="false" isAnchor="false"><ele>289.9</ele></trkpt>
<trkpt lat="34.658064" lon="127.603000" sectionIndex="0" pointIndex="189" originalElevation="289.0" isOriginalElevationFromOSM="false" isAnchor="false"><ele>290.1</ele></trkpt>
<trkpt lat="34.658066" lon="127.603001" sectionIndex="0" pointIndex="190" originalElevation="289.0" isOriginalElevationFromOSM="false" isAnchor="false"><ele>290.4</ele></trkpt>
<trkpt lat="34.658066" lon="127.603001" sectionIndex="0" pointIndex="191" originalElevation="289.0" isOriginalElevationFromOSM="false" isAnchor="false"><ele>290.8</ele></trkpt>
<trkpt lat="34.658110" lon="127.602989" sectionIndex="0" pointIndex="192" originalElevation="289.0" isOriginalElevationFromOSM="false" isAnchor="false"><ele>291.2</ele></trkpt>
<trkpt lat="34.658154" lon="127.602977" sectionIndex="0" pointIndex="193" originalElevation="289.0" isOriginalElevationFromOSM="false" isAnchor="false"><ele>291.7</ele></trkpt>
<trkpt lat="34.658197" lon="127.602965" sectionIndex="0" pointIndex="194" originalElevation="289.0" isOriginalElevationFromOSM="false" isAnchor="false"><ele>292.1</ele></trkpt>
<trkpt lat="34.658241" lon="127.602953" sectionIndex="0" pointIndex="195" originalElevation="289.0" isOriginalElevationFromOSM="false" isAnchor="false"><ele>292.6</ele></trkpt>
<trkpt lat="34.658285" lon="127.602940" sectionIndex="0" pointIndex="196" originalElevation="289.0" isOriginalElevationFromOSM="false" isAnchor="false"><ele>293.2</ele></trkpt>
<trkpt lat="34.658329" lon="127.602928" sectionIndex="0" pointIndex="197" originalElevation="289.0" isOriginalElevationFromOSM="false" isAnchor="false"><ele>293.7</ele></trkpt>
<trkpt lat="34.658373" lon="127.602916" sectionIndex="0" pointIndex="198" originalElevation="299.0" isOriginalElevationFromOSM="false" isAnchor="false"><ele>294.3</ele></trkpt>
<trkpt lat="34.658373" lon="127.602916" sectionIndex="0" pointIndex="199" originalElevation="299.0" isOriginalElevationFromOSM="false" isAnchor="false"><ele>294.8</ele></trkpt>
<trkpt lat="34.658373" lon="127.602916" sectionIndex="0" pointIndex="200" originalElevation="299.0" isOriginalElevationFromOSM="false" isAnchor="false"><ele>295.4</ele></trkpt>
<trkpt lat="34.658417" lon="127.602906" sectionIndex="0" pointIndex="201" originalElevation="299.0" isOriginalElevationFromOSM="false" isAnchor="false"><ele>295.9</ele></trkpt>
<trkpt lat="34.658461" lon="127.602895" sectionIndex="0" pointIndex="202" originalElevation="299.0" isOriginalElevationFromOSM="false" isAnchor="false"><ele>296.3</ele></trkpt>
<trkpt lat="34.658505" lon="127.602885" sectionIndex="0" pointIndex="203" originalElevation="299.0" isOriginalElevationFromOSM="false" isAnchor="false"><ele>296.8</ele></trkpt>
<trkpt lat="34.658549" lon="127.602875" sectionIndex="0" pointIndex="204" originalElevation="299.0" isOriginalElevationFromOSM="false" isAnchor="false"><ele>297.2</ele></trkpt>
<trkpt lat="34.658594" lon="127.602864" sectionIndex="0" pointIndex="205" originalElevation="299.0" isOriginalElevationFromOSM="false" isAnchor="false"><ele>297.6</ele></trkpt>
<trkpt lat="34.658638" lon="127.602854" sectionIndex="0" pointIndex="206" originalElevation="299.0" isOriginalElevationFromOSM="false" isAnchor="false"><ele>297.9</ele></trkpt>
<trkpt lat="34.658682" lon="127.602844" sectionIndex="0" pointIndex="207" originalElevation="299.0" isOriginalElevationFromOSM="false" isAnchor="false"><ele>298.1</ele></trkpt>
<trkpt lat="34.658689" lon="127.602842" sectionIndex="0" pointIndex="208" originalElevation="299.0" isOriginalElevationFromOSM="false" isAnchor="false"><ele>298.3</ele></trkpt>
<trkpt lat="34.658689" lon="127.602842" sectionIndex="0" pointIndex="209" originalElevation="299.0" isOriginalElevationFromOSM="false" isAnchor="false"><ele>298.3</ele></trkpt>
<trkpt lat="34.658728" lon="127.602815" sectionIndex="0" pointIndex="210" originalElevation="299.0" isOriginalElevationFromOSM="false" isAnchor="false"><ele>298.3</ele></trkpt>
<trkpt lat="34.658767" lon="127.602789" sectionIndex="0" pointIndex="211" originalElevation="299.0" isOriginalElevationFromOSM="false" isAnchor="false"><ele>298.2</ele></trkpt>
<trkpt lat="34.658807" lon="127.602762" sectionIndex="0" pointIndex="212" originalElevation="299.0" isOriginalElevationFromOSM="false" isAnchor="false"><ele>298.0</ele></trkpt>
<trkpt lat="34.658846" lon="127.602736" sectionIndex="0" pointIndex="213" originalElevation="299.0" isOriginalElevationFromOSM="false" isAnchor="false"><ele>297.8</ele></trkpt>
<trkpt lat="34.658885" lon="127.602709" sectionIndex="0" pointIndex="214" originalElevation="299.0" isOriginalElevationFromOSM="false" isAnchor="false"><ele>297.4</ele></trkpt>
<trkpt lat="34.658924" lon="127.602682" sectionIndex="0" pointIndex="215" originalElevation="299.0" isOriginalElevationFromOSM="false" isAnchor="false"><ele>296.9</ele></trkpt>
<trkpt lat="34.658964" lon="127.602656" sectionIndex="0" pointIndex="216" originalElevation="299.0" isOriginalElevationFromOSM="false" isAnchor="false"><ele>296.3</ele></trkpt>
<trkpt lat="34.659003" lon="127.602629" sectionIndex="0" pointIndex="217" originalElevation="299.0" isOriginalElevationFromOSM="false" isAnchor="false"><ele>295.7</ele></trkpt>
<trkpt lat="34.659023" lon="127.602615" sectionIndex="0" pointIndex="218" originalElevation="299.0" isOriginalElevationFromOSM="false" isAnchor="false"><ele>294.9</ele></trkpt>
<trkpt lat="34.659023" lon="127.602615" sectionIndex="0" pointIndex="219" originalElevation="299.0" isOriginalElevationFromOSM="false" isAnchor="false"><ele>294.1</ele></trkpt>
<trkpt lat="34.659067" lon="127.602604" sectionIndex="0" pointIndex="220" originalElevation="299.0" isOriginalElevationFromOSM="false" isAnchor="false"><ele>293.2</ele></trkpt>
<trkpt lat="34.659111" lon="127.602593" sectionIndex="0" pointIndex="221" originalElevation="299.0" isOriginalElevationFromOSM="false" isAnchor="false"><ele>292.2</ele></trkpt>
<trkpt lat="34.659155" lon="127.602582" sectionIndex="0" pointIndex="222" originalElevation="299.0" isOriginalElevationFromOSM="false" isAnchor="false"><ele>291.2</ele></trkpt>
<trkpt lat="34.659199" lon="127.602571" sectionIndex="0" pointIndex="223" originalElevation="285.0" isOriginalElevationFromOSM="false" isAnchor="false"><ele>290.2</ele></trkpt>
<trkpt lat="34.659243" lon="127.602560" sectionIndex="0" pointIndex="224" originalElevation="285.0" isOriginalElevationFromOSM="false" isAnchor="false"><ele>289.1</ele></trkpt>
<trkpt lat="34.659288" lon="127.602549" sectionIndex="0" pointIndex="225" originalElevation="285.0" isOriginalElevationFromOSM="false" isAnchor="false"><ele>288.0</ele></trkpt>
<trkpt lat="34.659332" lon="127.602538" sectionIndex="0" pointIndex="226" originalElevation="285.0" isOriginalElevationFromOSM="false" isAnchor="false"><ele>286.9</ele></trkpt>
<trkpt lat="34.659376" lon="127.602527" sectionIndex="0" pointIndex="227" originalElevation="285.0" isOriginalElevationFromOSM="false" isAnchor="false"><ele>285.8</ele></trkpt>
<trkpt lat="34.659402" lon="127.602520" sectionIndex="0" pointIndex="228" originalElevation="285.0" isOriginalElevationFromOSM="false" isAnchor="false"><ele>284.8</ele></trkpt>
<trkpt lat="34.659402" lon="127.602520" sectionIndex="0" pointIndex="229" originalElevation="285.0" isOriginalElevationFromOSM="false" isAnchor="false"><ele>283.7</ele></trkpt>
<trkpt lat="34.659442" lon="127.602494" sectionIndex="0" pointIndex="230" originalElevation="277.0" isOriginalElevationFromOSM="false" isAnchor="false"><ele>282.8</ele></trkpt>
<trkpt lat="34.659481" lon="127.602468" sectionIndex="0" pointIndex="231" originalElevation="277.0" isOriginalElevationFromOSM="false" isAnchor="false"><ele>281.9</ele></trkpt>
<trkpt lat="34.659521" lon="127.602441" sectionIndex="0" pointIndex="232" originalElevation="277.0" isOriginalElevationFromOSM="false" isAnchor="false"><ele>281.1</ele></trkpt>
<trkpt lat="34.659560" lon="127.602415" sectionIndex="0" pointIndex="233" originalElevation="277.0" isOriginalElevationFromOSM="false" isAnchor="false"><ele>280.4</ele></trkpt>
<trkpt lat="34.659565" lon="127.602412" sectionIndex="0" pointIndex="234" originalElevation="277.0" isOriginalElevationFromOSM="false" isAnchor="false"><ele>279.6</ele></trkpt>
<trkpt lat="34.659565" lon="127.602412" sectionIndex="0" pointIndex="235" originalElevation="277.0" isOriginalElevationFromOSM="false" isAnchor="false"><ele>278.8</ele></trkpt>
<trkpt lat="34.659609" lon="127.602422" sectionIndex="0" pointIndex="236" originalElevation="277.0" isOriginalElevationFromOSM="false" isAnchor="false"><ele>278.0</ele></trkpt>
<trkpt lat="34.659654" lon="127.602432" sectionIndex="0" pointIndex="237" originalElevation="277.0" isOriginalElevationFromOSM="false" isAnchor="false"><ele>277.3</ele></trkpt>
<trkpt lat="34.659698" lon="127.602442" sectionIndex="0" pointIndex="238" originalElevation="277.0" isOriginalElevationFromOSM="false" isAnchor="false"><ele>276.5</ele></trkpt>
<trkpt lat="34.659742" lon="127.602452" sectionIndex="0" pointIndex="239" originalElevation="277.0" isOriginalElevationFromOSM="false" isAnchor="false"><ele>275.8</ele></trkpt>
<trkpt lat="34.659786" lon="127.602462" sectionIndex="0" pointIndex="240" originalElevation="277.0" isOriginalElevationFromOSM="false" isAnchor="false"><ele>275.0</ele></trkpt>
<trkpt lat="34.659817" lon="127.602468" sectionIndex="0" pointIndex="241" originalElevation="277.0" isOriginalElevationFromOSM="false" isAnchor="false"><ele>274.2</ele></trkpt>
<trkpt lat="34.659817" lon="127.602468" sectionIndex="0" pointIndex="242" originalElevation="277.0" isOriginalElevationFromOSM="false" isAnchor="false"><ele>273.3</ele></trkpt>
<trkpt lat="34.659857" lon="127.602442" sectionIndex="0" pointIndex="243" originalElevation="277.0" isOriginalElevationFromOSM="false" isAnchor="false"><ele>272.3</ele></trkpt>
<trkpt lat="34.659896" lon="127.602416" sectionIndex="0" pointIndex="244" originalElevation="277.0" isOriginalElevationFromOSM="false" isAnchor="false"><ele>271.2</ele></trkpt>
<trkpt lat="34.659936" lon="127.602390" sectionIndex="0" pointIndex="245" originalElevation="277.0" isOriginalElevationFromOSM="false" isAnchor="false"><ele>270.1</ele></trkpt>
<trkpt lat="34.659975" lon="127.602364" sectionIndex="0" pointIndex="246" originalElevation="277.0" isOriginalElevationFromOSM="false" isAnchor="false"><ele>269.0</ele></trkpt>
<trkpt lat="34.659980" lon="127.602361" sectionIndex="0" pointIndex="247" originalElevation="277.0" isOriginalElevationFromOSM="false" isAnchor="false"><ele>267.8</ele></trkpt>
<trkpt lat="34.659980" lon="127.602361" sectionIndex="0" pointIndex="248" originalElevation="277.0" isOriginalElevationFromOSM="false" isAnchor="false"><ele>266.6</ele></trkpt>
<trkpt lat="34.660010" lon="127.602320" sectionIndex="0" pointIndex="249" originalElevation="255.0" isOriginalElevationFromOSM="false" isAnchor="false"><ele>265.4</ele></trkpt>
<trkpt lat="34.660041" lon="127.602280" sectionIndex="0" pointIndex="250" originalElevation="255.0" isOriginalElevationFromOSM="false" isAnchor="false"><ele>264.2</ele></trkpt>
<trkpt lat="34.660071" lon="127.602239" sectionIndex="0" pointIndex="251" originalElevation="255.0" isOriginalElevationFromOSM="false" isAnchor="false"><ele>263.0</ele></trkpt>
<trkpt lat="34.660101" lon="127.602199" sectionIndex="0" pointIndex="252" originalElevation="255.0" isOriginalElevationFromOSM="false" isAnchor="false"><ele>261.9</ele></trkpt>
<trkpt lat="34.660131" lon="127.602158" sectionIndex="0" pointIndex="253" originalElevation="255.0" isOriginalElevationFromOSM="false" isAnchor="false"><ele>260.8</ele></trkpt>
<trkpt lat="34.660134" lon="127.602154" sectionIndex="0" pointIndex="254" originalElevation="255.0" isOriginalElevationFromOSM="false" isAnchor="false"><ele>259.9</ele></trkpt>
<trkpt lat="34.660134" lon="127.602154" sectionIndex="0" pointIndex="255" originalElevation="255.0" isOriginalElevationFromOSM="false" isAnchor="false"><ele>259.0</ele></trkpt>
<trkpt lat="34.660178" lon="127.602144" sectionIndex="0" pointIndex="256" originalElevation="255.0" isOriginalElevationFromOSM="false" isAnchor="false"><ele>258.2</ele></trkpt>
<trkpt lat="34.660223" lon="127.602133" sectionIndex="0" pointIndex="257" originalElevation="255.0" isOriginalElevationFromOSM="false" isAnchor="false"><ele>257.5</ele></trkpt>
<trkpt lat="34.660267" lon="127.602123" sectionIndex="0" pointIndex="258" originalElevation="255.0" isOriginalElevationFromOSM="false" isAnchor="false"><ele>256.9</ele></trkpt>
<trkpt lat="34.660311" lon="127.602112" sectionIndex="0" pointIndex="259" originalElevation="255.0" isOriginalElevationFromOSM="false" isAnchor="false"><ele>256.4</ele></trkpt>
<trkpt lat="34.660355" lon="127.602102" sectionIndex="0" pointIndex="260" originalElevation="255.0" isOriginalElevationFromOSM="false" isAnchor="false"><ele>255.8</ele></trkpt>
<trkpt lat="34.660399" lon="127.602091" sectionIndex="0" pointIndex="261" originalElevation="255.0" isOriginalElevationFromOSM="false" isAnchor="false"><ele>255.3</ele></trkpt>
<trkpt lat="34.660443" lon="127.602081" sectionIndex="0" pointIndex="262" originalElevation="255.0" isOriginalElevationFromOSM="false" isAnchor="false"><ele>254.8</ele></trkpt>
<trkpt lat="34.660487" lon="127.602070" sectionIndex="0" pointIndex="263" originalElevation="255.0" isOriginalElevationFromOSM="false" isAnchor="false"><ele>254.2</ele></trkpt>
<trkpt lat="34.660531" lon="127.602059" sectionIndex="0" pointIndex="264" originalElevation="255.0" isOriginalElevationFromOSM="false" isAnchor="false"><ele>253.7</ele></trkpt>
<trkpt lat="34.660576" lon="127.602049" sectionIndex="0" pointIndex="265" originalElevation="255.0" isOriginalElevationFromOSM="false" isAnchor="false"><ele>253.2</ele></trkpt>
<trkpt lat="34.660620" lon="127.602038" sectionIndex="0" pointIndex="266" originalElevation="255.0" isOriginalElevationFromOSM="false" isAnchor="false"><ele>252.6</ele></trkpt>
<trkpt lat="34.660622" lon="127.602038" sectionIndex="0" pointIndex="267" originalElevation="255.0" isOriginalElevationFromOSM="false" isAnchor="false"><ele>252.0</ele></trkpt>
<trkpt lat="34.660622" lon="127.602038" sectionIndex="0" pointIndex="268" originalElevation="255.0" isOriginalElevationFromOSM="false" isAnchor="false"><ele>251.2</ele></trkpt>
<trkpt lat="34.660656" lon="127.602003" sectionIndex="0" pointIndex="269" originalElevation="255.0" isOriginalElevationFromOSM="false" isAnchor="false"><ele>250.4</ele></trkpt>
<trkpt lat="34.660690" lon="127.601967" sectionIndex="0" pointIndex="270" originalElevation="255.0" isOriginalElevationFromOSM="false" isAnchor="false"><ele>249.4</ele></trkpt>
<trkpt lat="34.660725" lon="127.601932" sectionIndex="0" pointIndex="271" originalElevation="255.0" isOriginalElevationFromOSM="false" isAnchor="false"><ele>248.4</ele></trkpt>
<trkpt lat="34.660749" lon="127.601908" sectionIndex="0" pointIndex="272" originalElevation="255.0" isOriginalElevationFromOSM="false" isAnchor="false"><ele>247.4</ele></trkpt>
<trkpt lat="34.660749" lon="127.601908" sectionIndex="0" pointIndex="273" originalElevation="255.0" isOriginalElevationFromOSM="false" isAnchor="false"><ele>246.2</ele></trkpt>
<trkpt lat="34.660793" lon="127.601918" sectionIndex="0" pointIndex="274" originalElevation="255.0" isOriginalElevationFromOSM="false" isAnchor="false"><ele>245.1</ele></trkpt>
<trkpt lat="34.660837" lon="127.601927" sectionIndex="0" pointIndex="275" originalElevation="234.0" isOriginalElevationFromOSM="false" isAnchor="false"><ele>243.9</ele></trkpt>
<trkpt lat="34.660881" lon="127.601937" sectionIndex="0" pointIndex="276" originalElevation="234.0" isOriginalElevationFromOSM="false" isAnchor="false"><ele>242.8</ele></trkpt>
<trkpt lat="34.660926" lon="127.601946" sectionIndex="0" pointIndex="277" originalElevation="234.0" isOriginalElevationFromOSM="false" isAnchor="false"><ele>241.6</ele></trkpt>
<trkpt lat="34.660956" lon="127.601953" sectionIndex="0" pointIndex="278" originalElevation="234.0" isOriginalElevationFromOSM="false" isAnchor="false"><ele>240.6</ele></trkpt>
<trkpt lat="34.660956" lon="127.601953" sectionIndex="0" pointIndex="279" originalElevation="234.0" isOriginalElevationFromOSM="false" isAnchor="false"><ele>239.6</ele></trkpt>
<trkpt lat="34.661001" lon="127.601955" sectionIndex="0" pointIndex="280" originalElevation="234.0" isOriginalElevationFromOSM="false" isAnchor="false"><ele>238.6</ele></trkpt>
<trkpt lat="34.661045" lon="127.601958" sectionIndex="0" pointIndex="281" originalElevation="234.0" isOriginalElevationFromOSM="false" isAnchor="false"><ele>237.6</ele></trkpt>
<trkpt lat="34.661090" lon="127.601960" sectionIndex="0" pointIndex="282" originalElevation="234.0" isOriginalElevationFromOSM="false" isAnchor="false"><ele>236.7</ele></trkpt>
<trkpt lat="34.661135" lon="127.601962" sectionIndex="0" pointIndex="283" originalElevation="234.0" isOriginalElevationFromOSM="false" isAnchor="false"><ele>235.9</ele></trkpt>
<trkpt lat="34.661180" lon="127.601964" sectionIndex="0" pointIndex="284" originalElevation="234.0" isOriginalElevationFromOSM="false" isAnchor="false"><ele>235.1</ele></trkpt>
<trkpt lat="34.661225" lon="127.601966" sectionIndex="0" pointIndex="285" originalElevation="234.0" isOriginalElevationFromOSM="false" isAnchor="false"><ele>234.4</ele></trkpt>
<trkpt lat="34.661270" lon="127.601969" sectionIndex="0" pointIndex="286" originalElevation="234.0" isOriginalElevationFromOSM="false" isAnchor="false"><ele>233.7</ele></trkpt>
<trkpt lat="34.661315" lon="127.601971" sectionIndex="0" pointIndex="287" originalElevation="234.0" isOriginalElevationFromOSM="false" isAnchor="false"><ele>233.0</ele></trkpt>
<trkpt lat="34.661360" lon="127.601973" sectionIndex="0" pointIndex="288" originalElevation="234.0" isOriginalElevationFromOSM="false" isAnchor="false"><ele>232.4</ele></trkpt>
<trkpt lat="34.661405" lon="127.601975" sectionIndex="0" pointIndex="289" originalElevation="234.0" isOriginalElevationFromOSM="false" isAnchor="false"><ele>231.7</ele></trkpt>
<trkpt lat="34.661450" lon="127.601978" sectionIndex="0" pointIndex="290" originalElevation="234.0" isOriginalElevationFromOSM="false" isAnchor="false"><ele>231.1</ele></trkpt>
<trkpt lat="34.661495" lon="127.601980" sectionIndex="0" pointIndex="291" originalElevation="234.0" isOriginalElevationFromOSM="false" isAnchor="false"><ele>230.6</ele></trkpt>
<trkpt lat="34.661540" lon="127.601982" sectionIndex="0" pointIndex="292" originalElevation="234.0" isOriginalElevationFromOSM="false" isAnchor="false"><ele>230.0</ele></trkpt>
<trkpt lat="34.661585" lon="127.601984" sectionIndex="0" pointIndex="293" originalElevation="234.0" isOriginalElevationFromOSM="false" isAnchor="false"><ele>229.4</ele></trkpt>
<trkpt lat="34.661630" lon="127.601987" sectionIndex="0" pointIndex="294" originalElevation="234.0" isOriginalElevationFromOSM="false" isAnchor="false"><ele>228.8</ele></trkpt>
<trkpt lat="34.661674" lon="127.601989" sectionIndex="0" pointIndex="295" originalElevation="223.0" isOriginalElevationFromOSM="false" isAnchor="false"><ele>228.2</ele></trkpt>
<trkpt lat="34.661719" lon="127.601991" sectionIndex="0" pointIndex="296" originalElevation="223.0" isOriginalElevationFromOSM="false" isAnchor="false"><ele>227.6</ele></trkpt>
<trkpt lat="34.661764" lon="127.601993" sectionIndex="0" pointIndex="297" originalElevation="223.0" isOriginalElevationFromOSM="false" isAnchor="false"><ele>227.0</ele></trkpt>
<trkpt lat="34.661809" lon="127.601995" sectionIndex="0" pointIndex="298" originalElevation="223.0" isOriginalElevationFromOSM="false" isAnchor="false"><ele>226.4</ele></trkpt>
<trkpt lat="34.661854" lon="127.601998" sectionIndex="0" pointIndex="299" originalElevation="223.0" isOriginalElevationFromOSM="false" isAnchor="false"><ele>225.9</ele></trkpt>
<trkpt lat="34.661899" lon="127.602000" sectionIndex="0" pointIndex="300" originalElevation="223.0" isOriginalElevationFromOSM="false" isAnchor="false"><ele>225.4</ele></trkpt>
<trkpt lat="34.661944" lon="127.602002" sectionIndex="0" pointIndex="301" originalElevation="223.0" isOriginalElevationFromOSM="false" isAnchor="false"><ele>225.0</ele></trkpt>
<trkpt lat="34.661983" lon="127.602004" sectionIndex="0" pointIndex="302" originalElevation="223.0" isOriginalElevationFromOSM="false" isAnchor="false"><ele>224.6</ele></trkpt>
<trkpt lat="34.661983" lon="127.602004" sectionIndex="0" pointIndex="303" originalElevation="223.0" isOriginalElevationFromOSM="false" isAnchor="false"><ele>224.2</ele></trkpt>
<trkpt lat="34.662012" lon="127.601962" sectionIndex="0" pointIndex="304" originalElevation="223.0" isOriginalElevationFromOSM="false" isAnchor="false"><ele>223.9</ele></trkpt>
<trkpt lat="34.662041" lon="127.601920" sectionIndex="0" pointIndex="305" originalElevation="223.0" isOriginalElevationFromOSM="false" isAnchor="false"><ele>223.5</ele></trkpt>
<trkpt lat="34.662070" lon="127.601878" sectionIndex="0" pointIndex="306" originalElevation="223.0" isOriginalElevationFromOSM="false" isAnchor="false"><ele>223.2</ele></trkpt>
<trkpt lat="34.662098" lon="127.601836" sectionIndex="0" pointIndex="307" originalElevation="223.0" isOriginalElevationFromOSM="false" isAnchor="false"><ele>222.8</ele></trkpt>
<trkpt lat="34.662110" lon="127.601820" sectionIndex="0" pointIndex="308" originalElevation="223.0" isOriginalElevationFromOSM="false" isAnchor="false"><ele>222.5</ele></trkpt>
<trkpt lat="34.662110" lon="127.601820" sectionIndex="0" pointIndex="309" originalElevation="223.0" isOriginalElevationFromOSM="false" isAnchor="false"><ele>222.1</ele></trkpt>
<trkpt lat="34.662155" lon="127.601818" sectionIndex="0" pointIndex="310" originalElevation="223.0" isOriginalElevationFromOSM="false" isAnchor="false"><ele>221.8</ele></trkpt>
<trkpt lat="34.662200" lon="127.601816" sectionIndex="0" pointIndex="311" originalElevation="223.0" isOriginalElevationFromOSM="false" isAnchor="false"><ele>221.4</ele></trkpt>
<trkpt lat="34.662245" lon="127.601814" sectionIndex="0" pointIndex="312" originalElevation="223.0" isOriginalElevationFromOSM="false" isAnchor="false"><ele>221.0</ele></trkpt>
<trkpt lat="34.662290" lon="127.601813" sectionIndex="0" pointIndex="313" originalElevation="223.0" isOriginalElevationFromOSM="false" isAnchor="false"><ele>220.6</ele></trkpt>
<trkpt lat="34.662335" lon="127.601811" sectionIndex="0" pointIndex="314" originalElevation="223.0" isOriginalElevationFromOSM="false" isAnchor="false"><ele>220.1</ele></trkpt>
<trkpt lat="34.662380" lon="127.601809" sectionIndex="0" pointIndex="315" originalElevation="223.0" isOriginalElevationFromOSM="false" isAnchor="false"><ele>219.4</ele></trkpt>
<trkpt lat="34.662425" lon="127.601807" sectionIndex="0" pointIndex="316" originalElevation="223.0" isOriginalElevationFromOSM="false" isAnchor="false"><ele>218.7</ele></trkpt>
<trkpt lat="34.662466" lon="127.601806" sectionIndex="0" pointIndex="317" originalElevation="223.0" isOriginalElevationFromOSM="false" isAnchor="false"><ele>217.9</ele></trkpt>
<trkpt lat="34.662466" lon="127.601806" sectionIndex="0" pointIndex="318" originalElevation="223.0" isOriginalElevationFromOSM="false" isAnchor="false"><ele>217.0</ele></trkpt>
<trkpt lat="34.662509" lon="127.601788" sectionIndex="0" pointIndex="319" originalElevation="212.0" isOriginalElevationFromOSM="false" isAnchor="false"><ele>216.0</ele></trkpt>
<trkpt lat="34.662551" lon="127.601770" sectionIndex="0" pointIndex="320" originalElevation="212.0" isOriginalElevationFromOSM="false" isAnchor="false"><ele>215.0</ele></trkpt>
<trkpt lat="34.662594" lon="127.601753" sectionIndex="0" pointIndex="321" originalElevation="212.0" isOriginalElevationFromOSM="false" isAnchor="false"><ele>214.0</ele></trkpt>
<trkpt lat="34.662636" lon="127.601735" sectionIndex="0" pointIndex="322" originalElevation="212.0" isOriginalElevationFromOSM="false" isAnchor="false"><ele>213.0</ele></trkpt>
<trkpt lat="34.662679" lon="127.601717" sectionIndex="0" pointIndex="323" originalElevation="212.0" isOriginalElevationFromOSM="false" isAnchor="false"><ele>212.0</ele></trkpt>
<trkpt lat="34.662722" lon="127.601700" sectionIndex="0" pointIndex="324" originalElevation="212.0" isOriginalElevationFromOSM="false" isAnchor="false"><ele>211.0</ele></trkpt>
<trkpt lat="34.662737" lon="127.601693" sectionIndex="0" pointIndex="325" originalElevation="212.0" isOriginalElevationFromOSM="false" isAnchor="false"><ele>210.0</ele></trkpt>
<trkpt lat="34.662737" lon="127.601693" sectionIndex="0" pointIndex="326" originalElevation="212.0" isOriginalElevationFromOSM="false" isAnchor="false"><ele>209.1</ele></trkpt>
<trkpt lat="34.662782" lon="127.601685" sectionIndex="0" pointIndex="327" originalElevation="212.0" isOriginalElevationFromOSM="false" isAnchor="false"><ele>208.3</ele></trkpt>
<trkpt lat="34.662826" lon="127.601677" sectionIndex="0" pointIndex="328" originalElevation="212.0" isOriginalElevationFromOSM="false" isAnchor="false"><ele>207.5</ele></trkpt>
<trkpt lat="34.662871" lon="127.601669" sectionIndex="0" pointIndex="329" originalElevation="212.0" isOriginalElevationFromOSM="false" isAnchor="false"><ele>206.8</ele></trkpt>
<trkpt lat="34.662915" lon="127.601661" sectionIndex="0" pointIndex="330" originalElevation="194.0" isOriginalElevationFromOSM="false" isAnchor="false"><ele>206.2</ele></trkpt>
<trkpt lat="34.662940" lon="127.601656" sectionIndex="0" pointIndex="331" originalElevation="194.0" isOriginalElevationFromOSM="false" isAnchor="false"><ele>205.8</ele></trkpt>
<trkpt lat="34.662940" lon="127.601656" sectionIndex="0" pointIndex="332" originalElevation="194.0" isOriginalElevationFromOSM="false" isAnchor="false"><ele>205.6</ele></trkpt>
<trkpt lat="34.662985" lon="127.601657" sectionIndex="0" pointIndex="333" originalElevation="194.0" isOriginalElevationFromOSM="false" isAnchor="false"><ele>205.6</ele></trkpt>
<trkpt lat="34.663030" lon="127.601657" sectionIndex="0" pointIndex="334" originalElevation="194.0" isOriginalElevationFromOSM="false" isAnchor="false"><ele>205.6</ele></trkpt>
<trkpt lat="34.663062" lon="127.601657" sectionIndex="0" pointIndex="335" originalElevation="194.0" isOriginalElevationFromOSM="false" isAnchor="false"><ele>205.9</ele></trkpt>
<trkpt lat="34.663062" lon="127.601657" sectionIndex="0" pointIndex="336" originalElevation="194.0" isOriginalElevationFromOSM="false" isAnchor="false"><ele>206.2</ele></trkpt>
<trkpt lat="34.663092" lon="127.601698" sectionIndex="0" pointIndex="337" originalElevation="212.0" isOriginalElevationFromOSM="false" isAnchor="false"><ele>206.5</ele></trkpt>
<trkpt lat="34.663122" lon="127.601739" sectionIndex="0" pointIndex="338" originalElevation="212.0" isOriginalElevationFromOSM="false" isAnchor="false"><ele>206.9</ele></trkpt>
<trkpt lat="34.663152" lon="127.601780" sectionIndex="0" pointIndex="339" originalElevation="212.0" isOriginalElevationFromOSM="false" isAnchor="false"><ele>207.1</ele></trkpt>
<trkpt lat="34.663182" lon="127.601820" sectionIndex="0" pointIndex="340" originalElevation="212.0" isOriginalElevationFromOSM="false" isAnchor="false"><ele>207.3</ele></trkpt>
<trkpt lat="34.663212" lon="127.601861" sectionIndex="0" pointIndex="341" originalElevation="212.0" isOriginalElevationFromOSM="false" isAnchor="false"><ele>207.4</ele></trkpt>
<trkpt lat="34.663223" lon="127.601877" sectionIndex="0" pointIndex="342" originalElevation="212.0" isOriginalElevationFromOSM="false" isAnchor="false"><ele>207.2</ele></trkpt>
<trkpt lat="34.663223" lon="127.601877" sectionIndex="0" pointIndex="343" originalElevation="212.0" isOriginalElevationFromOSM="false" isAnchor="false"><ele>206.9</ele></trkpt>
<trkpt lat="34.663227" lon="127.601931" sectionIndex="0" pointIndex="344" originalElevation="212.0" isOriginalElevationFromOSM="false" isAnchor="false"><ele>206.3</ele></trkpt>
<trkpt lat="34.663231" lon="127.601986" sectionIndex="0" pointIndex="345" originalElevation="212.0" isOriginalElevationFromOSM="false" isAnchor="false"><ele>205.5</ele></trkpt>
<trkpt lat="34.663231" lon="127.601997" sectionIndex="0" pointIndex="346" originalElevation="212.0" isOriginalElevationFromOSM="false" isAnchor="false"><ele>204.3</ele></trkpt>
<trkpt lat="34.663217" lon="127.602095" sectionIndex="0" pointIndex="347" originalElevation="224.2" isOriginalElevationFromOSM="false" isAnchor="false"><ele>202.6</ele></trkpt>
<trkpt lat="34.663224" lon="127.602149" sectionIndex="0" pointIndex="348" originalElevation="224.0" isOriginalElevationFromOSM="false" isAnchor="false"><ele>200.5</ele></trkpt>
<trkpt lat="34.662601" lon="127.603890" sectionIndex="0" pointIndex="349" originalElevation="218.0" isOriginalElevationFromOSM="false" isAnchor="false"><ele>198.0</ele></trkpt>
<trkpt lat="34.662422" lon="127.604094" sectionIndex="0" pointIndex="350" originalElevation="216.0" isOriginalElevationFromOSM="false" isAnchor="false"><ele>194.9</ele></trkpt>
<trkpt lat="34.661103" lon="127.604992" sectionIndex="0" pointIndex="351" originalElevation="202.0" isOriginalElevationFromOSM="false" isAnchor="false"><ele>191.2</ele></trkpt>
<trkpt lat="34.660663" lon="127.605420" sectionIndex="0" pointIndex="352" originalElevation="195.0" isOriginalElevationFromOSM="false" isAnchor="false"><ele>187.0</ele></trkpt>
<trkpt lat="34.660526" lon="127.605690" sectionIndex="0" pointIndex="353" originalElevation="191.0" isOriginalElevationFromOSM="false" isAnchor="false"><ele>182.1</ele></trkpt>
<trkpt lat="34.660387" lon="127.606649" sectionIndex="0" pointIndex="354" originalElevation="181.0" isOriginalElevationFromOSM="false" isAnchor="false"><ele>176.8</ele></trkpt>
<trkpt lat="34.660258" lon="127.606938" sectionIndex="0" pointIndex="355" originalElevation="177.0" isOriginalElevationFromOSM="false" isAnchor="false"><ele>171.0</ele></trkpt>
<trkpt lat="34.660055" lon="127.607169" sectionIndex="0" pointIndex="356" originalElevation="173.0" isOriginalElevationFromOSM="false" isAnchor="false"><ele>164.8</ele></trkpt>
<trkpt lat="34.659547" lon="127.607485" sectionIndex="0" pointIndex="357" originalElevation="167.0" isOriginalElevationFromOSM="false" isAnchor="false"><ele>158.2</ele></trkpt>
<trkpt lat="34.659327" lon="127.607697" sectionIndex="0" pointIndex="358" originalElevation="164.0" isOriginalElevationFromOSM="false" isAnchor="false"><ele>151.4</ele></trkpt>
<trkpt lat="34.659177" lon="127.607979" sectionIndex="0" pointIndex="359" originalElevation="160.0" isOriginalElevationFromOSM="false" isAnchor="false"><ele>144.2</ele></trkpt>
<trkpt lat="34.659118" lon="127.608321" sectionIndex="0" pointIndex="360" originalElevation="157.0" isOriginalElevationFromOSM="false" isAnchor="false"><ele>137.0</ele></trkpt>
<trkpt lat="34.659370" lon="127.610073" sectionIndex="0" pointIndex="361" originalElevation="142.0" isOriginalElevationFromOSM="false" isAnchor="false"><ele>129.6</ele></trkpt>
<trkpt lat="34.659367" lon="127.612005" sectionIndex="0" pointIndex="362" originalElevation="126.0" isOriginalElevationFromOSM="false" isAnchor="false"><ele>122.3</ele></trkpt>
<trkpt lat="34.659587" lon="127.613644" sectionIndex="0" pointIndex="363" originalElevation="115.0" isOriginalElevationFromOSM="false" isAnchor="false"><ele>115.1</ele></trkpt>
<trkpt lat="34.659587" lon="127.614282" sectionIndex="0" pointIndex="364" originalElevation="111.0" isOriginalElevationFromOSM="false" isAnchor="false"><ele>108.2</ele></trkpt>
<trkpt lat="34.658676" lon="127.618017" sectionIndex="0" pointIndex="365" originalElevation="87.0" isOriginalElevationFromOSM="false" isAnchor="false"><ele>101.8</ele></trkpt>
<trkpt lat="34.658538" lon="127.618872" sectionIndex="0" pointIndex="366" originalElevation="82.0" isOriginalElevationFromOSM="false" isAnchor="false"><ele>95.9</ele></trkpt>
<trkpt lat="34.658217" lon="127.621723" sectionIndex="0" pointIndex="367" originalElevation="58.0" isOriginalElevationFromOSM="false" isAnchor="false"><ele>90.8</ele></trkpt>
<trkpt lat="34.658383" lon="127.623583" sectionIndex="0" pointIndex="368" originalElevation="48.0" isOriginalElevationFromOSM="false" isAnchor="false"><ele>86.7</ele></trkpt>
<trkpt lat="34.658297" lon="127.624627" sectionIndex="0" pointIndex="369" originalElevation="44.0" isOriginalElevationFromOSM="false" isAnchor="false"><ele>83.5</ele></trkpt>
<trkpt lat="34.658400" lon="127.624784" sectionIndex="0" pointIndex="370" originalElevation="44.0" isOriginalElevationFromOSM="false" isAnchor="false"><ele>81.4</ele></trkpt>
<trkpt lat="34.658525" lon="127.624760" sectionIndex="0" pointIndex="371" originalElevation="44.0" isOriginalElevationFromOSM="false" isAnchor="false"><ele>80.4</ele></trkpt>
<trkpt lat="34.659359" lon="127.624205" sectionIndex="0" pointIndex="372" originalElevation="45.0" isOriginalElevationFromOSM="false" isAnchor="false"><ele>80.5</ele></trkpt>
<trkpt lat="34.660070" lon="127.624026" sectionIndex="0" pointIndex="373" originalElevation="45.0" isOriginalElevationFromOSM="false" isAnchor="false"><ele>81.9</ele></trkpt>
<trkpt lat="34.660893" lon="127.623931" sectionIndex="0" pointIndex="374" originalElevation="45.0" isOriginalElevationFromOSM="false" isAnchor="false"><ele>84.4</ele></trkpt>
<trkpt lat="34.662126" lon="127.623930" sectionIndex="0" pointIndex="375" originalElevation="52.0" isOriginalElevationFromOSM="false" isAnchor="false"><ele>88.2</ele></trkpt>
<trkpt lat="34.662562" lon="127.624695" sectionIndex="0" pointIndex="376" originalElevation="53.0" isOriginalElevationFromOSM="false" isAnchor="false"><ele>93.0</ele></trkpt>
<trkpt lat="34.664054" lon="127.626148" sectionIndex="0" pointIndex="377" originalElevation="66.0" isOriginalElevationFromOSM="false" isAnchor="false"><ele>98.8</ele></trkpt>
<trkpt lat="34.665032" lon="127.626852" sectionIndex="0" pointIndex="378" originalElevation="90.0" isOriginalElevationFromOSM="false" isAnchor="false"><ele>105.4</ele></trkpt>
<trkpt lat="34.665083" lon="127.626736" sectionIndex="0" pointIndex="379" originalElevation="89.0" isOriginalElevationFromOSM="false" isAnchor="false"><ele>112.7</ele></trkpt>
<trkpt lat="34.665379" lon="127.626853" sectionIndex="0" pointIndex="380" originalElevation="95.0" isOriginalElevationFromOSM="false" isAnchor="false"><ele>120.5</ele></trkpt>
<trkpt lat="34.665656" lon="127.627109" sectionIndex="0" pointIndex="381" originalElevation="107.0" isOriginalElevationFromOSM="false" isAnchor="false"><ele>128.7</ele></trkpt>
<trkpt lat="34.666551" lon="127.626964" sectionIndex="0" pointIndex="382" originalElevation="141.0" isOriginalElevationFromOSM="false" isAnchor="false"><ele>136.9</ele></trkpt>
<trkpt lat="34.666837" lon="127.626666" sectionIndex="0" pointIndex="383" originalElevation="154.0" isOriginalElevationFromOSM="false" isAnchor="false"><ele>145.3</ele></trkpt>
<trkpt lat="34.667279" lon="127.626478" sectionIndex="0" pointIndex="384" originalElevation="175.0" isOriginalElevationFromOSM="false" isAnchor="false"><ele>153.5</ele></trkpt>
<trkpt lat="34.667690" lon="127.626690" sectionIndex="0" pointIndex="385" originalElevation="197.0" isOriginalElevationFromOSM="false" isAnchor="false"><ele>161.4</ele></trkpt>
<trkpt lat="34.667768" lon="127.626595" sectionIndex="0" pointIndex="386" originalElevation="199.0" isOriginalElevationFromOSM="false" isAnchor="false"><ele>168.6</ele></trkpt>
<trkpt lat="34.667817" lon="127.626054" sectionIndex="0" pointIndex="387" originalElevation="207.0" isOriginalElevationFromOSM="false" isAnchor="false"><ele>175.2</ele></trkpt>
<trkpt lat="34.667794" lon="127.625738" sectionIndex="0" pointIndex="388" originalElevation="222.0" isOriginalElevationFromOSM="false" isAnchor="false"><ele>181.1</ele></trkpt>
<trkpt lat="34.667856" lon="127.625521" sectionIndex="0" pointIndex="389" originalElevation="234.0" isOriginalElevationFromOSM="false" isAnchor="false"><ele>186.3</ele></trkpt>
<trkpt lat="34.667688" lon="127.625327" sectionIndex="0" pointIndex="390" originalElevation="240.0" isOriginalElevationFromOSM="false" isAnchor="false"><ele>190.8</ele></trkpt>
<trkpt lat="34.667470" lon="127.625178" sectionIndex="0" pointIndex="391" originalElevation="238.0" isOriginalElevationFromOSM="false" isAnchor="false"><ele>194.8</ele></trkpt>
<trkpt lat="34.667507" lon="127.624741" sectionIndex="0" pointIndex="392" originalElevation="222.0" isOriginalElevationFromOSM="false" isAnchor="false"><ele>198.1</ele></trkpt>
<trkpt lat="34.667412" lon="127.624583" sectionIndex="0" pointIndex="393" originalElevation="215.0" isOriginalElevationFromOSM="false" isAnchor="false"><ele>200.8</ele></trkpt>
<trkpt lat="34.667438" lon="127.624411" sectionIndex="0" pointIndex="394" originalElevation="209.0" isOriginalElevationFromOSM="false" isAnchor="false"><ele>203.0</ele></trkpt>
<trkpt lat="34.667373" lon="127.624270" sectionIndex="0" pointIndex="395" originalElevation="202.0" isOriginalElevationFromOSM="false" isAnchor="false"><ele>205.2</ele></trkpt>
<trkpt lat="34.667335" lon="127.623726" sectionIndex="0" pointIndex="396" originalElevation="188.0" isOriginalElevationFromOSM="false" isAnchor="false"><ele>207.1</ele></trkpt>
<trkpt lat="34.667257" lon="127.623618" sectionIndex="0" pointIndex="397" originalElevation="184.0" isOriginalElevationFromOSM="false" isAnchor="false"><ele>208.8</ele></trkpt>
<trkpt lat="34.667090" lon="127.623157" sectionIndex="0" pointIndex="398" originalElevation="193.0" isOriginalElevationFromOSM="false" isAnchor="false"><ele>210.3</ele></trkpt>
<trkpt lat="34.667211" lon="127.622967" sectionIndex="0" pointIndex="399" originalElevation="200.0" isOriginalElevationFromOSM="false" isAnchor="false"><ele>211.9</ele></trkpt>
<trkpt lat="34.667352" lon="127.622759" sectionIndex="0" pointIndex="400" originalElevation="194.0" isOriginalElevationFromOSM="false" isAnchor="false"><ele>213.4</ele></trkpt>
<trkpt lat="34.667497" lon="127.622256" sectionIndex="0" pointIndex="401" originalElevation="187.0" isOriginalElevationFromOSM="false" isAnchor="false"><ele>214.9</ele></trkpt>
<trkpt lat="34.667797" lon="127.621958" sectionIndex="0" pointIndex="402" originalElevation="185.0" isOriginalElevationFromOSM="false" isAnchor="false"><ele>216.5</ele></trkpt>
<trkpt lat="34.668070" lon="127.621630" sectionIndex="0" pointIndex="403" originalElevation="196.0" isOriginalElevationFromOSM="false" isAnchor="false"><ele>218.2</ele></trkpt>
<trkpt lat="34.668062" lon="127.621230" sectionIndex="0" pointIndex="404" originalElevation="205.0" isOriginalElevationFromOSM="false" isAnchor="false"><ele>220.0</ele></trkpt>
<trkpt lat="34.668044" lon="127.620942" sectionIndex="0" pointIndex="405" originalElevation="216.0" isOriginalElevationFromOSM="false" isAnchor="false"><ele>221.8</ele></trkpt>
<trkpt lat="34.668160" lon="127.620325" sectionIndex="0" pointIndex="406" originalElevation="242.0" isOriginalElevationFromOSM="false" isAnchor="false"><ele>223.5</ele></trkpt>
<trkpt lat="34.668095" lon="127.620134" sectionIndex="0" pointIndex="407" originalElevation="247.0" isOriginalElevationFromOSM="false" isAnchor="false"><ele>225.3</ele></trkpt>
<trkpt lat="34.667858" lon="127.619510" sectionIndex="0" pointIndex="408" originalElevation="241.0" isOriginalElevationFromOSM="false" isAnchor="false"><ele>227.2</ele></trkpt>
<trkpt lat="34.667717" lon="127.619170" sectionIndex="0" pointIndex="409" originalElevation="255.0" isOriginalElevationFromOSM="false" isAnchor="false"><ele>229.0</ele></trkpt>
<trkpt lat="34.667567" lon="127.618350" sectionIndex="0" pointIndex="410" originalElevation="282.0" isOriginalElevationFromOSM="false" isAnchor="false"><ele>230.8</ele></trkpt>
<trkpt lat="34.667547" lon="127.618061" sectionIndex="0" pointIndex="411" originalElevation="275.0" isOriginalElevationFromOSM="false" isAnchor="false"><ele>232.5</ele></trkpt>
<trkpt lat="34.667370" lon="127.617682" sectionIndex="0" pointIndex="412" originalElevation="260.0" isOriginalElevationFromOSM="false" isAnchor="false"><ele>234.2</ele></trkpt>
<trkpt lat="34.667229" lon="127.617158" sectionIndex="0" pointIndex="413" originalElevation="254.0" isOriginalElevationFromOSM="false" isAnchor="false"><ele>235.8</ele></trkpt>
<trkpt lat="34.667286" lon="127.616763" sectionIndex="0" pointIndex="414" originalElevation="246.0" isOriginalElevationFromOSM="false" isAnchor="false"><ele>237.2</ele></trkpt>
<trkpt lat="34.667418" lon="127.616097" sectionIndex="0" pointIndex="415" originalElevation="218.0" isOriginalElevationFromOSM="false" isAnchor="false"><ele>238.6</ele></trkpt>
<trkpt lat="34.667381" lon="127.615937" sectionIndex="0" pointIndex="416" originalElevation="212.0" isOriginalElevationFromOSM="false" isAnchor="false"><ele>240.0</ele></trkpt>
<trkpt lat="34.667468" lon="127.615638" sectionIndex="0" pointIndex="417" originalElevation="204.0" isOriginalElevationFromOSM="false" isAnchor="false"><ele>241.3</ele></trkpt>
<trkpt lat="34.667412" lon="127.615509" sectionIndex="0" pointIndex="418" originalElevation="203.0" isOriginalElevationFromOSM="false" isAnchor="false"><ele>242.8</ele></trkpt>
<trkpt lat="34.667455" lon="127.615056" sectionIndex="0" pointIndex="419" originalElevation="206.0" isOriginalElevationFromOSM="false" isAnchor="false"><ele>244.1</ele></trkpt>
<trkpt lat="34.667509" lon="127.614797" sectionIndex="0" pointIndex="420" originalElevation="212.0" isOriginalElevationFromOSM="false" isAnchor="false"><ele>245.3</ele></trkpt>
<trkpt lat="34.667442" lon="127.614373" sectionIndex="0" pointIndex="421" originalElevation="225.0" isOriginalElevationFromOSM="false" isAnchor="false"><ele>246.5</ele></trkpt>
<trkpt lat="34.667558" lon="127.613736" sectionIndex="0" pointIndex="422" originalElevation="237.0" isOriginalElevationFromOSM="false" isAnchor="false"><ele>247.4</ele></trkpt>
<trkpt lat="34.667672" lon="127.613274" sectionIndex="0" pointIndex="423" originalElevation="258.0" isOriginalElevationFromOSM="false" isAnchor="false"><ele>248.1</ele></trkpt>
<trkpt lat="34.667780" lon="127.613133" sectionIndex="0" pointIndex="424" originalElevation="264.0" isOriginalElevationFromOSM="false" isAnchor="false"><ele>248.6</ele></trkpt>
<trkpt lat="34.667679" lon="127.612720" sectionIndex="0" pointIndex="425" originalElevation="287.0" isOriginalElevationFromOSM="false" isAnchor="false"><ele>248.8</ele></trkpt>
<trkpt lat="34.667560" lon="127.612613" sectionIndex="0" pointIndex="426" originalElevation="293.0" isOriginalElevationFromOSM="false" isAnchor="false"><ele>248.2</ele></trkpt>
<trkpt lat="34.667663" lon="127.612422" sectionIndex="0" pointIndex="427" originalElevation="299.0" isOriginalElevationFromOSM="false" isAnchor="false"><ele>247.4</ele></trkpt>
<trkpt lat="34.667610" lon="127.612222" sectionIndex="0" pointIndex="428" originalElevation="295.0" isOriginalElevationFromOSM="false" isAnchor="false"><ele>246.0</ele></trkpt>
<trkpt lat="34.667427" lon="127.612061" sectionIndex="0" pointIndex="429" originalElevation="288.0" isOriginalElevationFromOSM="false" isAnchor="false"><ele>244.1</ele></trkpt>
<trkpt lat="34.667205" lon="127.611679" sectionIndex="0" pointIndex="430" originalElevation="278.0" isOriginalElevationFromOSM="false" isAnchor="false"><ele>241.8</ele></trkpt>
<trkpt lat="34.667330" lon="127.611244" sectionIndex="0" pointIndex="431" originalElevation="262.0" isOriginalElevationFromOSM="false" isAnchor="false"><ele>239.1</ele></trkpt>
<trkpt lat="34.667318" lon="127.610895" sectionIndex="0" pointIndex="432" originalElevation="247.0" isOriginalElevationFromOSM="false" isAnchor="false"><ele>236.0</ele></trkpt>
<trkpt lat="34.667158" lon="127.610668" sectionIndex="0" pointIndex="433" originalElevation="241.0" isOriginalElevationFromOSM="false" isAnchor="false"><ele>232.4</ele></trkpt>
<trkpt lat="34.666716" lon="127.610700" sectionIndex="0" pointIndex="434" originalElevation="223.0" isOriginalElevationFromOSM="false" isAnchor="false"><ele>228.5</ele></trkpt>
<trkpt lat="34.666438" lon="127.610545" sectionIndex="0" pointIndex="435" originalElevation="205.0" isOriginalElevationFromOSM="false" isAnchor="false"><ele>224.4</ele></trkpt>
<trkpt lat="34.666247" lon="127.610369" sectionIndex="0" pointIndex="436" originalElevation="201.0" isOriginalElevationFromOSM="false" isAnchor="false"><ele>220.2</ele></trkpt>
<trkpt lat="34.665894" lon="127.610426" sectionIndex="0" pointIndex="437" originalElevation="194.0" isOriginalElevationFromOSM="false" isAnchor="false"><ele>215.9</ele></trkpt>
<trkpt lat="34.665490" lon="127.610278" sectionIndex="0" pointIndex="438" originalElevation="190.0" isOriginalElevationFromOSM="false" isAnchor="false"><ele>211.5</ele></trkpt>
<trkpt lat="34.665056" lon="127.609793" sectionIndex="0" pointIndex="439" originalElevation="187.0" isOriginalElevationFromOSM="false" isAnchor="false"><ele>207.3</ele></trkpt>
<trkpt lat="34.664726" lon="127.608836" sectionIndex="0" pointIndex="440" originalElevation="192.0" isOriginalElevationFromOSM="false" isAnchor="false"><ele>203.2</ele></trkpt>
<trkpt lat="34.665053" lon="127.607488" sectionIndex="0" pointIndex="441" originalElevation="175.0" isOriginalElevationFromOSM="false" isAnchor="false"><ele>199.1</ele></trkpt>
<trkpt lat="34.665113" lon="127.606471" sectionIndex="0" pointIndex="442" originalElevation="182.0" isOriginalElevationFromOSM="false" isAnchor="false"><ele>195.1</ele></trkpt>
<trkpt lat="34.665099" lon="127.605747" sectionIndex="0" pointIndex="443" originalElevation="178.0" isOriginalElevationFromOSM="false" isAnchor="false"><ele>191.2</ele></trkpt>
<trkpt lat="34.665335" lon="127.605259" sectionIndex="0" pointIndex="444" originalElevation="178.0" isOriginalElevationFromOSM="false" isAnchor="false"><ele>187.5</ele></trkpt>
<trkpt lat="34.665631" lon="127.604519" sectionIndex="0" pointIndex="445" originalElevation="191.0" isOriginalElevationFromOSM="false" isAnchor="false"><ele>183.8</ele></trkpt>
<trkpt lat="34.665702" lon="127.604225" sectionIndex="0" pointIndex="446" originalElevation="193.0" isOriginalElevationFromOSM="false" isAnchor="false"><ele>180.1</ele></trkpt>
<trkpt lat="34.665671" lon="127.603858" sectionIndex="0" pointIndex="447" originalElevation="193.0" isOriginalElevationFromOSM="false" isAnchor="false"><ele>176.5</ele></trkpt>
<trkpt lat="34.666735" lon="127.602640" sectionIndex="0" pointIndex="448" originalElevation="186.0" isOriginalElevationFromOSM="false" isAnchor="false"><ele>172.9</ele></trkpt>
<trkpt lat="34.666882" lon="127.602649" sectionIndex="0" pointIndex="449" originalElevation="186.0" isOriginalElevationFromOSM="false" isAnchor="false"><ele>169.1</ele></trkpt>
<trkpt lat="34.667039" lon="127.602831" sectionIndex="0" pointIndex="450" originalElevation="185.0" isOriginalElevationFromOSM="false" isAnchor="false"><ele>165.3</ele></trkpt>
<trkpt lat="34.667282" lon="127.603628" sectionIndex="0" pointIndex="451" originalElevation="183.0" isOriginalElevationFromOSM="false" isAnchor="false"><ele>161.5</ele></trkpt>
<trkpt lat="34.667415" lon="127.603815" sectionIndex="0" pointIndex="452" originalElevation="182.0" isOriginalElevationFromOSM="false" isAnchor="false"><ele>157.6</ele></trkpt>
<trkpt lat="34.668399" lon="127.603613" sectionIndex="0" pointIndex="453" originalElevation="168.0" isOriginalElevationFromOSM="false" isAnchor="false"><ele>153.7</ele></trkpt>
<trkpt lat="34.668872" lon="127.603418" sectionIndex="0" pointIndex="454" originalElevation="160.0" isOriginalElevationFromOSM="false" isAnchor="false"><ele>149.7</ele></trkpt>
<trkpt lat="34.669188" lon="127.603675" sectionIndex="0" pointIndex="455" originalElevation="154.0" isOriginalElevationFromOSM="false" isAnchor="false"><ele>145.8</ele></trkpt>
<trkpt lat="34.670099" lon="127.603867" sectionIndex="0" pointIndex="456" originalElevation="143.0" isOriginalElevationFromOSM="false" isAnchor="false"><ele>142.0</ele></trkpt>
<trkpt lat="34.671690" lon="127.604369" sectionIndex="0" pointIndex="457" originalElevation="111.0" isOriginalElevationFromOSM="false" isAnchor="false"><ele>138.5</ele></trkpt>
<trkpt lat="34.672457" lon="127.604181" sectionIndex="0" pointIndex="458" originalElevation="101.0" isOriginalElevationFromOSM="false" isAnchor="false"><ele>135.3</ele></trkpt>
<trkpt lat="34.673397" lon="127.604134" sectionIndex="0" pointIndex="459" originalElevation="94.0" isOriginalElevationFromOSM="false" isAnchor="false"><ele>132.4</ele></trkpt>
<trkpt lat="34.673588" lon="127.603878" sectionIndex="0" pointIndex="460" originalElevation="91.0" isOriginalElevationFromOSM="false" isAnchor="false"><ele>129.9</ele></trkpt>
<trkpt lat="34.673774" lon="127.603652" sectionIndex="0" pointIndex="461" originalElevation="93.0" isOriginalElevationFromOSM="false" isAnchor="false"><ele>127.8</ele></trkpt>
<trkpt lat="34.674471" lon="127.603525" sectionIndex="0" pointIndex="462" originalElevation="97.0" isOriginalElevationFromOSM="false" isAnchor="false"><ele>126.1</ele></trkpt>
<trkpt lat="34.674846" lon="127.603666" sectionIndex="0" pointIndex="463" originalElevation="98.0" isOriginalElevationFromOSM="false" isAnchor="false"><ele>124.8</ele></trkpt>
<trkpt lat="34.675537" lon="127.604015" sectionIndex="0" pointIndex="464" originalElevation="112.0" isOriginalElevationFromOSM="false" isAnchor="false"><ele>124.0</ele></trkpt>
<trkpt lat="34.675973" lon="127.603990" sectionIndex="0" pointIndex="465" originalElevation="117.0" isOriginalElevationFromOSM="false" isAnchor="false"><ele>123.5</ele></trkpt>
<trkpt lat="34.676526" lon="127.604473" sectionIndex="0" pointIndex="466" originalElevation="130.0" isOriginalElevationFromOSM="false" isAnchor="false"><ele>123.2</ele></trkpt>
<trkpt lat="34.677301" lon="127.604920" sectionIndex="0" pointIndex="467" originalElevation="138.0" isOriginalElevationFromOSM="false" isAnchor="false"><ele>123.1</ele></trkpt>
<trkpt lat="34.677721" lon="127.605501" sectionIndex="0" pointIndex="468" originalElevation="138.0" isOriginalElevationFromOSM="false" isAnchor="false"><ele>123.1</ele></trkpt>
<trkpt lat="34.678034" lon="127.606161" sectionIndex="0" pointIndex="469" originalElevation="138.0" isOriginalElevationFromOSM="false" isAnchor="false"><ele>123.0</ele></trkpt>
<trkpt lat="34.678175" lon="127.607046" sectionIndex="0" pointIndex="470" originalElevation="137.0" isOriginalElevationFromOSM="false" isAnchor="false"><ele>122.7</ele></trkpt>
<trkpt lat="34.678367" lon="127.607437" sectionIndex="0" pointIndex="471" originalElevation="136.0" isOriginalElevationFromOSM="false" isAnchor="false"><ele>122.3</ele></trkpt>
<trkpt lat="34.678094" lon="127.608157" sectionIndex="0" pointIndex="472" originalElevation="133.0" isOriginalElevationFromOSM="false" isAnchor="false"><ele>121.6</ele></trkpt>
<trkpt lat="34.678306" lon="127.608859" sectionIndex="0" pointIndex="473" originalElevation="133.0" isOriginalElevationFromOSM="false" isAnchor="false"><ele>120.9</ele></trkpt>
<trkpt lat="34.678414" lon="127.608982" sectionIndex="0" pointIndex="474" originalElevation="132.0" isOriginalElevationFromOSM="false" isAnchor="false"><ele>119.6</ele></trkpt>
<trkpt lat="34.678562" lon="127.608900" sectionIndex="0" pointIndex="475" originalElevation="131.0" isOriginalElevationFromOSM="false" isAnchor="false"><ele>117.9</ele></trkpt>
<trkpt lat="34.678773" lon="127.608589" sectionIndex="0" pointIndex="476" originalElevation="128.0" isOriginalElevationFromOSM="false" isAnchor="false"><ele>115.7</ele></trkpt>
<trkpt lat="34.679328" lon="127.608264" sectionIndex="0" pointIndex="477" originalElevation="121.0" isOriginalElevationFromOSM="false" isAnchor="false"><ele>113.2</ele></trkpt>
<trkpt lat="34.679435" lon="127.608293" sectionIndex="0" pointIndex="478" originalElevation="121.0" isOriginalElevationFromOSM="false" isAnchor="false"><ele>110.1</ele></trkpt>
<trkpt lat="34.679660" lon="127.608598" sectionIndex="0" pointIndex="479" originalElevation="120.0" isOriginalElevationFromOSM="false" isAnchor="false"><ele>106.6</ele></trkpt>
<trkpt lat="34.680046" lon="127.608794" sectionIndex="0" pointIndex="480" originalElevation="118.0" isOriginalElevationFromOSM="false" isAnchor="false"><ele>102.6</ele></trkpt>
<trkpt lat="34.680625" lon="127.608628" sectionIndex="0" pointIndex="481" originalElevation="108.0" isOriginalElevationFromOSM="false" isAnchor="false"><ele>98.3</ele></trkpt>
<trkpt lat="34.680737" lon="127.608486" sectionIndex="0" pointIndex="482" originalElevation="107.0" isOriginalElevationFromOSM="false" isAnchor="false"><ele>93.7</ele></trkpt>
<trkpt lat="34.680830" lon="127.607913" sectionIndex="0" pointIndex="483" originalElevation="101.1" isOriginalElevationFromOSM="false" isAnchor="false"><ele>88.9</ele></trkpt>
<trkpt lat="34.680790" lon="127.607860" sectionIndex="0" pointIndex="484" originalElevation="77.0" isOriginalElevationFromOSM="false" isAnchor="false"><ele>84.1</ele></trkpt>
<trkpt lat="34.681180" lon="127.607410" sectionIndex="0" pointIndex="485" originalElevation="68.0" isOriginalElevationFromOSM="false" isAnchor="false"><ele>79.2</ele></trkpt>
<trkpt lat="34.681460" lon="127.607230" sectionIndex="0" pointIndex="486" originalElevation="68.0" isOriginalElevationFromOSM="false" isAnchor="false"><ele>74.4</ele></trkpt>
<trkpt lat="34.681810" lon="127.607200" sectionIndex="0" pointIndex="487" originalElevation="68.0" isOriginalElevationFromOSM="false" isAnchor="false"><ele>69.7</ele></trkpt>
<trkpt lat="34.681920" lon="127.607340" sectionIndex="0" pointIndex="488" originalElevation="68.0" isOriginalElevationFromOSM="false" isAnchor="false"><ele>65.1</ele></trkpt>
<trkpt lat="34.682180" lon="127.607530" sectionIndex="0" pointIndex="489" originalElevation="43.0" isOriginalElevationFromOSM="false" isAnchor="false"><ele>60.8</ele></trkpt>
<trkpt lat="34.682460" lon="127.607640" sectionIndex="0" pointIndex="490" originalElevation="43.0" isOriginalElevationFromOSM="false" isAnchor="false"><ele>56.7</ele></trkpt>
<trkpt lat="34.682590" lon="127.607750" sectionIndex="0" pointIndex="491" originalElevation="43.0" isOriginalElevationFromOSM="false" isAnchor="false"><ele>52.9</ele></trkpt>
<trkpt lat="34.682730" lon="127.607900" sectionIndex="0" pointIndex="492" originalElevation="56.0" isOriginalElevationFromOSM="false" isAnchor="false"><ele>49.4</ele></trkpt>
<trkpt lat="34.683070" lon="127.608430" sectionIndex="0" pointIndex="493" originalElevation="26.0" isOriginalElevationFromOSM="false" isAnchor="false"><ele>46.3</ele></trkpt>
<trkpt lat="34.683230" lon="127.608800" sectionIndex="0" pointIndex="494" originalElevation="23.0" isOriginalElevationFromOSM="false" isAnchor="false"><ele>43.4</ele></trkpt>
<trkpt lat="34.683300" lon="127.609070" sectionIndex="0" pointIndex="495" originalElevation="23.0" isOriginalElevationFromOSM="false" isAnchor="false"><ele>40.8</ele></trkpt>
<trkpt lat="34.683290" lon="127.609260" sectionIndex="0" pointIndex="496" originalElevation="23.0" isOriginalElevationFromOSM="false" isAnchor="false"><ele>38.5</ele></trkpt>
<trkpt lat="34.683240" lon="127.609470" sectionIndex="0" pointIndex="497" originalElevation="23.0" isOriginalElevationFromOSM="false" isAnchor="false"><ele>36.5</ele></trkpt>
<trkpt lat="34.683271" lon="127.609571" sectionIndex="0" pointIndex="498" originalElevation="13.7" isOriginalElevationFromOSM="false" isAnchor="false"><ele>34.7</ele></trkpt>
<trkpt lat="34.683250" lon="127.609753" sectionIndex="0" pointIndex="499" originalElevation="36.6" isOriginalElevationFromOSM="false" isAnchor="false"><ele>33.2</ele></trkpt>
<trkpt lat="34.683218" lon="127.609825" sectionIndex="0" pointIndex="500" originalElevation="35.0" isOriginalElevationFromOSM="false" isAnchor="false"><ele>32.0</ele></trkpt>
<trkpt lat="34.683180" lon="127.609781" sectionIndex="0" pointIndex="501" originalElevation="35.0" isOriginalElevationFromOSM="false" isAnchor="false"><ele>30.9</ele></trkpt>
<trkpt lat="34.682397" lon="127.611721" sectionIndex="0" pointIndex="502" originalElevation="36.0" isOriginalElevationFromOSM="false" isAnchor="false"><ele>29.9</ele></trkpt>
<trkpt lat="34.681717" lon="127.614394" sectionIndex="0" pointIndex="503" originalElevation="39.0" isOriginalElevationFromOSM="false" isAnchor="false"><ele>28.9</ele></trkpt>
<trkpt lat="34.681556" lon="127.614791" sectionIndex="0" pointIndex="504" originalElevation="39.0" isOriginalElevationFromOSM="false" isAnchor="false"><ele>27.8</ele></trkpt>
<trkpt lat="34.681222" lon="127.615064" sectionIndex="0" pointIndex="505" originalElevation="37.0" isOriginalElevationFromOSM="false" isAnchor="false"><ele>26.9</ele></trkpt>
<trkpt lat="34.680361" lon="127.615508" sectionIndex="0" pointIndex="506" originalElevation="34.0" isOriginalElevationFromOSM="false" isAnchor="false"><ele>26.0</ele></trkpt>
<trkpt lat="34.678355" lon="127.617829" sectionIndex="0" pointIndex="507" originalElevation="32.0" isOriginalElevationFromOSM="false" isAnchor="false"><ele>24.9</ele></trkpt>
<trkpt lat="34.678090" lon="127.618062" sectionIndex="0" pointIndex="508" originalElevation="32.0" isOriginalElevationFromOSM="false" isAnchor="false"><ele>23.8</ele></trkpt>
<trkpt lat="34.678090" lon="127.618062" sectionIndex="0" pointIndex="509" originalElevation="14.0" isOriginalElevationFromOSM="false" isAnchor="false"><ele>22.8</ele></trkpt>
<trkpt lat="34.678054" lon="127.618095" sectionIndex="0" pointIndex="510" originalElevation="14.0" isOriginalElevationFromOSM="false" isAnchor="false"><ele>21.7</ele></trkpt>
<trkpt lat="34.678017" lon="127.618127" sectionIndex="0" pointIndex="511" originalElevation="14.0" isOriginalElevationFromOSM="false" isAnchor="false"><ele>20.7</ele></trkpt>
<trkpt lat="34.677981" lon="127.618159" sectionIndex="0" pointIndex="512" originalElevation="14.0" isOriginalElevationFromOSM="false" isAnchor="false"><ele>19.6</ele></trkpt>
<trkpt lat="34.677948" lon="127.618188" sectionIndex="0" pointIndex="513" originalElevation="14.0" isOriginalElevationFromOSM="false" isAnchor="false"><ele>18.6</ele></trkpt>
<trkpt lat="34.677948" lon="127.618188" sectionIndex="0" pointIndex="514" originalElevation="14.0" isOriginalElevationFromOSM="false" isAnchor="false"><ele>17.7</ele></trkpt>
<trkpt lat="34.677922" lon="127.618232" sectionIndex="0" pointIndex="515" originalElevation="14.0" isOriginalElevationFromOSM="false" isAnchor="false"><ele>16.7</ele></trkpt>
<trkpt lat="34.677895" lon="127.618276" sectionIndex="0" pointIndex="516" originalElevation="14.0" isOriginalElevationFromOSM="false" isAnchor="false"><ele>15.8</ele></trkpt>
<trkpt lat="34.677868" lon="127.618320" sectionIndex="0" pointIndex="517" originalElevation="14.0" isOriginalElevationFromOSM="false" isAnchor="false"><ele>15.0</ele></trkpt>
<trkpt lat="34.677841" lon="127.618364" sectionIndex="0" pointIndex="518" originalElevation="11.0" isOriginalElevationFromOSM="false" isAnchor="false"><ele>14.2</ele></trkpt>
<trkpt lat="34.677815" lon="127.618408" sectionIndex="0" pointIndex="519" originalElevation="11.0" isOriginalElevationFromOSM="false" isAnchor="false"><ele>13.6</ele></trkpt>
<trkpt lat="34.677788" lon="127.618452" sectionIndex="0" pointIndex="520" originalElevation="11.0" isOriginalElevationFromOSM="false" isAnchor="false"><ele>13.1</ele></trkpt>
<trkpt lat="34.677773" lon="127.618476" sectionIndex="0" pointIndex="521" originalElevation="11.0" isOriginalElevationFromOSM="false" isAnchor="false"><ele>12.7</ele></trkpt>
<trkpt lat="34.677773" lon="127.618476" sectionIndex="0" pointIndex="522" originalElevation="11.0" isOriginalElevationFromOSM="false" isAnchor="false"><ele>12.3</ele></trkpt>
<trkpt lat="34.677742" lon="127.618516" sectionIndex="0" pointIndex="523" originalElevation="11.0" isOriginalElevationFromOSM="false" isAnchor="false"><ele>12.1</ele></trkpt>
<trkpt lat="34.677711" lon="127.618555" sectionIndex="0" pointIndex="524" originalElevation="11.0" isOriginalElevationFromOSM="false" isAnchor="false"><ele>11.9</ele></trkpt>
<trkpt lat="34.677680" lon="127.618595" sectionIndex="0" pointIndex="525" originalElevation="11.0" isOriginalElevationFromOSM="false" isAnchor="false"><ele>11.9</ele></trkpt>
<trkpt lat="34.677649" lon="127.618635" sectionIndex="0" pointIndex="526" originalElevation="11.0" isOriginalElevationFromOSM="false" isAnchor="false"><ele>11.9</ele></trkpt>
<trkpt lat="34.677618" lon="127.618674" sectionIndex="0" pointIndex="527" originalElevation="11.0" isOriginalElevationFromOSM="false" isAnchor="false"><ele>11.9</ele></trkpt>
<trkpt lat="34.677587" lon="127.618714" sectionIndex="0" pointIndex="528" originalElevation="11.0" isOriginalElevationFromOSM="false" isAnchor="false"><ele>11.9</ele></trkpt>
<trkpt lat="34.677556" lon="127.618753" sectionIndex="0" pointIndex="529" originalElevation="11.0" isOriginalElevationFromOSM="false" isAnchor="false"><ele>11.9</ele></trkpt>
<trkpt lat="34.677525" lon="127.618793" sectionIndex="0" pointIndex="530" originalElevation="11.0" isOriginalElevationFromOSM="false" isAnchor="false"><ele>11.9</ele></trkpt>
<trkpt lat="34.677494" lon="127.618833" sectionIndex="0" pointIndex="531" originalElevation="13.0" isOriginalElevationFromOSM="false" isAnchor="false"><ele>12.0</ele></trkpt>
<trkpt lat="34.677463" lon="127.618872" sectionIndex="0" pointIndex="532" originalElevation="13.0" isOriginalElevationFromOSM="false" isAnchor="false"><ele>12.0</ele></trkpt>
<trkpt lat="34.677432" lon="127.618912" sectionIndex="0" pointIndex="533" originalElevation="13.0" isOriginalElevationFromOSM="false" isAnchor="false"><ele>12.0</ele></trkpt>
<trkpt lat="34.677410" lon="127.618940" sectionIndex="0" pointIndex="534" originalElevation="13.0" isOriginalElevationFromOSM="false" isAnchor="false"><ele>12.1</ele></trkpt>
<trkpt lat="34.677410" lon="127.618940" sectionIndex="0" pointIndex="535" originalElevation="13.0" isOriginalElevationFromOSM="false" isAnchor="false"><ele>12.1</ele></trkpt>
<trkpt lat="34.677377" lon="127.618976" sectionIndex="0" pointIndex="536" originalElevation="13.0" isOriginalElevationFromOSM="false" isAnchor="false"><ele>12.1</ele></trkpt>
<trkpt lat="34.677343" lon="127.619013" sectionIndex="0" pointIndex="537" originalElevation="13.0" isOriginalElevationFromOSM="false" isAnchor="false"><ele>12.1</ele></trkpt>
<trkpt lat="34.677310" lon="127.619049" sectionIndex="0" pointIndex="538" originalElevation="13.0" isOriginalElevationFromOSM="false" isAnchor="false"><ele>12.1</ele></trkpt>
<trkpt lat="34.677276" lon="127.619086" sectionIndex="0" pointIndex="539" originalElevation="13.0" isOriginalElevationFromOSM="false" isAnchor="false"><ele>12.0</ele></trkpt>
<trkpt lat="34.677243" lon="127.619122" sectionIndex="0" pointIndex="540" originalElevation="13.0" isOriginalElevationFromOSM="false" isAnchor="false"><ele>12.0</ele></trkpt>
<trkpt lat="34.677209" lon="127.619158" sectionIndex="0" pointIndex="541" originalElevation="13.0" isOriginalElevationFromOSM="false" isAnchor="false"><ele>11.9</ele></trkpt>
<trkpt lat="34.677176" lon="127.619195" sectionIndex="0" pointIndex="542" originalElevation="11.0" isOriginalElevationFromOSM="false" isAnchor="false"><ele>11.9</ele></trkpt>
<trkpt lat="34.677142" lon="127.619231" sectionIndex="0" pointIndex="543" originalElevation="11.0" isOriginalElevationFromOSM="false" isAnchor="false"><ele>11.8</ele></trkpt>
<trkpt lat="34.677109" lon="127.619268" sectionIndex="0" pointIndex="544" originalElevation="11.0" isOriginalElevationFromOSM="false" isAnchor="false"><ele>11.7</ele></trkpt>
<trkpt lat="34.677075" lon="127.619304" sectionIndex="0" pointIndex="545" originalElevation="11.0" isOriginalElevationFromOSM="false" isAnchor="false"><ele>11.6</ele></trkpt>
<trkpt lat="34.677042" lon="127.619341" sectionIndex="0" pointIndex="546" originalElevation="11.0" isOriginalElevationFromOSM="false" isAnchor="false"><ele>11.5</ele></trkpt>
<trkpt lat="34.677036" lon="127.619346" sectionIndex="0" pointIndex="547" originalElevation="11.0" isOriginalElevationFromOSM="false" isAnchor="false"><ele>11.4</ele></trkpt>
<trkpt lat="34.677036" lon="127.619346" sectionIndex="0" pointIndex="548" originalElevation="11.0" isOriginalElevationFromOSM="false" isAnchor="false"><ele>11.3</ele></trkpt>
<trkpt lat="34.676996" lon="127.619370" sectionIndex="0" pointIndex="549" originalElevation="11.0" isOriginalElevationFromOSM="false" isAnchor="false"><ele>11.2</ele></trkpt>
<trkpt lat="34.676956" lon="127.619394" sectionIndex="0" pointIndex="550" originalElevation="11.0" isOriginalElevationFromOSM="false" isAnchor="false"><ele>11.1</ele></trkpt>
<trkpt lat="34.676915" lon="127.619418" sectionIndex="0" pointIndex="551" originalElevation="11.0" isOriginalElevationFromOSM="false" isAnchor="false"><ele>11.0</ele></trkpt>
<trkpt lat="34.676875" lon="127.619442" sectionIndex="0" pointIndex="552" originalElevation="11.0" isOriginalElevationFromOSM="false" isAnchor="false"><ele>10.9</ele></trkpt>
<trkpt lat="34.676834" lon="127.619466" sectionIndex="0" pointIndex="553" originalElevation="11.0" isOriginalElevationFromOSM="false" isAnchor="false"><ele>10.8</ele></trkpt>
<trkpt lat="34.676794" lon="127.619490" sectionIndex="0" pointIndex="554" originalElevation="11.0" isOriginalElevationFromOSM="false" isAnchor="false"><ele>10.7</ele></trkpt>
<trkpt lat="34.676754" lon="127.619514" sectionIndex="0" pointIndex="555" originalElevation="11.0" isOriginalElevationFromOSM="false" isAnchor="false"><ele>10.7</ele></trkpt>
<trkpt lat="34.676713" lon="127.619538" sectionIndex="0" pointIndex="556" originalElevation="11.0" isOriginalElevationFromOSM="false" isAnchor="false"><ele>10.6</ele></trkpt>
<trkpt lat="34.676673" lon="127.619562" sectionIndex="0" pointIndex="557" originalElevation="11.0" isOriginalElevationFromOSM="false" isAnchor="false"><ele>10.5</ele></trkpt>
<trkpt lat="34.676632" lon="127.619586" sectionIndex="0" pointIndex="558" originalElevation="10.0" isOriginalElevationFromOSM="false" isAnchor="false"><ele>10.5</ele></trkpt>
<trkpt lat="34.676592" lon="127.619610" sectionIndex="0" pointIndex="559" originalElevation="10.0" isOriginalElevationFromOSM="false" isAnchor="false"><ele>10.4</ele></trkpt>
<trkpt lat="34.676552" lon="127.619634" sectionIndex="0" pointIndex="560" originalElevation="10.0" isOriginalElevationFromOSM="false" isAnchor="false"><ele>10.4</ele></trkpt>
<trkpt lat="34.676511" lon="127.619658" sectionIndex="0" pointIndex="561" originalElevation="10.0" isOriginalElevationFromOSM="false" isAnchor="false"><ele>10.3</ele></trkpt>
<trkpt lat="34.676471" lon="127.619682" sectionIndex="0" pointIndex="562" originalElevation="10.0" isOriginalElevationFromOSM="false" isAnchor="false"><ele>10.3</ele></trkpt>
<trkpt lat="34.676460" lon="127.619688" sectionIndex="0" pointIndex="563" originalElevation="10.0" isOriginalElevationFromOSM="false" isAnchor="false"><ele>10.2</ele></trkpt>
<trkpt lat="34.676460" lon="127.619688" sectionIndex="0" pointIndex="564" originalElevation="10.0" isOriginalElevationFromOSM="false" isAnchor="false"><ele>10.2</ele></trkpt>
<trkpt lat="34.676418" lon="127.619707" sectionIndex="0" pointIndex="565" originalElevation="10.0" isOriginalElevationFromOSM="false" isAnchor="false"><ele>10.2</ele></trkpt>
<trkpt lat="34.676376" lon="127.619726" sectionIndex="0" pointIndex="566" originalElevation="10.0" isOriginalElevationFromOSM="false" isAnchor="false"><ele>10.3</ele></trkpt>
<trkpt lat="34.676334" lon="127.619745" sectionIndex="0" pointIndex="567" originalElevation="10.0" isOriginalElevationFromOSM="false" isAnchor="false"><ele>10.3</ele></trkpt>
<trkpt lat="34.676291" lon="127.619764" sectionIndex="0" pointIndex="568" originalElevation="10.0" isOriginalElevationFromOSM="false" isAnchor="false"><ele>10.3</ele></trkpt>
<trkpt lat="34.676249" lon="127.619783" sectionIndex="0" pointIndex="569" originalElevation="10.0" isOriginalElevationFromOSM="false" isAnchor="false"><ele>10.3</ele></trkpt>
<trkpt lat="34.676207" lon="127.619802" sectionIndex="0" pointIndex="570" originalElevation="10.0" isOriginalElevationFromOSM="false" isAnchor="false"><ele>10.4</ele></trkpt>
<trkpt lat="34.676165" lon="127.619821" sectionIndex="0" pointIndex="571" originalElevation="10.0" isOriginalElevationFromOSM="false" isAnchor="false"><ele>10.4</ele></trkpt>
<trkpt lat="34.676123" lon="127.619840" sectionIndex="0" pointIndex="572" originalElevation="10.0" isOriginalElevationFromOSM="false" isAnchor="false"><ele>10.4</ele></trkpt>
<trkpt lat="34.676080" lon="127.619859" sectionIndex="0" pointIndex="573" originalElevation="10.0" isOriginalElevationFromOSM="false" isAnchor="false"><ele>10.4</ele></trkpt>
<trkpt lat="34.676038" lon="127.619878" sectionIndex="0" pointIndex="574" originalElevation="10.0" isOriginalElevationFromOSM="false" isAnchor="false"><ele>10.4</ele></trkpt>
<trkpt lat="34.675996" lon="127.619897" sectionIndex="0" pointIndex="575" originalElevation="10.0" isOriginalElevationFromOSM="false" isAnchor="false"><ele>10.4</ele></trkpt>
<trkpt lat="34.675954" lon="127.619915" sectionIndex="0" pointIndex="576" originalElevation="10.0" isOriginalElevationFromOSM="false" isAnchor="false"><ele>10.4</ele></trkpt>
<trkpt lat="34.675912" lon="127.619934" sectionIndex="0" pointIndex="577" originalElevation="10.0" isOriginalElevationFromOSM="false" isAnchor="false"><ele>10.4</ele></trkpt>
<trkpt lat="34.675869" lon="127.619953" sectionIndex="0" pointIndex="578" originalElevation="10.0" isOriginalElevationFromOSM="false" isAnchor="false"><ele>10.3</ele></trkpt>
<trkpt lat="34.675827" lon="127.619972" sectionIndex="0" pointIndex="579" originalElevation="16.0" isOriginalElevationFromOSM="false" isAnchor="false"><ele>10.3</ele></trkpt>
<trkpt lat="34.675814" lon="127.619978" sectionIndex="0" pointIndex="580" originalElevation="16.0" isOriginalElevationFromOSM="false" isAnchor="false"><ele>10.2</ele></trkpt>
<trkpt lat="34.675814" lon="127.619978" sectionIndex="0" pointIndex="581" originalElevation="16.0" isOriginalElevationFromOSM="false" isAnchor="false"><ele>10.0</ele></trkpt>
<trkpt lat="34.675835" lon="127.620027" sectionIndex="0" pointIndex="582" originalElevation="8.0" isOriginalElevationFromOSM="false" isAnchor="false"><ele>9.9</ele></trkpt>
<trkpt lat="34.675856" lon="127.620075" sectionIndex="0" pointIndex="583" originalElevation="8.0" isOriginalElevationFromOSM="false" isAnchor="false"><ele>9.7</ele></trkpt>
<trkpt lat="34.675877" lon="127.620123" sectionIndex="0" pointIndex="584" originalElevation="8.0" isOriginalElevationFromOSM="false" isAnchor="false"><ele>9.6</ele></trkpt>
<trkpt lat="34.675898" lon="127.620172" sectionIndex="0" pointIndex="585" originalElevation="8.0" isOriginalElevationFromOSM="false" isAnchor="false"><ele>9.4</ele></trkpt>
<trkpt lat="34.675919" lon="127.620220" sectionIndex="0" pointIndex="586" originalElevation="8.0" isOriginalElevationFromOSM="false" isAnchor="false"><ele>9.2</ele></trkpt>
<trkpt lat="34.675940" lon="127.620268" sectionIndex="0" pointIndex="587" originalElevation="8.0" isOriginalElevationFromOSM="false" isAnchor="false"><ele>9.1</ele></trkpt>
<trkpt lat="34.675943" lon="127.620276" sectionIndex="0" pointIndex="588" originalElevation="8.0" isOriginalElevationFromOSM="false" isAnchor="false"><ele>8.9</ele></trkpt>
<trkpt lat="34.675943" lon="127.620276" sectionIndex="0" pointIndex="589" originalElevation="8.0" isOriginalElevationFromOSM="false" isAnchor="false"><ele>8.7</ele></trkpt>
<trkpt lat="34.675960" lon="127.620327" sectionIndex="0" pointIndex="590" originalElevation="8.0" isOriginalElevationFromOSM="false" isAnchor="false"><ele>8.5</ele></trkpt>
<trkpt lat="34.675978" lon="127.620378" sectionIndex="0" pointIndex="591" originalElevation="8.0" isOriginalElevationFromOSM="false" isAnchor="false"><ele>8.3</ele></trkpt>
<trkpt lat="34.675995" lon="127.620428" sectionIndex="0" pointIndex="592" originalElevation="8.0" isOriginalElevationFromOSM="false" isAnchor="false"><ele>8.2</ele></trkpt>
<trkpt lat="34.676012" lon="127.620479" sectionIndex="0" pointIndex="593" originalElevation="8.0" isOriginalElevationFromOSM="false" isAnchor="false"><ele>8.0</ele></trkpt>
<trkpt lat="34.676029" lon="127.620529" sectionIndex="0" pointIndex="594" originalElevation="8.0" isOriginalElevationFromOSM="false" isAnchor="false"><ele>7.9</ele></trkpt>
<trkpt lat="34.676046" lon="127.620580" sectionIndex="0" pointIndex="595" originalElevation="8.0" isOriginalElevationFromOSM="false" isAnchor="false"><ele>7.7</ele></trkpt>
<trkpt lat="34.676064" lon="127.620630" sectionIndex="0" pointIndex="596" originalElevation="8.0" isOriginalElevationFromOSM="false" isAnchor="false"><ele>7.5</ele></trkpt>
<trkpt lat="34.676081" lon="127.620681" sectionIndex="0" pointIndex="597" originalElevation="8.0" isOriginalElevationFromOSM="false" isAnchor="false"><ele>7.4</ele></trkpt>
<trkpt lat="34.676098" lon="127.620731" sectionIndex="0" pointIndex="598" originalElevation="8.0" isOriginalElevationFromOSM="false" isAnchor="false"><ele>7.3</ele></trkpt>
<trkpt lat="34.676115" lon="127.620782" sectionIndex="0" pointIndex="599" originalElevation="8.0" isOriginalElevationFromOSM="false" isAnchor="false"><ele>7.2</ele></trkpt>
<trkpt lat="34.676132" lon="127.620832" sectionIndex="0" pointIndex="600" originalElevation="8.0" isOriginalElevationFromOSM="false" isAnchor="false"><ele>7.1</ele></trkpt>
<trkpt lat="34.676143" lon="127.620864" sectionIndex="0" pointIndex="601" originalElevation="6.0" isOriginalElevationFromOSM="false" isAnchor="false"><ele>6.9</ele></trkpt>
<trkpt lat="34.676143" lon="127.620864" sectionIndex="0" pointIndex="602" originalElevation="6.0" isOriginalElevationFromOSM="false" isAnchor="false"><ele>6.8</ele></trkpt>
<trkpt lat="34.676152" lon="127.620918" sectionIndex="0" pointIndex="603" originalElevation="6.0" isOriginalElevationFromOSM="false" isAnchor="false"><ele>6.7</ele></trkpt>
<trkpt lat="34.676161" lon="127.620972" sectionIndex="0" pointIndex="604" originalElevation="6.0" isOriginalElevationFromOSM="false" isAnchor="false"><ele>6.6</ele></trkpt>
<trkpt lat="34.676170" lon="127.621025" sectionIndex="0" pointIndex="605" originalElevation="6.0" isOriginalElevationFromOSM="false" isAnchor="false"><ele>6.5</ele></trkpt>
<trkpt lat="34.676178" lon="127.621079" sectionIndex="0" pointIndex="606" originalElevation="6.0" isOriginalElevationFromOSM="false" isAnchor="false"><ele>6.4</ele></trkpt>
<trkpt lat="34.676187" lon="127.621133" sectionIndex="0" pointIndex="607" originalElevation="6.0" isOriginalElevationFromOSM="false" isAnchor="false"><ele>6.4</ele></trkpt>
<trkpt lat="34.676196" lon="127.621186" sectionIndex="0" pointIndex="608" originalElevation="6.0" isOriginalElevationFromOSM="false" isAnchor="false"><ele>6.3</ele></trkpt>
<trkpt lat="34.676205" lon="127.621240" sectionIndex="0" pointIndex="609" originalElevation="6.0" isOriginalElevationFromOSM="false" isAnchor="false"><ele>6.2</ele></trkpt>
<trkpt lat="34.676213" lon="127.621293" sectionIndex="0" pointIndex="610" originalElevation="6.0" isOriginalElevationFromOSM="false" isAnchor="false"><ele>6.2</ele></trkpt>
<trkpt lat="34.676215" lon="127.621304" sectionIndex="0" pointIndex="611" originalElevation="6.0" isOriginalElevationFromOSM="false" isAnchor="false"><ele>6.2</ele></trkpt>
<trkpt lat="34.676215" lon="127.621304" sectionIndex="0" pointIndex="612" originalElevation="6.0" isOriginalElevationFromOSM="false" isAnchor="false"><ele>6.1</ele></trkpt>
<trkpt lat="34.676259" lon="127.621291" sectionIndex="0" pointIndex="613" originalElevation="6.0" isOriginalElevationFromOSM="false" isAnchor="false"><ele>6.1</ele></trkpt>
<trkpt lat="34.676303" lon="127.621279" sectionIndex="0" pointIndex="614" originalElevation="6.0" isOriginalElevationFromOSM="false" isAnchor="false"><ele>6.2</ele></trkpt>
<trkpt lat="34.676346" lon="127.621266" sectionIndex="0" pointIndex="615" originalElevation="6.0" isOriginalElevationFromOSM="false" isAnchor="false"><ele>6.3</ele></trkpt>
<trkpt lat="34.676390" lon="127.621253" sectionIndex="0" pointIndex="616" originalElevation="6.0" isOriginalElevationFromOSM="false" isAnchor="false"><ele>6.4</ele></trkpt>
<trkpt lat="34.676434" lon="127.621240" sectionIndex="0" pointIndex="617" originalElevation="6.0" isOriginalElevationFromOSM="false" isAnchor="false"><ele>6.5</ele></trkpt>
<trkpt lat="34.676478" lon="127.621227" sectionIndex="0" pointIndex="618" originalElevation="6.0" isOriginalElevationFromOSM="false" isAnchor="false"><ele>6.6</ele></trkpt>
<trkpt lat="34.676488" lon="127.621224" sectionIndex="0" pointIndex="619" originalElevation="6.0" isOriginalElevationFromOSM="false" isAnchor="false"><ele>6.7</ele></trkpt>
<trkpt lat="34.676488" lon="127.621224" sectionIndex="0" pointIndex="620" originalElevation="6.0" isOriginalElevationFromOSM="false" isAnchor="false"><ele>6.9</ele></trkpt>
<trkpt lat="34.676531" lon="127.621240" sectionIndex="0" pointIndex="621" originalElevation="6.0" isOriginalElevationFromOSM="false" isAnchor="false"><ele>7.1</ele></trkpt>
<trkpt lat="34.676574" lon="127.621255" sectionIndex="0" pointIndex="622" originalElevation="6.0" isOriginalElevationFromOSM="false" isAnchor="false"><ele>7.3</ele></trkpt>
<trkpt lat="34.676574" lon="127.621255" sectionIndex="0" pointIndex="623" originalElevation="6.0" isOriginalElevationFromOSM="false" isAnchor="false"><ele>7.4</ele></trkpt>
<trkpt lat="34.676610" lon="127.621287" sectionIndex="0" pointIndex="624" originalElevation="6.0" isOriginalElevationFromOSM="false" isAnchor="false"><ele>7.7</ele></trkpt>
<trkpt lat="34.676647" lon="127.621319" sectionIndex="0" pointIndex="625" originalElevation="6.0" isOriginalElevationFromOSM="false" isAnchor="false"><ele>8.0</ele></trkpt>
<trkpt lat="34.676675" lon="127.621343" sectionIndex="0" pointIndex="626" originalElevation="10.0" isOriginalElevationFromOSM="false" isAnchor="false"><ele>8.2</ele></trkpt>
<trkpt lat="34.676680" lon="127.621330" sectionIndex="0" pointIndex="627" originalElevation="7.0" isOriginalElevationFromOSM="false" isAnchor="false"><ele>8.5</ele></trkpt>
<trkpt lat="34.676700" lon="127.621350" sectionIndex="0" pointIndex="628" originalElevation="7.0" isOriginalElevationFromOSM="false" isAnchor="false"><ele>8.8</ele></trkpt>
<trkpt lat="34.677120" lon="127.621560" sectionIndex="0" pointIndex="629" originalElevation="14.0" isOriginalElevationFromOSM="false" isAnchor="false"><ele>9.2</ele></trkpt>
<trkpt lat="34.677350" lon="127.621660" sectionIndex="0" pointIndex="630" originalElevation="14.0" isOriginalElevationFromOSM="false" isAnchor="false"><ele>9.5</ele></trkpt>
<trkpt lat="34.677610" lon="127.621710" sectionIndex="0" pointIndex="631" originalElevation="14.0" isOriginalElevationFromOSM="false" isAnchor="false"><ele>9.8</ele></trkpt>
<trkpt lat="34.677890" lon="127.621870" sectionIndex="0" pointIndex="632" originalElevation="9.0" isOriginalElevationFromOSM="false" isAnchor="false"><ele>10.2</ele></trkpt>
<trkpt lat="34.677960" lon="127.621880" sectionIndex="0" pointIndex="633" originalElevation="9.0" isOriginalElevationFromOSM="false" isAnchor="false"><ele>10.6</ele></trkpt>
<trkpt lat="34.678050" lon="127.621850" sectionIndex="0" pointIndex="634" originalElevation="9.0" isOriginalElevationFromOSM="false" isAnchor="false"><ele>10.9</ele></trkpt>
<trkpt lat="34.678240" lon="127.621690" sectionIndex="0" pointIndex="635" originalElevation="9.0" isOriginalElevationFromOSM="false" isAnchor="false"><ele>11.3</ele></trkpt>
<trkpt lat="34.678370" lon="127.621590" sectionIndex="0" pointIndex="636" originalElevation="9.0" isOriginalElevationFromOSM="false" isAnchor="false"><ele>11.7</ele></trkpt>
<trkpt lat="34.678580" lon="127.621410" sectionIndex="0" pointIndex="637" originalElevation="9.0" isOriginalElevationFromOSM="false" isAnchor="false"><ele>12.2</ele></trkpt>
<trkpt lat="34.678740" lon="127.621330" sectionIndex="0" pointIndex="638" originalElevation="0.0" isOriginalElevationFromOSM="false" isAnchor="false"><ele>12.6</ele></trkpt>
<trkpt lat="34.678740" lon="127.621330" sectionIndex="0" pointIndex="639" originalElevation="17.0" isOriginalElevationFromOSM="false" isAnchor="false"><ele>13.0</ele></trkpt>
<trkpt lat="34.678777" lon="127.621299" sectionIndex="0" pointIndex="640" originalElevation="17.0" isOriginalElevationFromOSM="false" isAnchor="false"><ele>13.5</ele></trkpt>
<trkpt lat="34.678780" lon="127.621297" sectionIndex="0" pointIndex="641" originalElevation="17.0" isOriginalElevationFromOSM="false" isAnchor="false"><ele>13.9</ele></trkpt>
<trkpt lat="34.678780" lon="127.621297" sectionIndex="0" pointIndex="642" originalElevation="17.0" isOriginalElevationFromOSM="false" isAnchor="false"><ele>14.2</ele></trkpt>
<trkpt lat="34.678795" lon="127.621246" sectionIndex="0" pointIndex="643" originalElevation="17.0" isOriginalElevationFromOSM="false" isAnchor="false"><ele>14.6</ele></trkpt>
<trkpt lat="34.678807" lon="127.621202" sectionIndex="0" pointIndex="644" originalElevation="17.0" isOriginalElevationFromOSM="false" isAnchor="false"><ele>14.9</ele></trkpt>
<trkpt lat="34.678807" lon="127.621202" sectionIndex="0" pointIndex="645" originalElevation="17.0" isOriginalElevationFromOSM="false" isAnchor="false"><ele>15.1</ele></trkpt>
<trkpt lat="34.678823" lon="127.621151" sectionIndex="0" pointIndex="646" originalElevation="17.0" isOriginalElevationFromOSM="false" isAnchor="false"><ele>15.3</ele></trkpt>
<trkpt lat="34.678831" lon="127.621126" sectionIndex="0" pointIndex="647" originalElevation="17.0" isOriginalElevationFromOSM="false" isAnchor="false"><ele>15.4</ele></trkpt>
<trkpt lat="34.678831" lon="127.621126" sectionIndex="0" pointIndex="648" originalElevation="17.0" isOriginalElevationFromOSM="false" isAnchor="false"><ele>15.5</ele></trkpt>
<trkpt lat="34.678855" lon="127.621080" sectionIndex="0" pointIndex="649" originalElevation="17.0" isOriginalElevationFromOSM="false" isAnchor="false"><ele>15.7</ele></trkpt>
<trkpt lat="34.678879" lon="127.621033" sectionIndex="0" pointIndex="650" originalElevation="17.0" isOriginalElevationFromOSM="false" isAnchor="false"><ele>15.8</ele></trkpt>
<trkpt lat="34.678903" lon="127.620987" sectionIndex="0" pointIndex="651" originalElevation="17.0" isOriginalElevationFromOSM="false" isAnchor="false"><ele>15.9</ele></trkpt>
<trkpt lat="34.678908" lon="127.620978" sectionIndex="0" pointIndex="652" originalElevation="17.0" isOriginalElevationFromOSM="false" isAnchor="false"><ele>16.1</ele></trkpt>
<trkpt lat="34.678908" lon="127.620978" sectionIndex="0" pointIndex="653" originalElevation="17.0" isOriginalElevationFromOSM="false" isAnchor="false"><ele>16.2</ele></trkpt>
<trkpt lat="34.678937" lon="127.620937" sectionIndex="0" pointIndex="654" originalElevation="17.0" isOriginalElevationFromOSM="false" isAnchor="false"><ele>16.4</ele></trkpt>
<trkpt lat="34.678967" lon="127.620895" sectionIndex="0" pointIndex="655" originalElevation="17.0" isOriginalElevationFromOSM="false" isAnchor="false"><ele>16.5</ele></trkpt>
<trkpt lat="34.678996" lon="127.620854" sectionIndex="0" pointIndex="656" originalElevation="17.0" isOriginalElevationFromOSM="false" isAnchor="false"><ele>16.7</ele></trkpt>
<trkpt lat="34.679026" lon="127.620813" sectionIndex="0" pointIndex="657" originalElevation="12.0" isOriginalElevationFromOSM="false" isAnchor="false"><ele>17.0</ele></trkpt>
<trkpt lat="34.679031" lon="127.620806" sectionIndex="0" pointIndex="658" originalElevation="12.0" isOriginalElevationFromOSM="false" isAnchor="false"><ele>17.3</ele></trkpt>
<trkpt lat="34.679031" lon="127.620806" sectionIndex="0" pointIndex="659" originalElevation="12.0" isOriginalElevationFromOSM="false" isAnchor="false"><ele>17.7</ele></trkpt>
<trkpt lat="34.679074" lon="127.620787" sectionIndex="0" pointIndex="660" originalElevation="12.0" isOriginalElevationFromOSM="false" isAnchor="false"><ele>18.2</ele></trkpt>
<trkpt lat="34.679116" lon="127.620769" sectionIndex="0" pointIndex="661" originalElevation="12.0" isOriginalElevationFromOSM="false" isAnchor="false"><ele>18.7</ele></trkpt>
<trkpt lat="34.679158" lon="127.620751" sectionIndex="0" pointIndex="662" originalElevation="12.0" isOriginalElevationFromOSM="false" isAnchor="false"><ele>19.4</ele></trkpt>
<trkpt lat="34.679159" lon="127.620751" sectionIndex="0" pointIndex="663" originalElevation="12.0" isOriginalElevationFromOSM="false" isAnchor="false"><ele>20.0</ele></trkpt>
<trkpt lat="34.679268" lon="127.620747" sectionIndex="0" pointIndex="664" originalElevation="23.0" isOriginalElevationFromOSM="false" isAnchor="false"><ele>20.7</ele></trkpt>
<trkpt lat="34.679273" lon="127.620757" sectionIndex="0" pointIndex="665" originalElevation="27.0" isOriginalElevationFromOSM="false" isAnchor="false"><ele>21.4</ele></trkpt>
<trkpt lat="34.680084" lon="127.620834" sectionIndex="0" pointIndex="666" originalElevation="27.0" isOriginalElevationFromOSM="false" isAnchor="false"><ele>22.2</ele></trkpt>
<trkpt lat="34.680520" lon="127.620638" sectionIndex="0" pointIndex="667" originalElevation="27.0" isOriginalElevationFromOSM="false" isAnchor="false"><ele>23.0</ele></trkpt>
<trkpt lat="34.681063" lon="127.620006" sectionIndex="0" pointIndex="668" originalElevation="27.0" isOriginalElevationFromOSM="false" isAnchor="false"><ele>23.8</ele></trkpt>
<trkpt lat="34.681337" lon="127.619405" sectionIndex="0" pointIndex="669" originalElevation="28.0" isOriginalElevationFromOSM="false" isAnchor="false"><ele>24.5</ele></trkpt>
<trkpt lat="34.681944" lon="127.619287" sectionIndex="0" pointIndex="670" originalElevation="28.0" isOriginalElevationFromOSM="false" isAnchor="false"><ele>25.2</ele></trkpt>
<trkpt lat="34.682359" lon="127.618735" sectionIndex="0" pointIndex="671" originalElevation="28.0" isOriginalElevationFromOSM="false" isAnchor="false"><ele>25.8</ele></trkpt>
<trkpt lat="34.682716" lon="127.618463" sectionIndex="0" pointIndex="672" originalElevation="28.0" isOriginalElevationFromOSM="false" isAnchor="false"><ele>26.4</ele></trkpt>
<trkpt lat="34.682839" lon="127.618226" sectionIndex="0" pointIndex="673" originalElevation="28.0" isOriginalElevationFromOSM="false" isAnchor="false"><ele>27.0</ele></trkpt>
<trkpt lat="34.682897" lon="127.617569" sectionIndex="0" pointIndex="674" originalElevation="28.0" isOriginalElevationFromOSM="false" isAnchor="false"><ele>27.6</ele></trkpt>
<trkpt lat="34.683049" lon="127.617306" sectionIndex="0" pointIndex="675" originalElevation="29.0" isOriginalElevationFromOSM="false" isAnchor="false"><ele>28.2</ele></trkpt>
<trkpt lat="34.684470" lon="127.617556" sectionIndex="0" pointIndex="676" originalElevation="29.0" isOriginalElevationFromOSM="false" isAnchor="false"><ele>28.7</ele></trkpt>
<trkpt lat="34.684712" lon="127.617173" sectionIndex="0" pointIndex="677" originalElevation="28.0" isOriginalElevationFromOSM="false" isAnchor="false"><ele>29.3</ele></trkpt>
<trkpt lat="34.685085" lon="127.616839" sectionIndex="0" pointIndex="678" originalElevation="27.0" isOriginalElevationFromOSM="false" isAnchor="false"><ele>29.8</ele></trkpt>
<trkpt lat="34.685406" lon="127.617023" sectionIndex="0" pointIndex="679" originalElevation="26.0" isOriginalElevationFromOSM="false" isAnchor="false"><ele>30.4</ele></trkpt>
<trkpt lat="34.686076" lon="127.616824" sectionIndex="0" pointIndex="680" originalElevation="27.0" isOriginalElevationFromOSM="false" isAnchor="false"><ele>31.0</ele></trkpt>
<trkpt lat="34.686660" lon="127.619615" sectionIndex="0" pointIndex="681" originalElevation="33.0" isOriginalElevationFromOSM="false" isAnchor="false"><ele>31.7</ele></trkpt>
<trkpt lat="34.686673" lon="127.619996" sectionIndex="0" pointIndex="682" originalElevation="38.0" isOriginalElevationFromOSM="false" isAnchor="false"><ele>32.3</ele></trkpt>
<trkpt lat="34.686917" lon="127.620086" sectionIndex="0" pointIndex="683" originalElevation="39.0" isOriginalElevationFromOSM="false" isAnchor="false"><ele>33.0</ele></trkpt>
<trkpt lat="34.687364" lon="127.620925" sectionIndex="0" pointIndex="684" originalElevation="32.0" isOriginalElevationFromOSM="false" isAnchor="false"><ele>33.8</ele></trkpt>
<trkpt lat="34.688310" lon="127.621739" sectionIndex="0" pointIndex="685" originalElevation="27.0" isOriginalElevationFromOSM="false" isAnchor="false"><ele>34.6</ele></trkpt>
<trkpt lat="34.688581" lon="127.622154" sectionIndex="0" pointIndex="686" originalElevation="27.0" isOriginalElevationFromOSM="false" isAnchor="false"><ele>35.4</ele></trkpt>
<trkpt lat="34.689413" lon="127.621835" sectionIndex="0" pointIndex="687" originalElevation="29.0" isOriginalElevationFromOSM="false" isAnchor="false"><ele>36.4</ele></trkpt>
<trkpt lat="34.689869" lon="127.621371" sectionIndex="0" pointIndex="688" originalElevation="32.0" isOriginalElevationFromOSM="false" isAnchor="false"><ele>37.5</ele></trkpt>
<trkpt lat="34.690423" lon="127.621008" sectionIndex="0" pointIndex="689" originalElevation="37.0" isOriginalElevationFromOSM="false" isAnchor="false"><ele>38.7</ele></trkpt>
<trkpt lat="34.690865" lon="127.620439" sectionIndex="0" pointIndex="690" originalElevation="39.0" isOriginalElevationFromOSM="false" isAnchor="false"><ele>40.1</ele></trkpt>
<trkpt lat="34.691206" lon="127.620146" sectionIndex="0" pointIndex="691" originalElevation="39.0" isOriginalElevationFromOSM="false" isAnchor="false"><ele>41.6</ele></trkpt>
<trkpt lat="34.692606" lon="127.619659" sectionIndex="0" pointIndex="692" originalElevation="42.0" isOriginalElevationFromOSM="false" isAnchor="false"><ele>43.1</ele></trkpt>
<trkpt lat="34.692913" lon="127.619346" sectionIndex="0" pointIndex="693" originalElevation="46.0" isOriginalElevationFromOSM="false" isAnchor="false"><ele>44.7</ele></trkpt>
<trkpt lat="34.693104" lon="127.618757" sectionIndex="0" pointIndex="694" originalElevation="51.0" isOriginalElevationFromOSM="false" isAnchor="false"><ele>46.2</ele></trkpt>
<trkpt lat="34.692905" lon="127.616996" sectionIndex="0" pointIndex="695" originalElevation="56.0" isOriginalElevationFromOSM="false" isAnchor="false"><ele>47.8</ele></trkpt>
<trkpt lat="34.692503" lon="127.615734" sectionIndex="0" pointIndex="696" originalElevation="52.0" isOriginalElevationFromOSM="false" isAnchor="false"><ele>49.3</ele></trkpt>
<trkpt lat="34.692595" lon="127.614881" sectionIndex="0" pointIndex="697" originalElevation="50.0" isOriginalElevationFromOSM="false" isAnchor="false"><ele>50.7</ele></trkpt>
<trkpt lat="34.692951" lon="127.614232" sectionIndex="0" pointIndex="698" originalElevation="47.0" isOriginalElevationFromOSM="false" isAnchor="false"><ele>52.0</ele></trkpt>
<trkpt lat="34.693540" lon="127.613613" sectionIndex="0" pointIndex="699" originalElevation="44.0" isOriginalElevationFromOSM="false" isAnchor="false"><ele>53.1</ele></trkpt>
<trkpt lat="34.693624" lon="127.612836" sectionIndex="0" pointIndex="700" originalElevation="45.0" isOriginalElevationFromOSM="false" isAnchor="false"><ele>54.1</ele></trkpt>
<trkpt lat="34.693697" lon="127.612710" sectionIndex="0" pointIndex="701" originalElevation="46.0" isOriginalElevationFromOSM="false" isAnchor="false"><ele>54.8</ele></trkpt>
<trkpt lat="34.694979" lon="127.612094" sectionIndex="0" pointIndex="702" originalElevation="58.0" isOriginalElevationFromOSM="false" isAnchor="false"><ele>55.3</ele></trkpt>
<trkpt lat="34.695341" lon="127.612140" sectionIndex="0" pointIndex="703" originalElevation="62.0" isOriginalElevationFromOSM="false" isAnchor="false"><ele>55.6</ele></trkpt>
<trkpt lat="34.696107" lon="127.612962" sectionIndex="0" pointIndex="704" originalElevation="77.0" isOriginalElevationFromOSM="false" isAnchor="false"><ele>55.5</ele></trkpt>
<trkpt lat="34.696536" lon="127.613093" sectionIndex="0" pointIndex="705" originalElevation="84.0" isOriginalElevationFromOSM="false" isAnchor="false"><ele>55.1</ele></trkpt>
<trkpt lat="34.696817" lon="127.613045" sectionIndex="0" pointIndex="706" originalElevation="84.0" isOriginalElevationFromOSM="false" isAnchor="false"><ele>54.3</ele></trkpt>
<trkpt lat="34.698639" lon="127.612229" sectionIndex="0" pointIndex="707" originalElevation="79.0" isOriginalElevationFromOSM="false" isAnchor="false"><ele>53.2</ele></trkpt>
<trkpt lat="34.699137" lon="127.611908" sectionIndex="0" pointIndex="708" originalElevation="74.0" isOriginalElevationFromOSM="false" isAnchor="false"><ele>51.8</ele></trkpt>
<trkpt lat="34.699937" lon="127.611206" sectionIndex="0" pointIndex="709" originalElevation="63.0" isOriginalElevationFromOSM="false" isAnchor="false"><ele>50.1</ele></trkpt>
<trkpt lat="34.700339" lon="127.611144" sectionIndex="0" pointIndex="710" originalElevation="57.0" isOriginalElevationFromOSM="false" isAnchor="false"><ele>48.1</ele></trkpt>
<trkpt lat="34.700735" lon="127.611336" sectionIndex="0" pointIndex="711" originalElevation="53.0" isOriginalElevationFromOSM="false" isAnchor="false"><ele>45.9</ele></trkpt>
<trkpt lat="34.701492" lon="127.611992" sectionIndex="0" pointIndex="712" originalElevation="40.0" isOriginalElevationFromOSM="false" isAnchor="false"><ele>43.6</ele></trkpt>
<trkpt lat="34.702166" lon="127.612302" sectionIndex="0" pointIndex="713" originalElevation="33.0" isOriginalElevationFromOSM="false" isAnchor="false"><ele>41.3</ele></trkpt>
<trkpt lat="34.702381" lon="127.612379" sectionIndex="0" pointIndex="714" originalElevation="33.0" isOriginalElevationFromOSM="false" isAnchor="false"><ele>38.9</ele></trkpt>
<trkpt lat="34.702381" lon="127.612379" sectionIndex="0" pointIndex="715" originalElevation="16.0" isOriginalElevationFromOSM="false" isAnchor="false"><ele>36.5</ele></trkpt>
<trkpt lat="34.702426" lon="127.612388" sectionIndex="0" pointIndex="716" originalElevation="16.0" isOriginalElevationFromOSM="false" isAnchor="false"><ele>34.1</ele></trkpt>
<trkpt lat="34.702470" lon="127.612398" sectionIndex="0" pointIndex="717" originalElevation="16.0" isOriginalElevationFromOSM="false" isAnchor="false"><ele>31.9</ele></trkpt>
<trkpt lat="34.702514" lon="127.612408" sectionIndex="0" pointIndex="718" originalElevation="21.0" isOriginalElevationFromOSM="false" isAnchor="false"><ele>29.7</ele></trkpt>
<trkpt lat="34.702558" lon="127.612418" sectionIndex="0" pointIndex="719" originalElevation="21.0" isOriginalElevationFromOSM="false" isAnchor="false"><ele>27.6</ele></trkpt>
<trkpt lat="34.702560" lon="127.612419" sectionIndex="0" pointIndex="720" originalElevation="21.0" isOriginalElevationFromOSM="false" isAnchor="false"><ele>25.6</ele></trkpt>
<trkpt lat="34.702560" lon="127.612419" sectionIndex="0" pointIndex="721" originalElevation="21.0" isOriginalElevationFromOSM="false" isAnchor="false"><ele>23.8</ele></trkpt>
<trkpt lat="34.702604" lon="127.612430" sectionIndex="0" pointIndex="722" originalElevation="21.0" isOriginalElevationFromOSM="false" isAnchor="false"><ele>22.2</ele></trkpt>
<trkpt lat="34.702648" lon="127.612441" sectionIndex="0" pointIndex="723" originalElevation="21.0" isOriginalElevationFromOSM="false" isAnchor="false"><ele>20.7</ele></trkpt>
<trkpt lat="34.702692" lon="127.612453" sectionIndex="0" pointIndex="724" originalElevation="21.0" isOriginalElevationFromOSM="false" isAnchor="false"><ele>19.5</ele></trkpt>
<trkpt lat="34.702736" lon="127.612464" sectionIndex="0" pointIndex="725" originalElevation="21.0" isOriginalElevationFromOSM="false" isAnchor="false"><ele>18.4</ele></trkpt>
<trkpt lat="34.702780" lon="127.612475" sectionIndex="0" pointIndex="726" originalElevation="21.0" isOriginalElevationFromOSM="false" isAnchor="false"><ele>17.4</ele></trkpt>
<trkpt lat="34.702824" lon="127.612487" sectionIndex="0" pointIndex="727" originalElevation="21.0" isOriginalElevationFromOSM="false" isAnchor="false"><ele>16.5</ele></trkpt>
<trkpt lat="34.702868" lon="127.612498" sectionIndex="0" pointIndex="728" originalElevation="21.0" isOriginalElevationFromOSM="false" isAnchor="false"><ele>15.8</ele></trkpt>
<trkpt lat="34.702912" lon="127.612509" sectionIndex="0" pointIndex="729" originalElevation="10.0" isOriginalElevationFromOSM="false" isAnchor="false"><ele>15.2</ele></trkpt>
<trkpt lat="34.702956" lon="127.612521" sectionIndex="0" pointIndex="730" originalElevation="10.0" isOriginalElevationFromOSM="false" isAnchor="false"><ele>14.6</ele></trkpt>
<trkpt lat="34.703000" lon="127.612532" sectionIndex="0" pointIndex="731" originalElevation="10.0" isOriginalElevationFromOSM="false" isAnchor="false"><ele>14.1</ele></trkpt>
<trkpt lat="34.703017" lon="127.612537" sectionIndex="0" pointIndex="732" originalElevation="10.0" isOriginalElevationFromOSM="false" isAnchor="false"><ele>13.7</ele></trkpt>
<trkpt lat="34.703017" lon="127.612537" sectionIndex="0" pointIndex="733" originalElevation="10.0" isOriginalElevationFromOSM="false" isAnchor="false"><ele>13.3</ele></trkpt>
<trkpt lat="34.703062" lon="127.612543" sectionIndex="0" pointIndex="734" originalElevation="10.0" isOriginalElevationFromOSM="false" isAnchor="false"><ele>12.9</ele></trkpt>
<trkpt lat="34.703106" lon="127.612550" sectionIndex="0" pointIndex="735" originalElevation="10.0" isOriginalElevationFromOSM="false" isAnchor="false"><ele>12.6</ele></trkpt>
<trkpt lat="34.703143" lon="127.612555" sectionIndex="0" pointIndex="736" originalElevation="10.0" isOriginalElevationFromOSM="false" isAnchor="false"><ele>12.3</ele></trkpt>
<trkpt lat="34.703143" lon="127.612555" sectionIndex="0" pointIndex="737" originalElevation="10.0" isOriginalElevationFromOSM="false" isAnchor="false"><ele>12.1</ele></trkpt>
<trkpt lat="34.703182" lon="127.612583" sectionIndex="0" pointIndex="738" originalElevation="10.0" isOriginalElevationFromOSM="false" isAnchor="false"><ele>12.0</ele></trkpt>
<trkpt lat="34.703221" lon="127.612610" sectionIndex="0" pointIndex="739" originalElevation="10.0" isOriginalElevationFromOSM="false" isAnchor="false"><ele>12.0</ele></trkpt>
<trkpt lat="34.703260" lon="127.612638" sectionIndex="0" pointIndex="740" originalElevation="10.0" isOriginalElevationFromOSM="false" isAnchor="false"><ele>12.0</ele></trkpt>
<trkpt lat="34.703295" lon="127.612663" sectionIndex="0" pointIndex="741" originalElevation="10.0" isOriginalElevationFromOSM="false" isAnchor="false"><ele>12.0</ele></trkpt>
<trkpt lat="34.703295" lon="127.612663" sectionIndex="0" pointIndex="742" originalElevation="10.0" isOriginalElevationFromOSM="false" isAnchor="false"><ele>12.1</ele></trkpt>
<trkpt lat="34.703339" lon="127.612660" sectionIndex="0" pointIndex="743" originalElevation="14.0" isOriginalElevationFromOSM="false" isAnchor="false"><ele>12.2</ele></trkpt>
<trkpt lat="34.703384" lon="127.612657" sectionIndex="0" pointIndex="744" originalElevation="14.0" isOriginalElevationFromOSM="false" isAnchor="false"><ele>12.3</ele></trkpt>
<trkpt lat="34.703429" lon="127.612654" sectionIndex="0" pointIndex="745" originalElevation="14.0" isOriginalElevationFromOSM="false" isAnchor="false"><ele>12.5</ele></trkpt>
<trkpt lat="34.703474" lon="127.612652" sectionIndex="0" pointIndex="746" originalElevation="14.0" isOriginalElevationFromOSM="false" isAnchor="false"><ele>12.7</ele></trkpt>
<trkpt lat="34.703519" lon="127.612649" sectionIndex="0" pointIndex="747" originalElevation="14.0" isOriginalElevationFromOSM="false" isAnchor="false"><ele>12.9</ele></trkpt>
<trkpt lat="34.703564" lon="127.612646" sectionIndex="0" pointIndex="748" originalElevation="14.0" isOriginalElevationFromOSM="false" isAnchor="false"><ele>13.1</ele></trkpt>
<trkpt lat="34.703588" lon="127.612644" sectionIndex="0" pointIndex="749" originalElevation="14.0" isOriginalElevationFromOSM="false" isAnchor="false"><ele>13.3</ele></trkpt>
<trkpt lat="34.703588" lon="127.612644" sectionIndex="0" pointIndex="750" originalElevation="14.0" isOriginalElevationFromOSM="false" isAnchor="false"><ele>13.5</ele></trkpt>
<trkpt lat="34.703632" lon="127.612639" sectionIndex="0" pointIndex="751" originalElevation="14.0" isOriginalElevationFromOSM="false" isAnchor="false"><ele>13.6</ele></trkpt>
<trkpt lat="34.703677" lon="127.612633" sectionIndex="0" pointIndex="752" originalElevation="14.0" isOriginalElevationFromOSM="false" isAnchor="false"><ele>13.8</ele></trkpt>
<trkpt lat="34.703722" lon="127.612627" sectionIndex="0" pointIndex="753" originalElevation="14.0" isOriginalElevationFromOSM="false" isAnchor="false"><ele>14.0</ele></trkpt>
<trkpt lat="34.703767" lon="127.612622" sectionIndex="0" pointIndex="754" originalElevation="14.0" isOriginalElevationFromOSM="false" isAnchor="false"><ele>14.1</ele></trkpt>
<trkpt lat="34.703811" lon="127.612616" sectionIndex="0" pointIndex="755" originalElevation="14.0" isOriginalElevationFromOSM="false" isAnchor="false"><ele>14.3</ele></trkpt>
<trkpt lat="34.703856" lon="127.612610" sectionIndex="0" pointIndex="756" originalElevation="14.0" isOriginalElevationFromOSM="false" isAnchor="false"><ele>14.5</ele></trkpt>
<trkpt lat="34.703901" lon="127.612605" sectionIndex="0" pointIndex="757" originalElevation="14.0" isOriginalElevationFromOSM="false" isAnchor="false"><ele>14.7</ele></trkpt>
<trkpt lat="34.703945" lon="127.612599" sectionIndex="0" pointIndex="758" originalElevation="14.0" isOriginalElevationFromOSM="false" isAnchor="false"><ele>14.9</ele></trkpt>
<trkpt lat="34.703954" lon="127.612598" sectionIndex="0" pointIndex="759" originalElevation="14.0" isOriginalElevationFromOSM="false" isAnchor="false"><ele>15.1</ele></trkpt>
<trkpt lat="34.703954" lon="127.612598" sectionIndex="0" pointIndex="760" originalElevation="14.0" isOriginalElevationFromOSM="false" isAnchor="false"><ele>15.3</ele></trkpt>
<trkpt lat="34.703999" lon="127.612598" sectionIndex="0" pointIndex="761" originalElevation="14.0" isOriginalElevationFromOSM="false" isAnchor="false"><ele>15.6</ele></trkpt>
<trkpt lat="34.704044" lon="127.612598" sectionIndex="0" pointIndex="762" originalElevation="14.0" isOriginalElevationFromOSM="false" isAnchor="false"><ele>15.8</ele></trkpt>
<trkpt lat="34.704089" lon="127.612597" sectionIndex="0" pointIndex="763" originalElevation="14.0" isOriginalElevationFromOSM="false" isAnchor="false"><ele>16.1</ele></trkpt>
<trkpt lat="34.704134" lon="127.612597" sectionIndex="0" pointIndex="764" originalElevation="14.0" isOriginalElevationFromOSM="false" isAnchor="false"><ele>16.4</ele></trkpt>
<trkpt lat="34.704179" lon="127.612597" sectionIndex="0" pointIndex="765" originalElevation="19.0" isOriginalElevationFromOSM="false" isAnchor="false"><ele>16.6</ele></trkpt>
<trkpt lat="34.704224" lon="127.612597" sectionIndex="0" pointIndex="766" originalElevation="19.0" isOriginalElevationFromOSM="false" isAnchor="false"><ele>16.9</ele></trkpt>
<trkpt lat="34.704269" lon="127.612596" sectionIndex="0" pointIndex="767" originalElevation="19.0" isOriginalElevationFromOSM="false" isAnchor="false"><ele>17.2</ele></trkpt>
<trkpt lat="34.704314" lon="127.612596" sectionIndex="0" pointIndex="768" originalElevation="19.0" isOriginalElevationFromOSM="false" isAnchor="false"><ele>17.4</ele></trkpt>
<trkpt lat="34.704359" lon="127.612596" sectionIndex="0" pointIndex="769" originalElevation="19.0" isOriginalElevationFromOSM="false" isAnchor="false"><ele>17.7</ele></trkpt>
<trkpt lat="34.704391" lon="127.612596" sectionIndex="0" pointIndex="770" originalElevation="19.0" isOriginalElevationFromOSM="false" isAnchor="false"><ele>17.9</ele></trkpt>
<trkpt lat="34.704391" lon="127.612596" sectionIndex="0" pointIndex="771" originalElevation="19.0" isOriginalElevationFromOSM="false" isAnchor="false"><ele>18.1</ele></trkpt>
<trkpt lat="34.704436" lon="127.612596" sectionIndex="0" pointIndex="772" originalElevation="19.0" isOriginalElevationFromOSM="false" isAnchor="false"><ele>18.3</ele></trkpt>
<trkpt lat="34.704481" lon="127.612596" sectionIndex="0" pointIndex="773" originalElevation="19.0" isOriginalElevationFromOSM="false" isAnchor="false"><ele>18.6</ele></trkpt>
<trkpt lat="34.704526" lon="127.612597" sectionIndex="0" pointIndex="774" originalElevation="19.0" isOriginalElevationFromOSM="false" isAnchor="false"><ele>18.7</ele></trkpt>
<trkpt lat="34.704571" lon="127.612597" sectionIndex="0" pointIndex="775" originalElevation="19.0" isOriginalElevationFromOSM="false" isAnchor="false"><ele>18.9</ele></trkpt>
<trkpt lat="34.704616" lon="127.612597" sectionIndex="0" pointIndex="776" originalElevation="19.0" isOriginalElevationFromOSM="false" isAnchor="false"><ele>19.1</ele></trkpt>
<trkpt lat="34.704661" lon="127.612598" sectionIndex="0" pointIndex="777" originalElevation="19.0" isOriginalElevationFromOSM="false" isAnchor="false"><ele>19.3</ele></trkpt>
<trkpt lat="34.704703" lon="127.612598" sectionIndex="0" pointIndex="778" originalElevation="19.0" isOriginalElevationFromOSM="false" isAnchor="false"><ele>19.5</ele></trkpt>
<trkpt lat="34.704703" lon="127.612598" sectionIndex="0" pointIndex="779" originalElevation="19.0" isOriginalElevationFromOSM="false" isAnchor="false"><ele>19.7</ele></trkpt>
<trkpt lat="34.704748" lon="127.612606" sectionIndex="0" pointIndex="780" originalElevation="19.0" isOriginalElevationFromOSM="false" isAnchor="false"><ele>19.9</ele></trkpt>
<trkpt lat="34.704792" lon="127.612613" sectionIndex="0" pointIndex="781" originalElevation="19.0" isOriginalElevationFromOSM="false" isAnchor="false"><ele>20.1</ele></trkpt>
<trkpt lat="34.704837" lon="127.612621" sectionIndex="0" pointIndex="782" originalElevation="19.0" isOriginalElevationFromOSM="false" isAnchor="false"><ele>20.3</ele></trkpt>
<trkpt lat="34.704881" lon="127.612629" sectionIndex="0" pointIndex="783" originalElevation="19.0" isOriginalElevationFromOSM="false" isAnchor="false"><ele>20.5</ele></trkpt>
<trkpt lat="34.704926" lon="127.612636" sectionIndex="0" pointIndex="784" originalElevation="19.0" isOriginalElevationFromOSM="false" isAnchor="false"><ele>20.7</ele></trkpt>
<trkpt lat="34.704971" lon="127.612644" sectionIndex="0" pointIndex="785" originalElevation="19.0" isOriginalElevationFromOSM="false" isAnchor="false"><ele>20.9</ele></trkpt>
<trkpt lat="34.705015" lon="127.612651" sectionIndex="0" pointIndex="786" originalElevation="23.0" isOriginalElevationFromOSM="false" isAnchor="false"><ele>21.1</ele></trkpt>
<trkpt lat="34.705020" lon="127.612652" sectionIndex="0" pointIndex="787" originalElevation="23.0" isOriginalElevationFromOSM="false" isAnchor="false"><ele>21.3</ele></trkpt>
<trkpt lat="34.705020" lon="127.612652" sectionIndex="0" pointIndex="788" originalElevation="23.0" isOriginalElevationFromOSM="false" isAnchor="false"><ele>21.5</ele></trkpt>
<trkpt lat="34.705064" lon="127.612664" sectionIndex="0" pointIndex="789" originalElevation="23.0" isOriginalElevationFromOSM="false" isAnchor="false"><ele>21.7</ele></trkpt>
<trkpt lat="34.705108" lon="127.612675" sectionIndex="0" pointIndex="790" originalElevation="23.0" isOriginalElevationFromOSM="false" isAnchor="false"><ele>21.9</ele></trkpt>
<trkpt lat="34.705152" lon="127.612687" sectionIndex="0" pointIndex="791" originalElevation="23.0" isOriginalElevationFromOSM="false" isAnchor="false"><ele>22.1</ele></trkpt>
<trkpt lat="34.705195" lon="127.612699" sectionIndex="0" pointIndex="792" originalElevation="23.0" isOriginalElevationFromOSM="false" isAnchor="false"><ele>22.3</ele></trkpt>
<trkpt lat="34.705239" lon="127.612710" sectionIndex="0" pointIndex="793" originalElevation="23.0" isOriginalElevationFromOSM="false" isAnchor="false"><ele>22.4</ele></trkpt>
<trkpt lat="34.705283" lon="127.612722" sectionIndex="0" pointIndex="794" originalElevation="23.0" isOriginalElevationFromOSM="false" isAnchor="false"><ele>22.5</ele></trkpt>
<trkpt lat="34.705327" lon="127.612733" sectionIndex="0" pointIndex="795" originalElevation="23.0" isOriginalElevationFromOSM="false" isAnchor="false"><ele>22.7</ele></trkpt>
<trkpt lat="34.705371" lon="127.612745" sectionIndex="0" pointIndex="796" originalElevation="23.0" isOriginalElevationFromOSM="false" isAnchor="false"><ele>22.7</ele></trkpt>
<trkpt lat="34.705382" lon="127.612748" sectionIndex="0" pointIndex="797" originalElevation="23.0" isOriginalElevationFromOSM="false" isAnchor="false"><ele>22.8</ele></trkpt>
<trkpt lat="34.705382" lon="127.612748" sectionIndex="0" pointIndex="798" originalElevation="23.0" isOriginalElevationFromOSM="false" isAnchor="false"><ele>22.9</ele></trkpt>
<trkpt lat="34.705426" lon="127.612757" sectionIndex="0" pointIndex="799" originalElevation="23.0" isOriginalElevationFromOSM="false" isAnchor="false"><ele>22.9</ele></trkpt>
<trkpt lat="34.705471" lon="127.612766" sectionIndex="0" pointIndex="800" originalElevation="23.0" isOriginalElevationFromOSM="false" isAnchor="false"><ele>23.1</ele></trkpt>
<trkpt lat="34.705515" lon="127.612775" sectionIndex="0" pointIndex="801" originalElevation="23.0" isOriginalElevationFromOSM="false" isAnchor="false"><ele>23.2</ele></trkpt>
<trkpt lat="34.705559" lon="127.612784" sectionIndex="0" pointIndex="802" originalElevation="23.0" isOriginalElevationFromOSM="false" isAnchor="false"><ele>23.4</ele></trkpt>
<trkpt lat="34.705587" lon="127.612790" sectionIndex="0" pointIndex="803" originalElevation="23.0" isOriginalElevationFromOSM="false" isAnchor="false"><ele>23.6</ele></trkpt>
<trkpt lat="34.705587" lon="127.612790" sectionIndex="0" pointIndex="804" originalElevation="23.0" isOriginalElevationFromOSM="false" isAnchor="false"><ele>23.8</ele></trkpt>
<trkpt lat="34.705629" lon="127.612771" sectionIndex="0" pointIndex="805" originalElevation="23.0" isOriginalElevationFromOSM="false" isAnchor="false"><ele>24.0</ele></trkpt>
<trkpt lat="34.705671" lon="127.612752" sectionIndex="0" pointIndex="806" originalElevation="23.0" isOriginalElevationFromOSM="false" isAnchor="false"><ele>24.2</ele></trkpt>
<trkpt lat="34.705684" lon="127.612746" sectionIndex="0" pointIndex="807" originalElevation="23.0" isOriginalElevationFromOSM="false" isAnchor="false"><ele>24.5</ele></trkpt>
<trkpt lat="34.705684" lon="127.612746" sectionIndex="0" pointIndex="808" originalElevation="23.0" isOriginalElevationFromOSM="false" isAnchor="false"><ele>24.8</ele></trkpt>
<trkpt lat="34.705711" lon="127.612702" sectionIndex="0" pointIndex="809" originalElevation="23.0" isOriginalElevationFromOSM="false" isAnchor="false"><ele>25.1</ele></trkpt>
<trkpt lat="34.705738" lon="127.612659" sectionIndex="0" pointIndex="810" originalElevation="23.0" isOriginalElevationFromOSM="false" isAnchor="false"><ele>25.3</ele></trkpt>
<trkpt lat="34.705744" lon="127.612649" sectionIndex="0" pointIndex="811" originalElevation="23.0" isOriginalElevationFromOSM="false" isAnchor="false"><ele>25.6</ele></trkpt>
<trkpt lat="34.705744" lon="127.612649" sectionIndex="0" pointIndex="812" originalElevation="23.0" isOriginalElevationFromOSM="false" isAnchor="false"><ele>25.9</ele></trkpt>
<trkpt lat="34.705760" lon="127.612598" sectionIndex="0" pointIndex="813" originalElevation="23.0" isOriginalElevationFromOSM="false" isAnchor="false"><ele>26.2</ele></trkpt>
<trkpt lat="34.705776" lon="127.612547" sectionIndex="0" pointIndex="814" originalElevation="23.0" isOriginalElevationFromOSM="false" isAnchor="false"><ele>26.4</ele></trkpt>
<trkpt lat="34.705792" lon="127.612496" sectionIndex="0" pointIndex="815" originalElevation="37.0" isOriginalElevationFromOSM="false" isAnchor="false"><ele>26.6</ele></trkpt>
<trkpt lat="34.705807" lon="127.612445" sectionIndex="0" pointIndex="816" originalElevation="37.0" isOriginalElevationFromOSM="false" isAnchor="false"><ele>26.8</ele></trkpt>
<trkpt lat="34.705811" lon="127.612434" sectionIndex="0" pointIndex="817" originalElevation="37.0" isOriginalElevationFromOSM="false" isAnchor="false"><ele>26.9</ele></trkpt>
<trkpt lat="34.705811" lon="127.612434" sectionIndex="0" pointIndex="818" originalElevation="37.0" isOriginalElevationFromOSM="false" isAnchor="false"><ele>26.9</ele></trkpt>
<trkpt lat="34.705835" lon="127.612389" sectionIndex="0" pointIndex="819" originalElevation="25.0" isOriginalElevationFromOSM="false" isAnchor="false"><ele>27.0</ele></trkpt>
<trkpt lat="34.705860" lon="127.612343" sectionIndex="0" pointIndex="820" originalElevation="25.0" isOriginalElevationFromOSM="false" isAnchor="false"><ele>26.9</ele></trkpt>
<trkpt lat="34.705885" lon="127.612297" sectionIndex="0" pointIndex="821" originalElevation="25.0" isOriginalElevationFromOSM="false" isAnchor="false"><ele>26.9</ele></trkpt>
<trkpt lat="34.705909" lon="127.612251" sectionIndex="0" pointIndex="822" originalElevation="25.0" isOriginalElevationFromOSM="false" isAnchor="false"><ele>26.8</ele></trkpt>
<trkpt lat="34.705934" lon="127.612206" sectionIndex="0" pointIndex="823" originalElevation="25.0" isOriginalElevationFromOSM="false" isAnchor="false"><ele>26.7</ele></trkpt>
<trkpt lat="34.705935" lon="127.612205" sectionIndex="0" pointIndex="824" originalElevation="25.0" isOriginalElevationFromOSM="false" isAnchor="false"><ele>26.7</ele></trkpt>
<trkpt lat="34.705935" lon="127.612205" sectionIndex="0" pointIndex="825" originalElevation="25.0" isOriginalElevationFromOSM="false" isAnchor="false"><ele>26.7</ele></trkpt>
<trkpt lat="34.705958" lon="127.612158" sectionIndex="0" pointIndex="826" originalElevation="25.0" isOriginalElevationFromOSM="false" isAnchor="false"><ele>26.8</ele></trkpt>
<trkpt lat="34.705982" lon="127.612112" sectionIndex="0" pointIndex="827" originalElevation="25.0" isOriginalElevationFromOSM="false" isAnchor="false"><ele>27.0</ele></trkpt>
<trkpt lat="34.706005" lon="127.612065" sectionIndex="0" pointIndex="828" originalElevation="25.0" isOriginalElevationFromOSM="false" isAnchor="false"><ele>27.3</ele></trkpt>
<trkpt lat="34.706029" lon="127.612018" sectionIndex="0" pointIndex="829" originalElevation="25.0" isOriginalElevationFromOSM="false" isAnchor="false"><ele>27.8</ele></trkpt>
<trkpt lat="34.706032" lon="127.612012" sectionIndex="0" pointIndex="830" originalElevation="25.0" isOriginalElevationFromOSM="false" isAnchor="false"><ele>28.3</ele></trkpt>
<trkpt lat="34.706032" lon="127.612012" sectionIndex="0" pointIndex="831" originalElevation="25.0" isOriginalElevationFromOSM="false" isAnchor="false"><ele>29.0</ele></trkpt>
<trkpt lat="34.706046" lon="127.611959" sectionIndex="0" pointIndex="832" originalElevation="25.0" isOriginalElevationFromOSM="false" isAnchor="false"><ele>29.8</ele></trkpt>
<trkpt lat="34.706059" lon="127.611907" sectionIndex="0" pointIndex="833" originalElevation="25.0" isOriginalElevationFromOSM="false" isAnchor="false"><ele>30.8</ele></trkpt>
<trkpt lat="34.706073" lon="127.611855" sectionIndex="0" pointIndex="834" originalElevation="25.0" isOriginalElevationFromOSM="false" isAnchor="false"><ele>32.1</ele></trkpt>
<trkpt lat="34.706085" lon="127.611805" sectionIndex="0" pointIndex="835" originalElevation="25.0" isOriginalElevationFromOSM="false" isAnchor="false"><ele>33.6</ele></trkpt>
<trkpt lat="34.706093" lon="127.611775" sectionIndex="0" pointIndex="836" originalElevation="30.2" isOriginalElevationFromOSM="false" isAnchor="false"><ele>35.4</ele></trkpt>
<trkpt lat="34.706117" lon="127.611666" sectionIndex="0" pointIndex="837" originalElevation="30.0" isOriginalElevationFromOSM="false" isAnchor="false"><ele>37.3</ele></trkpt>
<trkpt lat="34.706141" lon="127.609240" sectionIndex="0" pointIndex="838" originalElevation="31.0" isOriginalElevationFromOSM="false" isAnchor="false"><ele>39.4</ele></trkpt>
<trkpt lat="34.706652" lon="127.608559" sectionIndex="0" pointIndex="839" originalElevation="34.0" isOriginalElevationFromOSM="false" isAnchor="false"><ele>41.7</ele></trkpt>
<trkpt lat="34.707591" lon="127.605885" sectionIndex="0" pointIndex="840" originalElevation="39.0" isOriginalElevationFromOSM="false" isAnchor="false"><ele>44.2</ele></trkpt>
<trkpt lat="34.708475" lon="127.604410" sectionIndex="0" pointIndex="841" originalElevation="48.0" isOriginalElevationFromOSM="false" isAnchor="false"><ele>46.9</ele></trkpt>
<trkpt lat="34.708573" lon="127.604088" sectionIndex="0" pointIndex="842" originalElevation="49.0" isOriginalElevationFromOSM="false" isAnchor="false"><ele>49.6</ele></trkpt>
<trkpt lat="34.708510" lon="127.603683" sectionIndex="0" pointIndex="843" originalElevation="51.0" isOriginalElevationFromOSM="false" isAnchor="false"><ele>52.5</ele></trkpt>
<trkpt lat="34.708055" lon="127.603154" sectionIndex="0" pointIndex="844" originalElevation="55.0" isOriginalElevationFromOSM="false" isAnchor="false"><ele>55.5</ele></trkpt>
<trkpt lat="34.707875" lon="127.603058" sectionIndex="0" pointIndex="845" originalElevation="56.0" isOriginalElevationFromOSM="false" isAnchor="false"><ele>58.5</ele></trkpt>
<trkpt lat="34.707518" lon="127.603086" sectionIndex="0" pointIndex="846" originalElevation="59.0" isOriginalElevationFromOSM="false" isAnchor="false"><ele>61.6</ele></trkpt>
<trkpt lat="34.706890" lon="127.603645" sectionIndex="0" pointIndex="847" originalElevation="64.0" isOriginalElevationFromOSM="false" isAnchor="false"><ele>64.6</ele></trkpt>
<trkpt lat="34.705953" lon="127.604081" sectionIndex="0" pointIndex="848" originalElevation="68.0" isOriginalElevationFromOSM="false" isAnchor="false"><ele>67.7</ele></trkpt>
<trkpt lat="34.705495" lon="127.604768" sectionIndex="0" pointIndex="849" originalElevation="73.0" isOriginalElevationFromOSM="false" isAnchor="false"><ele>70.6</ele></trkpt>
<trkpt lat="34.705438" lon="127.604436" sectionIndex="0" pointIndex="850" originalElevation="77.0" isOriginalElevationFromOSM="false" isAnchor="false"><ele>73.4</ele></trkpt>
<trkpt lat="34.705576" lon="127.604024" sectionIndex="0" pointIndex="851" originalElevation="79.0" isOriginalElevationFromOSM="false" isAnchor="false"><ele>76.0</ele></trkpt>
<trkpt lat="34.705973" lon="127.603436" sectionIndex="0" pointIndex="852" originalElevation="82.0" isOriginalElevationFromOSM="false" isAnchor="false"><ele>78.5</ele></trkpt>
<trkpt lat="34.706249" lon="127.602857" sectionIndex="0" pointIndex="853" originalElevation="87.0" isOriginalElevationFromOSM="false" isAnchor="false"><ele>80.8</ele></trkpt>
<trkpt lat="34.706831" lon="127.602266" sectionIndex="0" pointIndex="854" originalElevation="93.0" isOriginalElevationFromOSM="false" isAnchor="false"><ele>82.9</ele></trkpt>
<trkpt lat="34.706944" lon="127.601982" sectionIndex="0" pointIndex="855" originalElevation="96.7" isOriginalElevationFromOSM="false" isAnchor="false"><ele>84.8</ele></trkpt>
<trkpt lat="34.706944" lon="127.601982" sectionIndex="0" pointIndex="856" originalElevation="97.0" isOriginalElevationFromOSM="false" isAnchor="false"><ele>86.4</ele></trkpt>
<trkpt lat="34.706936" lon="127.601928" sectionIndex="0" pointIndex="857" originalElevation="97.0" isOriginalElevationFromOSM="false" isAnchor="false"><ele>87.8</ele></trkpt>
<trkpt lat="34.706927" lon="127.601875" sectionIndex="0" pointIndex="858" originalElevation="97.0" isOriginalElevationFromOSM="false" isAnchor="false"><ele>89.1</ele></trkpt>
<trkpt lat="34.706918" lon="127.601821" sectionIndex="0" pointIndex="859" originalElevation="97.0" isOriginalElevationFromOSM="false" isAnchor="false"><ele>90.2</ele></trkpt>
<trkpt lat="34.706915" lon="127.601803" sectionIndex="0" pointIndex="860" originalElevation="97.0" isOriginalElevationFromOSM="false" isAnchor="false"><ele>91.1</ele></trkpt>
<trkpt lat="34.706915" lon="127.601803" sectionIndex="0" pointIndex="861" originalElevation="97.0" isOriginalElevationFromOSM="false" isAnchor="false"><ele>91.9</ele></trkpt>
<trkpt lat="34.706918" lon="127.601748" sectionIndex="0" pointIndex="862" originalElevation="97.0" isOriginalElevationFromOSM="false" isAnchor="false"><ele>92.7</ele></trkpt>
<trkpt lat="34.706920" lon="127.601694" sectionIndex="0" pointIndex="863" originalElevation="97.0" isOriginalElevationFromOSM="false" isAnchor="false"><ele>93.5</ele></trkpt>
<trkpt lat="34.706923" lon="127.601639" sectionIndex="0" pointIndex="864" originalElevation="89.0" isOriginalElevationFromOSM="false" isAnchor="false"><ele>94.3</ele></trkpt>
<trkpt lat="34.706926" lon="127.601584" sectionIndex="0" pointIndex="865" originalElevation="89.0" isOriginalElevationFromOSM="false" isAnchor="false"><ele>95.1</ele></trkpt>
<trkpt lat="34.706927" lon="127.601560" sectionIndex="0" pointIndex="866" originalElevation="89.0" isOriginalElevationFromOSM="false" isAnchor="false"><ele>96.0</ele></trkpt>
<trkpt lat="34.706927" lon="127.601560" sectionIndex="0" pointIndex="867" originalElevation="89.0" isOriginalElevationFromOSM="false" isAnchor="false"><ele>97.1</ele></trkpt>
<trkpt lat="34.706886" lon="127.601539" sectionIndex="0" pointIndex="868" originalElevation="89.0" isOriginalElevationFromOSM="false" isAnchor="false"><ele>98.4</ele></trkpt>
<trkpt lat="34.706877" lon="127.601535" sectionIndex="0" pointIndex="869" originalElevation="89.0" isOriginalElevationFromOSM="false" isAnchor="false"><ele>99.7</ele></trkpt>
<trkpt lat="34.706877" lon="127.601535" sectionIndex="0" pointIndex="870" originalElevation="89.0" isOriginalElevationFromOSM="false" isAnchor="false"><ele>101.2</ele></trkpt>
<trkpt lat="34.706845" lon="127.601573" sectionIndex="0" pointIndex="871" originalElevation="89.0" isOriginalElevationFromOSM="false" isAnchor="false"><ele>102.8</ele></trkpt>
<trkpt lat="34.706844" lon="127.601574" sectionIndex="0" pointIndex="872" originalElevation="89.0" isOriginalElevationFromOSM="false" isAnchor="false"><ele>104.7</ele></trkpt>
<trkpt lat="34.706840" lon="127.601594" sectionIndex="0" pointIndex="873" originalElevation="106.0" isOriginalElevationFromOSM="false" isAnchor="false"><ele>106.8</ele></trkpt>
<trkpt lat="34.706839" lon="127.601587" sectionIndex="0" pointIndex="874" originalElevation="106.0" isOriginalElevationFromOSM="false" isAnchor="false"><ele>109.1</ele></trkpt>
<trkpt lat="34.706789" lon="127.601790" sectionIndex="0" pointIndex="875" originalElevation="108.0" isOriginalElevationFromOSM="false" isAnchor="false"><ele>111.6</ele></trkpt>
<trkpt lat="34.706692" lon="127.601781" sectionIndex="0" pointIndex="876" originalElevation="111.0" isOriginalElevationFromOSM="false" isAnchor="false"><ele>114.4</ele></trkpt>
<trkpt lat="34.706285" lon="127.601389" sectionIndex="0" pointIndex="877" originalElevation="119.0" isOriginalElevationFromOSM="false" isAnchor="false"><ele>117.3</ele></trkpt>
<trkpt lat="34.706130" lon="127.601336" sectionIndex="0" pointIndex="878" originalElevation="125.0" isOriginalElevationFromOSM="false" isAnchor="false"><ele>120.5</ele></trkpt>
<trkpt lat="34.706090" lon="127.601870" sectionIndex="0" pointIndex="879" originalElevation="133.0" isOriginalElevationFromOSM="false" isAnchor="false"><ele>123.9</ele></trkpt>
<trkpt lat="34.705644" lon="127.602124" sectionIndex="0" pointIndex="880" originalElevation="135.0" isOriginalElevationFromOSM="false" isAnchor="false"><ele>127.5</ele></trkpt>
<trkpt lat="34.705439" lon="127.602438" sectionIndex="0" pointIndex="881" originalElevation="135.0" isOriginalElevationFromOSM="false" isAnchor="false"><ele>131.3</ele></trkpt>
<trkpt lat="34.704980" lon="127.602362" sectionIndex="0" pointIndex="882" originalElevation="137.0" isOriginalElevationFromOSM="false" isAnchor="false"><ele>135.2</ele></trkpt>
<trkpt lat="34.704669" lon="127.602174" sectionIndex="0" pointIndex="883" originalElevation="136.0" isOriginalElevationFromOSM="false" isAnchor="false"><ele>139.4</ele></trkpt>
<trkpt lat="34.703887" lon="127.602459" sectionIndex="0" pointIndex="884" originalElevation="125.0" isOriginalElevationFromOSM="false" isAnchor="false"><ele>143.7</ele></trkpt>
<trkpt lat="34.703045" lon="127.602278" sectionIndex="0" pointIndex="885" originalElevation="135.0" isOriginalElevationFromOSM="false" isAnchor="false"><ele>148.1</ele></trkpt>
<trkpt lat="34.702804" lon="127.602405" sectionIndex="0" pointIndex="886" originalElevation="134.0" isOriginalElevationFromOSM="false" isAnchor="false"><ele>152.8</ele></trkpt>
<trkpt lat="34.702423" lon="127.602823" sectionIndex="0" pointIndex="887" originalElevation="142.0" isOriginalElevationFromOSM="false" isAnchor="false"><ele>157.7</ele></trkpt>
<trkpt lat="34.702366" lon="127.603173" sectionIndex="0" pointIndex="888" originalElevation="147.0" isOriginalElevationFromOSM="false" isAnchor="false"><ele>162.8</ele></trkpt>
<trkpt lat="34.702259" lon="127.603142" sectionIndex="0" pointIndex="889" originalElevation="149.0" isOriginalElevationFromOSM="false" isAnchor="false"><ele>168.1</ele></trkpt>
<trkpt lat="34.702005" lon="127.602589" sectionIndex="0" pointIndex="890" originalElevation="163.0" isOriginalElevationFromOSM="false" isAnchor="false"><ele>173.6</ele></trkpt>
<trkpt lat="34.701560" lon="127.602253" sectionIndex="0" pointIndex="891" originalElevation="179.0" isOriginalElevationFromOSM="false" isAnchor="false"><ele>179.3</ele></trkpt>
<trkpt lat="34.701407" lon="127.601931" sectionIndex="0" pointIndex="892" originalElevation="183.0" isOriginalElevationFromOSM="false" isAnchor="false"><ele>185.2</ele></trkpt>
<trkpt lat="34.701453" lon="127.599466" sectionIndex="0" pointIndex="893" originalElevation="210.0" isOriginalElevationFromOSM="false" isAnchor="false"><ele>191.2</ele></trkpt>
<trkpt lat="34.701367" lon="127.598972" sectionIndex="0" pointIndex="894" originalElevation="216.0" isOriginalElevationFromOSM="false" isAnchor="false"><ele>197.0</ele></trkpt>
<trkpt lat="34.701187" lon="127.598914" sectionIndex="0" pointIndex="895" originalElevation="216.0" isOriginalElevationFromOSM="false" isAnchor="false"><ele>202.7</ele></trkpt>
<trkpt lat="34.701109" lon="127.598711" sectionIndex="0" pointIndex="896" originalElevation="217.0" isOriginalElevationFromOSM="false" isAnchor="false"><ele>208.3</ele></trkpt>
<trkpt lat="34.701094" lon="127.598326" sectionIndex="0" pointIndex="897" originalElevation="222.0" isOriginalElevationFromOSM="false" isAnchor="false"><ele>213.8</ele></trkpt>
<trkpt lat="34.701157" lon="127.597858" sectionIndex="0" pointIndex="898" originalElevation="222.0" isOriginalElevationFromOSM="false" isAnchor="false"><ele>219.0</ele></trkpt>
<trkpt lat="34.701386" lon="127.597463" sectionIndex="0" pointIndex="899" originalElevation="218.0" isOriginalElevationFromOSM="false" isAnchor="false"><ele>224.0</ele></trkpt>
<trkpt lat="34.702100" lon="127.597107" sectionIndex="0" pointIndex="900" originalElevation="218.0" isOriginalElevationFromOSM="false" isAnchor="false"><ele>228.8</ele></trkpt>
<trkpt lat="34.702486" lon="127.597099" sectionIndex="0" pointIndex="901" originalElevation="227.0" isOriginalElevationFromOSM="false" isAnchor="false"><ele>233.3</ele></trkpt>
<trkpt lat="34.702590" lon="127.596943" sectionIndex="0" pointIndex="902" originalElevation="233.0" isOriginalElevationFromOSM="false" isAnchor="false"><ele>237.5</ele></trkpt>
<trkpt lat="34.702879" lon="127.595811" sectionIndex="0" pointIndex="903" originalElevation="248.0" isOriginalElevationFromOSM="false" isAnchor="false"><ele>241.4</ele></trkpt>
<trkpt lat="34.702783" lon="127.594978" sectionIndex="0" pointIndex="904" originalElevation="264.0" isOriginalElevationFromOSM="false" isAnchor="false"><ele>245.0</ele></trkpt>
<trkpt lat="34.702870" lon="127.594428" sectionIndex="0" pointIndex="905" originalElevation="275.0" isOriginalElevationFromOSM="false" isAnchor="false"><ele>248.4</ele></trkpt>
<trkpt lat="34.702823" lon="127.594249" sectionIndex="0" pointIndex="906" originalElevation="279.0" isOriginalElevationFromOSM="false" isAnchor="false"><ele>251.5</ele></trkpt>
<trkpt lat="34.702458" lon="127.593419" sectionIndex="0" pointIndex="907" originalElevation="294.0" isOriginalElevationFromOSM="false" isAnchor="false"><ele>254.4</ele></trkpt>
<trkpt lat="34.702100" lon="127.593383" sectionIndex="0" pointIndex="908" originalElevation="292.0" isOriginalElevationFromOSM="false" isAnchor="false"><ele>257.2</ele></trkpt>
<trkpt lat="34.701704" lon="127.593330" sectionIndex="0" pointIndex="909" originalElevation="273.0" isOriginalElevationFromOSM="false" isAnchor="false"><ele>259.9</ele></trkpt>
<trkpt lat="34.701208" lon="127.593581" sectionIndex="0" pointIndex="910" originalElevation="254.0" isOriginalElevationFromOSM="false" isAnchor="false"><ele>262.5</ele></trkpt>
<trkpt lat="34.700877" lon="127.593645" sectionIndex="0" pointIndex="911" originalElevation="246.0" isOriginalElevationFromOSM="false" isAnchor="false"><ele>265.1</ele></trkpt>
<trkpt lat="34.700762" lon="127.593578" sectionIndex="0" pointIndex="912" originalElevation="244.0" isOriginalElevationFromOSM="false" isAnchor="false"><ele>267.8</ele></trkpt>
<trkpt lat="34.700733" lon="127.593298" sectionIndex="0" pointIndex="913" originalElevation="239.0" isOriginalElevationFromOSM="false" isAnchor="false"><ele>270.4</ele></trkpt>
<trkpt lat="34.700764" lon="127.593011" sectionIndex="0" pointIndex="914" originalElevation="246.0" isOriginalElevationFromOSM="false" isAnchor="false"><ele>273.2</ele></trkpt>
<trkpt lat="34.700893" lon="127.592816" sectionIndex="0" pointIndex="915" originalElevation="252.0" isOriginalElevationFromOSM="false" isAnchor="false"><ele>276.0</ele></trkpt>
<trkpt lat="34.700859" lon="127.592689" sectionIndex="0" pointIndex="916" originalElevation="254.0" isOriginalElevationFromOSM="false" isAnchor="false"><ele>278.6</ele></trkpt>
<trkpt lat="34.700163" lon="127.592326" sectionIndex="0" pointIndex="917" originalElevation="265.0" isOriginalElevationFromOSM="false" isAnchor="false"><ele>281.0</ele></trkpt>
<trkpt lat="34.699802" lon="127.592294" sectionIndex="0" pointIndex="918" originalElevation="279.0" isOriginalElevationFromOSM="false" isAnchor="false"><ele>283.1</ele></trkpt>
<trkpt lat="34.699682" lon="127.592138" sectionIndex="0" pointIndex="919" originalElevation="286.0" isOriginalElevationFromOSM="false" isAnchor="false"><ele>284.9</ele></trkpt>
<trkpt lat="34.699356" lon="127.592170" sectionIndex="0" pointIndex="920" originalElevation="303.0" isOriginalElevationFromOSM="false" isAnchor="false"><ele>286.0</ele></trkpt>
<trkpt lat="34.699228" lon="127.592073" sectionIndex="0" pointIndex="921" originalElevation="310.0" isOriginalElevationFromOSM="false" isAnchor="false"><ele>286.6</ele></trkpt>
<trkpt lat="34.698911" lon="127.592058" sectionIndex="0" pointIndex="922" originalElevation="323.0" isOriginalElevationFromOSM="false" isAnchor="false"><ele>286.5</ele></trkpt>
<trkpt lat="34.698333" lon="127.591776" sectionIndex="0" pointIndex="923" originalElevation="336.0" isOriginalElevationFromOSM="false" isAnchor="false"><ele>285.7</ele></trkpt>
<trkpt lat="34.698253" lon="127.591722" sectionIndex="0" pointIndex="924" originalElevation="335.0" isOriginalElevationFromOSM="false" isAnchor="false"><ele>284.0</ele></trkpt>
<trkpt lat="34.698246" lon="127.591392" sectionIndex="0" pointIndex="925" originalElevation="332.0" isOriginalElevationFromOSM="false" isAnchor="false"><ele>281.5</ele></trkpt>
<trkpt lat="34.698351" lon="127.590839" sectionIndex="0" pointIndex="926" originalElevation="327.0" isOriginalElevationFromOSM="false" isAnchor="false"><ele>278.1</ele></trkpt>
<trkpt lat="34.698143" lon="127.590123" sectionIndex="0" pointIndex="927" originalElevation="314.0" isOriginalElevationFromOSM="false" isAnchor="false"><ele>273.6</ele></trkpt>
<trkpt lat="34.697917" lon="127.589752" sectionIndex="0" pointIndex="928" originalElevation="306.0" isOriginalElevationFromOSM="false" isAnchor="false"><ele>268.1</ele></trkpt>
<trkpt lat="34.697825" lon="127.589209" sectionIndex="0" pointIndex="929" originalElevation="291.0" isOriginalElevationFromOSM="false" isAnchor="false"><ele>261.5</ele></trkpt>
<trkpt lat="34.697897" lon="127.589067" sectionIndex="0" pointIndex="930" originalElevation="287.0" isOriginalElevationFromOSM="false" isAnchor="false"><ele>254.0</ele></trkpt>
<trkpt lat="34.697921" lon="127.588272" sectionIndex="0" pointIndex="931" originalElevation="252.0" isOriginalElevationFromOSM="false" isAnchor="false"><ele>245.7</ele></trkpt>
<trkpt lat="34.697911" lon="127.587615" sectionIndex="0" pointIndex="932" originalElevation="242.0" isOriginalElevationFromOSM="false" isAnchor="false"><ele>236.6</ele></trkpt>
<trkpt lat="34.697992" lon="127.587296" sectionIndex="0" pointIndex="933" originalElevation="222.0" isOriginalElevationFromOSM="false" isAnchor="false"><ele>226.8</ele></trkpt>
<trkpt lat="34.697976" lon="127.587073" sectionIndex="0" pointIndex="934" originalElevation="216.0" isOriginalElevationFromOSM="false" isAnchor="false"><ele>216.5</ele></trkpt>
<trkpt lat="34.698200" lon="127.586435" sectionIndex="0" pointIndex="935" originalElevation="194.0" isOriginalElevationFromOSM="false" isAnchor="false"><ele>205.8</ele></trkpt>
<trkpt lat="34.698226" lon="127.586162" sectionIndex="0" pointIndex="936" originalElevation="185.0" isOriginalElevationFromOSM="false" isAnchor="false"><ele>194.8</ele></trkpt>
<trkpt lat="34.698406" lon="127.586050" sectionIndex="0" pointIndex="937" originalElevation="178.0" isOriginalElevationFromOSM="false" isAnchor="false"><ele>183.7</ele></trkpt>
<trkpt lat="34.698566" lon="127.585717" sectionIndex="0" pointIndex="938" originalElevation="172.0" isOriginalElevationFromOSM="false" isAnchor="false"><ele>172.5</ele></trkpt>
<trkpt lat="34.698487" lon="127.585298" sectionIndex="0" pointIndex="939" originalElevation="163.0" isOriginalElevationFromOSM="false" isAnchor="false"><ele>161.4</ele></trkpt>
<trkpt lat="34.698198" lon="127.584973" sectionIndex="0" pointIndex="940" originalElevation="152.0" isOriginalElevationFromOSM="false" isAnchor="false"><ele>150.5</ele></trkpt>
<trkpt lat="34.697773" lon="127.585150" sectionIndex="0" pointIndex="941" originalElevation="140.0" isOriginalElevationFromOSM="false" isAnchor="false"><ele>139.9</ele></trkpt>
<trkpt lat="34.697217" lon="127.584863" sectionIndex="0" pointIndex="942" originalElevation="114.0" isOriginalElevationFromOSM="false" isAnchor="false"><ele>129.7</ele></trkpt>
<trkpt lat="34.696948" lon="127.584644" sectionIndex="0" pointIndex="943" originalElevation="103.0" isOriginalElevationFromOSM="false" isAnchor="false"><ele>120.0</ele></trkpt>
<trkpt lat="34.696852" lon="127.584541" sectionIndex="0" pointIndex="944" originalElevation="88.0" isOriginalElevationFromOSM="false" isAnchor="false"><ele>110.6</ele></trkpt>
<trkpt lat="34.696631" lon="127.583979" sectionIndex="0" pointIndex="945" originalElevation="87.0" isOriginalElevationFromOSM="false" isAnchor="false"><ele>101.8</ele></trkpt>
<trkpt lat="34.696409" lon="127.583755" sectionIndex="0" pointIndex="946" originalElevation="81.0" isOriginalElevationFromOSM="false" isAnchor="false"><ele>93.5</ele></trkpt>
<trkpt lat="34.695821" lon="127.583572" sectionIndex="0" pointIndex="947" originalElevation="72.0" isOriginalElevationFromOSM="false" isAnchor="false"><ele>85.9</ele></trkpt>
<trkpt lat="34.695694" lon="127.583449" sectionIndex="0" pointIndex="948" originalElevation="65.0" isOriginalElevationFromOSM="false" isAnchor="false"><ele>78.7</ele></trkpt>
<trkpt lat="34.695496" lon="127.583454" sectionIndex="0" pointIndex="949" originalElevation="53.0" isOriginalElevationFromOSM="false" isAnchor="false"><ele>72.2</ele></trkpt>
<trkpt lat="34.695555" lon="127.583118" sectionIndex="0" pointIndex="950" originalElevation="48.0" isOriginalElevationFromOSM="false" isAnchor="false"><ele>66.1</ele></trkpt>
<trkpt lat="34.695515" lon="127.583022" sectionIndex="0" pointIndex="951" originalElevation="47.0" isOriginalElevationFromOSM="false" isAnchor="false"><ele>60.7</ele></trkpt>
<trkpt lat="34.695315" lon="127.583111" sectionIndex="0" pointIndex="952" originalElevation="46.0" isOriginalElevationFromOSM="false" isAnchor="false"><ele>55.7</ele></trkpt>
<trkpt lat="34.694915" lon="127.582358" sectionIndex="0" pointIndex="953" originalElevation="37.0" isOriginalElevationFromOSM="false" isAnchor="false"><ele>51.2</ele></trkpt>
<trkpt lat="34.694691" lon="127.582204" sectionIndex="0" pointIndex="954" originalElevation="35.0" isOriginalElevationFromOSM="false" isAnchor="false"><ele>47.2</ele></trkpt>
<trkpt lat="34.694592" lon="127.582030" sectionIndex="0" pointIndex="955" originalElevation="36.0" isOriginalElevationFromOSM="false" isAnchor="false"><ele>43.6</ele></trkpt>
<trkpt lat="34.694354" lon="127.581921" sectionIndex="0" pointIndex="956" originalElevation="36.0" isOriginalElevationFromOSM="false" isAnchor="false"><ele>40.5</ele></trkpt>
<trkpt lat="34.694159" lon="127.581645" sectionIndex="0" pointIndex="957" originalElevation="34.0" isOriginalElevationFromOSM="false" isAnchor="false"><ele>37.8</ele></trkpt>
<trkpt lat="34.693767" lon="127.581532" sectionIndex="0" pointIndex="958" originalElevation="26.0" isOriginalElevationFromOSM="false" isAnchor="false"><ele>35.5</ele></trkpt>
<trkpt lat="34.693478" lon="127.581525" sectionIndex="0" pointIndex="959" originalElevation="26.0" isOriginalElevationFromOSM="false" isAnchor="false"><ele>33.5</ele></trkpt>
<trkpt lat="34.692540" lon="127.581221" sectionIndex="0" pointIndex="960" originalElevation="25.0" isOriginalElevationFromOSM="false" isAnchor="false"><ele>32.0</ele></trkpt>
<trkpt lat="34.692664" lon="127.580803" sectionIndex="0" pointIndex="961" originalElevation="25.0" isOriginalElevationFromOSM="false" isAnchor="false"><ele>30.7</ele></trkpt>
<trkpt lat="34.693029" lon="127.580277" sectionIndex="0" pointIndex="962" originalElevation="23.0" isOriginalElevationFromOSM="false" isAnchor="false"><ele>29.8</ele></trkpt>
<trkpt lat="34.693885" lon="127.579868" sectionIndex="0" pointIndex="963" originalElevation="25.0" isOriginalElevationFromOSM="false" isAnchor="false"><ele>29.1</ele></trkpt>
<trkpt lat="34.694310" lon="127.579560" sectionIndex="0" pointIndex="964" originalElevation="24.0" isOriginalElevationFromOSM="false" isAnchor="false"><ele>28.9</ele></trkpt>
<trkpt lat="34.694539" lon="127.579277" sectionIndex="0" pointIndex="965" originalElevation="24.8" isOriginalElevationFromOSM="false" isAnchor="false"><ele>29.0</ele></trkpt>
<trkpt lat="34.694627" lon="127.579287" sectionIndex="0" pointIndex="966" originalElevation="29.8" isOriginalElevationFromOSM="false" isAnchor="false"><ele>29.4</ele></trkpt>
<trkpt lat="34.694926" lon="127.579071" sectionIndex="0" pointIndex="967" originalElevation="25.0" isOriginalElevationFromOSM="false" isAnchor="false"><ele>30.1</ele></trkpt>
<trkpt lat="34.695463" lon="127.578424" sectionIndex="0" pointIndex="968" originalElevation="25.0" isOriginalElevationFromOSM="false" isAnchor="false"><ele>31.2</ele></trkpt>
<trkpt lat="34.695721" lon="127.577269" sectionIndex="0" pointIndex="969" originalElevation="25.0" isOriginalElevationFromOSM="false" isAnchor="false"><ele>32.7</ele></trkpt>
<trkpt lat="34.695888" lon="127.576994" sectionIndex="0" pointIndex="970" originalElevation="26.0" isOriginalElevationFromOSM="false" isAnchor="false"><ele>34.5</ele></trkpt>
<trkpt lat="34.696083" lon="127.576753" sectionIndex="0" pointIndex="971" originalElevation="25.0" isOriginalElevationFromOSM="false" isAnchor="false"><ele>36.7</ele></trkpt>
<trkpt lat="34.696505" lon="127.576550" sectionIndex="0" pointIndex="972" originalElevation="24.0" isOriginalElevationFromOSM="false" isAnchor="false"><ele>39.4</ele></trkpt>
<trkpt lat="34.696804" lon="127.576273" sectionIndex="0" pointIndex="973" originalElevation="24.0" isOriginalElevationFromOSM="false" isAnchor="false"><ele>42.4</ele></trkpt>
<trkpt lat="34.696972" lon="127.575864" sectionIndex="0" pointIndex="974" originalElevation="24.0" isOriginalElevationFromOSM="false" isAnchor="false"><ele>45.8</ele></trkpt>
<trkpt lat="34.697367" lon="127.575296" sectionIndex="0" pointIndex="975" originalElevation="28.0" isOriginalElevationFromOSM="false" isAnchor="false"><ele>49.5</ele></trkpt>
<trkpt lat="34.697943" lon="127.574186" sectionIndex="0" pointIndex="976" originalElevation="47.0" isOriginalElevationFromOSM="false" isAnchor="false"><ele>53.5</ele></trkpt>
<trkpt lat="34.698032" lon="127.573922" sectionIndex="0" pointIndex="977" originalElevation="50.0" isOriginalElevationFromOSM="false" isAnchor="false"><ele>57.9</ele></trkpt>
<trkpt lat="34.697984" lon="127.573759" sectionIndex="0" pointIndex="978" originalElevation="53.0" isOriginalElevationFromOSM="false" isAnchor="false"><ele>62.4</ele></trkpt>
<trkpt lat="34.697156" lon="127.573052" sectionIndex="0" pointIndex="979" originalElevation="70.0" isOriginalElevationFromOSM="false" isAnchor="false"><ele>67.3</ele></trkpt>
<trkpt lat="34.696948" lon="127.572781" sectionIndex="0" pointIndex="980" originalElevation="73.0" isOriginalElevationFromOSM="false" isAnchor="false"><ele>72.3</ele></trkpt>
<trkpt lat="34.696954" lon="127.572482" sectionIndex="0" pointIndex="981" originalElevation="78.0" isOriginalElevationFromOSM="false" isAnchor="false"><ele>77.4</ele></trkpt>
<trkpt lat="34.697413" lon="127.571670" sectionIndex="0" pointIndex="982" originalElevation="88.0" isOriginalElevationFromOSM="false" isAnchor="false"><ele>82.6</ele></trkpt>
<trkpt lat="34.697378" lon="127.571528" sectionIndex="0" pointIndex="983" originalElevation="90.0" isOriginalElevationFromOSM="false" isAnchor="false"><ele>87.9</ele></trkpt>
<trkpt lat="34.697018" lon="127.571196" sectionIndex="0" pointIndex="984" originalElevation="99.0" isOriginalElevationFromOSM="false" isAnchor="false"><ele>93.2</ele></trkpt>
<trkpt lat="34.696517" lon="127.571099" sectionIndex="0" pointIndex="985" originalElevation="103.0" isOriginalElevationFromOSM="false" isAnchor="false"><ele>98.4</ele></trkpt>
<trkpt lat="34.695959" lon="127.571148" sectionIndex="0" pointIndex="986" originalElevation="112.0" isOriginalElevationFromOSM="false" isAnchor="false"><ele>103.8</ele></trkpt>
<trkpt lat="34.695371" lon="127.570793" sectionIndex="0" pointIndex="987" originalElevation="120.0" isOriginalElevationFromOSM="false" isAnchor="false"><ele>109.3</ele></trkpt>
<trkpt lat="34.694810" lon="127.570489" sectionIndex="0" pointIndex="988" originalElevation="119.0" isOriginalElevationFromOSM="false" isAnchor="false"><ele>114.8</ele></trkpt>
<trkpt lat="34.694469" lon="127.570443" sectionIndex="0" pointIndex="989" originalElevation="121.0" isOriginalElevationFromOSM="false" isAnchor="false"><ele>120.4</ele></trkpt>
<trkpt lat="34.694213" lon="127.570581" sectionIndex="0" pointIndex="990" originalElevation="123.0" isOriginalElevationFromOSM="false" isAnchor="false"><ele>126.0</ele></trkpt>
<trkpt lat="34.693950" lon="127.570924" sectionIndex="0" pointIndex="991" originalElevation="125.0" isOriginalElevationFromOSM="false" isAnchor="false"><ele>131.6</ele></trkpt>
<trkpt lat="34.693296" lon="127.571047" sectionIndex="0" pointIndex="992" originalElevation="132.0" isOriginalElevationFromOSM="false" isAnchor="false"><ele>137.3</ele></trkpt>
<trkpt lat="34.692622" lon="127.571390" sectionIndex="0" pointIndex="993" originalElevation="134.0" isOriginalElevationFromOSM="false" isAnchor="false"><ele>143.2</ele></trkpt>
<trkpt lat="34.692150" lon="127.571769" sectionIndex="0" pointIndex="994" originalElevation="147.0" isOriginalElevationFromOSM="false" isAnchor="false"><ele>149.3</ele></trkpt>
<trkpt lat="34.692502" lon="127.571708" sectionIndex="0" pointIndex="995" originalElevation="150.0" isOriginalElevationFromOSM="false" isAnchor="false"><ele>155.5</ele></trkpt>
<trkpt lat="34.692760" lon="127.571821" sectionIndex="0" pointIndex="996" originalElevation="152.0" isOriginalElevationFromOSM="false" isAnchor="false"><ele>161.8</ele></trkpt>
<trkpt lat="34.693155" lon="127.572178" sectionIndex="0" pointIndex="997" originalElevation="159.0" isOriginalElevationFromOSM="false" isAnchor="false"><ele>168.3</ele></trkpt>
<trkpt lat="34.693197" lon="127.572281" sectionIndex="0" pointIndex="998" originalElevation="159.0" isOriginalElevationFromOSM="false" isAnchor="false"><ele>175.0</ele></trkpt>
<trkpt lat="34.693138" lon="127.572393" sectionIndex="0" pointIndex="999" originalElevation="159.0" isOriginalElevationFromOSM="false" isAnchor="false"><ele>181.7</ele></trkpt>
<trkpt lat="34.692482" lon="127.572396" sectionIndex="0" pointIndex="1000" originalElevation="173.0" isOriginalElevationFromOSM="false" isAnchor="false"><ele>188.5</ele></trkpt>
<trkpt lat="34.691628" lon="127.572909" sectionIndex="0" pointIndex="1001" originalElevation="194.0" isOriginalElevationFromOSM="false" isAnchor="false"><ele>195.4</ele></trkpt>
<trkpt lat="34.691085" lon="127.572840" sectionIndex="0" pointIndex="1002" originalElevation="209.0" isOriginalElevationFromOSM="false" isAnchor="false"><ele>202.4</ele></trkpt>
<trkpt lat="34.690679" lon="127.572925" sectionIndex="0" pointIndex="1003" originalElevation="222.0" isOriginalElevationFromOSM="false" isAnchor="false"><ele>209.3</ele></trkpt>
<trkpt lat="34.690151" lon="127.572433" sectionIndex="0" pointIndex="1004" originalElevation="231.0" isOriginalElevationFromOSM="false" isAnchor="false"><ele>216.2</ele></trkpt>
<trkpt lat="34.689510" lon="127.571592" sectionIndex="0" pointIndex="1005" originalElevation="226.0" isOriginalElevationFromOSM="false" isAnchor="false"><ele>222.9</ele></trkpt>
<trkpt lat="34.688842" lon="127.571276" sectionIndex="0" pointIndex="1006" originalElevation="233.0" isOriginalElevationFromOSM="false" isAnchor="false"><ele>229.3</ele></trkpt>
<trkpt lat="34.688297" lon="127.571500" sectionIndex="0" pointIndex="1007" originalElevation="247.0" isOriginalElevationFromOSM="false" isAnchor="false"><ele>235.4</ele></trkpt>
<trkpt lat="34.687468" lon="127.571612" sectionIndex="0" pointIndex="1008" originalElevation="262.0" isOriginalElevationFromOSM="false" isAnchor="false"><ele>241.0</ele></trkpt>
<trkpt lat="34.686934" lon="127.571812" sectionIndex="0" pointIndex="1009" originalElevation="270.0" isOriginalElevationFromOSM="false" isAnchor="false"><ele>246.1</ele></trkpt>
<trkpt lat="34.686594" lon="127.571723" sectionIndex="0" pointIndex="1010" originalElevation="271.0" isOriginalElevationFromOSM="false" isAnchor="false"><ele>250.6</ele></trkpt>
<trkpt lat="34.686004" lon="127.571434" sectionIndex="0" pointIndex="1011" originalElevation="268.0" isOriginalElevationFromOSM="false" isAnchor="false"><ele>254.7</ele></trkpt>
<trkpt lat="34.685910" lon="127.571275" sectionIndex="0" pointIndex="1012" originalElevation="268.0" isOriginalElevationFromOSM="false" isAnchor="false"><ele>258.1</ele></trkpt>
<trkpt lat="34.685270" lon="127.571024" sectionIndex="0" pointIndex="1013" originalElevation="269.0" isOriginalElevationFromOSM="false" isAnchor="false"><ele>260.7</ele></trkpt>
<trkpt lat="34.684748" lon="127.570520" sectionIndex="0" pointIndex="1014" originalElevation="270.0" isOriginalElevationFromOSM="false" isAnchor="false"><ele>262.7</ele></trkpt>
<trkpt lat="34.684412" lon="127.569825" sectionIndex="0" pointIndex="1015" originalElevation="266.0" isOriginalElevationFromOSM="false" isAnchor="false"><ele>264.0</ele></trkpt>
<trkpt lat="34.684062" lon="127.569106" sectionIndex="0" pointIndex="1016" originalElevation="284.0" isOriginalElevationFromOSM="false" isAnchor="false"><ele>264.6</ele></trkpt>
<trkpt lat="34.683908" lon="127.569082" sectionIndex="0" pointIndex="1017" originalElevation="294.0" isOriginalElevationFromOSM="false" isAnchor="false"><ele>264.2</ele></trkpt>
<trkpt lat="34.683814" lon="127.568939" sectionIndex="0" pointIndex="1018" originalElevation="301.0" isOriginalElevationFromOSM="false" isAnchor="false"><ele>263.0</ele></trkpt>
<trkpt lat="34.683887" lon="127.568773" sectionIndex="0" pointIndex="1019" originalElevation="300.0" isOriginalElevationFromOSM="false" isAnchor="false"><ele>261.0</ele></trkpt>
<trkpt lat="34.684101" lon="127.568643" sectionIndex="0" pointIndex="1020" originalElevation="289.0" isOriginalElevationFromOSM="false" isAnchor="false"><ele>258.1</ele></trkpt>
<trkpt lat="34.684343" lon="127.568072" sectionIndex="0" pointIndex="1021" originalElevation="273.0" isOriginalElevationFromOSM="false" isAnchor="false"><ele>254.7</ele></trkpt>
<trkpt lat="34.684054" lon="127.567795" sectionIndex="0" pointIndex="1022" originalElevation="267.0" isOriginalElevationFromOSM="false" isAnchor="false"><ele>250.6</ele></trkpt>
<trkpt lat="34.683725" lon="127.567647" sectionIndex="0" pointIndex="1023" originalElevation="254.0" isOriginalElevationFromOSM="false" isAnchor="false"><ele>245.7</ele></trkpt>
<trkpt lat="34.683497" lon="127.567900" sectionIndex="0" pointIndex="1024" originalElevation="245.0" isOriginalElevationFromOSM="false" isAnchor="false"><ele>240.3</ele></trkpt>
<trkpt lat="34.683244" lon="127.568189" sectionIndex="0" pointIndex="1025" originalElevation="242.0" isOriginalElevationFromOSM="false" isAnchor="false"><ele>234.2</ele></trkpt>
<trkpt lat="34.683028" lon="127.568305" sectionIndex="0" pointIndex="1026" originalElevation="242.0" isOriginalElevationFromOSM="false" isAnchor="false"><ele>227.6</ele></trkpt>
<trkpt lat="34.682081" lon="127.568371" sectionIndex="0" pointIndex="1027" originalElevation="230.0" isOriginalElevationFromOSM="false" isAnchor="false"><ele>220.7</ele></trkpt>
<trkpt lat="34.681646" lon="127.569003" sectionIndex="0" pointIndex="1028" originalElevation="214.0" isOriginalElevationFromOSM="false" isAnchor="false"><ele>213.4</ele></trkpt>
<trkpt lat="34.681502" lon="127.569391" sectionIndex="0" pointIndex="1029" originalElevation="204.0" isOriginalElevationFromOSM="false" isAnchor="false"><ele>205.8</ele></trkpt>
<trkpt lat="34.681369" lon="127.569676" sectionIndex="0" pointIndex="1030" originalElevation="204.0" isOriginalElevationFromOSM="false" isAnchor="false"><ele>198.0</ele></trkpt>
<trkpt lat="34.681437" lon="127.570074" sectionIndex="0" pointIndex="1031" originalElevation="204.0" isOriginalElevationFromOSM="false" isAnchor="false"><ele>190.2</ele></trkpt>
<trkpt lat="34.681510" lon="127.570710" sectionIndex="0" pointIndex="1032" originalElevation="181.0" isOriginalElevationFromOSM="false" isAnchor="false"><ele>182.2</ele></trkpt>
<trkpt lat="34.681428" lon="127.571031" sectionIndex="0" pointIndex="1033" originalElevation="171.0" isOriginalElevationFromOSM="false" isAnchor="false"><ele>174.2</ele></trkpt>
<trkpt lat="34.681072" lon="127.571435" sectionIndex="0" pointIndex="1034" originalElevation="157.0" isOriginalElevationFromOSM="false" isAnchor="false"><ele>166.3</ele></trkpt>
<trkpt lat="34.680791" lon="127.572054" sectionIndex="0" pointIndex="1035" originalElevation="146.0" isOriginalElevationFromOSM="false" isAnchor="false"><ele>158.6</ele></trkpt>
<trkpt lat="34.680702" lon="127.572609" sectionIndex="0" pointIndex="1036" originalElevation="142.0" isOriginalElevationFromOSM="false" isAnchor="false"><ele>151.1</ele></trkpt>
<trkpt lat="34.680539" lon="127.573082" sectionIndex="0" pointIndex="1037" originalElevation="137.0" isOriginalElevationFromOSM="false" isAnchor="false"><ele>144.1</ele></trkpt>
<trkpt lat="34.680639" lon="127.573648" sectionIndex="0" pointIndex="1038" originalElevation="132.0" isOriginalElevationFromOSM="false" isAnchor="false"><ele>137.4</ele></trkpt>
<trkpt lat="34.680343" lon="127.573998" sectionIndex="0" pointIndex="1039" originalElevation="126.0" isOriginalElevationFromOSM="false" isAnchor="false"><ele>131.1</ele></trkpt>
<trkpt lat="34.679970" lon="127.574202" sectionIndex="0" pointIndex="1040" originalElevation="113.0" isOriginalElevationFromOSM="false" isAnchor="false"><ele>125.3</ele></trkpt>
<trkpt lat="34.679690" lon="127.574123" sectionIndex="0" pointIndex="1041" originalElevation="100.0" isOriginalElevationFromOSM="false" isAnchor="false"><ele>120.0</ele></trkpt>
<trkpt lat="34.679615" lon="127.574355" sectionIndex="0" pointIndex="1042" originalElevation="92.0" isOriginalElevationFromOSM="false" isAnchor="false"><ele>115.1</ele></trkpt>
<trkpt lat="34.679433" lon="127.574872" sectionIndex="0" pointIndex="1043" originalElevation="88.0" isOriginalElevationFromOSM="false" isAnchor="false"><ele>110.8</ele></trkpt>
<trkpt lat="34.679800" lon="127.575439" sectionIndex="0" pointIndex="1044" originalElevation="85.0" isOriginalElevationFromOSM="false" isAnchor="false"><ele>107.1</ele></trkpt>
<trkpt lat="34.680524" lon="127.575986" sectionIndex="0" pointIndex="1045" originalElevation="89.0" isOriginalElevationFromOSM="false" isAnchor="false"><ele>104.0</ele></trkpt>
<trkpt lat="34.680637" lon="127.576206" sectionIndex="0" pointIndex="1046" originalElevation="89.0" isOriginalElevationFromOSM="false" isAnchor="false"><ele>101.4</ele></trkpt>
<trkpt lat="34.680627" lon="127.576341" sectionIndex="0" pointIndex="1047" originalElevation="90.0" isOriginalElevationFromOSM="false" isAnchor="false"><ele>99.5</ele></trkpt>
<trkpt lat="34.679344" lon="127.577573" sectionIndex="0" pointIndex="1048" originalElevation="89.0" isOriginalElevationFromOSM="false" isAnchor="false"><ele>98.3</ele></trkpt>
<trkpt lat="34.678803" lon="127.578271" sectionIndex="0" pointIndex="1049" originalElevation="89.0" isOriginalElevationFromOSM="false" isAnchor="false"><ele>97.7</ele></trkpt>
<trkpt lat="34.678788" lon="127.578793" sectionIndex="0" pointIndex="1050" originalElevation="87.3" isOriginalElevationFromOSM="false" isAnchor="false"><ele>97.7</ele></trkpt>
<trkpt lat="34.678802" lon="127.578902" sectionIndex="0" pointIndex="1051" originalElevation="84.1" isOriginalElevationFromOSM="false" isAnchor="false"><ele>98.3</ele></trkpt>
<trkpt lat="34.678772" lon="127.578872" sectionIndex="0" pointIndex="1052" originalElevation="87.0" isOriginalElevationFromOSM="false" isAnchor="false"><ele>99.5</ele></trkpt>
<trkpt lat="34.678465" lon="127.578885" sectionIndex="0" pointIndex="1053" originalElevation="87.0" isOriginalElevationFromOSM="false" isAnchor="false"><ele>101.2</ele></trkpt>
<trkpt lat="34.678277" lon="127.579130" sectionIndex="0" pointIndex="1054" originalElevation="88.0" isOriginalElevationFromOSM="false" isAnchor="false"><ele>103.5</ele></trkpt>
<trkpt lat="34.677968" lon="127.579265" sectionIndex="0" pointIndex="1055" originalElevation="94.0" isOriginalElevationFromOSM="false" isAnchor="false"><ele>106.5</ele></trkpt>
<trkpt lat="34.677878" lon="127.579426" sectionIndex="0" pointIndex="1056" originalElevation="98.0" isOriginalElevationFromOSM="false" isAnchor="false"><ele>110.1</ele></trkpt>
<trkpt lat="34.677867" lon="127.579709" sectionIndex="0" pointIndex="1057" originalElevation="100.0" isOriginalElevationFromOSM="false" isAnchor="false"><ele>114.3</ele></trkpt>
<trkpt lat="34.677638" lon="127.579857" sectionIndex="0" pointIndex="1058" originalElevation="102.0" isOriginalElevationFromOSM="false" isAnchor="false"><ele>119.0</ele></trkpt>
<trkpt lat="34.677299" lon="127.579793" sectionIndex="0" pointIndex="1059" originalElevation="104.0" isOriginalElevationFromOSM="false" isAnchor="false"><ele>124.2</ele></trkpt>
<trkpt lat="34.676315" lon="127.579277" sectionIndex="0" pointIndex="1060" originalElevation="118.0" isOriginalElevationFromOSM="false" isAnchor="false"><ele>129.8</ele></trkpt>
<trkpt lat="34.675756" lon="127.579094" sectionIndex="0" pointIndex="1061" originalElevation="125.0" isOriginalElevationFromOSM="false" isAnchor="false"><ele>135.4</ele></trkpt>
<trkpt lat="34.674897" lon="127.580184" sectionIndex="0" pointIndex="1062" originalElevation="136.0" isOriginalElevationFromOSM="false" isAnchor="false"><ele>141.2</ele></trkpt>
<trkpt lat="34.674546" lon="127.580136" sectionIndex="0" pointIndex="1063" originalElevation="145.0" isOriginalElevationFromOSM="false" isAnchor="false"><ele>147.2</ele></trkpt>
<trkpt lat="34.674198" lon="127.580233" sectionIndex="0" pointIndex="1064" originalElevation="152.0" isOriginalElevationFromOSM="false" isAnchor="false"><ele>153.2</ele></trkpt>
<trkpt lat="34.673926" lon="127.580107" sectionIndex="0" pointIndex="1065" originalElevation="155.0" isOriginalElevationFromOSM="false" isAnchor="false"><ele>159.2</ele></trkpt>
<trkpt lat="34.673718" lon="127.580140" sectionIndex="0" pointIndex="1066" originalElevation="161.0" isOriginalElevationFromOSM="false" isAnchor="false"><ele>165.1</ele></trkpt>
<trkpt lat="34.673377" lon="127.580532" sectionIndex="0" pointIndex="1067" originalElevation="173.0" isOriginalElevationFromOSM="false" isAnchor="false"><ele>170.8</ele></trkpt>
<trkpt lat="34.673166" lon="127.580570" sectionIndex="0" pointIndex="1068" originalElevation="177.0" isOriginalElevationFromOSM="false" isAnchor="false"><ele>176.2</ele></trkpt>
<trkpt lat="34.672444" lon="127.581125" sectionIndex="0" pointIndex="1069" originalElevation="198.0" isOriginalElevationFromOSM="false" isAnchor="false"><ele>181.2</ele></trkpt>
<trkpt lat="34.671911" lon="127.581056" sectionIndex="0" pointIndex="1070" originalElevation="212.0" isOriginalElevationFromOSM="false" isAnchor="false"><ele>186.1</ele></trkpt>
<trkpt lat="34.671564" lon="127.580666" sectionIndex="0" pointIndex="1071" originalElevation="224.0" isOriginalElevationFromOSM="false" isAnchor="false"><ele>190.7</ele></trkpt>
<trkpt lat="34.671323" lon="127.580522" sectionIndex="0" pointIndex="1072" originalElevation="230.0" isOriginalElevationFromOSM="false" isAnchor="false"><ele>194.9</ele></trkpt>
<trkpt lat="34.671215" lon="127.580815" sectionIndex="0" pointIndex="1073" originalElevation="232.0" isOriginalElevationFromOSM="false" isAnchor="false"><ele>198.9</ele></trkpt>
<trkpt lat="34.670910" lon="127.581235" sectionIndex="0" pointIndex="1074" originalElevation="243.0" isOriginalElevationFromOSM="false" isAnchor="false"><ele>202.9</ele></trkpt>
<trkpt lat="34.670652" lon="127.581417" sectionIndex="0" pointIndex="1075" originalElevation="242.0" isOriginalElevationFromOSM="false" isAnchor="false"><ele>206.8</ele></trkpt>
<trkpt lat="34.670652" lon="127.581417" sectionIndex="0" pointIndex="1076" originalElevation="197.0" isOriginalElevationFromOSM="false" isAnchor="false"><ele>210.7</ele></trkpt>
<trkpt lat="34.670614" lon="127.581446" sectionIndex="0" pointIndex="1077" originalElevation="197.0" isOriginalElevationFromOSM="false" isAnchor="false"><ele>214.7</ele></trkpt>
<trkpt lat="34.670583" lon="127.581469" sectionIndex="0" pointIndex="1078" originalElevation="197.0" isOriginalElevationFromOSM="false" isAnchor="false"><ele>218.7</ele></trkpt>
<trkpt lat="34.670583" lon="127.581469" sectionIndex="0" pointIndex="1079" originalElevation="197.0" isOriginalElevationFromOSM="false" isAnchor="false"><ele>222.9</ele></trkpt>
<trkpt lat="34.670578" lon="127.581488" sectionIndex="0" pointIndex="1080" originalElevation="197.0" isOriginalElevationFromOSM="false" isAnchor="false"><ele>227.4</ele></trkpt>
<trkpt lat="34.670578" lon="127.581488" sectionIndex="0" pointIndex="1081" originalElevation="197.0" isOriginalElevationFromOSM="false" isAnchor="false"><ele>232.2</ele></trkpt>
<trkpt lat="34.670580" lon="127.581529" sectionIndex="0" pointIndex="1082" originalElevation="197.0" isOriginalElevationFromOSM="false" isAnchor="false"><ele>237.1</ele></trkpt>
<trkpt lat="34.670580" lon="127.581529" sectionIndex="0" pointIndex="1083" originalElevation="197.0" isOriginalElevationFromOSM="false" isAnchor="false"><ele>242.3</ele></trkpt>
<trkpt lat="34.670589" lon="127.581559" sectionIndex="0" pointIndex="1084" originalElevation="197.0" isOriginalElevationFromOSM="false" isAnchor="false"><ele>247.7</ele></trkpt>
<trkpt lat="34.670595" lon="127.581574" sectionIndex="0" pointIndex="1085" originalElevation="243.3" isOriginalElevationFromOSM="false" isAnchor="false"><ele>253.1</ele></trkpt>
<trkpt lat="34.670731" lon="127.581808" sectionIndex="0" pointIndex="1086" originalElevation="255.0" isOriginalElevationFromOSM="false" isAnchor="false"><ele>258.3</ele></trkpt>
<trkpt lat="34.670920" lon="127.582088" sectionIndex="0" pointIndex="1087" originalElevation="264.0" isOriginalElevationFromOSM="false" isAnchor="false"><ele>263.6</ele></trkpt>
<trkpt lat="34.670757" lon="127.582877" sectionIndex="0" pointIndex="1088" originalElevation="277.0" isOriginalElevationFromOSM="false" isAnchor="false"><ele>268.6</ele></trkpt>
<trkpt lat="34.670653" lon="127.583879" sectionIndex="0" pointIndex="1089" originalElevation="318.0" isOriginalElevationFromOSM="false" isAnchor="false"><ele>273.4</ele></trkpt>
<trkpt lat="34.670955" lon="127.584123" sectionIndex="0" pointIndex="1090" originalElevation="334.0" isOriginalElevationFromOSM="false" isAnchor="false"><ele>277.6</ele></trkpt>
<trkpt lat="34.671088" lon="127.584372" sectionIndex="0" pointIndex="1091" originalElevation="340.0" isOriginalElevationFromOSM="false" isAnchor="false"><ele>281.3</ele></trkpt>
<trkpt lat="34.670968" lon="127.584544" sectionIndex="0" pointIndex="1092" originalElevation="340.0" isOriginalElevationFromOSM="false" isAnchor="false"><ele>284.7</ele></trkpt>
<trkpt lat="34.670722" lon="127.584642" sectionIndex="0" pointIndex="1093" originalElevation="336.0" isOriginalElevationFromOSM="false" isAnchor="false"><ele>287.3</ele></trkpt>
<trkpt lat="34.670423" lon="127.584604" sectionIndex="0" pointIndex="1094" originalElevation="326.0" isOriginalElevationFromOSM="false" isAnchor="false"><ele>289.2</ele></trkpt>
<trkpt lat="34.670193" lon="127.584950" sectionIndex="0" pointIndex="1095" originalElevation="323.0" isOriginalElevationFromOSM="false" isAnchor="false"><ele>290.3</ele></trkpt>
<trkpt lat="34.669471" lon="127.585134" sectionIndex="0" pointIndex="1096" originalElevation="307.0" isOriginalElevationFromOSM="false" isAnchor="false"><ele>290.8</ele></trkpt>
<trkpt lat="34.669080" lon="127.585407" sectionIndex="0" pointIndex="1097" originalElevation="295.0" isOriginalElevationFromOSM="false" isAnchor="false"><ele>290.7</ele></trkpt>
<trkpt lat="34.668929" lon="127.585253" sectionIndex="0" pointIndex="1098" originalElevation="286.0" isOriginalElevationFromOSM="false" isAnchor="false"><ele>290.2</ele></trkpt>
<trkpt lat="34.668694" lon="127.585336" sectionIndex="0" pointIndex="1099" originalElevation="281.0" isOriginalElevationFromOSM="false" isAnchor="false"><ele>289.2</ele></trkpt>
<trkpt lat="34.668586" lon="127.584711" sectionIndex="0" pointIndex="1100" originalElevation="266.0" isOriginalElevationFromOSM="false" isAnchor="false"><ele>287.9</ele></trkpt>
<trkpt lat="34.668228" lon="127.584450" sectionIndex="0" pointIndex="1101" originalElevation="259.4" isOriginalElevationFromOSM="false" isAnchor="false"><ele>286.1</ele></trkpt>
<trkpt lat="34.668228" lon="127.584450" sectionIndex="0" pointIndex="1102" originalElevation="274.0" isOriginalElevationFromOSM="false" isAnchor="false"><ele>284.3</ele></trkpt>
<trkpt lat="34.668235" lon="127.584396" sectionIndex="0" pointIndex="1103" originalElevation="274.0" isOriginalElevationFromOSM="false" isAnchor="false"><ele>282.4</ele></trkpt>
<trkpt lat="34.668242" lon="127.584342" sectionIndex="0" pointIndex="1104" originalElevation="274.0" isOriginalElevationFromOSM="false" isAnchor="false"><ele>280.6</ele></trkpt>
<trkpt lat="34.668249" lon="127.584288" sectionIndex="0" pointIndex="1105" originalElevation="274.0" isOriginalElevationFromOSM="false" isAnchor="false"><ele>278.7</ele></trkpt>
<trkpt lat="34.668256" lon="127.584234" sectionIndex="0" pointIndex="1106" originalElevation="274.0" isOriginalElevationFromOSM="false" isAnchor="false"><ele>276.9</ele></trkpt>
<trkpt lat="34.668263" lon="127.584180" sectionIndex="0" pointIndex="1107" originalElevation="274.0" isOriginalElevationFromOSM="false" isAnchor="false"><ele>275.4</ele></trkpt>
<trkpt lat="34.668265" lon="127.584162" sectionIndex="0" pointIndex="1108" originalElevation="270.0" isOriginalElevationFromOSM="false" isAnchor="false"><ele>274.1</ele></trkpt>
<trkpt lat="34.668265" lon="127.584162" sectionIndex="0" pointIndex="1109" originalElevation="270.0" isOriginalElevationFromOSM="false" isAnchor="false"><ele>273.0</ele></trkpt>
<trkpt lat="34.668257" lon="127.584108" sectionIndex="0" pointIndex="1110" originalElevation="270.0" isOriginalElevationFromOSM="false" isAnchor="false"><ele>272.1</ele></trkpt>
<trkpt lat="34.668249" lon="127.584055" sectionIndex="0" pointIndex="1111" originalElevation="270.0" isOriginalElevationFromOSM="false" isAnchor="false"><ele>271.5</ele></trkpt>
<trkpt lat="34.668241" lon="127.584001" sectionIndex="0" pointIndex="1112" originalElevation="270.0" isOriginalElevationFromOSM="false" isAnchor="false"><ele>271.0</ele></trkpt>
<trkpt lat="34.668233" lon="127.583947" sectionIndex="0" pointIndex="1113" originalElevation="270.0" isOriginalElevationFromOSM="false" isAnchor="false"><ele>270.5</ele></trkpt>
<trkpt lat="34.668228" lon="127.583911" sectionIndex="0" pointIndex="1114" originalElevation="270.0" isOriginalElevationFromOSM="false" isAnchor="false"><ele>270.0</ele></trkpt>
<trkpt lat="34.668228" lon="127.583911" sectionIndex="0" pointIndex="1115" originalElevation="270.0" isOriginalElevationFromOSM="false" isAnchor="false"><ele>269.5</ele></trkpt>
<trkpt lat="34.668209" lon="127.583861" sectionIndex="0" pointIndex="1116" originalElevation="270.0" isOriginalElevationFromOSM="false" isAnchor="false"><ele>269.0</ele></trkpt>
<trkpt lat="34.668191" lon="127.583811" sectionIndex="0" pointIndex="1117" originalElevation="270.0" isOriginalElevationFromOSM="false" isAnchor="false"><ele>268.5</ele></trkpt>
<trkpt lat="34.668173" lon="127.583761" sectionIndex="0" pointIndex="1118" originalElevation="270.0" isOriginalElevationFromOSM="false" isAnchor="false"><ele>267.7</ele></trkpt>
<trkpt lat="34.668154" lon="127.583711" sectionIndex="0" pointIndex="1119" originalElevation="270.0" isOriginalElevationFromOSM="false" isAnchor="false"><ele>266.9</ele></trkpt>
<trkpt lat="34.668136" lon="127.583661" sectionIndex="0" pointIndex="1120" originalElevation="270.0" isOriginalElevationFromOSM="false" isAnchor="false"><ele>265.9</ele></trkpt>
<trkpt lat="34.668118" lon="127.583611" sectionIndex="0" pointIndex="1121" originalElevation="270.0" isOriginalElevationFromOSM="false" isAnchor="false"><ele>264.8</ele></trkpt>
<trkpt lat="34.668100" lon="127.583561" sectionIndex="0" pointIndex="1122" originalElevation="270.0" isOriginalElevationFromOSM="false" isAnchor="false"><ele>263.6</ele></trkpt>
<trkpt lat="34.668081" lon="127.583511" sectionIndex="0" pointIndex="1123" originalElevation="270.0" isOriginalElevationFromOSM="false" isAnchor="false"><ele>262.3</ele></trkpt>
<trkpt lat="34.668063" lon="127.583462" sectionIndex="0" pointIndex="1124" originalElevation="270.0" isOriginalElevationFromOSM="false" isAnchor="false"><ele>260.9</ele></trkpt>
<trkpt lat="34.668045" lon="127.583413" sectionIndex="0" pointIndex="1125" originalElevation="270.0" isOriginalElevationFromOSM="false" isAnchor="false"><ele>259.4</ele></trkpt>
<trkpt lat="34.668045" lon="127.583413" sectionIndex="0" pointIndex="1126" originalElevation="270.0" isOriginalElevationFromOSM="false" isAnchor="false"><ele>257.9</ele></trkpt>
<trkpt lat="34.668018" lon="127.583370" sectionIndex="0" pointIndex="1127" originalElevation="270.0" isOriginalElevationFromOSM="false" isAnchor="false"><ele>256.3</ele></trkpt>
<trkpt lat="34.667991" lon="127.583326" sectionIndex="0" pointIndex="1128" originalElevation="241.0" isOriginalElevationFromOSM="false" isAnchor="false"><ele>254.7</ele></trkpt>
<trkpt lat="34.667963" lon="127.583283" sectionIndex="0" pointIndex="1129" originalElevation="241.0" isOriginalElevationFromOSM="false" isAnchor="false"><ele>253.1</ele></trkpt>
<trkpt lat="34.667936" lon="127.583239" sectionIndex="0" pointIndex="1130" originalElevation="241.0" isOriginalElevationFromOSM="false" isAnchor="false"><ele>251.6</ele></trkpt>
<trkpt lat="34.667909" lon="127.583196" sectionIndex="0" pointIndex="1131" originalElevation="241.0" isOriginalElevationFromOSM="false" isAnchor="false"><ele>250.1</ele></trkpt>
<trkpt lat="34.667882" lon="127.583152" sectionIndex="0" pointIndex="1132" originalElevation="241.0" isOriginalElevationFromOSM="false" isAnchor="false"><ele>248.8</ele></trkpt>
<trkpt lat="34.667854" lon="127.583109" sectionIndex="0" pointIndex="1133" originalElevation="241.0" isOriginalElevationFromOSM="false" isAnchor="false"><ele>247.7</ele></trkpt>
<trkpt lat="34.667827" lon="127.583065" sectionIndex="0" pointIndex="1134" originalElevation="241.0" isOriginalElevationFromOSM="false" isAnchor="false"><ele>246.8</ele></trkpt>
<trkpt lat="34.667808" lon="127.583035" sectionIndex="0" pointIndex="1135" originalElevation="241.0" isOriginalElevationFromOSM="false" isAnchor="false"><ele>246.1</ele></trkpt>
<trkpt lat="34.667808" lon="127.583035" sectionIndex="0" pointIndex="1136" originalElevation="241.0" isOriginalElevationFromOSM="false" isAnchor="false"><ele>245.6</ele></trkpt>
<trkpt lat="34.667778" lon="127.582994" sectionIndex="0" pointIndex="1137" originalElevation="241.0" isOriginalElevationFromOSM="false" isAnchor="false"><ele>245.1</ele></trkpt>
<trkpt lat="34.667748" lon="127.582954" sectionIndex="0" pointIndex="1138" originalElevation="241.0" isOriginalElevationFromOSM="false" isAnchor="false"><ele>244.7</ele></trkpt>
<trkpt lat="34.667718" lon="127.582913" sectionIndex="0" pointIndex="1139" originalElevation="241.0" isOriginalElevationFromOSM="false" isAnchor="false"><ele>244.5</ele></trkpt>
<trkpt lat="34.667688" lon="127.582872" sectionIndex="0" pointIndex="1140" originalElevation="241.0" isOriginalElevationFromOSM="false" isAnchor="false"><ele>244.3</ele></trkpt>
<trkpt lat="34.667659" lon="127.582831" sectionIndex="0" pointIndex="1141" originalElevation="241.0" isOriginalElevationFromOSM="false" isAnchor="false"><ele>244.3</ele></trkpt>
<trkpt lat="34.667629" lon="127.582790" sectionIndex="0" pointIndex="1142" originalElevation="241.0" isOriginalElevationFromOSM="false" isAnchor="false"><ele>244.4</ele></trkpt>
<trkpt lat="34.667599" lon="127.582750" sectionIndex="0" pointIndex="1143" originalElevation="241.0" isOriginalElevationFromOSM="false" isAnchor="false"><ele>244.4</ele></trkpt>
<trkpt lat="34.667569" lon="127.582709" sectionIndex="0" pointIndex="1144" originalElevation="241.0" isOriginalElevationFromOSM="false" isAnchor="false"><ele>244.7</ele></trkpt>
<trkpt lat="34.667539" lon="127.582668" sectionIndex="0" pointIndex="1145" originalElevation="241.0" isOriginalElevationFromOSM="false" isAnchor="false"><ele>244.8</ele></trkpt>
<trkpt lat="34.667509" lon="127.582627" sectionIndex="0" pointIndex="1146" originalElevation="241.0" isOriginalElevationFromOSM="false" isAnchor="false"><ele>244.9</ele></trkpt>
<trkpt lat="34.667492" lon="127.582605" sectionIndex="0" pointIndex="1147" originalElevation="261.0" isOriginalElevationFromOSM="false" isAnchor="false"><ele>244.9</ele></trkpt>
<trkpt lat="34.667492" lon="127.582605" sectionIndex="0" pointIndex="1148" originalElevation="261.0" isOriginalElevationFromOSM="false" isAnchor="false"><ele>244.8</ele></trkpt>
<trkpt lat="34.667457" lon="127.582572" sectionIndex="0" pointIndex="1149" originalElevation="261.0" isOriginalElevationFromOSM="false" isAnchor="false"><ele>244.6</ele></trkpt>
<trkpt lat="34.667421" lon="127.582539" sectionIndex="0" pointIndex="1150" originalElevation="261.0" isOriginalElevationFromOSM="false" isAnchor="false"><ele>244.3</ele></trkpt>
<trkpt lat="34.667385" lon="127.582506" sectionIndex="0" pointIndex="1151" originalElevation="261.0" isOriginalElevationFromOSM="false" isAnchor="false"><ele>243.9</ele></trkpt>
<trkpt lat="34.667349" lon="127.582473" sectionIndex="0" pointIndex="1152" originalElevation="236.0" isOriginalElevationFromOSM="false" isAnchor="false"><ele>243.4</ele></trkpt>
<trkpt lat="34.667313" lon="127.582441" sectionIndex="0" pointIndex="1153" originalElevation="236.0" isOriginalElevationFromOSM="false" isAnchor="false"><ele>242.8</ele></trkpt>
<trkpt lat="34.667277" lon="127.582408" sectionIndex="0" pointIndex="1154" originalElevation="236.0" isOriginalElevationFromOSM="false" isAnchor="false"><ele>242.2</ele></trkpt>
<trkpt lat="34.667241" lon="127.582375" sectionIndex="0" pointIndex="1155" originalElevation="236.0" isOriginalElevationFromOSM="false" isAnchor="false"><ele>241.6</ele></trkpt>
<trkpt lat="34.667205" lon="127.582342" sectionIndex="0" pointIndex="1156" originalElevation="236.0" isOriginalElevationFromOSM="false" isAnchor="false"><ele>240.9</ele></trkpt>
<trkpt lat="34.667201" lon="127.582338" sectionIndex="0" pointIndex="1157" originalElevation="236.0" isOriginalElevationFromOSM="false" isAnchor="false"><ele>240.2</ele></trkpt>
<trkpt lat="34.667201" lon="127.582338" sectionIndex="0" pointIndex="1158" originalElevation="236.0" isOriginalElevationFromOSM="false" isAnchor="false"><ele>239.6</ele></trkpt>
<trkpt lat="34.667166" lon="127.582303" sectionIndex="0" pointIndex="1159" originalElevation="236.0" isOriginalElevationFromOSM="false" isAnchor="false"><ele>239.0</ele></trkpt>
<trkpt lat="34.667132" lon="127.582268" sectionIndex="0" pointIndex="1160" originalElevation="236.0" isOriginalElevationFromOSM="false" isAnchor="false"><ele>238.5</ele></trkpt>
<trkpt lat="34.667097" lon="127.582234" sectionIndex="0" pointIndex="1161" originalElevation="236.0" isOriginalElevationFromOSM="false" isAnchor="false"><ele>238.0</ele></trkpt>
<trkpt lat="34.667062" lon="127.582199" sectionIndex="0" pointIndex="1162" originalElevation="236.0" isOriginalElevationFromOSM="false" isAnchor="false"><ele>237.4</ele></trkpt>
<trkpt lat="34.667028" lon="127.582164" sectionIndex="0" pointIndex="1163" originalElevation="236.0" isOriginalElevationFromOSM="false" isAnchor="false"><ele>236.7</ele></trkpt>
<trkpt lat="34.666993" lon="127.582129" sectionIndex="0" pointIndex="1164" originalElevation="236.0" isOriginalElevationFromOSM="false" isAnchor="false"><ele>236.0</ele></trkpt>
<trkpt lat="34.666961" lon="127.582096" sectionIndex="0" pointIndex="1165" originalElevation="236.0" isOriginalElevationFromOSM="false" isAnchor="false"><ele>235.4</ele></trkpt>
<trkpt lat="34.666961" lon="127.582096" sectionIndex="0" pointIndex="1166" originalElevation="236.0" isOriginalElevationFromOSM="false" isAnchor="false"><ele>234.7</ele></trkpt>
<trkpt lat="34.666936" lon="127.582051" sectionIndex="0" pointIndex="1167" originalElevation="236.0" isOriginalElevationFromOSM="false" isAnchor="false"><ele>233.9</ele></trkpt>
<trkpt lat="34.666911" lon="127.582005" sectionIndex="0" pointIndex="1168" originalElevation="236.0" isOriginalElevationFromOSM="false" isAnchor="false"><ele>233.2</ele></trkpt>
<trkpt lat="34.666887" lon="127.581960" sectionIndex="0" pointIndex="1169" originalElevation="236.0" isOriginalElevationFromOSM="false" isAnchor="false"><ele>232.4</ele></trkpt>
<trkpt lat="34.666862" lon="127.581914" sectionIndex="0" pointIndex="1170" originalElevation="236.0" isOriginalElevationFromOSM="false" isAnchor="false"><ele>231.5</ele></trkpt>
<trkpt lat="34.666837" lon="127.581868" sectionIndex="0" pointIndex="1171" originalElevation="236.0" isOriginalElevationFromOSM="false" isAnchor="false"><ele>230.5</ele></trkpt>
<trkpt lat="34.666812" lon="127.581823" sectionIndex="0" pointIndex="1172" originalElevation="236.0" isOriginalElevationFromOSM="false" isAnchor="false"><ele>229.4</ele></trkpt>
<trkpt lat="34.666788" lon="127.581777" sectionIndex="0" pointIndex="1173" originalElevation="236.0" isOriginalElevationFromOSM="false" isAnchor="false"><ele>228.1</ele></trkpt>
<trkpt lat="34.666771" lon="127.581746" sectionIndex="0" pointIndex="1174" originalElevation="236.0" isOriginalElevationFromOSM="false" isAnchor="false"><ele>226.8</ele></trkpt>
<trkpt lat="34.666771" lon="127.581746" sectionIndex="0" pointIndex="1175" originalElevation="236.0" isOriginalElevationFromOSM="false" isAnchor="false"><ele>225.4</ele></trkpt>
<trkpt lat="34.666756" lon="127.581695" sectionIndex="0" pointIndex="1176" originalElevation="236.0" isOriginalElevationFromOSM="false" isAnchor="false"><ele>224.0</ele></trkpt>
<trkpt lat="34.666741" lon="127.581643" sectionIndex="0" pointIndex="1177" originalElevation="212.0" isOriginalElevationFromOSM="false" isAnchor="false"><ele>222.5</ele></trkpt>
<trkpt lat="34.666726" lon="127.581592" sectionIndex="0" pointIndex="1178" originalElevation="212.0" isOriginalElevationFromOSM="false" isAnchor="false"><ele>221.1</ele></trkpt>
<trkpt lat="34.666711" lon="127.581540" sectionIndex="0" pointIndex="1179" originalElevation="212.0" isOriginalElevationFromOSM="false" isAnchor="false"><ele>219.6</ele></trkpt>
<trkpt lat="34.666695" lon="127.581489" sectionIndex="0" pointIndex="1180" originalElevation="212.0" isOriginalElevationFromOSM="false" isAnchor="false"><ele>218.3</ele></trkpt>
<trkpt lat="34.666680" lon="127.581437" sectionIndex="0" pointIndex="1181" originalElevation="212.0" isOriginalElevationFromOSM="false" isAnchor="false"><ele>216.9</ele></trkpt>
<trkpt lat="34.666665" lon="127.581386" sectionIndex="0" pointIndex="1182" originalElevation="209.0" isOriginalElevationFromOSM="false" isAnchor="false"><ele>215.7</ele></trkpt>
<trkpt lat="34.666650" lon="127.581334" sectionIndex="0" pointIndex="1183" originalElevation="209.0" isOriginalElevationFromOSM="false" isAnchor="false"><ele>214.6</ele></trkpt>
<trkpt lat="34.666635" lon="127.581283" sectionIndex="0" pointIndex="1184" originalElevation="209.0" isOriginalElevationFromOSM="false" isAnchor="false"><ele>213.6</ele></trkpt>
<trkpt lat="34.666629" lon="127.581262" sectionIndex="0" pointIndex="1185" originalElevation="209.0" isOriginalElevationFromOSM="false" isAnchor="false"><ele>212.5</ele></trkpt>
<trkpt lat="34.666629" lon="127.581262" sectionIndex="0" pointIndex="1186" originalElevation="209.0" isOriginalElevationFromOSM="false" isAnchor="false"><ele>211.5</ele></trkpt>
<trkpt lat="34.666602" lon="127.581218" sectionIndex="0" pointIndex="1187" originalElevation="209.0" isOriginalElevationFromOSM="false" isAnchor="false"><ele>210.6</ele></trkpt>
<trkpt lat="34.666576" lon="127.581174" sectionIndex="0" pointIndex="1188" originalElevation="209.0" isOriginalElevationFromOSM="false" isAnchor="false"><ele>209.8</ele></trkpt>
<trkpt lat="34.666549" lon="127.581130" sectionIndex="0" pointIndex="1189" originalElevation="209.0" isOriginalElevationFromOSM="false" isAnchor="false"><ele>208.9</ele></trkpt>
<trkpt lat="34.666522" lon="127.581086" sectionIndex="0" pointIndex="1190" originalElevation="209.0" isOriginalElevationFromOSM="false" isAnchor="false"><ele>208.1</ele></trkpt>
<trkpt lat="34.666496" lon="127.581042" sectionIndex="0" pointIndex="1191" originalElevation="209.0" isOriginalElevationFromOSM="false" isAnchor="false"><ele>207.3</ele></trkpt>
<trkpt lat="34.666469" lon="127.580998" sectionIndex="0" pointIndex="1192" originalElevation="209.0" isOriginalElevationFromOSM="false" isAnchor="false"><ele>206.4</ele></trkpt>
<trkpt lat="34.666442" lon="127.580954" sectionIndex="0" pointIndex="1193" originalElevation="209.0" isOriginalElevationFromOSM="false" isAnchor="false"><ele>205.7</ele></trkpt>
<trkpt lat="34.666437" lon="127.580945" sectionIndex="0" pointIndex="1194" originalElevation="209.0" isOriginalElevationFromOSM="false" isAnchor="false"><ele>204.9</ele></trkpt>
<trkpt lat="34.666437" lon="127.580945" sectionIndex="0" pointIndex="1195" originalElevation="209.0" isOriginalElevationFromOSM="false" isAnchor="false"><ele>204.0</ele></trkpt>
<trkpt lat="34.666397" lon="127.580920" sectionIndex="0" pointIndex="1196" originalElevation="209.0" isOriginalElevationFromOSM="false" isAnchor="false"><ele>202.9</ele></trkpt>
<trkpt lat="34.666357" lon="127.580895" sectionIndex="0" pointIndex="1197" originalElevation="209.0" isOriginalElevationFromOSM="false" isAnchor="false"><ele>201.6</ele></trkpt>
<trkpt lat="34.666317" lon="127.580870" sectionIndex="0" pointIndex="1198" originalElevation="209.0" isOriginalElevationFromOSM="false" isAnchor="false"><ele>200.3</ele></trkpt>
<trkpt lat="34.666276" lon="127.580845" sectionIndex="0" pointIndex="1199" originalElevation="209.0" isOriginalElevationFromOSM="false" isAnchor="false"><ele>198.8</ele></trkpt>
<trkpt lat="34.666236" lon="127.580821" sectionIndex="0" pointIndex="1200" originalElevation="190.0" isOriginalElevationFromOSM="false" isAnchor="false"><ele>197.4</ele></trkpt>
<trkpt lat="34.666196" lon="127.580796" sectionIndex="0" pointIndex="1201" originalElevation="190.0" isOriginalElevationFromOSM="false" isAnchor="false"><ele>195.9</ele></trkpt>
<trkpt lat="34.666160" lon="127.580773" sectionIndex="0" pointIndex="1202" originalElevation="190.0" isOriginalElevationFromOSM="false" isAnchor="false"><ele>194.4</ele></trkpt>
<trkpt lat="34.666160" lon="127.580773" sectionIndex="0" pointIndex="1203" originalElevation="190.0" isOriginalElevationFromOSM="false" isAnchor="false"><ele>192.9</ele></trkpt>
<trkpt lat="34.666115" lon="127.580774" sectionIndex="0" pointIndex="1204" originalElevation="190.0" isOriginalElevationFromOSM="false" isAnchor="false"><ele>191.4</ele></trkpt>
<trkpt lat="34.666070" lon="127.580774" sectionIndex="0" pointIndex="1205" originalElevation="190.0" isOriginalElevationFromOSM="false" isAnchor="false"><ele>190.0</ele></trkpt>
<trkpt lat="34.666025" lon="127.580774" sectionIndex="0" pointIndex="1206" originalElevation="190.0" isOriginalElevationFromOSM="false" isAnchor="false"><ele>188.5</ele></trkpt>
<trkpt lat="34.665980" lon="127.580774" sectionIndex="0" pointIndex="1207" originalElevation="190.0" isOriginalElevationFromOSM="false" isAnchor="false"><ele>187.2</ele></trkpt>
<trkpt lat="34.665936" lon="127.580774" sectionIndex="0" pointIndex="1208" originalElevation="190.0" isOriginalElevationFromOSM="false" isAnchor="false"><ele>185.9</ele></trkpt>
<trkpt lat="34.665891" lon="127.580774" sectionIndex="0" pointIndex="1209" originalElevation="190.0" isOriginalElevationFromOSM="false" isAnchor="false"><ele>184.8</ele></trkpt>
<trkpt lat="34.665846" lon="127.580774" sectionIndex="0" pointIndex="1210" originalElevation="190.0" isOriginalElevationFromOSM="false" isAnchor="false"><ele>183.8</ele></trkpt>
<trkpt lat="34.665809" lon="127.580774" sectionIndex="0" pointIndex="1211" originalElevation="163.0" isOriginalElevationFromOSM="false" isAnchor="false"><ele>182.9</ele></trkpt>
<trkpt lat="34.665809" lon="127.580774" sectionIndex="0" pointIndex="1212" originalElevation="163.0" isOriginalElevationFromOSM="false" isAnchor="false"><ele>182.1</ele></trkpt>
<trkpt lat="34.665768" lon="127.580796" sectionIndex="0" pointIndex="1213" originalElevation="163.0" isOriginalElevationFromOSM="false" isAnchor="false"><ele>181.5</ele></trkpt>
<trkpt lat="34.665727" lon="127.580818" sectionIndex="0" pointIndex="1214" originalElevation="163.0" isOriginalElevationFromOSM="false" isAnchor="false"><ele>181.0</ele></trkpt>
<trkpt lat="34.665686" lon="127.580841" sectionIndex="0" pointIndex="1215" originalElevation="183.0" isOriginalElevationFromOSM="false" isAnchor="false"><ele>180.7</ele></trkpt>
<trkpt lat="34.665645" lon="127.580863" sectionIndex="0" pointIndex="1216" originalElevation="183.0" isOriginalElevationFromOSM="false" isAnchor="false"><ele>180.6</ele></trkpt>
<trkpt lat="34.665603" lon="127.580885" sectionIndex="0" pointIndex="1217" originalElevation="183.0" isOriginalElevationFromOSM="false" isAnchor="false"><ele>180.6</ele></trkpt>
<trkpt lat="34.665585" lon="127.580895" sectionIndex="0" pointIndex="1218" originalElevation="183.0" isOriginalElevationFromOSM="false" isAnchor="false"><ele>180.6</ele></trkpt>
<trkpt lat="34.665585" lon="127.580895" sectionIndex="0" pointIndex="1219" originalElevation="183.0" isOriginalElevationFromOSM="false" isAnchor="false"><ele>180.8</ele></trkpt>
<trkpt lat="34.665550" lon="127.580929" sectionIndex="0" pointIndex="1220" originalElevation="183.0" isOriginalElevationFromOSM="false" isAnchor="false"><ele>180.9</ele></trkpt>
<trkpt lat="34.665515" lon="127.580963" sectionIndex="0" pointIndex="1221" originalElevation="183.0" isOriginalElevationFromOSM="false" isAnchor="false"><ele>181.1</ele></trkpt>
<trkpt lat="34.665479" lon="127.580997" sectionIndex="0" pointIndex="1222" originalElevation="183.0" isOriginalElevationFromOSM="false" isAnchor="false"><ele>181.2</ele></trkpt>
<trkpt lat="34.665444" lon="127.581031" sectionIndex="0" pointIndex="1223" originalElevation="183.0" isOriginalElevationFromOSM="false" isAnchor="false"><ele>181.2</ele></trkpt>
<trkpt lat="34.665409" lon="127.581065" sectionIndex="0" pointIndex="1224" originalElevation="183.0" isOriginalElevationFromOSM="false" isAnchor="false"><ele>181.2</ele></trkpt>
<trkpt lat="34.665374" lon="127.581099" sectionIndex="0" pointIndex="1225" originalElevation="183.0" isOriginalElevationFromOSM="false" isAnchor="false"><ele>181.1</ele></trkpt>
<trkpt lat="34.665339" lon="127.581133" sectionIndex="0" pointIndex="1226" originalElevation="183.0" isOriginalElevationFromOSM="false" isAnchor="false"><ele>181.0</ele></trkpt>
<trkpt lat="34.665304" lon="127.581166" sectionIndex="0" pointIndex="1227" originalElevation="183.0" isOriginalElevationFromOSM="false" isAnchor="false"><ele>180.9</ele></trkpt>
<trkpt lat="34.665304" lon="127.581166" sectionIndex="0" pointIndex="1228" originalElevation="183.0" isOriginalElevationFromOSM="false" isAnchor="false"><ele>180.6</ele></trkpt>
<trkpt lat="34.665268" lon="127.581198" sectionIndex="0" pointIndex="1229" originalElevation="183.0" isOriginalElevationFromOSM="false" isAnchor="false"><ele>180.4</ele></trkpt>
<trkpt lat="34.665232" lon="127.581230" sectionIndex="0" pointIndex="1230" originalElevation="183.0" isOriginalElevationFromOSM="false" isAnchor="false"><ele>180.1</ele></trkpt>
<trkpt lat="34.665195" lon="127.581262" sectionIndex="0" pointIndex="1231" originalElevation="183.0" isOriginalElevationFromOSM="false" isAnchor="false"><ele>179.6</ele></trkpt>
<trkpt lat="34.665159" lon="127.581294" sectionIndex="0" pointIndex="1232" originalElevation="183.0" isOriginalElevationFromOSM="false" isAnchor="false"><ele>179.1</ele></trkpt>
<trkpt lat="34.665122" lon="127.581326" sectionIndex="0" pointIndex="1233" originalElevation="183.0" isOriginalElevationFromOSM="false" isAnchor="false"><ele>178.6</ele></trkpt>
<trkpt lat="34.665086" lon="127.581358" sectionIndex="0" pointIndex="1234" originalElevation="183.0" isOriginalElevationFromOSM="false" isAnchor="false"><ele>178.2</ele></trkpt>
<trkpt lat="34.665050" lon="127.581390" sectionIndex="0" pointIndex="1235" originalElevation="183.0" isOriginalElevationFromOSM="false" isAnchor="false"><ele>177.8</ele></trkpt>
<trkpt lat="34.665013" lon="127.581423" sectionIndex="0" pointIndex="1236" originalElevation="183.0" isOriginalElevationFromOSM="false" isAnchor="false"><ele>177.4</ele></trkpt>
<trkpt lat="34.664977" lon="127.581455" sectionIndex="0" pointIndex="1237" originalElevation="165.0" isOriginalElevationFromOSM="false" isAnchor="false"><ele>177.1</ele></trkpt>
<trkpt lat="34.664940" lon="127.581487" sectionIndex="0" pointIndex="1238" originalElevation="165.0" isOriginalElevationFromOSM="false" isAnchor="false"><ele>176.9</ele></trkpt>
<trkpt lat="34.664904" lon="127.581519" sectionIndex="0" pointIndex="1239" originalElevation="165.0" isOriginalElevationFromOSM="false" isAnchor="false"><ele>176.9</ele></trkpt>
<trkpt lat="34.664868" lon="127.581551" sectionIndex="0" pointIndex="1240" originalElevation="165.0" isOriginalElevationFromOSM="false" isAnchor="false"><ele>176.9</ele></trkpt>
<trkpt lat="34.664831" lon="127.581583" sectionIndex="0" pointIndex="1241" originalElevation="165.0" isOriginalElevationFromOSM="false" isAnchor="false"><ele>177.1</ele></trkpt>
<trkpt lat="34.664795" lon="127.581615" sectionIndex="0" pointIndex="1242" originalElevation="165.0" isOriginalElevationFromOSM="false" isAnchor="false"><ele>177.3</ele></trkpt>
<trkpt lat="34.664758" lon="127.581647" sectionIndex="0" pointIndex="1243" originalElevation="165.0" isOriginalElevationFromOSM="false" isAnchor="false"><ele>177.7</ele></trkpt>
<trkpt lat="34.664722" lon="127.581679" sectionIndex="0" pointIndex="1244" originalElevation="185.0" isOriginalElevationFromOSM="false" isAnchor="false"><ele>178.2</ele></trkpt>
<trkpt lat="34.664686" lon="127.581711" sectionIndex="0" pointIndex="1245" originalElevation="185.0" isOriginalElevationFromOSM="false" isAnchor="false"><ele>178.7</ele></trkpt>
<trkpt lat="34.664666" lon="127.581729" sectionIndex="0" pointIndex="1246" originalElevation="185.0" isOriginalElevationFromOSM="false" isAnchor="false"><ele>179.3</ele></trkpt>
<trkpt lat="34.664666" lon="127.581729" sectionIndex="0" pointIndex="1247" originalElevation="185.0" isOriginalElevationFromOSM="false" isAnchor="false"><ele>179.9</ele></trkpt>
<trkpt lat="34.664625" lon="127.581752" sectionIndex="0" pointIndex="1248" originalElevation="185.0" isOriginalElevationFromOSM="false" isAnchor="false"><ele>180.6</ele></trkpt>
<trkpt lat="34.664585" lon="127.581775" sectionIndex="0" pointIndex="1249" originalElevation="185.0" isOriginalElevationFromOSM="false" isAnchor="false"><ele>181.4</ele></trkpt>
<trkpt lat="34.664544" lon="127.581798" sectionIndex="0" pointIndex="1250" originalElevation="185.0" isOriginalElevationFromOSM="false" isAnchor="false"><ele>182.1</ele></trkpt>
<trkpt lat="34.664503" lon="127.581821" sectionIndex="0" pointIndex="1251" originalElevation="185.0" isOriginalElevationFromOSM="false" isAnchor="false"><ele>182.9</ele></trkpt>
<trkpt lat="34.664463" lon="127.581844" sectionIndex="0" pointIndex="1252" originalElevation="185.0" isOriginalElevationFromOSM="false" isAnchor="false"><ele>183.6</ele></trkpt>
<trkpt lat="34.664422" lon="127.581867" sectionIndex="0" pointIndex="1253" originalElevation="185.0" isOriginalElevationFromOSM="false" isAnchor="false"><ele>184.5</ele></trkpt>
<trkpt lat="34.664381" lon="127.581891" sectionIndex="0" pointIndex="1254" originalElevation="185.0" isOriginalElevationFromOSM="false" isAnchor="false"><ele>185.3</ele></trkpt>
<trkpt lat="34.664340" lon="127.581914" sectionIndex="0" pointIndex="1255" originalElevation="185.0" isOriginalElevationFromOSM="false" isAnchor="false"><ele>186.1</ele></trkpt>
<trkpt lat="34.664330" lon="127.581920" sectionIndex="0" pointIndex="1256" originalElevation="185.0" isOriginalElevationFromOSM="false" isAnchor="false"><ele>186.9</ele></trkpt>
<trkpt lat="34.664330" lon="127.581920" sectionIndex="0" pointIndex="1257" originalElevation="185.0" isOriginalElevationFromOSM="false" isAnchor="false"><ele>187.7</ele></trkpt>
<trkpt lat="34.664285" lon="127.581914" sectionIndex="0" pointIndex="1258" originalElevation="185.0" isOriginalElevationFromOSM="false" isAnchor="false"><ele>188.4</ele></trkpt>
<trkpt lat="34.664240" lon="127.581909" sectionIndex="0" pointIndex="1259" originalElevation="185.0" isOriginalElevationFromOSM="false" isAnchor="false"><ele>189.0</ele></trkpt>
<trkpt lat="34.664210" lon="127.581905" sectionIndex="0" pointIndex="1260" originalElevation="185.0" isOriginalElevationFromOSM="false" isAnchor="false"><ele>189.4</ele></trkpt>
<trkpt lat="34.664210" lon="127.581905" sectionIndex="0" pointIndex="1261" originalElevation="185.0" isOriginalElevationFromOSM="false" isAnchor="false"><ele>189.9</ele></trkpt>
<trkpt lat="34.664167" lon="127.581890" sectionIndex="0" pointIndex="1262" originalElevation="185.0" isOriginalElevationFromOSM="false" isAnchor="false"><ele>190.2</ele></trkpt>
<trkpt lat="34.664124" lon="127.581875" sectionIndex="0" pointIndex="1263" originalElevation="199.0" isOriginalElevationFromOSM="false" isAnchor="false"><ele>190.5</ele></trkpt>
<trkpt lat="34.664080" lon="127.581860" sectionIndex="0" pointIndex="1264" originalElevation="199.0" isOriginalElevationFromOSM="false" isAnchor="false"><ele>190.7</ele></trkpt>
<trkpt lat="34.664037" lon="127.581845" sectionIndex="0" pointIndex="1265" originalElevation="199.0" isOriginalElevationFromOSM="false" isAnchor="false"><ele>190.7</ele></trkpt>
<trkpt lat="34.663994" lon="127.581830" sectionIndex="0" pointIndex="1266" originalElevation="199.0" isOriginalElevationFromOSM="false" isAnchor="false"><ele>190.6</ele></trkpt>
<trkpt lat="34.663951" lon="127.581815" sectionIndex="0" pointIndex="1267" originalElevation="199.0" isOriginalElevationFromOSM="false" isAnchor="false"><ele>190.4</ele></trkpt>
<trkpt lat="34.663922" lon="127.581805" sectionIndex="0" pointIndex="1268" originalElevation="199.0" isOriginalElevationFromOSM="false" isAnchor="false"><ele>190.1</ele></trkpt>
<trkpt lat="34.663922" lon="127.581805" sectionIndex="0" pointIndex="1269" originalElevation="199.0" isOriginalElevationFromOSM="false" isAnchor="false"><ele>189.6</ele></trkpt>
<trkpt lat="34.663892" lon="127.581765" sectionIndex="0" pointIndex="1270" originalElevation="199.0" isOriginalElevationFromOSM="false" isAnchor="false"><ele>189.0</ele></trkpt>
<trkpt lat="34.663861" lon="127.581725" sectionIndex="0" pointIndex="1271" originalElevation="199.0" isOriginalElevationFromOSM="false" isAnchor="false"><ele>188.2</ele></trkpt>
<trkpt lat="34.663831" lon="127.581684" sectionIndex="0" pointIndex="1272" originalElevation="199.0" isOriginalElevationFromOSM="false" isAnchor="false"><ele>187.4</ele></trkpt>
<trkpt lat="34.663800" lon="127.581644" sectionIndex="0" pointIndex="1273" originalElevation="177.0" isOriginalElevationFromOSM="false" isAnchor="false"><ele>186.5</ele></trkpt>
<trkpt lat="34.663770" lon="127.581604" sectionIndex="0" pointIndex="1274" originalElevation="177.0" isOriginalElevationFromOSM="false" isAnchor="false"><ele>185.6</ele></trkpt>
<trkpt lat="34.663740" lon="127.581564" sectionIndex="0" pointIndex="1275" originalElevation="177.0" isOriginalElevationFromOSM="false" isAnchor="false"><ele>184.6</ele></trkpt>
<trkpt lat="34.663725" lon="127.581545" sectionIndex="0" pointIndex="1276" originalElevation="177.0" isOriginalElevationFromOSM="false" isAnchor="false"><ele>183.6</ele></trkpt>
<trkpt lat="34.663725" lon="127.581545" sectionIndex="0" pointIndex="1277" originalElevation="177.0" isOriginalElevationFromOSM="false" isAnchor="false"><ele>182.7</ele></trkpt>
<trkpt lat="34.663707" lon="127.581494" sectionIndex="0" pointIndex="1278" originalElevation="177.0" isOriginalElevationFromOSM="false" isAnchor="false"><ele>181.9</ele></trkpt>
<trkpt lat="34.663690" lon="127.581444" sectionIndex="0" pointIndex="1279" originalElevation="177.0" isOriginalElevationFromOSM="false" isAnchor="false"><ele>181.1</ele></trkpt>
<trkpt lat="34.663672" lon="127.581394" sectionIndex="0" pointIndex="1280" originalElevation="177.0" isOriginalElevationFromOSM="false" isAnchor="false"><ele>180.4</ele></trkpt>
<trkpt lat="34.663654" lon="127.581344" sectionIndex="0" pointIndex="1281" originalElevation="177.0" isOriginalElevationFromOSM="false" isAnchor="false"><ele>179.8</ele></trkpt>
<trkpt lat="34.663636" lon="127.581294" sectionIndex="0" pointIndex="1282" originalElevation="177.0" isOriginalElevationFromOSM="false" isAnchor="false"><ele>179.3</ele></trkpt>
<trkpt lat="34.663623" lon="127.581255" sectionIndex="0" pointIndex="1283" originalElevation="177.0" isOriginalElevationFromOSM="false" isAnchor="false"><ele>178.9</ele></trkpt>
<trkpt lat="34.663623" lon="127.581255" sectionIndex="0" pointIndex="1284" originalElevation="177.0" isOriginalElevationFromOSM="false" isAnchor="false"><ele>178.6</ele></trkpt>
<trkpt lat="34.663590" lon="127.581217" sectionIndex="0" pointIndex="1285" originalElevation="177.0" isOriginalElevationFromOSM="false" isAnchor="false"><ele>178.3</ele></trkpt>
<trkpt lat="34.663558" lon="127.581179" sectionIndex="0" pointIndex="1286" originalElevation="177.0" isOriginalElevationFromOSM="false" isAnchor="false"><ele>178.0</ele></trkpt>
<trkpt lat="34.663526" lon="127.581141" sectionIndex="0" pointIndex="1287" originalElevation="177.0" isOriginalElevationFromOSM="false" isAnchor="false"><ele>177.9</ele></trkpt>
<trkpt lat="34.663493" lon="127.581103" sectionIndex="0" pointIndex="1288" originalElevation="177.0" isOriginalElevationFromOSM="false" isAnchor="false"><ele>177.7</ele></trkpt>
<trkpt lat="34.663461" lon="127.581066" sectionIndex="0" pointIndex="1289" originalElevation="177.0" isOriginalElevationFromOSM="false" isAnchor="false"><ele>177.7</ele></trkpt>
<trkpt lat="34.663428" lon="127.581028" sectionIndex="0" pointIndex="1290" originalElevation="177.0" isOriginalElevationFromOSM="false" isAnchor="false"><ele>177.6</ele></trkpt>
<trkpt lat="34.663396" lon="127.580990" sectionIndex="0" pointIndex="1291" originalElevation="177.0" isOriginalElevationFromOSM="false" isAnchor="false"><ele>177.5</ele></trkpt>
<trkpt lat="34.663363" lon="127.580952" sectionIndex="0" pointIndex="1292" originalElevation="177.0" isOriginalElevationFromOSM="false" isAnchor="false"><ele>177.3</ele></trkpt>
<trkpt lat="34.663331" lon="127.580914" sectionIndex="0" pointIndex="1293" originalElevation="183.0" isOriginalElevationFromOSM="false" isAnchor="false"><ele>177.1</ele></trkpt>
<trkpt lat="34.663329" lon="127.580912" sectionIndex="0" pointIndex="1294" originalElevation="183.0" isOriginalElevationFromOSM="false" isAnchor="false"><ele>176.8</ele></trkpt>
<trkpt lat="34.663329" lon="127.580912" sectionIndex="0" pointIndex="1295" originalElevation="183.0" isOriginalElevationFromOSM="false" isAnchor="false"><ele>176.4</ele></trkpt>
<trkpt lat="34.663288" lon="127.580890" sectionIndex="0" pointIndex="1296" originalElevation="183.0" isOriginalElevationFromOSM="false" isAnchor="false"><ele>176.0</ele></trkpt>
<trkpt lat="34.663247" lon="127.580867" sectionIndex="0" pointIndex="1297" originalElevation="183.0" isOriginalElevationFromOSM="false" isAnchor="false"><ele>175.6</ele></trkpt>
<trkpt lat="34.663206" lon="127.580845" sectionIndex="0" pointIndex="1298" originalElevation="183.0" isOriginalElevationFromOSM="false" isAnchor="false"><ele>175.1</ele></trkpt>
<trkpt lat="34.663165" lon="127.580822" sectionIndex="0" pointIndex="1299" originalElevation="169.0" isOriginalElevationFromOSM="false" isAnchor="false"><ele>174.5</ele></trkpt>
<trkpt lat="34.663124" lon="127.580800" sectionIndex="0" pointIndex="1300" originalElevation="169.0" isOriginalElevationFromOSM="false" isAnchor="false"><ele>174.0</ele></trkpt>
<trkpt lat="34.663083" lon="127.580778" sectionIndex="0" pointIndex="1301" originalElevation="169.0" isOriginalElevationFromOSM="false" isAnchor="false"><ele>173.4</ele></trkpt>
<trkpt lat="34.663042" lon="127.580755" sectionIndex="0" pointIndex="1302" originalElevation="169.0" isOriginalElevationFromOSM="false" isAnchor="false"><ele>173.0</ele></trkpt>
<trkpt lat="34.663030" lon="127.580749" sectionIndex="0" pointIndex="1303" originalElevation="169.0" isOriginalElevationFromOSM="false" isAnchor="false"><ele>172.6</ele></trkpt>
<trkpt lat="34.663030" lon="127.580749" sectionIndex="0" pointIndex="1304" originalElevation="169.0" isOriginalElevationFromOSM="false" isAnchor="false"><ele>172.2</ele></trkpt>
<trkpt lat="34.662989" lon="127.580727" sectionIndex="0" pointIndex="1305" originalElevation="169.0" isOriginalElevationFromOSM="false" isAnchor="false"><ele>172.0</ele></trkpt>
<trkpt lat="34.662948" lon="127.580706" sectionIndex="0" pointIndex="1306" originalElevation="169.0" isOriginalElevationFromOSM="false" isAnchor="false"><ele>171.8</ele></trkpt>
<trkpt lat="34.662906" lon="127.580685" sectionIndex="0" pointIndex="1307" originalElevation="169.0" isOriginalElevationFromOSM="false" isAnchor="false"><ele>171.8</ele></trkpt>
<trkpt lat="34.662865" lon="127.580663" sectionIndex="0" pointIndex="1308" originalElevation="169.0" isOriginalElevationFromOSM="false" isAnchor="false"><ele>171.9</ele></trkpt>
<trkpt lat="34.662828" lon="127.580644" sectionIndex="0" pointIndex="1309" originalElevation="169.0" isOriginalElevationFromOSM="false" isAnchor="false"><ele>172.2</ele></trkpt>
<trkpt lat="34.662828" lon="127.580644" sectionIndex="0" pointIndex="1310" originalElevation="169.0" isOriginalElevationFromOSM="false" isAnchor="false"><ele>172.5</ele></trkpt>
<trkpt lat="34.662796" lon="127.580682" sectionIndex="0" pointIndex="1311" originalElevation="169.0" isOriginalElevationFromOSM="false" isAnchor="false"><ele>173.0</ele></trkpt>
<trkpt lat="34.662764" lon="127.580721" sectionIndex="0" pointIndex="1312" originalElevation="169.0" isOriginalElevationFromOSM="false" isAnchor="false"><ele>173.6</ele></trkpt>
<trkpt lat="34.662732" lon="127.580759" sectionIndex="0" pointIndex="1313" originalElevation="169.0" isOriginalElevationFromOSM="false" isAnchor="false"><ele>174.4</ele></trkpt>
<trkpt lat="34.662700" lon="127.580797" sectionIndex="0" pointIndex="1314" originalElevation="169.0" isOriginalElevationFromOSM="false" isAnchor="false"><ele>175.3</ele></trkpt>
<trkpt lat="34.662687" lon="127.580812" sectionIndex="0" pointIndex="1315" originalElevation="169.0" isOriginalElevationFromOSM="false" isAnchor="false"><ele>176.3</ele></trkpt>
<trkpt lat="34.662687" lon="127.580812" sectionIndex="0" pointIndex="1316" originalElevation="169.0" isOriginalElevationFromOSM="false" isAnchor="false"><ele>177.4</ele></trkpt>
<trkpt lat="34.662652" lon="127.580845" sectionIndex="0" pointIndex="1317" originalElevation="183.0" isOriginalElevationFromOSM="false" isAnchor="false"><ele>178.5</ele></trkpt>
<trkpt lat="34.662616" lon="127.580878" sectionIndex="0" pointIndex="1318" originalElevation="183.0" isOriginalElevationFromOSM="false" isAnchor="false"><ele>179.7</ele></trkpt>
<trkpt lat="34.662580" lon="127.580911" sectionIndex="0" pointIndex="1319" originalElevation="183.0" isOriginalElevationFromOSM="false" isAnchor="false"><ele>180.8</ele></trkpt>
<trkpt lat="34.662544" lon="127.580945" sectionIndex="0" pointIndex="1320" originalElevation="183.0" isOriginalElevationFromOSM="false" isAnchor="false"><ele>182.0</ele></trkpt>
<trkpt lat="34.662509" lon="127.580978" sectionIndex="0" pointIndex="1321" originalElevation="183.0" isOriginalElevationFromOSM="false" isAnchor="false"><ele>183.1</ele></trkpt>
<trkpt lat="34.662473" lon="127.581011" sectionIndex="0" pointIndex="1322" originalElevation="191.0" isOriginalElevationFromOSM="false" isAnchor="false"><ele>184.1</ele></trkpt>
<trkpt lat="34.662437" lon="127.581044" sectionIndex="0" pointIndex="1323" originalElevation="191.0" isOriginalElevationFromOSM="false" isAnchor="false"><ele>185.1</ele></trkpt>
<trkpt lat="34.662405" lon="127.581075" sectionIndex="0" pointIndex="1324" originalElevation="191.0" isOriginalElevationFromOSM="false" isAnchor="false"><ele>186.1</ele></trkpt>
<trkpt lat="34.662405" lon="127.581075" sectionIndex="0" pointIndex="1325" originalElevation="191.0" isOriginalElevationFromOSM="false" isAnchor="false"><ele>186.9</ele></trkpt>
<trkpt lat="34.662360" lon="127.581086" sectionIndex="0" pointIndex="1326" originalElevation="191.0" isOriginalElevationFromOSM="false" isAnchor="false"><ele>187.7</ele></trkpt>
<trkpt lat="34.662316" lon="127.581097" sectionIndex="0" pointIndex="1327" originalElevation="191.0" isOriginalElevationFromOSM="false" isAnchor="false"><ele>188.2</ele></trkpt>
<trkpt lat="34.662272" lon="127.581108" sectionIndex="0" pointIndex="1328" originalElevation="191.0" isOriginalElevationFromOSM="false" isAnchor="false"><ele>188.7</ele></trkpt>
<trkpt lat="34.662228" lon="127.581119" sectionIndex="0" pointIndex="1329" originalElevation="191.0" isOriginalElevationFromOSM="false" isAnchor="false"><ele>189.0</ele></trkpt>
<trkpt lat="34.662224" lon="127.581120" sectionIndex="0" pointIndex="1330" originalElevation="191.0" isOriginalElevationFromOSM="false" isAnchor="false"><ele>189.2</ele></trkpt>
<trkpt lat="34.662224" lon="127.581120" sectionIndex="0" pointIndex="1331" originalElevation="191.0" isOriginalElevationFromOSM="false" isAnchor="false"><ele>189.2</ele></trkpt>
<trkpt lat="34.662182" lon="127.581102" sectionIndex="0" pointIndex="1332" originalElevation="191.0" isOriginalElevationFromOSM="false" isAnchor="false"><ele>189.2</ele></trkpt>
<trkpt lat="34.662139" lon="127.581084" sectionIndex="0" pointIndex="1333" originalElevation="191.0" isOriginalElevationFromOSM="false" isAnchor="false"><ele>188.9</ele></trkpt>
<trkpt lat="34.662132" lon="127.581081" sectionIndex="0" pointIndex="1334" originalElevation="191.0" isOriginalElevationFromOSM="false" isAnchor="false"><ele>188.6</ele></trkpt>
<trkpt lat="34.662132" lon="127.581081" sectionIndex="0" pointIndex="1335" originalElevation="191.0" isOriginalElevationFromOSM="false" isAnchor="false"><ele>188.2</ele></trkpt>
<trkpt lat="34.662112" lon="127.581032" sectionIndex="0" pointIndex="1336" originalElevation="191.0" isOriginalElevationFromOSM="false" isAnchor="false"><ele>187.6</ele></trkpt>
<trkpt lat="34.662092" lon="127.580983" sectionIndex="0" pointIndex="1337" originalElevation="191.0" isOriginalElevationFromOSM="false" isAnchor="false"><ele>187.0</ele></trkpt>
<trkpt lat="34.662072" lon="127.580934" sectionIndex="0" pointIndex="1338" originalElevation="191.0" isOriginalElevationFromOSM="false" isAnchor="false"><ele>186.3</ele></trkpt>
<trkpt lat="34.662052" lon="127.580885" sectionIndex="0" pointIndex="1339" originalElevation="191.0" isOriginalElevationFromOSM="false" isAnchor="false"><ele>185.5</ele></trkpt>
<trkpt lat="34.662049" lon="127.580877" sectionIndex="0" pointIndex="1340" originalElevation="191.0" isOriginalElevationFromOSM="false" isAnchor="false"><ele>184.7</ele></trkpt>
<trkpt lat="34.662049" lon="127.580877" sectionIndex="0" pointIndex="1341" originalElevation="191.0" isOriginalElevationFromOSM="false" isAnchor="false"><ele>183.9</ele></trkpt>
<trkpt lat="34.662040" lon="127.580824" sectionIndex="0" pointIndex="1342" originalElevation="176.0" isOriginalElevationFromOSM="false" isAnchor="false"><ele>183.1</ele></trkpt>
<trkpt lat="34.662033" lon="127.580782" sectionIndex="0" pointIndex="1343" originalElevation="176.0" isOriginalElevationFromOSM="false" isAnchor="false"><ele>182.3</ele></trkpt>
<trkpt lat="34.662033" lon="127.580782" sectionIndex="0" pointIndex="1344" originalElevation="176.0" isOriginalElevationFromOSM="false" isAnchor="false"><ele>181.5</ele></trkpt>
<trkpt lat="34.662028" lon="127.580727" sectionIndex="0" pointIndex="1345" originalElevation="176.0" isOriginalElevationFromOSM="false" isAnchor="false"><ele>180.7</ele></trkpt>
<trkpt lat="34.662023" lon="127.580673" sectionIndex="0" pointIndex="1346" originalElevation="176.0" isOriginalElevationFromOSM="false" isAnchor="false"><ele>180.0</ele></trkpt>
<trkpt lat="34.662022" lon="127.580667" sectionIndex="0" pointIndex="1347" originalElevation="176.0" isOriginalElevationFromOSM="false" isAnchor="false"><ele>179.3</ele></trkpt>
<trkpt lat="34.662022" lon="127.580667" sectionIndex="0" pointIndex="1348" originalElevation="176.0" isOriginalElevationFromOSM="false" isAnchor="false"><ele>178.7</ele></trkpt>
<trkpt lat="34.662010" lon="127.580614" sectionIndex="0" pointIndex="1349" originalElevation="176.0" isOriginalElevationFromOSM="false" isAnchor="false"><ele>178.1</ele></trkpt>
<trkpt lat="34.661997" lon="127.580562" sectionIndex="0" pointIndex="1350" originalElevation="176.0" isOriginalElevationFromOSM="false" isAnchor="false"><ele>177.6</ele></trkpt>
<trkpt lat="34.661990" lon="127.580532" sectionIndex="0" pointIndex="1351" originalElevation="176.0" isOriginalElevationFromOSM="false" isAnchor="false"><ele>177.1</ele></trkpt>
<trkpt lat="34.661990" lon="127.580532" sectionIndex="0" pointIndex="1352" originalElevation="176.0" isOriginalElevationFromOSM="false" isAnchor="false"><ele>176.6</ele></trkpt>
<trkpt lat="34.661954" lon="127.580499" sectionIndex="0" pointIndex="1353" originalElevation="176.0" isOriginalElevationFromOSM="false" isAnchor="false"><ele>176.2</ele></trkpt>
<trkpt lat="34.661919" lon="127.580465" sectionIndex="0" pointIndex="1354" originalElevation="176.0" isOriginalElevationFromOSM="false" isAnchor="false"><ele>175.8</ele></trkpt>
<trkpt lat="34.661907" lon="127.580455" sectionIndex="0" pointIndex="1355" originalElevation="176.0" isOriginalElevationFromOSM="false" isAnchor="false"><ele>175.5</ele></trkpt>
<trkpt lat="34.661907" lon="127.580455" sectionIndex="0" pointIndex="1356" originalElevation="176.0" isOriginalElevationFromOSM="false" isAnchor="false"><ele>175.1</ele></trkpt>
<trkpt lat="34.661871" lon="127.580422" sectionIndex="0" pointIndex="1357" originalElevation="176.0" isOriginalElevationFromOSM="false" isAnchor="false"><ele>174.7</ele></trkpt>
<trkpt lat="34.661835" lon="127.580389" sectionIndex="0" pointIndex="1358" originalElevation="176.0" isOriginalElevationFromOSM="false" isAnchor="false"><ele>174.5</ele></trkpt>
<trkpt lat="34.661813" lon="127.580368" sectionIndex="0" pointIndex="1359" originalElevation="176.0" isOriginalElevationFromOSM="false" isAnchor="false"><ele>174.1</ele></trkpt>
<trkpt lat="34.661813" lon="127.580368" sectionIndex="0" pointIndex="1360" originalElevation="176.0" isOriginalElevationFromOSM="false" isAnchor="false"><ele>173.8</ele></trkpt>
<trkpt lat="34.661768" lon="127.580365" sectionIndex="0" pointIndex="1361" originalElevation="176.0" isOriginalElevationFromOSM="false" isAnchor="false"><ele>173.5</ele></trkpt>
<trkpt lat="34.661723" lon="127.580362" sectionIndex="0" pointIndex="1362" originalElevation="176.0" isOriginalElevationFromOSM="false" isAnchor="false"><ele>173.1</ele></trkpt>
<trkpt lat="34.661678" lon="127.580359" sectionIndex="0" pointIndex="1363" originalElevation="176.0" isOriginalElevationFromOSM="false" isAnchor="false"><ele>172.7</ele></trkpt>
<trkpt lat="34.661633" lon="127.580356" sectionIndex="0" pointIndex="1364" originalElevation="169.0" isOriginalElevationFromOSM="false" isAnchor="false"><ele>172.3</ele></trkpt>
<trkpt lat="34.661632" lon="127.580356" sectionIndex="0" pointIndex="1365" originalElevation="169.0" isOriginalElevationFromOSM="false" isAnchor="false"><ele>171.9</ele></trkpt>
<trkpt lat="34.661632" lon="127.580356" sectionIndex="0" pointIndex="1366" originalElevation="169.0" isOriginalElevationFromOSM="false" isAnchor="false"><ele>171.5</ele></trkpt>
<trkpt lat="34.661587" lon="127.580366" sectionIndex="0" pointIndex="1367" originalElevation="169.0" isOriginalElevationFromOSM="false" isAnchor="false"><ele>171.2</ele></trkpt>
<trkpt lat="34.661546" lon="127.580376" sectionIndex="0" pointIndex="1368" originalElevation="169.0" isOriginalElevationFromOSM="false" isAnchor="false"><ele>171.0</ele></trkpt>
<trkpt lat="34.661546" lon="127.580376" sectionIndex="0" pointIndex="1369" originalElevation="169.0" isOriginalElevationFromOSM="false" isAnchor="false"><ele>170.9</ele></trkpt>
<trkpt lat="34.661565" lon="127.580425" sectionIndex="0" pointIndex="1370" originalElevation="169.0" isOriginalElevationFromOSM="false" isAnchor="false"><ele>170.9</ele></trkpt>
<trkpt lat="34.661584" lon="127.580475" sectionIndex="0" pointIndex="1371" originalElevation="169.0" isOriginalElevationFromOSM="false" isAnchor="false"><ele>171.0</ele></trkpt>
<trkpt lat="34.661604" lon="127.580524" sectionIndex="0" pointIndex="1372" originalElevation="169.0" isOriginalElevationFromOSM="false" isAnchor="false"><ele>171.1</ele></trkpt>
<trkpt lat="34.661623" lon="127.580573" sectionIndex="0" pointIndex="1373" originalElevation="169.0" isOriginalElevationFromOSM="false" isAnchor="false"><ele>171.4</ele></trkpt>
<trkpt lat="34.661630" lon="127.580593" sectionIndex="0" pointIndex="1374" originalElevation="169.0" isOriginalElevationFromOSM="false" isAnchor="false"><ele>171.8</ele></trkpt>
<trkpt lat="34.661630" lon="127.580593" sectionIndex="0" pointIndex="1375" originalElevation="169.0" isOriginalElevationFromOSM="false" isAnchor="false"><ele>172.4</ele></trkpt>
<trkpt lat="34.661643" lon="127.580646" sectionIndex="0" pointIndex="1376" originalElevation="169.0" isOriginalElevationFromOSM="false" isAnchor="false"><ele>173.0</ele></trkpt>
<trkpt lat="34.661651" lon="127.580681" sectionIndex="0" pointIndex="1377" originalElevation="169.0" isOriginalElevationFromOSM="false" isAnchor="false"><ele>173.8</ele></trkpt>
<trkpt lat="34.661651" lon="127.580681" sectionIndex="0" pointIndex="1378" originalElevation="169.0" isOriginalElevationFromOSM="false" isAnchor="false"><ele>174.6</ele></trkpt>
<trkpt lat="34.661648" lon="127.580735" sectionIndex="0" pointIndex="1379" originalElevation="169.0" isOriginalElevationFromOSM="false" isAnchor="false"><ele>175.6</ele></trkpt>
<trkpt lat="34.661645" lon="127.580765" sectionIndex="0" pointIndex="1380" originalElevation="169.0" isOriginalElevationFromOSM="false" isAnchor="false"><ele>176.6</ele></trkpt>
<trkpt lat="34.661645" lon="127.580765" sectionIndex="0" pointIndex="1381" originalElevation="169.0" isOriginalElevationFromOSM="false" isAnchor="false"><ele>177.8</ele></trkpt>
<trkpt lat="34.661626" lon="127.580815" sectionIndex="0" pointIndex="1382" originalElevation="169.0" isOriginalElevationFromOSM="false" isAnchor="false"><ele>178.9</ele></trkpt>
<trkpt lat="34.661618" lon="127.580836" sectionIndex="0" pointIndex="1383" originalElevation="190.0" isOriginalElevationFromOSM="false" isAnchor="false"><ele>180.1</ele></trkpt>
<trkpt lat="34.661618" lon="127.580836" sectionIndex="0" pointIndex="1384" originalElevation="190.0" isOriginalElevationFromOSM="false" isAnchor="false"><ele>181.2</ele></trkpt>
<trkpt lat="34.661574" lon="127.580849" sectionIndex="0" pointIndex="1385" originalElevation="190.0" isOriginalElevationFromOSM="false" isAnchor="false"><ele>182.4</ele></trkpt>
<trkpt lat="34.661531" lon="127.580861" sectionIndex="0" pointIndex="1386" originalElevation="190.0" isOriginalElevationFromOSM="false" isAnchor="false"><ele>183.4</ele></trkpt>
<trkpt lat="34.661489" lon="127.580873" sectionIndex="0" pointIndex="1387" originalElevation="190.0" isOriginalElevationFromOSM="false" isAnchor="false"><ele>184.4</ele></trkpt>
<trkpt lat="34.661489" lon="127.580873" sectionIndex="0" pointIndex="1388" originalElevation="190.0" isOriginalElevationFromOSM="false" isAnchor="false"><ele>185.4</ele></trkpt>
<trkpt lat="34.661445" lon="127.580883" sectionIndex="0" pointIndex="1389" originalElevation="190.0" isOriginalElevationFromOSM="false" isAnchor="false"><ele>186.2</ele></trkpt>
<trkpt lat="34.661401" lon="127.580894" sectionIndex="0" pointIndex="1390" originalElevation="190.0" isOriginalElevationFromOSM="false" isAnchor="false"><ele>187.0</ele></trkpt>
<trkpt lat="34.661357" lon="127.580904" sectionIndex="0" pointIndex="1391" originalElevation="190.0" isOriginalElevationFromOSM="false" isAnchor="false"><ele>187.6</ele></trkpt>
<trkpt lat="34.661313" lon="127.580914" sectionIndex="0" pointIndex="1392" originalElevation="190.0" isOriginalElevationFromOSM="false" isAnchor="false"><ele>188.2</ele></trkpt>
<trkpt lat="34.661272" lon="127.580923" sectionIndex="0" pointIndex="1393" originalElevation="190.0" isOriginalElevationFromOSM="false" isAnchor="false"><ele>188.7</ele></trkpt>
<trkpt lat="34.661272" lon="127.580923" sectionIndex="0" pointIndex="1394" originalElevation="190.0" isOriginalElevationFromOSM="false" isAnchor="false"><ele>189.1</ele></trkpt>
<trkpt lat="34.661229" lon="127.580939" sectionIndex="0" pointIndex="1395" originalElevation="190.0" isOriginalElevationFromOSM="false" isAnchor="false"><ele>189.4</ele></trkpt>
<trkpt lat="34.661186" lon="127.580955" sectionIndex="0" pointIndex="1396" originalElevation="190.0" isOriginalElevationFromOSM="false" isAnchor="false"><ele>189.6</ele></trkpt>
<trkpt lat="34.661143" lon="127.580971" sectionIndex="0" pointIndex="1397" originalElevation="190.0" isOriginalElevationFromOSM="false" isAnchor="false"><ele>189.8</ele></trkpt>
<trkpt lat="34.661100" lon="127.580987" sectionIndex="0" pointIndex="1398" originalElevation="190.0" isOriginalElevationFromOSM="false" isAnchor="false"><ele>190.0</ele></trkpt>
<trkpt lat="34.661056" lon="127.581002" sectionIndex="0" pointIndex="1399" originalElevation="190.0" isOriginalElevationFromOSM="false" isAnchor="false"><ele>190.0</ele></trkpt>
<trkpt lat="34.661053" lon="127.581004" sectionIndex="0" pointIndex="1400" originalElevation="190.0" isOriginalElevationFromOSM="false" isAnchor="false"><ele>190.0</ele></trkpt>
<trkpt lat="34.661053" lon="127.581004" sectionIndex="0" pointIndex="1401" originalElevation="190.0" isOriginalElevationFromOSM="false" isAnchor="false"><ele>190.0</ele></trkpt>
<trkpt lat="34.661018" lon="127.581038" sectionIndex="0" pointIndex="1402" originalElevation="190.0" isOriginalElevationFromOSM="false" isAnchor="false"><ele>190.0</ele></trkpt>
<trkpt lat="34.660983" lon="127.581073" sectionIndex="0" pointIndex="1403" originalElevation="190.0" isOriginalElevationFromOSM="false" isAnchor="false"><ele>190.0</ele></trkpt>
<trkpt lat="34.660948" lon="127.581107" sectionIndex="0" pointIndex="1404" originalElevation="190.0" isOriginalElevationFromOSM="false" isAnchor="false"><ele>190.0</ele></trkpt>
<trkpt lat="34.660913" lon="127.581142" sectionIndex="0" pointIndex="1405" originalElevation="190.0" isOriginalElevationFromOSM="false" isAnchor="false"><ele>190.0</ele></trkpt>
<trkpt lat="34.660910" lon="127.581145" sectionIndex="0" pointIndex="1406" originalElevation="190.0" isOriginalElevationFromOSM="false" isAnchor="false"><ele>190.0</ele></trkpt>
<trkpt lat="34.660910" lon="127.581145" sectionIndex="0" pointIndex="1407" originalElevation="190.0" isOriginalElevationFromOSM="false" isAnchor="false"><ele>190.0</ele></trkpt>
<trkpt lat="34.660923" lon="127.581197" sectionIndex="0" pointIndex="1408" originalElevation="190.0" isOriginalElevationFromOSM="false" isAnchor="false"><ele>190.0</ele></trkpt>
<trkpt lat="34.660923" lon="127.581197" sectionIndex="0" pointIndex="1409" originalElevation="190.0" isOriginalElevationFromOSM="false" isAnchor="false"><ele>190.0</ele></trkpt>
<trkpt lat="34.660965" lon="127.581217" sectionIndex="0" pointIndex="1410" originalElevation="190.0" isOriginalElevationFromOSM="false" isAnchor="false"><ele>190.0</ele></trkpt>
<trkpt lat="34.661007" lon="127.581238" sectionIndex="0" pointIndex="1411" originalElevation="190.0" isOriginalElevationFromOSM="false" isAnchor="false"><ele>190.2</ele></trkpt>
<trkpt lat="34.661048" lon="127.581258" sectionIndex="0" pointIndex="1412" originalElevation="190.0" isOriginalElevationFromOSM="false" isAnchor="false"><ele>190.4</ele></trkpt>
<trkpt lat="34.661074" lon="127.581271" sectionIndex="0" pointIndex="1413" originalElevation="190.0" isOriginalElevationFromOSM="false" isAnchor="false"><ele>190.7</ele></trkpt>
<trkpt lat="34.661074" lon="127.581271" sectionIndex="0" pointIndex="1414" originalElevation="190.0" isOriginalElevationFromOSM="false" isAnchor="false"><ele>191.1</ele></trkpt>
<trkpt lat="34.661112" lon="127.581301" sectionIndex="0" pointIndex="1415" originalElevation="190.0" isOriginalElevationFromOSM="false" isAnchor="false"><ele>191.6</ele></trkpt>
<trkpt lat="34.661149" lon="127.581331" sectionIndex="0" pointIndex="1416" originalElevation="190.0" isOriginalElevationFromOSM="false" isAnchor="false"><ele>192.2</ele></trkpt>
<trkpt lat="34.661187" lon="127.581361" sectionIndex="0" pointIndex="1417" originalElevation="190.0" isOriginalElevationFromOSM="false" isAnchor="false"><ele>192.8</ele></trkpt>
<trkpt lat="34.661188" lon="127.581362" sectionIndex="0" pointIndex="1418" originalElevation="190.0" isOriginalElevationFromOSM="false" isAnchor="false"><ele>193.6</ele></trkpt>
<trkpt lat="34.661188" lon="127.581362" sectionIndex="0" pointIndex="1419" originalElevation="190.0" isOriginalElevationFromOSM="false" isAnchor="false"><ele>194.5</ele></trkpt>
<trkpt lat="34.661215" lon="127.581406" sectionIndex="0" pointIndex="1420" originalElevation="190.0" isOriginalElevationFromOSM="false" isAnchor="false"><ele>195.5</ele></trkpt>
<trkpt lat="34.661241" lon="127.581451" sectionIndex="0" pointIndex="1421" originalElevation="190.0" isOriginalElevationFromOSM="false" isAnchor="false"><ele>196.6</ele></trkpt>
<trkpt lat="34.661267" lon="127.581495" sectionIndex="0" pointIndex="1422" originalElevation="190.0" isOriginalElevationFromOSM="false" isAnchor="false"><ele>197.8</ele></trkpt>
<trkpt lat="34.661293" lon="127.581540" sectionIndex="0" pointIndex="1423" originalElevation="190.0" isOriginalElevationFromOSM="false" isAnchor="false"><ele>199.1</ele></trkpt>
<trkpt lat="34.661319" lon="127.581584" sectionIndex="0" pointIndex="1424" originalElevation="190.0" isOriginalElevationFromOSM="false" isAnchor="false"><ele>200.4</ele></trkpt>
<trkpt lat="34.661345" lon="127.581629" sectionIndex="0" pointIndex="1425" originalElevation="190.0" isOriginalElevationFromOSM="false" isAnchor="false"><ele>201.8</ele></trkpt>
<trkpt lat="34.661372" lon="127.581673" sectionIndex="0" pointIndex="1426" originalElevation="215.0" isOriginalElevationFromOSM="false" isAnchor="false"><ele>203.2</ele></trkpt>
<trkpt lat="34.661398" lon="127.581718" sectionIndex="0" pointIndex="1427" originalElevation="215.0" isOriginalElevationFromOSM="false" isAnchor="false"><ele>204.6</ele></trkpt>
<trkpt lat="34.661424" lon="127.581762" sectionIndex="0" pointIndex="1428" originalElevation="215.0" isOriginalElevationFromOSM="false" isAnchor="false"><ele>205.9</ele></trkpt>
<trkpt lat="34.661450" lon="127.581807" sectionIndex="0" pointIndex="1429" originalElevation="215.0" isOriginalElevationFromOSM="false" isAnchor="false"><ele>207.2</ele></trkpt>
<trkpt lat="34.661466" lon="127.581833" sectionIndex="0" pointIndex="1430" originalElevation="215.0" isOriginalElevationFromOSM="false" isAnchor="false"><ele>208.6</ele></trkpt>
<trkpt lat="34.661466" lon="127.581833" sectionIndex="0" pointIndex="1431" originalElevation="215.0" isOriginalElevationFromOSM="false" isAnchor="false"><ele>209.9</ele></trkpt>
<trkpt lat="34.661482" lon="127.581884" sectionIndex="0" pointIndex="1432" originalElevation="215.0" isOriginalElevationFromOSM="false" isAnchor="false"><ele>211.3</ele></trkpt>
<trkpt lat="34.661498" lon="127.581935" sectionIndex="0" pointIndex="1433" originalElevation="215.0" isOriginalElevationFromOSM="false" isAnchor="false"><ele>212.6</ele></trkpt>
<trkpt lat="34.661514" lon="127.581986" sectionIndex="0" pointIndex="1434" originalElevation="215.0" isOriginalElevationFromOSM="false" isAnchor="false"><ele>213.9</ele></trkpt>
<trkpt lat="34.661530" lon="127.582037" sectionIndex="0" pointIndex="1435" originalElevation="215.0" isOriginalElevationFromOSM="false" isAnchor="false"><ele>215.2</ele></trkpt>
<trkpt lat="34.661543" lon="127.582079" sectionIndex="0" pointIndex="1436" originalElevation="215.0" isOriginalElevationFromOSM="false" isAnchor="false"><ele>216.5</ele></trkpt>
<trkpt lat="34.661543" lon="127.582079" sectionIndex="0" pointIndex="1437" originalElevation="215.0" isOriginalElevationFromOSM="false" isAnchor="false"><ele>217.8</ele></trkpt>
<trkpt lat="34.661549" lon="127.582133" sectionIndex="0" pointIndex="1438" originalElevation="215.0" isOriginalElevationFromOSM="false" isAnchor="false"><ele>219.1</ele></trkpt>
<trkpt lat="34.661554" lon="127.582188" sectionIndex="0" pointIndex="1439" originalElevation="215.0" isOriginalElevationFromOSM="false" isAnchor="false"><ele>220.4</ele></trkpt>
<trkpt lat="34.661560" lon="127.582242" sectionIndex="0" pointIndex="1440" originalElevation="215.0" isOriginalElevationFromOSM="false" isAnchor="false"><ele>221.8</ele></trkpt>
<trkpt lat="34.661565" lon="127.582296" sectionIndex="0" pointIndex="1441" originalElevation="215.0" isOriginalElevationFromOSM="false" isAnchor="false"><ele>223.1</ele></trkpt>
<trkpt lat="34.661570" lon="127.582350" sectionIndex="0" pointIndex="1442" originalElevation="215.0" isOriginalElevationFromOSM="false" isAnchor="false"><ele>224.3</ele></trkpt>
<trkpt lat="34.661576" lon="127.582405" sectionIndex="0" pointIndex="1443" originalElevation="215.0" isOriginalElevationFromOSM="false" isAnchor="false"><ele>225.6</ele></trkpt>
<trkpt lat="34.661581" lon="127.582459" sectionIndex="0" pointIndex="1444" originalElevation="215.0" isOriginalElevationFromOSM="false" isAnchor="false"><ele>226.8</ele></trkpt>
<trkpt lat="34.661587" lon="127.582513" sectionIndex="0" pointIndex="1445" originalElevation="242.0" isOriginalElevationFromOSM="false" isAnchor="false"><ele>228.0</ele></trkpt>
<trkpt lat="34.661589" lon="127.582532" sectionIndex="0" pointIndex="1446" originalElevation="242.0" isOriginalElevationFromOSM="false" isAnchor="false"><ele>229.1</ele></trkpt>
<trkpt lat="34.661589" lon="127.582532" sectionIndex="0" pointIndex="1447" originalElevation="242.0" isOriginalElevationFromOSM="false" isAnchor="false"><ele>230.2</ele></trkpt>
<trkpt lat="34.661594" lon="127.582586" sectionIndex="0" pointIndex="1448" originalElevation="242.0" isOriginalElevationFromOSM="false" isAnchor="false"><ele>231.1</ele></trkpt>
<trkpt lat="34.661600" lon="127.582641" sectionIndex="0" pointIndex="1449" originalElevation="242.0" isOriginalElevationFromOSM="false" isAnchor="false"><ele>231.9</ele></trkpt>
<trkpt lat="34.661601" lon="127.582652" sectionIndex="0" pointIndex="1450" originalElevation="242.0" isOriginalElevationFromOSM="false" isAnchor="false"><ele>232.6</ele></trkpt>
<trkpt lat="34.661601" lon="127.582652" sectionIndex="0" pointIndex="1451" originalElevation="242.0" isOriginalElevationFromOSM="false" isAnchor="false"><ele>233.1</ele></trkpt>
<trkpt lat="34.661631" lon="127.582693" sectionIndex="0" pointIndex="1452" originalElevation="242.0" isOriginalElevationFromOSM="false" isAnchor="false"><ele>233.5</ele></trkpt>
<trkpt lat="34.661661" lon="127.582734" sectionIndex="0" pointIndex="1453" originalElevation="242.0" isOriginalElevationFromOSM="false" isAnchor="false"><ele>233.7</ele></trkpt>
<trkpt lat="34.661691" lon="127.582775" sectionIndex="0" pointIndex="1454" originalElevation="231.0" isOriginalElevationFromOSM="false" isAnchor="false"><ele>233.9</ele></trkpt>
<trkpt lat="34.661721" lon="127.582815" sectionIndex="0" pointIndex="1455" originalElevation="231.0" isOriginalElevationFromOSM="false" isAnchor="false"><ele>233.9</ele></trkpt>
<trkpt lat="34.661751" lon="127.582856" sectionIndex="0" pointIndex="1456" originalElevation="231.0" isOriginalElevationFromOSM="false" isAnchor="false"><ele>233.8</ele></trkpt>
<trkpt lat="34.661781" lon="127.582896" sectionIndex="0" pointIndex="1457" originalElevation="231.0" isOriginalElevationFromOSM="false" isAnchor="false"><ele>233.6</ele></trkpt>
<trkpt lat="34.661781" lon="127.582896" sectionIndex="0" pointIndex="1458" originalElevation="231.0" isOriginalElevationFromOSM="false" isAnchor="false"><ele>233.5</ele></trkpt>
<trkpt lat="34.661821" lon="127.582919" sectionIndex="0" pointIndex="1459" originalElevation="231.0" isOriginalElevationFromOSM="false" isAnchor="false"><ele>233.2</ele></trkpt>
<trkpt lat="34.661862" lon="127.582942" sectionIndex="0" pointIndex="1460" originalElevation="231.0" isOriginalElevationFromOSM="false" isAnchor="false"><ele>233.0</ele></trkpt>
<trkpt lat="34.661903" lon="127.582965" sectionIndex="0" pointIndex="1461" originalElevation="231.0" isOriginalElevationFromOSM="false" isAnchor="false"><ele>232.6</ele></trkpt>
<trkpt lat="34.661942" lon="127.582987" sectionIndex="0" pointIndex="1462" originalElevation="231.0" isOriginalElevationFromOSM="false" isAnchor="false"><ele>232.2</ele></trkpt>
<trkpt lat="34.661942" lon="127.582987" sectionIndex="0" pointIndex="1463" originalElevation="231.0" isOriginalElevationFromOSM="false" isAnchor="false"><ele>232.0</ele></trkpt>
<trkpt lat="34.661982" lon="127.583014" sectionIndex="0" pointIndex="1464" originalElevation="231.0" isOriginalElevationFromOSM="false" isAnchor="false"><ele>231.7</ele></trkpt>
<trkpt lat="34.662021" lon="127.583041" sectionIndex="0" pointIndex="1465" originalElevation="231.0" isOriginalElevationFromOSM="false" isAnchor="false"><ele>231.5</ele></trkpt>
<trkpt lat="34.662055" lon="127.583064" sectionIndex="0" pointIndex="1466" originalElevation="231.0" isOriginalElevationFromOSM="false" isAnchor="false"><ele>231.3</ele></trkpt>
<trkpt lat="34.662055" lon="127.583064" sectionIndex="0" pointIndex="1467" originalElevation="231.0" isOriginalElevationFromOSM="false" isAnchor="false"><ele>231.1</ele></trkpt>
<trkpt lat="34.662096" lon="127.583086" sectionIndex="0" pointIndex="1468" originalElevation="231.0" isOriginalElevationFromOSM="false" isAnchor="false"><ele>231.0</ele></trkpt>
<trkpt lat="34.662138" lon="127.583107" sectionIndex="0" pointIndex="1469" originalElevation="231.0" isOriginalElevationFromOSM="false" isAnchor="false"><ele>230.8</ele></trkpt>
<trkpt lat="34.662179" lon="127.583128" sectionIndex="0" pointIndex="1470" originalElevation="231.0" isOriginalElevationFromOSM="false" isAnchor="false"><ele>230.7</ele></trkpt>
<trkpt lat="34.662221" lon="127.583149" sectionIndex="0" pointIndex="1471" originalElevation="231.0" isOriginalElevationFromOSM="false" isAnchor="false"><ele>230.7</ele></trkpt>
<trkpt lat="34.662255" lon="127.583167" sectionIndex="0" pointIndex="1472" originalElevation="231.0" isOriginalElevationFromOSM="false" isAnchor="false"><ele>230.5</ele></trkpt>
<trkpt lat="34.662255" lon="127.583167" sectionIndex="0" pointIndex="1473" originalElevation="231.0" isOriginalElevationFromOSM="false" isAnchor="false"><ele>230.4</ele></trkpt>
<trkpt lat="34.662300" lon="127.583171" sectionIndex="0" pointIndex="1474" originalElevation="231.0" isOriginalElevationFromOSM="false" isAnchor="false"><ele>230.5</ele></trkpt>
<trkpt lat="34.662344" lon="127.583175" sectionIndex="0" pointIndex="1475" originalElevation="231.0" isOriginalElevationFromOSM="false" isAnchor="false"><ele>230.6</ele></trkpt>
<trkpt lat="34.662389" lon="127.583179" sectionIndex="0" pointIndex="1476" originalElevation="231.0" isOriginalElevationFromOSM="false" isAnchor="false"><ele>230.7</ele></trkpt>
<trkpt lat="34.662434" lon="127.583183" sectionIndex="0" pointIndex="1477" originalElevation="231.0" isOriginalElevationFromOSM="false" isAnchor="false"><ele>230.9</ele></trkpt>
<trkpt lat="34.662449" lon="127.583185" sectionIndex="0" pointIndex="1478" originalElevation="231.0" isOriginalElevationFromOSM="false" isAnchor="false"><ele>231.2</ele></trkpt>
<trkpt lat="34.662449" lon="127.583185" sectionIndex="0" pointIndex="1479" originalElevation="231.0" isOriginalElevationFromOSM="false" isAnchor="false"><ele>231.6</ele></trkpt>
<trkpt lat="34.662492" lon="127.583197" sectionIndex="0" pointIndex="1480" originalElevation="231.0" isOriginalElevationFromOSM="false" isAnchor="false"><ele>232.1</ele></trkpt>
<trkpt lat="34.662536" lon="127.583209" sectionIndex="0" pointIndex="1481" originalElevation="227.0" isOriginalElevationFromOSM="false" isAnchor="false"><ele>232.7</ele></trkpt>
<trkpt lat="34.662580" lon="127.583222" sectionIndex="0" pointIndex="1482" originalElevation="227.0" isOriginalElevationFromOSM="false" isAnchor="false"><ele>233.4</ele></trkpt>
<trkpt lat="34.662615" lon="127.583232" sectionIndex="0" pointIndex="1483" originalElevation="227.0" isOriginalElevationFromOSM="false" isAnchor="false"><ele>234.2</ele></trkpt>
<trkpt lat="34.662615" lon="127.583232" sectionIndex="0" pointIndex="1484" originalElevation="227.0" isOriginalElevationFromOSM="false" isAnchor="false"><ele>235.1</ele></trkpt>
<trkpt lat="34.662651" lon="127.583265" sectionIndex="0" pointIndex="1485" originalElevation="227.0" isOriginalElevationFromOSM="false" isAnchor="false"><ele>236.2</ele></trkpt>
<trkpt lat="34.662667" lon="127.583279" sectionIndex="0" pointIndex="1486" originalElevation="227.0" isOriginalElevationFromOSM="false" isAnchor="false"><ele>237.3</ele></trkpt>
<trkpt lat="34.662667" lon="127.583279" sectionIndex="0" pointIndex="1487" originalElevation="227.0" isOriginalElevationFromOSM="false" isAnchor="false"><ele>238.6</ele></trkpt>
<trkpt lat="34.662695" lon="127.583321" sectionIndex="0" pointIndex="1488" originalElevation="227.0" isOriginalElevationFromOSM="false" isAnchor="false"><ele>239.9</ele></trkpt>
<trkpt lat="34.662724" lon="127.583363" sectionIndex="0" pointIndex="1489" originalElevation="253.0" isOriginalElevationFromOSM="false" isAnchor="false"><ele>241.2</ele></trkpt>
<trkpt lat="34.662749" lon="127.583399" sectionIndex="0" pointIndex="1490" originalElevation="253.0" isOriginalElevationFromOSM="false" isAnchor="false"><ele>242.5</ele></trkpt>
<trkpt lat="34.662749" lon="127.583399" sectionIndex="0" pointIndex="1491" originalElevation="253.0" isOriginalElevationFromOSM="false" isAnchor="false"><ele>243.8</ele></trkpt>
<trkpt lat="34.662781" lon="127.583438" sectionIndex="0" pointIndex="1492" originalElevation="253.0" isOriginalElevationFromOSM="false" isAnchor="false"><ele>245.0</ele></trkpt>
<trkpt lat="34.662812" lon="127.583478" sectionIndex="0" pointIndex="1493" originalElevation="253.0" isOriginalElevationFromOSM="false" isAnchor="false"><ele>246.2</ele></trkpt>
<trkpt lat="34.662844" lon="127.583517" sectionIndex="0" pointIndex="1494" originalElevation="253.0" isOriginalElevationFromOSM="false" isAnchor="false"><ele>247.3</ele></trkpt>
<trkpt lat="34.662875" lon="127.583556" sectionIndex="0" pointIndex="1495" originalElevation="253.0" isOriginalElevationFromOSM="false" isAnchor="false"><ele>248.3</ele></trkpt>
<trkpt lat="34.662906" lon="127.583595" sectionIndex="0" pointIndex="1496" originalElevation="253.0" isOriginalElevationFromOSM="false" isAnchor="false"><ele>249.2</ele></trkpt>
<trkpt lat="34.662938" lon="127.583634" sectionIndex="0" pointIndex="1497" originalElevation="253.0" isOriginalElevationFromOSM="false" isAnchor="false"><ele>250.1</ele></trkpt>
<trkpt lat="34.662969" lon="127.583673" sectionIndex="0" pointIndex="1498" originalElevation="253.0" isOriginalElevationFromOSM="false" isAnchor="false"><ele>250.7</ele></trkpt>
<trkpt lat="34.662996" lon="127.583707" sectionIndex="0" pointIndex="1499" originalElevation="253.0" isOriginalElevationFromOSM="false" isAnchor="false"><ele>251.2</ele></trkpt>
<trkpt lat="34.662996" lon="127.583707" sectionIndex="0" pointIndex="1500" originalElevation="253.0" isOriginalElevationFromOSM="false" isAnchor="false"><ele>251.7</ele></trkpt>
<trkpt lat="34.663023" lon="127.583751" sectionIndex="0" pointIndex="1501" originalElevation="253.0" isOriginalElevationFromOSM="false" isAnchor="false"><ele>252.2</ele></trkpt>
<trkpt lat="34.663049" lon="127.583794" sectionIndex="0" pointIndex="1502" originalElevation="253.0" isOriginalElevationFromOSM="false" isAnchor="false"><ele>252.6</ele></trkpt>
<trkpt lat="34.663076" lon="127.583838" sectionIndex="0" pointIndex="1503" originalElevation="253.0" isOriginalElevationFromOSM="false" isAnchor="false"><ele>253.0</ele></trkpt>
<trkpt lat="34.663103" lon="127.583882" sectionIndex="0" pointIndex="1504" originalElevation="253.0" isOriginalElevationFromOSM="false" isAnchor="false"><ele>253.3</ele></trkpt>
<trkpt lat="34.663130" lon="127.583926" sectionIndex="0" pointIndex="1505" originalElevation="253.0" isOriginalElevationFromOSM="false" isAnchor="false"><ele>253.5</ele></trkpt>
<trkpt lat="34.663156" lon="127.583970" sectionIndex="0" pointIndex="1506" originalElevation="253.0" isOriginalElevationFromOSM="false" isAnchor="false"><ele>253.8</ele></trkpt>
<trkpt lat="34.663159" lon="127.583975" sectionIndex="0" pointIndex="1507" originalElevation="253.0" isOriginalElevationFromOSM="false" isAnchor="false"><ele>254.1</ele></trkpt>
<trkpt lat="34.663159" lon="127.583975" sectionIndex="0" pointIndex="1508" originalElevation="253.0" isOriginalElevationFromOSM="false" isAnchor="false"><ele>254.4</ele></trkpt>
<trkpt lat="34.663197" lon="127.584004" sectionIndex="0" pointIndex="1509" originalElevation="253.0" isOriginalElevationFromOSM="false" isAnchor="false"><ele>254.8</ele></trkpt>
<trkpt lat="34.663235" lon="127.584034" sectionIndex="0" pointIndex="1510" originalElevation="253.0" isOriginalElevationFromOSM="false" isAnchor="false"><ele>255.3</ele></trkpt>
<trkpt lat="34.663273" lon="127.584063" sectionIndex="0" pointIndex="1511" originalElevation="253.0" isOriginalElevationFromOSM="false" isAnchor="false"><ele>255.8</ele></trkpt>
<trkpt lat="34.663311" lon="127.584092" sectionIndex="0" pointIndex="1512" originalElevation="253.0" isOriginalElevationFromOSM="false" isAnchor="false"><ele>256.4</ele></trkpt>
<trkpt lat="34.663349" lon="127.584122" sectionIndex="0" pointIndex="1513" originalElevation="244.0" isOriginalElevationFromOSM="false" isAnchor="false"><ele>257.0</ele></trkpt>
<trkpt lat="34.663387" lon="127.584151" sectionIndex="0" pointIndex="1514" originalElevation="244.0" isOriginalElevationFromOSM="false" isAnchor="false"><ele>257.7</ele></trkpt>
<trkpt lat="34.663425" lon="127.584181" sectionIndex="0" pointIndex="1515" originalElevation="265.0" isOriginalElevationFromOSM="false" isAnchor="false"><ele>258.4</ele></trkpt>
<trkpt lat="34.663463" lon="127.584210" sectionIndex="0" pointIndex="1516" originalElevation="265.0" isOriginalElevationFromOSM="false" isAnchor="false"><ele>259.0</ele></trkpt>
<trkpt lat="34.663482" lon="127.584225" sectionIndex="0" pointIndex="1517" originalElevation="265.0" isOriginalElevationFromOSM="false" isAnchor="false"><ele>259.7</ele></trkpt>
<trkpt lat="34.663482" lon="127.584225" sectionIndex="0" pointIndex="1518" originalElevation="265.0" isOriginalElevationFromOSM="false" isAnchor="false"><ele>260.4</ele></trkpt>
<trkpt lat="34.663502" lon="127.584274" sectionIndex="0" pointIndex="1519" originalElevation="265.0" isOriginalElevationFromOSM="false" isAnchor="false"><ele>261.1</ele></trkpt>
<trkpt lat="34.663522" lon="127.584324" sectionIndex="0" pointIndex="1520" originalElevation="265.0" isOriginalElevationFromOSM="false" isAnchor="false"><ele>261.7</ele></trkpt>
<trkpt lat="34.663542" lon="127.584373" sectionIndex="0" pointIndex="1521" originalElevation="265.0" isOriginalElevationFromOSM="false" isAnchor="false"><ele>262.2</ele></trkpt>
<trkpt lat="34.663562" lon="127.584422" sectionIndex="0" pointIndex="1522" originalElevation="265.0" isOriginalElevationFromOSM="false" isAnchor="false"><ele>262.7</ele></trkpt>
<trkpt lat="34.663582" lon="127.584471" sectionIndex="0" pointIndex="1523" originalElevation="265.0" isOriginalElevationFromOSM="false" isAnchor="false"><ele>263.2</ele></trkpt>
<trkpt lat="34.663602" lon="127.584520" sectionIndex="0" pointIndex="1524" originalElevation="265.0" isOriginalElevationFromOSM="false" isAnchor="false"><ele>263.6</ele></trkpt>
<trkpt lat="34.663621" lon="127.584569" sectionIndex="0" pointIndex="1525" originalElevation="265.0" isOriginalElevationFromOSM="false" isAnchor="false"><ele>264.0</ele></trkpt>
<trkpt lat="34.663641" lon="127.584618" sectionIndex="0" pointIndex="1526" originalElevation="265.0" isOriginalElevationFromOSM="false" isAnchor="false"><ele>264.5</ele></trkpt>
<trkpt lat="34.663654" lon="127.584649" sectionIndex="0" pointIndex="1527" originalElevation="265.0" isOriginalElevationFromOSM="false" isAnchor="false"><ele>264.9</ele></trkpt>
<trkpt lat="34.663654" lon="127.584649" sectionIndex="0" pointIndex="1528" originalElevation="265.0" isOriginalElevationFromOSM="false" isAnchor="false"><ele>265.3</ele></trkpt>
<trkpt lat="34.663682" lon="127.584692" sectionIndex="0" pointIndex="1529" originalElevation="265.0" isOriginalElevationFromOSM="false" isAnchor="false"><ele>265.8</ele></trkpt>
<trkpt lat="34.663711" lon="127.584734" sectionIndex="0" pointIndex="1530" originalElevation="265.0" isOriginalElevationFromOSM="false" isAnchor="false"><ele>266.3</ele></trkpt>
<trkpt lat="34.663719" lon="127.584745" sectionIndex="0" pointIndex="1531" originalElevation="265.0" isOriginalElevationFromOSM="false" isAnchor="false"><ele>266.7</ele></trkpt>
<trkpt lat="34.663719" lon="127.584745" sectionIndex="0" pointIndex="1532" originalElevation="265.0" isOriginalElevationFromOSM="false" isAnchor="false"><ele>267.2</ele></trkpt>
<trkpt lat="34.663746" lon="127.584789" sectionIndex="0" pointIndex="1533" originalElevation="265.0" isOriginalElevationFromOSM="false" isAnchor="false"><ele>267.7</ele></trkpt>
<trkpt lat="34.663774" lon="127.584832" sectionIndex="0" pointIndex="1534" originalElevation="265.0" isOriginalElevationFromOSM="false" isAnchor="false"><ele>268.3</ele></trkpt>
<trkpt lat="34.663801" lon="127.584875" sectionIndex="0" pointIndex="1535" originalElevation="265.0" isOriginalElevationFromOSM="false" isAnchor="false"><ele>269.0</ele></trkpt>
<trkpt lat="34.663829" lon="127.584919" sectionIndex="0" pointIndex="1536" originalElevation="265.0" isOriginalElevationFromOSM="false" isAnchor="false"><ele>269.7</ele></trkpt>
<trkpt lat="34.663851" lon="127.584954" sectionIndex="0" pointIndex="1537" originalElevation="265.0" isOriginalElevationFromOSM="false" isAnchor="false"><ele>270.5</ele></trkpt>
<trkpt lat="34.663851" lon="127.584954" sectionIndex="0" pointIndex="1538" originalElevation="265.0" isOriginalElevationFromOSM="false" isAnchor="false"><ele>271.3</ele></trkpt>
<trkpt lat="34.663875" lon="127.585000" sectionIndex="0" pointIndex="1539" originalElevation="265.0" isOriginalElevationFromOSM="false" isAnchor="false"><ele>272.1</ele></trkpt>
<trkpt lat="34.663898" lon="127.585046" sectionIndex="0" pointIndex="1540" originalElevation="280.0" isOriginalElevationFromOSM="false" isAnchor="false"><ele>272.9</ele></trkpt>
<trkpt lat="34.663922" lon="127.585093" sectionIndex="0" pointIndex="1541" originalElevation="280.0" isOriginalElevationFromOSM="false" isAnchor="false"><ele>273.7</ele></trkpt>
<trkpt lat="34.663933" lon="127.585115" sectionIndex="0" pointIndex="1542" originalElevation="280.0" isOriginalElevationFromOSM="false" isAnchor="false"><ele>274.5</ele></trkpt>
<trkpt lat="34.663933" lon="127.585115" sectionIndex="0" pointIndex="1543" originalElevation="280.0" isOriginalElevationFromOSM="false" isAnchor="false"><ele>275.3</ele></trkpt>
<trkpt lat="34.663946" lon="127.585168" sectionIndex="0" pointIndex="1544" originalElevation="280.0" isOriginalElevationFromOSM="false" isAnchor="false"><ele>276.0</ele></trkpt>
<trkpt lat="34.663958" lon="127.585220" sectionIndex="0" pointIndex="1545" originalElevation="280.0" isOriginalElevationFromOSM="false" isAnchor="false"><ele>276.7</ele></trkpt>
<trkpt lat="34.663960" lon="127.585230" sectionIndex="0" pointIndex="1546" originalElevation="280.0" isOriginalElevationFromOSM="false" isAnchor="false"><ele>277.3</ele></trkpt>
<trkpt lat="34.663960" lon="127.585230" sectionIndex="0" pointIndex="1547" originalElevation="280.0" isOriginalElevationFromOSM="false" isAnchor="false"><ele>277.8</ele></trkpt>
<trkpt lat="34.663951" lon="127.585283" sectionIndex="0" pointIndex="1548" originalElevation="280.0" isOriginalElevationFromOSM="false" isAnchor="false"><ele>278.3</ele></trkpt>
<trkpt lat="34.663942" lon="127.585337" sectionIndex="0" pointIndex="1549" originalElevation="280.0" isOriginalElevationFromOSM="false" isAnchor="false"><ele>278.7</ele></trkpt>
<trkpt lat="34.663939" lon="127.585358" sectionIndex="0" pointIndex="1550" originalElevation="280.0" isOriginalElevationFromOSM="false" isAnchor="false"><ele>279.0</ele></trkpt>
<trkpt lat="34.663939" lon="127.585358" sectionIndex="0" pointIndex="1551" originalElevation="280.0" isOriginalElevationFromOSM="false" isAnchor="false"><ele>279.3</ele></trkpt>
<trkpt lat="34.663910" lon="127.585399" sectionIndex="0" pointIndex="1552" originalElevation="280.0" isOriginalElevationFromOSM="false" isAnchor="false"><ele>279.6</ele></trkpt>
<trkpt lat="34.663881" lon="127.585441" sectionIndex="0" pointIndex="1553" originalElevation="280.0" isOriginalElevationFromOSM="false" isAnchor="false"><ele>279.7</ele></trkpt>
<trkpt lat="34.663869" lon="127.585458" sectionIndex="0" pointIndex="1554" originalElevation="280.0" isOriginalElevationFromOSM="false" isAnchor="false"><ele>279.9</ele></trkpt>
<trkpt lat="34.663869" lon="127.585458" sectionIndex="0" pointIndex="1555" originalElevation="280.0" isOriginalElevationFromOSM="false" isAnchor="false"><ele>280.0</ele></trkpt>
<trkpt lat="34.663829" lon="127.585484" sectionIndex="0" pointIndex="1556" originalElevation="280.0" isOriginalElevationFromOSM="false" isAnchor="false"><ele>280.0</ele></trkpt>
<trkpt lat="34.663789" lon="127.585510" sectionIndex="0" pointIndex="1557" originalElevation="280.0" isOriginalElevationFromOSM="false" isAnchor="false"><ele>279.9</ele></trkpt>
<trkpt lat="34.663750" lon="127.585535" sectionIndex="0" pointIndex="1558" originalElevation="280.0" isOriginalElevationFromOSM="false" isAnchor="false"><ele>279.8</ele></trkpt>
<trkpt lat="34.663710" lon="127.585561" sectionIndex="0" pointIndex="1559" originalElevation="280.0" isOriginalElevationFromOSM="false" isAnchor="false"><ele>279.6</ele></trkpt>
<trkpt lat="34.663670" lon="127.585587" sectionIndex="0" pointIndex="1560" originalElevation="280.0" isOriginalElevationFromOSM="false" isAnchor="false"><ele>279.5</ele></trkpt>
<trkpt lat="34.663630" lon="127.585612" sectionIndex="0" pointIndex="1561" originalElevation="280.0" isOriginalElevationFromOSM="false" isAnchor="false"><ele>279.2</ele></trkpt>
<trkpt lat="34.663627" lon="127.585615" sectionIndex="0" pointIndex="1562" originalElevation="280.0" isOriginalElevationFromOSM="false" isAnchor="false"><ele>279.0</ele></trkpt>
<trkpt lat="34.663627" lon="127.585615" sectionIndex="0" pointIndex="1563" originalElevation="280.0" isOriginalElevationFromOSM="false" isAnchor="false"><ele>278.6</ele></trkpt>
<trkpt lat="34.663583" lon="127.585625" sectionIndex="0" pointIndex="1564" originalElevation="280.0" isOriginalElevationFromOSM="false" isAnchor="false"><ele>278.3</ele></trkpt>
<trkpt lat="34.663538" lon="127.585635" sectionIndex="0" pointIndex="1565" originalElevation="280.0" isOriginalElevationFromOSM="false" isAnchor="false"><ele>277.8</ele></trkpt>
<trkpt lat="34.663494" lon="127.585646" sectionIndex="0" pointIndex="1566" originalElevation="280.0" isOriginalElevationFromOSM="false" isAnchor="false"><ele>277.4</ele></trkpt>
<trkpt lat="34.663450" lon="127.585656" sectionIndex="0" pointIndex="1567" originalElevation="280.0" isOriginalElevationFromOSM="false" isAnchor="false"><ele>276.8</ele></trkpt>
<trkpt lat="34.663406" lon="127.585667" sectionIndex="0" pointIndex="1568" originalElevation="280.0" isOriginalElevationFromOSM="false" isAnchor="false"><ele>276.2</ele></trkpt>
<trkpt lat="34.663390" lon="127.585670" sectionIndex="0" pointIndex="1569" originalElevation="280.0" isOriginalElevationFromOSM="false" isAnchor="false"><ele>275.6</ele></trkpt>
<trkpt lat="34.663390" lon="127.585670" sectionIndex="0" pointIndex="1570" originalElevation="280.0" isOriginalElevationFromOSM="false" isAnchor="false"><ele>275.0</ele></trkpt>
<trkpt lat="34.663345" lon="127.585678" sectionIndex="0" pointIndex="1571" originalElevation="280.0" isOriginalElevationFromOSM="false" isAnchor="false"><ele>274.3</ele></trkpt>
<trkpt lat="34.663301" lon="127.585685" sectionIndex="0" pointIndex="1572" originalElevation="268.0" isOriginalElevationFromOSM="false" isAnchor="false"><ele>273.7</ele></trkpt>
<trkpt lat="34.663256" lon="127.585693" sectionIndex="0" pointIndex="1573" originalElevation="268.0" isOriginalElevationFromOSM="false" isAnchor="false"><ele>273.0</ele></trkpt>
<trkpt lat="34.663212" lon="127.585701" sectionIndex="0" pointIndex="1574" originalElevation="268.0" isOriginalElevationFromOSM="false" isAnchor="false"><ele>272.4</ele></trkpt>
<trkpt lat="34.663167" lon="127.585708" sectionIndex="0" pointIndex="1575" originalElevation="268.0" isOriginalElevationFromOSM="false" isAnchor="false"><ele>271.8</ele></trkpt>
<trkpt lat="34.663123" lon="127.585716" sectionIndex="0" pointIndex="1576" originalElevation="268.0" isOriginalElevationFromOSM="false" isAnchor="false"><ele>271.2</ele></trkpt>
<trkpt lat="34.663112" lon="127.585717" sectionIndex="0" pointIndex="1577" originalElevation="268.0" isOriginalElevationFromOSM="false" isAnchor="false"><ele>270.6</ele></trkpt>
<trkpt lat="34.663112" lon="127.585717" sectionIndex="0" pointIndex="1578" originalElevation="268.0" isOriginalElevationFromOSM="false" isAnchor="false"><ele>270.2</ele></trkpt>
<trkpt lat="34.663068" lon="127.585715" sectionIndex="0" pointIndex="1579" originalElevation="268.0" isOriginalElevationFromOSM="false" isAnchor="false"><ele>269.7</ele></trkpt>
<trkpt lat="34.663023" lon="127.585712" sectionIndex="0" pointIndex="1580" originalElevation="268.0" isOriginalElevationFromOSM="false" isAnchor="false"><ele>269.4</ele></trkpt>
<trkpt lat="34.662978" lon="127.585709" sectionIndex="0" pointIndex="1581" originalElevation="268.0" isOriginalElevationFromOSM="false" isAnchor="false"><ele>269.0</ele></trkpt>
<trkpt lat="34.662966" lon="127.585708" sectionIndex="0" pointIndex="1582" originalElevation="268.0" isOriginalElevationFromOSM="false" isAnchor="false"><ele>268.8</ele></trkpt>
<trkpt lat="34.662966" lon="127.585708" sectionIndex="0" pointIndex="1583" originalElevation="268.0" isOriginalElevationFromOSM="false" isAnchor="false"><ele>268.5</ele></trkpt>
<trkpt lat="34.662929" lon="127.585677" sectionIndex="0" pointIndex="1584" originalElevation="268.0" isOriginalElevationFromOSM="false" isAnchor="false"><ele>268.4</ele></trkpt>
<trkpt lat="34.662892" lon="127.585645" sectionIndex="0" pointIndex="1585" originalElevation="268.0" isOriginalElevationFromOSM="false" isAnchor="false"><ele>268.2</ele></trkpt>
<trkpt lat="34.662889" lon="127.585642" sectionIndex="0" pointIndex="1586" originalElevation="268.0" isOriginalElevationFromOSM="false" isAnchor="false"><ele>268.1</ele></trkpt>
<trkpt lat="34.662889" lon="127.585642" sectionIndex="0" pointIndex="1587" originalElevation="268.0" isOriginalElevationFromOSM="false" isAnchor="false"><ele>268.0</ele></trkpt>
<trkpt lat="34.662857" lon="127.585603" sectionIndex="0" pointIndex="1588" originalElevation="268.0" isOriginalElevationFromOSM="false" isAnchor="false"><ele>268.0</ele></trkpt>
<trkpt lat="34.662826" lon="127.585563" sectionIndex="0" pointIndex="1589" originalElevation="268.0" isOriginalElevationFromOSM="false" isAnchor="false"><ele>268.0</ele></trkpt>
<trkpt lat="34.662825" lon="127.585561" sectionIndex="0" pointIndex="1590" originalElevation="268.0" isOriginalElevationFromOSM="false" isAnchor="false"><ele>267.9</ele></trkpt>
<trkpt lat="34.662825" lon="127.585561" sectionIndex="0" pointIndex="1591" originalElevation="268.0" isOriginalElevationFromOSM="false" isAnchor="false"><ele>267.7</ele></trkpt>
<trkpt lat="34.662802" lon="127.585514" sectionIndex="0" pointIndex="1592" originalElevation="268.0" isOriginalElevationFromOSM="false" isAnchor="false"><ele>267.5</ele></trkpt>
<trkpt lat="34.662780" lon="127.585466" sectionIndex="0" pointIndex="1593" originalElevation="268.0" isOriginalElevationFromOSM="false" isAnchor="false"><ele>267.2</ele></trkpt>
<trkpt lat="34.662758" lon="127.585419" sectionIndex="0" pointIndex="1594" originalElevation="268.0" isOriginalElevationFromOSM="false" isAnchor="false"><ele>266.9</ele></trkpt>
<trkpt lat="34.662737" lon="127.585374" sectionIndex="0" pointIndex="1595" originalElevation="268.0" isOriginalElevationFromOSM="false" isAnchor="false"><ele>266.5</ele></trkpt>
<trkpt lat="34.662737" lon="127.585374" sectionIndex="0" pointIndex="1596" originalElevation="268.0" isOriginalElevationFromOSM="false" isAnchor="false"><ele>266.1</ele></trkpt>
<trkpt lat="34.662707" lon="127.585333" sectionIndex="0" pointIndex="1597" originalElevation="268.0" isOriginalElevationFromOSM="false" isAnchor="false"><ele>265.5</ele></trkpt>
<trkpt lat="34.662677" lon="127.585292" sectionIndex="0" pointIndex="1598" originalElevation="268.0" isOriginalElevationFromOSM="false" isAnchor="false"><ele>264.9</ele></trkpt>
<trkpt lat="34.662647" lon="127.585251" sectionIndex="0" pointIndex="1599" originalElevation="268.0" isOriginalElevationFromOSM="false" isAnchor="false"><ele>264.2</ele></trkpt>
<trkpt lat="34.662639" lon="127.585241" sectionIndex="0" pointIndex="1600" originalElevation="268.0" isOriginalElevationFromOSM="false" isAnchor="false"><ele>263.5</ele></trkpt>
<trkpt lat="34.662639" lon="127.585241" sectionIndex="0" pointIndex="1601" originalElevation="268.0" isOriginalElevationFromOSM="false" isAnchor="false"><ele>262.7</ele></trkpt>
<trkpt lat="34.662599" lon="127.585216" sectionIndex="0" pointIndex="1602" originalElevation="268.0" isOriginalElevationFromOSM="false" isAnchor="false"><ele>261.9</ele></trkpt>
<trkpt lat="34.662559" lon="127.585191" sectionIndex="0" pointIndex="1603" originalElevation="268.0" isOriginalElevationFromOSM="false" isAnchor="false"><ele>261.2</ele></trkpt>
<trkpt lat="34.662519" lon="127.585166" sectionIndex="0" pointIndex="1604" originalElevation="268.0" isOriginalElevationFromOSM="false" isAnchor="false"><ele>260.5</ele></trkpt>
<trkpt lat="34.662491" lon="127.585149" sectionIndex="0" pointIndex="1605" originalElevation="251.0" isOriginalElevationFromOSM="false" isAnchor="false"><ele>259.8</ele></trkpt>
<trkpt lat="34.662491" lon="127.585149" sectionIndex="0" pointIndex="1606" originalElevation="251.0" isOriginalElevationFromOSM="false" isAnchor="false"><ele>259.2</ele></trkpt>
<trkpt lat="34.662448" lon="127.585132" sectionIndex="0" pointIndex="1607" originalElevation="251.0" isOriginalElevationFromOSM="false" isAnchor="false"><ele>258.7</ele></trkpt>
<trkpt lat="34.662405" lon="127.585116" sectionIndex="0" pointIndex="1608" originalElevation="251.0" isOriginalElevationFromOSM="false" isAnchor="false"><ele>258.4</ele></trkpt>
<trkpt lat="34.662362" lon="127.585100" sectionIndex="0" pointIndex="1609" originalElevation="251.0" isOriginalElevationFromOSM="false" isAnchor="false"><ele>258.1</ele></trkpt>
<trkpt lat="34.662319" lon="127.585084" sectionIndex="0" pointIndex="1610" originalElevation="251.0" isOriginalElevationFromOSM="false" isAnchor="false"><ele>258.0</ele></trkpt>
<trkpt lat="34.662276" lon="127.585067" sectionIndex="0" pointIndex="1611" originalElevation="251.0" isOriginalElevationFromOSM="false" isAnchor="false"><ele>258.0</ele></trkpt>
<trkpt lat="34.662259" lon="127.585061" sectionIndex="0" pointIndex="1612" originalElevation="251.0" isOriginalElevationFromOSM="false" isAnchor="false"><ele>258.2</ele></trkpt>
<trkpt lat="34.662259" lon="127.585061" sectionIndex="0" pointIndex="1613" originalElevation="251.0" isOriginalElevationFromOSM="false" isAnchor="false"><ele>258.6</ele></trkpt>
<trkpt lat="34.662217" lon="127.585044" sectionIndex="0" pointIndex="1614" originalElevation="251.0" isOriginalElevationFromOSM="false" isAnchor="false"><ele>259.0</ele></trkpt>
<trkpt lat="34.662174" lon="127.585026" sectionIndex="0" pointIndex="1615" originalElevation="251.0" isOriginalElevationFromOSM="false" isAnchor="false"><ele>259.6</ele></trkpt>
<trkpt lat="34.662131" lon="127.585009" sectionIndex="0" pointIndex="1616" originalElevation="251.0" isOriginalElevationFromOSM="false" isAnchor="false"><ele>260.3</ele></trkpt>
<trkpt lat="34.662089" lon="127.584992" sectionIndex="0" pointIndex="1617" originalElevation="269.0" isOriginalElevationFromOSM="false" isAnchor="false"><ele>261.1</ele></trkpt>
<trkpt lat="34.662046" lon="127.584974" sectionIndex="0" pointIndex="1618" originalElevation="269.0" isOriginalElevationFromOSM="false" isAnchor="false"><ele>261.9</ele></trkpt>
<trkpt lat="34.662003" lon="127.584957" sectionIndex="0" pointIndex="1619" originalElevation="269.0" isOriginalElevationFromOSM="false" isAnchor="false"><ele>262.7</ele></trkpt>
<trkpt lat="34.661989" lon="127.584951" sectionIndex="0" pointIndex="1620" originalElevation="269.0" isOriginalElevationFromOSM="false" isAnchor="false"><ele>263.5</ele></trkpt>
<trkpt lat="34.661989" lon="127.584951" sectionIndex="0" pointIndex="1621" originalElevation="269.0" isOriginalElevationFromOSM="false" isAnchor="false"><ele>264.5</ele></trkpt>
<trkpt lat="34.661947" lon="127.584935" sectionIndex="0" pointIndex="1622" originalElevation="269.0" isOriginalElevationFromOSM="false" isAnchor="false"><ele>265.3</ele></trkpt>
<trkpt lat="34.661904" lon="127.584918" sectionIndex="0" pointIndex="1623" originalElevation="269.0" isOriginalElevationFromOSM="false" isAnchor="false"><ele>266.1</ele></trkpt>
<trkpt lat="34.661861" lon="127.584901" sectionIndex="0" pointIndex="1624" originalElevation="269.0" isOriginalElevationFromOSM="false" isAnchor="false"><ele>266.8</ele></trkpt>
<trkpt lat="34.661818" lon="127.584885" sectionIndex="0" pointIndex="1625" originalElevation="269.0" isOriginalElevationFromOSM="false" isAnchor="false"><ele>267.5</ele></trkpt>
<trkpt lat="34.661775" lon="127.584868" sectionIndex="0" pointIndex="1626" originalElevation="269.0" isOriginalElevationFromOSM="false" isAnchor="false"><ele>268.1</ele></trkpt>
<trkpt lat="34.661753" lon="127.584860" sectionIndex="0" pointIndex="1627" originalElevation="269.0" isOriginalElevationFromOSM="false" isAnchor="false"><ele>268.6</ele></trkpt>
<trkpt lat="34.661753" lon="127.584860" sectionIndex="0" pointIndex="1628" originalElevation="269.0" isOriginalElevationFromOSM="false" isAnchor="false"><ele>269.0</ele></trkpt>
<trkpt lat="34.661708" lon="127.584854" sectionIndex="0" pointIndex="1629" originalElevation="269.0" isOriginalElevationFromOSM="false" isAnchor="false"><ele>269.4</ele></trkpt>
<trkpt lat="34.661664" lon="127.584848" sectionIndex="0" pointIndex="1630" originalElevation="271.0" isOriginalElevationFromOSM="false" isAnchor="false"><ele>269.7</ele></trkpt>
<trkpt lat="34.661619" lon="127.584842" sectionIndex="0" pointIndex="1631" originalElevation="271.0" isOriginalElevationFromOSM="false" isAnchor="false"><ele>270.0</ele></trkpt>
<trkpt lat="34.661598" lon="127.584839" sectionIndex="0" pointIndex="1632" originalElevation="271.0" isOriginalElevationFromOSM="false" isAnchor="false"><ele>270.3</ele></trkpt>
<trkpt lat="34.661598" lon="127.584839" sectionIndex="0" pointIndex="1633" originalElevation="271.0" isOriginalElevationFromOSM="false" isAnchor="false"><ele>270.4</ele></trkpt>
<trkpt lat="34.661553" lon="127.584847" sectionIndex="0" pointIndex="1634" originalElevation="271.0" isOriginalElevationFromOSM="false" isAnchor="false"><ele>270.5</ele></trkpt>
<trkpt lat="34.661509" lon="127.584855" sectionIndex="0" pointIndex="1635" originalElevation="271.0" isOriginalElevationFromOSM="false" isAnchor="false"><ele>270.6</ele></trkpt>
<trkpt lat="34.661480" lon="127.584860" sectionIndex="0" pointIndex="1636" originalElevation="271.0" isOriginalElevationFromOSM="false" isAnchor="false"><ele>270.6</ele></trkpt>
<trkpt lat="34.661480" lon="127.584860" sectionIndex="0" pointIndex="1637" originalElevation="271.0" isOriginalElevationFromOSM="false" isAnchor="false"><ele>270.7</ele></trkpt>
<trkpt lat="34.661436" lon="127.584859" sectionIndex="0" pointIndex="1638" originalElevation="271.0" isOriginalElevationFromOSM="false" isAnchor="false"><ele>270.8</ele></trkpt>
<trkpt lat="34.661391" lon="127.584857" sectionIndex="0" pointIndex="1639" originalElevation="271.0" isOriginalElevationFromOSM="false" isAnchor="false"><ele>270.8</ele></trkpt>
<trkpt lat="34.661379" lon="127.584857" sectionIndex="0" pointIndex="1640" originalElevation="271.0" isOriginalElevationFromOSM="false" isAnchor="false"><ele>270.9</ele></trkpt>
<trkpt lat="34.661379" lon="127.584857" sectionIndex="0" pointIndex="1641" originalElevation="271.0" isOriginalElevationFromOSM="false" isAnchor="false"><ele>270.9</ele></trkpt>
<trkpt lat="34.661336" lon="127.584842" sectionIndex="0" pointIndex="1642" originalElevation="271.0" isOriginalElevationFromOSM="false" isAnchor="false"><ele>270.9</ele></trkpt>
<trkpt lat="34.661293" lon="127.584827" sectionIndex="0" pointIndex="1643" originalElevation="271.0" isOriginalElevationFromOSM="false" isAnchor="false"><ele>271.0</ele></trkpt>
<trkpt lat="34.661260" lon="127.584815" sectionIndex="0" pointIndex="1644" originalElevation="271.0" isOriginalElevationFromOSM="false" isAnchor="false"><ele>271.0</ele></trkpt>
<trkpt lat="34.661260" lon="127.584815" sectionIndex="0" pointIndex="1645" originalElevation="271.0" isOriginalElevationFromOSM="false" isAnchor="false"><ele>271.0</ele></trkpt>
<trkpt lat="34.661218" lon="127.584796" sectionIndex="0" pointIndex="1646" originalElevation="271.0" isOriginalElevationFromOSM="false" isAnchor="false"><ele>270.9</ele></trkpt>
<trkpt lat="34.661176" lon="127.584777" sectionIndex="0" pointIndex="1647" originalElevation="271.0" isOriginalElevationFromOSM="false" isAnchor="false"><ele>270.8</ele></trkpt>
<trkpt lat="34.661133" lon="127.584758" sectionIndex="0" pointIndex="1648" originalElevation="271.0" isOriginalElevationFromOSM="false" isAnchor="false"><ele>270.7</ele></trkpt>
<trkpt lat="34.661125" lon="127.584754" sectionIndex="0" pointIndex="1649" originalElevation="271.0" isOriginalElevationFromOSM="false" isAnchor="false"><ele>270.5</ele></trkpt>
<trkpt lat="34.661125" lon="127.584754" sectionIndex="0" pointIndex="1650" originalElevation="271.0" isOriginalElevationFromOSM="false" isAnchor="false"><ele>270.3</ele></trkpt>
<trkpt lat="34.661080" lon="127.584758" sectionIndex="0" pointIndex="1651" originalElevation="271.0" isOriginalElevationFromOSM="false" isAnchor="false"><ele>269.9</ele></trkpt>
<trkpt lat="34.661035" lon="127.584761" sectionIndex="0" pointIndex="1652" originalElevation="271.0" isOriginalElevationFromOSM="false" isAnchor="false"><ele>269.5</ele></trkpt>
<trkpt lat="34.660990" lon="127.584764" sectionIndex="0" pointIndex="1653" originalElevation="271.0" isOriginalElevationFromOSM="false" isAnchor="false"><ele>269.0</ele></trkpt>
<trkpt lat="34.660987" lon="127.584764" sectionIndex="0" pointIndex="1654" originalElevation="271.0" isOriginalElevationFromOSM="false" isAnchor="false"><ele>268.4</ele></trkpt>
<trkpt lat="34.660987" lon="127.584764" sectionIndex="0" pointIndex="1655" originalElevation="271.0" isOriginalElevationFromOSM="false" isAnchor="false"><ele>267.7</ele></trkpt>
<trkpt lat="34.660943" lon="127.584776" sectionIndex="0" pointIndex="1656" originalElevation="271.0" isOriginalElevationFromOSM="false" isAnchor="false"><ele>266.9</ele></trkpt>
<trkpt lat="34.660899" lon="127.584787" sectionIndex="0" pointIndex="1657" originalElevation="271.0" isOriginalElevationFromOSM="false" isAnchor="false"><ele>266.0</ele></trkpt>
<trkpt lat="34.660884" lon="127.584791" sectionIndex="0" pointIndex="1658" originalElevation="271.0" isOriginalElevationFromOSM="false" isAnchor="false"><ele>265.0</ele></trkpt>
<trkpt lat="34.660884" lon="127.584791" sectionIndex="0" pointIndex="1659" originalElevation="271.0" isOriginalElevationFromOSM="false" isAnchor="false"><ele>263.9</ele></trkpt>
<trkpt lat="34.660855" lon="127.584833" sectionIndex="0" pointIndex="1660" originalElevation="271.0" isOriginalElevationFromOSM="false" isAnchor="false"><ele>262.7</ele></trkpt>
<trkpt lat="34.660826" lon="127.584875" sectionIndex="0" pointIndex="1661" originalElevation="260.0" isOriginalElevationFromOSM="false" isAnchor="false"><ele>261.5</ele></trkpt>
<trkpt lat="34.660810" lon="127.584898" sectionIndex="0" pointIndex="1662" originalElevation="260.0" isOriginalElevationFromOSM="false" isAnchor="false"><ele>260.2</ele></trkpt>
<trkpt lat="34.660810" lon="127.584898" sectionIndex="0" pointIndex="1663" originalElevation="260.0" isOriginalElevationFromOSM="false" isAnchor="false"><ele>258.9</ele></trkpt>
<trkpt lat="34.660786" lon="127.584944" sectionIndex="0" pointIndex="1664" originalElevation="260.0" isOriginalElevationFromOSM="false" isAnchor="false"><ele>257.6</ele></trkpt>
<trkpt lat="34.660762" lon="127.584991" sectionIndex="0" pointIndex="1665" originalElevation="260.0" isOriginalElevationFromOSM="false" isAnchor="false"><ele>256.3</ele></trkpt>
<trkpt lat="34.660744" lon="127.585026" sectionIndex="0" pointIndex="1666" originalElevation="246.0" isOriginalElevationFromOSM="false" isAnchor="false"><ele>255.0</ele></trkpt>
<trkpt lat="34.660744" lon="127.585026" sectionIndex="0" pointIndex="1667" originalElevation="246.0" isOriginalElevationFromOSM="false" isAnchor="false"><ele>253.8</ele></trkpt>
<trkpt lat="34.660726" lon="127.585076" sectionIndex="0" pointIndex="1668" originalElevation="246.0" isOriginalElevationFromOSM="false" isAnchor="false"><ele>252.7</ele></trkpt>
<trkpt lat="34.660721" lon="127.585091" sectionIndex="0" pointIndex="1669" originalElevation="246.0" isOriginalElevationFromOSM="false" isAnchor="false"><ele>251.6</ele></trkpt>
<trkpt lat="34.660721" lon="127.585091" sectionIndex="0" pointIndex="1670" originalElevation="246.0" isOriginalElevationFromOSM="false" isAnchor="false"><ele>250.7</ele></trkpt>
<trkpt lat="34.660687" lon="127.585126" sectionIndex="0" pointIndex="1671" originalElevation="246.0" isOriginalElevationFromOSM="false" isAnchor="false"><ele>249.8</ele></trkpt>
<trkpt lat="34.660652" lon="127.585161" sectionIndex="0" pointIndex="1672" originalElevation="246.0" isOriginalElevationFromOSM="false" isAnchor="false"><ele>249.0</ele></trkpt>
<trkpt lat="34.660647" lon="127.585166" sectionIndex="0" pointIndex="1673" originalElevation="246.0" isOriginalElevationFromOSM="false" isAnchor="false"><ele>248.4</ele></trkpt>
<trkpt lat="34.660647" lon="127.585166" sectionIndex="0" pointIndex="1674" originalElevation="246.0" isOriginalElevationFromOSM="false" isAnchor="false"><ele>247.8</ele></trkpt>
<trkpt lat="34.660603" lon="127.585173" sectionIndex="0" pointIndex="1675" originalElevation="246.0" isOriginalElevationFromOSM="false" isAnchor="false"><ele>247.3</ele></trkpt>
<trkpt lat="34.660588" lon="127.585176" sectionIndex="0" pointIndex="1676" originalElevation="246.0" isOriginalElevationFromOSM="false" isAnchor="false"><ele>246.9</ele></trkpt>
<trkpt lat="34.660588" lon="127.585176" sectionIndex="0" pointIndex="1677" originalElevation="246.0" isOriginalElevationFromOSM="false" isAnchor="false"><ele>246.6</ele></trkpt>
<trkpt lat="34.660543" lon="127.585179" sectionIndex="0" pointIndex="1678" originalElevation="246.0" isOriginalElevationFromOSM="false" isAnchor="false"><ele>246.4</ele></trkpt>
<trkpt lat="34.660498" lon="127.585183" sectionIndex="0" pointIndex="1679" originalElevation="246.0" isOriginalElevationFromOSM="false" isAnchor="false"><ele>246.2</ele></trkpt>
<trkpt lat="34.660467" lon="127.585185" sectionIndex="0" pointIndex="1680" originalElevation="246.0" isOriginalElevationFromOSM="false" isAnchor="false"><ele>246.1</ele></trkpt>
<trkpt lat="34.660467" lon="127.585185" sectionIndex="0" pointIndex="1681" originalElevation="246.0" isOriginalElevationFromOSM="false" isAnchor="false"><ele>246.0</ele></trkpt>
<trkpt lat="34.660422" lon="127.585186" sectionIndex="0" pointIndex="1682" originalElevation="246.0" isOriginalElevationFromOSM="false" isAnchor="false"><ele>245.7</ele></trkpt>
<trkpt lat="34.660377" lon="127.585187" sectionIndex="0" pointIndex="1683" originalElevation="246.0" isOriginalElevationFromOSM="false" isAnchor="false"><ele>245.4</ele></trkpt>
<trkpt lat="34.660332" lon="127.585189" sectionIndex="0" pointIndex="1684" originalElevation="246.0" isOriginalElevationFromOSM="false" isAnchor="false"><ele>244.9</ele></trkpt>
<trkpt lat="34.660317" lon="127.585189" sectionIndex="0" pointIndex="1685" originalElevation="246.0" isOriginalElevationFromOSM="false" isAnchor="false"><ele>244.4</ele></trkpt>
<trkpt lat="34.660317" lon="127.585189" sectionIndex="0" pointIndex="1686" originalElevation="246.0" isOriginalElevationFromOSM="false" isAnchor="false"><ele>243.7</ele></trkpt>
<trkpt lat="34.660273" lon="127.585200" sectionIndex="0" pointIndex="1687" originalElevation="246.0" isOriginalElevationFromOSM="false" isAnchor="false"><ele>242.9</ele></trkpt>
<trkpt lat="34.660229" lon="127.585210" sectionIndex="0" pointIndex="1688" originalElevation="246.0" isOriginalElevationFromOSM="false" isAnchor="false"><ele>241.9</ele></trkpt>
<trkpt lat="34.660185" lon="127.585221" sectionIndex="0" pointIndex="1689" originalElevation="246.0" isOriginalElevationFromOSM="false" isAnchor="false"><ele>240.8</ele></trkpt>
<trkpt lat="34.660164" lon="127.585226" sectionIndex="0" pointIndex="1690" originalElevation="246.0" isOriginalElevationFromOSM="false" isAnchor="false"><ele>239.5</ele></trkpt>
<trkpt lat="34.660164" lon="127.585226" sectionIndex="0" pointIndex="1691" originalElevation="246.0" isOriginalElevationFromOSM="false" isAnchor="false"><ele>238.1</ele></trkpt>
<trkpt lat="34.660124" lon="127.585252" sectionIndex="0" pointIndex="1692" originalElevation="246.0" isOriginalElevationFromOSM="false" isAnchor="false"><ele>236.5</ele></trkpt>
<trkpt lat="34.660096" lon="127.585271" sectionIndex="0" pointIndex="1693" originalElevation="246.0" isOriginalElevationFromOSM="false" isAnchor="false"><ele>234.7</ele></trkpt>
<trkpt lat="34.660096" lon="127.585271" sectionIndex="0" pointIndex="1694" originalElevation="246.0" isOriginalElevationFromOSM="false" isAnchor="false"><ele>232.9</ele></trkpt>
<trkpt lat="34.660059" lon="127.585302" sectionIndex="0" pointIndex="1695" originalElevation="246.0" isOriginalElevationFromOSM="false" isAnchor="false"><ele>231.0</ele></trkpt>
<trkpt lat="34.660023" lon="127.585334" sectionIndex="0" pointIndex="1696" originalElevation="246.0" isOriginalElevationFromOSM="false" isAnchor="false"><ele>229.0</ele></trkpt>
<trkpt lat="34.659986" lon="127.585365" sectionIndex="0" pointIndex="1697" originalElevation="210.0" isOriginalElevationFromOSM="false" isAnchor="false"><ele>227.3</ele></trkpt>
<trkpt lat="34.659949" lon="127.585397" sectionIndex="0" pointIndex="1698" originalElevation="210.0" isOriginalElevationFromOSM="false" isAnchor="false"><ele>225.6</ele></trkpt>
<trkpt lat="34.659912" lon="127.585428" sectionIndex="0" pointIndex="1699" originalElevation="210.0" isOriginalElevationFromOSM="false" isAnchor="false"><ele>224.2</ele></trkpt>
<trkpt lat="34.659907" lon="127.585433" sectionIndex="0" pointIndex="1700" originalElevation="210.0" isOriginalElevationFromOSM="false" isAnchor="false"><ele>222.9</ele></trkpt>
<trkpt lat="34.659907" lon="127.585433" sectionIndex="0" pointIndex="1701" originalElevation="210.0" isOriginalElevationFromOSM="false" isAnchor="false"><ele>221.8</ele></trkpt>
<trkpt lat="34.659885" lon="127.585481" sectionIndex="0" pointIndex="1702" originalElevation="210.0" isOriginalElevationFromOSM="false" isAnchor="false"><ele>221.1</ele></trkpt>
<trkpt lat="34.659883" lon="127.585485" sectionIndex="0" pointIndex="1703" originalElevation="210.0" isOriginalElevationFromOSM="false" isAnchor="false"><ele>220.6</ele></trkpt>
<trkpt lat="34.659883" lon="127.585485" sectionIndex="0" pointIndex="1704" originalElevation="210.0" isOriginalElevationFromOSM="false" isAnchor="false"><ele>220.4</ele></trkpt>
<trkpt lat="34.659894" lon="127.585519" sectionIndex="0" pointIndex="1705" originalElevation="210.0" isOriginalElevationFromOSM="false" isAnchor="false"><ele>220.6</ele></trkpt>
<trkpt lat="34.659894" lon="127.585519" sectionIndex="0" pointIndex="1706" originalElevation="210.0" isOriginalElevationFromOSM="false" isAnchor="false"><ele>221.1</ele></trkpt>
<trkpt lat="34.659920" lon="127.585535" sectionIndex="0" pointIndex="1707" originalElevation="210.0" isOriginalElevationFromOSM="false" isAnchor="false"><ele>221.8</ele></trkpt>
<trkpt lat="34.659920" lon="127.585535" sectionIndex="0" pointIndex="1708" originalElevation="210.0" isOriginalElevationFromOSM="false" isAnchor="false"><ele>222.9</ele></trkpt>
<trkpt lat="34.659960" lon="127.585526" sectionIndex="0" pointIndex="1709" originalElevation="210.0" isOriginalElevationFromOSM="false" isAnchor="false"><ele>224.2</ele></trkpt>
<trkpt lat="34.659960" lon="127.585526" sectionIndex="0" pointIndex="1710" originalElevation="210.0" isOriginalElevationFromOSM="false" isAnchor="false"><ele>225.6</ele></trkpt>
<trkpt lat="34.659999" lon="127.585500" sectionIndex="0" pointIndex="1711" originalElevation="210.0" isOriginalElevationFromOSM="false" isAnchor="false"><ele>227.3</ele></trkpt>
<trkpt lat="34.660038" lon="127.585474" sectionIndex="0" pointIndex="1712" originalElevation="246.0" isOriginalElevationFromOSM="false" isAnchor="false"><ele>229.0</ele></trkpt>
<trkpt lat="34.660077" lon="127.585448" sectionIndex="0" pointIndex="1713" originalElevation="246.0" isOriginalElevationFromOSM="false" isAnchor="false"><ele>231.0</ele></trkpt>
<trkpt lat="34.660077" lon="127.585448" sectionIndex="0" pointIndex="1714" originalElevation="246.0" isOriginalElevationFromOSM="false" isAnchor="false"><ele>232.9</ele></trkpt>
<trkpt lat="34.660118" lon="127.585424" sectionIndex="0" pointIndex="1715" originalElevation="246.0" isOriginalElevationFromOSM="false" isAnchor="false"><ele>234.7</ele></trkpt>
<trkpt lat="34.660158" lon="127.585400" sectionIndex="0" pointIndex="1716" originalElevation="246.0" isOriginalElevationFromOSM="false" isAnchor="false"><ele>236.5</ele></trkpt>
<trkpt lat="34.660175" lon="127.585390" sectionIndex="0" pointIndex="1717" originalElevation="246.0" isOriginalElevationFromOSM="false" isAnchor="false"><ele>238.1</ele></trkpt>
<trkpt lat="34.660175" lon="127.585390" sectionIndex="0" pointIndex="1718" originalElevation="246.0" isOriginalElevationFromOSM="false" isAnchor="false"><ele>239.5</ele></trkpt>
<trkpt lat="34.660220" lon="127.585392" sectionIndex="0" pointIndex="1719" originalElevation="246.0" isOriginalElevationFromOSM="false" isAnchor="false"><ele>240.8</ele></trkpt>
<trkpt lat="34.660265" lon="127.585395" sectionIndex="0" pointIndex="1720" originalElevation="246.0" isOriginalElevationFromOSM="false" isAnchor="false"><ele>241.9</ele></trkpt>
<trkpt lat="34.660310" lon="127.585398" sectionIndex="0" pointIndex="1721" originalElevation="246.0" isOriginalElevationFromOSM="false" isAnchor="false"><ele>242.9</ele></trkpt>
<trkpt lat="34.660341" lon="127.585399" sectionIndex="0" pointIndex="1722" originalElevation="246.0" isOriginalElevationFromOSM="false" isAnchor="false"><ele>243.7</ele></trkpt>
<trkpt lat="34.660341" lon="127.585399" sectionIndex="0" pointIndex="1723" originalElevation="246.0" isOriginalElevationFromOSM="false" isAnchor="false"><ele>244.5</ele></trkpt>
<trkpt lat="34.660383" lon="127.585418" sectionIndex="0" pointIndex="1724" originalElevation="246.0" isOriginalElevationFromOSM="false" isAnchor="false"><ele>245.1</ele></trkpt>
<trkpt lat="34.660426" lon="127.585437" sectionIndex="0" pointIndex="1725" originalElevation="246.0" isOriginalElevationFromOSM="false" isAnchor="false"><ele>245.6</ele></trkpt>
<trkpt lat="34.660468" lon="127.585455" sectionIndex="0" pointIndex="1726" originalElevation="246.0" isOriginalElevationFromOSM="false" isAnchor="false"><ele>246.0</ele></trkpt>
<trkpt lat="34.660510" lon="127.585474" sectionIndex="0" pointIndex="1727" originalElevation="246.0" isOriginalElevationFromOSM="false" isAnchor="false"><ele>246.3</ele></trkpt>
<trkpt lat="34.660552" lon="127.585493" sectionIndex="0" pointIndex="1728" originalElevation="246.0" isOriginalElevationFromOSM="false" isAnchor="false"><ele>246.5</ele></trkpt>
<trkpt lat="34.660564" lon="127.585498" sectionIndex="0" pointIndex="1729" originalElevation="246.0" isOriginalElevationFromOSM="false" isAnchor="false"><ele>246.6</ele></trkpt>
<trkpt lat="34.660564" lon="127.585498" sectionIndex="0" pointIndex="1730" originalElevation="246.0" isOriginalElevationFromOSM="false" isAnchor="false"><ele>246.7</ele></trkpt>
<trkpt lat="34.660608" lon="127.585493" sectionIndex="0" pointIndex="1731" originalElevation="246.0" isOriginalElevationFromOSM="false" isAnchor="false"><ele>246.9</ele></trkpt>
<trkpt lat="34.660653" lon="127.585488" sectionIndex="0" pointIndex="1732" originalElevation="246.0" isOriginalElevationFromOSM="false" isAnchor="false"><ele>247.1</ele></trkpt>
<trkpt lat="34.660698" lon="127.585483" sectionIndex="0" pointIndex="1733" originalElevation="246.0" isOriginalElevationFromOSM="false" isAnchor="false"><ele>247.3</ele></trkpt>
<trkpt lat="34.660743" lon="127.585479" sectionIndex="0" pointIndex="1734" originalElevation="246.0" isOriginalElevationFromOSM="false" isAnchor="false"><ele>247.5</ele></trkpt>
<trkpt lat="34.660788" lon="127.585474" sectionIndex="0" pointIndex="1735" originalElevation="246.0" isOriginalElevationFromOSM="false" isAnchor="false"><ele>247.7</ele></trkpt>
<trkpt lat="34.660832" lon="127.585469" sectionIndex="0" pointIndex="1736" originalElevation="246.0" isOriginalElevationFromOSM="false" isAnchor="false"><ele>247.9</ele></trkpt>
<trkpt lat="34.660877" lon="127.585464" sectionIndex="0" pointIndex="1737" originalElevation="250.0" isOriginalElevationFromOSM="false" isAnchor="false"><ele>248.1</ele></trkpt>
<trkpt lat="34.660922" lon="127.585460" sectionIndex="0" pointIndex="1738" originalElevation="250.0" isOriginalElevationFromOSM="false" isAnchor="false"><ele>248.3</ele></trkpt>
<trkpt lat="34.660962" lon="127.585455" sectionIndex="0" pointIndex="1739" originalElevation="250.0" isOriginalElevationFromOSM="false" isAnchor="false"><ele>248.5</ele></trkpt>
<trkpt lat="34.660962" lon="127.585455" sectionIndex="0" pointIndex="1740" originalElevation="250.0" isOriginalElevationFromOSM="false" isAnchor="false"><ele>248.7</ele></trkpt>
<trkpt lat="34.661004" lon="127.585472" sectionIndex="0" pointIndex="1741" originalElevation="250.0" isOriginalElevationFromOSM="false" isAnchor="false"><ele>248.9</ele></trkpt>
<trkpt lat="34.661019" lon="127.585478" sectionIndex="0" pointIndex="1742" originalElevation="250.0" isOriginalElevationFromOSM="false" isAnchor="false"><ele>248.9</ele></trkpt>
<trkpt lat="34.661019" lon="127.585478" sectionIndex="0" pointIndex="1743" originalElevation="250.0" isOriginalElevationFromOSM="false" isAnchor="false"><ele>248.7</ele></trkpt>
<trkpt lat="34.661056" lon="127.585508" sectionIndex="0" pointIndex="1744" originalElevation="250.0" isOriginalElevationFromOSM="false" isAnchor="false"><ele>248.5</ele></trkpt>
<trkpt lat="34.661059" lon="127.585511" sectionIndex="0" pointIndex="1745" originalElevation="250.0" isOriginalElevationFromOSM="false" isAnchor="false"><ele>248.1</ele></trkpt>
<trkpt lat="34.661059" lon="127.585511" sectionIndex="0" pointIndex="1746" originalElevation="250.0" isOriginalElevationFromOSM="false" isAnchor="false"><ele>247.6</ele></trkpt>
<trkpt lat="34.661070" lon="127.585553" sectionIndex="0" pointIndex="1747" originalElevation="250.0" isOriginalElevationFromOSM="false" isAnchor="false"><ele>247.0</ele></trkpt>
<trkpt lat="34.661070" lon="127.585553" sectionIndex="0" pointIndex="1748" originalElevation="250.0" isOriginalElevationFromOSM="false" isAnchor="false"><ele>246.2</ele></trkpt>
<trkpt lat="34.661084" lon="127.585605" sectionIndex="0" pointIndex="1749" originalElevation="250.0" isOriginalElevationFromOSM="false" isAnchor="false"><ele>245.2</ele></trkpt>
<trkpt lat="34.661098" lon="127.585657" sectionIndex="0" pointIndex="1750" originalElevation="250.0" isOriginalElevationFromOSM="false" isAnchor="false"><ele>244.2</ele></trkpt>
<trkpt lat="34.661112" lon="127.585709" sectionIndex="0" pointIndex="1751" originalElevation="250.0" isOriginalElevationFromOSM="false" isAnchor="false"><ele>242.9</ele></trkpt>
<trkpt lat="34.661115" lon="127.585717" sectionIndex="0" pointIndex="1752" originalElevation="250.0" isOriginalElevationFromOSM="false" isAnchor="false"><ele>241.5</ele></trkpt>
<trkpt lat="34.661115" lon="127.585717" sectionIndex="0" pointIndex="1753" originalElevation="250.0" isOriginalElevationFromOSM="false" isAnchor="false"><ele>240.0</ele></trkpt>
<trkpt lat="34.661149" lon="127.585752" sectionIndex="0" pointIndex="1754" originalElevation="250.0" isOriginalElevationFromOSM="false" isAnchor="false"><ele>238.3</ele></trkpt>
<trkpt lat="34.661183" lon="127.585788" sectionIndex="0" pointIndex="1755" originalElevation="250.0" isOriginalElevationFromOSM="false" isAnchor="false"><ele>236.6</ele></trkpt>
<trkpt lat="34.661218" lon="127.585823" sectionIndex="0" pointIndex="1756" originalElevation="250.0" isOriginalElevationFromOSM="false" isAnchor="false"><ele>234.9</ele></trkpt>
<trkpt lat="34.661252" lon="127.585858" sectionIndex="0" pointIndex="1757" originalElevation="218.0" isOriginalElevationFromOSM="false" isAnchor="false"><ele>233.1</ele></trkpt>
<trkpt lat="34.661256" lon="127.585863" sectionIndex="0" pointIndex="1758" originalElevation="218.0" isOriginalElevationFromOSM="false" isAnchor="false"><ele>231.4</ele></trkpt>
<trkpt lat="34.661256" lon="127.585863" sectionIndex="0" pointIndex="1759" originalElevation="218.0" isOriginalElevationFromOSM="false" isAnchor="false"><ele>229.7</ele></trkpt>
<trkpt lat="34.661285" lon="127.585905" sectionIndex="0" pointIndex="1760" originalElevation="218.0" isOriginalElevationFromOSM="false" isAnchor="false"><ele>228.0</ele></trkpt>
<trkpt lat="34.661310" lon="127.585941" sectionIndex="0" pointIndex="1761" originalElevation="218.0" isOriginalElevationFromOSM="false" isAnchor="false"><ele>226.5</ele></trkpt>
<trkpt lat="34.661310" lon="127.585941" sectionIndex="0" pointIndex="1762" originalElevation="218.0" isOriginalElevationFromOSM="false" isAnchor="false"><ele>225.1</ele></trkpt>
<trkpt lat="34.661329" lon="127.585990" sectionIndex="0" pointIndex="1763" originalElevation="218.0" isOriginalElevationFromOSM="false" isAnchor="false"><ele>223.8</ele></trkpt>
<trkpt lat="34.661339" lon="127.586016" sectionIndex="0" pointIndex="1764" originalElevation="218.0" isOriginalElevationFromOSM="false" isAnchor="false"><ele>222.6</ele></trkpt>
<trkpt lat="34.661339" lon="127.586016" sectionIndex="0" pointIndex="1765" originalElevation="218.0" isOriginalElevationFromOSM="false" isAnchor="false"><ele>221.6</ele></trkpt>
<trkpt lat="34.661337" lon="127.586071" sectionIndex="0" pointIndex="1766" originalElevation="218.0" isOriginalElevationFromOSM="false" isAnchor="false"><ele>220.8</ele></trkpt>
<trkpt lat="34.661336" lon="127.586094" sectionIndex="0" pointIndex="1767" originalElevation="218.0" isOriginalElevationFromOSM="false" isAnchor="false"><ele>220.0</ele></trkpt>
<trkpt lat="34.661336" lon="127.586094" sectionIndex="0" pointIndex="1768" originalElevation="218.0" isOriginalElevationFromOSM="false" isAnchor="false"><ele>219.4</ele></trkpt>
<trkpt lat="34.661323" lon="127.586146" sectionIndex="0" pointIndex="1769" originalElevation="218.0" isOriginalElevationFromOSM="false" isAnchor="false"><ele>218.9</ele></trkpt>
<trkpt lat="34.661309" lon="127.586198" sectionIndex="0" pointIndex="1770" originalElevation="218.0" isOriginalElevationFromOSM="false" isAnchor="false"><ele>218.5</ele></trkpt>
<trkpt lat="34.661302" lon="127.586227" sectionIndex="0" pointIndex="1771" originalElevation="218.0" isOriginalElevationFromOSM="false" isAnchor="false"><ele>218.2</ele></trkpt>
<trkpt lat="34.661302" lon="127.586227" sectionIndex="0" pointIndex="1772" originalElevation="218.0" isOriginalElevationFromOSM="false" isAnchor="false"><ele>218.0</ele></trkpt>
<trkpt lat="34.661266" lon="127.586261" sectionIndex="0" pointIndex="1773" originalElevation="218.0" isOriginalElevationFromOSM="false" isAnchor="false"><ele>217.9</ele></trkpt>
<trkpt lat="34.661231" lon="127.586294" sectionIndex="0" pointIndex="1774" originalElevation="218.0" isOriginalElevationFromOSM="false" isAnchor="false"><ele>217.7</ele></trkpt>
<trkpt lat="34.661195" lon="127.586328" sectionIndex="0" pointIndex="1775" originalElevation="218.0" isOriginalElevationFromOSM="false" isAnchor="false"><ele>217.4</ele></trkpt>
<trkpt lat="34.661159" lon="127.586361" sectionIndex="0" pointIndex="1776" originalElevation="218.0" isOriginalElevationFromOSM="false" isAnchor="false"><ele>217.1</ele></trkpt>
<trkpt lat="34.661124" lon="127.586395" sectionIndex="0" pointIndex="1777" originalElevation="218.0" isOriginalElevationFromOSM="false" isAnchor="false"><ele>216.7</ele></trkpt>
<trkpt lat="34.661088" lon="127.586428" sectionIndex="0" pointIndex="1778" originalElevation="218.0" isOriginalElevationFromOSM="false" isAnchor="false"><ele>216.3</ele></trkpt>
<trkpt lat="34.661053" lon="127.586462" sectionIndex="0" pointIndex="1779" originalElevation="218.0" isOriginalElevationFromOSM="false" isAnchor="false"><ele>215.7</ele></trkpt>
<trkpt lat="34.661017" lon="127.586495" sectionIndex="0" pointIndex="1780" originalElevation="218.0" isOriginalElevationFromOSM="false" isAnchor="false"><ele>215.1</ele></trkpt>
<trkpt lat="34.661016" lon="127.586496" sectionIndex="0" pointIndex="1781" originalElevation="218.0" isOriginalElevationFromOSM="false" isAnchor="false"><ele>214.3</ele></trkpt>
<trkpt lat="34.661016" lon="127.586496" sectionIndex="0" pointIndex="1782" originalElevation="218.0" isOriginalElevationFromOSM="false" isAnchor="false"><ele>213.4</ele></trkpt>
<trkpt lat="34.660994" lon="127.586544" sectionIndex="0" pointIndex="1783" originalElevation="218.0" isOriginalElevationFromOSM="false" isAnchor="false"><ele>212.4</ele></trkpt>
<trkpt lat="34.660973" lon="127.586592" sectionIndex="0" pointIndex="1784" originalElevation="218.0" isOriginalElevationFromOSM="false" isAnchor="false"><ele>211.3</ele></trkpt>
<trkpt lat="34.660951" lon="127.586640" sectionIndex="0" pointIndex="1785" originalElevation="218.0" isOriginalElevationFromOSM="false" isAnchor="false"><ele>210.1</ele></trkpt>
<trkpt lat="34.660947" lon="127.586649" sectionIndex="0" pointIndex="1786" originalElevation="218.0" isOriginalElevationFromOSM="false" isAnchor="false"><ele>208.9</ele></trkpt>
<trkpt lat="34.660947" lon="127.586649" sectionIndex="0" pointIndex="1787" originalElevation="218.0" isOriginalElevationFromOSM="false" isAnchor="false"><ele>207.5</ele></trkpt>
<trkpt lat="34.660935" lon="127.586701" sectionIndex="0" pointIndex="1788" originalElevation="198.0" isOriginalElevationFromOSM="false" isAnchor="false"><ele>206.1</ele></trkpt>
<trkpt lat="34.660926" lon="127.586741" sectionIndex="0" pointIndex="1789" originalElevation="198.0" isOriginalElevationFromOSM="false" isAnchor="false"><ele>204.7</ele></trkpt>
<trkpt lat="34.660926" lon="127.586741" sectionIndex="0" pointIndex="1790" originalElevation="198.0" isOriginalElevationFromOSM="false" isAnchor="false"><ele>203.3</ele></trkpt>
<trkpt lat="34.660905" lon="127.586789" sectionIndex="0" pointIndex="1791" originalElevation="198.0" isOriginalElevationFromOSM="false" isAnchor="false"><ele>201.9</ele></trkpt>
<trkpt lat="34.660885" lon="127.586835" sectionIndex="0" pointIndex="1792" originalElevation="198.0" isOriginalElevationFromOSM="false" isAnchor="false"><ele>200.5</ele></trkpt>
<trkpt lat="34.660885" lon="127.586835" sectionIndex="0" pointIndex="1793" originalElevation="198.0" isOriginalElevationFromOSM="false" isAnchor="false"><ele>199.0</ele></trkpt>
<trkpt lat="34.660860" lon="127.586880" sectionIndex="0" pointIndex="1794" originalElevation="198.0" isOriginalElevationFromOSM="false" isAnchor="false"><ele>197.6</ele></trkpt>
<trkpt lat="34.660835" lon="127.586925" sectionIndex="0" pointIndex="1795" originalElevation="198.0" isOriginalElevationFromOSM="false" isAnchor="false"><ele>196.3</ele></trkpt>
<trkpt lat="34.660809" lon="127.586971" sectionIndex="0" pointIndex="1796" originalElevation="189.0" isOriginalElevationFromOSM="false" isAnchor="false"><ele>194.9</ele></trkpt>
<trkpt lat="34.660784" lon="127.587016" sectionIndex="0" pointIndex="1797" originalElevation="189.0" isOriginalElevationFromOSM="false" isAnchor="false"><ele>193.7</ele></trkpt>
<trkpt lat="34.660759" lon="127.587061" sectionIndex="0" pointIndex="1798" originalElevation="189.0" isOriginalElevationFromOSM="false" isAnchor="false"><ele>192.4</ele></trkpt>
<trkpt lat="34.660733" lon="127.587106" sectionIndex="0" pointIndex="1799" originalElevation="189.0" isOriginalElevationFromOSM="false" isAnchor="false"><ele>191.2</ele></trkpt>
<trkpt lat="34.660708" lon="127.587151" sectionIndex="0" pointIndex="1800" originalElevation="189.0" isOriginalElevationFromOSM="false" isAnchor="false"><ele>190.1</ele></trkpt>
<trkpt lat="34.660683" lon="127.587197" sectionIndex="0" pointIndex="1801" originalElevation="189.0" isOriginalElevationFromOSM="false" isAnchor="false"><ele>189.0</ele></trkpt>
<trkpt lat="34.660657" lon="127.587242" sectionIndex="0" pointIndex="1802" originalElevation="189.0" isOriginalElevationFromOSM="false" isAnchor="false"><ele>187.9</ele></trkpt>
<trkpt lat="34.660632" lon="127.587287" sectionIndex="0" pointIndex="1803" originalElevation="189.0" isOriginalElevationFromOSM="false" isAnchor="false"><ele>186.9</ele></trkpt>
<trkpt lat="34.660607" lon="127.587332" sectionIndex="0" pointIndex="1804" originalElevation="189.0" isOriginalElevationFromOSM="false" isAnchor="false"><ele>186.0</ele></trkpt>
<trkpt lat="34.660582" lon="127.587377" sectionIndex="0" pointIndex="1805" originalElevation="189.0" isOriginalElevationFromOSM="false" isAnchor="false"><ele>185.0</ele></trkpt>
<trkpt lat="34.660556" lon="127.587423" sectionIndex="0" pointIndex="1806" originalElevation="189.0" isOriginalElevationFromOSM="false" isAnchor="false"><ele>184.1</ele></trkpt>
<trkpt lat="34.660531" lon="127.587468" sectionIndex="0" pointIndex="1807" originalElevation="189.0" isOriginalElevationFromOSM="false" isAnchor="false"><ele>183.3</ele></trkpt>
<trkpt lat="34.660506" lon="127.587513" sectionIndex="0" pointIndex="1808" originalElevation="176.0" isOriginalElevationFromOSM="false" isAnchor="false"><ele>182.4</ele></trkpt>
<trkpt lat="34.660504" lon="127.587515" sectionIndex="0" pointIndex="1809" originalElevation="176.0" isOriginalElevationFromOSM="false" isAnchor="false"><ele>181.6</ele></trkpt>
<trkpt lat="34.660504" lon="127.587515" sectionIndex="0" pointIndex="1810" originalElevation="176.0" isOriginalElevationFromOSM="false" isAnchor="false"><ele>180.8</ele></trkpt>
<trkpt lat="34.660483" lon="127.587564" sectionIndex="0" pointIndex="1811" originalElevation="176.0" isOriginalElevationFromOSM="false" isAnchor="false"><ele>180.1</ele></trkpt>
<trkpt lat="34.660462" lon="127.587612" sectionIndex="0" pointIndex="1812" originalElevation="176.0" isOriginalElevationFromOSM="false" isAnchor="false"><ele>179.4</ele></trkpt>
<trkpt lat="34.660441" lon="127.587660" sectionIndex="0" pointIndex="1813" originalElevation="176.0" isOriginalElevationFromOSM="false" isAnchor="false"><ele>179.0</ele></trkpt>
<trkpt lat="34.660420" lon="127.587709" sectionIndex="0" pointIndex="1814" originalElevation="176.0" isOriginalElevationFromOSM="false" isAnchor="false"><ele>178.6</ele></trkpt>
<trkpt lat="34.660399" lon="127.587757" sectionIndex="0" pointIndex="1815" originalElevation="176.0" isOriginalElevationFromOSM="false" isAnchor="false"><ele>178.2</ele></trkpt>
<trkpt lat="34.660379" lon="127.587804" sectionIndex="0" pointIndex="1816" originalElevation="176.0" isOriginalElevationFromOSM="false" isAnchor="false"><ele>178.0</ele></trkpt>
<trkpt lat="34.660379" lon="127.587804" sectionIndex="0" pointIndex="1817" originalElevation="176.0" isOriginalElevationFromOSM="false" isAnchor="false"><ele>177.9</ele></trkpt>
<trkpt lat="34.660367" lon="127.587856" sectionIndex="0" pointIndex="1818" originalElevation="176.0" isOriginalElevationFromOSM="false" isAnchor="false"><ele>177.9</ele></trkpt>
<trkpt lat="34.660356" lon="127.587909" sectionIndex="0" pointIndex="1819" originalElevation="176.0" isOriginalElevationFromOSM="false" isAnchor="false"><ele>177.9</ele></trkpt>
<trkpt lat="34.660344" lon="127.587962" sectionIndex="0" pointIndex="1820" originalElevation="176.0" isOriginalElevationFromOSM="false" isAnchor="false"><ele>178.1</ele></trkpt>
<trkpt lat="34.660332" lon="127.588015" sectionIndex="0" pointIndex="1821" originalElevation="176.0" isOriginalElevationFromOSM="false" isAnchor="false"><ele>178.4</ele></trkpt>
<trkpt lat="34.660321" lon="127.588068" sectionIndex="0" pointIndex="1822" originalElevation="176.0" isOriginalElevationFromOSM="false" isAnchor="false"><ele>178.7</ele></trkpt>
<trkpt lat="34.660309" lon="127.588120" sectionIndex="0" pointIndex="1823" originalElevation="176.0" isOriginalElevationFromOSM="false" isAnchor="false"><ele>179.2</ele></trkpt>
<trkpt lat="34.660297" lon="127.588173" sectionIndex="0" pointIndex="1824" originalElevation="176.0" isOriginalElevationFromOSM="false" isAnchor="false"><ele>179.8</ele></trkpt>
<trkpt lat="34.660285" lon="127.588226" sectionIndex="0" pointIndex="1825" originalElevation="176.0" isOriginalElevationFromOSM="false" isAnchor="false"><ele>180.4</ele></trkpt>
<trkpt lat="34.660274" lon="127.588279" sectionIndex="0" pointIndex="1826" originalElevation="176.0" isOriginalElevationFromOSM="false" isAnchor="false"><ele>181.0</ele></trkpt>
<trkpt lat="34.660262" lon="127.588332" sectionIndex="0" pointIndex="1827" originalElevation="176.0" isOriginalElevationFromOSM="false" isAnchor="false"><ele>181.7</ele></trkpt>
<trkpt lat="34.660250" lon="127.588384" sectionIndex="0" pointIndex="1828" originalElevation="188.0" isOriginalElevationFromOSM="false" isAnchor="false"><ele>182.3</ele></trkpt>
<trkpt lat="34.660239" lon="127.588437" sectionIndex="0" pointIndex="1829" originalElevation="188.0" isOriginalElevationFromOSM="false" isAnchor="false"><ele>183.0</ele></trkpt>
<trkpt lat="34.660227" lon="127.588490" sectionIndex="0" pointIndex="1830" originalElevation="188.0" isOriginalElevationFromOSM="false" isAnchor="false"><ele>183.7</ele></trkpt>
<trkpt lat="34.660215" lon="127.588543" sectionIndex="0" pointIndex="1831" originalElevation="188.0" isOriginalElevationFromOSM="false" isAnchor="false"><ele>184.5</ele></trkpt>
<trkpt lat="34.660204" lon="127.588596" sectionIndex="0" pointIndex="1832" originalElevation="188.0" isOriginalElevationFromOSM="false" isAnchor="false"><ele>185.3</ele></trkpt>
<trkpt lat="34.660192" lon="127.588648" sectionIndex="0" pointIndex="1833" originalElevation="188.0" isOriginalElevationFromOSM="false" isAnchor="false"><ele>186.0</ele></trkpt>
<trkpt lat="34.660180" lon="127.588701" sectionIndex="0" pointIndex="1834" originalElevation="188.0" isOriginalElevationFromOSM="false" isAnchor="false"><ele>186.8</ele></trkpt>
<trkpt lat="34.660174" lon="127.588730" sectionIndex="0" pointIndex="1835" originalElevation="188.0" isOriginalElevationFromOSM="false" isAnchor="false"><ele>187.6</ele></trkpt>
<trkpt lat="34.660174" lon="127.588730" sectionIndex="0" pointIndex="1836" originalElevation="188.0" isOriginalElevationFromOSM="false" isAnchor="false"><ele>188.0</ele></trkpt>
<trkpt lat="34.660172" lon="127.588784" sectionIndex="0" pointIndex="1837" originalElevation="188.0" isOriginalElevationFromOSM="false" isAnchor="false"><ele>188.3</ele></trkpt>
<trkpt lat="34.660170" lon="127.588839" sectionIndex="0" pointIndex="1838" originalElevation="188.0" isOriginalElevationFromOSM="false" isAnchor="false"><ele>188.5</ele></trkpt>
<trkpt lat="34.660169" lon="127.588888" sectionIndex="0" pointIndex="1839" originalElevation="188.0" isOriginalElevationFromOSM="false" isAnchor="false"><ele>188.6</ele></trkpt>
<trkpt lat="34.660175" lon="127.588944" sectionIndex="0" pointIndex="1840" originalElevation="188.0" isOriginalElevationFromOSM="false" isAnchor="false"><ele>188.6</ele></trkpt>
<trkpt lat="34.660165" lon="127.588971" sectionIndex="0" pointIndex="1841" originalElevation="188.0" isOriginalElevationFromOSM="false" isAnchor="false"><ele>188.3</ele></trkpt>
<trkpt lat="34.660147" lon="127.589021" sectionIndex="0" pointIndex="1842" originalElevation="188.0" isOriginalElevationFromOSM="false" isAnchor="false"><ele>187.9</ele></trkpt>
<trkpt lat="34.660129" lon="127.589071" sectionIndex="0" pointIndex="1843" originalElevation="188.0" isOriginalElevationFromOSM="false" isAnchor="false"><ele>187.3</ele></trkpt>
<trkpt lat="34.660110" lon="127.589121" sectionIndex="0" pointIndex="1844" originalElevation="188.0" isOriginalElevationFromOSM="false" isAnchor="false"><ele>186.4</ele></trkpt>
<trkpt lat="34.660092" lon="127.589171" sectionIndex="0" pointIndex="1845" originalElevation="203.0" isOriginalElevationFromOSM="false" isAnchor="false"><ele>185.3</ele></trkpt>
<trkpt lat="34.660074" lon="127.589221" sectionIndex="0" pointIndex="1846" originalElevation="203.0" isOriginalElevationFromOSM="false" isAnchor="false"><ele>184.0</ele></trkpt>
<trkpt lat="34.660056" lon="127.589271" sectionIndex="0" pointIndex="1847" originalElevation="203.0" isOriginalElevationFromOSM="false" isAnchor="false"><ele>182.5</ele></trkpt>
<trkpt lat="34.660038" lon="127.589321" sectionIndex="0" pointIndex="1848" originalElevation="203.0" isOriginalElevationFromOSM="false" isAnchor="false"><ele>181.0</ele></trkpt>
<trkpt lat="34.660019" lon="127.589371" sectionIndex="0" pointIndex="1849" originalElevation="203.0" isOriginalElevationFromOSM="false" isAnchor="false"><ele>179.3</ele></trkpt>
<trkpt lat="34.660001" lon="127.589421" sectionIndex="0" pointIndex="1850" originalElevation="203.0" isOriginalElevationFromOSM="false" isAnchor="false"><ele>177.6</ele></trkpt>
<trkpt lat="34.659983" lon="127.589471" sectionIndex="0" pointIndex="1851" originalElevation="155.0" isOriginalElevationFromOSM="false" isAnchor="false"><ele>175.9</ele></trkpt>
<trkpt lat="34.659965" lon="127.589521" sectionIndex="0" pointIndex="1852" originalElevation="155.0" isOriginalElevationFromOSM="false" isAnchor="false"><ele>174.1</ele></trkpt>
<trkpt lat="34.659946" lon="127.589571" sectionIndex="0" pointIndex="1853" originalElevation="155.0" isOriginalElevationFromOSM="false" isAnchor="false"><ele>172.5</ele></trkpt>
<trkpt lat="34.659928" lon="127.589621" sectionIndex="0" pointIndex="1854" originalElevation="155.0" isOriginalElevationFromOSM="false" isAnchor="false"><ele>171.0</ele></trkpt>
<trkpt lat="34.659918" lon="127.589648" sectionIndex="0" pointIndex="1855" originalElevation="155.0" isOriginalElevationFromOSM="false" isAnchor="false"><ele>169.7</ele></trkpt>
<trkpt lat="34.659918" lon="127.589648" sectionIndex="0" pointIndex="1856" originalElevation="155.0" isOriginalElevationFromOSM="false" isAnchor="false"><ele>168.5</ele></trkpt>
<trkpt lat="34.659909" lon="127.589702" sectionIndex="0" pointIndex="1857" originalElevation="155.0" isOriginalElevationFromOSM="false" isAnchor="false"><ele>167.6</ele></trkpt>
<trkpt lat="34.659900" lon="127.589755" sectionIndex="0" pointIndex="1858" originalElevation="155.0" isOriginalElevationFromOSM="false" isAnchor="false"><ele>167.0</ele></trkpt>
<trkpt lat="34.659890" lon="127.589809" sectionIndex="0" pointIndex="1859" originalElevation="155.0" isOriginalElevationFromOSM="false" isAnchor="false"><ele>166.6</ele></trkpt>
<trkpt lat="34.659881" lon="127.589862" sectionIndex="0" pointIndex="1860" originalElevation="155.0" isOriginalElevationFromOSM="false" isAnchor="false"><ele>166.4</ele></trkpt>
<trkpt lat="34.659872" lon="127.589916" sectionIndex="0" pointIndex="1861" originalElevation="155.0" isOriginalElevationFromOSM="false" isAnchor="false"><ele>166.4</ele></trkpt>
<trkpt lat="34.659862" lon="127.589969" sectionIndex="0" pointIndex="1862" originalElevation="155.0" isOriginalElevationFromOSM="false" isAnchor="false"><ele>166.6</ele></trkpt>
<trkpt lat="34.659853" lon="127.590022" sectionIndex="0" pointIndex="1863" originalElevation="175.0" isOriginalElevationFromOSM="false" isAnchor="false"><ele>167.0</ele></trkpt>
<trkpt lat="34.659843" lon="127.590076" sectionIndex="0" pointIndex="1864" originalElevation="175.0" isOriginalElevationFromOSM="false" isAnchor="false"><ele>167.5</ele></trkpt>
<trkpt lat="34.659834" lon="127.590129" sectionIndex="0" pointIndex="1865" originalElevation="175.0" isOriginalElevationFromOSM="false" isAnchor="false"><ele>168.1</ele></trkpt>
<trkpt lat="34.659825" lon="127.590183" sectionIndex="0" pointIndex="1866" originalElevation="175.0" isOriginalElevationFromOSM="false" isAnchor="false"><ele>168.7</ele></trkpt>
<trkpt lat="34.659815" lon="127.590236" sectionIndex="0" pointIndex="1867" originalElevation="175.0" isOriginalElevationFromOSM="false" isAnchor="false"><ele>169.9</ele></trkpt>
<trkpt lat="34.659806" lon="127.590290" sectionIndex="0" pointIndex="1868" originalElevation="175.0" isOriginalElevationFromOSM="false" isAnchor="false"><ele>171.2</ele></trkpt>
<trkpt lat="34.659797" lon="127.590343" sectionIndex="0" pointIndex="1869" originalElevation="175.0" isOriginalElevationFromOSM="false" isAnchor="false"><ele>172.4</ele></trkpt>
<trkpt lat="34.659787" lon="127.590397" sectionIndex="0" pointIndex="1870" originalElevation="175.0" isOriginalElevationFromOSM="false" isAnchor="false"><ele>173.6</ele></trkpt>
<trkpt lat="34.659779" lon="127.590444" sectionIndex="0" pointIndex="1871" originalElevation="175.0" isOriginalElevationFromOSM="false" isAnchor="false"><ele>174.8</ele></trkpt>
<trkpt lat="34.659779" lon="127.590444" sectionIndex="0" pointIndex="1872" originalElevation="175.0" isOriginalElevationFromOSM="false" isAnchor="false"><ele>176.1</ele></trkpt>
<trkpt lat="34.659748" lon="127.590483" sectionIndex="0" pointIndex="1873" originalElevation="175.0" isOriginalElevationFromOSM="false" isAnchor="false"><ele>177.5</ele></trkpt>
<trkpt lat="34.659717" lon="127.590523" sectionIndex="0" pointIndex="1874" originalElevation="175.0" isOriginalElevationFromOSM="false" isAnchor="false"><ele>178.9</ele></trkpt>
<trkpt lat="34.659686" lon="127.590563" sectionIndex="0" pointIndex="1875" originalElevation="175.0" isOriginalElevationFromOSM="false" isAnchor="false"><ele>180.4</ele></trkpt>
<trkpt lat="34.659655" lon="127.590602" sectionIndex="0" pointIndex="1876" originalElevation="175.0" isOriginalElevationFromOSM="false" isAnchor="false"><ele>181.9</ele></trkpt>
<trkpt lat="34.659624" lon="127.590642" sectionIndex="0" pointIndex="1877" originalElevation="175.0" isOriginalElevationFromOSM="false" isAnchor="false"><ele>183.3</ele></trkpt>
<trkpt lat="34.659593" lon="127.590681" sectionIndex="0" pointIndex="1878" originalElevation="175.0" isOriginalElevationFromOSM="false" isAnchor="false"><ele>184.8</ele></trkpt>
<trkpt lat="34.659562" lon="127.590721" sectionIndex="0" pointIndex="1879" originalElevation="175.0" isOriginalElevationFromOSM="false" isAnchor="false"><ele>186.0</ele></trkpt>
<trkpt lat="34.659532" lon="127.590761" sectionIndex="0" pointIndex="1880" originalElevation="175.0" isOriginalElevationFromOSM="false" isAnchor="false"><ele>187.3</ele></trkpt>
<trkpt lat="34.659501" lon="127.590800" sectionIndex="0" pointIndex="1881" originalElevation="175.0" isOriginalElevationFromOSM="false" isAnchor="false"><ele>188.5</ele></trkpt>
<trkpt lat="34.659470" lon="127.590840" sectionIndex="0" pointIndex="1882" originalElevation="208.0" isOriginalElevationFromOSM="false" isAnchor="false"><ele>189.6</ele></trkpt>
<trkpt lat="34.659439" lon="127.590880" sectionIndex="0" pointIndex="1883" originalElevation="208.0" isOriginalElevationFromOSM="false" isAnchor="false"><ele>190.5</ele></trkpt>
<trkpt lat="34.659408" lon="127.590919" sectionIndex="0" pointIndex="1884" originalElevation="208.0" isOriginalElevationFromOSM="false" isAnchor="false"><ele>191.2</ele></trkpt>
<trkpt lat="34.659377" lon="127.590959" sectionIndex="0" pointIndex="1885" originalElevation="208.0" isOriginalElevationFromOSM="false" isAnchor="false"><ele>191.7</ele></trkpt>
<trkpt lat="34.659346" lon="127.590999" sectionIndex="0" pointIndex="1886" originalElevation="208.0" isOriginalElevationFromOSM="false" isAnchor="false"><ele>192.0</ele></trkpt>
<trkpt lat="34.659315" lon="127.591038" sectionIndex="0" pointIndex="1887" originalElevation="208.0" isOriginalElevationFromOSM="false" isAnchor="false"><ele>192.0</ele></trkpt>
<trkpt lat="34.659284" lon="127.591078" sectionIndex="0" pointIndex="1888" originalElevation="208.0" isOriginalElevationFromOSM="false" isAnchor="false"><ele>191.8</ele></trkpt>
<trkpt lat="34.659253" lon="127.591118" sectionIndex="0" pointIndex="1889" originalElevation="208.0" isOriginalElevationFromOSM="false" isAnchor="false"><ele>191.3</ele></trkpt>
<trkpt lat="34.659222" lon="127.591157" sectionIndex="0" pointIndex="1890" originalElevation="208.0" isOriginalElevationFromOSM="false" isAnchor="false"><ele>190.7</ele></trkpt>
<trkpt lat="34.659191" lon="127.591197" sectionIndex="0" pointIndex="1891" originalElevation="208.0" isOriginalElevationFromOSM="false" isAnchor="false"><ele>189.8</ele></trkpt>
<trkpt lat="34.659160" lon="127.591236" sectionIndex="0" pointIndex="1892" originalElevation="175.0" isOriginalElevationFromOSM="false" isAnchor="false"><ele>188.9</ele></trkpt>
<trkpt lat="34.659129" lon="127.591276" sectionIndex="0" pointIndex="1893" originalElevation="175.0" isOriginalElevationFromOSM="false" isAnchor="false"><ele>187.8</ele></trkpt>
<trkpt lat="34.659098" lon="127.591316" sectionIndex="0" pointIndex="1894" originalElevation="175.0" isOriginalElevationFromOSM="false" isAnchor="false"><ele>186.7</ele></trkpt>
<trkpt lat="34.659067" lon="127.591355" sectionIndex="0" pointIndex="1895" originalElevation="175.0" isOriginalElevationFromOSM="false" isAnchor="false"><ele>185.6</ele></trkpt>
<trkpt lat="34.659036" lon="127.591395" sectionIndex="0" pointIndex="1896" originalElevation="175.0" isOriginalElevationFromOSM="false" isAnchor="false"><ele>184.6</ele></trkpt>
<trkpt lat="34.659008" lon="127.591431" sectionIndex="0" pointIndex="1897" originalElevation="175.0" isOriginalElevationFromOSM="false" isAnchor="false"><ele>183.6</ele></trkpt>
<trkpt lat="34.659008" lon="127.591431" sectionIndex="0" pointIndex="1898" originalElevation="175.0" isOriginalElevationFromOSM="false" isAnchor="false"><ele>182.5</ele></trkpt>
<trkpt lat="34.659009" lon="127.591485" sectionIndex="0" pointIndex="1899" originalElevation="175.0" isOriginalElevationFromOSM="false" isAnchor="false"><ele>181.7</ele></trkpt>
<trkpt lat="34.659009" lon="127.591540" sectionIndex="0" pointIndex="1900" originalElevation="175.0" isOriginalElevationFromOSM="false" isAnchor="false"><ele>180.9</ele></trkpt>
<trkpt lat="34.659010" lon="127.591595" sectionIndex="0" pointIndex="1901" originalElevation="175.0" isOriginalElevationFromOSM="false" isAnchor="false"><ele>180.4</ele></trkpt>
<trkpt lat="34.659010" lon="127.591649" sectionIndex="0" pointIndex="1902" originalElevation="175.0" isOriginalElevationFromOSM="false" isAnchor="false"><ele>179.9</ele></trkpt>
<trkpt lat="34.659010" lon="127.591704" sectionIndex="0" pointIndex="1903" originalElevation="181.0" isOriginalElevationFromOSM="false" isAnchor="false"><ele>179.7</ele></trkpt>
<trkpt lat="34.659011" lon="127.591759" sectionIndex="0" pointIndex="1904" originalElevation="181.0" isOriginalElevationFromOSM="false" isAnchor="false"><ele>179.5</ele></trkpt>
<trkpt lat="34.659011" lon="127.591813" sectionIndex="0" pointIndex="1905" originalElevation="181.0" isOriginalElevationFromOSM="false" isAnchor="false"><ele>179.5</ele></trkpt>
<trkpt lat="34.659012" lon="127.591868" sectionIndex="0" pointIndex="1906" originalElevation="181.0" isOriginalElevationFromOSM="false" isAnchor="false"><ele>179.5</ele></trkpt>
<trkpt lat="34.659012" lon="127.591923" sectionIndex="0" pointIndex="1907" originalElevation="181.0" isOriginalElevationFromOSM="false" isAnchor="false"><ele>179.6</ele></trkpt>
<trkpt lat="34.659013" lon="127.591977" sectionIndex="0" pointIndex="1908" originalElevation="181.0" isOriginalElevationFromOSM="false" isAnchor="false"><ele>179.9</ele></trkpt>
<trkpt lat="34.659013" lon="127.592032" sectionIndex="0" pointIndex="1909" originalElevation="181.0" isOriginalElevationFromOSM="false" isAnchor="false"><ele>180.3</ele></trkpt>
<trkpt lat="34.659014" lon="127.592087" sectionIndex="0" pointIndex="1910" originalElevation="181.0" isOriginalElevationFromOSM="false" isAnchor="false"><ele>180.6</ele></trkpt>
<trkpt lat="34.659014" lon="127.592141" sectionIndex="0" pointIndex="1911" originalElevation="181.0" isOriginalElevationFromOSM="false" isAnchor="false"><ele>180.9</ele></trkpt>
<trkpt lat="34.659015" lon="127.592196" sectionIndex="0" pointIndex="1912" originalElevation="181.0" isOriginalElevationFromOSM="false" isAnchor="false"><ele>181.1</ele></trkpt>
<trkpt lat="34.659015" lon="127.592251" sectionIndex="0" pointIndex="1913" originalElevation="181.0" isOriginalElevationFromOSM="false" isAnchor="false"><ele>181.4</ele></trkpt>
<trkpt lat="34.659015" lon="127.592305" sectionIndex="0" pointIndex="1914" originalElevation="181.0" isOriginalElevationFromOSM="false" isAnchor="false"><ele>181.7</ele></trkpt>
<trkpt lat="34.659016" lon="127.592360" sectionIndex="0" pointIndex="1915" originalElevation="181.0" isOriginalElevationFromOSM="false" isAnchor="false"><ele>181.9</ele></trkpt>
<trkpt lat="34.659016" lon="127.592415" sectionIndex="0" pointIndex="1916" originalElevation="181.0" isOriginalElevationFromOSM="false" isAnchor="false"><ele>182.1</ele></trkpt>
<trkpt lat="34.659017" lon="127.592469" sectionIndex="0" pointIndex="1917" originalElevation="181.0" isOriginalElevationFromOSM="false" isAnchor="false"><ele>182.4</ele></trkpt>
<trkpt lat="34.659017" lon="127.592524" sectionIndex="0" pointIndex="1918" originalElevation="184.0" isOriginalElevationFromOSM="false" isAnchor="false"><ele>182.6</ele></trkpt>
<trkpt lat="34.659018" lon="127.592579" sectionIndex="0" pointIndex="1919" originalElevation="184.0" isOriginalElevationFromOSM="false" isAnchor="false"><ele>182.7</ele></trkpt>
<trkpt lat="34.659018" lon="127.592633" sectionIndex="0" pointIndex="1920" originalElevation="184.0" isOriginalElevationFromOSM="false" isAnchor="false"><ele>183.0</ele></trkpt>
<trkpt lat="34.659019" lon="127.592688" sectionIndex="0" pointIndex="1921" originalElevation="184.0" isOriginalElevationFromOSM="false" isAnchor="false"><ele>183.2</ele></trkpt>
<trkpt lat="34.659019" lon="127.592743" sectionIndex="0" pointIndex="1922" originalElevation="184.0" isOriginalElevationFromOSM="false" isAnchor="false"><ele>183.4</ele></trkpt>
<trkpt lat="34.659020" lon="127.592797" sectionIndex="0" pointIndex="1923" originalElevation="184.0" isOriginalElevationFromOSM="false" isAnchor="false"><ele>183.6</ele></trkpt>
<trkpt lat="34.659020" lon="127.592805" sectionIndex="0" pointIndex="1924" originalElevation="184.0" isOriginalElevationFromOSM="false" isAnchor="false"><ele>183.8</ele></trkpt>
<trkpt lat="34.659020" lon="127.592805" sectionIndex="0" pointIndex="1925" originalElevation="184.0" isOriginalElevationFromOSM="false" isAnchor="false"><ele>184.1</ele></trkpt>
<trkpt lat="34.659025" lon="127.592860" sectionIndex="0" pointIndex="1926" originalElevation="184.0" isOriginalElevationFromOSM="false" isAnchor="false"><ele>184.3</ele></trkpt>
<trkpt lat="34.659030" lon="127.592914" sectionIndex="0" pointIndex="1927" originalElevation="184.0" isOriginalElevationFromOSM="false" isAnchor="false"><ele>184.6</ele></trkpt>
<trkpt lat="34.659035" lon="127.592968" sectionIndex="0" pointIndex="1928" originalElevation="184.0" isOriginalElevationFromOSM="false" isAnchor="false"><ele>184.9</ele></trkpt>
<trkpt lat="34.659040" lon="127.593023" sectionIndex="0" pointIndex="1929" originalElevation="184.0" isOriginalElevationFromOSM="false" isAnchor="false"><ele>185.2</ele></trkpt>
<trkpt lat="34.659045" lon="127.593077" sectionIndex="0" pointIndex="1930" originalElevation="184.0" isOriginalElevationFromOSM="false" isAnchor="false"><ele>185.5</ele></trkpt>
<trkpt lat="34.659050" lon="127.593131" sectionIndex="0" pointIndex="1931" originalElevation="184.0" isOriginalElevationFromOSM="false" isAnchor="false"><ele>185.8</ele></trkpt>
<trkpt lat="34.659055" lon="127.593186" sectionIndex="0" pointIndex="1932" originalElevation="184.0" isOriginalElevationFromOSM="false" isAnchor="false"><ele>186.2</ele></trkpt>
<trkpt lat="34.659060" lon="127.593240" sectionIndex="0" pointIndex="1933" originalElevation="184.0" isOriginalElevationFromOSM="false" isAnchor="false"><ele>186.5</ele></trkpt>
<trkpt lat="34.659065" lon="127.593294" sectionIndex="0" pointIndex="1934" originalElevation="184.0" isOriginalElevationFromOSM="false" isAnchor="false"><ele>186.8</ele></trkpt>
<trkpt lat="34.659070" lon="127.593349" sectionIndex="0" pointIndex="1935" originalElevation="190.0" isOriginalElevationFromOSM="false" isAnchor="false"><ele>187.2</ele></trkpt>
<trkpt lat="34.659076" lon="127.593403" sectionIndex="0" pointIndex="1936" originalElevation="190.0" isOriginalElevationFromOSM="false" isAnchor="false"><ele>187.5</ele></trkpt>
<trkpt lat="34.659081" lon="127.593457" sectionIndex="0" pointIndex="1937" originalElevation="190.0" isOriginalElevationFromOSM="false" isAnchor="false"><ele>187.8</ele></trkpt>
<trkpt lat="34.659086" lon="127.593512" sectionIndex="0" pointIndex="1938" originalElevation="190.0" isOriginalElevationFromOSM="false" isAnchor="false"><ele>188.1</ele></trkpt>
<trkpt lat="34.659091" lon="127.593566" sectionIndex="0" pointIndex="1939" originalElevation="190.0" isOriginalElevationFromOSM="false" isAnchor="false"><ele>188.4</ele></trkpt>
<trkpt lat="34.659096" lon="127.593620" sectionIndex="0" pointIndex="1940" originalElevation="190.0" isOriginalElevationFromOSM="false" isAnchor="false"><ele>188.7</ele></trkpt>
<trkpt lat="34.659101" lon="127.593674" sectionIndex="0" pointIndex="1941" originalElevation="190.0" isOriginalElevationFromOSM="false" isAnchor="false"><ele>188.9</ele></trkpt>
<trkpt lat="34.659106" lon="127.593729" sectionIndex="0" pointIndex="1942" originalElevation="190.0" isOriginalElevationFromOSM="false" isAnchor="false"><ele>189.1</ele></trkpt>
<trkpt lat="34.659111" lon="127.593783" sectionIndex="0" pointIndex="1943" originalElevation="190.0" isOriginalElevationFromOSM="false" isAnchor="false"><ele>189.3</ele></trkpt>
<trkpt lat="34.659116" lon="127.593837" sectionIndex="0" pointIndex="1944" originalElevation="190.0" isOriginalElevationFromOSM="false" isAnchor="false"><ele>189.5</ele></trkpt>
<trkpt lat="34.659121" lon="127.593892" sectionIndex="0" pointIndex="1945" originalElevation="190.0" isOriginalElevationFromOSM="false" isAnchor="false"><ele>189.6</ele></trkpt>
<trkpt lat="34.659126" lon="127.593946" sectionIndex="0" pointIndex="1946" originalElevation="190.0" isOriginalElevationFromOSM="false" isAnchor="false"><ele>189.7</ele></trkpt>
<trkpt lat="34.659132" lon="127.594000" sectionIndex="0" pointIndex="1947" originalElevation="190.0" isOriginalElevationFromOSM="false" isAnchor="false"><ele>189.8</ele></trkpt>
<trkpt lat="34.659137" lon="127.594055" sectionIndex="0" pointIndex="1948" originalElevation="190.0" isOriginalElevationFromOSM="false" isAnchor="false"><ele>189.9</ele></trkpt>
<trkpt lat="34.659142" lon="127.594109" sectionIndex="0" pointIndex="1949" originalElevation="190.0" isOriginalElevationFromOSM="false" isAnchor="false"><ele>190.0</ele></trkpt>
<trkpt lat="34.659147" lon="127.594163" sectionIndex="0" pointIndex="1950" originalElevation="190.0" isOriginalElevationFromOSM="false" isAnchor="false"><ele>190.0</ele></trkpt>
<trkpt lat="34.659152" lon="127.594218" sectionIndex="0" pointIndex="1951" originalElevation="190.0" isOriginalElevationFromOSM="false" isAnchor="false"><ele>190.0</ele></trkpt>
<trkpt lat="34.659157" lon="127.594268" sectionIndex="0" pointIndex="1952" originalElevation="190.0" isOriginalElevationFromOSM="false" isAnchor="false"><ele>190.0</ele></trkpt>
<trkpt lat="34.659157" lon="127.594268" sectionIndex="0" pointIndex="1953" originalElevation="190.0" isOriginalElevationFromOSM="false" isAnchor="false"><ele>190.0</ele></trkpt>
<trkpt lat="34.659149" lon="127.594322" sectionIndex="0" pointIndex="1954" originalElevation="190.0" isOriginalElevationFromOSM="false" isAnchor="false"><ele>190.1</ele></trkpt>
<trkpt lat="34.659141" lon="127.594376" sectionIndex="0" pointIndex="1955" originalElevation="190.0" isOriginalElevationFromOSM="false" isAnchor="false"><ele>190.1</ele></trkpt>
<trkpt lat="34.659134" lon="127.594430" sectionIndex="0" pointIndex="1956" originalElevation="190.0" isOriginalElevationFromOSM="false" isAnchor="false"><ele>190.2</ele></trkpt>
<trkpt lat="34.659126" lon="127.594484" sectionIndex="0" pointIndex="1957" originalElevation="190.0" isOriginalElevationFromOSM="false" isAnchor="false"><ele>190.3</ele></trkpt>
<trkpt lat="34.659118" lon="127.594538" sectionIndex="0" pointIndex="1958" originalElevation="190.0" isOriginalElevationFromOSM="false" isAnchor="false"><ele>190.4</ele></trkpt>
<trkpt lat="34.659111" lon="127.594591" sectionIndex="0" pointIndex="1959" originalElevation="190.0" isOriginalElevationFromOSM="false" isAnchor="false"><ele>191.0</ele></trkpt>
<trkpt lat="34.659103" lon="127.594645" sectionIndex="0" pointIndex="1960" originalElevation="190.0" isOriginalElevationFromOSM="false" isAnchor="false"><ele>191.7</ele></trkpt>
<trkpt lat="34.659095" lon="127.594699" sectionIndex="0" pointIndex="1961" originalElevation="190.0" isOriginalElevationFromOSM="false" isAnchor="false"><ele>192.5</ele></trkpt>
<trkpt lat="34.659087" lon="127.594753" sectionIndex="0" pointIndex="1962" originalElevation="190.0" isOriginalElevationFromOSM="false" isAnchor="false"><ele>193.5</ele></trkpt>
<trkpt lat="34.659080" lon="127.594807" sectionIndex="0" pointIndex="1963" originalElevation="190.0" isOriginalElevationFromOSM="false" isAnchor="false"><ele>194.7</ele></trkpt>
<trkpt lat="34.659072" lon="127.594861" sectionIndex="0" pointIndex="1964" originalElevation="190.0" isOriginalElevationFromOSM="false" isAnchor="false"><ele>196.2</ele></trkpt>
<trkpt lat="34.659064" lon="127.594915" sectionIndex="0" pointIndex="1965" originalElevation="190.0" isOriginalElevationFromOSM="false" isAnchor="false"><ele>197.9</ele></trkpt>
<trkpt lat="34.659063" lon="127.594922" sectionIndex="0" pointIndex="1966" originalElevation="190.0" isOriginalElevationFromOSM="false" isAnchor="false"><ele>199.8</ele></trkpt>
<trkpt lat="34.659063" lon="127.594922" sectionIndex="0" pointIndex="1967" originalElevation="190.0" isOriginalElevationFromOSM="false" isAnchor="false"><ele>201.9</ele></trkpt>
<trkpt lat="34.659078" lon="127.594974" sectionIndex="0" pointIndex="1968" originalElevation="190.0" isOriginalElevationFromOSM="false" isAnchor="false"><ele>204.3</ele></trkpt>
<trkpt lat="34.659094" lon="127.595025" sectionIndex="0" pointIndex="1969" originalElevation="197.0" isOriginalElevationFromOSM="false" isAnchor="false"><ele>206.9</ele></trkpt>
<trkpt lat="34.659109" lon="127.595077" sectionIndex="0" pointIndex="1970" originalElevation="197.0" isOriginalElevationFromOSM="false" isAnchor="false"><ele>209.8</ele></trkpt>
<trkpt lat="34.659124" lon="127.595128" sectionIndex="0" pointIndex="1971" originalElevation="197.0" isOriginalElevationFromOSM="false" isAnchor="false"><ele>212.9</ele></trkpt>
<trkpt lat="34.659139" lon="127.595180" sectionIndex="0" pointIndex="1972" originalElevation="197.0" isOriginalElevationFromOSM="false" isAnchor="false"><ele>216.1</ele></trkpt>
<trkpt lat="34.659154" lon="127.595231" sectionIndex="0" pointIndex="1973" originalElevation="197.0" isOriginalElevationFromOSM="false" isAnchor="false"><ele>219.3</ele></trkpt>
<trkpt lat="34.659169" lon="127.595283" sectionIndex="0" pointIndex="1974" originalElevation="247.0" isOriginalElevationFromOSM="false" isAnchor="false"><ele>222.7</ele></trkpt>
<trkpt lat="34.659184" lon="127.595334" sectionIndex="0" pointIndex="1975" originalElevation="247.0" isOriginalElevationFromOSM="false" isAnchor="false"><ele>226.0</ele></trkpt>
<trkpt lat="34.659199" lon="127.595385" sectionIndex="0" pointIndex="1976" originalElevation="247.0" isOriginalElevationFromOSM="false" isAnchor="false"><ele>229.3</ele></trkpt>
<trkpt lat="34.659215" lon="127.595437" sectionIndex="0" pointIndex="1977" originalElevation="247.0" isOriginalElevationFromOSM="false" isAnchor="false"><ele>232.4</ele></trkpt>
<trkpt lat="34.659230" lon="127.595488" sectionIndex="0" pointIndex="1978" originalElevation="247.0" isOriginalElevationFromOSM="false" isAnchor="false"><ele>235.5</ele></trkpt>
<trkpt lat="34.659245" lon="127.595540" sectionIndex="0" pointIndex="1979" originalElevation="247.0" isOriginalElevationFromOSM="false" isAnchor="false"><ele>238.4</ele></trkpt>
<trkpt lat="34.659260" lon="127.595591" sectionIndex="0" pointIndex="1980" originalElevation="247.0" isOriginalElevationFromOSM="false" isAnchor="false"><ele>241.1</ele></trkpt>
<trkpt lat="34.659275" lon="127.595643" sectionIndex="0" pointIndex="1981" originalElevation="247.0" isOriginalElevationFromOSM="false" isAnchor="false"><ele>243.6</ele></trkpt>
<trkpt lat="34.659290" lon="127.595694" sectionIndex="0" pointIndex="1982" originalElevation="247.0" isOriginalElevationFromOSM="false" isAnchor="false"><ele>245.9</ele></trkpt>
<trkpt lat="34.659305" lon="127.595746" sectionIndex="0" pointIndex="1983" originalElevation="247.0" isOriginalElevationFromOSM="false" isAnchor="false"><ele>248.1</ele></trkpt>
<trkpt lat="34.659320" lon="127.595797" sectionIndex="0" pointIndex="1984" originalElevation="247.0" isOriginalElevationFromOSM="false" isAnchor="false"><ele>250.0</ele></trkpt>
<trkpt lat="34.659335" lon="127.595849" sectionIndex="0" pointIndex="1985" originalElevation="260.0" isOriginalElevationFromOSM="false" isAnchor="false"><ele>251.6</ele></trkpt>
<trkpt lat="34.659351" lon="127.595900" sectionIndex="0" pointIndex="1986" originalElevation="260.0" isOriginalElevationFromOSM="false" isAnchor="false"><ele>253.1</ele></trkpt>
<trkpt lat="34.659366" lon="127.595952" sectionIndex="0" pointIndex="1987" originalElevation="260.0" isOriginalElevationFromOSM="false" isAnchor="false"><ele>254.4</ele></trkpt>
<trkpt lat="34.659381" lon="127.596003" sectionIndex="0" pointIndex="1988" originalElevation="260.0" isOriginalElevationFromOSM="false" isAnchor="false"><ele>255.8</ele></trkpt>
<trkpt lat="34.659396" lon="127.596055" sectionIndex="0" pointIndex="1989" originalElevation="260.0" isOriginalElevationFromOSM="false" isAnchor="false"><ele>257.0</ele></trkpt>
<trkpt lat="34.659411" lon="127.596106" sectionIndex="0" pointIndex="1990" originalElevation="260.0" isOriginalElevationFromOSM="false" isAnchor="false"><ele>258.0</ele></trkpt>
<trkpt lat="34.659426" lon="127.596158" sectionIndex="0" pointIndex="1991" originalElevation="260.0" isOriginalElevationFromOSM="false" isAnchor="false"><ele>258.9</ele></trkpt>
<trkpt lat="34.659436" lon="127.596190" sectionIndex="0" pointIndex="1992" originalElevation="260.0" isOriginalElevationFromOSM="false" isAnchor="false"><ele>259.9</ele></trkpt>
<trkpt lat="34.659436" lon="127.596190" sectionIndex="0" pointIndex="1993" originalElevation="260.0" isOriginalElevationFromOSM="false" isAnchor="false"><ele>260.9</ele></trkpt>
<trkpt lat="34.659454" lon="127.596240" sectionIndex="0" pointIndex="1994" originalElevation="260.0" isOriginalElevationFromOSM="false" isAnchor="false"><ele>262.1</ele></trkpt>
<trkpt lat="34.659472" lon="127.596290" sectionIndex="0" pointIndex="1995" originalElevation="260.0" isOriginalElevationFromOSM="false" isAnchor="false"><ele>263.2</ele></trkpt>
<trkpt lat="34.659490" lon="127.596340" sectionIndex="0" pointIndex="1996" originalElevation="260.0" isOriginalElevationFromOSM="false" isAnchor="false"><ele>264.5</ele></trkpt>
<trkpt lat="34.659509" lon="127.596390" sectionIndex="0" pointIndex="1997" originalElevation="260.0" isOriginalElevationFromOSM="false" isAnchor="false"><ele>265.8</ele></trkpt>
<trkpt lat="34.659527" lon="127.596440" sectionIndex="0" pointIndex="1998" originalElevation="260.0" isOriginalElevationFromOSM="false" isAnchor="false"><ele>267.2</ele></trkpt>
<trkpt lat="34.659545" lon="127.596490" sectionIndex="0" pointIndex="1999" originalElevation="260.0" isOriginalElevationFromOSM="false" isAnchor="false"><ele>268.7</ele></trkpt>
<trkpt lat="34.659563" lon="127.596540" sectionIndex="0" pointIndex="2000" originalElevation="260.0" isOriginalElevationFromOSM="false" isAnchor="false"><ele>270.2</ele></trkpt>
<trkpt lat="34.659582" lon="127.596590" sectionIndex="0" pointIndex="2001" originalElevation="260.0" isOriginalElevationFromOSM="false" isAnchor="false"><ele>271.7</ele></trkpt>
<trkpt lat="34.659600" lon="127.596640" sectionIndex="0" pointIndex="2002" originalElevation="260.0" isOriginalElevationFromOSM="false" isAnchor="false"><ele>273.2</ele></trkpt>
<trkpt lat="34.659618" lon="127.596690" sectionIndex="0" pointIndex="2003" originalElevation="288.0" isOriginalElevationFromOSM="false" isAnchor="false"><ele>274.8</ele></trkpt>
<trkpt lat="34.659636" lon="127.596740" sectionIndex="0" pointIndex="2004" originalElevation="288.0" isOriginalElevationFromOSM="false" isAnchor="false"><ele>276.3</ele></trkpt>
<trkpt lat="34.659655" lon="127.596790" sectionIndex="0" pointIndex="2005" originalElevation="288.0" isOriginalElevationFromOSM="false" isAnchor="false"><ele>277.8</ele></trkpt>
<trkpt lat="34.659673" lon="127.596840" sectionIndex="0" pointIndex="2006" originalElevation="288.0" isOriginalElevationFromOSM="false" isAnchor="false"><ele>279.2</ele></trkpt>
<trkpt lat="34.659691" lon="127.596890" sectionIndex="0" pointIndex="2007" originalElevation="288.0" isOriginalElevationFromOSM="false" isAnchor="false"><ele>280.4</ele></trkpt>
<trkpt lat="34.659709" lon="127.596940" sectionIndex="0" pointIndex="2008" originalElevation="288.0" isOriginalElevationFromOSM="false" isAnchor="false"><ele>281.8</ele></trkpt>
<trkpt lat="34.659728" lon="127.596990" sectionIndex="0" pointIndex="2009" originalElevation="288.0" isOriginalElevationFromOSM="false" isAnchor="false"><ele>283.0</ele></trkpt>
<trkpt lat="34.659746" lon="127.597040" sectionIndex="0" pointIndex="2010" originalElevation="288.0" isOriginalElevationFromOSM="false" isAnchor="false"><ele>284.2</ele></trkpt>
<trkpt lat="34.659764" lon="127.597090" sectionIndex="0" pointIndex="2011" originalElevation="288.0" isOriginalElevationFromOSM="false" isAnchor="false"><ele>285.3</ele></trkpt>
<trkpt lat="34.659782" lon="127.597140" sectionIndex="0" pointIndex="2012" originalElevation="288.0" isOriginalElevationFromOSM="false" isAnchor="false"><ele>286.3</ele></trkpt>
<trkpt lat="34.659801" lon="127.597190" sectionIndex="0" pointIndex="2013" originalElevation="288.0" isOriginalElevationFromOSM="false" isAnchor="false"><ele>287.3</ele></trkpt>
<trkpt lat="34.659819" lon="127.597240" sectionIndex="0" pointIndex="2014" originalElevation="288.0" isOriginalElevationFromOSM="false" isAnchor="false"><ele>288.2</ele></trkpt>
<trkpt lat="34.659827" lon="127.597262" sectionIndex="0" pointIndex="2015" originalElevation="288.0" isOriginalElevationFromOSM="false" isAnchor="false"><ele>289.2</ele></trkpt>
<trkpt lat="34.659827" lon="127.597262" sectionIndex="0" pointIndex="2016" originalElevation="288.0" isOriginalElevationFromOSM="false" isAnchor="false"><ele>290.1</ele></trkpt>
<trkpt lat="34.659862" lon="127.597297" sectionIndex="0" pointIndex="2017" originalElevation="288.0" isOriginalElevationFromOSM="false" isAnchor="false"><ele>291.0</ele></trkpt>
<trkpt lat="34.659897" lon="127.597332" sectionIndex="0" pointIndex="2018" originalElevation="288.0" isOriginalElevationFromOSM="false" isAnchor="false"><ele>292.0</ele></trkpt>
<trkpt lat="34.659931" lon="127.597366" sectionIndex="0" pointIndex="2019" originalElevation="288.0" isOriginalElevationFromOSM="false" isAnchor="false"><ele>292.8</ele></trkpt>
<trkpt lat="34.659966" lon="127.597401" sectionIndex="0" pointIndex="2020" originalElevation="288.0" isOriginalElevationFromOSM="false" isAnchor="false"><ele>293.7</ele></trkpt>
<trkpt lat="34.660001" lon="127.597436" sectionIndex="0" pointIndex="2021" originalElevation="280.0" isOriginalElevationFromOSM="false" isAnchor="false"><ele>294.6</ele></trkpt>
<trkpt lat="34.660036" lon="127.597470" sectionIndex="0" pointIndex="2022" originalElevation="280.0" isOriginalElevationFromOSM="false" isAnchor="false"><ele>295.6</ele></trkpt>
<trkpt lat="34.660070" lon="127.597505" sectionIndex="0" pointIndex="2023" originalElevation="306.0" isOriginalElevationFromOSM="false" isAnchor="false"><ele>296.6</ele></trkpt>
<trkpt lat="34.660105" lon="127.597540" sectionIndex="0" pointIndex="2024" originalElevation="306.0" isOriginalElevationFromOSM="false" isAnchor="false"><ele>297.6</ele></trkpt>
<trkpt lat="34.660140" lon="127.597574" sectionIndex="0" pointIndex="2025" originalElevation="306.0" isOriginalElevationFromOSM="false" isAnchor="false"><ele>298.7</ele></trkpt>
<trkpt lat="34.660175" lon="127.597609" sectionIndex="0" pointIndex="2026" originalElevation="306.0" isOriginalElevationFromOSM="false" isAnchor="false"><ele>299.6</ele></trkpt>
<trkpt lat="34.660209" lon="127.597644" sectionIndex="0" pointIndex="2027" originalElevation="306.0" isOriginalElevationFromOSM="false" isAnchor="false"><ele>300.6</ele></trkpt>
<trkpt lat="34.660244" lon="127.597678" sectionIndex="0" pointIndex="2028" originalElevation="306.0" isOriginalElevationFromOSM="false" isAnchor="false"><ele>301.4</ele></trkpt>
<trkpt lat="34.660279" lon="127.597713" sectionIndex="0" pointIndex="2029" originalElevation="306.0" isOriginalElevationFromOSM="false" isAnchor="false"><ele>302.3</ele></trkpt>
<trkpt lat="34.660312" lon="127.597746" sectionIndex="0" pointIndex="2030" originalElevation="306.0" isOriginalElevationFromOSM="false" isAnchor="false"><ele>303.2</ele></trkpt>
<trkpt lat="34.660312" lon="127.597746" sectionIndex="0" pointIndex="2031" originalElevation="306.0" isOriginalElevationFromOSM="false" isAnchor="false"><ele>304.0</ele></trkpt>
<trkpt lat="34.660315" lon="127.597800" sectionIndex="0" pointIndex="2032" originalElevation="306.0" isOriginalElevationFromOSM="false" isAnchor="false"><ele>304.7</ele></trkpt>
<trkpt lat="34.660318" lon="127.597855" sectionIndex="0" pointIndex="2033" originalElevation="306.0" isOriginalElevationFromOSM="false" isAnchor="false"><ele>305.5</ele></trkpt>
<trkpt lat="34.660321" lon="127.597909" sectionIndex="0" pointIndex="2034" originalElevation="306.0" isOriginalElevationFromOSM="false" isAnchor="false"><ele>306.2</ele></trkpt>
<trkpt lat="34.660324" lon="127.597964" sectionIndex="0" pointIndex="2035" originalElevation="306.0" isOriginalElevationFromOSM="false" isAnchor="false"><ele>306.9</ele></trkpt>
<trkpt lat="34.660328" lon="127.598018" sectionIndex="0" pointIndex="2036" originalElevation="306.0" isOriginalElevationFromOSM="false" isAnchor="false"><ele>307.6</ele></trkpt>
<trkpt lat="34.660331" lon="127.598073" sectionIndex="0" pointIndex="2037" originalElevation="306.0" isOriginalElevationFromOSM="false" isAnchor="false"><ele>308.5</ele></trkpt>
<trkpt lat="34.660334" lon="127.598127" sectionIndex="0" pointIndex="2038" originalElevation="306.0" isOriginalElevationFromOSM="false" isAnchor="false"><ele>309.4</ele></trkpt>
<trkpt lat="34.660337" lon="127.598182" sectionIndex="0" pointIndex="2039" originalElevation="306.0" isOriginalElevationFromOSM="false" isAnchor="false"><ele>310.2</ele></trkpt>
<trkpt lat="34.660340" lon="127.598236" sectionIndex="0" pointIndex="2040" originalElevation="306.0" isOriginalElevationFromOSM="false" isAnchor="false"><ele>311.1</ele></trkpt>
<trkpt lat="34.660343" lon="127.598291" sectionIndex="0" pointIndex="2041" originalElevation="306.0" isOriginalElevationFromOSM="false" isAnchor="false"><ele>312.1</ele></trkpt>
<trkpt lat="34.660345" lon="127.598313" sectionIndex="0" pointIndex="2042" originalElevation="306.0" isOriginalElevationFromOSM="false" isAnchor="false"><ele>313.2</ele></trkpt>
<trkpt lat="34.660345" lon="127.598313" sectionIndex="0" pointIndex="2043" originalElevation="306.0" isOriginalElevationFromOSM="false" isAnchor="false"><ele>314.4</ele></trkpt>
<trkpt lat="34.660303" lon="127.598334" sectionIndex="0" pointIndex="2044" originalElevation="320.0" isOriginalElevationFromOSM="false" isAnchor="false"><ele>315.7</ele></trkpt>
<trkpt lat="34.660262" lon="127.598355" sectionIndex="0" pointIndex="2045" originalElevation="320.0" isOriginalElevationFromOSM="false" isAnchor="false"><ele>317.0</ele></trkpt>
<trkpt lat="34.660220" lon="127.598376" sectionIndex="0" pointIndex="2046" originalElevation="320.0" isOriginalElevationFromOSM="false" isAnchor="false"><ele>318.4</ele></trkpt>
<trkpt lat="34.660179" lon="127.598397" sectionIndex="0" pointIndex="2047" originalElevation="320.0" isOriginalElevationFromOSM="false" isAnchor="false"><ele>319.9</ele></trkpt>
<trkpt lat="34.660137" lon="127.598418" sectionIndex="0" pointIndex="2048" originalElevation="320.0" isOriginalElevationFromOSM="false" isAnchor="false"><ele>321.3</ele></trkpt>
<trkpt lat="34.660096" lon="127.598439" sectionIndex="0" pointIndex="2049" originalElevation="320.0" isOriginalElevationFromOSM="false" isAnchor="false"><ele>322.7</ele></trkpt>
<trkpt lat="34.660054" lon="127.598460" sectionIndex="0" pointIndex="2050" originalElevation="320.0" isOriginalElevationFromOSM="false" isAnchor="false"><ele>324.2</ele></trkpt>
<trkpt lat="34.660012" lon="127.598480" sectionIndex="0" pointIndex="2051" originalElevation="320.0" isOriginalElevationFromOSM="false" isAnchor="false"><ele>325.5</ele></trkpt>
<trkpt lat="34.659971" lon="127.598501" sectionIndex="0" pointIndex="2052" originalElevation="336.0" isOriginalElevationFromOSM="false" isAnchor="false"><ele>326.9</ele></trkpt>
<trkpt lat="34.659929" lon="127.598522" sectionIndex="0" pointIndex="2053" originalElevation="336.0" isOriginalElevationFromOSM="false" isAnchor="false"><ele>328.1</ele></trkpt>
<trkpt lat="34.659888" lon="127.598543" sectionIndex="0" pointIndex="2054" originalElevation="336.0" isOriginalElevationFromOSM="false" isAnchor="false"><ele>329.3</ele></trkpt>
<trkpt lat="34.659875" lon="127.598550" sectionIndex="0" pointIndex="2055" originalElevation="336.0" isOriginalElevationFromOSM="false" isAnchor="false"><ele>330.4</ele></trkpt>
<trkpt lat="34.659875" lon="127.598550" sectionIndex="0" pointIndex="2056" originalElevation="336.0" isOriginalElevationFromOSM="false" isAnchor="false"><ele>331.3</ele></trkpt>
<trkpt lat="34.659837" lon="127.598580" sectionIndex="0" pointIndex="2057" originalElevation="336.0" isOriginalElevationFromOSM="false" isAnchor="false"><ele>332.2</ele></trkpt>
<trkpt lat="34.659800" lon="127.598610" sectionIndex="0" pointIndex="2058" originalElevation="336.0" isOriginalElevationFromOSM="false" isAnchor="false"><ele>333.0</ele></trkpt>
<trkpt lat="34.659763" lon="127.598640" sectionIndex="0" pointIndex="2059" originalElevation="336.0" isOriginalElevationFromOSM="false" isAnchor="false"><ele>333.7</ele></trkpt>
<trkpt lat="34.659725" lon="127.598671" sectionIndex="0" pointIndex="2060" originalElevation="336.0" isOriginalElevationFromOSM="false" isAnchor="false"><ele>334.2</ele></trkpt>
<trkpt lat="34.659688" lon="127.598701" sectionIndex="0" pointIndex="2061" originalElevation="336.0" isOriginalElevationFromOSM="false" isAnchor="false"><ele>334.6</ele></trkpt>
<trkpt lat="34.659650" lon="127.598731" sectionIndex="0" pointIndex="2062" originalElevation="336.0" isOriginalElevationFromOSM="false" isAnchor="false"><ele>334.9</ele></trkpt>
<trkpt lat="34.659613" lon="127.598761" sectionIndex="0" pointIndex="2063" originalElevation="336.0" isOriginalElevationFromOSM="false" isAnchor="false"><ele>335.2</ele></trkpt>
<trkpt lat="34.659575" lon="127.598792" sectionIndex="0" pointIndex="2064" originalElevation="336.0" isOriginalElevationFromOSM="false" isAnchor="false"><ele>335.4</ele></trkpt>
<trkpt lat="34.659538" lon="127.598822" sectionIndex="0" pointIndex="2065" originalElevation="336.0" isOriginalElevationFromOSM="false" isAnchor="false"><ele>335.5</ele></trkpt>
<trkpt lat="34.659500" lon="127.598852" sectionIndex="0" pointIndex="2066" originalElevation="336.0" isOriginalElevationFromOSM="false" isAnchor="false"><ele>335.6</ele></trkpt>
<trkpt lat="34.659463" lon="127.598882" sectionIndex="0" pointIndex="2067" originalElevation="336.0" isOriginalElevationFromOSM="false" isAnchor="false"><ele>335.7</ele></trkpt>
<trkpt lat="34.659425" lon="127.598913" sectionIndex="0" pointIndex="2068" originalElevation="336.0" isOriginalElevationFromOSM="false" isAnchor="false"><ele>335.6</ele></trkpt>
<trkpt lat="34.659388" lon="127.598943" sectionIndex="0" pointIndex="2069" originalElevation="336.0" isOriginalElevationFromOSM="false" isAnchor="false"><ele>335.5</ele></trkpt>
<trkpt lat="34.659350" lon="127.598973" sectionIndex="0" pointIndex="2070" originalElevation="336.0" isOriginalElevationFromOSM="false" isAnchor="false"><ele>335.4</ele></trkpt>
<trkpt lat="34.659313" lon="127.599003" sectionIndex="0" pointIndex="2071" originalElevation="336.0" isOriginalElevationFromOSM="false" isAnchor="false"><ele>335.4</ele></trkpt>
<trkpt lat="34.659276" lon="127.599034" sectionIndex="0" pointIndex="2072" originalElevation="336.0" isOriginalElevationFromOSM="false" isAnchor="false"><ele>335.3</ele></trkpt>
<trkpt lat="34.659238" lon="127.599064" sectionIndex="0" pointIndex="2073" originalElevation="336.0" isOriginalElevationFromOSM="false" isAnchor="false"><ele>335.3</ele></trkpt>
<trkpt lat="34.659205" lon="127.599090" sectionIndex="0" pointIndex="2074" originalElevation="336.0" isOriginalElevationFromOSM="false" isAnchor="false"><ele>335.3</ele></trkpt>
<trkpt lat="34.659205" lon="127.599090" sectionIndex="0" pointIndex="2075" originalElevation="336.0" isOriginalElevationFromOSM="false" isAnchor="false"><ele>335.3</ele></trkpt>
<trkpt lat="34.659161" lon="127.599100" sectionIndex="0" pointIndex="2076" originalElevation="333.0" isOriginalElevationFromOSM="false" isAnchor="false"><ele>335.3</ele></trkpt>
<trkpt lat="34.659117" lon="127.599109" sectionIndex="0" pointIndex="2077" originalElevation="333.0" isOriginalElevationFromOSM="false" isAnchor="false"><ele>335.3</ele></trkpt>
<trkpt lat="34.659072" lon="127.599118" sectionIndex="0" pointIndex="2078" originalElevation="333.0" isOriginalElevationFromOSM="false" isAnchor="false"><ele>335.4</ele></trkpt>
<trkpt lat="34.659028" lon="127.599127" sectionIndex="0" pointIndex="2079" originalElevation="333.0" isOriginalElevationFromOSM="false" isAnchor="false"><ele>335.5</ele></trkpt>
<trkpt lat="34.658984" lon="127.599137" sectionIndex="0" pointIndex="2080" originalElevation="333.0" isOriginalElevationFromOSM="false" isAnchor="false"><ele>335.7</ele></trkpt>
<trkpt lat="34.658939" lon="127.599146" sectionIndex="0" pointIndex="2081" originalElevation="333.0" isOriginalElevationFromOSM="false" isAnchor="false"><ele>335.8</ele></trkpt>
<trkpt lat="34.658895" lon="127.599155" sectionIndex="0" pointIndex="2082" originalElevation="333.0" isOriginalElevationFromOSM="false" isAnchor="false"><ele>336.0</ele></trkpt>
<trkpt lat="34.658851" lon="127.599164" sectionIndex="0" pointIndex="2083" originalElevation="333.0" isOriginalElevationFromOSM="false" isAnchor="false"><ele>336.3</ele></trkpt>
<trkpt lat="34.658806" lon="127.599174" sectionIndex="0" pointIndex="2084" originalElevation="339.0" isOriginalElevationFromOSM="false" isAnchor="false"><ele>336.5</ele></trkpt>
<trkpt lat="34.658762" lon="127.599183" sectionIndex="0" pointIndex="2085" originalElevation="339.0" isOriginalElevationFromOSM="false" isAnchor="false"><ele>336.8</ele></trkpt>
<trkpt lat="34.658718" lon="127.599192" sectionIndex="0" pointIndex="2086" originalElevation="339.0" isOriginalElevationFromOSM="false" isAnchor="false"><ele>336.9</ele></trkpt>
<trkpt lat="34.658700" lon="127.599196" sectionIndex="0" pointIndex="2087" originalElevation="339.0" isOriginalElevationFromOSM="false" isAnchor="false"><ele>337.1</ele></trkpt>
<trkpt lat="34.658700" lon="127.599196" sectionIndex="0" pointIndex="2088" originalElevation="339.0" isOriginalElevationFromOSM="false" isAnchor="false"><ele>337.3</ele></trkpt>
<trkpt lat="34.658672" lon="127.599238" sectionIndex="0" pointIndex="2089" originalElevation="339.0" isOriginalElevationFromOSM="false" isAnchor="false"><ele>337.4</ele></trkpt>
<trkpt lat="34.658643" lon="127.599281" sectionIndex="0" pointIndex="2090" originalElevation="339.0" isOriginalElevationFromOSM="false" isAnchor="false"><ele>337.4</ele></trkpt>
<trkpt lat="34.658615" lon="127.599323" sectionIndex="0" pointIndex="2091" originalElevation="339.0" isOriginalElevationFromOSM="false" isAnchor="false"><ele>337.4</ele></trkpt>
<trkpt lat="34.658586" lon="127.599365" sectionIndex="0" pointIndex="2092" originalElevation="339.0" isOriginalElevationFromOSM="false" isAnchor="false"><ele>337.4</ele></trkpt>
<trkpt lat="34.658558" lon="127.599408" sectionIndex="0" pointIndex="2093" originalElevation="339.0" isOriginalElevationFromOSM="false" isAnchor="false"><ele>337.3</ele></trkpt>
<trkpt lat="34.658530" lon="127.599450" sectionIndex="0" pointIndex="2094" originalElevation="339.0" isOriginalElevationFromOSM="false" isAnchor="false"><ele>337.3</ele></trkpt>
<trkpt lat="34.658501" lon="127.599493" sectionIndex="0" pointIndex="2095" originalElevation="339.0" isOriginalElevationFromOSM="false" isAnchor="false"><ele>337.2</ele></trkpt>
<trkpt lat="34.658473" lon="127.599535" sectionIndex="0" pointIndex="2096" originalElevation="339.0" isOriginalElevationFromOSM="false" isAnchor="false"><ele>337.2</ele></trkpt>
<trkpt lat="34.658444" lon="127.599578" sectionIndex="0" pointIndex="2097" originalElevation="339.0" isOriginalElevationFromOSM="false" isAnchor="false"><ele>337.1</ele></trkpt>
<trkpt lat="34.658416" lon="127.599620" sectionIndex="0" pointIndex="2098" originalElevation="339.0" isOriginalElevationFromOSM="false" isAnchor="false"><ele>337.1</ele></trkpt>
<trkpt lat="34.658388" lon="127.599662" sectionIndex="0" pointIndex="2099" originalElevation="339.0" isOriginalElevationFromOSM="false" isAnchor="false"><ele>337.0</ele></trkpt>
<trkpt lat="34.658359" lon="127.599705" sectionIndex="0" pointIndex="2100" originalElevation="339.0" isOriginalElevationFromOSM="false" isAnchor="false"><ele>337.0</ele></trkpt>
<trkpt lat="34.658331" lon="127.599747" sectionIndex="0" pointIndex="2101" originalElevation="331.0" isOriginalElevationFromOSM="false" isAnchor="false"><ele>337.1</ele></trkpt>
<trkpt lat="34.658303" lon="127.599790" sectionIndex="0" pointIndex="2102" originalElevation="331.0" isOriginalElevationFromOSM="false" isAnchor="false"><ele>337.2</ele></trkpt>
<trkpt lat="34.658274" lon="127.599832" sectionIndex="0" pointIndex="2103" originalElevation="331.0" isOriginalElevationFromOSM="false" isAnchor="false"><ele>337.4</ele></trkpt>
<trkpt lat="34.658246" lon="127.599874" sectionIndex="0" pointIndex="2104" originalElevation="331.0" isOriginalElevationFromOSM="false" isAnchor="false"><ele>337.7</ele></trkpt>
<trkpt lat="34.658217" lon="127.599917" sectionIndex="0" pointIndex="2105" originalElevation="331.0" isOriginalElevationFromOSM="false" isAnchor="false"><ele>338.1</ele></trkpt>
<trkpt lat="34.658191" lon="127.599956" sectionIndex="0" pointIndex="2106" originalElevation="331.0" isOriginalElevationFromOSM="false" isAnchor="false"><ele>338.6</ele></trkpt>
<trkpt lat="34.658191" lon="127.599956" sectionIndex="0" pointIndex="2107" originalElevation="331.0" isOriginalElevationFromOSM="false" isAnchor="false"><ele>339.1</ele></trkpt>
<trkpt lat="34.658162" lon="127.599997" sectionIndex="0" pointIndex="2108" originalElevation="331.0" isOriginalElevationFromOSM="false" isAnchor="false"><ele>339.7</ele></trkpt>
<trkpt lat="34.658132" lon="127.600038" sectionIndex="0" pointIndex="2109" originalElevation="347.0" isOriginalElevationFromOSM="false" isAnchor="false"><ele>340.4</ele></trkpt>
<trkpt lat="34.658102" lon="127.600079" sectionIndex="0" pointIndex="2110" originalElevation="347.0" isOriginalElevationFromOSM="false" isAnchor="false"><ele>341.0</ele></trkpt>
<trkpt lat="34.658073" lon="127.600120" sectionIndex="0" pointIndex="2111" originalElevation="347.0" isOriginalElevationFromOSM="false" isAnchor="false"><ele>341.7</ele></trkpt>
<trkpt lat="34.658043" lon="127.600161" sectionIndex="0" pointIndex="2112" originalElevation="347.0" isOriginalElevationFromOSM="false" isAnchor="false"><ele>342.4</ele></trkpt>
<trkpt lat="34.658013" lon="127.600202" sectionIndex="0" pointIndex="2113" originalElevation="347.0" isOriginalElevationFromOSM="false" isAnchor="false"><ele>343.0</ele></trkpt>
<trkpt lat="34.657984" lon="127.600243" sectionIndex="0" pointIndex="2114" originalElevation="347.0" isOriginalElevationFromOSM="false" isAnchor="false"><ele>343.6</ele></trkpt>
<trkpt lat="34.657954" lon="127.600284" sectionIndex="0" pointIndex="2115" originalElevation="347.0" isOriginalElevationFromOSM="false" isAnchor="false"><ele>344.1</ele></trkpt>
<trkpt lat="34.657924" lon="127.600326" sectionIndex="0" pointIndex="2116" originalElevation="347.0" isOriginalElevationFromOSM="false" isAnchor="false"><ele>344.4</ele></trkpt>
<trkpt lat="34.657895" lon="127.600367" sectionIndex="0" pointIndex="2117" originalElevation="347.0" isOriginalElevationFromOSM="false" isAnchor="false"><ele>344.8</ele></trkpt>
<trkpt lat="34.657865" lon="127.600408" sectionIndex="0" pointIndex="2118" originalElevation="347.0" isOriginalElevationFromOSM="false" isAnchor="false"><ele>345.0</ele></trkpt>
<trkpt lat="34.657846" lon="127.600433" sectionIndex="0" pointIndex="2119" originalElevation="347.0" isOriginalElevationFromOSM="false" isAnchor="false"><ele>345.0</ele></trkpt>
<trkpt lat="34.657846" lon="127.600433" sectionIndex="0" pointIndex="2120" originalElevation="347.0" isOriginalElevationFromOSM="false" isAnchor="false"><ele>344.9</ele></trkpt>
<trkpt lat="34.657819" lon="127.600476" sectionIndex="0" pointIndex="2121" originalElevation="347.0" isOriginalElevationFromOSM="false" isAnchor="false"><ele>344.6</ele></trkpt>
<trkpt lat="34.657791" lon="127.600519" sectionIndex="0" pointIndex="2122" originalElevation="347.0" isOriginalElevationFromOSM="false" isAnchor="false"><ele>344.2</ele></trkpt>
<trkpt lat="34.657763" lon="127.600562" sectionIndex="0" pointIndex="2123" originalElevation="347.0" isOriginalElevationFromOSM="false" isAnchor="false"><ele>343.7</ele></trkpt>
<trkpt lat="34.657735" lon="127.600605" sectionIndex="0" pointIndex="2124" originalElevation="347.0" isOriginalElevationFromOSM="false" isAnchor="false"><ele>343.0</ele></trkpt>
<trkpt lat="34.657708" lon="127.600648" sectionIndex="0" pointIndex="2125" originalElevation="347.0" isOriginalElevationFromOSM="false" isAnchor="false"><ele>342.0</ele></trkpt>
<trkpt lat="34.657680" lon="127.600691" sectionIndex="0" pointIndex="2126" originalElevation="347.0" isOriginalElevationFromOSM="false" isAnchor="false"><ele>341.0</ele></trkpt>
<trkpt lat="34.657652" lon="127.600734" sectionIndex="0" pointIndex="2127" originalElevation="347.0" isOriginalElevationFromOSM="false" isAnchor="false"><ele>339.9</ele></trkpt>
<trkpt lat="34.657624" lon="127.600777" sectionIndex="0" pointIndex="2128" originalElevation="347.0" isOriginalElevationFromOSM="false" isAnchor="false"><ele>338.7</ele></trkpt>
<trkpt lat="34.657596" lon="127.600820" sectionIndex="0" pointIndex="2129" originalElevation="347.0" isOriginalElevationFromOSM="false" isAnchor="false"><ele>337.5</ele></trkpt>
<trkpt lat="34.657569" lon="127.600863" sectionIndex="0" pointIndex="2130" originalElevation="333.0" isOriginalElevationFromOSM="false" isAnchor="false"><ele>336.2</ele></trkpt>
<trkpt lat="34.657541" lon="127.600906" sectionIndex="0" pointIndex="2131" originalElevation="333.0" isOriginalElevationFromOSM="false" isAnchor="false"><ele>334.8</ele></trkpt>
<trkpt lat="34.657538" lon="127.600911" sectionIndex="0" pointIndex="2132" originalElevation="333.0" isOriginalElevationFromOSM="false" isAnchor="false"><ele>333.5</ele></trkpt>
<trkpt lat="34.657538" lon="127.600911" sectionIndex="0" pointIndex="2133" originalElevation="333.0" isOriginalElevationFromOSM="false" isAnchor="false"><ele>332.2</ele></trkpt>
<trkpt lat="34.657494" lon="127.600926" sectionIndex="0" pointIndex="2134" originalElevation="322.0" isOriginalElevationFromOSM="false" isAnchor="false"><ele>330.9</ele></trkpt>
<trkpt lat="34.657451" lon="127.600940" sectionIndex="0" pointIndex="2135" originalElevation="322.0" isOriginalElevationFromOSM="false" isAnchor="false"><ele>329.7</ele></trkpt>
<trkpt lat="34.657408" lon="127.600955" sectionIndex="0" pointIndex="2136" originalElevation="322.0" isOriginalElevationFromOSM="false" isAnchor="false"><ele>328.5</ele></trkpt>
<trkpt lat="34.657364" lon="127.600970" sectionIndex="0" pointIndex="2137" originalElevation="322.0" isOriginalElevationFromOSM="false" isAnchor="false"><ele>327.5</ele></trkpt>
<trkpt lat="34.657321" lon="127.600984" sectionIndex="0" pointIndex="2138" originalElevation="322.0" isOriginalElevationFromOSM="false" isAnchor="false"><ele>326.5</ele></trkpt>
<trkpt lat="34.657278" lon="127.600999" sectionIndex="0" pointIndex="2139" originalElevation="322.0" isOriginalElevationFromOSM="false" isAnchor="false"><ele>325.3</ele></trkpt>
<trkpt lat="34.657234" lon="127.601014" sectionIndex="0" pointIndex="2140" originalElevation="322.0" isOriginalElevationFromOSM="false" isAnchor="false"><ele>324.1</ele></trkpt>
<trkpt lat="34.657191" lon="127.601028" sectionIndex="0" pointIndex="2141" originalElevation="322.0" isOriginalElevationFromOSM="false" isAnchor="false"><ele>322.9</ele></trkpt>
<trkpt lat="34.657148" lon="127.601043" sectionIndex="0" pointIndex="2142" originalElevation="322.0" isOriginalElevationFromOSM="false" isAnchor="false"><ele>321.6</ele></trkpt>
<trkpt lat="34.657104" lon="127.601058" sectionIndex="0" pointIndex="2143" originalElevation="322.0" isOriginalElevationFromOSM="false" isAnchor="false"><ele>320.3</ele></trkpt>
<trkpt lat="34.657061" lon="127.601072" sectionIndex="0" pointIndex="2144" originalElevation="322.0" isOriginalElevationFromOSM="false" isAnchor="false"><ele>318.9</ele></trkpt>
<trkpt lat="34.657018" lon="127.601087" sectionIndex="0" pointIndex="2145" originalElevation="322.0" isOriginalElevationFromOSM="false" isAnchor="false"><ele>317.4</ele></trkpt>
<trkpt lat="34.656974" lon="127.601101" sectionIndex="0" pointIndex="2146" originalElevation="322.0" isOriginalElevationFromOSM="false" isAnchor="false"><ele>315.8</ele></trkpt>
<trkpt lat="34.656931" lon="127.601116" sectionIndex="0" pointIndex="2147" originalElevation="322.0" isOriginalElevationFromOSM="false" isAnchor="false"><ele>314.1</ele></trkpt>
<trkpt lat="34.656888" lon="127.601131" sectionIndex="0" pointIndex="2148" originalElevation="322.0" isOriginalElevationFromOSM="false" isAnchor="false"><ele>312.1</ele></trkpt>
<trkpt lat="34.656844" lon="127.601145" sectionIndex="0" pointIndex="2149" originalElevation="322.0" isOriginalElevationFromOSM="false" isAnchor="false"><ele>310.1</ele></trkpt>
<trkpt lat="34.656801" lon="127.601160" sectionIndex="0" pointIndex="2150" originalElevation="322.0" isOriginalElevationFromOSM="false" isAnchor="false"><ele>307.9</ele></trkpt>
<trkpt lat="34.656758" lon="127.601175" sectionIndex="0" pointIndex="2151" originalElevation="322.0" isOriginalElevationFromOSM="false" isAnchor="false"><ele>305.6</ele></trkpt>
<trkpt lat="34.656714" lon="127.601189" sectionIndex="0" pointIndex="2152" originalElevation="322.0" isOriginalElevationFromOSM="false" isAnchor="false"><ele>303.2</ele></trkpt>
<trkpt lat="34.656671" lon="127.601204" sectionIndex="0" pointIndex="2153" originalElevation="322.0" isOriginalElevationFromOSM="false" isAnchor="false"><ele>300.7</ele></trkpt>
<trkpt lat="34.656653" lon="127.601210" sectionIndex="0" pointIndex="2154" originalElevation="277.0" isOriginalElevationFromOSM="false" isAnchor="false"><ele>298.3</ele></trkpt>
<trkpt lat="34.656653" lon="127.601210" sectionIndex="0" pointIndex="2155" originalElevation="277.0" isOriginalElevationFromOSM="false" isAnchor="false"><ele>295.9</ele></trkpt>
<trkpt lat="34.656616" lon="127.601241" sectionIndex="0" pointIndex="2156" originalElevation="277.0" isOriginalElevationFromOSM="false" isAnchor="false"><ele>293.7</ele></trkpt>
<trkpt lat="34.656578" lon="127.601272" sectionIndex="0" pointIndex="2157" originalElevation="277.0" isOriginalElevationFromOSM="false" isAnchor="false"><ele>291.6</ele></trkpt>
<trkpt lat="34.656541" lon="127.601302" sectionIndex="0" pointIndex="2158" originalElevation="277.0" isOriginalElevationFromOSM="false" isAnchor="false"><ele>289.8</ele></trkpt>
<trkpt lat="34.656504" lon="127.601333" sectionIndex="0" pointIndex="2159" originalElevation="277.0" isOriginalElevationFromOSM="false" isAnchor="false"><ele>288.1</ele></trkpt>
<trkpt lat="34.656467" lon="127.601364" sectionIndex="0" pointIndex="2160" originalElevation="277.0" isOriginalElevationFromOSM="false" isAnchor="false"><ele>286.8</ele></trkpt>
<trkpt lat="34.656430" lon="127.601395" sectionIndex="0" pointIndex="2161" originalElevation="277.0" isOriginalElevationFromOSM="false" isAnchor="false"><ele>285.7</ele></trkpt>
<trkpt lat="34.656393" lon="127.601425" sectionIndex="0" pointIndex="2162" originalElevation="277.0" isOriginalElevationFromOSM="false" isAnchor="false"><ele>284.9</ele></trkpt>
<trkpt lat="34.656355" lon="127.601456" sectionIndex="0" pointIndex="2163" originalElevation="277.0" isOriginalElevationFromOSM="false" isAnchor="false"><ele>284.3</ele></trkpt>
<trkpt lat="34.656318" lon="127.601487" sectionIndex="0" pointIndex="2164" originalElevation="277.0" isOriginalElevationFromOSM="false" isAnchor="false"><ele>283.8</ele></trkpt>
<trkpt lat="34.656281" lon="127.601518" sectionIndex="0" pointIndex="2165" originalElevation="277.0" isOriginalElevationFromOSM="false" isAnchor="false"><ele>283.5</ele></trkpt>
<trkpt lat="34.656244" lon="127.601548" sectionIndex="0" pointIndex="2166" originalElevation="277.0" isOriginalElevationFromOSM="false" isAnchor="false"><ele>283.3</ele></trkpt>
<trkpt lat="34.656207" lon="127.601579" sectionIndex="0" pointIndex="2167" originalElevation="277.0" isOriginalElevationFromOSM="false" isAnchor="false"><ele>283.2</ele></trkpt>
<trkpt lat="34.656169" lon="127.601610" sectionIndex="0" pointIndex="2168" originalElevation="277.0" isOriginalElevationFromOSM="false" isAnchor="false"><ele>283.2</ele></trkpt>
<trkpt lat="34.656132" lon="127.601641" sectionIndex="0" pointIndex="2169" originalElevation="277.0" isOriginalElevationFromOSM="false" isAnchor="false"><ele>283.1</ele></trkpt>
<trkpt lat="34.656095" lon="127.601671" sectionIndex="0" pointIndex="2170" originalElevation="296.0" isOriginalElevationFromOSM="false" isAnchor="false"><ele>283.3</ele></trkpt>
<trkpt lat="34.656058" lon="127.601702" sectionIndex="0" pointIndex="2171" originalElevation="296.0" isOriginalElevationFromOSM="false" isAnchor="false"><ele>283.3</ele></trkpt>
<trkpt lat="34.656021" lon="127.601733" sectionIndex="0" pointIndex="2172" originalElevation="296.0" isOriginalElevationFromOSM="false" isAnchor="false"><ele>283.1</ele></trkpt>
<trkpt lat="34.655984" lon="127.601764" sectionIndex="0" pointIndex="2173" originalElevation="296.0" isOriginalElevationFromOSM="false" isAnchor="false"><ele>283.0</ele></trkpt>
<trkpt lat="34.655947" lon="127.601794" sectionIndex="0" pointIndex="2174" originalElevation="296.0" isOriginalElevationFromOSM="false" isAnchor="false"><ele>282.6</ele></trkpt>
<trkpt lat="34.655947" lon="127.601794" sectionIndex="0" pointIndex="2175" originalElevation="296.0" isOriginalElevationFromOSM="false" isAnchor="false"><ele>282.2</ele></trkpt>
<trkpt lat="34.655911" lon="127.601827" sectionIndex="0" pointIndex="2176" originalElevation="296.0" isOriginalElevationFromOSM="false" isAnchor="false"><ele>281.6</ele></trkpt>
<trkpt lat="34.655876" lon="127.601861" sectionIndex="0" pointIndex="2177" originalElevation="296.0" isOriginalElevationFromOSM="false" isAnchor="false"><ele>280.9</ele></trkpt>
<trkpt lat="34.655840" lon="127.601894" sectionIndex="0" pointIndex="2178" originalElevation="296.0" isOriginalElevationFromOSM="false" isAnchor="false"><ele>280.2</ele></trkpt>
<trkpt lat="34.655804" lon="127.601927" sectionIndex="0" pointIndex="2179" originalElevation="263.0" isOriginalElevationFromOSM="false" isAnchor="false"><ele>279.5</ele></trkpt>
<trkpt lat="34.655769" lon="127.601961" sectionIndex="0" pointIndex="2180" originalElevation="263.0" isOriginalElevationFromOSM="false" isAnchor="false"><ele>278.9</ele></trkpt>
<trkpt lat="34.655733" lon="127.601994" sectionIndex="0" pointIndex="2181" originalElevation="263.0" isOriginalElevationFromOSM="false" isAnchor="false"><ele>278.5</ele></trkpt>
<trkpt lat="34.655697" lon="127.602027" sectionIndex="0" pointIndex="2182" originalElevation="263.0" isOriginalElevationFromOSM="false" isAnchor="false"><ele>278.1</ele></trkpt>
<trkpt lat="34.655662" lon="127.602061" sectionIndex="0" pointIndex="2183" originalElevation="263.0" isOriginalElevationFromOSM="false" isAnchor="false"><ele>278.0</ele></trkpt>
<trkpt lat="34.655626" lon="127.602094" sectionIndex="0" pointIndex="2184" originalElevation="263.0" isOriginalElevationFromOSM="false" isAnchor="false"><ele>278.1</ele></trkpt>
<trkpt lat="34.655590" lon="127.602127" sectionIndex="0" pointIndex="2185" originalElevation="263.0" isOriginalElevationFromOSM="false" isAnchor="false"><ele>278.4</ele></trkpt>
<trkpt lat="34.655555" lon="127.602161" sectionIndex="0" pointIndex="2186" originalElevation="263.0" isOriginalElevationFromOSM="false" isAnchor="false"><ele>278.8</ele></trkpt>
<trkpt lat="34.655530" lon="127.602184" sectionIndex="0" pointIndex="2187" originalElevation="263.0" isOriginalElevationFromOSM="false" isAnchor="false"><ele>279.6</ele></trkpt>
<trkpt lat="34.655470" lon="127.602621" sectionIndex="0" pointIndex="2188" originalElevation="288.0" isOriginalElevationFromOSM="false" isAnchor="false"><ele>280.6</ele></trkpt>
<trkpt lat="34.655440" lon="127.602670" sectionIndex="0" pointIndex="2189" originalElevation="288.0" isOriginalElevationFromOSM="false" isAnchor="false"><ele>281.9</ele></trkpt>
<trkpt lat="34.655180" lon="127.603050" sectionIndex="0" pointIndex="2190" originalElevation="287.0" isOriginalElevationFromOSM="false" isAnchor="false"><ele>283.3</ele></trkpt>
<trkpt lat="34.654600" lon="127.603720" sectionIndex="0" pointIndex="2191" originalElevation="278.0" isOriginalElevationFromOSM="false" isAnchor="false"><ele>285.0</ele></trkpt>
<trkpt lat="34.654160" lon="127.604360" sectionIndex="0" pointIndex="2192" originalElevation="283.0" isOriginalElevationFromOSM="false" isAnchor="false"><ele>286.8</ele></trkpt>
<trkpt lat="34.653730" lon="127.604860" sectionIndex="0" pointIndex="2193" originalElevation="289.0" isOriginalElevationFromOSM="false" isAnchor="false"><ele>288.7</ele></trkpt>
<trkpt lat="34.653350" lon="127.605290" sectionIndex="0" pointIndex="2194" originalElevation="285.0" isOriginalElevationFromOSM="false" isAnchor="false"><ele>290.7</ele></trkpt>
<trkpt lat="34.653260" lon="127.605450" sectionIndex="0" pointIndex="2195" originalElevation="297.0" isOriginalElevationFromOSM="false" isAnchor="false"><ele>292.9</ele></trkpt>
<trkpt lat="34.653220" lon="127.605640" sectionIndex="0" pointIndex="2196" originalElevation="297.0" isOriginalElevationFromOSM="false" isAnchor="false"><ele>295.0</ele></trkpt>
<trkpt lat="34.653290" lon="127.606090" sectionIndex="0" pointIndex="2197" originalElevation="297.0" isOriginalElevationFromOSM="false" isAnchor="false"><ele>297.1</ele></trkpt>
<trkpt lat="34.653300" lon="127.606520" sectionIndex="0" pointIndex="2198" originalElevation="305.0" isOriginalElevationFromOSM="false" isAnchor="false"><ele>299.2</ele></trkpt>
<trkpt lat="34.653290" lon="127.606620" sectionIndex="0" pointIndex="2199" originalElevation="305.0" isOriginalElevationFromOSM="false" isAnchor="false"><ele>301.2</ele></trkpt>
<trkpt lat="34.653290" lon="127.606620" sectionIndex="0" pointIndex="2200" originalElevation="305.0" isOriginalElevationFromOSM="false" isAnchor="false"><ele>303.1</ele></trkpt>
<trkpt lat="34.653260" lon="127.606900" sectionIndex="0" pointIndex="2201" originalElevation="305.0" isOriginalElevationFromOSM="false" isAnchor="false"><ele>304.8</ele></trkpt>
<trkpt lat="34.653310" lon="127.607390" sectionIndex="0" pointIndex="2202" originalElevation="311.0" isOriginalElevationFromOSM="false" isAnchor="false"><ele>306.5</ele></trkpt>
<trkpt lat="34.653310" lon="127.607390" sectionIndex="0" pointIndex="2203" originalElevation="311.0" isOriginalElevationFromOSM="false" isAnchor="false"><ele>308.0</ele></trkpt>
<trkpt lat="34.653320" lon="127.607460" sectionIndex="0" pointIndex="2204" originalElevation="317.0" isOriginalElevationFromOSM="false" isAnchor="false"><ele>309.2</ele></trkpt>
<trkpt lat="34.653230" lon="127.607870" sectionIndex="0" pointIndex="2205" originalElevation="318.0" isOriginalElevationFromOSM="false" isAnchor="false"><ele>310.3</ele></trkpt>
<trkpt lat="34.653060" lon="127.608150" sectionIndex="0" pointIndex="2206" originalElevation="318.0" isOriginalElevationFromOSM="false" isAnchor="false"><ele>311.4</ele></trkpt>
<trkpt lat="34.653020" lon="127.608390" sectionIndex="0" pointIndex="2207" originalElevation="318.0" isOriginalElevationFromOSM="false" isAnchor="false"><ele>312.3</ele></trkpt>
<trkpt lat="34.652950" lon="127.608530" sectionIndex="0" pointIndex="2208" originalElevation="314.5" isOriginalElevationFromOSM="false" isAnchor="false"><ele>313.2</ele></trkpt>
<trkpt lat="34.652950" lon="127.608530" sectionIndex="0" pointIndex="2209" originalElevation="314.5" isOriginalElevationFromOSM="false" isAnchor="false"><ele>313.8</ele></trkpt>
<trkpt lat="34.652870" lon="127.608710" sectionIndex="0" pointIndex="2210" originalElevation="311.0" isOriginalElevationFromOSM="false" isAnchor="false"><ele>314.4</ele></trkpt>
<trkpt lat="34.652860" lon="127.609270" sectionIndex="0" pointIndex="2211" originalElevation="311.0" isOriginalElevationFromOSM="false" isAnchor="false"><ele>314.9</ele></trkpt>
<trkpt lat="34.652990" lon="127.609530" sectionIndex="0" pointIndex="2212" originalElevation="319.0" isOriginalElevationFromOSM="false" isAnchor="false"><ele>315.2</ele></trkpt>
<trkpt lat="34.652930" lon="127.609820" sectionIndex="0" pointIndex="2213" originalElevation="319.0" isOriginalElevationFromOSM="false" isAnchor="false"><ele>315.5</ele></trkpt>
<trkpt lat="34.652890" lon="127.609870" sectionIndex="0" pointIndex="2214" originalElevation="319.0" isOriginalElevationFromOSM="false" isAnchor="false"><ele>315.7</ele></trkpt>
<trkpt lat="34.652890" lon="127.610084" sectionIndex="0" pointIndex="2215" originalElevation="325.3" isOriginalElevationFromOSM="false" isAnchor="false"><ele>315.8</ele></trkpt>
<trkpt lat="34.652890" lon="127.610084" sectionIndex="0" pointIndex="2216" originalElevation="315.0" isOriginalElevationFromOSM="false" isAnchor="false"><ele>315.9</ele></trkpt>
<trkpt lat="34.652894" lon="127.610138" sectionIndex="0" pointIndex="2217" originalElevation="315.0" isOriginalElevationFromOSM="false" isAnchor="false"><ele>315.9</ele></trkpt>
<trkpt lat="34.652895" lon="127.610150" sectionIndex="0" pointIndex="2218" originalElevation="315.0" isOriginalElevationFromOSM="false" isAnchor="false"><ele>315.9</ele></trkpt>
<trkpt lat="34.652895" lon="127.610150" sectionIndex="0" pointIndex="2219" originalElevation="315.0" isOriginalElevationFromOSM="false" isAnchor="false"><ele>315.8</ele></trkpt>
<trkpt lat="34.652882" lon="127.610202" sectionIndex="0" pointIndex="2220" originalElevation="315.0" isOriginalElevationFromOSM="false" isAnchor="false"><ele>315.8</ele></trkpt>
<trkpt lat="34.652869" lon="127.610254" sectionIndex="0" pointIndex="2221" originalElevation="315.0" isOriginalElevationFromOSM="false" isAnchor="false"><ele>315.7</ele></trkpt>
<trkpt lat="34.652856" lon="127.610307" sectionIndex="0" pointIndex="2222" originalElevation="315.0" isOriginalElevationFromOSM="false" isAnchor="false"><ele>315.6</ele></trkpt>
<trkpt lat="34.652844" lon="127.610359" sectionIndex="0" pointIndex="2223" originalElevation="315.0" isOriginalElevationFromOSM="false" isAnchor="false"><ele>315.6</ele></trkpt>
<trkpt lat="34.652831" lon="127.610412" sectionIndex="0" pointIndex="2224" originalElevation="315.0" isOriginalElevationFromOSM="false" isAnchor="false"><ele>315.8</ele></trkpt>
<trkpt lat="34.652828" lon="127.610425" sectionIndex="0" pointIndex="2225" originalElevation="315.0" isOriginalElevationFromOSM="false" isAnchor="false"><ele>316.0</ele></trkpt>
<trkpt lat="34.652828" lon="127.610425" sectionIndex="0" pointIndex="2226" originalElevation="315.0" isOriginalElevationFromOSM="false" isAnchor="false"><ele>316.3</ele></trkpt>
<trkpt lat="34.652819" lon="127.610478" sectionIndex="0" pointIndex="2227" originalElevation="315.0" isOriginalElevationFromOSM="false" isAnchor="false"><ele>316.7</ele></trkpt>
<trkpt lat="34.652810" lon="127.610532" sectionIndex="0" pointIndex="2228" originalElevation="315.0" isOriginalElevationFromOSM="false" isAnchor="false"><ele>317.2</ele></trkpt>
<trkpt lat="34.652801" lon="127.610585" sectionIndex="0" pointIndex="2229" originalElevation="315.0" isOriginalElevationFromOSM="false" isAnchor="false"><ele>317.7</ele></trkpt>
<trkpt lat="34.652798" lon="127.610607" sectionIndex="0" pointIndex="2230" originalElevation="315.0" isOriginalElevationFromOSM="false" isAnchor="false"><ele>318.4</ele></trkpt>
<trkpt lat="34.652798" lon="127.610607" sectionIndex="0" pointIndex="2231" originalElevation="315.0" isOriginalElevationFromOSM="false" isAnchor="false"><ele>319.2</ele></trkpt>
<trkpt lat="34.652777" lon="127.610656" sectionIndex="0" pointIndex="2232" originalElevation="315.0" isOriginalElevationFromOSM="false" isAnchor="false"><ele>320.1</ele></trkpt>
<trkpt lat="34.652757" lon="127.610705" sectionIndex="0" pointIndex="2233" originalElevation="315.0" isOriginalElevationFromOSM="false" isAnchor="false"><ele>321.1</ele></trkpt>
<trkpt lat="34.652737" lon="127.610754" sectionIndex="0" pointIndex="2234" originalElevation="315.0" isOriginalElevationFromOSM="false" isAnchor="false"><ele>322.2</ele></trkpt>
<trkpt lat="34.652729" lon="127.610773" sectionIndex="0" pointIndex="2235" originalElevation="315.0" isOriginalElevationFromOSM="false" isAnchor="false"><ele>323.4</ele></trkpt>
<trkpt lat="34.652729" lon="127.610773" sectionIndex="0" pointIndex="2236" originalElevation="315.0" isOriginalElevationFromOSM="false" isAnchor="false"><ele>324.6</ele></trkpt>
<trkpt lat="34.652720" lon="127.610826" sectionIndex="0" pointIndex="2237" originalElevation="315.0" isOriginalElevationFromOSM="false" isAnchor="false"><ele>325.9</ele></trkpt>
<trkpt lat="34.652714" lon="127.610864" sectionIndex="0" pointIndex="2238" originalElevation="338.0" isOriginalElevationFromOSM="false" isAnchor="false"><ele>327.1</ele></trkpt>
<trkpt lat="34.652714" lon="127.610864" sectionIndex="0" pointIndex="2239" originalElevation="338.0" isOriginalElevationFromOSM="false" isAnchor="false"><ele>328.4</ele></trkpt>
<trkpt lat="34.652713" lon="127.610919" sectionIndex="0" pointIndex="2240" originalElevation="338.0" isOriginalElevationFromOSM="false" isAnchor="false"><ele>329.6</ele></trkpt>
<trkpt lat="34.652712" lon="127.610973" sectionIndex="0" pointIndex="2241" originalElevation="338.0" isOriginalElevationFromOSM="false" isAnchor="false"><ele>330.8</ele></trkpt>
<trkpt lat="34.652711" lon="127.611028" sectionIndex="0" pointIndex="2242" originalElevation="338.0" isOriginalElevationFromOSM="false" isAnchor="false"><ele>331.9</ele></trkpt>
<trkpt lat="34.652711" lon="127.611050" sectionIndex="0" pointIndex="2243" originalElevation="338.0" isOriginalElevationFromOSM="false" isAnchor="false"><ele>332.9</ele></trkpt>
<trkpt lat="34.652711" lon="127.611050" sectionIndex="0" pointIndex="2244" originalElevation="338.0" isOriginalElevationFromOSM="false" isAnchor="false"><ele>333.8</ele></trkpt>
<trkpt lat="34.652704" lon="127.611104" sectionIndex="0" pointIndex="2245" originalElevation="338.0" isOriginalElevationFromOSM="false" isAnchor="false"><ele>334.7</ele></trkpt>
<trkpt lat="34.652697" lon="127.611158" sectionIndex="0" pointIndex="2246" originalElevation="338.0" isOriginalElevationFromOSM="false" isAnchor="false"><ele>335.4</ele></trkpt>
<trkpt lat="34.652691" lon="127.611212" sectionIndex="0" pointIndex="2247" originalElevation="338.0" isOriginalElevationFromOSM="false" isAnchor="false"><ele>336.0</ele></trkpt>
<trkpt lat="34.652684" lon="127.611266" sectionIndex="0" pointIndex="2248" originalElevation="338.0" isOriginalElevationFromOSM="false" isAnchor="false"><ele>336.5</ele></trkpt>
<trkpt lat="34.652683" lon="127.611277" sectionIndex="0" pointIndex="2249" originalElevation="338.0" isOriginalElevationFromOSM="false" isAnchor="false"><ele>337.0</ele></trkpt>
<trkpt lat="34.652683" lon="127.611277" sectionIndex="0" pointIndex="2250" originalElevation="338.0" isOriginalElevationFromOSM="false" isAnchor="false"><ele>337.3</ele></trkpt>
<trkpt lat="34.652663" lon="127.611326" sectionIndex="0" pointIndex="2251" originalElevation="338.0" isOriginalElevationFromOSM="false" isAnchor="false"><ele>337.7</ele></trkpt>
<trkpt lat="34.652645" lon="127.611372" sectionIndex="0" pointIndex="2252" originalElevation="338.0" isOriginalElevationFromOSM="false" isAnchor="false"><ele>338.1</ele></trkpt>
<trkpt lat="34.652645" lon="127.611372" sectionIndex="0" pointIndex="2253" originalElevation="338.0" isOriginalElevationFromOSM="false" isAnchor="false"><ele>338.4</ele></trkpt>
<trkpt lat="34.652635" lon="127.611425" sectionIndex="0" pointIndex="2254" originalElevation="338.0" isOriginalElevationFromOSM="false" isAnchor="false"><ele>338.6</ele></trkpt>
<trkpt lat="34.652629" lon="127.611458" sectionIndex="0" pointIndex="2255" originalElevation="338.0" isOriginalElevationFromOSM="false" isAnchor="false"><ele>338.8</ele></trkpt>
<trkpt lat="34.652629" lon="127.611458" sectionIndex="0" pointIndex="2256" originalElevation="338.0" isOriginalElevationFromOSM="false" isAnchor="false"><ele>339.1</ele></trkpt>
<trkpt lat="34.652644" lon="127.611509" sectionIndex="0" pointIndex="2257" originalElevation="338.0" isOriginalElevationFromOSM="false" isAnchor="false"><ele>339.5</ele></trkpt>
<trkpt lat="34.652653" lon="127.611541" sectionIndex="0" pointIndex="2258" originalElevation="338.0" isOriginalElevationFromOSM="false" isAnchor="false"><ele>339.9</ele></trkpt>
<trkpt lat="34.652653" lon="127.611541" sectionIndex="0" pointIndex="2259" originalElevation="338.0" isOriginalElevationFromOSM="false" isAnchor="false"><ele>340.3</ele></trkpt>
<trkpt lat="34.652696" lon="127.611559" sectionIndex="0" pointIndex="2260" originalElevation="338.0" isOriginalElevationFromOSM="false" isAnchor="false"><ele>340.9</ele></trkpt>
<trkpt lat="34.652738" lon="127.611576" sectionIndex="0" pointIndex="2261" originalElevation="338.0" isOriginalElevationFromOSM="false" isAnchor="false"><ele>341.4</ele></trkpt>
<trkpt lat="34.652749" lon="127.611580" sectionIndex="0" pointIndex="2262" originalElevation="338.0" isOriginalElevationFromOSM="false" isAnchor="false"><ele>342.1</ele></trkpt>
<trkpt lat="34.652749" lon="127.611580" sectionIndex="0" pointIndex="2263" originalElevation="338.0" isOriginalElevationFromOSM="false" isAnchor="false"><ele>342.7</ele></trkpt>
<trkpt lat="34.652777" lon="127.611623" sectionIndex="0" pointIndex="2264" originalElevation="338.0" isOriginalElevationFromOSM="false" isAnchor="false"><ele>343.4</ele></trkpt>
<trkpt lat="34.652805" lon="127.611665" sectionIndex="0" pointIndex="2265" originalElevation="338.0" isOriginalElevationFromOSM="false" isAnchor="false"><ele>344.1</ele></trkpt>
<trkpt lat="34.652807" lon="127.611668" sectionIndex="0" pointIndex="2266" originalElevation="351.0" isOriginalElevationFromOSM="false" isAnchor="false"><ele>344.9</ele></trkpt>
<trkpt lat="34.652807" lon="127.611668" sectionIndex="0" pointIndex="2267" originalElevation="351.0" isOriginalElevationFromOSM="false" isAnchor="false"><ele>345.6</ele></trkpt>
<trkpt lat="34.652846" lon="127.611695" sectionIndex="0" pointIndex="2268" originalElevation="351.0" isOriginalElevationFromOSM="false" isAnchor="false"><ele>346.3</ele></trkpt>
<trkpt lat="34.652885" lon="127.611723" sectionIndex="0" pointIndex="2269" originalElevation="351.0" isOriginalElevationFromOSM="false" isAnchor="false"><ele>346.9</ele></trkpt>
<trkpt lat="34.652924" lon="127.611750" sectionIndex="0" pointIndex="2270" originalElevation="351.0" isOriginalElevationFromOSM="false" isAnchor="false"><ele>347.5</ele></trkpt>
<trkpt lat="34.652962" lon="127.611778" sectionIndex="0" pointIndex="2271" originalElevation="351.0" isOriginalElevationFromOSM="false" isAnchor="false"><ele>348.1</ele></trkpt>
<trkpt lat="34.653001" lon="127.611805" sectionIndex="0" pointIndex="2272" originalElevation="351.0" isOriginalElevationFromOSM="false" isAnchor="false"><ele>348.6</ele></trkpt>
<trkpt lat="34.653040" lon="127.611833" sectionIndex="0" pointIndex="2273" originalElevation="351.0" isOriginalElevationFromOSM="false" isAnchor="false"><ele>349.0</ele></trkpt>
<trkpt lat="34.653079" lon="127.611860" sectionIndex="0" pointIndex="2274" originalElevation="351.0" isOriginalElevationFromOSM="false" isAnchor="false"><ele>349.4</ele></trkpt>
<trkpt lat="34.653118" lon="127.611888" sectionIndex="0" pointIndex="2275" originalElevation="351.0" isOriginalElevationFromOSM="false" isAnchor="false"><ele>349.6</ele></trkpt>
<trkpt lat="34.653157" lon="127.611915" sectionIndex="0" pointIndex="2276" originalElevation="351.0" isOriginalElevationFromOSM="false" isAnchor="false"><ele>349.9</ele></trkpt>
<trkpt lat="34.653159" lon="127.611917" sectionIndex="0" pointIndex="2277" originalElevation="351.0" isOriginalElevationFromOSM="false" isAnchor="false"><ele>350.1</ele></trkpt>
<trkpt lat="34.653159" lon="127.611917" sectionIndex="0" pointIndex="2278" originalElevation="351.0" isOriginalElevationFromOSM="false" isAnchor="false"><ele>350.2</ele></trkpt>
<trkpt lat="34.653194" lon="127.611952" sectionIndex="0" pointIndex="2279" originalElevation="351.0" isOriginalElevationFromOSM="false" isAnchor="false"><ele>350.2</ele></trkpt>
<trkpt lat="34.653229" lon="127.611987" sectionIndex="0" pointIndex="2280" originalElevation="351.0" isOriginalElevationFromOSM="false" isAnchor="false"><ele>350.1</ele></trkpt>
<trkpt lat="34.653263" lon="127.612022" sectionIndex="0" pointIndex="2281" originalElevation="351.0" isOriginalElevationFromOSM="false" isAnchor="false"><ele>349.9</ele></trkpt>
<trkpt lat="34.653298" lon="127.612056" sectionIndex="0" pointIndex="2282" originalElevation="351.0" isOriginalElevationFromOSM="false" isAnchor="false"><ele>349.5</ele></trkpt>
<trkpt lat="34.653333" lon="127.612091" sectionIndex="0" pointIndex="2283" originalElevation="351.0" isOriginalElevationFromOSM="false" isAnchor="false"><ele>349.1</ele></trkpt>
<trkpt lat="34.653368" lon="127.612126" sectionIndex="0" pointIndex="2284" originalElevation="349.0" isOriginalElevationFromOSM="false" isAnchor="false"><ele>348.5</ele></trkpt>
<trkpt lat="34.653402" lon="127.612161" sectionIndex="0" pointIndex="2285" originalElevation="349.0" isOriginalElevationFromOSM="false" isAnchor="false"><ele>347.9</ele></trkpt>
<trkpt lat="34.653437" lon="127.612196" sectionIndex="0" pointIndex="2286" originalElevation="349.0" isOriginalElevationFromOSM="false" isAnchor="false"><ele>347.2</ele></trkpt>
<trkpt lat="34.653472" lon="127.612231" sectionIndex="0" pointIndex="2287" originalElevation="349.0" isOriginalElevationFromOSM="false" isAnchor="false"><ele>346.4</ele></trkpt>
<trkpt lat="34.653506" lon="127.612265" sectionIndex="0" pointIndex="2288" originalElevation="349.0" isOriginalElevationFromOSM="false" isAnchor="false"><ele>345.6</ele></trkpt>
<trkpt lat="34.653541" lon="127.612300" sectionIndex="0" pointIndex="2289" originalElevation="349.0" isOriginalElevationFromOSM="false" isAnchor="false"><ele>344.6</ele></trkpt>
<trkpt lat="34.653576" lon="127.612335" sectionIndex="0" pointIndex="2290" originalElevation="349.0" isOriginalElevationFromOSM="false" isAnchor="false"><ele>343.5</ele></trkpt>
<trkpt lat="34.653610" lon="127.612370" sectionIndex="0" pointIndex="2291" originalElevation="349.0" isOriginalElevationFromOSM="false" isAnchor="false"><ele>342.4</ele></trkpt>
<trkpt lat="34.653645" lon="127.612405" sectionIndex="0" pointIndex="2292" originalElevation="349.0" isOriginalElevationFromOSM="false" isAnchor="false"><ele>341.2</ele></trkpt>
<trkpt lat="34.653680" lon="127.612439" sectionIndex="0" pointIndex="2293" originalElevation="349.0" isOriginalElevationFromOSM="false" isAnchor="false"><ele>339.9</ele></trkpt>
<trkpt lat="34.653714" lon="127.612474" sectionIndex="0" pointIndex="2294" originalElevation="349.0" isOriginalElevationFromOSM="false" isAnchor="false"><ele>338.4</ele></trkpt>
<trkpt lat="34.653749" lon="127.612509" sectionIndex="0" pointIndex="2295" originalElevation="327.0" isOriginalElevationFromOSM="false" isAnchor="false"><ele>337.0</ele></trkpt>
<trkpt lat="34.653784" lon="127.612544" sectionIndex="0" pointIndex="2296" originalElevation="327.0" isOriginalElevationFromOSM="false" isAnchor="false"><ele>335.5</ele></trkpt>
<trkpt lat="34.653804" lon="127.612564" sectionIndex="0" pointIndex="2297" originalElevation="327.0" isOriginalElevationFromOSM="false" isAnchor="false"><ele>334.0</ele></trkpt>
<trkpt lat="34.653804" lon="127.612564" sectionIndex="0" pointIndex="2298" originalElevation="327.0" isOriginalElevationFromOSM="false" isAnchor="false"><ele>332.4</ele></trkpt>
<trkpt lat="34.653843" lon="127.612591" sectionIndex="0" pointIndex="2299" originalElevation="327.0" isOriginalElevationFromOSM="false" isAnchor="false"><ele>330.9</ele></trkpt>
<trkpt lat="34.653882" lon="127.612618" sectionIndex="0" pointIndex="2300" originalElevation="327.0" isOriginalElevationFromOSM="false" isAnchor="false"><ele>329.4</ele></trkpt>
<trkpt lat="34.653921" lon="127.612645" sectionIndex="0" pointIndex="2301" originalElevation="327.0" isOriginalElevationFromOSM="false" isAnchor="false"><ele>327.9</ele></trkpt>
<trkpt lat="34.653961" lon="127.612672" sectionIndex="0" pointIndex="2302" originalElevation="327.0" isOriginalElevationFromOSM="false" isAnchor="false"><ele>326.4</ele></trkpt>
<trkpt lat="34.654000" lon="127.612699" sectionIndex="0" pointIndex="2303" originalElevation="327.0" isOriginalElevationFromOSM="false" isAnchor="false"><ele>325.0</ele></trkpt>
<trkpt lat="34.654039" lon="127.612726" sectionIndex="0" pointIndex="2304" originalElevation="327.0" isOriginalElevationFromOSM="false" isAnchor="false"><ele>323.6</ele></trkpt>
<trkpt lat="34.654078" lon="127.612753" sectionIndex="0" pointIndex="2305" originalElevation="327.0" isOriginalElevationFromOSM="false" isAnchor="false"><ele>322.2</ele></trkpt>
<trkpt lat="34.654117" lon="127.612780" sectionIndex="0" pointIndex="2306" originalElevation="327.0" isOriginalElevationFromOSM="false" isAnchor="false"><ele>320.9</ele></trkpt>
<trkpt lat="34.654156" lon="127.612807" sectionIndex="0" pointIndex="2307" originalElevation="327.0" isOriginalElevationFromOSM="false" isAnchor="false"><ele>319.6</ele></trkpt>
<trkpt lat="34.654195" lon="127.612834" sectionIndex="0" pointIndex="2308" originalElevation="310.0" isOriginalElevationFromOSM="false" isAnchor="false"><ele>318.4</ele></trkpt>
<trkpt lat="34.654234" lon="127.612861" sectionIndex="0" pointIndex="2309" originalElevation="310.0" isOriginalElevationFromOSM="false" isAnchor="false"><ele>317.3</ele></trkpt>
<trkpt lat="34.654274" lon="127.612888" sectionIndex="0" pointIndex="2310" originalElevation="310.0" isOriginalElevationFromOSM="false" isAnchor="false"><ele>316.2</ele></trkpt>
<trkpt lat="34.654313" lon="127.612915" sectionIndex="0" pointIndex="2311" originalElevation="310.0" isOriginalElevationFromOSM="false" isAnchor="false"><ele>315.0</ele></trkpt>
<trkpt lat="34.654316" lon="127.612917" sectionIndex="0" pointIndex="2312" originalElevation="310.0" isOriginalElevationFromOSM="false" isAnchor="false"><ele>313.9</ele></trkpt>
<trkpt lat="34.654316" lon="127.612917" sectionIndex="0" pointIndex="2313" originalElevation="310.0" isOriginalElevationFromOSM="false" isAnchor="false"><ele>312.6</ele></trkpt>
<trkpt lat="34.654350" lon="127.612953" sectionIndex="0" pointIndex="2314" originalElevation="310.0" isOriginalElevationFromOSM="false" isAnchor="false"><ele>311.4</ele></trkpt>
<trkpt lat="34.654384" lon="127.612988" sectionIndex="0" pointIndex="2315" originalElevation="310.0" isOriginalElevationFromOSM="false" isAnchor="false"><ele>310.0</ele></trkpt>
<trkpt lat="34.654419" lon="127.613024" sectionIndex="0" pointIndex="2316" originalElevation="310.0" isOriginalElevationFromOSM="false" isAnchor="false"><ele>308.6</ele></trkpt>
<trkpt lat="34.654453" lon="127.613059" sectionIndex="0" pointIndex="2317" originalElevation="310.0" isOriginalElevationFromOSM="false" isAnchor="false"><ele>307.2</ele></trkpt>
<trkpt lat="34.654487" lon="127.613095" sectionIndex="0" pointIndex="2318" originalElevation="310.0" isOriginalElevationFromOSM="false" isAnchor="false"><ele>305.6</ele></trkpt>
<trkpt lat="34.654521" lon="127.613130" sectionIndex="0" pointIndex="2319" originalElevation="310.0" isOriginalElevationFromOSM="false" isAnchor="false"><ele>303.9</ele></trkpt>
<trkpt lat="34.654555" lon="127.613166" sectionIndex="0" pointIndex="2320" originalElevation="310.0" isOriginalElevationFromOSM="false" isAnchor="false"><ele>302.1</ele></trkpt>
<trkpt lat="34.654589" lon="127.613201" sectionIndex="0" pointIndex="2321" originalElevation="310.0" isOriginalElevationFromOSM="false" isAnchor="false"><ele>300.2</ele></trkpt>
<trkpt lat="34.654624" lon="127.613237" sectionIndex="0" pointIndex="2322" originalElevation="310.0" isOriginalElevationFromOSM="false" isAnchor="false"><ele>298.2</ele></trkpt>
<trkpt lat="34.654643" lon="127.613258" sectionIndex="0" pointIndex="2323" originalElevation="310.0" isOriginalElevationFromOSM="false" isAnchor="false"><ele>296.2</ele></trkpt>
<trkpt lat="34.654643" lon="127.613258" sectionIndex="0" pointIndex="2324" originalElevation="310.0" isOriginalElevationFromOSM="false" isAnchor="false"><ele>294.1</ele></trkpt>
<trkpt lat="34.654663" lon="127.613307" sectionIndex="0" pointIndex="2325" originalElevation="310.0" isOriginalElevationFromOSM="false" isAnchor="false"><ele>292.1</ele></trkpt>
<trkpt lat="34.654682" lon="127.613356" sectionIndex="0" pointIndex="2326" originalElevation="272.0" isOriginalElevationFromOSM="false" isAnchor="false"><ele>289.9</ele></trkpt>
<trkpt lat="34.654702" lon="127.613405" sectionIndex="0" pointIndex="2327" originalElevation="272.0" isOriginalElevationFromOSM="false" isAnchor="false"><ele>287.9</ele></trkpt>
<trkpt lat="34.654721" lon="127.613455" sectionIndex="0" pointIndex="2328" originalElevation="272.0" isOriginalElevationFromOSM="false" isAnchor="false"><ele>285.5</ele></trkpt>
<trkpt lat="34.654724" lon="127.613460" sectionIndex="0" pointIndex="2329" originalElevation="272.0" isOriginalElevationFromOSM="false" isAnchor="false"><ele>283.2</ele></trkpt>
<trkpt lat="34.654724" lon="127.613460" sectionIndex="0" pointIndex="2330" originalElevation="272.0" isOriginalElevationFromOSM="false" isAnchor="false"><ele>280.9</ele></trkpt>
<trkpt lat="34.654726" lon="127.613515" sectionIndex="0" pointIndex="2331" originalElevation="272.0" isOriginalElevationFromOSM="false" isAnchor="false"><ele>278.6</ele></trkpt>
<trkpt lat="34.654728" lon="127.613569" sectionIndex="0" pointIndex="2332" originalElevation="272.0" isOriginalElevationFromOSM="false" isAnchor="false"><ele>276.4</ele></trkpt>
<trkpt lat="34.654730" lon="127.613624" sectionIndex="0" pointIndex="2333" originalElevation="272.0" isOriginalElevationFromOSM="false" isAnchor="false"><ele>274.1</ele></trkpt>
<trkpt lat="34.654733" lon="127.613678" sectionIndex="0" pointIndex="2334" originalElevation="272.0" isOriginalElevationFromOSM="false" isAnchor="false"><ele>271.9</ele></trkpt>
<trkpt lat="34.654735" lon="127.613733" sectionIndex="0" pointIndex="2335" originalElevation="272.0" isOriginalElevationFromOSM="false" isAnchor="false"><ele>269.6</ele></trkpt>
<trkpt lat="34.654737" lon="127.613788" sectionIndex="0" pointIndex="2336" originalElevation="272.0" isOriginalElevationFromOSM="false" isAnchor="false"><ele>267.4</ele></trkpt>
<trkpt lat="34.654740" lon="127.613842" sectionIndex="0" pointIndex="2337" originalElevation="272.0" isOriginalElevationFromOSM="false" isAnchor="false"><ele>265.1</ele></trkpt>
<trkpt lat="34.654742" lon="127.613897" sectionIndex="0" pointIndex="2338" originalElevation="272.0" isOriginalElevationFromOSM="false" isAnchor="false"><ele>262.8</ele></trkpt>
<trkpt lat="34.654744" lon="127.613951" sectionIndex="0" pointIndex="2339" originalElevation="272.0" isOriginalElevationFromOSM="false" isAnchor="false"><ele>260.4</ele></trkpt>
<trkpt lat="34.654746" lon="127.614006" sectionIndex="0" pointIndex="2340" originalElevation="272.0" isOriginalElevationFromOSM="false" isAnchor="false"><ele>258.1</ele></trkpt>
<trkpt lat="34.654749" lon="127.614061" sectionIndex="0" pointIndex="2341" originalElevation="272.0" isOriginalElevationFromOSM="false" isAnchor="false"><ele>255.7</ele></trkpt>
<trkpt lat="34.654751" lon="127.614115" sectionIndex="0" pointIndex="2342" originalElevation="272.0" isOriginalElevationFromOSM="false" isAnchor="false"><ele>253.6</ele></trkpt>
<trkpt lat="34.654753" lon="127.614170" sectionIndex="0" pointIndex="2343" originalElevation="233.0" isOriginalElevationFromOSM="false" isAnchor="false"><ele>251.4</ele></trkpt>
<trkpt lat="34.654756" lon="127.614224" sectionIndex="0" pointIndex="2344" originalElevation="233.0" isOriginalElevationFromOSM="false" isAnchor="false"><ele>249.1</ele></trkpt>
<trkpt lat="34.654758" lon="127.614279" sectionIndex="0" pointIndex="2345" originalElevation="233.0" isOriginalElevationFromOSM="false" isAnchor="false"><ele>246.7</ele></trkpt>
<trkpt lat="34.654760" lon="127.614334" sectionIndex="0" pointIndex="2346" originalElevation="233.0" isOriginalElevationFromOSM="false" isAnchor="false"><ele>244.4</ele></trkpt>
<trkpt lat="34.654762" lon="127.614388" sectionIndex="0" pointIndex="2347" originalElevation="233.0" isOriginalElevationFromOSM="false" isAnchor="false"><ele>242.0</ele></trkpt>
<trkpt lat="34.654765" lon="127.614443" sectionIndex="0" pointIndex="2348" originalElevation="233.0" isOriginalElevationFromOSM="false" isAnchor="false"><ele>239.8</ele></trkpt>
<trkpt lat="34.654767" lon="127.614497" sectionIndex="0" pointIndex="2349" originalElevation="233.0" isOriginalElevationFromOSM="false" isAnchor="false"><ele>237.5</ele></trkpt>
<trkpt lat="34.654769" lon="127.614552" sectionIndex="0" pointIndex="2350" originalElevation="233.0" isOriginalElevationFromOSM="false" isAnchor="false"><ele>235.4</ele></trkpt>
<trkpt lat="34.654772" lon="127.614607" sectionIndex="0" pointIndex="2351" originalElevation="233.0" isOriginalElevationFromOSM="false" isAnchor="false"><ele>233.2</ele></trkpt>
<trkpt lat="34.654774" lon="127.614661" sectionIndex="0" pointIndex="2352" originalElevation="233.0" isOriginalElevationFromOSM="false" isAnchor="false"><ele>231.1</ele></trkpt>
<trkpt lat="34.654776" lon="127.614716" sectionIndex="0" pointIndex="2353" originalElevation="233.0" isOriginalElevationFromOSM="false" isAnchor="false"><ele>229.1</ele></trkpt>
<trkpt lat="34.654778" lon="127.614770" sectionIndex="0" pointIndex="2354" originalElevation="233.0" isOriginalElevationFromOSM="false" isAnchor="false"><ele>227.1</ele></trkpt>
<trkpt lat="34.654781" lon="127.614825" sectionIndex="0" pointIndex="2355" originalElevation="233.0" isOriginalElevationFromOSM="false" isAnchor="false"><ele>225.1</ele></trkpt>
<trkpt lat="34.654783" lon="127.614879" sectionIndex="0" pointIndex="2356" originalElevation="233.0" isOriginalElevationFromOSM="false" isAnchor="false"><ele>223.1</ele></trkpt>
<trkpt lat="34.654785" lon="127.614934" sectionIndex="0" pointIndex="2357" originalElevation="233.0" isOriginalElevationFromOSM="false" isAnchor="false"><ele>221.2</ele></trkpt>
<trkpt lat="34.654788" lon="127.614989" sectionIndex="0" pointIndex="2358" originalElevation="233.0" isOriginalElevationFromOSM="false" isAnchor="false"><ele>219.3</ele></trkpt>
<trkpt lat="34.654790" lon="127.615043" sectionIndex="0" pointIndex="2359" originalElevation="204.0" isOriginalElevationFromOSM="false" isAnchor="false"><ele>217.7</ele></trkpt>
<trkpt lat="34.654792" lon="127.615098" sectionIndex="0" pointIndex="2360" originalElevation="204.0" isOriginalElevationFromOSM="false" isAnchor="false"><ele>216.0</ele></trkpt>
<trkpt lat="34.654794" lon="127.615152" sectionIndex="0" pointIndex="2361" originalElevation="204.0" isOriginalElevationFromOSM="false" isAnchor="false"><ele>214.2</ele></trkpt>
<trkpt lat="34.654797" lon="127.615207" sectionIndex="0" pointIndex="2362" originalElevation="204.0" isOriginalElevationFromOSM="false" isAnchor="false"><ele>212.5</ele></trkpt>
<trkpt lat="34.654799" lon="127.615262" sectionIndex="0" pointIndex="2363" originalElevation="204.0" isOriginalElevationFromOSM="false" isAnchor="false"><ele>210.8</ele></trkpt>
<trkpt lat="34.654801" lon="127.615316" sectionIndex="0" pointIndex="2364" originalElevation="204.0" isOriginalElevationFromOSM="false" isAnchor="false"><ele>209.2</ele></trkpt>
<trkpt lat="34.654804" lon="127.615371" sectionIndex="0" pointIndex="2365" originalElevation="204.0" isOriginalElevationFromOSM="false" isAnchor="false"><ele>207.6</ele></trkpt>
<trkpt lat="34.654806" lon="127.615425" sectionIndex="0" pointIndex="2366" originalElevation="204.0" isOriginalElevationFromOSM="false" isAnchor="false"><ele>206.0</ele></trkpt>
<trkpt lat="34.654808" lon="127.615479" sectionIndex="0" pointIndex="2367" originalElevation="204.0" isOriginalElevationFromOSM="false" isAnchor="false"><ele>204.5</ele></trkpt>
<trkpt lat="34.654808" lon="127.615479" sectionIndex="0" pointIndex="2368" originalElevation="204.0" isOriginalElevationFromOSM="false" isAnchor="false"><ele>203.1</ele></trkpt>
<trkpt lat="34.654812" lon="127.615533" sectionIndex="0" pointIndex="2369" originalElevation="204.0" isOriginalElevationFromOSM="false" isAnchor="false"><ele>201.7</ele></trkpt>
<trkpt lat="34.654815" lon="127.615588" sectionIndex="0" pointIndex="2370" originalElevation="204.0" isOriginalElevationFromOSM="false" isAnchor="false"><ele>200.3</ele></trkpt>
<trkpt lat="34.654819" lon="127.615642" sectionIndex="0" pointIndex="2371" originalElevation="204.0" isOriginalElevationFromOSM="false" isAnchor="false"><ele>198.9</ele></trkpt>
<trkpt lat="34.654823" lon="127.615697" sectionIndex="0" pointIndex="2372" originalElevation="204.0" isOriginalElevationFromOSM="false" isAnchor="false"><ele>197.6</ele></trkpt>
<trkpt lat="34.654826" lon="127.615751" sectionIndex="0" pointIndex="2373" originalElevation="204.0" isOriginalElevationFromOSM="false" isAnchor="false"><ele>196.3</ele></trkpt>
<trkpt lat="34.654830" lon="127.615806" sectionIndex="0" pointIndex="2374" originalElevation="204.0" isOriginalElevationFromOSM="false" isAnchor="false"><ele>195.0</ele></trkpt>
<trkpt lat="34.654834" lon="127.615860" sectionIndex="0" pointIndex="2375" originalElevation="185.0" isOriginalElevationFromOSM="false" isAnchor="false"><ele>194.0</ele></trkpt>
<trkpt lat="34.654837" lon="127.615915" sectionIndex="0" pointIndex="2376" originalElevation="185.0" isOriginalElevationFromOSM="false" isAnchor="false"><ele>192.9</ele></trkpt>
<trkpt lat="34.654841" lon="127.615969" sectionIndex="0" pointIndex="2377" originalElevation="185.0" isOriginalElevationFromOSM="false" isAnchor="false"><ele>191.8</ele></trkpt>
<trkpt lat="34.654845" lon="127.616024" sectionIndex="0" pointIndex="2378" originalElevation="185.0" isOriginalElevationFromOSM="false" isAnchor="false"><ele>190.7</ele></trkpt>
<trkpt lat="34.654848" lon="127.616078" sectionIndex="0" pointIndex="2379" originalElevation="185.0" isOriginalElevationFromOSM="false" isAnchor="false"><ele>189.6</ele></trkpt>
<trkpt lat="34.654852" lon="127.616133" sectionIndex="0" pointIndex="2380" originalElevation="185.0" isOriginalElevationFromOSM="false" isAnchor="false"><ele>188.5</ele></trkpt>
<trkpt lat="34.654856" lon="127.616187" sectionIndex="0" pointIndex="2381" originalElevation="185.0" isOriginalElevationFromOSM="false" isAnchor="false"><ele>187.4</ele></trkpt>
<trkpt lat="34.654859" lon="127.616242" sectionIndex="0" pointIndex="2382" originalElevation="185.0" isOriginalElevationFromOSM="false" isAnchor="false"><ele>186.4</ele></trkpt>
<trkpt lat="34.654863" lon="127.616296" sectionIndex="0" pointIndex="2383" originalElevation="185.0" isOriginalElevationFromOSM="false" isAnchor="false"><ele>185.3</ele></trkpt>
<trkpt lat="34.654867" lon="127.616350" sectionIndex="0" pointIndex="2384" originalElevation="185.0" isOriginalElevationFromOSM="false" isAnchor="false"><ele>184.3</ele></trkpt>
<trkpt lat="34.654870" lon="127.616405" sectionIndex="0" pointIndex="2385" originalElevation="185.0" isOriginalElevationFromOSM="false" isAnchor="false"><ele>183.3</ele></trkpt>
<trkpt lat="34.654874" lon="127.616459" sectionIndex="0" pointIndex="2386" originalElevation="185.0" isOriginalElevationFromOSM="false" isAnchor="false"><ele>182.3</ele></trkpt>
<trkpt lat="34.654878" lon="127.616514" sectionIndex="0" pointIndex="2387" originalElevation="185.0" isOriginalElevationFromOSM="false" isAnchor="false"><ele>181.3</ele></trkpt>
<trkpt lat="34.654881" lon="127.616568" sectionIndex="0" pointIndex="2388" originalElevation="185.0" isOriginalElevationFromOSM="false" isAnchor="false"><ele>180.3</ele></trkpt>
<trkpt lat="34.654883" lon="127.616603" sectionIndex="0" pointIndex="2389" originalElevation="185.0" isOriginalElevationFromOSM="false" isAnchor="false"><ele>179.3</ele></trkpt>
<trkpt lat="34.654883" lon="127.616603" sectionIndex="0" pointIndex="2390" originalElevation="185.0" isOriginalElevationFromOSM="false" isAnchor="false"><ele>178.3</ele></trkpt>
<trkpt lat="34.654891" lon="127.616657" sectionIndex="0" pointIndex="2391" originalElevation="185.0" isOriginalElevationFromOSM="false" isAnchor="false"><ele>177.5</ele></trkpt>
<trkpt lat="34.654898" lon="127.616711" sectionIndex="0" pointIndex="2392" originalElevation="169.0" isOriginalElevationFromOSM="false" isAnchor="false"><ele>176.5</ele></trkpt>
<trkpt lat="34.654906" lon="127.616765" sectionIndex="0" pointIndex="2393" originalElevation="169.0" isOriginalElevationFromOSM="false" isAnchor="false"><ele>175.6</ele></trkpt>
<trkpt lat="34.654913" lon="127.616818" sectionIndex="0" pointIndex="2394" originalElevation="169.0" isOriginalElevationFromOSM="false" isAnchor="false"><ele>174.6</ele></trkpt>
<trkpt lat="34.654921" lon="127.616872" sectionIndex="0" pointIndex="2395" originalElevation="169.0" isOriginalElevationFromOSM="false" isAnchor="false"><ele>173.6</ele></trkpt>
<trkpt lat="34.654928" lon="127.616926" sectionIndex="0" pointIndex="2396" originalElevation="169.0" isOriginalElevationFromOSM="false" isAnchor="false"><ele>172.6</ele></trkpt>
<trkpt lat="34.654936" lon="127.616980" sectionIndex="0" pointIndex="2397" originalElevation="169.0" isOriginalElevationFromOSM="false" isAnchor="false"><ele>171.7</ele></trkpt>
<trkpt lat="34.654943" lon="127.617034" sectionIndex="0" pointIndex="2398" originalElevation="169.0" isOriginalElevationFromOSM="false" isAnchor="false"><ele>170.7</ele></trkpt>
<trkpt lat="34.654951" lon="127.617088" sectionIndex="0" pointIndex="2399" originalElevation="169.0" isOriginalElevationFromOSM="false" isAnchor="false"><ele>169.8</ele></trkpt>
<trkpt lat="34.654958" lon="127.617142" sectionIndex="0" pointIndex="2400" originalElevation="169.0" isOriginalElevationFromOSM="false" isAnchor="false"><ele>168.9</ele></trkpt>
<trkpt lat="34.654966" lon="127.617196" sectionIndex="0" pointIndex="2401" originalElevation="169.0" isOriginalElevationFromOSM="false" isAnchor="false"><ele>168.0</ele></trkpt>
<trkpt lat="34.654973" lon="127.617250" sectionIndex="0" pointIndex="2402" originalElevation="169.0" isOriginalElevationFromOSM="false" isAnchor="false"><ele>167.2</ele></trkpt>
<trkpt lat="34.654981" lon="127.617304" sectionIndex="0" pointIndex="2403" originalElevation="169.0" isOriginalElevationFromOSM="false" isAnchor="false"><ele>166.3</ele></trkpt>
<trkpt lat="34.654988" lon="127.617357" sectionIndex="0" pointIndex="2404" originalElevation="169.0" isOriginalElevationFromOSM="false" isAnchor="false"><ele>165.5</ele></trkpt>
<trkpt lat="34.654996" lon="127.617411" sectionIndex="0" pointIndex="2405" originalElevation="169.0" isOriginalElevationFromOSM="false" isAnchor="false"><ele>164.6</ele></trkpt>
<trkpt lat="34.655003" lon="127.617465" sectionIndex="0" pointIndex="2406" originalElevation="176.0" isOriginalElevationFromOSM="false" isAnchor="false"><ele>163.8</ele></trkpt>
<trkpt lat="34.655011" lon="127.617519" sectionIndex="0" pointIndex="2407" originalElevation="157.0" isOriginalElevationFromOSM="false" isAnchor="false"><ele>163.1</ele></trkpt>
<trkpt lat="34.655018" lon="127.617573" sectionIndex="0" pointIndex="2408" originalElevation="157.0" isOriginalElevationFromOSM="false" isAnchor="false"><ele>162.4</ele></trkpt>
<trkpt lat="34.655026" lon="127.617627" sectionIndex="0" pointIndex="2409" originalElevation="157.0" isOriginalElevationFromOSM="false" isAnchor="false"><ele>161.6</ele></trkpt>
<trkpt lat="34.655033" lon="127.617681" sectionIndex="0" pointIndex="2410" originalElevation="157.0" isOriginalElevationFromOSM="false" isAnchor="false"><ele>160.7</ele></trkpt>
<trkpt lat="34.655041" lon="127.617735" sectionIndex="0" pointIndex="2411" originalElevation="157.0" isOriginalElevationFromOSM="false" isAnchor="false"><ele>159.9</ele></trkpt>
<trkpt lat="34.655048" lon="127.617789" sectionIndex="0" pointIndex="2412" originalElevation="157.0" isOriginalElevationFromOSM="false" isAnchor="false"><ele>159.0</ele></trkpt>
<trkpt lat="34.655056" lon="127.617843" sectionIndex="0" pointIndex="2413" originalElevation="157.0" isOriginalElevationFromOSM="false" isAnchor="false"><ele>158.1</ele></trkpt>
<trkpt lat="34.655063" lon="127.617896" sectionIndex="0" pointIndex="2414" originalElevation="157.0" isOriginalElevationFromOSM="false" isAnchor="false"><ele>157.2</ele></trkpt>
<trkpt lat="34.655071" lon="127.617950" sectionIndex="0" pointIndex="2415" originalElevation="157.0" isOriginalElevationFromOSM="false" isAnchor="false"><ele>156.3</ele></trkpt>
<trkpt lat="34.655075" lon="127.617979" sectionIndex="0" pointIndex="2416" originalElevation="157.0" isOriginalElevationFromOSM="false" isAnchor="false"><ele>155.3</ele></trkpt>
<trkpt lat="34.655075" lon="127.617979" sectionIndex="0" pointIndex="2417" originalElevation="157.0" isOriginalElevationFromOSM="false" isAnchor="false"><ele>154.3</ele></trkpt>
<trkpt lat="34.655078" lon="127.618033" sectionIndex="0" pointIndex="2418" originalElevation="157.0" isOriginalElevationFromOSM="false" isAnchor="false"><ele>153.2</ele></trkpt>
<trkpt lat="34.655081" lon="127.618088" sectionIndex="0" pointIndex="2419" originalElevation="157.0" isOriginalElevationFromOSM="false" isAnchor="false"><ele>152.1</ele></trkpt>
<trkpt lat="34.655083" lon="127.618142" sectionIndex="0" pointIndex="2420" originalElevation="157.0" isOriginalElevationFromOSM="false" isAnchor="false"><ele>151.0</ele></trkpt>
<trkpt lat="34.655086" lon="127.618197" sectionIndex="0" pointIndex="2421" originalElevation="157.0" isOriginalElevationFromOSM="false" isAnchor="false"><ele>149.9</ele></trkpt>
<trkpt lat="34.655089" lon="127.618252" sectionIndex="0" pointIndex="2422" originalElevation="157.0" isOriginalElevationFromOSM="false" isAnchor="false"><ele>148.7</ele></trkpt>
<trkpt lat="34.655092" lon="127.618306" sectionIndex="0" pointIndex="2423" originalElevation="157.0" isOriginalElevationFromOSM="false" isAnchor="false"><ele>147.6</ele></trkpt>
<trkpt lat="34.655095" lon="127.618361" sectionIndex="0" pointIndex="2424" originalElevation="137.0" isOriginalElevationFromOSM="false" isAnchor="false"><ele>146.3</ele></trkpt>
<trkpt lat="34.655098" lon="127.618415" sectionIndex="0" pointIndex="2425" originalElevation="137.0" isOriginalElevationFromOSM="false" isAnchor="false"><ele>145.1</ele></trkpt>
<trkpt lat="34.655100" lon="127.618470" sectionIndex="0" pointIndex="2426" originalElevation="137.0" isOriginalElevationFromOSM="false" isAnchor="false"><ele>143.8</ele></trkpt>
<trkpt lat="34.655103" lon="127.618524" sectionIndex="0" pointIndex="2427" originalElevation="137.0" isOriginalElevationFromOSM="false" isAnchor="false"><ele>142.6</ele></trkpt>
<trkpt lat="34.655106" lon="127.618579" sectionIndex="0" pointIndex="2428" originalElevation="137.0" isOriginalElevationFromOSM="false" isAnchor="false"><ele>141.3</ele></trkpt>
<trkpt lat="34.655109" lon="127.618633" sectionIndex="0" pointIndex="2429" originalElevation="137.0" isOriginalElevationFromOSM="false" isAnchor="false"><ele>140.1</ele></trkpt>
<trkpt lat="34.655112" lon="127.618688" sectionIndex="0" pointIndex="2430" originalElevation="137.0" isOriginalElevationFromOSM="false" isAnchor="false"><ele>138.9</ele></trkpt>
<trkpt lat="34.655115" lon="127.618743" sectionIndex="0" pointIndex="2431" originalElevation="137.0" isOriginalElevationFromOSM="false" isAnchor="false"><ele>137.7</ele></trkpt>
<trkpt lat="34.655117" lon="127.618797" sectionIndex="0" pointIndex="2432" originalElevation="137.0" isOriginalElevationFromOSM="false" isAnchor="false"><ele>136.6</ele></trkpt>
<trkpt lat="34.655120" lon="127.618852" sectionIndex="0" pointIndex="2433" originalElevation="137.0" isOriginalElevationFromOSM="false" isAnchor="false"><ele>135.4</ele></trkpt>
<trkpt lat="34.655123" lon="127.618906" sectionIndex="0" pointIndex="2434" originalElevation="137.0" isOriginalElevationFromOSM="false" isAnchor="false"><ele>134.3</ele></trkpt>
<trkpt lat="34.655126" lon="127.618961" sectionIndex="0" pointIndex="2435" originalElevation="137.0" isOriginalElevationFromOSM="false" isAnchor="false"><ele>133.2</ele></trkpt>
<trkpt lat="34.655129" lon="127.619015" sectionIndex="0" pointIndex="2436" originalElevation="137.0" isOriginalElevationFromOSM="false" isAnchor="false"><ele>132.1</ele></trkpt>
<trkpt lat="34.655132" lon="127.619070" sectionIndex="0" pointIndex="2437" originalElevation="137.0" isOriginalElevationFromOSM="false" isAnchor="false"><ele>131.1</ele></trkpt>
<trkpt lat="34.655134" lon="127.619124" sectionIndex="0" pointIndex="2438" originalElevation="137.0" isOriginalElevationFromOSM="false" isAnchor="false"><ele>130.1</ele></trkpt>
<trkpt lat="34.655137" lon="127.619179" sectionIndex="0" pointIndex="2439" originalElevation="122.0" isOriginalElevationFromOSM="false" isAnchor="false"><ele>129.1</ele></trkpt>
<trkpt lat="34.655140" lon="127.619234" sectionIndex="0" pointIndex="2440" originalElevation="122.0" isOriginalElevationFromOSM="false" isAnchor="false"><ele>128.3</ele></trkpt>
<trkpt lat="34.655143" lon="127.619288" sectionIndex="0" pointIndex="2441" originalElevation="122.0" isOriginalElevationFromOSM="false" isAnchor="false"><ele>127.3</ele></trkpt>
<trkpt lat="34.655146" lon="127.619343" sectionIndex="0" pointIndex="2442" originalElevation="122.0" isOriginalElevationFromOSM="false" isAnchor="false"><ele>126.3</ele></trkpt>
<trkpt lat="34.655149" lon="127.619397" sectionIndex="0" pointIndex="2443" originalElevation="122.0" isOriginalElevationFromOSM="false" isAnchor="false"><ele>125.2</ele></trkpt>
<trkpt lat="34.655152" lon="127.619452" sectionIndex="0" pointIndex="2444" originalElevation="122.0" isOriginalElevationFromOSM="false" isAnchor="false"><ele>124.2</ele></trkpt>
<trkpt lat="34.655154" lon="127.619506" sectionIndex="0" pointIndex="2445" originalElevation="122.0" isOriginalElevationFromOSM="false" isAnchor="false"><ele>123.1</ele></trkpt>
<trkpt lat="34.655157" lon="127.619561" sectionIndex="0" pointIndex="2446" originalElevation="122.0" isOriginalElevationFromOSM="false" isAnchor="false"><ele>122.0</ele></trkpt>
<trkpt lat="34.655160" lon="127.619615" sectionIndex="0" pointIndex="2447" originalElevation="122.0" isOriginalElevationFromOSM="false" isAnchor="false"><ele>120.9</ele></trkpt>
<trkpt lat="34.655163" lon="127.619670" sectionIndex="0" pointIndex="2448" originalElevation="122.0" isOriginalElevationFromOSM="false" isAnchor="false"><ele>119.7</ele></trkpt>
<trkpt lat="34.655165" lon="127.619714" sectionIndex="0" pointIndex="2449" originalElevation="122.0" isOriginalElevationFromOSM="false" isAnchor="false"><ele>118.4</ele></trkpt>
<trkpt lat="34.655165" lon="127.619714" sectionIndex="0" pointIndex="2450" originalElevation="122.0" isOriginalElevationFromOSM="false" isAnchor="false"><ele>117.2</ele></trkpt>
<trkpt lat="34.655165" lon="127.619769" sectionIndex="0" pointIndex="2451" originalElevation="122.0" isOriginalElevationFromOSM="false" isAnchor="false"><ele>115.8</ele></trkpt>
<trkpt lat="34.655165" lon="127.619823" sectionIndex="0" pointIndex="2452" originalElevation="122.0" isOriginalElevationFromOSM="false" isAnchor="false"><ele>114.4</ele></trkpt>
<trkpt lat="34.655164" lon="127.619878" sectionIndex="0" pointIndex="2453" originalElevation="122.0" isOriginalElevationFromOSM="false" isAnchor="false"><ele>113.0</ele></trkpt>
<trkpt lat="34.655164" lon="127.619933" sectionIndex="0" pointIndex="2454" originalElevation="122.0" isOriginalElevationFromOSM="false" isAnchor="false"><ele>111.6</ele></trkpt>
<trkpt lat="34.655164" lon="127.619987" sectionIndex="0" pointIndex="2455" originalElevation="122.0" isOriginalElevationFromOSM="false" isAnchor="false"><ele>110.2</ele></trkpt>
<trkpt lat="34.655164" lon="127.620042" sectionIndex="0" pointIndex="2456" originalElevation="97.0" isOriginalElevationFromOSM="false" isAnchor="false"><ele>108.6</ele></trkpt>
<trkpt lat="34.655163" lon="127.620097" sectionIndex="0" pointIndex="2457" originalElevation="97.0" isOriginalElevationFromOSM="false" isAnchor="false"><ele>106.9</ele></trkpt>
<trkpt lat="34.655163" lon="127.620151" sectionIndex="0" pointIndex="2458" originalElevation="97.0" isOriginalElevationFromOSM="false" isAnchor="false"><ele>105.2</ele></trkpt>
<trkpt lat="34.655163" lon="127.620206" sectionIndex="0" pointIndex="2459" originalElevation="97.0" isOriginalElevationFromOSM="false" isAnchor="false"><ele>103.5</ele></trkpt>
<trkpt lat="34.655162" lon="127.620261" sectionIndex="0" pointIndex="2460" originalElevation="97.0" isOriginalElevationFromOSM="false" isAnchor="false"><ele>101.8</ele></trkpt>
<trkpt lat="34.655162" lon="127.620315" sectionIndex="0" pointIndex="2461" originalElevation="97.0" isOriginalElevationFromOSM="false" isAnchor="false"><ele>100.0</ele></trkpt>
<trkpt lat="34.655162" lon="127.620370" sectionIndex="0" pointIndex="2462" originalElevation="97.0" isOriginalElevationFromOSM="false" isAnchor="false"><ele>98.2</ele></trkpt>
<trkpt lat="34.655162" lon="127.620425" sectionIndex="0" pointIndex="2463" originalElevation="97.0" isOriginalElevationFromOSM="false" isAnchor="false"><ele>96.4</ele></trkpt>
<trkpt lat="34.655161" lon="127.620479" sectionIndex="0" pointIndex="2464" originalElevation="97.0" isOriginalElevationFromOSM="false" isAnchor="false"><ele>94.6</ele></trkpt>
<trkpt lat="34.655161" lon="127.620534" sectionIndex="0" pointIndex="2465" originalElevation="97.0" isOriginalElevationFromOSM="false" isAnchor="false"><ele>92.8</ele></trkpt>
<trkpt lat="34.655161" lon="127.620589" sectionIndex="0" pointIndex="2466" originalElevation="97.0" isOriginalElevationFromOSM="false" isAnchor="false"><ele>90.9</ele></trkpt>
<trkpt lat="34.655160" lon="127.620643" sectionIndex="0" pointIndex="2467" originalElevation="97.0" isOriginalElevationFromOSM="false" isAnchor="false"><ele>89.0</ele></trkpt>
<trkpt lat="34.655160" lon="127.620698" sectionIndex="0" pointIndex="2468" originalElevation="97.0" isOriginalElevationFromOSM="false" isAnchor="false"><ele>87.2</ele></trkpt>
<trkpt lat="34.655160" lon="127.620753" sectionIndex="0" pointIndex="2469" originalElevation="97.0" isOriginalElevationFromOSM="false" isAnchor="false"><ele>85.3</ele></trkpt>
<trkpt lat="34.655160" lon="127.620807" sectionIndex="0" pointIndex="2470" originalElevation="97.0" isOriginalElevationFromOSM="false" isAnchor="false"><ele>83.5</ele></trkpt>
<trkpt lat="34.655159" lon="127.620862" sectionIndex="0" pointIndex="2471" originalElevation="68.0" isOriginalElevationFromOSM="false" isAnchor="false"><ele>81.7</ele></trkpt>
<trkpt lat="34.655159" lon="127.620916" sectionIndex="0" pointIndex="2472" originalElevation="68.0" isOriginalElevationFromOSM="false" isAnchor="false"><ele>80.1</ele></trkpt>
<trkpt lat="34.655159" lon="127.620971" sectionIndex="0" pointIndex="2473" originalElevation="68.0" isOriginalElevationFromOSM="false" isAnchor="false"><ele>78.4</ele></trkpt>
<trkpt lat="34.655159" lon="127.621026" sectionIndex="0" pointIndex="2474" originalElevation="68.0" isOriginalElevationFromOSM="false" isAnchor="false"><ele>76.8</ele></trkpt>
<trkpt lat="34.655158" lon="127.621080" sectionIndex="0" pointIndex="2475" originalElevation="68.0" isOriginalElevationFromOSM="false" isAnchor="false"><ele>75.2</ele></trkpt>
<trkpt lat="34.655158" lon="127.621135" sectionIndex="0" pointIndex="2476" originalElevation="68.0" isOriginalElevationFromOSM="false" isAnchor="false"><ele>73.6</ele></trkpt>
<trkpt lat="34.655158" lon="127.621190" sectionIndex="0" pointIndex="2477" originalElevation="68.0" isOriginalElevationFromOSM="false" isAnchor="false"><ele>72.1</ele></trkpt>
<trkpt lat="34.655157" lon="127.621244" sectionIndex="0" pointIndex="2478" originalElevation="68.0" isOriginalElevationFromOSM="false" isAnchor="false"><ele>70.6</ele></trkpt>
<trkpt lat="34.655157" lon="127.621299" sectionIndex="0" pointIndex="2479" originalElevation="68.0" isOriginalElevationFromOSM="false" isAnchor="false"><ele>69.2</ele></trkpt>
<trkpt lat="34.655157" lon="127.621354" sectionIndex="0" pointIndex="2480" originalElevation="68.0" isOriginalElevationFromOSM="false" isAnchor="false"><ele>67.9</ele></trkpt>
<trkpt lat="34.655157" lon="127.621408" sectionIndex="0" pointIndex="2481" originalElevation="68.0" isOriginalElevationFromOSM="false" isAnchor="false"><ele>66.8</ele></trkpt>
<trkpt lat="34.655156" lon="127.621426" sectionIndex="0" pointIndex="2482" originalElevation="68.0" isOriginalElevationFromOSM="false" isAnchor="false"><ele>65.7</ele></trkpt>
<trkpt lat="34.655156" lon="127.621426" sectionIndex="0" pointIndex="2483" originalElevation="68.0" isOriginalElevationFromOSM="false" isAnchor="false"><ele>64.8</ele></trkpt>
<trkpt lat="34.655153" lon="127.621481" sectionIndex="0" pointIndex="2484" originalElevation="68.0" isOriginalElevationFromOSM="false" isAnchor="false"><ele>64.1</ele></trkpt>
<trkpt lat="34.655149" lon="127.621535" sectionIndex="0" pointIndex="2485" originalElevation="68.0" isOriginalElevationFromOSM="false" isAnchor="false"><ele>63.5</ele></trkpt>
<trkpt lat="34.655145" lon="127.621590" sectionIndex="0" pointIndex="2486" originalElevation="68.0" isOriginalElevationFromOSM="false" isAnchor="false"><ele>63.0</ele></trkpt>
<trkpt lat="34.655142" lon="127.621644" sectionIndex="0" pointIndex="2487" originalElevation="68.0" isOriginalElevationFromOSM="false" isAnchor="false"><ele>62.9</ele></trkpt>
<trkpt lat="34.655138" lon="127.621699" sectionIndex="0" pointIndex="2488" originalElevation="50.0" isOriginalElevationFromOSM="false" isAnchor="false"><ele>63.1</ele></trkpt>
<trkpt lat="34.655135" lon="127.621753" sectionIndex="0" pointIndex="2489" originalElevation="50.0" isOriginalElevationFromOSM="false" isAnchor="false"><ele>63.5</ele></trkpt>
<trkpt lat="34.655131" lon="127.621808" sectionIndex="0" pointIndex="2490" originalElevation="50.0" isOriginalElevationFromOSM="false" isAnchor="false"><ele>64.3</ele></trkpt>
<trkpt lat="34.655127" lon="127.621862" sectionIndex="0" pointIndex="2491" originalElevation="50.0" isOriginalElevationFromOSM="false" isAnchor="false"><ele>65.3</ele></trkpt>
<trkpt lat="34.655127" lon="127.621863" sectionIndex="0" pointIndex="2492" originalElevation="50.0" isOriginalElevationFromOSM="false" isAnchor="false"><ele>66.7</ele></trkpt>
<trkpt lat="34.655120" lon="127.621880" sectionIndex="0" pointIndex="2493" originalElevation="50.0" isOriginalElevationFromOSM="false" isAnchor="false"><ele>68.4</ele></trkpt>
<trkpt lat="34.654880" lon="127.621830" sectionIndex="0" pointIndex="2494" originalElevation="50.0" isOriginalElevationFromOSM="false" isAnchor="false"><ele>70.5</ele></trkpt>
<trkpt lat="34.654610" lon="127.621710" sectionIndex="0" pointIndex="2495" originalElevation="50.0" isOriginalElevationFromOSM="false" isAnchor="false"><ele>72.7</ele></trkpt>
<trkpt lat="34.652320" lon="127.620480" sectionIndex="0" pointIndex="2496" originalElevation="72.0" isOriginalElevationFromOSM="false" isAnchor="false"><ele>75.2</ele></trkpt>
<trkpt lat="34.652000" lon="127.620350" sectionIndex="0" pointIndex="2497" originalElevation="72.0" isOriginalElevationFromOSM="false" isAnchor="false"><ele>77.9</ele></trkpt>
<trkpt lat="34.651190" lon="127.620060" sectionIndex="0" pointIndex="2498" originalElevation="80.0" isOriginalElevationFromOSM="false" isAnchor="false"><ele>80.5</ele></trkpt>
<trkpt lat="34.650980" lon="127.619980" sectionIndex="0" pointIndex="2499" originalElevation="89.0" isOriginalElevationFromOSM="false" isAnchor="false"><ele>83.2</ele></trkpt>
<trkpt lat="34.650770" lon="127.619870" sectionIndex="0" pointIndex="2500" originalElevation="89.0" isOriginalElevationFromOSM="false" isAnchor="false"><ele>85.9</ele></trkpt>
<trkpt lat="34.650600" lon="127.619750" sectionIndex="0" pointIndex="2501" originalElevation="89.0" isOriginalElevationFromOSM="false" isAnchor="false"><ele>88.5</ele></trkpt>
<trkpt lat="34.650410" lon="127.619570" sectionIndex="0" pointIndex="2502" originalElevation="89.0" isOriginalElevationFromOSM="false" isAnchor="false"><ele>91.0</ele></trkpt>
<trkpt lat="34.650170" lon="127.619310" sectionIndex="0" pointIndex="2503" originalElevation="107.0" isOriginalElevationFromOSM="false" isAnchor="false"><ele>93.4</ele></trkpt>
<trkpt lat="34.649670" lon="127.618720" sectionIndex="0" pointIndex="2504" originalElevation="115.5" isOriginalElevationFromOSM="false" isAnchor="false"><ele>95.7</ele></trkpt>
<trkpt lat="34.649670" lon="127.618720" sectionIndex="0" pointIndex="2505" originalElevation="115.5" isOriginalElevationFromOSM="false" isAnchor="false"><ele>97.6</ele></trkpt>
<trkpt lat="34.649580" lon="127.618610" sectionIndex="0" pointIndex="2506" originalElevation="124.0" isOriginalElevationFromOSM="false" isAnchor="false"><ele>99.2</ele></trkpt>
<trkpt lat="34.649470" lon="127.618540" sectionIndex="0" pointIndex="2507" originalElevation="124.0" isOriginalElevationFromOSM="false" isAnchor="false"><ele>100.4</ele></trkpt>
<trkpt lat="34.649370" lon="127.618340" sectionIndex="0" pointIndex="2508" originalElevation="123.9" isOriginalElevationFromOSM="false" isAnchor="false"><ele>101.3</ele></trkpt>
<trkpt lat="34.648450" lon="127.616490" sectionIndex="0" pointIndex="2509" originalElevation="123.0" isOriginalElevationFromOSM="false" isAnchor="false"><ele>101.9</ele></trkpt>
<trkpt lat="34.648220" lon="127.615970" sectionIndex="0" pointIndex="2510" originalElevation="107.0" isOriginalElevationFromOSM="false" isAnchor="false"><ele>102.2</ele></trkpt>
<trkpt lat="34.647940" lon="127.615430" sectionIndex="0" pointIndex="2511" originalElevation="107.0" isOriginalElevationFromOSM="false" isAnchor="false"><ele>102.2</ele></trkpt>
<trkpt lat="34.647840" lon="127.615190" sectionIndex="0" pointIndex="2512" originalElevation="111.0" isOriginalElevationFromOSM="false" isAnchor="false"><ele>101.9</ele></trkpt>
<trkpt lat="34.647790" lon="127.615000" sectionIndex="0" pointIndex="2513" originalElevation="81.0" isOriginalElevationFromOSM="false" isAnchor="false"><ele>101.4</ele></trkpt>
<trkpt lat="34.647770" lon="127.614550" sectionIndex="0" pointIndex="2514" originalElevation="81.0" isOriginalElevationFromOSM="false" isAnchor="false"><ele>100.8</ele></trkpt>
<trkpt lat="34.647770" lon="127.614350" sectionIndex="0" pointIndex="2515" originalElevation="80.0" isOriginalElevationFromOSM="false" isAnchor="false"><ele>100.1</ele></trkpt>
<trkpt lat="34.647789" lon="127.614225" sectionIndex="0" pointIndex="2516" originalElevation="80.0" isOriginalElevationFromOSM="false" isAnchor="false"><ele>99.2</ele></trkpt>
<trkpt lat="34.648143" lon="127.613199" sectionIndex="0" pointIndex="2517" originalElevation="107.0" isOriginalElevationFromOSM="false" isAnchor="false"><ele>98.2</ele></trkpt>
<trkpt lat="34.648140" lon="127.613190" sectionIndex="0" pointIndex="2518" originalElevation="107.0" isOriginalElevationFromOSM="false" isAnchor="false"><ele>97.2</ele></trkpt>
<trkpt lat="34.648190" lon="127.612880" sectionIndex="0" pointIndex="2519" originalElevation="107.0" isOriginalElevationFromOSM="false" isAnchor="false"><ele>96.1</ele></trkpt>
<trkpt lat="34.648280" lon="127.611470" sectionIndex="0" pointIndex="2520" originalElevation="98.0" isOriginalElevationFromOSM="false" isAnchor="false"><ele>94.8</ele></trkpt>
<trkpt lat="34.648280" lon="127.611160" sectionIndex="0" pointIndex="2521" originalElevation="98.0" isOriginalElevationFromOSM="false" isAnchor="false"><ele>93.6</ele></trkpt>
<trkpt lat="34.648280" lon="127.610890" sectionIndex="0" pointIndex="2522" originalElevation="97.0" isOriginalElevationFromOSM="false" isAnchor="false"><ele>92.2</ele></trkpt>
<trkpt lat="34.648170" lon="127.609040" sectionIndex="0" pointIndex="2523" originalElevation="93.5" isOriginalElevationFromOSM="false" isAnchor="false"><ele>90.9</ele></trkpt>
<trkpt lat="34.648170" lon="127.609040" sectionIndex="0" pointIndex="2524" originalElevation="93.5" isOriginalElevationFromOSM="false" isAnchor="false"><ele>89.3</ele></trkpt>
<trkpt lat="34.648150" lon="127.608530" sectionIndex="0" pointIndex="2525" originalElevation="90.0" isOriginalElevationFromOSM="false" isAnchor="false"><ele>87.6</ele></trkpt>
<trkpt lat="34.648160" lon="127.608310" sectionIndex="0" pointIndex="2526" originalElevation="90.0" isOriginalElevationFromOSM="false" isAnchor="false"><ele>85.9</ele></trkpt>
<trkpt lat="34.648030" lon="127.607940" sectionIndex="0" pointIndex="2527" originalElevation="90.0" isOriginalElevationFromOSM="false" isAnchor="false"><ele>84.1</ele></trkpt>
<trkpt lat="34.647990" lon="127.608140" sectionIndex="0" pointIndex="2528" originalElevation="90.0" isOriginalElevationFromOSM="false" isAnchor="false"><ele>82.5</ele></trkpt>
<trkpt lat="34.647990" lon="127.608140" sectionIndex="0" pointIndex="2529" originalElevation="90.0" isOriginalElevationFromOSM="false" isAnchor="false"><ele>80.9</ele></trkpt>
<trkpt lat="34.647920" lon="127.608280" sectionIndex="0" pointIndex="2530" originalElevation="90.0" isOriginalElevationFromOSM="false" isAnchor="false"><ele>79.3</ele></trkpt>
<trkpt lat="34.647780" lon="127.608670" sectionIndex="0" pointIndex="2531" originalElevation="67.0" isOriginalElevationFromOSM="false" isAnchor="false"><ele>77.6</ele></trkpt>
<trkpt lat="34.647670" lon="127.608950" sectionIndex="0" pointIndex="2532" originalElevation="67.0" isOriginalElevationFromOSM="false" isAnchor="false"><ele>75.9</ele></trkpt>
<trkpt lat="34.647310" lon="127.609670" sectionIndex="0" pointIndex="2533" originalElevation="67.0" isOriginalElevationFromOSM="false" isAnchor="false"><ele>74.0</ele></trkpt>
<trkpt lat="34.647180" lon="127.609900" sectionIndex="0" pointIndex="2534" originalElevation="67.0" isOriginalElevationFromOSM="false" isAnchor="false"><ele>72.2</ele></trkpt>
<trkpt lat="34.647127" lon="127.609957" sectionIndex="0" pointIndex="2535" originalElevation="67.0" isOriginalElevationFromOSM="false" isAnchor="false"><ele>70.5</ele></trkpt>
<trkpt lat="34.647130" lon="127.609960" sectionIndex="0" pointIndex="2536" originalElevation="67.0" isOriginalElevationFromOSM="false" isAnchor="false"><ele>68.9</ele></trkpt>
<trkpt lat="34.647050" lon="127.610040" sectionIndex="0" pointIndex="2537" originalElevation="67.0" isOriginalElevationFromOSM="false" isAnchor="false"><ele>67.3</ele></trkpt>
<trkpt lat="34.646970" lon="127.610080" sectionIndex="0" pointIndex="2538" originalElevation="67.0" isOriginalElevationFromOSM="false" isAnchor="false"><ele>65.8</ele></trkpt>
<trkpt lat="34.646830" lon="127.610200" sectionIndex="0" pointIndex="2539" originalElevation="46.0" isOriginalElevationFromOSM="false" isAnchor="false"><ele>64.4</ele></trkpt>
<trkpt lat="34.646770" lon="127.610270" sectionIndex="0" pointIndex="2540" originalElevation="46.0" isOriginalElevationFromOSM="false" isAnchor="false"><ele>63.1</ele></trkpt>
<trkpt lat="34.646640" lon="127.610540" sectionIndex="0" pointIndex="2541" originalElevation="47.0" isOriginalElevationFromOSM="false" isAnchor="false"><ele>61.8</ele></trkpt>
<trkpt lat="34.646567" lon="127.610640" sectionIndex="0" pointIndex="2542" originalElevation="47.0" isOriginalElevationFromOSM="false" isAnchor="false"><ele>60.6</ele></trkpt>
</trkseg>
</trk>
</gpx>